term_str,PC0,PC1,PC2,PC3,PC4
king,-0.054915638503178536,-0.06713725609889423,0.05245707516816062,-0.024711782653905473,-0.02682211006603109
man,-0.010365641962117728,-0.0023072361434104474,-0.004563628307558985,-0.0031203977418440693,0.0034674727369358865
old,0.001095815608444813,0.003783543492755771,0.005072150468967982,-0.0028712661766289666,0.0012103759098006344
we,-0.001010534378734445,0.010684416456702314,0.003220990565814895,-0.0032240680364601297,-0.0008704143149200185
upon,-0.0030116342893473503,-0.0015525153238794027,-0.004637082075867165,0.009472642950577304,-0.0009080745784914424
father,-0.01830318145858223,-0.005424551632009494,0.00528313038432153,0.0022294429489702733,0.005651068614142651
himself,-0.0016929705729399995,0.00010536087447302526,-0.001250726089899914,0.0029883408016911205,-0.0012076994250152318
shall,-0.004417604970363969,-0.00018375493272972763,-3.544022481935261e-05,-0.0014713375904561806,-0.0036646802770829864
take,-0.0018629201196588084,0.0004945049133363495,0.0009615036704807538,0.00039321972730263374,-0.0033908988708503136
cried,-0.0002512352416929077,0.004389685533616812,-0.0012721392782195128,-0.0004095141144789388,-0.0030826118853487664
mother,-0.00422163510398763,0.028888716325492687,0.021656414895872264,0.008065193725863232,-0.0018483122960801
great,-0.0030714878003652,-0.0004366099501532695,0.0005849379242757359,-0.0004948414296296253,-0.004693993868941852
am,-0.001845966319909924,-0.0011126218303142167,-0.0012856685454760556,-0.0004942393613621318,-0.004050296031570898
wife,-0.006692297954388859,0.004531360529920136,-0.006580201668560455,-0.0007176098554841443,-0.014737076564455928
give,-0.002688028138454266,-0.0022660347443160637,-0.003529793102409236,0.0022835919084343236,-0.0006940117855626839
over,-0.0026656346862131974,-0.00010546068198448379,0.0013098568464694892,-0.0003636754653107634,-0.0015939116655604162
two,-0.004602953519958853,0.0013007439084533256,-0.0028039210900360793,-0.001391226309358316,0.006525069335410877
more,-0.0015688081545179439,-6.905436008742158e-05,-0.0015317126557404196,-0.0010691125852041383,-0.002508184662397262
put,-0.004521152498860735,-0.003316189013810449,0.0017026325627057294,0.003031945577490803,-0.0033206317921591435
door,0.0005966867493534294,0.0017106879341810518,0.0026654726646638495,0.006371333432090911,-0.0016403187214973308
has,0.002656513741239817,0.0027332340066891885,0.0012340597727058978,-0.0010411383902680703,-0.0017387362435855582
fell,-0.003293482398035966,-0.0008774194759003523,-0.00046867172316319397,-0.0022981181062675386,-0.0014852618089378927
asked,-0.0041282450409601225,-0.003040139614784144,-0.00026324630522810014,-0.002230989907806451,-0.00015999496400827848
still,-0.0030256966258331917,0.002648201401654474,0.0018419471934728081,-0.003177949238582882,0.0010185922171534315
or,-0.0017318721387360907,-0.0009225296286735159,-0.001231071271663573,-0.0010653068849770199,0.0004837900400683348
till,-0.00235859921834914,-0.0038307900358669723,-0.002742115824486638,0.008021030459723053,-0.0019122210726983573
like,-0.0023869824725537537,0.000504844867864126,0.002717017150546293,-0.0014146083080598193,-0.0020202633454182127
beautiful,-0.010285988533773448,-0.007479643369125983,0.006791951467973188,-0.0030667077274218694,0.0007385431590477187
nothing,-0.0030879167418108996,0.0006217012294515691,2.2425191059548475e-05,-0.0022309524808185265,0.0007094227959610302
get,-0.000198206886604673,0.0034852058077667115,-0.00039408685890145737,0.0019933479268408358,-0.0008354483333548937
however,-0.001964870168436702,0.0013993950701159826,0.0016725248719074678,-0.0022364355489641555,-3.044242889990908e-05
found,-0.005155652455873958,0.0012386460443723265,-0.0013310924656065681,0.004386012544161685,0.004142540267642093
ran,-0.0006527398448723357,0.005883482391595386,-0.0035904592095205214,0.00320139807105709,-0.00429492388523523
made,-0.003146918755942874,0.0013665152852580585,0.00147864331518804,-0.0007209506448560096,-0.0013145409774560067
bird,0.005062133511304182,-0.0005871827212526622,-0.010082449187085939,-0.012617029004109622,0.008955222894436145
head,-0.00039564200707377145,0.0017580691044912266,-0.00196342105673952,0.0026357713970739404,-0.005707295485121135
set,-0.0031121602724885396,-0.0021141681195886797,-0.0031006293879577854,0.0039444559064734696,0.0026226189347491264
son,-0.014941034341261487,-0.02158593400154749,0.00953536389015488,-0.012958224747186614,-0.002853730679054749
answered,-0.0007173060859742786,0.0030780763561836905,-0.004289044542564594,-0.004163099527101901,-0.0026194453751528022
looked,-0.003127452148771798,-0.0007111834250349944,-0.001684033847184228,-4.4704727949532045e-05,0.00028466174158787376
heard,-0.0023267830008356287,-0.0011418403564557142,0.001702518566465055,-0.0013570619717594614,0.00037286543525908176
got,-0.002820220874496133,0.0021197464028395036,-0.0003140989363587529,-0.0005127627254189961,-0.0032200812794292355
water,-0.00422720100346233,-0.000795862899953155,0.0017696722685024743,-0.0008317375132978182,0.004273156336389177
gave,-0.0039802424655403495,0.0011001376297073897,-0.0026283494245055673,0.0035944980397742804,-0.001425679999652707
house,0.0023736942667771997,0.008155209548194549,-0.0005415853396894648,-0.001786045479698955,-0.0050784977361071635
too,-0.002632720876557884,-0.0006096110616071357,-0.0013804660529150932,0.0004673698990317782,-0.0006953709788231301
here,-0.0010488448112674332,0.0030512196730459362,0.0001222274422025371,0.000667249016193011,-0.0015063473429450297
than,-0.0017122264355964574,-0.0006084456111327893,-0.0027800743223423538,0.003046267076712138,-0.002740251133806767
princess,-0.018985683689700092,-0.043447143075475675,0.011533019731715105,0.03671542375499174,-0.01090759519982012
never,-0.0025647955713016183,0.0008749742895890035,0.0031026870386538364,-0.0017231739355307444,-0.00037747725074518414
told,-0.0029826978472986686,-0.0007294231550895717,-0.0013919847222992824,0.003246219637338311,-0.00203099278376227
morning,-0.00310509067760666,0.0016721721557370517,0.001238177780695953,-0.00033832141682673376,0.0009397279044164486
first,-0.0023981276361160135,0.0003045603458971403,-0.003166528350985147,0.0001712537732765249,0.0005373977353379996
woman,-0.01080713684780527,0.02442379858623284,0.002788722258864076,-0.021386578595728553,0.002390374249720666
night,-0.005645612327089254,-0.0013768087719019267,0.0017988090484087765,0.0003862646439289463,0.001626014093853814
much,-0.0011228239362654395,-0.00021825754143993756,-0.0013494708449714554,0.0018904165623802878,-0.00014628542364589705
together,-0.001503061975175398,0.0014805023721350188,-0.0035961197373221413,-0.0009961485613108815,0.002433019913849908
three,-0.008033600843496087,-0.0021502815449907136,-7.484589987144328e-05,-0.00033560785904486907,0.006868334507167674
called,-0.0024030132212112237,0.0033233371234164272,0.0036864103424632893,0.00178552452059962,-0.0019279821903983333
daughter,-0.01391451320681475,-0.008327912774407458,0.008998125707637939,-0.008432016636043259,-0.000741486966241469
eat,0.0016561681056442637,0.002639109308169235,-0.0052368616194771195,-0.0025751395644321765,-0.0009936262219529496
brought,-0.0038734983998820376,-0.0027275912578635948,0.0029198826855837082,-0.0012722747703383204,-0.000596690355182798
herself,-0.0029305090716233704,0.0014514457544357996,0.00380862361222527,-0.0015672459716567881,-0.0022604002663817622
know,-0.001422272584989946,0.0002565659349841519,-0.0022985840213886185,-0.0005219243978259157,0.001186517553182381
poor,-0.0006522029155173804,0.0025013537924772743,-0.002261191104740537,0.004216352541259894,0.0004952606429663516
just,-0.0012997878192843413,0.0035601184204425997,1.990599773297637e-05,-0.004275176235114227,-0.001138655886634655
gold,-0.005313913577353258,0.0011864956480180215,0.0008012171051573816,-0.0012688175828761807,-1.603664521362521e-06
golden,-0.007645001645423227,-0.023267724671946287,0.012855615986846203,0.0003438958404456092,-0.008274502507713057
quite,0.0006260526749673188,0.001372565519822741,-8.778426958916513e-05,-0.0017936362499009551,-0.0011354730128644024
horse,0.015749763371581686,-0.023484928877544865,-0.0010128009192874605,0.021211045300874493,-0.032564197040073434
tree,-0.002666007773195169,0.0014370186389070327,0.005698343616941626,-7.505441423689047e-05,0.0062357302538134625
might,-0.0028086274610770214,0.0015015589114308755,-0.0010447062153711125,-0.0005718354200438584,0.00044455379572836946
round,-0.006218075792982264,-5.687076383106676e-05,-0.0002356202623825256,-0.0026407883670463523,0.003925875116394432
forest,-0.004706984994399259,0.012172447591543662,0.022002136256689876,-0.02377808509003896,0.015954260009902556
next,-0.00577379402592865,-0.0009600268499735304,4.465199210598281e-05,0.001045283533994387,-0.0007511765510719123
done,-0.002302939810409402,-0.0014738810712599188,-0.0007439322165350299,0.001221563393873604,-0.0007247436999132948
child,-0.004731462291677304,0.007495448500370025,0.0045144097375399385,-0.007792088264175523,-0.004430033088622968
fox,0.16308219872736054,-0.07684520832580152,0.02177499010493505,-0.005848410194862227,0.014116610076206225
may,-0.0014142891206612729,0.0026326789325125896,6.085005951327599e-05,0.0023747140152186653,-0.005000392642247673
lay,-0.002620098592543634,0.003875820026529278,0.003049749733858419,-0.003260559476252346,0.00013660759658429413
castle,-0.013756559407696264,-0.01119020987546876,-0.012007989123444857,0.003991484283244621,0.015269228719352775
left,-0.0019463704882092892,-0.0011553487915751534,-0.0011916129687552439,-0.00021203482504412286,-0.0009610647367073564
through,-0.006922170429481118,-0.0014215543622697674,0.0035681802192658657,0.003926349785346331,0.0016335831870128836
wood,0.0013505496372397056,0.003020127061415713,-0.0008630471721380701,0.0034827496990941635,0.003043896770678604
any,-0.003154588741116968,-0.0008229375681735277,-0.0009132757836866341,0.0008970647564720118,-0.0002463798549763332
make,0.0004282920607614017,0.0013781254669141458,-0.003566787723635268,0.001502045704865551,-0.004590930357232618
stood,-0.004165392700111474,0.00094186383063041,-0.0002522793615629483,-0.0013438600103329874,0.0020616651815366037
children,0.0025817634888158658,0.040328932767415795,0.05260878571930886,-0.012872392365547743,0.04055050922526796
us,-0.001336511822064581,0.007824362600161026,0.0006043830886856859,0.0021383080447073756,-0.0026533245638412526
cut,-0.003559618175926641,0.005160497003049405,-0.0010275932029912465,-0.002641929929461292,-0.001493480085957187
each,-0.005458861566706208,0.0011377470921626305,0.0019198025834547337,0.0017997202114485307,0.01363461435649459
young,0.002262562040772938,-0.005701447117082558,0.0035811965436112845,0.0001237923960315754,0.007489150356245982
queen,-0.017955756648583333,-0.01622837724024974,0.022932929593657024,-0.0035691934333541503,0.009168111707610208
such,-0.0024187059240300987,0.00039848253999172036,-0.001322931116941805,0.0007800496531608773,-0.0016506285405275742
find,-0.00416203520515355,0.0016608816265736262,-0.0037255175806528793,0.0032144996962436864,0.0033063509617159096
going,-0.001582723591817474,-0.00038054028121060153,0.001868689205253193,0.001973285188907721,-0.0013460049352966928
hand,-0.005113988481224917,-0.000550517595080814,0.0019169657717931369,-0.0006855360851249627,-0.0027268700043800538
bed,-0.006164525024820845,0.006505198932533496,0.009229408984821691,0.0012996299379764288,-0.004395055121207747
bring,-0.003467021843672291,0.0013073877829392886,-0.002084263090841674,0.0018772844316183616,-0.0020628174171197543
another,-0.001167129768601523,-0.000267980725641551,-0.0011546400483077473,-0.0002703250608393605,0.00034884894227910925
heart,-0.0036365620629208954,-0.0007873982899917955,-0.0006865512318946353,-0.0018507752410388766,-0.0008710994689326169
behind,-0.0011510747189770606,0.002108285221253372,-0.0005473882441745975,-0.0023250605305615234,-0.0006280527595045658
every,-0.0026570013343143227,0.0008515208296785441,0.006448852743281587,0.0007465583419004545,-0.000944896457768418
fast,0.0014930076139570304,-0.0037131573940259025,-0.0006187144541490863,0.0021751972310633558,-0.001600673225602428
look,-0.0009853224547505409,0.0019750532869397875,-0.0005282997468260797,-0.0006028722651556178,-0.0007789500865222393
wolf,0.04808436729837761,0.08697368741332892,0.08195453518318815,0.050590545189121545,-0.033652331986463786
fire,-0.0032491531821412533,0.008801732867646607,-0.009262296693110884,-0.014446180656126456,0.004965905694678333
boy,-0.01661481330315095,-0.007875914867134546,0.012658874851516627,-0.027718941641541726,-0.00791772998600617
while,-0.0019079926650673164,0.0009828095790411252,-0.004764907023225168,0.0036009841507426694,-0.00437512697827474
gone,-0.0022958262971309253,-0.0001381437232555902,-0.00013411207661847817,-0.0013699846254728552,-8.272759801640065e-05
evening,-0.0028465504609421835,0.002299456979754316,0.0003869448640983997,0.001862080521223621,-0.0012977013029870973
cat,0.08384305813124737,-0.009499680937835422,-0.010383931371365248,-0.015096028711083669,-0.005547282832421604
tell,-0.0030158769340612687,-0.00036302430422995556,-0.0004244058336795405,0.004261563096742318,-0.0009028039631339439
under,-0.0023013957411810028,-0.0009809261799681708,0.00048612801920378424,0.0007872074574470832,0.001945673155014907
something,-0.0017087191310024947,0.008076164949384521,-0.003242692555289985,-0.0002497118920248256,-0.0020749444390824293
prince,-0.021691164991575557,-0.027679286183757205,0.00685907829238008,0.03499250816499824,-0.006997827813836224
work,-0.001670286334099407,0.00012928450064583272,-0.003717410262712605,0.000636565899565892,-0.007712382276959606
laid,4.4404500466922363e-05,0.002430008859993912,-8.658582713184783e-05,0.00022801591527093633,-0.00020485151063983872
white,-0.006487873828226311,0.002757873697915915,0.006341332266517539,-0.000713685534280579,0.0012719495033097603
asleep,-0.006313398147921248,-0.0019046191433668533,0.004377801433922934,-0.0035621937723267928,-0.00022012765460450559
world,-0.0015768682440262445,-0.00045806642364936985,-0.001478364961584857,0.0030610176163411054,-0.0001439171083319312
eyes,-0.0020675075968990325,0.00040867255564288,2.5329165473068598e-05,-0.003799102169931323,-0.002431100294974148
cook,-0.012817019027552378,-0.0012349082665816457,0.018440904541611534,-0.023037294913706187,-0.004000442231009383
dwarf,-0.018062725137951822,-0.006576229797730583,-0.00045684974462100055,0.03184866845995505,0.061427733649973004
flew,0.0016010670445852548,-0.0010783759877866634,-0.0006586324530164377,0.002694799231868492,-0.0006857420623053189
until,0.00042758328997475736,0.0033082196550204344,0.007778589386667128,-0.009506990484794831,0.0025721524729036722
sitting,-0.0022003440167458867,0.000728450701267795,-0.0019366670966653365,-0.0029099280796327925,0.004461001918482826
girl,-0.008007187202345369,0.020760513430674248,0.004935098201783889,-0.007479281835071072,-0.0027852827883154724
own,-0.005236062527419122,-0.0010578453911223081,0.0011819911296905119,-0.0010663947776620667,-0.0026492886561101992
life,-0.004894410023315387,-0.007845930609093697,-0.0043291256141471095,0.004813036120858399,0.0019002128993769111
dead,0.003479850994801185,-0.0023086271099880297,0.0023173072850457524,-0.001116220913394515,-0.00018156539093410091
why,-0.0019899207338417014,0.00126959527222436,-0.0004359873640598517,0.00016495214454313202,-0.001092936019054214
side,-0.0027894881025178264,-0.0017183958680909617,-0.00016361934111329797,0.0033337691904060584,-0.003943135008503819
dear,0.00019629739168629343,0.003783657542848115,0.007307988839306383,0.0020584616828800296,-0.0014417690288298626
wanted,-0.006323587582352637,0.002804365442232843,0.002437865395971978,-9.668665093127183e-05,0.00438664430210594
hair,-0.009902782913041286,-0.012675554404783759,0.014347232759911318,-0.014430033120733805,-0.016264748788242505
open,0.00213644168596969,0.0021107114147694314,0.00781453285856941,0.006797624167100598,-0.0016509791670163817
bride,-0.007761106017159323,-0.013720749311537798,0.00789608256313997,0.00373244444710462,-0.022502251941480134
ah,-0.002083358275781819,0.0008045623262083703,-0.0016553179902999782,-0.005053544568633118,-0.007759758760252393
care,-0.0015410258087672746,0.0007807298691903436,0.000515015073665236,0.004388846668080952,-0.00269842815658781
knew,-0.004680582140024902,-0.0026140113843368764,0.0007048649383805817,0.0030482424617359993,-0.0013996882618017232
run,0.0010757580924807518,0.004795565013068713,0.0010518451032825674,-0.0004217754004898448,-0.0013834905780404096
many,0.0008322494951190312,-0.0024696632933017162,0.001880048100079405,0.003958750364534998,0.002944596422933871
fine,-0.002106262474173684,-0.0017521469719067064,-0.00067705990501083,0.004669521762523828,-0.0024362928778571312
say,-0.0033549144594357217,0.0015491079700496679,-0.0010708113717782,-0.0009158056419857897,-0.0031271267321379254
oh,0.0023332881425492985,0.0034713708963468753,-0.006026510514202638,-0.0011129415951424135,-0.0002898852921454222
full,-0.0004231921794381737,0.00012047499468234861,-0.00045062173824586153,-0.0013906713232210547,0.0014437517641302082
yes,-1.5443730461789133e-05,-0.0008131070127707573,-0.004055917033764575,-0.006313809605180417,-0.0036696412210893733
without,-0.0029788887951934817,0.0009267510915941376,-0.0009205212229980012,-0.0003858122637354762,-0.0007768554171926078
enough,-0.004306980153847705,0.0011280888984227845,-0.008720336846892402,0.002624729041504586,-0.005834963534552939
want,0.000851572064085697,0.00059651412560435,0.0012900424170881077,0.003725710701649106,-0.00558582325187085
seven,-0.011581583109898564,0.0020081367587082865,0.005446299863997142,0.009948869738488431,0.018035258364115396
happened,-0.0019268248354456375,-0.004043710353457131,0.001612923626200262,0.0002410833760177383,-0.002669459371501631
master,0.01174240456998959,0.009604449510169803,-0.022951489345975216,0.0034466658003885183,-0.009099727432297401
thing,-0.0028477628049046037,0.0028656952984712934,-0.0017733766217911202,0.00517807153996025,-0.003807827990130435
third,-0.004461857808156084,-0.002156623758429922,0.0004003731820428184,0.000997585922847983,0.002573330965944534
wished,-0.0027876292926424543,-0.0028132948492559495,0.00202902965887211,-0.001375921774574109,-8.886027590741681e-05
better,-7.446312706390921e-05,0.0028734206167774605,-0.0019246168522985155,0.003366029406074063,-0.0007185562770114448
whole,-0.0043126784883359805,-0.00018719331380960593,0.0013845754701411305,-0.003236026135689249,0.0028403028119098573
longer,-0.0015338913941313188,-0.0008653955874273403,-0.0008693940698765812,0.0004083201724980931,0.00046598760958563263
t,-0.0013147366023700314,0.0057663594704641784,-0.0029764411666978667,0.0023073777215355936,-0.005374944762929463
leave,-0.002727663948723896,0.0008094276896080681,0.004072548610900242,-0.0017003148850448931,0.004283194644560412
yet,-0.0015206297272947642,0.00026084696477094723,-0.004273279175015678,0.003031725050296713,-0.004191033045221529
thou,-0.01081365627242685,-0.013649602927561871,-0.006892368394227151,0.03295947085001079,-0.014825905634158884
lived,-0.0023573264020024165,-0.0021539282437412874,0.0005146222037370657,-3.6824257057060376e-05,-0.0026620238987424107
room,0.002079755253683476,0.0013561651971374614,0.0005217670920381761,-4.764066408479928e-05,-0.0013452923002625415
money,-0.004798445904534667,0.003540148734111146,-0.01843369299499586,0.005455590840720562,-0.004076810350540154
its,-0.0027792942392169426,-5.4723279197864715e-05,0.0022032717214834235,-0.0034120282797284285,0.0031725071550821257
window,-0.0018925460377151205,0.00021801426737127016,0.0009352729434475234,-0.004228890647779729,-0.004599686141045983
think,-0.0017506408827560904,0.0017385108503935852,-0.0003496600697127787,0.0015976563327534078,-0.002542504066945983
husband,-0.005371126728848653,-0.002761402233930542,-0.003597544411646894,-0.004775217266959468,-0.012772275700118067
drink,-0.005330240780213039,0.002390587483822028,-0.0031543954060716797,0.002114534698891561,0.0010271820214477212
sun,-0.007817520425498303,-0.0035586077937211436,0.0029794807715625,0.0019890016292821327,0.0023227061256235228
thus,-0.006447806595604901,-0.00489785919331157,0.0014481385073275633,0.0014188263450471718,-0.0014606454500317337
our,-0.0013017034797916578,0.0014479890372691047,0.002073214984124508,0.003021525206329638,-0.002084454686124941
right,-0.004148167500191757,-0.0005120888735985797,-0.002827670823567734,0.0021635984680547274,0.0009802339345300148
help,-0.004191051460149752,-0.0010749498092578781,0.00251675707401062,-0.0018442074394469197,0.0004870817705196884
garden,-0.007722963809589318,-0.007254654324684504,0.0033521071821760533,-0.007179472696985991,-0.007375238986412737
seen,-0.004259790693685825,-0.002278899609959544,0.0016850571008113287,0.0016674633603906647,-4.0157409759172646e-05
anything,-0.003661981067931728,0.0027823088011260104,-0.0019468315277919618,-0.0029509176569767876,0.0016324017809607255
sent,-0.003992344322768404,-0.0026500360064673333,0.005217480444099037,-0.0024966402331480487,0.0004971587747851439
given,-0.003323979337889912,-0.002563376585396383,0.001207651054574163,0.0007912439668759871,-0.0008487604462249112
keep,-0.0035170656638906415,-0.0002996289473682243,-0.0016326009796754038,-0.004453692159799227,-2.8764372135702822e-05
replied,0.0019991559590973595,-0.0011730416284744844,-0.0014681475791306108,-0.007390457547620864,-0.001284031619496509
rest,-0.002981640023303846,-0.0012626993981400267,-0.001241236687248588,0.002641925025608204,0.0015830099412938608
turned,0.00023841156669890344,-0.0023872138859159643,-0.004908543275425066,0.0039007165026362024,0.0050114512659074914
sprang,0.0005310793262334131,0.0037061936277299028,0.0023848968610072265,-0.0007269580204305384,-0.0018603947066572004
threw,-0.002876727267168456,4.550964866735069e-05,0.0006242735282604863,-0.004332497879077535,-0.0009487413203931336
everything,-0.0022471528138140536,0.0011650043838357148,0.0008738637164079796,-0.00019427352125629384,-0.0013916681398270657
bread,-0.0032418906436937943,0.005119312630820865,-0.0008609456616196781,-0.0016825917427727068,0.0049909790122082244
bear,0.012890334805651556,0.013268422992730473,0.036451388806425754,0.004676758820445833,0.03381025470163927
brother,-0.008961383395468443,-0.00843761176683682,-0.006384657733241874,0.0208957919587528,0.015778097454764863
second,-0.0027788984998555364,0.0005668112688291728,-0.0030696074515309387,0.0037196439011526485,0.005010116665883717
carried,-0.0022561214052536182,-0.0007339164790596398,0.0021888407284843744,-0.0015123106033565746,-0.00019655556399525475
face,-0.004241817177136,-0.003637782677750028,0.00451899845483147,-0.0031074054653134225,-0.0042868866102978844
wine,-0.006718190471705569,0.008157505347243407,-0.010139957285129265,-0.0018824740168492547,0.00032171395210211416
people,-0.0008467381995614288,-0.001356196574453068,6.544438841964337e-06,0.00015545657796631857,0.0014841107063696026
wish,-0.006617392155148568,-0.0026423643866280303,0.003425743911469041,0.001116200386062767,-0.0031612579921506956
years,-0.005153537847906456,-0.006117787867569308,0.0004966845715932208,0.003229963329004035,-0.0001649014221810004
red,0.0025096145326760806,0.0004153451344189492,0.0032312650075882686,0.001218130180864197,0.0017122890697297518
themselves,-0.0028873593622611997,-0.000818618000392601,-0.0009574995217810836,0.002519757864927026,0.005658086582054104
twelve,-0.015513599595581587,-0.025050734863812214,0.013736032844914564,0.0015947419113154413,-0.0017259291529692843
same,-0.004655738148375208,-0.003603972833691806,0.0007425114194928939,0.0036779424033190422,-0.0009435703217743099
these,-0.0022318423663659766,-0.00031019807734459213,-0.0019729397063122187,-0.00522675399026983,-0.0001776270844385668
table,-0.0036127805308873735,0.005231203499482387,-0.009921182250438589,-0.003368686914558765,0.003951449320511922
became,-0.0011325482732763195,-0.0005047053062872203,-0.002410936586622806,0.0017594662276701916,0.0003614152667534571
led,-0.004776625271218871,0.0008411752201956141,0.0014419487208062872,-0.0030959090193634626,7.913727992832633e-06
carry,-0.0013135962769044228,0.0010831793194875901,-0.0012183994248615758,0.0011801373132733371,-0.0005743542544189785
place,-0.003502321903547407,0.0013406360453417942,-0.0018731043190771334,-0.001933334592802452,-0.0025018980386290403
always,-0.001635464775754384,0.0013439304557294235,-0.00012736720986357005,0.001540822034703261,-0.002729203028375202
sleep,-0.0005461118657870054,0.002165011854203977,0.0008424085655025734,3.7574025858430126e-05,-0.0014409207811974818
dog,0.006934762756502368,0.008182379414513092,-0.02063001513117824,0.0021906511344035274,-0.019741342848335865
also,-0.00332234545144402,0.0009890942199462082,-0.0016213925180445469,-0.002781846759361144,0.0009708410353589459
standing,-0.003408761136014135,-0.0015500666857159644,0.0015229275625054403,-0.0028260502589143636,-0.0024621346320031928
huntsman,-0.012602549572511439,-0.00568593390892364,0.003780158711245554,-0.006753876606936746,0.007322721432957611
true,-0.004122758290768967,-0.003405418202404323,0.002353970859143929,0.006247846928625391,-0.005986428395082275
kingdom,-0.010254954196447893,-0.01458023650836151,0.0059905186892945305,0.004514422513293065,0.0020662500055557316
light,-0.00375053793911867,0.00018206289248070043,-0.003204858801412974,-0.0004953989905162535,-0.0011052348104653722
end,-0.005290448583132991,-0.0021655313866606493,0.001996764954650164,-0.0004020781034707458,0.0014503354664090447
piece,-0.005603981951204993,0.00460436795450602,-0.0007414078941224477,0.005848566031254722,0.012634421771624247
ate,0.0003491356755107215,0.00259339073984236,-0.0011192118274155232,-0.0027144207073863907,-0.0001701536961199286
live,-0.0030693469529397715,0.0007594464033784503,-1.7068438302875907e-05,0.005806264494704472,-0.004286581227629594
met,0.004829366571549488,-0.007366923712133419,-0.004545590866098333,0.005461497581329411,0.00369070816498359
near,-0.0057370145251561255,-0.0005296951636160998,-0.00021029864784948335,-0.001475611253537744,0.000925653555392287
try,-0.004644405401872965,-0.0020267695831460565,-0.0011707558627638657,0.003976171345754598,0.00013164754186434198
alas,-0.0038648889510639484,-0.0017360163719825107,-0.004614580326454023,0.009748355625980207,-0.011410843515373746
looking,-0.0026486497686522286,0.004801413619049691,-0.000294146275202,-0.0010570166390265479,-0.00022680792255467015
fall,-0.0053133054660270025,0.0009305627260931587,0.0034267241404775653,0.001560216404764866,0.0018679260126817118
black,-0.005512317472444478,0.0022686083500789915,0.002894139947136822,-0.0021019401167035314,0.004769137615605908
large,-0.0020821823837130315,0.004077796452522195,0.0025589704324185322,0.0023829962432826974,-0.0018357942049870735
ground,-0.005412446716730785,0.0030802567234787487,-0.0010035797160399269,-0.0038835020034479134,0.0007797104049291511
thee,-0.0101973376223431,-0.007470651596940222,-0.008544792984622683,0.021984349164485984,-0.008183632071829402
miller,-0.0023447780801867067,0.022988966153395678,-0.015481960279204622,-0.014128177498143931,0.010555070344383813
ready,-0.0035592061994612883,-0.0014083469376999916,-0.004414253220218203,0.0010512336349140408,-0.004068166342739989
things,-0.0036779967713034827,-0.00013821522027415904,-0.0048217638083376075,0.0018138045759522933,0.00255330255473873
already,-0.0024260338577657553,-0.0013132091500527015,0.002325914177559644,-0.007935227609237734,-0.00024242698717191652
lady,-0.007352755967683186,-0.0017841771894411647,-0.0031394255898627263,-0.0007930859478293427,0.008887807198056645
court,-0.008595376658538564,-0.012066908513468127,0.0034644775055948074,0.004108267389425175,-0.002858019086792855
drew,-0.003526145567843771,0.0008611000344662574,0.00018110348202824447,-0.00018279873078108397,-0.003098329397089847
opened,0.0005389364283535161,-0.0014798302628709855,0.0026436391219260918,-0.0020547721086333556,0.0011810948030667135
both,-0.0024220360769134724,0.0016103006241952483,-0.0017248638625859138,-0.0015443644489333856,0.000600361517977765
servant,0.0024647301117922773,-0.0061031800121172375,-0.005133466582699412,-0.0009604839325940029,-0.006455344272205504
free,-0.0049284916438246925,-0.0025531392219625398,-0.002755306380981632,0.00516960616559158,0.006444832930069502
rode,-0.008717329409364778,-0.012449662573611658,0.005934689693708912,0.0021808107944507956,-0.007272550126339146
held,-0.005674127035864174,-0.002889351948510102,0.003919193501336547,0.0007233599700901683,0.0013145026884698147
passed,-0.0034447731987494574,-0.00096850433496179,0.0001808158938090252,0.0010084518384023368,0.0002689795547352091
ring,-0.012311253516441861,-0.008857674745306724,0.004053444680655098,-0.006157757321431188,0.0033296149878481703
wild,-0.008798214409601369,-0.0038896263471311187,0.01021081895941399,-0.016729233088562216,-0.003346207440391684
alone,-0.0022114025667443076,-0.0012834877520557654,9.633354641265332e-05,-0.0025889654939403807,0.0026756590136579757
finger,-0.006488244092012898,0.004442333728106197,-0.00204491790131096,-0.008999914245789858,0.0014237740341198279
feast,-0.007883726373021307,-0.009495827709202376,0.00857211435968205,-0.0032426088369328127,-0.007352228572787535
grew,-0.003036404226868424,0.0012714737145921864,0.0007625307822178893,-0.002965512698038839,-0.001410534917158278
lying,-0.0025791105682895074,0.001016575864463544,0.0007367555652417427,-0.0019758235266281515,0.00023188321963071973
ll,0.0025930677165224556,0.007947318039036262,-0.005667201709184905,0.00024948073302183925,-0.005802044806152217
forth,-0.007312145523581194,-0.002624040947880819,0.001835396100415036,-0.00845879091620457,-0.0010742057814514864
brothers,-0.007987328640297038,-0.014133520707547116,-0.006177344542171524,0.031040424920099112,0.05050327899264419
myself,0.002045107379238957,0.005674855143890956,-0.005116526061961296,-0.002738425954475839,-0.0004088686379238219
witch,-0.008134028303072293,0.010615299826901172,0.0022037153374039687,-0.014912031287856087,0.007769242030775064
stone,0.000843091247459426,-0.000102287610120623,-0.0011970554447072825,0.004506633516993632,0.004796089619460792
along,-0.0012002067226487853,0.005889784835386468,-0.0054156919765355315,0.007455742935938985,-0.006095386541730646
friend,-8.174495524893086e-06,-0.0013840157498460862,-0.0055815329905856735,0.008373363955407848,-0.002985288923077622
palace,-0.007479789083124767,-0.009251478132092534,0.013090267463900037,-0.0010159805277910276,0.0016146882179396333
lie,-0.000509109050488379,-0.0008629013022898895,0.002292719326085533,0.0005010154123724139,0.001229866388087906
blood,-0.00682402848715619,0.002216099931352607,0.0033550065908656127,-0.0009657100803757066,-0.0015380110980648496
even,-0.004816145937401659,-0.0009494556397571603,-0.0012585768113584214,-0.0002069538835491543,0.0012307101660934156
glass,-0.009355226550184097,-0.0031039200016645544,-0.003939091358994929,0.010985176954323434,0.016986178284459762
eldest,-0.010833394171581868,-0.01784280288561735,0.003270276519500358,0.01651337316258347,0.012836208427332099
lost,-0.0005959990223552942,-0.0015246171675099517,0.0011276547281375779,-0.0011766818213584439,0.0022541760775032236
taken,-0.0034297309667320475,-0.004016073139845637,0.0011573793726365861,0.0008771342815435201,-0.003224412075186344
sit,0.000891618519159213,0.0005055831844607868,-0.0012524437239343014,0.0010648446003418328,-0.0017099068829728808
felt,-0.003957381183905202,0.00034895227588706225,0.0014506481622462868,-0.0030330704935267387,0.0037660049342656795
killed,-0.002260590418322886,0.0031063489931284216,-0.0042838997232143156,-0.002614189797659265,-0.0025825536910133204
hold,-0.002517883792334999,-0.0015852612776634854,0.0003672781766043783,-0.0004139112211115347,0.0011482496905485262
most,-0.002178109995758447,-0.0017367409389569912,0.0015725173111177115,-0.0026605303045407706,-0.0025963012718338784
yourself,8.16272230181225e-05,0.0009224639172752743,-0.002633528604095991,-0.002602847208374557,-0.002343393010737451
far,-0.003672124983209303,0.0031130955229869027,-0.0014293888603115726,1.8295205322674783e-05,-6.528891664564265e-05
men,-0.006447396230803995,-0.003992248521386992,0.0021986901268962354,-0.005166549483440083,0.00021088352869412
forced,-0.003442794264344485,-6.965704869042258e-05,0.0005786432469702922,0.0007559488243075911,-0.002470095714624252
o,-0.0045884333406223604,-0.0037086828017820097,-0.003190445316816554,0.0057633161545165325,-0.0015341068424935252
wind,-0.000549169696755344,-0.002661920728282606,-0.0004344828087099803,0.0021997088492889194,-0.001526885209565567
awoke,-0.002738477893582066,-0.0010852006316817272,0.0028613410295387724,0.0012966198033538432,0.004164339569802883
sister,-0.004930748275862417,0.009289397058882364,0.007423079006620052,0.003688128389855969,0.009615850587985727
clothes,-0.006246874223405868,-0.004496039700086208,0.0027238652788564768,0.0028343797133398483,-0.007453423683659175
four,-9.538929895633319e-05,0.0001158994299938216,-0.010879274706408941,-0.0019229149675358919,0.009190245341933653
land,-0.008075598488913423,-0.005778106725730926,0.0033522032204794687,0.00026451673018382943,0.002681308023357411
walked,-0.0017979108768539775,0.007047939124565814,4.0035287568497395e-05,-0.001971321286536261,-0.0008841969322038343
does,-0.0021090335024420287,-0.0005074915864044906,-0.0011557073159045002,-0.0024041407048821274,-0.002199540716049027
mouse,0.02125535542519473,0.012265313375155516,-0.023198438320063037,-0.020038068033403796,-0.004112406517327591
ask,-0.0004303481469096295,-0.001681648994736545,-0.0018723610346624384,0.003314312833155283,-0.0030427282293238977
best,-0.0025651626770518345,0.0015365347291183367,-0.0024877901213824207,0.0018125635986904482,0.00409403860444057
blow,-0.007135421815922415,-0.004237510442746425,0.0010426225044035313,0.0049919697533122335,-0.012003040458271807
joy,-0.004710822286764206,-0.0020177832839600846,0.0023975396695991255,0.0024154931401960183,-0.0019646160103002366
frightened,-0.0019349051406435105,0.0024215590254284157,0.002095976550165295,0.007511981665598323,-0.008597987320663768
kill,-0.0012729614432458914,0.0014837721094846663,-0.0034180690495507118,0.0021004753867342797,0.0004003974704501561
thy,-0.0025833936209256015,-0.006153329910297564,-0.007163869239106221,0.0156103089706461,-0.014102924077125668
pocket,-0.005637076546570138,0.003560259458271925,0.0018338486714996164,-0.003865642391537388,0.004258668936373407
hard,0.0009615863515006969,-0.003992194938306824,-0.003992106036833624,0.00642145513258679,0.003551922426931439
word,-0.0033727129801837336,-0.0024590704474499988,-0.0007171046224731258,0.0026881290815808532,0.0006249465306381393
tired,-0.002003671482733886,0.0006526735040070862,-0.004289708413986655,0.003001657127848617,-0.0053552027404726674
don,-0.0015084968891466745,0.007598512050835801,-0.002956960206284643,0.005798887081169304,-0.003199363506534199
apple,-0.007208135042512308,-0.0037619329075389675,0.0060502888183177625,-0.006851895144761956,-0.0023114841300144995
sure,-0.0011719536652842542,0.0001976361128806034,-0.002262392764301285,0.006902145584127387,-0.0036537756381261953
eaten,-0.002741233500071672,0.0013207841373594437,-0.004622024545566609,0.005489364517516869,0.0042720308461417075
ever,-0.00380855399780197,-0.00018756639873414402,0.003755515795771636,-0.0009510301759400251,0.003507603424012173
mind,-0.0028750742207546386,0.0031829641642778287,0.00032117336107180365,0.005414817953863779,-0.002785445270038474
length,-0.0006575189545703995,0.0013475289152444776,0.0001918112024144846,-0.003493985318986773,0.0012863871081160417
fetch,-0.0015706112279969546,0.005248470970963675,0.004793535022335015,-0.0062543500814700335,0.0012480237304425912
small,-0.0055135528733594105,0.0020187871149241333,-0.00043554593846293043,0.0015438275347069077,0.005410867458815663
close,0.0025478554229896636,0.002690134484248788,-0.0010489819347391596,0.004705892720257332,0.0020757319709055772
shepherd,0.005445816278568215,0.02460593725507778,0.0004673255374686784,0.011984442444650962,-0.013567554287390145
big,0.00041187571559331927,0.007304318199595585,0.00039469356361484403,-0.0017036774893209542,-0.00045487721104702454
quickly,-0.0014555436534836406,-0.00012249126714407882,0.003253463098905129,-0.0009688124385823586,0.0040966506348118215
turn,-0.002255608002368299,0.005285574481795755,-0.007691474068840558,-0.0010749880886381025,-0.003010278581187447
married,-0.006477624474702232,-0.004571673884153837,0.0004987699823234857,0.0017069437787445348,0.0005755748946565351
road,-0.002146184308964225,0.0017977625498312906,-0.004090350377233687,0.008434165247894287,-0.00604600074478365
sea,-0.012784535699101601,-0.011867306111270423,-0.002040467587823077,0.012982418280225281,-0.0027846693215745548
maiden,-0.007441260746922975,0.0017351557205778465,0.0009657657426252202,-0.010502431664153707,-0.0013354668552254196
kitchen,-0.0034891973932789184,-0.0006272783649529691,0.004476090722669367,-0.0006729293539558203,-0.008026235494521581
seized,0.0006259941074480802,0.0005208640727188824,-0.002113387179964157,-0.005890656338660473,0.0018373559263619344
youngest,-0.007441230521910151,-0.0075576069653276005,0.005807182305870566,0.017400658443080204,0.015119875637133597
comes,0.0035614929916859836,0.005543294162638041,0.0012113617965881793,0.002764217070859656,-0.002308461094968346
saying,-0.0019400598351259762,0.0006874866853786724,-0.0018019377971994202,0.0005432375506019546,-0.0006820224679854612
food,-0.0017940643870441525,0.004019589863861385,-0.0010987184756127033,-0.004276173522247783,0.003136907035823339
wait,-0.0023336053311743188,0.004691948402144149,0.003390405734164292,-0.001008172958067136,0.00457586667455017
merry,-0.002134513195646575,0.0010823162986700033,-0.0029977514319134433,0.007228167531109785,-0.00264793565975784
pleased,-0.00035789454224824765,-0.0015523219533909699,-0.003282362408563125,-0.0005514754281320713,-0.0017947097721506238
afterwards,0.0015145873608272708,0.00244275945962573,0.004145187747076934,-0.0004182440899961628,0.0005049274768607754
lord,-0.003829692214103674,0.00026385040653110917,-0.007447757048483862,-0.00848163602079682,4.827987411992051e-05
pray,-0.0008854625536268683,-0.0005614909136829204,-0.0022578795058516956,0.006617659300450388,-0.004662071330685721
able,0.0011501193182445768,-0.0024788595878961115,-0.00225542027989113,-0.0006075053292582479,0.0007643935177323106
followed,-0.0039948348121645475,-0.0018008252450460289,0.002885521417064049,-0.0022322690601111507,0.0012939591872786944
wept,0.0002217594683473591,0.0007816133707368773,-2.4026663101806513e-05,-0.002112052310316863,-0.0012810050236662265
kind,-0.002575882716408753,-0.00014286718776699152,-0.0038267793047563276,0.0025122137356770927,-7.608754857134794e-05
country,-0.0036731214432783777,-0.0027067995046205907,0.0009949110348233955,-0.002361293391610962,0.0009104073991309218
rose,-0.008367830090028975,-0.0048965796621871826,0.006879094955306503,0.004822648103231522,0.007612620348364605
ordered,-0.005713983988936149,-0.011170230476362532,0.010175037696382672,-0.0060557505018551385,-0.004226731367333753
therefore,-0.0022686581201561908,0.0012156936060585227,-0.000581247506675842,-0.0028004705954297483,0.004583911171947967
drove,0.002153107846228814,-2.6068639209606346e-05,-0.008430891263095175,0.002269452835355525,-0.005062558168038013
trouble,-0.0013524248173908064,-0.001659050282437965,-0.0006871470398357763,0.0004107287261748856,-0.00012215468231495196
towards,-0.0026057757207753464,0.002950666046407521,-0.004134665165624449,-0.0032024521283175503,0.0015684947643902724
pretty,-0.0016698559953276205,0.0034934616719535473,-0.003203023690147157,0.0021209453890163833,0.0023551626502415243
shoes,-0.007347083775046199,-0.0026516921537634397,-0.0013770777105348113,0.0002868660390699747,-0.0018496495216817302
coming,0.00018056841219479377,0.004344989589431322,-0.0038140483026452587,-0.000672007762669793,-0.0019066904551063078
agreed,-0.0003720652626209016,-0.005094849099838752,-0.002085597283996068,0.004642830623081076,0.0027649509078276065
heavy,-0.0019768131597985,0.004459148943582399,-0.003434304549413378,0.002750654680720688,-0.0039582793415918185
death,-0.003523991025396288,0.0009972397208373263,-0.0009236198103945407,-0.0030029788487545258,0.0014058712832054209
fear,-0.003904673563582358,-0.0029073537695549385,0.0027382862993845358,-0.0013984393408522414,-6.277125708366578e-06
shut,-0.0021756621260502857,-0.0006186380442357826,0.0017126910940364465,-0.002115913076485424,0.0007668227078458023
fairy,-0.008638455009382522,-0.008123436250123144,-0.0034550923024337194,0.009283184182094876,0.005100286909720812
fellow,-0.0037467431884611294,0.002006870808468027,-0.0039752117758567514,0.0028476647458299665,-0.00025768288522296125
air,0.0007069802008001237,0.0027620011633929047,0.003274135532912581,0.004340600586465753,0.00197317937719573
against,-0.0009431855693103657,0.004793832248517731,0.006652729630847337,0.00033821519148446744,6.26232318542731e-05
voice,-0.0023531616805533397,0.008099562110217702,0.008705153562275577,0.002526575193162071,-0.0017902852777529111
fat,0.010371895903909887,0.009545910637687281,-0.004393010406484433,0.0006010957606446465,-0.0063755990482541585
stay,-0.0010377128125192649,-0.00048194198299811064,0.0021300449394295387,0.0006859419397278853,-0.00015432429010505598
thinking,0.00038530369600607827,-0.001581241965382645,9.583096702717457e-05,0.004514003979485956,-0.0011834746165126798
begged,-0.0035777525250255274,-0.003862564279567851,0.00042372375325346235,0.0015553653388015655,-0.001510232131393492
sing,0.0017585093127143372,0.0012170828894914592,-0.004158238159476224,-0.004666226668946318,0.0010776055802927313
hands,-0.0029567985154322104,0.0015869220760429557,0.0037762024477259216,-0.0002405636579527981,-9.77192225306785e-05
caught,-0.0012148775959826778,-0.0002817962048778778,0.0006344317000929408,-0.004728623752530736,0.0008108199141597152
pass,-0.0029272870464844953,-0.003854956525021655,0.0007056639843873481,-0.0026507365523742404,-0.0031295266721134206
happy,-0.0023481104584621186,0.004393064998234922,0.0007428332689372304,0.0029416461881096256,-0.004640036272882764
died,-0.0012905901747432892,-0.004099462273996574,0.0041551933852804175,-0.0069763024229577905,-0.0026709939210339505
iron,-0.007019396496905863,-0.0049312353838194874,0.007602309646404142,-0.006391604118063631,-0.002584622507014963
throw,-0.002079497330911454,0.0058941294495113055,0.00033841094984981917,0.0011213103878653192,-0.003854886275637462
matter,0.001875595057332224,-0.0016454840898977952,-0.0024467311284808737,0.005383309669885887,-0.003583397152267333
pick,-0.007169115395806615,-0.005432869050782162,0.006687620630229914,0.005131126356054612,-0.012369563659667165
seemed,-0.002476413269870573,-0.00030619110367055276,-0.0022229763967933597,0.00281698622026482,-0.0002433973492557207
outside,-0.00017057663732417957,0.003810645841484536,-0.001148057918460909,-0.004320204144454582,0.0023370301675933983
dark,-0.001715668710997415,0.0011449995417313218,0.0010681662043607672,0.0002469329935554233,-0.008179460402552604
wedding,0.0012350341138726453,-0.003704524278335995,0.0049763038749751146,0.00023961459963006554,0.0002994864117650505
because,0.0004518102858444178,-0.002053280163688402,-0.0006015147966236526,-0.001710658462881186,-0.002398005014549156
silver,-0.0036582182665195855,0.0007163391873737366,-0.00046363972553849025,0.009225285974815929,-0.009428228935028536
use,-0.0026994282093495826,7.134980217821552e-05,-0.0018454609352865589,0.0020528085894178563,-0.0016944831779364912
draw,0.0028466728836472,0.00033838934422351886,-0.003947725114858321,-0.004733775075692817,-0.0038916314114676135
days,-0.004021202051352749,-0.003915022502916708,0.0005270719840537411,0.0007413017014225253,0.0011961185123560414
loved,-0.0041614699296866065,0.0014499614417752974,0.006304953796989903,-0.0054520257903637685,-0.0024509218932883985
gate,-0.004062288690754758,-0.0033827092579529795,0.002173598980950949,0.00605254906091388,-0.004691710068581621
half,-0.00431727422702076,-0.0022457014750071175,0.0016821658661468992,-0.001822983608420357,6.682593194987694e-05
danced,-0.007226724435532346,-0.005870028025265363,0.0020571524152951776,0.0069318731051690565,-0.004891569639571329
anyone,-0.004588035785002187,5.947326507204925e-05,0.00449950811655074,-0.002793894095072059,9.334255193107212e-05
feet,-0.0021344669020281933,0.0003834522795914098,0.010121982593757215,0.0017309943551736887,-0.0013518793753318657
walk,-9.69572217003356e-05,0.0013434139274385304,0.0010780895628952588,0.0005433107478079763,-0.002441630681001491
luck,-0.0032329934147032153,-0.0003982828908521521,-0.0036897039634448854,0.009096253523472838,-0.00012191484605167254
town,-0.0017875615117638928,0.00421354292165723,-0.006419282763879821,-0.0007007494690366258,-0.0008590372311837098
likewise,-0.004610728088291559,0.003128351047958217,-0.005625001643005401,-0.012262001338256513,0.002694842500657308
speak,-0.0035291091542256196,0.0008069768969028395,0.001375728727560415,0.005241922133529497,-0.00013776008072116384
hear,-0.003156844415962131,0.0004808493650723574,-0.00026344949894851355,0.0004843989011632268,-0.0001225970252741083
straight,0.0022497561686195128,0.0014993437377008802,0.003409574241069163,0.004570708957353085,-0.003432257470115926
others,-0.0028004796491964885,0.002003112383567948,-0.0006635964518385453,-0.004737019460921979,0.0010062103291591659
huntsmen,-0.013649877449690002,-0.01701506962408432,0.018461209194312617,-0.017745696473396595,-0.009185189552438109
reached,-0.0030227248428249523,0.0020831356732886317,-0.0014521903804160586,-0.0026360531491891356,-0.00011887232026946031
birds,0.0016968215997096071,0.0010813488710288222,-0.00018547317620079646,0.0036749896738534436,0.004413770660427216
cloak,-0.009605374565563728,-0.006025184760631273,-0.0022945777206106045,0.0023043601634196676,0.005634809321207271
ashes,-0.005318847083139092,-0.003310965015813048,0.003011327553370431,-0.005753909938552483,-0.010100510989404007
return,-0.0037703515575034587,-0.0005012393989277708,-0.0012513425816084948,0.005148222247422058,0.0009123195341459118
high,-0.003064562095423467,-6.455249001941876e-05,0.006163038382294065,-0.001712141579830911,0.002058452537631423
knocked,0.0019146000701291109,0.008058007029088408,0.005068172121141983,0.0032618002806645984,-0.0012213824262341066
top,0.003213894590736341,-0.00030104793754074185,-0.0043415372341504815,-0.003361046466372217,-0.0014219523508324121
goose,-0.0054463022134910435,0.002155895079004648,-0.003520556281871243,0.003871959069405151,0.0015684519196290216
dance,-0.008549303724859772,-0.005357171127560587,0.005681783760874391,-0.0014932982876971156,-0.0056565654456390765
jumped,0.0014311369382398128,0.004202374227804195,0.001425239904252193,0.003925834023884949,-0.0041697589434866915
feel,-0.003539869987471464,0.0017962526213899728,9.959003318543655e-05,0.0017691153024510773,0.00023765996912722672
sleeping,-0.0025431612980070075,-0.0009914723486561274,0.0011940226020044516,-0.0013122431625396365,0.0014672352515894928
hundred,0.0029558699830104108,-0.004638401614890982,-0.0060733106917550735,0.001020710505186767,0.011543694526220404
whom,-0.00432822594987733,-0.002730157177754177,0.003384028618734603,-0.004635202901330655,-0.001226622448175775
pieces,-0.003629702036654464,0.0009026512715933495,0.002923573468281802,-0.004336592967294738,0.0031434631899982233
corner,-0.004666248768269512,0.0016717939687888748,-0.0023486427797573036,-0.0036660359411075745,-0.0028737822194570186
clever,0.0030979729505276506,0.005784555103159373,-0.011364153204827462,-0.00906235652388451,-0.0003793888478192711
afraid,-0.0012301273026551964,0.0039542473368235085,0.005535420429760918,-0.0001945498161538793,0.0014179731694271061
heaven,-0.0043590018635881736,-0.000732711557717521,-0.0011254671306082072,0.0022767202663552884,-0.0023447961651817625
dish,-0.004056656027895285,0.0013582803491191953,-0.008186539247082665,-0.005689430561306182,-0.0020143533377584614
cellar,-0.0016518535018463058,0.013843258392012123,-0.019631635550603675,-0.009791167826368958,-0.00806030528113202
straw,0.002049866602766384,0.013704012450991987,-0.018920101992636294,-0.019145053239827434,0.009441452496080674
royal,-0.004123624436329046,-0.0057536171452559235,0.011205675463428249,-0.0008575111001587604,-0.0030639683131740416
rich,-0.0037830557025740727,3.0199747466344963e-05,-0.006255891774740678,0.007159745869400882,-0.0031332939413683224
neck,-0.002131876535142096,0.0017039362793162005,-0.0011387380816563807,-5.5191354425464625e-05,-0.0015939681321684317
ill,-0.0025256317217249758,0.0004255598630972865,-0.0003064066212005232,0.002441952574675857,-0.0028207977752170814
though,-0.003554403092593766,-0.0033911795463019857,0.0011670742032283666,0.005170100204164711,-0.0034159518599107827
tower,-0.010983903617916633,-0.008193768027389423,0.008229770623810907,-0.023061612100337792,-0.007067914442619603
struck,-0.0028923895359721187,-8.178300022911765e-05,-0.005049478105353841,0.0025461029933151373,-0.001793034094558611
become,-0.0018654197118473325,-0.002329609358456674,0.0003030173813243693,-0.001835974932870144,0.0017629875856358603
slept,-0.004138026685670412,-0.003603448227530838,0.002482315991942555,0.0022961848449739846,-0.0011810875194693275
wicked,-0.0026351886753558404,0.004760833780249848,0.004672354185287682,-0.001667233092925392,0.00167539488948218
early,-0.0009104414247826044,0.006934987082962903,0.004264915328695358,-0.0012660999387798567,-0.0004698493542105094
die,-0.0047170437357718226,-0.0041820844538102584,0.002910886145002706,-0.0032783672123393166,-0.0005520638733337733
nor,-0.002885215095548505,0.000609695308256532,0.0021046999384039403,-0.0037696933978032345,0.004590324595615628
moment,-0.002744058015585706,-0.0021332711513767926,0.0008909202880087747,-0.0010660016595456126,0.001810311089883642
else,-0.0019560910752158813,0.000869210833755353,0.001180513281377314,-0.001266034850938639,-0.000624981458142896
remained,-0.0029746741215488843,0.002714114286879896,-0.005872766209513936,-0.009864129228213092,0.001377802021403132
safe,-0.0037507609703116406,-0.0008171839161047964,-0.001970156485235156,0.005539431270827074,-0.0018130047700356624
angry,-0.001766678433662073,-0.002228712067285895,0.002914031167293008,0.0003806756200664659,-0.0020224990826487876
among,-0.002891171951955618,0.00034353603493749915,-0.004755674251617824,-0.0010737474141331,-0.00038868417350302687
mr,0.050422015276319926,-0.0170064811265606,0.0013933930877200835,-0.005797605394245051,0.00420206740664335
doing,-0.0011722278145876077,4.116945569811477e-07,-0.003464683693238664,-0.0025771773255421097,-0.00017618482857569928
sadly,-0.0037597702850310374,-0.003320653456133249,-0.002241448538345338,0.011789472596362746,-0.012578889229356063
name,0.0006414058602714994,0.003070001169168008,-0.005579465211586206,-0.005746932750321306,0.003115668307788406
whether,0.0023991979996674075,-0.0025529205709095685,-0.0018206428533981992,0.0006837616563267043,0.00014835731078184728
moon,-0.00843889968950576,-0.0031404950152791647,0.005780122229540955,0.0024250523192963585,0.0044865058309260025
seeing,-0.0032195514337063635,0.0001822401830585091,-0.0026557509553467324,0.00612945587026848,-0.006119147340873646
pity,-0.0034832256046875556,-0.0015193649248176175,-0.0016703263447517419,0.0010721441486090456,0.0025490322289344097
indeed,-0.003562470231414222,0.0005552979815999417,-0.0019393356017712046,-3.7178610968594045e-05,-0.00029711681457950096
scarcely,-0.002312111720574496,0.0017522784815526338,0.00030314936328457447,-6.856276669141287e-05,0.001469970143020803
rolled,-0.0010556128657020947,0.0015578660822972027,-0.004768784432390034,-0.0001269844738195296,-0.0014044325424589555
having,-0.0009285849677177259,2.399916687022022e-05,-0.003928634810337022,0.0002465442654958746,-0.0007128249879154955
drank,-0.0020377649207571733,0.0008784130179489933,-0.001137282078658389,0.0018073812399411909,0.0019001267800424744
horses,-0.0038367527946895174,-0.004180126023402408,-0.006057207724592527,0.007223364457075287,-0.00268441456151807
show,-0.0039963652858597916,-0.00029718439570128736,0.004709011530924962,-0.0007088996325317977,-0.005558953138446812
pulled,-0.0026891328400361282,0.0003735757742883469,0.0034697654682031426,0.0008256487594906908,0.004073625872481594
tried,-0.004042684065406859,-0.0017755893281777859,0.0016412424559393908,0.00180801445425602,0.002474114139929677
hour,-0.0037619462404549805,-0.0022553096508279606,-0.0009509415209594522,0.004686390599742852,-0.0031347158451982718
words,-0.005023409353609859,-0.0017784633175937333,-0.0008591998191321668,-0.00036070583564361123,-0.00027239534980125625
foot,0.0016372975995511934,-0.0015105488235502317,-0.0015589066428872986,0.0030001606917702977,-0.0004491452499393346
dress,-0.006793839893871512,-0.005961393177387249,0.007547271262433993,6.179663576838907e-05,-0.0031477182643781863
singing,-0.0010854157539039002,0.0015528363222043695,-0.002072059270728701,0.0031784328596873683,8.364463527234116e-05
alive,-0.004834106787862051,-7.336187040655985e-05,0.008733078453210402,-0.003686701492459904,-0.0003470156181690889
glad,-0.0044232675215853026,-0.0016478306887551509,-0.0010538182623229982,0.0031500757039307392,0.0019226644094251406
tail,0.019287666153292655,-0.003175966566214083,0.012743462738528834,0.003157469117333891,0.0027839320479027025
grieved,-0.004868670029566924,-0.0020596087870277504,-0.0002305744965322658,-0.00032381264395168894,0.0032666771870114505
kept,-0.0027832172724169503,-0.0014193610264806938,0.0037019785142653676,0.0004346880101700287,-0.000971077151100888
stretched,0.0016279766521902718,0.000711004117534529,0.00033871853901008744,-0.0034857054092612785,0.001960106547057441
vain,-0.004154867185512671,-0.0003952894333142803,-0.00026176252664018954,-0.0010144714815431607,0.0030916603054583743
middle,-0.0027682044142535974,0.0006001186603547836,-0.0032162028921132253,0.0023278706207873778,0.003995685089525577
broke,-0.0016576497096220258,-0.0006544124010991883,-0.0016110320763708273,-0.000767641886343895,-0.0021642616220190554
watch,0.00043048145118258714,-0.0038662063293356894,-0.003803983940320575,-0.0009063361525663234,-0.001768391765866007
crept,0.00023689913749474093,0.0037500303526545164,-0.003697983826021654,0.003228524071347833,0.00016505973798617977
mountain,-0.004142798090481288,-0.0025835997039115374,-0.0032274840026814944,-0.0010166511582911507,0.004788455193248087
laughed,-0.004134629736889924,-0.0015052156457257104,0.00030256946616823567,0.0008989913676442559,0.0012560809644339534
journey,-0.0025757239488839226,-0.0058353188922392624,-0.0012764837951590984,0.010288691410171224,-0.0022920516526554816
bad,-0.0020018206171413047,0.001848658102462161,-0.0003632625545096835,0.001399293904581161,0.0008390756070641662
running,-0.0021009541170810223,0.0035907068732696666,0.0020814633924595644,-0.0011682139618632772,0.0011978262737963779
someone,0.0010512620142245086,0.005377930507687791,0.005341611924320848,0.0010256405177601513,0.0003378787137148456
deep,-0.004413792070457774,-0.0032903752483297286,-0.0018037217332379453,0.002266481414399154,-0.0012722112368899934
making,0.0019676105227108146,-0.0006746940496460039,-0.00403951877945478,-0.0008652345205975527,-0.0027794044394349932
ought,-0.0024650187367070207,0.0011419637037292031,-0.0035824949724439074,0.002166699311121533,6.874520895228608e-05
girls,-0.006303132172656777,-9.741734425512962e-05,0.009188258556742558,-0.006959027923255816,0.00748067281567221
showed,-0.00487945568517921,-0.001837112024256165,3.258463060434707e-05,0.0010252094179156793,0.0029835244599942076
legs,0.0011370577233705999,0.002762728092684454,0.0007726336469099851,-0.0006779755802773107,-0.0004930405960374211
marry,-0.0070306439112157336,-0.007205595039525867,0.00426544969770003,-0.0007090465987188107,-0.0033580155272223814
stones,0.0006958897294571131,0.012668846646965208,0.010224221157312028,0.008687627931856262,0.0037977960290102525
chamber,-0.00532824561414226,-0.0062403130724669005,-0.0003554680978298928,0.006770020700102447,0.0014869054185877792
please,0.0038560399009101728,0.0030031816099340136,-0.00034764175792495824,0.0009073770059757446,-0.004389030381661956
farther,-0.0010819512927922577,0.006589520976143267,0.0014011601935018708,0.0008844638587730172,-0.0030435687549417996
thither,-0.001263926602251286,0.0007005541161909551,0.0037574260066584302,-0.00472842299578853,0.00026282730538501083
learnt,0.00047393064955375053,-0.006649879276252942,-0.007009152794970764,-0.010603724044914182,0.002154425103112186
mouth,0.002243426094704865,0.0007902502233029682,-0.00041572170466855265,-0.0007646216399333355,-0.0023365993049896754
spot,-0.000596937863270262,0.0013237844534251242,-0.0015891804231791902,0.0031546941022426236,2.6952778834125348e-05
being,-0.0012105781955590088,0.003333643766029278,-0.0018460386830040517,0.0004972616552709033,-0.002832623802830259
meantime,-0.0019343346000835794,0.0007580209866422217,-0.0031949440347499754,0.0032449011638725884,0.0003730409943971105
waited,-0.0030284490451558017,0.0017036756843107992,-0.003297181159745819,-0.001303736554168711,0.002263887069507198
noise,-0.00015467630244635918,0.0002366578901728914,0.003143128268904824,0.004380796783520627,-0.003864385288746474
strange,-0.004040438176303615,-0.00195606043681995,0.0026314143205236123,0.0001717015076770843,-0.003223741654578378
times,0.0012585900704799563,0.0005475702377832201,-0.0008439429855905173,-0.0023665315343246057,0.0018745486393209833
lifted,-0.00246922376840094,0.0001001276836698438,0.0032815538587481125,0.0022974379740790625,0.0006143631829802795
bottom,-0.0035908068024650313,-0.0038149259822158935,-0.00013019734511459969,0.00207250888772555,0.002266208764314852
love,-0.0023529640542425214,-0.000223454189809356,0.001428304307016031,0.005461383547009704,-0.003909430032980294
coat,-0.00208753123614244,0.0030332275940529183,-0.00019684167580797003,0.006026228472344958,0.0035480478411658556
apples,0.002799710999484882,0.003406299824645649,0.008516205501561824,0.0009429695604015167,-0.0022489426261250553
inside,-0.00030796768634732557,0.0008428142934592919,0.0003852521759005345,-0.004616960305054477,0.0019367061948636476
faithful,0.003468319980146128,0.0012387330603158301,-0.0007973243395688863,0.005299628483782538,-0.0029106843856975865
short,-0.001991562664268161,0.0013438192462584973,0.0009171013342214854,-0.000734489153636752,0.0008276986726775305
snow,-0.003958682996246602,0.0008617793357763109,0.0012904620001665686,0.0027334948058320005,0.004672731700787738
village,0.0021784378796494246,0.0038074519384312003,-0.009013329466623582,-0.0007747545859479923,-0.0010565493840252798
those,-0.0033490114523336786,0.0015766504040030684,-0.00553208079774908,-0.003013409333950445,-0.002313760400808825
order,-0.0025126242406838598,-0.00028398903488540284,-0.0013956269548887408,-0.0015419892697967033,0.002681640668374336
art,0.0005140922918766404,-0.0028232087236831614,-0.0032918741258618728,0.006108509365772547,0.002106526714280608
spoke,0.0027366416960597053,0.0006284233269979372,0.0041894337769465126,0.001983709920790012,-0.0027914832298240487
placed,-0.003109473692821121,-0.0014812064656226829,0.0003907932978680174,-0.005612611710554358,-0.002561602286256539
spring,-0.00012562544029272646,-0.008479481684661295,0.0009794746645966418,0.01317980737965035,-0.0002430860804597855
touched,-0.005232576273008926,-0.002541347205777986,-0.0009668776307474418,-0.002886174094368527,0.0029008984947638335
crying,-0.0017873848194446351,0.0009803157654103803,-0.00010212376713539794,-0.0011672529340613768,-0.0037381312848550827
knife,-0.0016671140671095858,0.004655198763847652,-0.005055670663429245,-0.0018771920143497416,-0.001997841536264498
fallen,-0.0038439445300690596,0.00012039281352312737,0.00027377597239232717,-0.0019252096745081338,0.0024274766007625196
cap,-0.004143245598565705,-0.0003178193499857096,0.00841228016071182,-0.0031617585942220953,-0.0037533178447566296
cart,5.664844402878972e-05,0.009517406399108362,-0.010272290564996728,0.015841935731565428,-0.01598722380785621
wide,-0.0004496796550895246,-0.0019712495554612933,-0.0001431970790783007,0.003164980831119438,0.0031814816310595565
beasts,0.0006026917083362516,-0.0023791235514054308,0.006128598807841324,-0.0067986574633523466,0.0005150411106636363
bargain,0.001582816501033374,-0.0005895585916716145,-0.007007918286402619,0.003858435733408235,-0.002531537785581414
loud,-0.0008861260295913163,0.003256754395269701,0.007018094596697356,0.006846972603621742,-0.0015662978790526734
tomorrow,-0.00028143068863166026,0.006888106520010163,0.004025149647327982,-0.0013697042802434624,-2.5129316007453623e-05
neither,-0.004164337659604871,0.0003870688871223591,0.003361638402634004,-0.004672337229607688,0.005702358707566991
earth,-0.002985112254533588,-0.001427979129167125,0.007881968824515225,-0.00019006516071159397,0.0019825763934579036
whose,-0.005969032074055036,-0.0030147389216379746,-0.0020791585967636084,0.00019811440244630005,0.0014554454064425867
none,-0.0032524605201937388,-0.005401390379034078,0.004223394737255071,-0.004463079732979535,-0.0012758075173252147
peace,-0.0023393894382942727,0.000657534254074114,-0.001775917037483827,0.0018921552634292137,-0.0002956713283041063
really,-0.0019902665718764903,0.0005276490694418051,-0.0028472555159860923,-0.0012921002706391726,-0.0010957792129919523
song,-0.0028987317777628475,0.0020502054204039385,-0.0007640893371113444,-0.0052860169830286075,0.0021423739683824944
stand,-0.002904427114536327,-0.0002517295665706838,-8.593463069182989e-05,-0.001666307891490654,0.0007625480069622644
suddenly,-0.0027007434703611153,0.0027843330777047115,0.00010661382858966989,-0.004279288294855657,0.001997154083157458
god,-0.005301813118278489,0.001966480148491619,0.0006541901068593162,-0.012016645063984088,0.00022539286575230702
stop,0.000292674889858876,0.0028483074212383,-0.004601569773700778,-0.0015038289170126481,-0.0022209494958973035
within,0.0006532056620723255,-0.00044101161678145886,-0.002155948967194065,0.00018413802785057957,0.002944475399211213
stopped,-0.0029492172716426793,-0.0002185474554754605,-0.002925050044252056,0.003673834899585489,0.00045873028521808013
cock,0.005158914691100983,0.007513045361511392,-0.014580470156005849,-7.785304559991309e-05,-0.009847844688602857
upstairs,0.0048128034551894365,0.001455327894568593,-0.003988512065232795,-0.001970616673665471,-0.0029619296096426557
dancing,0.0033965191374133487,-0.003013126589504186,-0.001622403244521835,0.00578039048560777,-2.9527708791811824e-05
wants,-0.0032418908838022847,0.0016829569475856462,0.0026855973413396402,0.0011419691386326495,-0.002748348173368443
nobody,-0.0013052473922787562,0.00028045689463349695,0.0008674358419878855,0.005454296868919005,-0.004711098073837724
below,0.004751391923890025,0.0011076900874520813,-7.115780535861344e-05,-0.00116262215237768,-0.0007612305238015463
haste,-0.0035890060440269293,3.864893607845394e-05,0.003182257293431709,0.0032082048512405174,-0.0029036494266173256
beast,0.0010066792528746209,-0.0003500002801313615,-3.0083387606350977e-05,0.004171389643186562,-0.0028208664414132397
part,-0.002893153732323134,0.00020074120407644142,0.004394173822881959,-0.0023084978955959534,0.004768424330009983
whatever,-0.0029042586255323263,0.0010250076461370968,1.3422732190362175e-05,0.0051400681585886815,0.0026162593978655475
listened,-0.003311649083523864,0.0002637648259339595,0.0003716623818515435,-0.0021528591300068994,0.0008308860004176336
around,-0.004913568198433638,-0.0038836136438743043,-0.0024241120238496106,0.004592157191167771,0.0028194576596289244
picked,-0.002601837511782483,0.0019212391733614688,-0.0008521827968715953,-0.002454376350708011,-0.0009144129970604389
fly,0.001172378732171579,0.001418521898611037,0.002738185393695476,1.6875722418855724e-05,-0.00015501737035831446
easy,0.0017560498669827874,0.0036665545273998476,0.003195527262696006,0.006249118838865959,-0.004668085309151488
handsome,-0.0003282257152310273,-0.0039803182658166006,0.0022897966166758217,-0.001581195035254604,-0.002178520140014535
plenty,-7.365915260707453e-05,-0.0008283142544900946,0.0004600960875960259,0.00449189572482871,-0.007992586321955483
hunger,-0.0028026960099239518,0.0002140323371933493,0.0020406156680550986,-0.003917112861702089,0.001720820402681504
move,0.0014060370656672706,0.0027490208487323644,0.0004093874457347665,0.00017366399537230892,0.001681227978668298
thrown,-0.0032214415369736286,-0.0008633925315204873,0.0024436457485550135,-0.00015240388086662672,-0.003280743916255423
cold,-0.001025210454189313,0.0006256506661908343,-0.0006420684421206026,-0.0006543494267237234,0.002701294041756586
sang,-0.0031452105441921023,0.0006407474298099496,-0.0009596416273426585,-0.0022078552365390356,0.004153445011114546
servants,-0.005812568554043305,0.0009357515059128192,0.00797720531031819,-0.008825623787486669,0.0024217347202821547
need,-0.003259372525191224,-0.0008572894479032978,0.00032653469360670925,-0.0008515587489592625,0.001177512446255612
strength,-0.0022727975027866418,-0.0033014842355973905,0.0031981736197496495,-0.005037577434076586,-0.0005457083402595425
draught,-0.004492615344390768,-0.0007181215804103753,-0.004796829368468211,0.0011433116064688295,-0.0008885714121693264
sight,-0.002967989586312429,-0.00016550474054332498,0.0024802263880815212,0.0006995807560073444,-0.00041539819518662883
warm,0.00038981324020847196,-0.0005364385450861837,-0.0003092217045189315,-0.002246984517164858,-0.0014247142369162428
save,-0.00019043945791871405,-0.003446791464737209,-0.002262556601299323,0.0030949683301142814,0.0033614667159361507
across,0.0013527585149955739,0.003342851443269839,-0.0019281360231691675,-0.0032015667751939254,0.004191684034581594
dogs,0.0066263498690719725,-0.008320317568493548,-0.001534089828738806,-0.010487564694329758,0.0009060593322413644
liked,-0.0010472441339016531,0.0025125156494557287,0.002851220540232911,-0.0006753294285414889,0.0019297610679992045
perhaps,-0.004256600855017604,-0.001742008968319103,-0.0031464495073496063,0.0010394000259509716,-0.0036730766387473497
stuck,0.0026417312095403946,0.00427649840449482,0.002545690861367018,0.0023713961491458025,-0.005690819383065822
front,-0.0024065623007645367,0.006059102894178278,-0.001373502137169602,-0.003750384744750689,0.0012249640163789018
slipped,-0.0005563461256970532,0.005358022359683596,0.0004766574269909978,-0.00017469218056303105,-0.004319221718129199
stairs,-0.0021615362023049323,-0.0019185845113456413,0.001986828750151,-0.0056110810970692515,-0.0032510422239789903
clock,-0.0019849386975115293,-0.006735134540148582,-0.0009920737850298864,0.004047792871396823,0.0026320813254657343
trees,-0.0030488946113116115,0.0019292726034427737,-0.0015600219171918275,-0.0005652866515865485,-0.00027518276573944224
hill,-0.0006242288754788013,-0.0003163254064234225,-0.006254205137724312,0.0038109759929027833,0.0010529581314507337
listen,-0.00017208275968001952,0.003146549040092422,-0.0028578187908171616,-0.0007271981634726192,0.0016783008725073537
beneath,0.0004549315235964213,0.003176937638494408,0.0002737744242382942,-0.004747130827079929,0.0025298985613072178
hung,-0.0007371825030771562,0.0003589116967198801,-0.004827482157040994,0.001859018747565432,0.0017252179938468404
task,-0.005157501334484746,-0.0033610413113201476,-0.0008817710419034077,0.0043356685133595805,0.005778431829377088
step,0.0025448760423502264,-0.0013146100310583004,-1.8140121087160666e-05,-0.0016414697689017702,0.0015867027400780415
hole,0.00033086946162236557,0.0007764051277333429,0.005777554284518239,-2.9183382598670463e-05,0.0014018243877071779
late,0.0024431732665682934,-0.0021197266400762547,0.002717102544162623,-0.0012316436356672865,0.0024266762511086994
flowers,-0.002353720331608752,0.004834362350329307,0.007874990666021164,0.003360586963110012,-0.002318383958762932
meat,-0.0019174010733240285,0.002413431499242229,-0.00807786656918956,-0.0011815769806356841,-0.0037663360825579044
power,-0.004683540479841831,-0.0024187657466644883,0.0017735237902808307,-0.0034442834285552176,-0.0020131136163239545
skin,-0.0012824521743987046,0.006205110000695491,-0.0017647727717709,-0.005022020097895222,-0.0007092864009257794
green,-0.003255916633522482,0.00021160065917836924,0.0018105859586174473,-0.0010586062878204842,-0.0021165024394621357
heads,-0.0035067838953898554,-0.0059470072540295715,0.001472499031008428,0.0017817555901685628,-0.0007105605124126136
promised,-0.0035263346428130635,-0.00010447224215592538,0.001606407537043243,-0.002697409720328338,-0.0018149095312907707
mine,-0.0037543544994333724,-0.0038983638846663256,0.001563588614755637,5.9109736236414085e-05,0.00019181442856133172
saved,-0.0007390215245467895,0.003054955598386007,-0.0009784776344437132,0.007299294356510287,0.004889560303780297
certainly,0.0015582901828001025,0.00326670584003358,-0.005188966207529157,-0.004021818022197817,0.0007746068204990276
sound,-0.002194186287811674,0.003491223208773659,-0.0006205613839193281,0.00020512319568122744,0.0006372803961516748
rage,-0.0025634289282589376,0.0005484244736350104,-0.004684365475695304,0.004127294563808057,0.0031462825838503164
everyone,-0.002396740044679395,-0.0020745287797375718,-0.00034846955136965156,0.0027967225174520215,-0.0002233382485724119
bound,-0.0009938425204754138,-0.0027001091046649725,0.0002229967799225784,0.0033078136882990763,0.0013786716961763843
eating,-0.0030967252733128626,0.0006784851500896379,-0.003757894186836917,2.8480180513501938e-05,-0.0016050405176930335
hungry,0.001897821488476518,0.0010793347849694678,-0.0023803287813491986,0.002832470650089714,0.0013341246291782441
above,-0.0023182949234504388,-0.00048353437708749115,-4.9956869110345216e-05,-0.0039053108079442683,0.0007186210245912982
search,-0.0038347039435852994,-0.0028974947055379367,-0.003996116312727566,-4.244007897884433e-05,0.0025107670072758055
weep,-0.0017376691507453108,0.002741895709664286,-0.004266686749469546,-0.004275549555940493,-0.00033825907753228505
lucky,-0.0015303178222605628,0.0020209290014348243,-0.004974621505593122,0.00516459141728018,-0.00499691962751044
harm,-4.8897419764272843e-05,0.0024381857772416264,-0.0009149086419699905,0.0002891195332043199,0.00308226301945735
sons,-0.006359297520210019,-0.005386921679052217,-0.00037722259786505366,0.009033818185661438,0.014384410149097509
dinner,-0.001866380089403989,0.0020108262279233693,-0.00021984495110123533,-9.282463860519709e-05,-0.00016495934989228908
paid,-0.001741210957766275,0.0003065090635485631,-0.0028468498742304947,0.0012548309388236666,-0.001622964658435169
path,-0.0020516795312679422,0.007051695032681747,0.002095935751306047,-0.001192894018140471,-0.002562008308690005
year,-0.004901096176107578,-0.0050365121159682315,-0.0009193202752025061,-0.0017573560164265308,0.0027966090576717288
climbed,-0.001679840930525322,0.001037887233187969,-0.0017058553386737772,-0.006371254064813949,-0.0024859763216498717
branches,0.003190696230755818,0.00025207860890170063,0.0022005537104610503,-0.0005527178199171083,-0.0006632622294199523
six,0.002962367823896373,0.0032383914815873336,0.0033165321378039177,0.001498156291170857,0.0011982267133212564
thirsty,-0.0023035305537948405,0.0012202094331487507,-0.0010106004121691317,0.003459019990265447,-0.0020413808965130853
dirty,0.001244844599530718,-0.0025605531695441545,0.0037782729828760085,0.0011535870954771414,-0.006353693713102568
lives,-0.002646508405359502,0.0007604491424100904,0.0001146494250485804,-0.0005272552461232766,0.0010889505000427331
willingly,-0.0037220385369204248,-0.0007818696473955297,-0.002723292886856486,-0.0044491781577875094,-0.002079008332500026
pushed,-0.002539859982880686,0.002640264762659729,-0.0010932447006028365,0.00025556717618777005,0.00111253248738962
fair,-0.003511059780208749,0.001351077888592171,-0.0035336545806177364,0.0008127171732499629,-0.0016785630153499107
seek,-0.004212212845490207,-0.004896434604219578,0.0019449522361275865,0.003816452064017768,0.007713596927129304
few,-0.001722754288606628,0.0004016764495436863,-0.003719827216438636,-0.00231627426613487,0.0055127949709149315
pearls,-0.005017650896192951,-0.003046566017381616,2.3315297274354445e-05,0.012858256260829325,0.018377304072777313
sorrowful,0.0004380718242448003,-0.002876930417642508,-0.0009888780000883142,0.002892679297485928,-3.606770040955568e-05
obliged,-0.0028288981940529996,-0.0004751026769228969,0.00047201955073310496,-0.0036643335871461343,0.0022178968085883716
burning,-0.002245178027641731,0.0026402415407564216,-0.0036204288141918704,-0.0047298863700115336,-0.0004095087366643532
between,-0.0005109073210418813,0.001083005149165046,0.0019181129848781435,0.004369253842554758,0.0026890639253463757
broken,0.00030669504695663265,0.00044036516941649295,0.0019840864142464487,0.0013846629127582178,0.0020120674368083844
thousand,-0.005646807779714823,-0.004193577439712631,0.0036115013328961495,0.0013374522931120837,0.002569907762013455
thereupon,-0.004927081636826109,-0.002479392404258459,0.004557016663604615,-0.007258230392143741,-0.002068952257937702
sad,-0.0019274820292555894,0.0023837203740219594,-0.0021464806151581073,-0.0005092768925351037,-0.00017899940344990228
counsel,0.0014823959869607567,-0.007732250723381847,0.003325203422282662,3.551630211228149e-05,0.00033134885853836814
steps,-0.003781688669173056,0.00010597741590217926,-0.003987750742734579,-0.004066010030945423,-0.0012581882671726928
shook,-0.00013572742784333724,0.004363878595160744,0.0034736664455617973,0.0020141286453202495,-0.0022304611751233073
tears,-0.0015851035310003756,-0.0005319204072241528,-0.00045935627258960926,-0.003239831603146698,-0.0009591342349108787
empty,-0.002241967481997064,0.0010464907760395056,-0.0028987821524078224,0.0008581902050055486,-0.0022376914644787857
play,-0.0042225609107578565,0.0015409356180792085,-0.0023879367225163803,0.0021134530175032046,0.0014439685937353377
break,-0.0030770788697739478,0.001629879183651952,0.0038935192536302134,0.0012791866618550181,-0.0005303789676615789
gathered,-0.0025202605458286877,0.0018885685185096638,0.003603614388693194,-0.0017095484884691965,0.0028404427681033204
immediately,-0.0011246836647341102,-0.0024073920630233937,0.0010354695858044197,-0.002218061692988174,0.00013638650616952164
changed,-0.00329559215693097,-0.0005930729865089902,5.334130699112405e-05,-0.0005389406062930145,-1.8452554404339347e-05
beside,-0.0027165092704168614,0.0005087842875010507,-0.0005385097273038082,-0.0054692773691744296,0.0001845300745839847
body,-0.0008728257568277746,0.0030296358265654733,0.0014983210831193236,-0.004029532231173336,-0.000374717295306388
won,0.0037939392536648743,0.000951832456123874,0.004525024884012638,-0.0020854363643336505,-0.0003433642995465129
quietly,0.003960623489878952,-0.002046615437377266,-0.0018568866155482956,0.0014695937322378515,-0.0022136963832024206
knowing,-0.0025647081784942035,0.0007292744479655292,-0.0028890079499760096,0.003427211736325495,0.002248414999724242
softly,-0.0012196222625591347,0.0029751865785289724,-0.0006531437317943493,0.0024806322169849196,-0.004166552293433587
arms,-0.0035187595357433292,0.0008537371142540871,-0.00018183705280134325,-0.00670494219702784,0.002902071399557102
silly,-0.0029892928484166305,-0.003057763253985012,0.001362881882347617,0.0017814785875110042,-0.0009183317436520009
swallowed,0.0017453996264129802,0.009556525069900694,0.0028459964118621147,0.002114730804519577,-0.003217530269454284
dressed,-0.0024948880155321726,-0.0005846821559987262,0.0013131046197074443,0.0014860091795133698,0.0015960518033912652
happily,-0.0036858997249213867,-0.0028974002417632263,0.0007188042065404114,0.0031813184554544513,0.001970489259034603
deal,0.0003727612287974288,0.001176584066269761,-0.00790846868307034,0.004390334371574848,-0.0016138050753544074
meadow,-0.000457430105031104,0.006042251515748159,0.006341774594900043,0.006381678363376725,-0.0057901560600538485
pillow,0.00040606715270099196,-0.00017805117829437124,-0.0034469186363769774,0.0014188991922601001,-0.0015665004359655343
satisfied,0.0003809019667749157,0.0028666536277883723,-0.0011890541988174021,-0.0028575477486337247,-0.00038621702568936324
presently,0.002348409442702061,0.0020843158071977845,-0.003572742688003074,-0.00214134299922707,-0.0026834710893107903
ears,-0.0011710225080078204,0.006350947358859188,-0.0027588353579466474,-0.0029264293539355874,-0.0008397765878373956
stream,0.004170536984453243,-0.0004023383664986757,-0.003417353498865719,-0.004173075354643249,-0.0010810435303743682
hurt,-0.0021220460069379023,0.0016292801225370104,0.0019243883509283142,-0.002722111202288878,-0.002115506415800176
sword,-0.004302965757821246,-0.0038271781382885712,0.002559183119109084,0.005279860228426426,0.0009072888370380747
church,2.6476003331029925e-05,0.0034236776590108285,0.0014007989868935367,-0.007558649042956728,0.004024241404834069
whilst,-0.004326097096354294,-0.003377849759878343,0.0009794914211030035,-0.0003733476766142336,-0.0025963061983829507
knows,0.0021699013323572235,0.001690194309880025,-0.013258558388332715,0.0030996728767146804,-0.004689688123424718
lips,-0.002219780457505394,-0.0011613822609863806,-0.0033092767348286514,0.005224572149216085,0.007620430168670859
returned,-0.0014770519436353253,0.00015019517856456355,-0.0019231328686738307,-0.004969825104816492,-0.0010511256655193117
evil,-0.0033340005544819544,-0.0028813884746215638,0.0012350383429756986,-0.004778464699979538,0.0006383617181921826
stayed,0.00023810808687453608,0.0029214501052418278,-0.0014071060504305673,-0.003075784618029409,-0.0009934583159131032
fortune,-0.0017383817584843801,0.00208238201578375,-0.004555165076733024,0.005106742782805007,-0.0033193300198668704
advice,0.003246726739657829,-0.004296235501515557,0.0020550013896134356,0.002087976075133785,-0.0015799468032970728
says,0.002256812497779009,0.0038133186981629697,-0.004846360122590243,-0.0011051664044693906,-0.0018827746888676518
sell,-0.0030784504056497056,0.0015995284403113091,0.00015352854064053486,0.006344978327915935,-0.003594339577209699
played,-0.0029822473142375057,0.0005387148421837785,-0.003487297961009645,0.0032250942786805023,0.000628628736665641
city,-0.001485275967519456,-0.002987875066865983,-0.0024293155174817094,-0.0011010505426883742,-0.008528369190572737
false,-0.002987937497292774,-0.0024288045212025777,-0.001448884450013065,0.002084233264568191,-0.00490518574657025
fetched,-0.00067311941695908,0.005096338308434777,-0.002753421428124064,-0.003423790931984281,-0.0015902777199072933
follow,-0.0024288339089015482,0.0012248547286625286,-0.0031045046902039262,0.0033595922568526314,0.0008401669050069867
buy,-0.0005408674437796512,0.0030970877637660713,-0.004837379191457254,0.0019196663984292705,-0.004024348694412444
uneasy,0.0003594879793409438,0.0021383140663190237,0.0005691069953387087,0.0011901313765166094,0.0024205277437572845
sorry,0.0030726144097847313,-0.000798909522116741,-0.001598881514342942,0.00011106012674146958,0.0021382687754862065
shoulders,-0.0018901604480578117,-0.0011433790280968611,-0.002310453968400014,-0.002785379882558913,2.3956470509472362e-05
earn,-0.001174616758302649,0.0021813029664227955,-0.0023347347183337174,-0.0011073297582462082,-0.0019267975903936307
hidden,-0.0012835606564010435,0.0008441520653433017,-0.0017799253722255762,0.0023651184286238806,0.000604692653066861
stars,-0.00521698207852136,-0.002969794562422272,6.412692108876551e-05,0.0043380381165823555,0.006391247425212711
used,-0.001402492040844433,0.0050319531160497345,-0.003097364060575583,-0.001483285271211385,0.00290035063014733
wall,-0.0035848529145573057,0.0010607592790385682,0.00032253462156291537,-0.007293966294294445,-0.004297760050032516
bought,-0.002162869191881248,0.0009634387567338753,-0.0020488983569167665,0.0029769593045069704,-0.005134733434204071
plate,-0.004919368234757745,-0.00442684186489334,0.0011236711164095854,0.005982839352897325,0.004384394134824956
itself,-0.002218440857495887,0.0017906850598786196,-0.003837108596867508,-0.001184444509625275,-0.002977260779120409
desire,-0.003744955515040146,-0.001722769049018717,0.0016156259893442568,-0.00829291313705559,-0.003166950048612766
axe,-0.0032337408279996126,0.0032539304190645876,0.0011658415287010375,-0.004137434256049798,-0.0005313695232333939
hardly,-0.0013187212710029342,0.00130819515807845,-0.0006540487298767999,-0.001222174321549528,-0.0013027853144343103
wonderful,-0.004325788851079653,-0.002775708158119677,-0.0009262272552412617,0.0022045639736576637,0.0008879041383486261
shore,-0.004389627416940786,-0.0015438721248642129,-0.0013034497737213614,-0.0003206381914864427,-0.0019590133226263726
entered,-0.0015012385277732181,0.0029496295131134433,-8.432207705721718e-05,-0.0035625327449792608,0.0015088809890908238
hid,-0.001371604332093432,0.002128536102887104,-0.00037300299580699686,-0.00016453736217618843,3.2623472267988906e-05
mill,-0.0012096457102318615,0.0045136233667221115,-0.0026977235320718826,-0.0029645939338221604,0.0009393024584333562
floor,-0.0013019455691734459,0.002958589929168352,-0.005927166675451146,-0.00041125752553306823,-0.000993665590711771
taking,-0.0037093286920822813,-0.00232288034703876,0.0018695440592607364,0.0016374116002874943,-0.002976182139430318
daughters,-0.003859794203557592,-0.0015865950263271276,0.0020972438113678942,0.0041529469864484,0.0009747560866272324
cry,-0.0004233094291664386,0.0018158488502297986,0.000440198719471366,-0.0015227724306430626,0.001832290331626797
sheep,0.0006010482183512094,0.007879829263884988,-0.0014578622669737112,0.00037727400244235484,-0.0022234346074084884
field,-0.0002086566588338383,0.00726009604954109,-0.001389493211460253,0.0017856885525507655,-0.0063765991137474986
fields,-0.0004936698672226973,-0.0014701346852471506,-0.0003078112249287343,-0.0004378107678063789,0.0012252868279809136
business,-0.0018418816301625568,-0.0032892540345200467,0.0017578851963433238,-9.341344633212906e-05,-0.0001355759089475422
reward,-0.002336288121029192,0.00033228252819205307,-0.003240765038738419,0.003304477097359707,0.0003358199351051102
feathers,-0.0006283827749718861,0.003061459359887672,0.0036911223615266457,0.002190304863807331,-0.0006397409803267383
forgot,0.00023923062085586425,-0.0003287054816298121,0.0009298872397197659,0.0019351786434073411,-0.0018875438325550973
form,-0.0050651844249389125,-0.003071229290849303,0.002223586904741975,-0.0026369840147515374,0.002734359365893954
shone,-0.0031998927899895796,-0.0001624239788015351,0.004622691786100026,-0.004044233668001639,0.00251640946256211
received,-0.002704859005913819,0.0002834909885351361,-0.00017447672616657925,-0.0014911729358108375,-0.0015626803287684832
fond,-0.0008620118531122853,0.00047982685396320504,-0.0014489012587788046,0.00324858660873204,-0.00023838896153491622
dearest,-0.005104440085325283,-0.0030981346885579,0.0033762627306843616,-0.0050571114210642325,-0.004110579626192266
wings,-0.0024477029210804957,0.0007966094210181445,-0.0007664888627888662,-0.0015606270127575053,0.000768705192185109
forward,-0.0007376117253237342,0.0012224227202103164,0.0008436146575701045,0.0025771771435813824,0.0006801561388445124
willing,-0.0025225984268034364,-0.00036389146152706193,-0.002187433467513379,-0.0031117453046748266,-0.0015970118194313667
meal,0.0023492744393359033,0.00392825057535141,-0.005976094251700988,0.0005224791935626764,-0.006823790715997239
lies,0.0021837241555745057,-0.0054895416670104474,0.0021226873535492223,-0.0027517402239089096,-0.003596415175960332
waiting,-0.0020444672490399695,0.0014411331196192945,0.00013890280486558704,-0.0007398360361123163,-0.0013395940768886738
covered,-0.0014130640799652817,0.00534662317916745,0.001574057657758054,0.00019202455288321437,0.0021828132190303243
talk,-2.8078384629967475e-05,-0.0026035780636012884,-0.002281720021145567,0.0011589233608609898,-0.0025287536328830046
new,-0.0015440907579123257,0.0012901620307292985,-0.0019655941570142442,-0.0023819281825445396,0.0004891974258371531
travelling,-0.002053508283890384,-0.0021951514320884,-0.001720962873912789,0.0018665573561639209,-0.001696436692663374
tore,-0.0027187474212228323,0.00268276534683846,0.0014231895186622942,-0.0057066140336675415,-0.0005008070326316732
sought,-0.0012159387131057513,0.0017459937243983553,0.0005786979422365672,0.0021243105352839226,0.002639641678746703
fingers,-0.002758451527843504,-0.000874905732458852,-0.00020111961370968389,-0.0021669740402993636,-0.003958867420961843
leg,0.0014357207349833165,0.001813249294768,0.0005246248980137634,-0.0021478679911490035,0.00103715224933691
rate,-0.0006325219013594115,0.00019224609014260505,-0.0034041772382078046,0.0017169282075147085,-0.0010927044145955763
easily,-0.002011000763959422,-0.000619448575789716,0.00042951590562028254,-0.0035981426584856813,-0.0007787322729842667
finished,-0.0014340950675175194,-0.0005023499637920234,-0.002050590963241014,-0.003442920119625999,0.0010844715471688528
watched,-0.002746637254358607,-0.0013840525799940799,-0.0013088822888600786,0.002695628674632209,-0.00260703594350159
roast,-0.00019788086837401044,0.00680469963200628,-0.006283314907093125,0.0018006601097680065,0.0009664666037049745
ride,0.0014022922856179421,-0.004829005244908145,0.0012211757366046082,0.0020682803020412683,-0.0031440858101590297
hanging,-0.001187138988096254,0.0022137635934055687,-0.0015237070857051563,-0.003641923756174414,0.0007070077359523368
worse,0.0005092558053445451,0.002216239501492503,-0.005359615483367279,0.0029961591164131907,-0.003527484894898055
answer,0.0027057920988828215,-0.001221391385593829,-0.00024115330256319883,-0.0023065693557355435,0.0005602747452650779
bade,-0.004411891920758332,-0.0008039428358787424,0.0016235689010133452,-0.004581607638123501,0.0009595622165148751
reach,0.00036833594450817606,-8.331344393602799e-05,-0.0004475517404678775,0.0002425424972265531,0.00031084124326148476
courtyard,-0.0035655191402023906,-0.0020198686994791315,0.003013200020273673,-0.0005737918402706769,-0.0038370532622979494
pay,0.0023886899996339215,0.0019762005560615007,-0.0019268263870394302,0.0019056640314415066,0.0011839765809527176
nest,0.00016713108172261747,-0.0009704870043564204,0.0044881275355997735,0.0027107322334850477,0.00581011534721604
pair,-0.002313431025411652,0.003786751866527448,-0.003913110945529949,-0.0007631358060319818,-0.003239583994497466
grief,-0.001360903327038634,0.0007440918958703352,0.003300828186132003,-0.0036017881047341153,-0.0015245326751807653
following,0.0042517283580183205,-0.0035078910966996166,-0.00296268192906056,-0.0033754540929026608,0.00047738737384548085
comforted,-0.0027472884134504007,0.0020937474299247924,0.0026889932560793333,-0.0017063237385931238,0.005320673699487167
either,-0.0035888709649584327,-0.0014649230213577321,-0.002188365333005477,-0.0006505873339878967,0.001848929985806971
drop,-0.0006075085819832141,0.005186067084287541,0.0006432933324442484,0.001254928201038543,9.305069347356229e-05
screamed,0.0024722281055876826,0.004870653951124496,0.0032954016194774063,0.0009782537343926805,0.004440826997805139
merrily,-0.0007720748054470106,0.0018061591140180813,-0.003939232560742112,0.00013458110722916187,0.0054158607619121295
grown,0.0011486497172768077,0.0007434152533606212,0.0005026527564957404,-0.001883751778331595,-0.004129343444456611
nice,-0.0008471473365808022,0.005644559485112598,-0.0023412525661671915,0.002445657507748814,-0.003645484344004739
promise,-0.002259948116159071,-0.0018563386341305744,0.001882492718447207,-0.002904638520260712,0.00035025589472732044
shot,-0.002171363102221465,-0.00460552807094966,-0.0007121045745766217,0.002096907697672599,0.005906879047209204
allowed,-0.004553977626731118,-0.003344235028146978,0.002678532300098894,-0.0052057248316580915,-0.002832682386055004
forgotten,0.0007614025917665093,-0.0031279517017816804,0.00010868662442338309,0.0028724740088994414,0.000606045410867912
getting,0.009638585162042804,-0.0038400915854725193,-0.00349242902342358,0.004351012794436666,0.002001620232932415
hearing,-0.0016532521821287147,0.004095931466587225,-0.002261995938833012,0.0011005618913958518,-0.0016637179417734484
supper,0.0041782921196469825,-0.0008054807268084125,-0.0009154249732426919,-0.0009073344779879888,-0.0011334284814423035
managed,0.004727229837249524,0.0002734915094803661,-0.0025633188296772013,0.0010752582531153856,-0.005035456847468649
fifth,-0.0014650335525436243,0.0032256553380930206,-0.002611151413946479,-0.00010678601475986452,6.85432870160943e-06
visit,0.0013105010315158441,-0.0021222611031357884,-0.0007546875745656611,0.0016579291029269032,-0.0013353508726706024
stolen,-0.0010991104583598867,0.002582944654246892,-0.008176414572403078,-3.21847346448492e-05,-0.001163821057582591
goes,0.004266107069130781,0.0033902285298501185,-0.0008405809607660185,0.002259315681679331,-0.003998778196777268
screaming,-0.00045855010140468235,0.003492655891948426,-0.003674628042563583,-0.0040264785574434065,0.0006217822064394174
summoned,-0.000972006475857559,-0.00032713905062998377,0.007224772920818915,-0.0027469122566472276,0.001004665810780985
reason,-0.0007704716281825527,0.003188146495226372,-0.005578040591190298,-0.005147598260650619,0.0002912847824888996
seem,-0.0005961471078290011,0.001140637045716049,0.0009162481733664173,0.0032364708953765684,-0.0026483650981079486
five,0.002263425970011345,-0.001272617727612981,0.00040172625319751356,0.002678840849065118,0.00822560600279051
since,-0.0019387956158453741,0.003223920454087864,-0.0009098849554895873,-0.0019029573439026785,0.0019475106768106491
service,-0.0032315458868543896,-0.0010432158830330207,0.002916607200850768,-0.0028759082538924847,-0.0010142096868786523
burnt,-0.0014792376619487844,0.0040724885769588305,0.0016297653164188167,-0.0033224325032456194,0.0024098253489088445
enchanted,-0.004060051540127628,-0.004093320013044376,-0.0009027972276167663,0.005935837081743597,-0.00041900727348048267
instead,-0.00254268415154805,-0.0017469952885091487,0.0011226789613173794,0.0022517236863954476,-0.0038484409802091424
worked,-0.0007891159813333867,0.00041254636813791465,-0.008364971540117977,0.008292001561847322,-0.0015796063604165728
terrified,-0.0009646171825307783,0.0031989238081229993,0.0009089734091309455,-0.0018493037406800805,-0.0009762593612773783
bid,0.0022233889372753894,-0.0037696634216713393,-0.0012576617574379403,0.0011112709745069586,0.00011164788396184304
knees,-0.0018053490585769807,0.0016609784819013877,-0.0036208609542607607,-0.002131406616996239,0.0005599601391984555
kissed,-0.003652445880769343,-0.0025549102439544496,0.0019686588672581935,0.002903427078875826,0.0008837153096566133
game,-0.004336869557723383,-0.0027976345840075587,0.002995664522669023,-0.0038846420947272575,0.002397951868562363
sort,-0.0043470161519051816,-0.003971674294514861,0.0015541522381613338,0.0009188412948939387,-0.0008036348632810642
shoot,0.00018828698906810104,-0.001296286429213178,-0.0006793776313635801,0.004404411953112156,0.002220357566270162
hunting,-0.002259927746520321,-8.935219516209748e-05,0.004744040482442444,-0.005857036137754808,0.002281878991870224
nearer,-0.0007396201073374498,0.0004977493094955628,-0.0011216175847305679,0.0015480213031966513,0.0025710718380918493
flying,-0.0003314456200419905,-0.00046709206056391196,0.0027923114060927462,0.0010219011786244774,0.003961547580935029
filled,-0.0004175911498326043,0.002481314650693233,-0.0006605384870906889,-0.001774492790133474,-0.0006750336137268773
surely,-0.0009816120194418637,0.004833513211157201,0.0003712126291652465,0.004720138981173585,-8.44747615554929e-05
shining,-0.0007060433382320141,0.002857029463634363,0.0029450531047744578,-0.0005858092724536246,0.0026477366597290573
travelled,0.0001117018740332574,0.0007791745249890589,-0.0035481629957069614,0.0021597926130127697,0.0009047837344245782
shoulder,0.0015710288498227466,-0.00030439798476803923,-0.0011680630866074335,0.0017713573998514613,-0.005345467501624654
passing,-0.00016405058790721212,0.0011778350820413502,0.0006401074723226149,0.0034766841787039976,-0.0033077281764558038
send,0.0020448860993895063,-0.0010505908823193741,-0.0010757433856210337,-0.003905016310411563,-0.0008320115193658702
inn,0.0022563396945666243,-0.002149488573513161,-0.0005515171066947685,-0.0012116441958673722,-0.0008473616116781202
tongue,-0.0015876627279545299,-0.0018649356621560878,-0.00021036187468881782,-0.005223726849651162,-0.0017989703762655229
unless,0.0020890802800845884,-0.007853604670235308,0.002282313641233807,0.0013158444084367187,-0.001982668442371144
arrived,0.0030516755882986166,0.0020164595949733154,-0.0010477158082338217,-0.003534305188659011,0.0011130524137284465
dare,-0.0020359878983608583,-0.0008026285301991371,-0.001728606448664457,0.0009312164762968297,-0.0006848320339516164
wounded,-0.004201511291605263,-0.0023105022619543574,0.001095933759308093,-0.00010004214525043916,-0.0010145518273103427
greatly,1.2099765800609145e-05,-0.0033065183141523778,-0.0007994812129559379,-8.340297166126211e-05,0.0010935809313480005
suffer,0.0011631849270913991,0.000953409748703445,0.0012297691327651623,0.0009242784865750909,0.0014087346337597383
served,0.0005956627181532471,0.006069772673830422,0.0009963824094460106,0.0009432497889054059,-0.00169920050145907
sweet,0.001574209440508683,-0.00035590976189940333,0.0010144944721420701,-0.0024584365241885607,0.00387598389789375
truth,-0.003665734740479375,-0.003059775950547284,0.0008953183065626803,0.0014080689311784065,0.0009018938837460301
twice,-0.001780786955713543,0.0020467802819834607,0.0014476163132740045,-0.0005604560665263133,0.0010864932426779092
mercy,-0.00102962920659708,0.0015451363783959172,-0.0010203992362136731,-0.006718794490138819,0.00013881575833011626
further,-0.002876466192027006,-0.0008386690807770919,0.0020774973019331826,-0.0012490668041509165,0.0010419696952156598
begin,-0.0003254088111365686,-0.00043687808835977867,0.0012978529541419533,0.0005499928609417366,0.0032280924809473983
stole,-0.0015723376808058252,0.00048406703894382904,-0.00284846174402665,0.004248318033587567,0.0039480802758128635
tasted,-0.0022607852114710316,0.0010097226165359057,-0.0019068951785443469,-0.003072502340332352,-9.330316041073347e-05
clean,0.00118772750510959,0.0009063169786203042,0.0015835095875543434,-0.001029446513243629,0.00028507108423214635
laugh,-0.003544602827493837,-0.0006860218155896297,-0.0006075824016744041,-0.0007323442700837093,0.0022695188676957793
clear,-0.0014315788732482309,0.0007561571590631648,-0.0005696814119036804,-0.0034018427027598525,-0.0024705983137518527
housedoor,0.004882507687005245,0.006922514945586134,0.0006914430331237075,0.0001551452397520837,-0.000737960259730399
eight,-0.0011541495717554528,-0.002784168919755555,-0.0006197657474762346,0.0036550966455810288,-0.0009207833202931136
stir,-0.0030926942779128555,-0.0017717610139753434,0.001843841136651725,-0.0029678145730076756,0.0005422939805643909
bit,0.0015622891665128522,0.004864793060687579,-0.0007929296649542649,-3.0581209171023185e-05,-0.0014638582198855067
tied,-0.0008575945218676997,0.0024230290936703386,-0.0018510923097983761,0.0030649201691009256,-0.0010525049186206746
although,-0.0016836877668429022,0.0036670295548962128,0.0009154272111127031,-4.138060315254664e-05,0.0013254675922002536
pale,-0.0028663258983163457,-0.0010668102441906031,4.9628278109858e-05,-0.002047507389507703,-0.0011922272252717534
ourselves,0.00018245053961434994,0.004981315739441402,0.0035507854376305064,-0.0014394307568374504,0.0009397031894814391
today,0.0013871236132356674,-5.7130525644593645e-05,1.8952891923387958e-05,-0.0011598831872434176,0.0003329369081299785
brown,-0.0003640552823383224,0.0023436761224201914,-0.0033605520219042438,-0.001504951178691229,0.0004606936863015835
certain,0.0003393295991177107,0.001178565371701338,-0.001392311027665756,-0.004465053470598722,-0.0002872762966040946
helped,-0.0023398762493075107,-0.0006858469148228769,0.00035079972084177684,0.0016182663835930592,-0.0030586700502958767
kindly,0.00023663738782460665,0.0020786318453451776,0.001208805694991832,0.0030004835522430924,0.0004974924997715262
dared,-0.00221931085017938,9.396920032109189e-05,-0.0015951616669059668,0.0013402252638626722,0.003563527923308197
sake,-0.0024563337156756327,0.00043038012342383686,-0.003894624378419457,0.005819815152856735,0.005674219087041001
usual,-0.0014200440012919115,0.00047053679589793287,-0.0029929268738013454,-5.729182639111475e-05,-0.00028870254502161535
strong,-0.0027003549697948606,-0.0014438576013410757,0.0022423984898794964,-0.0009425581223807897,-0.002543161302247301
arose,-0.0033283575386674593,-0.0012587914950694381,3.263856139801954e-05,0.0005537367319623129,0.0005037584654883284
venture,-0.0013358700306567305,-9.01839589501326e-05,-0.0005666175072219392,-0.005346678548444318,-0.0004390227828772003
escape,-0.0027405942408962455,0.002772225587680347,-0.0003528463696369635,-0.002924787158643274,0.001725402297964061
delighted,-0.0007687906134282239,0.0044165949389230914,0.000280148646201743,-0.0003736942331608916,0.00038071678794961297
nowhere,-0.0005901283331578928,0.0034843224148210505,-0.001208954842802413,0.00022128406810279744,-6.278790733148933e-05
built,0.0009016415367304978,0.0008082543105352713,0.0003299400171606867,-0.003043333020135104,0.00030177074873883556
company,0.0014553689410699764,-0.0005647018010127821,-0.0027009265232511214,0.0010047901019441953,-0.0026930274351873056
scolded,-0.0015596310438823681,0.0014559542491562202,0.001994775174437242,-0.00562846653943572,0.0032910887511147574
loaf,-0.003195925081680716,-0.0014089648999939947,0.0003546871269603003,0.0028651139175725716,0.005381520703032541
beauty,-0.0035317649378260496,-0.00411834054363526,0.003172929551860897,0.0009274433143583726,-0.0040806319082971896
kinds,0.0027672879174717915,-0.0037797956101930036,0.0008618870939652999,-0.004392908174451086,-0.0017320515659458712
lighted,-0.0025827226100563674,0.0016777008437039891,-0.00046752211369340295,-0.003131657496070922,0.001499568381834885
gift,-0.004016843512790169,-0.003626119917429904,-0.0014914515083435465,0.008067941736475574,0.0013542873891271112
chair,0.0014454321127610095,-0.00010519166971958001,-0.002328566491873062,0.00011971309615961538,-0.0023033918329129002
creature,-0.00017879871813690975,0.0046419913474836354,0.005787412339511654,0.001962875308978935,0.0002689780972949438
sudden,-0.0023504139736140075,-0.002559979934783211,-0.0013367864496289454,0.0017452272263980967,0.003646646736414651
ease,-0.0003739020079370431,-0.0028332649816210143,-0.0012975984501690679,0.0033006681731942546,0.002893578857190823
sits,0.004005276626118432,-0.00037104635853462754,0.0029614649663287297,0.0012283602733912876,-0.004766377586950085
catch,-0.0021494554557183196,0.0005225701104275231,0.0023359056219398183,0.0009239943031460974,0.0028850851450836763
swimming,-0.0028320655536109235,0.000624897111501208,-0.0013917446250064833,0.0018246404712937367,0.0054382928275047895
dropped,-0.0013063466260217823,0.0009953344959760316,0.0015299770923926422,-0.003702026397537763,-0.000990981215667176
settled,0.0010073567666163755,0.000986443664287229,0.002051053301663128,-0.00045439749456431457,0.003319630594745912
lose,-0.0031760452148297496,-0.0031523253688671643,0.001542924616634571,0.0017277421843520007,-0.0019195225762538588
whoever,-0.0031297560797740663,-0.0033692602688677807,-0.00015662181559573701,0.004591492374986864,0.0008676973823741388
rejoiced,-0.002130374673249245,-0.0014895990250208184,-0.0005803330097983377,0.0012968785822970637,0.00011997191319507951
known,0.00036716714680509873,-0.0027467010023914332,0.001215015955430401,-0.0009155559297777281,0.0027187604983849247
almost,0.00144791997737056,-0.0009353790972889089,3.998542223859437e-05,0.0006357905881007349,-0.0014697450041244399
teeth,0.0003073523559012236,0.0055879665331213845,0.003839819429414848,0.002993055778234443,-0.0015234202333584935
bush,0.0007840129724768658,0.004002868568540525,-0.0032524330266164563,0.007518149579593385,-0.002660635730233741
hearth,-0.0009770032806808787,0.003158655825346086,0.0006089989043935887,-0.0024530726697466515,0.003250360250108923
midst,-0.0015147777715400306,0.001407587909944915,-0.002480758813245207,-0.0002573346476139171,-0.0011732842408193793
loudly,-0.0011530278230205662,0.0023973384661176976,-0.003405069356106657,-0.0034094198586941808,-0.0010702357726425787
closed,-0.0016532048822473719,0.0018842759374845977,0.001483578070604036,4.7605979301392395e-05,0.0027758996905069477
seeking,0.0011556124892839047,-0.0017201954132275994,0.0017883840100538495,0.0015523294244979516,0.0041135204908920725
prayed,-0.002627174931543397,-0.0009541483380253429,-0.0010957312089636228,-0.0007659151739364379,-0.0007553702152758076
riding,-0.0018303507934467093,-0.0003936838205906721,0.0017982955258685318,0.001360229094075243,-0.0029745611575033646
raised,-0.0015366194349004,0.0011658166109283254,0.0011118554403925385,0.0011106115986153629,-0.00070578541617332
ones,0.0007263546356489741,0.0008661602189234197,0.0051124424356384125,0.0002961572947105123,0.00023371034776617394
quiet,-0.0010007198565368876,0.0018542072632649546,-0.0005877641311476332,-0.0012620299870576763,0.0016946033875316613
refused,0.001389295240022068,0.0013803908588487484,0.0014686399238457379,0.00022553246282926926,-0.0005912220843200207
overjoyed,-0.002800026367976323,-0.0031810265888744,-4.2892820644515955e-06,0.004306770583878516,-0.0008631110175369158
stands,0.0032372585440787302,-0.002669202658087286,0.0015871342494893134,0.0009730549432950169,0.0032205275902124943
often,-0.0005590195558333523,0.0032350054142390046,0.000814244091034763,0.0011468973584727246,-8.417803973584486e-05
astonished,-0.0019776910746438043,0.00036380899958685033,-0.00060712289618853,-0.001487408101759651,0.0017267767370432619
weather,-0.0008377990939094874,0.00021370099522612776,-0.0016078497565896917,0.0007933579867710612,-0.00029268828431353445
safely,-0.0005416245052464335,-3.662924906803042e-05,0.0006053687614969291,0.0014285948789071181,0.001075536292467466
prize,-0.0018316363786488872,0.0001520817752422049,-0.0013651898388321625,0.0036021154258933704,0.000783409746305634
change,8.428815158006306e-06,0.0020726558537759545,-0.004623105643401046,0.00033123825384916394,-0.0018082940713860353
seated,-0.002410463326323215,0.00028945787253116154,-0.0006973604332123251,-0.0030419196219336974,7.201501050314169e-05
hit,-0.0006127534189891174,0.0017214190993145998,-0.005506485618522634,0.00017583951714367167,-0.0008994571035683595
grow,-6.484759680771264e-05,0.0004907892499328823,-0.00022740715276731074,-0.001097483139689935,-0.0010809905596024314
aside,-0.0018116570844711043,-0.001031645432094505,-0.0008017233562264196,0.002895071805681155,-0.0020781490830741843
bright,-0.0008043712498313169,0.0003545875689560762,-0.0015355150422570036,-0.0015444463336626026,0.0001972338298150219
offered,0.0003528480421724363,-0.0013591286638563124,-0.002297716419532731,0.002211380524185124,0.0010760454054417415
weeping,0.0032070603008657454,-0.0014321405548503164,-0.0019167058632718413,-0.0022422862761145856,0.0017874506901258593
hastened,-0.0014471727688699855,0.0007503545924704393,-0.00279802790575313,-0.0023151526376589677,0.0012176084240363967
inquired,-0.0002416293820394356,0.0011533978236719848,-0.003718065075929973,-0.004030548669628676,-0.0006296137283757611
consented,0.00041713977019102914,-0.0015513755712267575,0.0012818803940383846,-0.0026683679915441294,0.00029678752863668045
loss,-0.0026254394322381513,-0.0019639937621247724,-0.001203388338655131,0.002655865967366804,0.00459721523118613
journeyed,-0.00236648083200887,-0.0002928077763463524,-0.0009015324260856267,0.0033473038514631793,0.002218710600100501
friendly,0.0026605434280978124,-0.0039813261440555135,0.0005501240228221795,0.001488525894301294,0.004129755716551884
belonged,-0.0023926654074110376,-0.0009311419596909523,-0.00071947711490537,-0.0007267442829822377,-0.0008328723260348264
account,-0.001339827438538548,-0.001130626066448444,-0.0017262269158837724,0.003597715923203558,0.006937809919595425
sharp,-0.00015685690270200327,0.0009062573570255175,0.00046761063463532067,0.002815778752219102,-0.004814894994183508
happen,-0.00024983411076135505,0.0016674233841796004,-0.0012025667780315883,0.0011300365409692707,-0.0008479523671971594
heavens,-0.0011019710308543072,0.0023326342134368824,-0.0007547175338632437,0.0023917302501333827,-0.00122583077434732
meet,-0.0022994165176409643,-0.002808246407385292,0.00010996808583324463,0.0013319809830514549,-0.0018995629235716504
mean,0.00017153005129631507,0.00017686826383767946,-0.0023962999505957893,-0.0032203792527716654,-0.0003495690981697438
idle,-0.0012510373553587225,0.0016357140201110106,-0.0013325568274943846,-0.0010827986962272957,-0.0019449193748838603
reigned,-0.00293925319264343,-0.0025837505214542957,0.0018584566284262126,0.0005127601300150708,-0.0009207219057677197
walking,0.0018447116268575992,-0.0007894397612967335,0.002841066359789717,0.001610940178994401,-0.00019074282778144288
drive,-0.0014560057569150148,0.0008263969464432354,-0.004338095870764549,-0.0017848490724632212,9.402778014626366e-05
amongst,0.0006572664857849171,0.0033614535604413387,0.0007630744861547178,0.0021417981454552935,-0.0005880637178416839
leapt,-0.0023766193793832743,0.0007066735041516933,0.0011141408721415942,-0.005860037821092507,0.000588751278408316
beat,-0.0026047855200116896,-0.0007574450205432529,0.002332432641434692,-0.0008942863083124347,0.0031027652173476
spread,-0.0005712509908920602,0.0014370183165537819,-0.002074244734879228,-0.0013751690797282768,-0.0003778226231154225
honest,0.00022826991861927802,0.001167561083390168,-0.004289848735989859,0.003541185063507544,0.002156539537778062
plucked,-0.0018260278587831325,0.0014875777593565435,-0.0015906354375638627,0.0012360835302875196,-0.0003990693025055722
sir,0.002702461131081865,0.0012766410271285126,-0.0008996239880930372,0.0014151420863025741,-0.00276762176118188
missed,-0.000735705198521339,-0.0021000623379799355,-0.003274335358222816,0.005219046286798325,-0.0013609662626304462
thanked,-0.002327681166940673,-0.0010051789730649735,-0.0015309047436893556,0.0007565959459451577,-0.0003454725499709786
wonder,-0.0020547902977746026,0.00021456159405125116,-0.0006079186656085577,0.0027868012977614776,-0.0036947562138324153
carefully,-0.00046220777080944943,0.002638217406931452,-0.001457782169888003,0.002210006996325293,-0.002426100544080798
glittered,-0.0016760777965341988,-0.00015986347883439585,0.0020025977581606957,-0.00019009623626277058,0.0011068584429675418
worth,-0.0007572518394538899,-0.001294471576122567,-0.0034155584974946726,0.003327058657646415,0.0006354432706589096
wherever,-0.0024242872147657284,-0.000961889480885241,-0.0022352505976768982,0.00445513865833972,0.003666434922384362
peeped,0.0011597285825665105,0.0032493116329486062,0.0037406020263991337,0.00048241548695751623,-0.0012271693622435782
wandered,0.0012555680024554912,-0.0031677499666645202,-0.0006516891838040381,-0.0020896510620717255,-0.0013285972610993279
doubt,0.0006672985507590122,0.0007921365617639297,-0.003752288519281567,-0.0025607916056428455,-0.0012885219208246099
wash,-0.00010073001844481143,-0.00020311370360704867,0.0016083070335986256,0.0007043881908881521,-0.0010713237833810188
woods,-0.0018362149425317123,-0.0006194475699041987,-0.00027095557300285683,-0.0003783950223221294,0.0029747156693619766
celebrated,-0.0025461343988799554,-0.0009102325136754739,0.00018170479106142785,-0.003539681350630544,0.0002341237999185496
joke,0.0012545239974048928,0.0006137511469750847,-0.0003552146037147383,0.002269411920494635,-0.004383227242092608
birth,-0.0028663231974238837,-0.0012261740606263549,0.00031176399050949973,-0.0027679465430393005,0.0024776038914907064
revenge,-0.0016431633215268806,-0.00041960368699682293,0.0009369126452382136,0.003735955152650791,-3.0999582385298975e-05
daylight,-0.001393048151041974,0.00214127001619787,0.0011677846406970265,0.00026383096062192397,-0.0009695392201616256
gazed,-0.002940618849689751,-0.002775378672737678,0.0017577179173526778,0.0004201731274965399,-0.0024450739732230957
thank,0.007617662473104585,0.00016719176882158408,1.0500864780317196e-05,-0.001266073529928167,-0.0008052080219613335
continually,0.0020469648906175117,-0.0018224020379608381,0.0012169928482844942,-0.003598527162275268,3.897749562057575e-05
continued,-0.0008053560785773471,0.0001276933769887328,0.00384855065751155,0.00011719668543195794,0.0002713895405091175
during,-0.000875246187145884,-0.00033238126048032186,-0.0016790927160365075,-0.0005551209808748289,0.00033627170921891186
enchantment,-0.002388701587869181,-0.0012902904047688622,-7.318026278147282e-05,0.0016061132287655086,-0.0005816030139691387
possible,-0.0006064906330772559,-0.0008892701890462085,0.003438166096853389,0.00015635237182725248,-0.0016954318256647474
seems,-6.374384799282844e-05,-0.0017793989262981098,0.0008104351127166105,-0.001008071938039159,-0.0005921023907090982
lift,0.0022622428359600055,-0.000608735098812754,0.0022427657505810685,0.0041309356191505525,-0.0006053028665876461
believed,0.00273355557946562,0.0011867482230427811,0.0027422972678098527,-0.0015913515912473373,0.0012270335395716699
forwards,-0.0010885307723389878,0.0015522396729755685,-0.0013528769953622744,-0.0010442513105958645,0.003163542325484191
sorrowfully,-0.0027401864217897138,-0.002533213890257221,0.0014328855128937226,-0.0005787947083643779,-0.002174557180951111
meaning,-0.0003730919664717269,0.0033607013307139656,-0.005645912843259425,0.0008640575146230861,-0.0033353171613552954
appear,-0.0008322742308126252,-0.001633697020729258,-0.00041104861292632294,-0.0016825828527125973,-0.0002992101589603227
cooking,0.002628871339251969,-6.594939384316292e-05,-0.0031198090799878665,-0.0020217021184871535,-0.0008285799339976442
grass,-0.0010926379544974783,0.0017321489359837384,0.0002639344032028705,-0.0013629557921682937,0.0009882296033502363
backwards,-0.0010885307723389878,0.0015522396729755685,-0.0013528769953622744,-0.0010442513105958645,0.003163542325484191
finding,-0.0009926105781684848,-0.00010001499154293769,-0.0015735944834661315,-0.001777685161214704,-0.0016704140367358256
doors,0.0026431184791163463,-0.002139151435164552,0.002060164257044239,-0.0010837845160234587,0.001623022829576681
sides,0.0006079426113622369,0.0016318900312703682,-0.00178025247187731,-0.001270775115530044,0.0008098388173641199
searched,-0.0013591367990059787,0.0007307509013865329,-0.0012271330225612528,0.000334965743125933,1.0683022027576289e-05
started,-0.0003854151444725322,-0.00047723841765449465,0.0004998283978520918,0.0009089097543755394,0.0016703676456978126
hide,-0.001663982914654561,0.0011401098436771319,0.003911521765829683,0.0016502696672540966,0.003076948019666352
