term_str,0,1,2,3,4,5,6,7,8,9,10,11,12,13,14,15,16,17,18,19,20,21,22,23,24,25,26,27,28,29,30,31,32,33,34,35,36,37,38,39,40,41,42,43,44,45,46,47,48,49,50,51,52,53,54,55,56,57,58,59,60,61,62,63,64,65,66,67,68,69,70,71,72,73,74,75,76,77,78,79,80,81,82,83,84,85,86,87,88,89,90,91,92,93,94,95,96,97,98,99,100,101,102,103,104,105,106,107,108,109,110,111,112,113,114,115,116,117,118,119,120,121,122,123,124,125,126,127,128,129,130,131,132,133,134,135,136,137,138,139,140,141,142,143,144,145,146,147,148,149,150,151,152,153,154,155,156,157,158,159,160,161,162,163,164,165,166,167,168,169,170,171,172,173,174,175,176,177,178,179,180,181,182,183,184,185,186,187,188,189,190,191,192,193,194,195,196,197,198,199
the,-0.10983359,0.11960425,-0.036173716,0.012484621,-0.002990528,0.049091864,0.13880837,0.17811978,-0.027026843,0.12546068,-0.096583545,0.022933586,0.013041476,-0.025206354,0.027826523,-0.18937676,0.029880624,0.2006047,-0.11235382,-0.26593,0.22344567,-0.23409012,0.1333533,-0.14801134,-0.198901,-0.07848568,-0.011419683,-0.1612308,-0.23179537,-0.009467039,0.03751855,0.036682483,-0.069214284,-0.05481103,-0.04443565,0.033593975,-0.041461248,-0.12861203,-0.0023930417,-0.018561417,-0.15594877,0.049226753,-0.18173859,0.048494335,0.08920803,-0.11680953,-0.07087515,0.00618407,0.20941117,0.11649264,-0.023936475,-0.001982523,0.04487776,-0.047260813,0.05119909,-0.007310094,-0.023611661,-0.13705164,-0.13577585,-0.06311888,-0.006554948,-0.09225015,0.011372204,-0.13390017,-0.14974737,-0.025247095,0.045311034,0.16858485,-0.30391175,0.14463842,0.09105906,0.1776061,0.13510971,-0.019216577,-0.015895812,0.0075831916,0.21253814,-0.14265133,-0.04564584,0.03912501,-0.12412916,-0.09879071,-0.1386823,0.2733985,-0.14767292,-0.0130723445,0.023174107,0.034191124,0.19121593,0.076099746,0.0661484,0.19875447,0.21878721,0.09588126,0.25882056,0.14174692,-0.07942208,-0.07935571,0.12767869,-0.04392256,-0.03014513,0.15388234,0.14583284,-0.11339618,0.087839365,-0.26499555,0.092243314,0.18207356,-0.072526686,-0.16211613,0.075111754,-0.2806803,-0.09031226,-0.061624892,0.19045603,-0.039231792,0.19322558,-0.093129106,-0.062499635,-0.0020892946,-0.0071609844,0.050085623,0.06449024,-0.05098785,-0.10908543,-0.045530654,-0.11401647,-0.12875855,-0.15312465,-0.04283927,0.28379273,-0.017139405,-0.070131555,-0.27997628,-0.104870185,0.049596023,-0.05345416,0.04706529,-0.032609053,-0.27419794,0.3134695,-0.18049978,-0.009391943,-0.10659816,0.07160642,0.1918218,-0.038313556,0.040833976,-0.004471529,0.07208783,0.16905898,-0.12683345,0.014392178,0.018879477,-0.22262894,0.20022675,0.002094166,0.11525114,-0.25354022,0.14629239,0.040958837,0.09943244,-0.14474435,-0.15112488,0.006686964,0.2177845,0.3070011,-0.13067646,0.07687856,-0.018215064,-0.23721026,0.055946063,0.13397525,0.070840925,0.22072771,0.17932443,-0.24443437,0.09702541,0.080449685,0.028086737,0.020362124,0.09137363,0.0903624,0.037162203,0.12314979,0.12904763,0.058409482,0.09522411,0.27949202,-0.092075475,0.114955686,0.047069065,-0.13790442,-0.27358353,0.20575699,0.0039576744,0.163215,-0.30098605,-0.09973036,-0.18671805
and,-0.0963212,0.08819779,-0.06985996,0.045204673,0.04407634,0.023208503,0.11439061,0.1910999,-0.051182784,0.12530692,-0.12997527,0.013293952,0.020589009,0.002925505,0.0105612,-0.1606363,0.027440226,0.18780984,-0.07884251,-0.23867,0.1601426,-0.22173412,0.0743175,-0.14006093,-0.15303497,-0.06222743,-0.033555564,-0.16448444,-0.21223754,0.030159365,0.05864859,0.009775756,-0.07927743,-0.05204378,-0.04768768,0.06776977,-0.042694606,-0.09922365,-0.0046629016,-0.023276607,-0.11384286,0.025469527,-0.14568692,0.028224502,0.121954635,-0.08937875,-0.03848489,-0.044724673,0.14968158,0.095298916,0.028269248,-0.014061692,0.013694339,-0.054049905,0.01708991,-0.0044062706,-0.05909185,-0.13363087,-0.16338915,-0.07923436,-0.023025135,-0.08914164,0.027795196,-0.11366507,-0.16862099,-0.011605718,0.08641375,0.18347302,-0.284971,0.16228613,0.051820144,0.15758646,0.13017817,-0.007169753,0.019654898,0.015915813,0.1908123,-0.1362861,-0.083279625,0.03188248,-0.11572244,-0.09549655,-0.15273702,0.25955617,-0.13701876,-0.049443778,-0.019610101,0.041155443,0.16545619,0.04162068,0.08896784,0.17284782,0.1793524,0.09121159,0.23348795,0.1187206,-0.025104182,-0.03349198,0.120389886,-0.03519761,-0.05471646,0.19109185,0.13976228,-0.12798484,0.054020744,-0.2510039,0.08900814,0.17839141,-0.093318135,-0.16271515,0.06482184,-0.24578,-0.07439814,-0.080049664,0.16311044,-0.05789052,0.15149364,-0.15612559,-0.077202864,0.0014760534,-0.01910481,0.06287582,0.07628091,-0.022489391,-0.14154647,-0.03285366,-0.073609546,-0.12742709,-0.117258355,-0.056131523,0.21417183,-0.0041528447,-0.07120068,-0.23696479,-0.0871525,0.08400549,-0.03086003,0.027011367,-0.059654005,-0.25937474,0.24490163,-0.15633933,0.0016539021,-0.0830438,0.042434122,0.14445284,-0.033596344,0.03363385,-0.021821264,0.04438556,0.14179312,-0.114145204,0.0019083682,-0.011481717,-0.1970012,0.15736084,0.023367854,0.072456494,-0.20880143,0.10865186,0.04702361,0.06892519,-0.10789855,-0.10968948,0.020629466,0.1658071,0.24996553,-0.095065854,0.032720517,-0.015695706,-0.17750159,0.032543316,0.08401684,0.05749223,0.2025396,0.14775106,-0.21320191,0.09949504,0.06352713,0.05227655,0.01550674,0.083601184,0.050758712,0.025331873,0.106209405,0.10409646,0.064837605,0.13368423,0.20529751,-0.07094964,0.09772522,0.04693558,-0.13906023,-0.23964168,0.1893441,0.011599877,0.13001558,-0.26675272,-0.06846078,-0.16789183
to,-0.0092704035,-0.0020104316,-0.07043291,0.1501331,0.13499591,-0.08353224,0.106226295,0.24559325,-0.08777145,0.121343,-0.13725525,-0.057368267,0.022291848,0.07362401,-0.06487249,-0.07642543,-0.00510081,0.093869485,-0.016571725,-0.20543382,0.07804221,-0.1334271,0.0557407,-0.07089943,-0.071277134,-0.023214594,-0.090840615,-0.082016155,-0.16866636,0.07194044,0.08651927,-0.015709693,0.023294574,-0.01705636,-0.03664374,0.13245188,0.017636135,-0.072869584,-0.028122611,-0.059531536,-0.068652265,-0.030737156,-0.09396924,0.021086624,0.18876852,-0.0406319,-0.031722948,-0.13941014,0.1115882,0.06793322,0.07700386,-0.048144426,-0.044664036,-0.094532534,0.0045110495,0.0067564547,-0.09464739,-0.17587051,-0.19286625,-0.058608185,-0.061476137,-0.094289124,0.028681815,-0.086930215,-0.24182221,0.017317148,0.12011053,0.19940646,-0.20982933,0.16430049,-0.06615622,0.06434618,0.083375074,0.019453956,0.073597066,0.014900293,0.13623358,-0.1042951,-0.17231523,-0.015955558,-0.083126426,-0.041641325,-0.12927659,0.2917992,-0.17067726,-0.04869456,-0.08703738,0.084493965,0.091078036,-0.027616467,0.1821109,0.12538388,0.12953395,0.102299325,0.21657635,0.1108831,0.017281916,0.021780014,0.09453189,0.0588269,-0.12410512,0.1933347,0.11049477,-0.08789968,-0.02747394,-0.1846107,0.11759556,0.15467998,-0.1388935,-0.19060393,0.012508355,-0.18842377,-0.056445595,-0.07540911,0.10280367,-0.08239623,0.10485094,-0.25258532,-0.075523145,-0.055657215,-0.05216393,0.14214206,0.07611269,-0.04543478,-0.090351894,0.0020392523,-0.087574534,-0.0897954,-0.06166102,-0.05125577,0.09932408,0.011509279,-0.03304875,-0.1386858,-0.04036294,0.1507088,0.013457267,-0.019442987,-0.056552414,-0.2128164,0.18001173,-0.22678506,-0.063694514,-0.032753386,0.013234423,0.038061883,-0.01562594,0.06003677,0.017408526,0.06350942,0.10322878,-0.14398715,-0.0010602217,-0.0011997292,-0.1708094,0.14342949,0.14817432,0.021403275,-0.082732,0.09975833,0.06505519,0.052077968,-0.018252762,-0.088316865,-0.018948792,0.08715359,0.14269193,-0.05116114,-0.058855448,0.016740773,-0.117160246,0.037911247,0.07163471,-0.0158743,0.1535975,0.072843604,-0.13490179,0.05076915,0.04801812,0.10696421,-0.014105941,0.03959894,0.022674553,-0.0013233343,0.09402629,0.06823603,0.03042563,0.12867333,0.14573944,-0.04048928,0.07490375,0.04056757,-0.09890766,-0.15545826,0.1235932,0.0028510543,0.1053319,-0.2184313,0.0035590916,-0.09560013
he,-0.036907624,0.0447763,-0.095182575,0.0772981,0.08785206,-0.02321115,0.14068316,0.20580055,-0.040222216,0.12092004,-0.1086681,-0.027974952,0.004129934,0.038211808,-0.05845833,-0.1154089,0.018449606,0.15793006,-0.03876458,-0.2237037,0.14047465,-0.17997755,0.09821881,-0.12489928,-0.104823135,-0.03609783,-0.037621733,-0.15517485,-0.20034431,0.039222892,0.06450356,0.009559628,-0.021745348,-0.042256527,-0.0471384,0.11062923,0.0058449567,-0.08801522,-0.03730229,-0.074627414,-0.084866375,-0.004775232,-0.108677946,-0.006864883,0.1665615,-0.061109256,-0.068372555,-0.1014424,0.15408213,0.091857955,0.028178932,-0.030919634,-0.018989908,-0.055127684,0.016144002,-0.008306739,-0.05830169,-0.17218998,-0.1755153,-0.08633949,-0.06404191,-0.11157659,0.031349722,-0.09293306,-0.186267,0.013776487,0.03766816,0.17250898,-0.27744344,0.1452878,0.012924082,0.13505699,0.107682295,0.029422399,0.04473006,-0.03241362,0.17773926,-0.11897288,-0.106406726,0.0388594,-0.12668338,-0.09417001,-0.17002091,0.27786857,-0.17711833,-0.066485964,-0.042495865,0.046143014,0.11709998,-0.009149518,0.11807597,0.1859762,0.17696755,0.111803256,0.23299757,0.117171735,-0.0076523093,-0.02920118,0.08207773,0.015027462,-0.062103637,0.15904982,0.11727756,-0.10492629,0.053706165,-0.21770972,0.09751446,0.16054533,-0.0954469,-0.18315163,0.037602182,-0.2360791,-0.042928923,-0.06739326,0.1347731,-0.066363834,0.13313429,-0.18120255,-0.06908297,-0.036462724,-0.048924368,0.098201625,0.07336107,-0.070749715,-0.13305877,-0.034251288,-0.10223041,-0.10016621,-0.10805627,-0.05443557,0.1376409,0.03273081,-0.069907874,-0.20481832,-0.091337204,0.09324093,-0.06884907,0.0023255502,-0.06611584,-0.23406173,0.24862051,-0.18248618,-0.026293818,-0.052600443,0.03664469,0.07478631,-0.03297049,0.016122745,-0.0018571804,0.049705647,0.11624824,-0.12402384,0.035954673,-0.00728395,-0.16691335,0.15308404,0.046929985,0.0663927,-0.1406281,0.13189806,0.06821895,0.03459551,-0.09996108,-0.072416246,-0.024457669,0.13852577,0.19547492,-0.070517115,0.012810135,-0.0075418795,-0.13575822,0.031347696,0.09269168,0.03280443,0.18991445,0.12235666,-0.14465657,0.06942677,0.05107557,0.045110285,-0.013538763,0.05558406,0.041061908,0.0084804725,0.113098755,0.11396524,0.065545015,0.12930405,0.20294377,-0.080678694,0.11236451,0.02109756,-0.12564062,-0.17626578,0.18214737,0.03653362,0.105952844,-0.26335973,-0.02384263,-0.14842133
a,-0.05588405,0.04757972,-0.04407778,0.12954935,0.11125876,-0.04402606,0.14943832,0.2387463,-0.08580369,0.122209884,-0.12788756,-0.049070142,0.046884455,0.018063942,-0.02256441,-0.11551781,-0.0024277554,0.12068253,-0.0422497,-0.22675782,0.11544155,-0.1458877,0.09727433,-0.14257179,-0.08829007,-0.028618926,-0.07348439,-0.1291114,-0.17807281,0.040576454,0.07701444,-0.011936354,0.0060440535,0.020081887,-0.051071037,0.11916293,0.022165883,-0.07860643,-0.0096051525,-0.0687522,-0.11587359,0.0011239215,-0.114765376,0.027784755,0.13263124,-0.07962385,-0.049302433,-0.09195302,0.13619605,0.08609382,0.05856072,-0.04154789,-0.014583108,-0.08542346,0.030385843,0.013600943,-0.050559256,-0.13509913,-0.15831728,-0.063288115,-0.07044916,-0.11239626,0.030288095,-0.10518676,-0.2310746,-0.0043366705,0.050803248,0.18074442,-0.2648416,0.15112668,-0.02255361,0.09419481,0.117399305,0.027344976,0.019626204,-0.011873225,0.15237993,-0.1235629,-0.15813553,0.022075037,-0.11772615,-0.057405915,-0.13570727,0.30905664,-0.17033759,-0.013973598,-0.04877531,0.067948684,0.13387533,0.0056410655,0.14747895,0.16873747,0.16469349,0.1174663,0.25650072,0.1389303,-0.0018303453,-0.015241178,0.11298116,-0.0051970934,-0.09972644,0.17532979,0.08904829,-0.065931745,0.030365461,-0.22007659,0.085811764,0.18201558,-0.1156088,-0.1848126,0.03075441,-0.22769924,-0.06571526,-0.062833056,0.11961143,-0.062261596,0.1542572,-0.21760255,-0.072373785,-0.061310053,-0.039849784,0.12563206,0.05460578,-0.05836328,-0.08298311,-0.02231761,-0.12502025,-0.07301205,-0.11109217,-0.078955695,0.16838899,0.007815447,-0.029734295,-0.16324879,-0.07874848,0.11286952,-0.020880122,0.0011850002,-0.061093047,-0.20838168,0.220959,-0.18374394,-0.03565726,-0.06075664,0.021608539,0.1038141,-0.02153974,0.037896674,0.011034434,0.0846016,0.11309759,-0.14103472,0.0040690238,0.018335955,-0.18547063,0.14769965,0.06994417,0.077232264,-0.12495321,0.12658325,0.07564013,0.07172725,-0.06658743,-0.09992581,-0.031213086,0.13471878,0.20171492,-0.09619337,-0.008079967,-0.0010493393,-0.15734258,0.050044887,0.07782759,0.0028589375,0.18386361,0.11267558,-0.16344444,0.05247277,0.0487893,0.08220903,0.012578875,0.053272802,0.047240052,0.045104396,0.12811959,0.11648094,0.033675734,0.088338606,0.19951795,-0.06963558,0.07898739,0.0295979,-0.099581845,-0.16442363,0.1491252,-0.014330162,0.114068225,-0.22982961,-0.027337937,-0.115792945
was,-0.08373895,0.06626639,-0.031377494,0.05326448,0.048864767,0.008650896,0.10482695,0.17694297,-0.031341117,0.1152407,-0.09211414,0.013408039,0.030892376,-0.01204004,0.0023470924,-0.12520367,-0.011246112,0.12627845,-0.042500973,-0.22453134,0.09860071,-0.18158247,0.07563012,-0.1355408,-0.11276653,-0.05389282,-0.038525924,-0.15781112,-0.18218945,0.050689004,0.02558988,0.011957339,-0.03175347,-0.01053372,-0.028641641,0.084446505,-0.01918046,-0.089120455,-0.005667443,-0.04010083,-0.10741518,0.0063129403,-0.13899955,0.020235648,0.11776568,-0.080944516,-0.053254854,-0.062387664,0.11892189,0.086710855,0.041854694,0.016683368,-0.026732817,-0.054703508,0.053640954,-0.009764998,-0.039551355,-0.11010675,-0.13089874,-0.06491605,-0.07411107,-0.10718125,0.032487106,-0.13152209,-0.22400981,-0.021284245,0.03397957,0.14645176,-0.26906732,0.13204697,0.031600762,0.13932838,0.07862634,0.01906899,0.022151971,-0.011777541,0.17499486,-0.13524474,-0.10976813,0.03500352,-0.09894387,-0.048487786,-0.10424815,0.23596233,-0.15049185,-0.0138157,-0.031876225,0.065721296,0.15617663,0.023478853,0.09874584,0.1614346,0.13294682,0.117250726,0.20397247,0.10613603,0.023480626,-0.045186818,0.10520116,-0.027485102,-0.055594847,0.18291882,0.09357,-0.117446266,0.051300634,-0.22702177,0.05154016,0.18631019,-0.11213394,-0.15765327,0.040006977,-0.23070356,-0.079965755,-0.06636542,0.15380086,-0.080562085,0.13707261,-0.17433378,-0.07696079,-0.022856247,-0.028838115,0.08239332,0.067391224,-0.03380628,-0.13533057,-0.046442892,-0.09981365,-0.10874787,-0.1062583,-0.078163095,0.1829289,-0.0022667693,-0.044215064,-0.20464712,-0.078779384,0.099935986,-0.0340212,0.018100634,-0.049989633,-0.27408808,0.21428889,-0.1734312,-0.025460567,-0.053747855,0.023908706,0.11032266,-0.01109081,0.04503884,-0.017613273,0.047982905,0.12082835,-0.14229886,0.009901894,0.02918388,-0.21172988,0.14083806,0.05484142,0.07695185,-0.16069856,0.12938027,0.06400662,0.06616843,-0.10867899,-0.088669896,-0.025104156,0.15892327,0.24203244,-0.08131483,0.012005096,0.015755847,-0.17734408,0.045699976,0.06438126,0.03138926,0.21860704,0.13907114,-0.1863807,0.1078435,0.041206237,0.05627257,0.036525197,0.083409615,0.05007194,0.01356222,0.12640889,0.12268848,0.030055748,0.1064017,0.20736478,-0.07067696,0.11225,0.0071531646,-0.116437055,-0.21374175,0.20238192,0.011160375,0.11550423,-0.28091344,-0.032255195,-0.1422748
of,-0.075007044,0.058565762,-0.03738551,0.05600709,0.04763631,0.0141891,0.1014544,0.19006787,-0.046167918,0.0959129,-0.12659955,-0.0019298403,0.028307587,-0.00490333,0.0019951898,-0.14633556,0.028928079,0.15230004,-0.04502597,-0.20662068,0.11633921,-0.18184806,0.045112092,-0.1061149,-0.11102858,-0.048092246,-0.060303606,-0.12705098,-0.1865699,0.043562397,0.045449276,0.009900061,-0.039814424,-0.006203512,-0.03971092,0.061746478,-0.02388951,-0.1004662,0.008758702,-0.02000239,-0.11061259,0.029512407,-0.11907957,0.020471262,0.10081796,-0.099886015,-0.02048746,-0.061465945,0.11912966,0.09242922,0.07303722,-0.039557923,-0.0010744513,-0.072313555,0.027651835,0.0033375404,-0.060676172,-0.112499006,-0.13505137,-0.047554016,-0.029392043,-0.08642853,0.024668103,-0.11136673,-0.19338655,-0.025302503,0.088403046,0.15966105,-0.2676721,0.15404895,0.014013473,0.11531941,0.12700866,-0.017437749,0.0048964024,0.019695546,0.16520089,-0.13575725,-0.12049841,0.026519883,-0.103529155,-0.04881446,-0.11721767,0.27638826,-0.13951531,-0.01712777,-0.02120878,0.06184024,0.14705372,0.029346459,0.09661228,0.14693993,0.1485204,0.09385592,0.21281037,0.10015782,0.0041044448,-0.020563414,0.11468722,-0.02620855,-0.07365987,0.20834824,0.099358186,-0.102172546,0.02496784,-0.22811384,0.06303572,0.18396358,-0.11191403,-0.14637111,0.03662213,-0.22566804,-0.08320769,-0.06804944,0.14734606,-0.059124254,0.15114483,-0.1783076,-0.07589123,-0.02783666,-0.021052396,0.07501838,0.06358202,-0.014486326,-0.09504366,-0.00030778363,-0.10210945,-0.11730372,-0.11271675,-0.061697885,0.19992118,9.16573e-05,-0.031486426,-0.19737254,-0.0683569,0.08326972,-0.031590912,0.01329535,-0.049517784,-0.23495619,0.21295527,-0.15741308,-0.008796589,-0.06841851,0.015543672,0.12461788,-0.04426681,0.03957781,0.0042281197,0.056360945,0.12757699,-0.13785401,-0.01647255,0.009475625,-0.19378135,0.16473109,0.05564022,0.074000806,-0.17993824,0.12769231,0.07486711,0.07822149,-0.091227196,-0.07062053,-0.00021365499,0.15907805,0.24163443,-0.09036375,0.015257037,-0.016048139,-0.17736952,0.037579924,0.060830142,0.024202049,0.1992143,0.13806146,-0.18942359,0.10263317,0.05794453,0.07792986,0.037749663,0.06314266,0.048466597,0.057201438,0.11891593,0.12694667,0.052404623,0.11222422,0.19453934,-0.07355924,0.10090424,0.05325691,-0.11482892,-0.20840453,0.15510005,-0.016462943,0.13204795,-0.250862,-0.06564103,-0.12901624
it,0.022921966,-0.012806363,-0.086373836,0.1591177,0.16043168,-0.10285945,0.1394049,0.25166744,-0.06867931,0.09735887,-0.12797882,-0.08915669,0.025463786,0.059510723,-0.09082074,-0.060809102,0.0174201,0.07943107,-0.002582942,-0.18591425,0.08628601,-0.098013856,0.06685911,-0.107043624,-0.04004978,-0.0043413904,-0.08466443,-0.08690722,-0.14458257,0.07239709,0.09468661,-0.028994305,0.039624903,0.0013901218,-0.05752487,0.14809464,0.077817485,-0.05427983,-0.03200859,-0.079967596,-0.06572335,-0.033659015,-0.056951378,0.0025320987,0.17216402,-0.03434439,-0.053189147,-0.15220651,0.124218166,0.08138066,0.054759502,-0.056457844,-0.039138503,-0.087773524,0.0037470153,0.02866269,-0.058631618,-0.16077538,-0.18506469,-0.053362466,-0.09407877,-0.10159655,0.03627074,-0.06447219,-0.21476607,0.026263675,0.049980745,0.16153015,-0.20346466,0.13788973,-0.059746943,0.042304166,0.0942218,0.04022008,0.06081118,-0.033626545,0.14233312,-0.099744,-0.18480733,0.018725725,-0.111084856,-0.038761154,-0.15201348,0.2934817,-0.17543882,-0.039882325,-0.07946564,0.08445924,0.074478514,-0.05158413,0.18112694,0.14347933,0.13905834,0.120128535,0.21938193,0.11443656,0.010971588,0.008897574,0.07650848,0.06734499,-0.12033405,0.1840606,0.090403676,-0.041355975,-0.0002776827,-0.17423491,0.100890435,0.14639635,-0.10688772,-0.18531728,0.009750628,-0.19102772,-0.031347502,-0.05478484,0.08336713,-0.086762644,0.109348916,-0.2547318,-0.06943165,-0.07246837,-0.06282372,0.16303502,0.055719044,-0.0709655,-0.092299424,-0.0069309413,-0.108645804,-0.04955363,-0.060351554,-0.07209435,0.073033884,0.02341338,-0.03735555,-0.11298356,-0.06425093,0.13154545,-0.022527888,-0.049534097,-0.07084117,-0.18534224,0.17433274,-0.21154857,-0.05314294,-0.03414244,-0.00426343,0.034872454,-0.024294272,0.0025768154,0.01750212,0.064235054,0.07917591,-0.14675874,0.020305771,-0.0063663907,-0.14332925,0.1348345,0.12455468,0.053718142,-0.044940643,0.1250278,0.076167636,0.024670701,-0.034288704,-0.073717125,-0.040722094,0.06461873,0.12701954,-0.046888206,-0.044322208,0.025910603,-0.11362025,0.029781884,0.07784323,-0.014049896,0.16310613,0.0695631,-0.10445673,0.031613577,0.031075465,0.078865014,-0.04111868,0.036028944,0.030685065,0.020876793,0.096652515,0.10690098,0.019422757,0.08105731,0.16118136,-0.057087503,0.063658185,0.019741263,-0.085535444,-0.1256937,0.10114204,0.018768,0.09833259,-0.1930376,-0.0063926186,-0.075872146
she,-0.030427935,0.02725815,-0.0810679,0.08544112,0.09909155,-0.026887298,0.12749933,0.2035907,-0.04210785,0.118160285,-0.11042036,-0.03793465,-0.00026361892,0.040575936,-0.06735834,-0.09314723,0.00898542,0.12917978,-0.03460496,-0.2083359,0.13001013,-0.15476367,0.090371154,-0.11859794,-0.09417511,-0.02587579,-0.034704532,-0.1394238,-0.18749353,0.046265364,0.064839914,-0.002321545,-0.011285869,-0.043817863,-0.039117735,0.112609394,0.022380812,-0.07977508,-0.035305817,-0.073340766,-0.08504206,-0.013498467,-0.1075316,0.0033583639,0.1610377,-0.056383867,-0.06648338,-0.102331564,0.1479838,0.092434734,0.023948751,-0.029732611,-0.019518701,-0.05453468,0.022025395,0.0043065352,-0.05841326,-0.1732143,-0.17124715,-0.07819383,-0.06952174,-0.10444407,0.026775777,-0.08271292,-0.18083808,0.013665296,0.031184454,0.17062329,-0.24056064,0.14286959,0.014307117,0.12553819,0.09962442,0.026862884,0.040371068,-0.04240743,0.17086858,-0.12173593,-0.10328829,0.030998845,-0.115637615,-0.08148725,-0.1672111,0.25726125,-0.17564628,-0.055919472,-0.051997446,0.05174241,0.10754297,-0.014663456,0.13035896,0.17185162,0.17101085,0.114617825,0.21720982,0.11832854,-0.014674263,-0.023131084,0.07685324,0.025803696,-0.0716874,0.16490641,0.108390406,-0.09537111,0.058166172,-0.21152782,0.0983836,0.16057354,-0.09170783,-0.177258,0.025723241,-0.22880718,-0.039574288,-0.0637474,0.13069369,-0.07502837,0.12678927,-0.18883228,-0.06128345,-0.04690556,-0.047079418,0.10378268,0.06170259,-0.07466847,-0.123125374,-0.03696888,-0.09910953,-0.09883985,-0.09265335,-0.060971648,0.12622502,0.034574185,-0.07139825,-0.193072,-0.083161004,0.10620351,-0.058823127,0.00078438467,-0.05418339,-0.23602955,0.23196734,-0.19779582,-0.026781524,-0.04708805,0.029079128,0.0628808,-0.032546498,0.015423596,0.0025163465,0.055938315,0.11867563,-0.12456397,0.0364665,-0.0044594673,-0.15302478,0.14385574,0.07273999,0.06469981,-0.121368505,0.1274244,0.05931223,0.026890015,-0.08901672,-0.07768901,-0.025022328,0.119641215,0.18292381,-0.06243876,0.008224546,-0.0044654375,-0.12791504,0.02414777,0.092765585,0.03687491,0.19078481,0.10594767,-0.13626847,0.06728217,0.049222954,0.054950196,-0.015492342,0.06339287,0.05243067,0.002330032,0.11807534,0.111008964,0.061499402,0.11272394,0.19762954,-0.07178677,0.1075627,0.021826878,-0.10078973,-0.17615135,0.17192471,0.04655309,0.10627141,-0.25499576,-0.019226275,-0.13570659
you,0.27910134,-0.28722107,-0.17118092,0.4833105,0.46502167,-0.39881986,0.16294432,0.46999508,-0.19452651,0.089988515,-0.20767374,-0.31101775,0.06687889,0.26363596,-0.27535564,0.12098974,0.011147779,-0.09825434,0.1346555,-0.12056326,-0.08660905,0.11689955,0.020625727,-0.012021796,0.23127553,0.04853874,-0.2483188,0.108236104,-0.03445629,0.2092735,0.26212943,-0.12899838,0.28998536,0.12012251,-0.11599307,0.38818267,0.27568728,0.022630667,-0.09684218,-0.23478629,-0.0015608683,-0.13980198,0.14535464,-0.00037072747,0.34769532,0.09203683,-0.06532137,-0.4313879,0.07714034,0.06003929,0.109296136,-0.20579365,-0.20084444,-0.18776909,-0.053700488,0.11793916,-0.14736457,-0.275881,-0.30825356,-0.007620072,-0.20560382,-0.06785247,0.05500319,0.0069236523,-0.4217261,0.10511858,0.09238699,0.21276215,-0.06513134,0.15658915,-0.33471137,-0.18654765,0.062950015,0.13539635,0.23409201,-0.061838202,0.055026226,-0.06519127,-0.5237896,-0.06363978,-0.07290021,0.06895448,-0.1904216,0.4851486,-0.28519,-0.0423719,-0.2794942,0.1753622,-0.08945836,-0.25887242,0.3962866,0.080084056,0.053698074,0.19103739,0.25272128,0.16985296,0.09591392,0.09498733,0.038553085,0.27736038,-0.32849795,0.24919884,0.00059583224,0.09632104,-0.17709565,-0.029767135,0.17698394,0.123668164,-0.18233413,-0.327668,-0.082472816,-0.050247315,0.0696809,-0.049989652,-0.036848996,-0.14983322,0.07005511,-0.59472525,-0.10064366,-0.24826382,-0.1552921,0.39587057,0.073282525,-0.13478254,0.016759459,0.085736685,-0.1761812,0.069298394,0.072537385,-0.07683059,-0.21707577,0.06184188,0.027766943,0.12979296,0.008072117,0.28427404,0.019305557,-0.23167722,-0.10256733,-0.076396845,0.012198886,-0.34784314,-0.15789749,0.06550438,-0.10354561,-0.18889445,0.0136870155,-0.014017837,0.10531806,0.13629532,-0.030277835,-0.20933397,-0.038487058,-0.07680582,-0.039597467,0.091482975,0.39409474,-0.026713045,0.29354408,0.12044605,0.12993534,-0.02413479,0.18915476,0.0102044605,-0.16630091,-0.14610778,-0.1562323,0.045546677,-0.27264112,0.097452976,0.04065303,0.031380694,0.04863992,-0.15367752,0.049179174,-0.13952512,0.07723025,-0.086069986,-0.021988615,0.21084484,-0.1857855,-0.04732025,-0.029583089,0.011469211,0.07705642,0.0694256,-0.06874424,0.04290149,0.02714499,-0.043461032,-0.036379628,-0.019697465,0.0151318805,0.14267361,-0.08794494,-0.014071918,0.016336983,-0.08250407,0.08223354,0.1089197
said,0.033146344,-0.048106667,-0.07909293,0.20183823,0.17033796,-0.12476342,0.089112215,0.2628203,-0.07060828,0.10500276,-0.13306868,-0.08176834,0.034116015,0.08125055,-0.082392186,-0.053764142,-0.00983498,0.052661717,-0.00500109,-0.17490315,0.04151809,-0.07989795,0.04234879,-0.05262512,-0.011077121,-0.031795118,-0.10746549,-0.048191864,-0.1477393,0.094296806,0.104319304,-0.035354707,0.05844571,0.019283433,-0.058684587,0.15533073,0.06290298,-0.057257574,-0.029787712,-0.077132255,-0.06876322,-0.037526406,-0.051228926,0.0201108,0.18493134,-0.031494573,-0.05020103,-0.18064037,0.105836175,0.07984043,0.07296392,-0.06307264,-0.06542322,-0.11054333,0.012008128,0.04851938,-0.07858917,-0.17264886,-0.204475,-0.04518006,-0.09397136,-0.07173341,0.03282857,-0.094392955,-0.26943728,0.02151059,0.0860513,0.16505858,-0.17375137,0.13014416,-0.08962581,0.0032098026,0.057768494,0.027091252,0.08014708,-0.0030224898,0.12691979,-0.0954371,-0.22710551,0.0026378066,-0.06335506,-0.00029658418,-0.11841233,0.27652967,-0.17502525,-0.017793255,-0.10648386,0.08662333,0.062508665,-0.05647073,0.18408154,0.115991905,0.08466808,0.11848109,0.191879,0.10781074,0.03480722,0.0044280034,0.0703616,0.07018576,-0.14068161,0.19635299,0.08586924,-0.048859738,-0.046113204,-0.14483562,0.09011136,0.15261994,-0.11422094,-0.18793707,0.01356598,-0.15625016,-0.01648714,-0.05352453,0.08822188,-0.09353177,0.10545148,-0.28565094,-0.06921197,-0.072143346,-0.06074228,0.15548114,0.0674383,-0.049868397,-0.05961525,0.012000434,-0.106177,-0.056733284,-0.03290137,-0.06377883,0.0580851,0.019803198,-0.017086469,-0.093655616,-0.034595102,0.14447117,-0.0048367553,-0.06660155,-0.054148596,-0.20755668,0.14971244,-0.24457623,-0.07387135,-0.033291366,-0.018806454,0.0069288323,-0.013836026,0.036653876,0.016733302,0.0775913,0.077794924,-0.14058448,-0.021311047,-0.00037336032,-0.16348778,0.1238918,0.17912133,0.01586491,-0.035784196,0.10883962,0.068100244,0.05340278,-0.01366748,-0.04846971,-0.059271023,0.046060205,0.12527595,-0.045305256,-0.080069184,0.054858465,-0.097338036,0.03857421,0.04578354,-0.038686544,0.14042564,0.025845835,-0.098994106,0.044228572,0.036203414,0.122989565,-0.042393792,0.031318508,0.025041098,0.012688019,0.07962783,0.079948895,-0.0035162026,0.09530551,0.1274092,-0.032595497,0.06617157,0.007891682,-0.053953838,-0.10580379,0.08386426,0.014353614,0.088452525,-0.19241929,-0.0068551023,-0.060518507
that,0.027717428,-0.029227901,-0.079260804,0.18891118,0.16926022,-0.12340838,0.11593976,0.24850085,-0.07587497,0.1019546,-0.12754783,-0.095832035,0.023032,0.07738957,-0.08828908,-0.033857923,-0.014531715,0.063462764,0.013635864,-0.17164472,0.043542705,-0.07735071,0.037555177,-0.08379119,0.009981816,0.00035976293,-0.09508485,-0.058474418,-0.14156154,0.08978237,0.08415724,-0.029919995,0.047351766,0.016980506,-0.052745726,0.17239535,0.08161707,-0.055601545,-0.038761143,-0.08836193,-0.06285957,-0.044102743,-0.059686042,-0.013780075,0.18497533,-0.025017463,-0.055885725,-0.18189831,0.0956647,0.06761295,0.089335635,-0.06784323,-0.07210407,-0.08851971,0.021551283,0.04117555,-0.08421238,-0.18035924,-0.19737364,-0.052473243,-0.120048806,-0.10782992,0.033381633,-0.06677942,-0.25110835,0.023588639,0.05739925,0.17505322,-0.21539481,0.14749661,-0.097570315,0.026717348,0.06569233,0.036382478,0.056236513,-0.03005349,0.1128372,-0.10124425,-0.20274223,0.020872958,-0.10384878,-0.014586204,-0.13317847,0.29340976,-0.19610669,-0.026196225,-0.10321101,0.08364884,0.06864568,-0.07023569,0.1816555,0.13445179,0.10058016,0.12501618,0.2080907,0.098797224,0.044449616,0.013851531,0.06622875,0.07104997,-0.13690168,0.17524542,0.07578522,-0.05506693,-0.014012381,-0.15859076,0.081403814,0.15921988,-0.10499929,-0.19614437,-0.0053259195,-0.1783931,-0.028593265,-0.04807046,0.09112148,-0.08037519,0.10812869,-0.28016886,-0.06409963,-0.081605874,-0.062186025,0.16089596,0.067960314,-0.07552554,-0.084695674,0.003438078,-0.11306111,-0.04927755,-0.039145947,-0.08111061,0.053796787,0.04417731,-0.03734123,-0.09366712,-0.049567193,0.14496394,-0.018386599,-0.047990594,-0.07368694,-0.16145529,0.17378032,-0.21413462,-0.0635553,-0.036142226,-0.008755387,0.0005260861,-0.017065682,0.025354208,0.019869708,0.07984677,0.07497258,-0.15247299,0.014471052,0.007121501,-0.15243739,0.12769954,0.15357281,0.03590101,-0.01771197,0.11823916,0.081827104,0.025336437,-0.017035699,-0.03509919,-0.055352367,0.04441076,0.12781192,-0.04583605,-0.05422871,0.03545871,-0.08476678,0.020526208,0.050663065,-0.03157294,0.17172661,0.03603969,-0.07698832,0.03425546,0.028025955,0.10225703,-0.0400517,0.028231975,0.034190625,0.011927593,0.105122246,0.10847444,0.018298848,0.094564445,0.12875271,-0.05807651,0.08558446,-0.0054455786,-0.057006437,-0.10707403,0.09828638,0.043644022,0.094285965,-0.20778525,0.011924616,-0.058792
in,-0.064747766,0.0577988,-0.045200735,0.07381494,0.051668674,-0.012350705,0.11426267,0.19284661,-0.0657974,0.09794341,-0.12370982,-0.0045304378,0.028094575,0.01347226,-0.009629909,-0.124533236,0.015549901,0.14922701,-0.054098357,-0.21421653,0.11143402,-0.17779353,0.044846646,-0.10837865,-0.111037545,-0.05396977,-0.057286922,-0.13470961,-0.18354675,0.03869526,0.06160868,0.008420626,-0.034269802,-0.00965286,-0.03010689,0.078171335,-0.007904428,-0.1006341,0.0031149173,-0.030136246,-0.10603311,0.015176955,-0.11462416,0.015409855,0.13477914,-0.08328085,-0.029911947,-0.07157187,0.13454816,0.081155755,0.07093479,-0.027648149,-0.008064988,-0.06765148,0.02999958,0.012582417,-0.058272667,-0.118318304,-0.14667967,-0.047794737,-0.028695796,-0.08636443,0.016053595,-0.10759964,-0.20475616,-0.01582561,0.08124592,0.16357958,-0.26457134,0.15798989,-0.005515588,0.10288108,0.12145025,-0.0067670797,0.024384443,0.01594288,0.159124,-0.12026279,-0.12435977,0.02084796,-0.09275468,-0.054422382,-0.119700514,0.276904,-0.14046851,-0.020924572,-0.040051334,0.060367264,0.147049,0.020916034,0.10742094,0.14240803,0.13983907,0.09972308,0.21884058,0.09182627,0.0045296545,-0.026844274,0.10929793,-0.02046073,-0.069064975,0.19922453,0.10925973,-0.10113834,0.026582798,-0.22030063,0.07537032,0.18713228,-0.11568319,-0.15053749,0.03295138,-0.22375663,-0.075935364,-0.063241325,0.13064113,-0.0571357,0.14556752,-0.18299662,-0.07981801,-0.03184321,-0.03267787,0.08150215,0.055025976,-0.03499922,-0.10478388,-0.005177372,-0.09876417,-0.111304395,-0.09879732,-0.06325115,0.17803112,0.0012125794,-0.04382205,-0.18825984,-0.06836101,0.09433551,-0.01831472,0.0024527775,-0.049604926,-0.23578702,0.21570924,-0.17112917,-0.013485255,-0.06049421,0.018321581,0.10845517,-0.04039688,0.04165767,0.0013043669,0.055090223,0.116250545,-0.13763137,-0.010179554,0.009069225,-0.19144309,0.15908909,0.062463224,0.061665397,-0.1688777,0.11903809,0.07495991,0.068655014,-0.082868725,-0.076118626,0.0011302728,0.14741038,0.22687905,-0.09379111,-0.0011988679,-0.011483542,-0.16768725,0.03447318,0.061179362,0.01255391,0.18960671,0.119190514,-0.18379016,0.09085903,0.05359296,0.08145196,0.028009845,0.071573,0.034949757,0.04032993,0.11159218,0.11456763,0.053483672,0.11893914,0.18352473,-0.06232375,0.09245599,0.037989926,-0.11227325,-0.1972729,0.15484495,-0.009947438,0.11202829,-0.23880966,-0.04835939,-0.12620491
her,-0.0748314,0.055175338,-0.07647226,0.0775094,0.060165,-0.005087503,0.12975505,0.20851287,-0.058629896,0.1140321,-0.13749193,-0.008452505,0.0297058,0.00195963,-0.025683755,-0.14526363,0.029238539,0.14202707,-0.0577665,-0.2190256,0.16801393,-0.18780471,0.095739506,-0.13295089,-0.14359947,-0.051187064,-0.05124302,-0.14775148,-0.18741775,0.040531766,0.07278911,0.010320484,-0.039118126,-0.03032954,-0.040417273,0.09377462,-0.013809322,-0.08464908,-0.0052395333,-0.029948121,-0.099619284,0.018151999,-0.12289949,0.027534824,0.10971363,-0.09021238,-0.034673523,-0.061598662,0.15632449,0.09542672,0.021808688,-0.024024688,0.020846426,-0.061613094,0.015362032,0.024326526,-0.036717154,-0.13955857,-0.1692945,-0.078290425,-0.032924708,-0.094220385,0.02078668,-0.11107319,-0.1819733,-0.00807313,0.07176802,0.16412479,-0.24658039,0.14421913,0.032676335,0.11270857,0.120986536,0.0052122516,0.026692132,-0.008469639,0.18711929,-0.12292248,-0.11583579,0.046157353,-0.10969759,-0.06923693,-0.15462366,0.268828,-0.1476758,-0.049172364,-0.03352201,0.062606715,0.1438573,0.03220416,0.13394482,0.1633842,0.17440075,0.09497987,0.22478938,0.11527408,-0.026006939,-0.03303136,0.108550444,-0.005675488,-0.05726914,0.1999025,0.13758177,-0.09673487,0.04864951,-0.24066792,0.098943986,0.16463499,-0.09600262,-0.16735677,0.067208566,-0.2549841,-0.048998997,-0.06787157,0.14066628,-0.07835686,0.15191096,-0.1934546,-0.07448174,-0.015436081,-0.039011493,0.101227686,0.059910867,-0.04706922,-0.12418818,-0.037588302,-0.10091584,-0.10772145,-0.11213849,-0.06895673,0.1962247,-0.012203079,-0.06218868,-0.2159265,-0.09499731,0.076730296,-0.03540119,0.011039634,-0.04630622,-0.27801886,0.22285783,-0.19215454,-0.023448419,-0.083758436,0.021680936,0.12560165,-0.03712902,0.014025356,-0.0025910907,0.06149727,0.13026138,-0.13601124,0.0154905245,-0.008124224,-0.18899393,0.16625053,0.05556599,0.076619685,-0.1949314,0.13125072,0.046598673,0.057220712,-0.09866661,-0.12431687,-0.011662451,0.15458305,0.22256695,-0.09920034,0.009428,0.007930454,-0.17935577,0.045734625,0.10317568,0.033082187,0.18778679,0.13061222,-0.20216629,0.076320715,0.06288403,0.05711442,0.00074902177,0.07278611,0.046080858,0.031238679,0.10978237,0.10563631,0.03675392,0.11735195,0.22922622,-0.058245722,0.087719314,0.04025706,-0.12957461,-0.22584358,0.16883104,0.005629453,0.1299421,-0.24750638,-0.07282938,-0.16083889
i,0.27065235,-0.26029098,-0.17990564,0.4500555,0.4174595,-0.34500793,0.16073719,0.42256862,-0.17249766,0.09860182,-0.20115514,-0.28727642,0.065378234,0.25168496,-0.27583686,0.116799824,0.030119326,-0.08932241,0.12317369,-0.13120042,-0.058123406,0.10694968,0.041700475,-0.004159118,0.20903271,0.028854672,-0.23061715,0.089115515,-0.0482104,0.20129652,0.25711447,-0.114062645,0.28155568,0.088218234,-0.11320242,0.37339208,0.26309067,0.0019646243,-0.109281,-0.22640258,-0.0052205445,-0.110342674,0.119570166,-0.009781456,0.33996275,0.08539245,-0.0660424,-0.41660318,0.07975695,0.08970045,0.09100138,-0.18871091,-0.19417925,-0.17569868,-0.05407646,0.10219786,-0.15138264,-0.27659953,-0.3196779,-0.0042412956,-0.18308564,-0.077258535,0.044216376,-0.0019150857,-0.41508797,0.079894535,0.07287055,0.19441365,-0.06742668,0.16120692,-0.3102103,-0.16761427,0.0788731,0.1355882,0.21447077,-0.07556553,0.07242486,-0.084151715,-0.49926326,-0.036770023,-0.068948574,0.042644475,-0.2095211,0.47833487,-0.30057323,-0.058124866,-0.26072773,0.15736972,-0.08087492,-0.23856887,0.3598236,0.11023855,0.050071254,0.17166683,0.240032,0.14934196,0.07702429,0.06804325,0.050947115,0.27327493,-0.31521747,0.22512431,-0.0021388952,0.06085049,-0.13379754,-0.045021318,0.15014455,0.1300583,-0.19001773,-0.30916357,-0.0750336,-0.07567912,0.068059914,-0.02674763,-0.014029105,-0.15400572,0.07969214,-0.576527,-0.09467256,-0.2508019,-0.14568867,0.35976633,0.069986,-0.1345636,0.027696328,0.0808295,-0.15853152,0.06344879,0.06293949,-0.08640137,-0.20061025,0.06367275,-0.006635853,0.09526075,0.011118991,0.25349557,0.015876794,-0.22708657,-0.08068721,-0.067326054,0.015061974,-0.33517057,-0.13006805,0.05252004,-0.09689733,-0.17399429,-0.007975203,-0.0027828764,0.09342055,0.11366835,-0.009580392,-0.19065683,-0.03851493,-0.051247947,-0.040539693,0.07177407,0.38082922,-0.012433037,0.26462212,0.12239491,0.12094499,-0.028756203,0.1639214,0.035594124,-0.15911034,-0.1376016,-0.124315396,0.038961507,-0.252711,0.09902589,0.032913715,0.04102157,0.035732426,-0.1386172,0.045629565,-0.13750105,0.06045921,-0.060538784,-0.010296955,0.20722282,-0.18926854,-0.0452452,-0.0324183,0.018879855,0.07277614,0.08994352,-0.06691024,0.07054292,0.05047881,-0.036172893,-0.019871535,-0.004025091,0.0076539754,0.121192664,-0.055785123,0.010787334,0.042906262,-0.121533066,0.061944935,0.083742574
his,-0.08534273,0.07834881,-0.07336542,0.062125627,0.034083497,0.0046167755,0.13097578,0.20814294,-0.036365125,0.11860735,-0.12306048,-0.006276852,0.02451127,-0.014270456,-0.0031794915,-0.16455409,0.023909872,0.16476086,-0.06744555,-0.23499651,0.18506327,-0.21179292,0.09449106,-0.12695736,-0.16183878,-0.054837562,-0.044099495,-0.15982303,-0.20436141,0.015616127,0.06606057,0.02113998,-0.048483983,-0.047677208,-0.039448597,0.07142328,-0.017791592,-0.09539214,-0.015109634,-0.014991124,-0.117605776,0.020341419,-0.13469826,0.031832304,0.10321823,-0.10071547,-0.03816575,-0.04570898,0.17513818,0.1010344,0.010284655,-0.013130725,0.029939037,-0.05018477,0.016101357,0.01998944,-0.036715604,-0.13732307,-0.16564563,-0.06331916,-0.017097348,-0.08962008,0.024649365,-0.11552923,-0.17253464,-0.017107898,0.06443115,0.16605848,-0.25970164,0.13738948,0.04239824,0.12517169,0.13020502,-0.00077203166,0.022896323,0.0141205145,0.18668623,-0.12456963,-0.09188049,0.04627445,-0.11797142,-0.084640406,-0.14705104,0.2634925,-0.14718552,-0.043494333,-0.016689934,0.049481947,0.15750793,0.037710994,0.102916315,0.18042357,0.18571825,0.09492234,0.23643944,0.12201749,-0.043704476,-0.04950756,0.102758855,-0.024190448,-0.048388686,0.17520553,0.15142673,-0.1075408,0.04606543,-0.24948515,0.08803145,0.15844682,-0.082164295,-0.17487133,0.081146404,-0.25974515,-0.048083544,-0.06764327,0.15873413,-0.070250034,0.15440996,-0.16405675,-0.06046142,-0.00093575224,-0.023439372,0.07560919,0.064988814,-0.040831953,-0.1139453,-0.039735384,-0.095968395,-0.103539445,-0.12608,-0.05026215,0.21706192,-0.007366537,-0.060844075,-0.22682716,-0.097484365,0.073697984,-0.040134788,0.010226444,-0.048467126,-0.27546483,0.25067392,-0.18321663,-0.009682245,-0.0909306,0.04430062,0.1467726,-0.038999062,0.022409564,-0.009349315,0.049769495,0.14302489,-0.11248067,0.019751541,-0.006667753,-0.2082717,0.17634647,0.020482993,0.08925764,-0.21553499,0.13201256,0.05038438,0.0761397,-0.11419157,-0.12264476,0.0032992032,0.16841318,0.25210685,-0.112236194,0.03270178,0.008516683,-0.20374477,0.05231455,0.09961711,0.04636393,0.20129414,0.15758389,-0.2114726,0.08407649,0.07111454,0.06004938,0.013255977,0.070069976,0.050187416,0.03137134,0.0940733,0.11660269,0.034164287,0.11673062,0.24033637,-0.060813185,0.09748503,0.047342338,-0.14187747,-0.23825313,0.18197463,-0.009860282,0.13248648,-0.25699478,-0.07945003,-0.18019073
but,-0.0033764897,-0.011943577,-0.07810747,0.14781949,0.14988194,-0.08782395,0.11614428,0.24230915,-0.05677534,0.11138091,-0.11463046,-0.04850377,0.019178633,0.051354576,-0.05996022,-0.07035948,-0.00740297,0.08068044,-0.011390685,-0.19881089,0.060564604,-0.12912029,0.06067248,-0.10996881,-0.03695473,-0.030662283,-0.07449936,-0.090172246,-0.16631767,0.084105715,0.08603262,-0.030775523,0.031407245,-0.0017560471,-0.049777966,0.1374257,0.03250785,-0.076670766,-0.018953465,-0.08222877,-0.08451892,-0.030159958,-0.08229505,0.0002835519,0.18569982,-0.047988992,-0.052553207,-0.14429857,0.11176378,0.08840897,0.067878395,-0.047596533,-0.05156747,-0.07831448,0.022838507,0.022352215,-0.06811569,-0.15918235,-0.1897466,-0.05118324,-0.09640517,-0.09731267,0.033463854,-0.08889109,-0.238021,0.009813175,0.067863934,0.17304161,-0.23608245,0.14849871,-0.048523203,0.06553325,0.08748795,0.0256592,0.06112111,-0.027311819,0.1347979,-0.1148277,-0.18194255,0.012342659,-0.09057554,-0.03224122,-0.14498474,0.29156283,-0.17072919,-0.029463042,-0.0848482,0.0773636,0.09218471,-0.0368146,0.15087019,0.13904262,0.1259249,0.116883606,0.21881369,0.11934144,0.029600592,-0.0034030732,0.090755366,0.041087173,-0.11496228,0.18017742,0.0768813,-0.07719412,0.00042176398,-0.18645628,0.08714339,0.16725151,-0.11394545,-0.19143628,0.0138078015,-0.18830976,-0.05258036,-0.05479087,0.110737786,-0.078873634,0.109085456,-0.2454895,-0.064796105,-0.059161503,-0.052104343,0.13483082,0.07154123,-0.04087629,-0.08584899,-0.01407728,-0.09317374,-0.07698274,-0.06065509,-0.06919547,0.0969348,0.025805155,-0.03597959,-0.12839355,-0.054771293,0.13290207,-0.02447325,-0.0281887,-0.061854508,-0.20438495,0.17217302,-0.20522168,-0.059681937,-0.03597575,0.0052082394,0.0386668,-0.017175404,0.03956897,0.008368194,0.06597771,0.08813685,-0.13598381,-0.004717367,-0.005398094,-0.15902887,0.12992387,0.124127574,0.03580344,-0.06519687,0.11487999,0.06320002,0.040849928,-0.039703734,-0.057549562,-0.040521648,0.07485335,0.15250418,-0.054512303,-0.03278585,0.022143472,-0.10509851,0.026308142,0.052029632,-0.009682684,0.17468876,0.057723872,-0.117903486,0.047758684,0.033807617,0.08636509,-0.011208093,0.04344923,0.042530686,0.00441838,0.10834584,0.10066121,0.023640065,0.0936084,0.15893304,-0.05830564,0.07378964,0.009568249,-0.07063244,-0.14001562,0.11944865,0.024432743,0.09072708,-0.22783081,0.0033108776,-0.088616826
him,-0.04203669,0.023754893,-0.079265215,0.10505753,0.09016135,-0.05454865,0.114593625,0.2437286,-0.055423774,0.1074977,-0.124714546,-0.042273976,0.031372666,0.030287962,-0.041540805,-0.12410694,0.0130038615,0.1307849,-0.043888137,-0.20949176,0.13858055,-0.15931465,0.07742963,-0.10990525,-0.1094132,-0.043915797,-0.05961702,-0.13803089,-0.18160926,0.047790244,0.068751544,-0.004860003,-0.0041144025,-0.03435263,-0.05257005,0.122340254,0.008926346,-0.08565542,-0.024616491,-0.049074516,-0.08455089,0.00303639,-0.09423008,0.015685832,0.14982122,-0.059643883,-0.04313567,-0.097956024,0.15006594,0.093254745,0.025259668,-0.04462625,-0.0051636463,-0.06969192,0.009614496,0.019675106,-0.053344637,-0.1520892,-0.17311658,-0.06809085,-0.047708616,-0.08942954,0.0295054,-0.10028836,-0.20417291,0.010482234,0.07121439,0.16268514,-0.23217131,0.14087057,0.0016517784,0.09604513,0.11308983,0.019009026,0.056725353,0.0066820406,0.1641292,-0.11930851,-0.14845376,0.039687447,-0.10126235,-0.06292607,-0.1499873,0.2822209,-0.1514805,-0.045208614,-0.057167392,0.072466105,0.11465558,0.013743586,0.1344634,0.15704827,0.163996,0.09913228,0.22694887,0.13050038,-0.02436957,-0.025798915,0.092550054,0.02345396,-0.076374345,0.17894368,0.13106687,-0.09046186,0.015749255,-0.21737134,0.10445783,0.14921167,-0.11041112,-0.1803339,0.055800635,-0.21414435,-0.037789002,-0.0638677,0.12416901,-0.07519032,0.12224698,-0.2031947,-0.06651899,-0.025878912,-0.034734577,0.11205705,0.06576596,-0.058318216,-0.103970446,-0.023565581,-0.08556063,-0.077685654,-0.09842966,-0.060289916,0.15544647,0.006115409,-0.05129668,-0.18007459,-0.06100824,0.09195768,-0.035268206,-0.0142898075,-0.05999643,-0.24495439,0.1903793,-0.19208886,-0.035148464,-0.06081615,0.022946352,0.08546074,-0.020847894,0.018984377,0.008028711,0.05525458,0.11606026,-0.115663946,0.002796526,-0.016146058,-0.16749161,0.15231743,0.07305437,0.06928314,-0.14730369,0.11348821,0.049462833,0.05998106,-0.07514014,-0.10531433,-0.026532536,0.13136746,0.18814477,-0.082159065,-0.013367842,0.018445311,-0.15377872,0.03808217,0.089344345,0.021148114,0.16482908,0.11086765,-0.159887,0.058521785,0.043958914,0.07721554,-0.02095581,0.056858327,0.026788602,0.027366119,0.09120677,0.094725125,0.035492096,0.117116004,0.2104755,-0.04963681,0.073304415,0.034123413,-0.10583277,-0.1839758,0.14332786,-0.0034397868,0.12208546,-0.22801983,-0.046176,-0.14293306
they,-0.0323414,0.053256027,-0.10441792,0.096775144,0.084769785,-0.027138064,0.1429632,0.20882234,-0.04158208,0.1274118,-0.10729808,-0.049134523,0.013165553,0.03393186,-0.056627233,-0.10621303,0.020506497,0.14822693,-0.0401514,-0.20637055,0.12504485,-0.17991032,0.07387729,-0.11792613,-0.09806314,-0.030901771,-0.04717173,-0.14030807,-0.19331802,0.04131146,0.058204655,-0.0017469894,-0.0020969128,-0.036833514,-0.055421945,0.1183339,0.026695307,-0.068533,-0.040784765,-0.057243127,-0.10121984,0.008475025,-0.08628023,-0.007895144,0.1700136,-0.073603466,-0.059904587,-0.09352791,0.15693423,0.090657614,0.03379427,-0.026039716,-0.03117357,-0.061364323,0.02246672,-0.008186488,-0.05646331,-0.15352699,-0.16447724,-0.068405285,-0.07204374,-0.111099586,0.016481578,-0.091491684,-0.18702076,-0.0063462947,0.04434174,0.17935626,-0.26071465,0.14883953,0.009978974,0.11872299,0.11033155,0.026842797,0.048951484,-0.020900037,0.16364785,-0.12962255,-0.115610674,0.029063983,-0.13813803,-0.087382644,-0.15486896,0.27221894,-0.16925368,-0.053417593,-0.048328344,0.05967919,0.11475989,-0.009544533,0.12393884,0.17488188,0.16822061,0.117984354,0.24465494,0.12232834,-0.0018534784,-0.0070013218,0.081173226,0.011901684,-0.08445141,0.17043592,0.11782016,-0.10477205,0.03879219,-0.20542349,0.10522344,0.16682728,-0.100902654,-0.18585315,0.028483419,-0.23094442,-0.05284945,-0.074219406,0.13728762,-0.06958497,0.1306276,-0.19378845,-0.074393705,-0.039418157,-0.061683506,0.12352161,0.07551213,-0.056674,-0.120515145,-0.022430455,-0.11247596,-0.102998376,-0.102960944,-0.061954383,0.1458323,0.036443528,-0.046999518,-0.1899142,-0.094413444,0.10347228,-0.059522193,-0.014578472,-0.075511046,-0.24043411,0.23129314,-0.18520539,-0.03335157,-0.05305394,0.034860305,0.06940094,-0.021276312,0.017929623,-0.007184246,0.0618585,0.12194226,-0.13584024,0.026586775,-0.008089283,-0.1791073,0.1442069,0.052638337,0.06919514,-0.13725664,0.12531869,0.0814669,0.046979602,-0.07804809,-0.083003804,-0.026110904,0.13487546,0.18328464,-0.0850071,-0.011440546,-0.0036978663,-0.14681041,0.044734593,0.094414525,0.013550019,0.20855193,0.121964954,-0.15862052,0.07827729,0.037242897,0.06291495,0.0022158911,0.05709591,0.029285915,0.017168533,0.11013471,0.12200377,0.061610207,0.112667665,0.18690354,-0.093352385,0.10708234,0.025910111,-0.11057489,-0.17692962,0.18573423,0.030923981,0.11389911,-0.25609115,-0.037378673,-0.1369457
had,-0.06398765,0.03737803,-0.059829418,0.11329084,0.09389921,-0.029490596,0.108817466,0.20556854,-0.045804877,0.120371275,-0.10961782,-0.027803324,0.02569407,0.017795555,-0.034644667,-0.114631034,-0.020651069,0.11735984,-0.029037487,-0.20841354,0.09085736,-0.16755903,0.067186825,-0.11520713,-0.07323251,-0.051442426,-0.05313747,-0.13702552,-0.17420438,0.06898706,0.04870165,0.006894553,-0.00602084,-0.0044559655,-0.0441857,0.11141761,0.006823801,-0.072155386,-0.011689378,-0.06562367,-0.09556735,-0.006142239,-0.09521878,0.0010439404,0.1420061,-0.057714004,-0.048768766,-0.10337859,0.120494105,0.0845614,0.060056943,7.389974e-05,-0.028130936,-0.07550318,0.035070524,0.002185554,-0.041323237,-0.11319785,-0.15940908,-0.052623626,-0.082595244,-0.10235762,0.032399632,-0.11750075,-0.24442773,-0.019591875,0.052376833,0.15770295,-0.2598953,0.14674735,-0.0011459733,0.085071534,0.069016054,0.026541809,0.031396676,-0.021564582,0.16562353,-0.11321837,-0.13917908,0.02400408,-0.10170025,-0.053508554,-0.10428486,0.24141519,-0.16042344,-0.021732403,-0.047458667,0.06433661,0.13256556,0.0022183845,0.12607242,0.1411753,0.112578094,0.1200104,0.19851172,0.118113354,0.021930335,-0.033829343,0.08653774,0.009685053,-0.08992482,0.17989482,0.080033526,-0.11508397,0.01788226,-0.19576728,0.05915611,0.15454988,-0.119927794,-0.16805275,0.039692692,-0.22004874,-0.06329477,-0.062389284,0.13646911,-0.09108528,0.12553568,-0.21069877,-0.073901206,-0.017557051,-0.031167058,0.12605695,0.08126633,-0.026491987,-0.12088367,-0.020118084,-0.11012805,-0.10342408,-0.08005662,-0.092359036,0.1416244,0.013775475,-0.036002506,-0.15517265,-0.06541889,0.12049516,-0.03135101,-0.0026093125,-0.061263256,-0.23917994,0.18705337,-0.18458325,-0.038774706,-0.050420348,0.011956897,0.07605979,0.00055217126,0.0349719,-0.01697677,0.049092125,0.094744995,-0.12464152,0.01052991,0.024728328,-0.18063724,0.122279525,0.0744258,0.048077565,-0.13018805,0.11639,0.072354116,0.060300175,-0.08624385,-0.07792881,-0.024431039,0.120046936,0.1989529,-0.07962499,-0.010344174,0.03766877,-0.1427614,0.031361207,0.058519863,0.006781063,0.19727053,0.11455953,-0.15789469,0.08232157,0.030295776,0.06444924,0.0072243325,0.0594215,0.03218012,0.009218515,0.10382653,0.10608462,0.023547042,0.10826171,0.17846876,-0.06501489,0.09656321,0.0033170849,-0.098697744,-0.18010716,0.17138788,0.019699007,0.09948009,-0.24145752,-0.026418867,-0.12311224
as,-0.01777047,-0.015341132,-0.10915712,0.14431094,0.13832563,-0.08809552,0.11056393,0.21171492,-0.04556735,0.11866728,-0.13974233,-0.055136368,0.01580495,0.057198793,-0.079123616,-0.08404894,-0.0060182903,0.06409969,0.0030721868,-0.16413069,0.07175562,-0.11326665,0.05934891,-0.12879916,-0.020905837,-0.006238534,-0.0683465,-0.086745575,-0.18632339,0.08330626,0.094246164,-0.037030946,0.013413977,0.009275207,-0.0501737,0.14531155,0.054885104,-0.04028337,-0.027144186,-0.08538911,-0.08251427,-0.014083599,-0.08633297,-0.027935596,0.17528966,-0.06177023,-0.07082717,-0.13638553,0.102226086,0.08100905,0.07073897,-0.04389456,-0.05369707,-0.071499914,0.04193424,0.034398783,-0.060999166,-0.1538409,-0.20207153,-0.08206616,-0.1272078,-0.110037476,0.025315585,-0.092985876,-0.2338697,0.016094739,0.03380433,0.17377274,-0.21845281,0.1535082,-0.048591424,0.0727455,0.08216481,0.027112283,0.04939115,-0.045310043,0.120277986,-0.10027321,-0.1673769,0.015056653,-0.11714403,-0.0346136,-0.16158143,0.29881275,-0.17552434,-0.056455147,-0.07499944,0.09159563,0.06744033,-0.06531338,0.18144326,0.13569619,0.13165498,0.102797866,0.20536952,0.108519495,0.035763107,0.0003982527,0.06510102,0.034416024,-0.11542703,0.18383822,0.07888405,-0.08205025,0.023807293,-0.17069548,0.07342481,0.1486075,-0.094596766,-0.18162213,0.0066104317,-0.1832625,-0.01772591,-0.048637066,0.09654228,-0.08557205,0.108936995,-0.24422345,-0.097390726,-0.05862337,-0.06408216,0.14624846,0.050560188,-0.059518203,-0.09996527,-0.023046745,-0.087578334,-0.08257813,-0.052295223,-0.085217066,0.0779794,0.053068534,-0.050810594,-0.13042101,-0.0786403,0.14618845,-0.031754408,-0.025509257,-0.07015629,-0.2305558,0.16010581,-0.20781857,-0.051531866,-0.05780694,-0.02715036,0.014589788,-0.0016545228,0.021273158,-0.014296625,0.06451413,0.101418406,-0.13643959,0.007745751,-0.00345525,-0.1660858,0.1049491,0.11686625,0.026756167,-0.07204525,0.12267096,0.08472624,0.022944719,-0.04391267,-0.061677948,-0.04360167,0.06150883,0.12969798,-0.0817134,-0.056557562,0.038259372,-0.07545489,0.019855855,0.045626003,0.00036119178,0.17440969,0.048420694,-0.10448387,0.053899843,0.019707624,0.07397271,0.004733453,0.04617741,0.007342041,-0.0048283823,0.10343588,0.109263755,0.023185939,0.109572984,0.1274662,-0.053823885,0.10111884,0.008267872,-0.07867459,-0.13784026,0.12304425,0.03765029,0.078097895,-0.2337008,0.023359144,-0.097217605
not,0.19176728,-0.20629649,-0.16824654,0.38178304,0.410078,-0.32882276,0.16340661,0.41046515,-0.13585055,0.11523434,-0.16416568,-0.20597588,0.029174006,0.17619035,-0.24487607,0.06551725,-0.005288863,-0.046561033,0.0886728,-0.14664486,-0.06985671,0.026838962,0.046002056,-0.07961312,0.14881411,0.033620175,-0.17802043,0.02442272,-0.09556215,0.1809607,0.23117156,-0.13591959,0.22055094,0.08593432,-0.0824789,0.31787434,0.19569199,-0.02502748,-0.07358455,-0.21828662,-0.013636474,-0.121150024,0.073496155,-0.024650944,0.3267343,0.051435985,-0.08415929,-0.35609213,0.06581817,0.07923019,0.12513067,-0.15897329,-0.16251193,-0.13839445,-0.049090702,0.10537285,-0.12436794,-0.256424,-0.30844873,-0.037088074,-0.1934915,-0.10756966,0.056108262,-0.023857642,-0.33126158,0.0902034,0.07562949,0.20871809,-0.15063679,0.15744683,-0.27392337,-0.091641895,0.056904666,0.104162894,0.1888703,-0.08075969,0.06537536,-0.090927415,-0.4083617,-0.04900451,-0.09175497,0.053737223,-0.21314223,0.44180426,-0.29003555,-0.066525824,-0.23352374,0.12836021,-0.0552954,-0.21166211,0.33212385,0.10949391,0.07502844,0.17656967,0.25124103,0.13460907,0.085106716,0.063416496,0.034595076,0.196341,-0.2661667,0.20187572,-6.563492e-05,0.012878585,-0.09885729,-0.08913939,0.14035031,0.13869719,-0.1301369,-0.28911042,-0.04448398,-0.101544544,0.026884856,-0.04204315,-0.011087563,-0.10598025,0.053946532,-0.46310505,-0.058372334,-0.21407856,-0.14263958,0.28777522,0.077232845,-0.1217381,-0.025101159,0.03141764,-0.1248158,0.022693988,0.058074493,-0.10653003,-0.16143881,0.09609945,0.02039157,0.06646011,0.0019169479,0.2243326,0.0028544043,-0.16131215,-0.11895776,-0.07688754,0.05305918,-0.30529803,-0.14580518,0.041883856,-0.073256254,-0.14547035,0.009265942,0.009890036,0.060943525,0.1083086,0.010746219,-0.18090737,0.004161972,-0.031427246,-0.052529503,0.07759093,0.3372514,-0.042612556,0.21315402,0.112767555,0.08977373,-0.030116506,0.13713029,0.009393782,-0.13391566,-0.10948909,-0.07664521,0.028967185,-0.18359254,0.050195113,0.0580901,-0.011083048,0.04261186,-0.09619452,0.07555091,-0.12120233,0.056172688,-0.077457994,-0.029315032,0.14748202,-0.15180826,-0.0037375535,0.0017789664,-0.0035058858,0.096516736,0.07752896,-0.021600306,0.07044679,0.046878837,-0.015911026,0.010121153,-0.011998239,-0.007329771,0.08969564,-0.013570403,0.051740248,0.007366757,-0.109594256,0.09021934,0.07269549
for,0.028048156,-0.051674183,-0.07032231,0.22070016,0.18663286,-0.14122121,0.11836333,0.274131,-0.09770083,0.10065607,-0.14164528,-0.09712652,0.036737397,0.07995856,-0.088868625,-0.037122235,-0.012096129,0.04560726,0.012648228,-0.1722792,0.019872809,-0.06610659,0.03544781,-0.07811373,0.01552817,-0.006714404,-0.121342696,-0.052335955,-0.14069374,0.09736405,0.10067966,-0.040793724,0.06435349,0.037593782,-0.063514404,0.18167493,0.06944923,-0.05437609,-0.03272172,-0.102339596,-0.06411567,-0.04684166,-0.04544205,0.0034416402,0.19819133,-0.022880383,-0.03963159,-0.20376948,0.085465856,0.067140654,0.09089495,-0.0772413,-0.07783499,-0.109272316,-0.0007605284,0.03358092,-0.08777146,-0.17763016,-0.20388661,-0.046859015,-0.102332644,-0.091048814,0.03450738,-0.073425554,-0.27805746,0.021104585,0.07719649,0.17928319,-0.18888071,0.14176512,-0.10514053,0.014471039,0.07682572,0.04388473,0.08811377,-0.0111487815,0.11009099,-0.1040761,-0.23897547,-0.00010008144,-0.072898924,-0.010629487,-0.13102403,0.31655326,-0.19469999,-0.03235307,-0.12297175,0.09144152,0.058531225,-0.07421599,0.20932432,0.124864705,0.09887702,0.12975997,0.21932998,0.12485092,0.040367387,0.026239403,0.06990353,0.07834108,-0.1539699,0.19974008,0.06462291,-0.045869436,-0.032882668,-0.15414563,0.090949364,0.15951657,-0.12690175,-0.20429441,-0.0013006607,-0.15656246,-0.02954721,-0.053293332,0.08767913,-0.0976849,0.10288968,-0.30802616,-0.07140362,-0.08391461,-0.062364724,0.17733116,0.075977,-0.050495118,-0.06146167,0.006656614,-0.11449859,-0.043054283,-0.044352144,-0.07656755,0.041439842,0.029124895,-0.01148779,-0.06670685,-0.029317703,0.1644779,0.005984373,-0.056258265,-0.08168231,-0.16431749,0.13460949,-0.22366719,-0.072088934,-0.01849404,-0.025659522,0.007000077,-0.01003819,0.03987817,0.033866927,0.076726116,0.06799646,-0.16020407,-0.013386271,-0.01791404,-0.14183128,0.12025482,0.17412552,0.021265866,-0.007839768,0.10614722,0.08417745,0.03361529,0.0032745113,-0.043551125,-0.0553844,0.04016742,0.108338796,-0.03658473,-0.08758401,0.04362572,-0.08212234,0.027963726,0.04167999,-0.045532864,0.14458063,0.031764653,-0.08372031,0.022715276,0.025387632,0.1226875,-0.038046483,0.025044031,0.010985027,0.014563188,0.09839198,0.08612959,0.009531034,0.08948619,0.121331364,-0.049665388,0.059134856,0.006825568,-0.062063497,-0.09681586,0.07552777,0.004248072,0.08538968,-0.18804914,0.01034038,-0.05614643
so,-0.039255697,0.03486485,-0.081523255,0.12042593,0.10775575,-0.042850137,0.11031384,0.21718615,-0.057689745,0.122933306,-0.12374281,-0.027916819,0.025668534,0.03674748,-0.045718197,-0.09878944,-0.00018255443,0.10112417,-0.028119426,-0.19886754,0.083609164,-0.14663516,0.05798502,-0.11378824,-0.074496195,-0.044665735,-0.071683966,-0.12898602,-0.18039119,0.06133286,0.0746208,-0.010906841,-0.015895076,-0.012304644,-0.04632464,0.11007171,0.012172321,-0.078045346,-0.007927135,-0.065740325,-0.088655114,-0.005557759,-0.10148384,0.0018367108,0.15241128,-0.048146494,-0.046950027,-0.10451019,0.11699195,0.08202272,0.059393924,-0.025001088,-0.029728398,-0.069982015,0.033834625,0.013964534,-0.058064308,-0.12932417,-0.17760095,-0.06559093,-0.080967665,-0.09581081,0.019022496,-0.101048216,-0.20024234,0.000586491,0.055663384,0.1652429,-0.237819,0.14166147,-0.011488927,0.085984215,0.09136937,0.016637407,0.039549015,-0.027136443,0.1496745,-0.11999991,-0.13433705,0.012344076,-0.10329309,-0.047736406,-0.13958052,0.24517949,-0.16246903,-0.043239355,-0.05462617,0.065476514,0.11767612,-0.007958607,0.14505017,0.14403693,0.115105346,0.112196736,0.20435582,0.107767716,0.016506629,-0.005536079,0.09222484,0.008877836,-0.08843516,0.17340447,0.10019735,-0.100064136,0.027942551,-0.18955721,0.08261884,0.16176623,-0.10791231,-0.15718724,0.019042281,-0.20940109,-0.051279437,-0.06726317,0.11410723,-0.067204475,0.11064132,-0.20896758,-0.06934322,-0.036927633,-0.043725364,0.116145514,0.07256765,-0.054359123,-0.11154777,-0.02817106,-0.09071195,-0.10092909,-0.077713035,-0.078677855,0.11897596,0.032241233,-0.03666813,-0.15506434,-0.070505835,0.12118271,-0.031806294,-0.0074869464,-0.06317951,-0.22953321,0.19779515,-0.19869272,-0.035545487,-0.046335712,0.0047657657,0.06432718,-0.021311741,0.026316527,-0.018214919,0.054926734,0.10380664,-0.13086273,0.002387024,0.012409829,-0.16725947,0.12036265,0.097133,0.050792135,-0.11226762,0.11533376,0.0669884,0.041377198,-0.06141806,-0.085840255,-0.020593282,0.10734094,0.17933093,-0.07822734,-0.018207774,0.018641537,-0.13651395,0.030909482,0.061900046,0.007661296,0.18557195,0.08212511,-0.13380763,0.059694424,0.033651043,0.07116702,-0.0015373987,0.05854512,0.031794365,0.011704051,0.09671769,0.102864616,0.042766016,0.11605015,0.1573251,-0.055314846,0.08283709,0.023119634,-0.095320664,-0.15383792,0.15236112,0.03126339,0.092274055,-0.21870364,-0.008674655,-0.11457973
with,-0.04396629,0.038313337,-0.056451842,0.11396299,0.08281613,-0.043998297,0.097963,0.21349415,-0.079254486,0.102230646,-0.1435633,-0.02692061,0.033732202,0.042166334,-0.018043192,-0.11134236,0.014382964,0.1252463,-0.041156415,-0.20581602,0.110322975,-0.15990359,0.05541561,-0.09792659,-0.09965183,-0.037603814,-0.078906015,-0.10917226,-0.1766584,0.04597557,0.07901926,-0.013770116,-0.01233096,-0.013315307,-0.03726682,0.10312688,0.0018994154,-0.07504182,-0.0178354,-0.03826988,-0.08576658,0.009684086,-0.10367749,0.018499378,0.13161618,-0.05864511,-0.026734108,-0.08970107,0.11064646,0.087106645,0.05954554,-0.048150584,-0.019436795,-0.07721939,0.012035141,0.020842608,-0.0752222,-0.13880812,-0.18422213,-0.06387152,-0.04102784,-0.07778242,0.020582454,-0.09151573,-0.19736832,-0.008446989,0.09845267,0.17257574,-0.22367178,0.15155753,-0.022402989,0.08432966,0.106657736,0.0034609197,0.045537245,0.014793683,0.1491982,-0.12254669,-0.14741954,0.01564738,-0.08080061,-0.056082334,-0.13110434,0.28144184,-0.15645859,-0.03816091,-0.060619663,0.06617239,0.12044807,0.0033237243,0.14835922,0.13945483,0.13308498,0.10445884,0.21640149,0.11866169,-0.0049362537,-0.003190196,0.093313254,0.016126733,-0.0890149,0.19431381,0.11949733,-0.08746312,0.0014462548,-0.20851995,0.09378917,0.1702964,-0.11833565,-0.16412485,0.03524368,-0.20722869,-0.06203841,-0.06357258,0.12646063,-0.074397475,0.12804371,-0.22619408,-0.08144707,-0.033291217,-0.03083948,0.10527382,0.066829026,-0.038295098,-0.096763246,-0.0047286246,-0.089879,-0.10787423,-0.07905351,-0.06855182,0.14360598,0.008438632,-0.042209603,-0.16496715,-0.05473876,0.10457722,-0.0096118795,-0.010520483,-0.060144544,-0.22874364,0.1846378,-0.19297412,-0.028434819,-0.05627028,0.014629477,0.09145995,-0.028261542,0.035418004,0.0029653516,0.060332906,0.11659557,-0.1330163,-0.0030318743,-0.009872995,-0.17586933,0.13993791,0.08966227,0.037710514,-0.13948828,0.11186854,0.06170413,0.05936871,-0.056308113,-0.09163768,-0.00031174035,0.12014972,0.18634231,-0.07338075,-0.023009066,0.012160834,-0.14782554,0.029175105,0.06336503,0.005723563,0.16176255,0.10206483,-0.15864609,0.07119898,0.05861612,0.08777174,0.00392123,0.06498442,0.013716048,0.023605205,0.10486988,0.08542031,0.044944976,0.12206217,0.16058375,-0.041028313,0.08103286,0.036324583,-0.11538965,-0.18321234,0.1379368,0.0012949859,0.110815726,-0.22086953,-0.041823816,-0.118719466
then,-0.05185067,0.035750464,-0.0702694,0.08231941,0.06468033,-0.026692972,0.099560745,0.1986372,-0.047089063,0.11553656,-0.113103256,-0.0056795,0.017314916,0.022008747,-0.024277177,-0.12317877,0.010796148,0.12289237,-0.056594998,-0.20395729,0.125469,-0.17063446,0.060206294,-0.100297935,-0.11062829,-0.056208428,-0.052220188,-0.12392543,-0.18067452,0.05139391,0.07149446,0.007444933,-0.029074788,-0.036403112,-0.043844726,0.08645137,-0.010912354,-0.08180009,-0.007958658,-0.041958556,-0.08790622,0.01062405,-0.11357888,0.025058374,0.13388391,-0.0673243,-0.045206662,-0.0766017,0.13859238,0.086299755,0.03500978,-0.022121143,-0.0026098003,-0.06962511,0.032111865,0.0149677675,-0.05622413,-0.13412976,-0.16151656,-0.05729665,-0.04111932,-0.0879544,0.02577567,-0.116564214,-0.19994228,-0.014826728,0.083115004,0.16713057,-0.24028026,0.14026657,0.0025736487,0.09867217,0.09629636,0.001031247,0.037625846,0.00295263,0.15814608,-0.12402429,-0.1251733,0.023784,-0.087560505,-0.047069397,-0.12947063,0.24265659,-0.14557196,-0.03792953,-0.041536774,0.054698203,0.12595052,0.016250892,0.11624393,0.14518405,0.14112806,0.096591346,0.19815326,0.100834414,-0.008894095,-0.019875772,0.10144276,-0.0011348142,-0.06511051,0.18428369,0.12265209,-0.11038407,0.02478192,-0.21321294,0.07957234,0.16321465,-0.10707835,-0.16721131,0.04763721,-0.21012674,-0.056519,-0.061455734,0.14131078,-0.066402204,0.122305244,-0.18029346,-0.07488272,-0.02031062,-0.02813273,0.08541401,0.07050909,-0.03924249,-0.112373486,-0.026569761,-0.08926516,-0.10906967,-0.08099102,-0.058301322,0.15765648,0.0039726817,-0.046409,-0.1900318,-0.06452474,0.099145636,-0.032253843,0.005177017,-0.044296786,-0.2556694,0.21229872,-0.19386399,-0.023652796,-0.06534838,0.021468837,0.091727465,-0.023266979,0.03553024,-0.010839731,0.05880085,0.11869685,-0.12149225,-0.0024497584,0.0051364154,-0.1931027,0.15346622,0.08175843,0.05316933,-0.15254712,0.11083465,0.05597152,0.07025195,-0.082191914,-0.093492955,-0.013057814,0.13356557,0.21257856,-0.08138121,0.00042572984,0.018579159,-0.15510526,0.028087823,0.07252956,0.022924026,0.18136325,0.1014233,-0.17363934,0.08546055,0.056599975,0.07165879,-0.00069579954,0.06809145,0.03386721,0.02363171,0.09575459,0.100526914,0.030508228,0.11957655,0.19083773,-0.052463237,0.086149916,0.030622004,-0.109492734,-0.20204876,0.15897244,0.019682653,0.11739267,-0.24638353,-0.050269492,-0.1312957
when,-0.07800773,0.084229074,-0.06668729,0.05347482,0.030633016,0.011387387,0.11693574,0.16005483,-0.028497038,0.12283281,-0.10402225,0.00874325,0.018255677,-0.0066492823,-0.01416957,-0.13560995,0.0026712571,0.15559502,-0.06722635,-0.21120612,0.1373717,-0.18566464,0.07718638,-0.12436083,-0.119697034,-0.04735562,-0.03096407,-0.14468445,-0.20014264,0.03139114,0.030515045,0.014574246,-0.057020426,-0.037228934,-0.03147624,0.06751863,-0.029466629,-0.0952475,0.0014863911,-0.03458587,-0.10737647,0.015868487,-0.12813486,0.0025954698,0.12833032,-0.080055416,-0.061422814,-0.059987567,0.13687266,0.08061055,0.043774486,-0.0053645745,-0.0065079266,-0.058252882,0.054331493,-0.005523449,-0.04098217,-0.12520342,-0.13967635,-0.06484152,-0.04782452,-0.10875705,0.015884126,-0.11119619,-0.1898916,-0.022310603,0.053555638,0.15001033,-0.26707965,0.14626442,0.026487246,0.11972371,0.09798281,0.001537355,0.0010434228,-0.00652327,0.16461793,-0.13267994,-0.07898262,0.03617847,-0.11593924,-0.057530887,-0.11796309,0.22046742,-0.1458773,-0.032842267,-0.020178532,0.040283404,0.13889688,0.024021043,0.08351419,0.15530007,0.13995305,0.096234344,0.20407368,0.08403441,-0.0016490981,-0.028394789,0.0914797,-0.03497352,-0.04886824,0.15610373,0.11722399,-0.11165956,0.06368904,-0.22180846,0.06953005,0.17358315,-0.0763207,-0.14924702,0.051153187,-0.2327247,-0.07398855,-0.06163225,0.15898839,-0.056571882,0.12399708,-0.13820682,-0.07675619,0.010347332,-0.036230896,0.07703905,0.06115346,-0.03531106,-0.12971765,-0.04194912,-0.09593824,-0.121609956,-0.10052307,-0.07456847,0.19451545,0.021177493,-0.048592165,-0.19990978,-0.09017305,0.081814736,-0.043732278,0.025333975,-0.048015833,-0.26173162,0.24469821,-0.16892986,-0.023747986,-0.08528123,0.032400303,0.11898069,-0.037094943,0.053109314,-0.0223147,0.051861193,0.12764458,-0.12161271,0.014523603,0.023428492,-0.21425049,0.15728568,0.03968692,0.059138708,-0.17679904,0.12770341,0.06388821,0.07464138,-0.11808648,-0.10169821,-0.008339621,0.1460327,0.24889675,-0.100924864,0.020509554,0.009336194,-0.16588531,0.032981273,0.07342072,0.02816907,0.21338299,0.12858853,-0.17159759,0.09093581,0.054721277,0.049751427,0.033912946,0.070476785,0.047154583,0.021316847,0.10179372,0.12844385,0.046716254,0.111878686,0.19359522,-0.08635674,0.11451283,0.021380782,-0.10456208,-0.20982601,0.18981966,0.038686477,0.111885846,-0.26975444,-0.031697363,-0.15390313
on,-0.089916214,0.0705776,-0.051749177,0.053565048,0.025040835,0.019291736,0.10977485,0.17813866,-0.048896696,0.10611405,-0.13347842,0.016934318,0.028101237,-0.005225249,0.0014998086,-0.14835554,0.019077651,0.1604912,-0.06725059,-0.21846068,0.14271908,-0.2042762,0.05591072,-0.12241359,-0.14179571,-0.059481964,-0.039248016,-0.1574452,-0.198156,0.031878214,0.04741397,0.015398323,-0.054150585,-0.02901642,-0.02465649,0.06739105,-0.03603952,-0.09586231,0.0010664293,-0.012979713,-0.10300858,0.03392558,-0.14196074,0.01483343,0.12370858,-0.08908369,-0.02925043,-0.048813198,0.14242747,0.08125082,0.058928568,-0.029099332,0.0040043835,-0.05252088,0.019329868,0.007343992,-0.06357716,-0.12365933,-0.15676524,-0.061575722,-0.025089303,-0.08325435,0.015177974,-0.11940063,-0.1785661,-0.02131481,0.08178726,0.17963654,-0.27550527,0.15669498,0.031329338,0.1397546,0.13032341,-0.01774294,0.02910877,0.013075565,0.17609696,-0.13967538,-0.10726211,0.027894793,-0.108728625,-0.07525593,-0.13089767,0.26254556,-0.14324981,-0.040732287,-0.026415903,0.054861806,0.15862232,0.033082,0.10886369,0.1556525,0.16271806,0.10244828,0.22792217,0.10055326,-0.013192255,-0.029985344,0.10276135,-0.015837273,-0.062351782,0.20581546,0.1332426,-0.117219865,0.03801658,-0.2506941,0.086240135,0.18563047,-0.121688224,-0.1525665,0.04978567,-0.25197563,-0.07110357,-0.066897616,0.15283191,-0.06527956,0.14274433,-0.16883253,-0.07081954,-0.008486406,-0.02070762,0.066155806,0.06496962,-0.034324255,-0.13224615,-0.010931836,-0.08678137,-0.13354766,-0.1147753,-0.060735088,0.20318714,0.0002117208,-0.05404901,-0.21101598,-0.075537905,0.07127699,-0.031610318,0.02237437,-0.05132588,-0.2678172,0.23909906,-0.16081254,0.0002237884,-0.06938384,0.019903954,0.12880065,-0.034693807,0.037847333,-0.0059177186,0.04201826,0.13018684,-0.13552907,0.004477854,-3.810124e-05,-0.2019582,0.15940207,0.04980295,0.0696207,-0.20094167,0.12887548,0.062329706,0.06788949,-0.09600549,-0.093438976,0.009745799,0.16949129,0.24274512,-0.10482401,0.0130584575,-0.009549231,-0.18168946,0.035743397,0.0840247,0.023841852,0.20840156,0.14703245,-0.201867,0.10294052,0.0656319,0.06274378,0.031764414,0.08516987,0.03834973,0.03066004,0.10750308,0.107127875,0.06298549,0.1345767,0.21054512,-0.066285826,0.10251118,0.05006793,-0.14514242,-0.23066522,0.17767303,-0.008335471,0.12238132,-0.2587241,-0.049635004,-0.15313905
at,-0.041784532,0.06587414,-0.07424587,0.06656238,0.065608494,-0.01653683,0.13274676,0.20080838,-0.028908437,0.10294397,-0.12745808,0.00426435,0.012429151,-0.004043274,0.0005150528,-0.113812216,0.004679172,0.14961846,-0.039136395,-0.20843682,0.13580064,-0.18865316,0.049366124,-0.1171022,-0.12932727,-0.03960863,-0.06541242,-0.138962,-0.20853597,0.043019447,0.061915334,-0.003925458,-0.05338774,-0.031218912,-0.022637771,0.09757913,-0.013124429,-0.09380591,-0.019427571,-0.02992669,-0.11391701,0.02338386,-0.13458498,-0.01213824,0.16819951,-0.07806488,-0.074656874,-0.09435639,0.1563541,0.07324261,0.05966375,-0.0072546434,-0.010225253,-0.07379837,0.055776317,-0.018076586,-0.039179023,-0.14308773,-0.15085809,-0.053090226,-0.043324683,-0.10465114,0.017999934,-0.12557495,-0.2138557,-0.019440716,0.07425309,0.14204958,-0.28536144,0.13331622,-0.0065722438,0.11876409,0.09420343,-0.0073091844,0.03552032,-0.0059957635,0.16860336,-0.12492268,-0.13623023,0.036464624,-0.13006154,-0.046585266,-0.10555213,0.29170957,-0.16710025,-0.022652226,-0.055838984,0.05701543,0.12618485,-0.0059886547,0.117200054,0.16805953,0.14000084,0.08688564,0.23014987,0.10148937,-0.018671816,-0.039543737,0.09322047,0.018056642,-0.0826256,0.20882967,0.12346423,-0.12100912,0.04339093,-0.23965898,0.08812415,0.19121665,-0.12364442,-0.17830545,0.055284865,-0.26100677,-0.09238168,-0.05983958,0.16226643,-0.07216991,0.13720222,-0.18399052,-0.074587494,-0.0041431286,-0.040790416,0.07774043,0.056077056,-0.017076863,-0.116175696,-0.03384386,-0.09136058,-0.11060058,-0.08462511,-0.0842323,0.1685418,0.01542938,-0.055891287,-0.19632593,-0.07120356,0.08711479,-0.022994874,-0.013491191,-0.044163603,-0.27265036,0.24876986,-0.19183086,-0.020678138,-0.05318716,0.016676005,0.1011055,-0.062111277,0.05608975,0.005067638,0.06357999,0.12108797,-0.15853134,0.009525101,-0.00281492,-0.20406158,0.18852475,0.06595547,0.07418877,-0.17518494,0.11667446,0.0669969,0.06964861,-0.11239876,-0.09517552,-0.02211131,0.16803151,0.24610928,-0.08085356,0.012725481,-0.0014047903,-0.19834173,0.055922553,0.08486567,-0.002728956,0.21943362,0.14155966,-0.15534034,0.07513803,0.040162295,0.073787436,0.025892895,0.06892296,0.031000491,0.037372805,0.1277776,0.12505253,0.037239093,0.11104076,0.19310877,-0.07498404,0.11608181,0.03553189,-0.14588083,-0.21446148,0.19708802,0.028591918,0.12914066,-0.2833917,-0.021819523,-0.14122537
all,-0.035182405,0.041826207,-0.07533325,0.110364035,0.102176905,-0.03904125,0.12449694,0.21589184,-0.05246666,0.1067565,-0.115786254,-0.034567915,0.017646281,0.03447604,-0.037057705,-0.109456226,0.012809508,0.13337943,-0.04065449,-0.19676077,0.10028266,-0.16433364,0.061924834,-0.11774697,-0.084131956,-0.044550065,-0.069878325,-0.12533356,-0.17756797,0.056405377,0.06734679,-0.012501969,-0.016490417,-0.013988785,-0.054856695,0.106273755,0.016423494,-0.076315746,-0.011342469,-0.05029295,-0.09650796,-9.737811e-05,-0.085044764,0.0068812277,0.15297568,-0.058669288,-0.055799976,-0.09375684,0.13758005,0.085106425,0.060214836,-0.037890576,-0.023675807,-0.07787289,0.013546694,0.012744019,-0.052011594,-0.13346414,-0.17023075,-0.05794137,-0.061548892,-0.09071747,0.020737201,-0.090056114,-0.196197,-0.0077324733,0.05856525,0.16657752,-0.24826543,0.14017315,-0.017011212,0.09114296,0.111437865,0.012701263,0.039372534,-0.015575807,0.14776582,-0.121779464,-0.13926779,0.011465392,-0.10444459,-0.06283435,-0.13066694,0.26977926,-0.15448645,-0.022585116,-0.047546193,0.059297364,0.11516185,0.0014410649,0.13007739,0.15377732,0.13452186,0.108553536,0.21992451,0.107612476,-0.0011831796,-0.010107295,0.09202879,0.0050127353,-0.088187955,0.17478971,0.10956188,-0.08321803,0.022834385,-0.1930281,0.09266611,0.16005711,-0.10568196,-0.17018232,0.028481893,-0.21846968,-0.05838915,-0.07050296,0.12986752,-0.068669885,0.1205062,-0.208678,-0.07200298,-0.04534557,-0.04458376,0.12001303,0.065107055,-0.03552561,-0.107409805,-0.017618312,-0.10237365,-0.09380691,-0.088881716,-0.07142668,0.13648641,0.022959063,-0.03736412,-0.16878618,-0.07518706,0.10425587,-0.034074377,-0.0118034845,-0.061984647,-0.2236213,0.21105212,-0.19242212,-0.030181777,-0.049968634,0.020395363,0.08444006,-0.031764995,0.026875194,-0.004243099,0.069374904,0.101422034,-0.13745652,0.0022454069,-0.0048291986,-0.16734587,0.13490362,0.07855129,0.063983604,-0.1304395,0.12869126,0.07050573,0.062013622,-0.06432576,-0.0898471,-0.027053436,0.10913566,0.1924512,-0.07199991,-0.0122530125,0.01219975,-0.14092916,0.03881519,0.07297712,0.0017802649,0.19149788,0.095513135,-0.15254278,0.067164056,0.040818077,0.06337617,0.0015066325,0.06280749,0.032143757,0.028648159,0.10190539,0.11429712,0.036355987,0.10857434,0.17882791,-0.07562139,0.08970977,0.017359337,-0.08732704,-0.15452887,0.14554776,0.019377682,0.10372143,-0.23193485,-0.03140141,-0.120934725
will,0.18933117,-0.24659927,-0.0715894,0.48032764,0.41488388,-0.38122442,0.106836796,0.44975013,-0.19689764,0.11233403,-0.18194878,-0.25268465,0.06781,0.23444462,-0.20171933,0.11992295,-0.06953176,-0.14727667,0.09716694,-0.13018002,-0.1369569,0.11245993,-0.0008071175,0.003769608,0.17706814,0.06697251,-0.23695646,0.0942391,-0.049847636,0.21964179,0.19749773,-0.13586931,0.27421957,0.13973309,-0.10777128,0.34747058,0.20105955,-0.0037532886,-0.104525365,-0.18195139,-0.012951182,-0.15887693,0.08626981,0.020047385,0.30797678,0.09385952,-0.055342995,-0.41837946,-0.009441588,0.023318363,0.19268773,-0.16807787,-0.20450372,-0.18270047,-0.029952023,0.07672222,-0.12975661,-0.26261252,-0.3321701,-0.01918434,-0.22816825,-0.094645865,0.037168432,-0.029816383,-0.41764483,0.091757245,0.13942261,0.23278637,-0.0706121,0.15891123,-0.3248945,-0.1735989,-0.011759904,0.08430095,0.2119772,-0.021568738,0.03547173,-0.054549765,-0.4587594,-0.08413402,0.009882804,0.10557648,-0.14541674,0.39397034,-0.24700615,-0.011037824,-0.2717436,0.17954747,-0.048443023,-0.22147182,0.42219502,0.039908152,0.002533254,0.15450864,0.20053963,0.17394087,0.10389702,0.11749846,0.04110929,0.24834418,-0.31579491,0.22429733,0.033127643,0.06290138,-0.20209153,-0.054967012,0.17523557,0.09855526,-0.18974812,-0.29902807,-0.08714579,-0.04091489,0.014801655,-0.0683703,-0.014976636,-0.15448305,0.029766085,-0.5298901,-0.098742455,-0.20957948,-0.10343472,0.35941443,0.076016165,-0.09205076,0.020575685,0.0795278,-0.15250146,0.03914481,0.0695557,-0.08292086,-0.1731272,0.06990762,0.056789014,0.13830231,0.065585576,0.29715753,0.1338616,-0.14234893,-0.12066565,-0.08573009,-0.011116556,-0.37331605,-0.18654853,0.05992142,-0.0785763,-0.19248936,0.060550928,0.06463192,0.10592608,0.14469017,-0.020016255,-0.2083512,-0.018002288,-0.054103896,-0.10525408,0.079408996,0.39449242,-0.071852885,0.25540075,0.09686043,0.110822126,0.007113507,0.19876453,-0.034515243,-0.08997956,-0.1482322,-0.1159419,0.054573108,-0.26865298,0.12615246,0.05999357,0.027132863,-0.0034562503,-0.16637462,0.05351138,-0.12439746,0.028813347,-0.083333425,-0.018195959,0.21619777,-0.113575324,-0.023555322,-0.053314034,-0.020515367,0.06546568,0.0016633635,-0.053988144,0.073471315,0.008330742,0.015304893,-0.029188,-0.015581001,0.041481987,0.07353414,-0.09510919,0.001377694,0.055946607,-0.059648972,0.11662646,0.10170811
be,0.123437695,-0.13997416,-0.12402476,0.30457917,0.28981945,-0.23344402,0.13447197,0.34743524,-0.13353932,0.090142556,-0.1695818,-0.18135686,0.037905138,0.14196485,-0.15983394,0.012936046,-0.0017863138,-0.009443667,0.0488615,-0.16665244,-0.0032141646,0.008359943,0.043581985,-0.057019334,0.081458956,0.0026437948,-0.15547411,-0.0056464616,-0.09345194,0.14092879,0.16995725,-0.077377014,0.15144478,0.06336152,-0.09157141,0.24962144,0.1575113,-0.023845913,-0.06715609,-0.15045108,-0.035007,-0.071687296,0.031399544,0.016463663,0.24698517,0.019877013,-0.04978185,-0.28610033,0.083527945,0.0760201,0.0796039,-0.11244956,-0.096377656,-0.13433766,-0.029276947,0.07027956,-0.10189604,-0.20550258,-0.24322979,-0.03392387,-0.13707863,-0.06066898,0.034813307,-0.055191312,-0.3011114,0.04019738,0.069386765,0.17288901,-0.13340119,0.11916222,-0.18838595,-0.056686018,0.072638646,0.078754306,0.13310918,-0.035890162,0.09925166,-0.08400466,-0.33278474,-0.0060104136,-0.06967878,0.015954286,-0.16404541,0.35471115,-0.21716288,-0.043575447,-0.16504891,0.10930684,-0.0007490794,-0.1475589,0.25639534,0.1183576,0.08548403,0.151092,0.22508805,0.13766676,0.05983177,0.027215235,0.05703472,0.15238146,-0.20774652,0.20635322,0.0317329,0.00023073415,-0.079491444,-0.104650296,0.10868534,0.13341206,-0.14323503,-0.25130782,-0.015889395,-0.12027022,0.009566404,-0.044466026,0.035882846,-0.123941064,0.08859216,-0.39846617,-0.06836081,-0.15174468,-0.10045678,0.23193312,0.0746187,-0.085773826,-0.036105342,0.020636259,-0.12611084,0.0050426265,-0.004823652,-0.08134438,-0.05195656,0.028968945,-0.003538117,0.0001670829,-0.01772035,0.17777541,-0.0065772664,-0.121279486,-0.07654538,-0.13661702,0.08789176,-0.26829296,-0.09816286,0.0017125453,-0.058776285,-0.05831908,0.0004351907,-0.0077060503,0.060988475,0.0999491,0.026358752,-0.15886731,-0.016005259,-0.02521482,-0.09129794,0.10110325,0.23340648,-0.0012072751,0.09781464,0.11362302,0.09879722,0.018531779,0.05121425,-0.014867192,-0.09372961,-0.034762308,0.025116144,-0.0061039124,-0.14947782,0.06306395,-0.038079113,0.024441976,0.043673467,-0.06018027,0.09916404,-0.03144201,-0.044064038,-0.005709024,0.004454824,0.14580244,-0.09682277,0.004730211,0.0028985555,0.024668423,0.079424344,0.07740749,-0.03259988,0.077228025,0.104451515,-0.03761912,0.014993797,-0.00014428598,-0.037224025,-0.0042329254,0.013614625,0.012423846,0.06562107,-0.15355992,0.00886858,0.005453663
have,0.13706173,-0.17794502,-0.104451045,0.38240245,0.3340954,-0.292275,0.12049087,0.38841528,-0.16868663,0.09663171,-0.17757943,-0.21573094,0.050845254,0.16948147,-0.16468963,0.04844952,-0.025206674,-0.04948771,0.057566565,-0.14472064,-0.05982799,0.032024316,0.014842354,-0.035683896,0.12661147,0.027065698,-0.19268595,0.026738103,-0.082386866,0.1784681,0.16433783,-0.1009484,0.19028816,0.090066046,-0.10491059,0.2875261,0.1623069,-0.021776611,-0.08727887,-0.16060399,-0.03677735,-0.09841144,0.054203738,0.008902517,0.25978735,0.045931466,-0.043863233,-0.34575132,0.04500953,0.055215973,0.14163935,-0.14734228,-0.13271207,-0.15843585,-0.035168633,0.06629731,-0.109603465,-0.2234801,-0.28105825,-0.022670593,-0.17240329,-0.09119046,0.032105356,-0.054172922,-0.35525075,0.061370455,0.09957825,0.19757417,-0.12527989,0.13415168,-0.2415443,-0.10961964,0.0322067,0.068708755,0.15716724,-0.0381882,0.07597077,-0.0724948,-0.37787172,-0.03834238,-0.0428732,0.054810125,-0.14289346,0.37179545,-0.23908103,-0.028949933,-0.2169422,0.13208379,-0.00750075,-0.17230004,0.32795358,0.08079066,0.050614312,0.1556465,0.21354592,0.15282251,0.09156564,0.05319256,0.047572613,0.17303596,-0.2611029,0.21296827,0.044488195,0.028257756,-0.123835534,-0.09274641,0.124234214,0.12550005,-0.15864502,-0.2765274,-0.037900794,-0.10250835,0.008388464,-0.048252534,0.01981132,-0.13123003,0.067379825,-0.45004597,-0.083543405,-0.1579618,-0.11139956,0.27444094,0.0784659,-0.07467357,-0.014876129,0.05667785,-0.14846113,0.022607515,0.015299504,-0.10012421,-0.1018524,0.053470347,0.015801283,0.060390297,0.014021646,0.22668251,0.054952722,-0.13059585,-0.096276574,-0.116226085,0.04847261,-0.3014856,-0.13227531,0.022439545,-0.06529661,-0.11182033,0.024698546,0.022908155,0.08319095,0.12046252,0.003541895,-0.1781033,-0.012217312,-0.040272288,-0.10141447,0.08727123,0.29293948,-0.03511262,0.13985915,0.10078598,0.11060087,0.019583248,0.10587652,-0.012707373,-0.09363198,-0.07539195,-0.019112917,0.020132039,-0.18494278,0.08906798,0.010981539,0.021833736,0.019402917,-0.103596374,0.10491636,-0.05214959,-0.022585154,-0.03823068,0.0006297086,0.16811126,-0.1021929,0.0033008857,-0.01247001,0.0022959746,0.077077046,0.0414556,-0.027262667,0.07720492,0.06048438,-0.023887992,0.01132651,-0.0053880885,0.004529762,0.026587922,-0.01647633,0.023372646,0.057703737,-0.115161024,0.041108206,0.043155715
into,-0.08103216,0.07132179,-0.05831413,0.048769444,0.030997738,0.010992411,0.08700089,0.17744854,-0.055141266,0.09203263,-0.120856576,0.013666825,0.026071157,0.0002926896,0.00074141414,-0.1422558,0.027980609,0.14914608,-0.057699516,-0.21847312,0.13186887,-0.19253463,0.045612637,-0.1069816,-0.14999379,-0.05466817,-0.052787654,-0.14371125,-0.18479308,0.033408552,0.05218514,0.018525671,-0.0634814,-0.05046081,-0.021732312,0.06548526,-0.042052902,-0.10692448,0.00050303043,-0.016865268,-0.09518533,0.032239575,-0.13721432,0.019588439,0.13110985,-0.08512027,-0.02896133,-0.05115479,0.13461605,0.08027422,0.048857182,-0.021789936,0.008148909,-0.04710677,0.029895727,0.0047393967,-0.07249014,-0.123264395,-0.15273698,-0.04946086,-0.00938695,-0.07323231,0.021605903,-0.12001708,-0.173277,-0.0151096955,0.10258772,0.17030445,-0.24400973,0.14973445,0.018496081,0.13461317,0.112451635,-0.02466722,0.024876898,0.031946238,0.16289945,-0.12748645,-0.08977924,0.013913308,-0.091952525,-0.060715716,-0.12436577,0.25079757,-0.11992748,-0.046222202,-0.022244094,0.060059275,0.15116647,0.03686604,0.08884477,0.14056098,0.15697041,0.09419988,0.20328586,0.08788577,-0.010393965,-0.02520481,0.1142679,-0.020710949,-0.04933798,0.19707562,0.13076322,-0.118113704,0.029601753,-0.23645975,0.09404149,0.17061971,-0.123702265,-0.13895571,0.05620899,-0.23698863,-0.07218115,-0.06991589,0.14067653,-0.05481887,0.13768011,-0.16557603,-0.07931228,-0.0077369343,-0.031629264,0.06145889,0.050306126,-0.030253815,-0.121686846,-0.0047078733,-0.07112483,-0.122569524,-0.101533756,-0.0557552,0.20240709,-0.012570525,-0.04646294,-0.2168567,-0.058812395,0.084109105,-0.02070622,0.013935751,-0.04174448,-0.27579716,0.22891076,-0.17666289,-0.010885803,-0.063555315,0.01965086,0.12595396,-0.04812054,0.04887758,-0.00955882,0.040435642,0.13664168,-0.13033526,0.0027264035,0.008486323,-0.20874551,0.17672528,0.057652313,0.06263125,-0.20449115,0.11021597,0.04997042,0.073208086,-0.101979464,-0.08830812,0.01688295,0.16991484,0.23529601,-0.09330393,0.009834074,-0.00637933,-0.18385221,0.032925926,0.07389882,0.03236222,0.18972263,0.12691988,-0.20082715,0.10714717,0.07043967,0.077402115,0.018480958,0.075041264,0.033667896,0.026681136,0.1025673,0.10421765,0.05741487,0.14430577,0.20387419,-0.04363199,0.093748316,0.06412063,-0.14223368,-0.22578996,0.16611007,-0.009762189,0.12991798,-0.2598439,-0.050591964,-0.1445117
out,-0.06496468,0.050208405,-0.05154451,0.0821933,0.06373147,-0.021968663,0.11458973,0.19900903,-0.06872624,0.11097495,-0.12378888,-0.022525612,0.024064159,0.01707376,-0.0122382725,-0.12996648,0.010409125,0.13600792,-0.059388455,-0.21386306,0.1349126,-0.17014238,0.05877579,-0.111333996,-0.12226741,-0.044801593,-0.05059905,-0.12639178,-0.18019783,0.04178398,0.06999827,-0.0025832162,-0.029686904,-0.030627431,-0.04373323,0.094654135,-0.0045630443,-0.08040303,-0.006881158,-0.03241619,-0.09590541,0.00858544,-0.11703465,0.028930016,0.13063906,-0.07236502,-0.025109556,-0.06254645,0.12946609,0.089998014,0.05029938,-0.042908445,0.0032345753,-0.06470654,0.015426396,0.015096191,-0.060833115,-0.14023072,-0.17046703,-0.06687694,-0.048093032,-0.0763842,0.021174766,-0.10911215,-0.1736492,-0.0012500434,0.08646378,0.18038587,-0.23791932,0.14362197,0.008002117,0.1127383,0.11171528,-0.0069153374,0.04328058,0.01848399,0.15046509,-0.115169145,-0.1122282,0.016513811,-0.094969496,-0.07412131,-0.14757474,0.26693177,-0.1452157,-0.034468178,-0.047999594,0.05623703,0.14138173,0.02650661,0.1291927,0.15754259,0.16160524,0.09631524,0.23118283,0.10945638,-0.016109148,-0.025175065,0.105188526,-0.0019942245,-0.07332546,0.18406038,0.1250012,-0.106432505,0.02288386,-0.22054984,0.09751297,0.16304544,-0.116673745,-0.1601644,0.03950519,-0.21861896,-0.055066288,-0.0699276,0.13158241,-0.05833855,0.13662368,-0.19139934,-0.079106495,-0.032894604,-0.034058757,0.09859553,0.05597561,-0.04076853,-0.111001484,-0.009929627,-0.09689251,-0.098156676,-0.09850104,-0.058050305,0.16716383,0.0016782845,-0.05645664,-0.1887553,-0.06850012,0.08920195,-0.02199646,0.0044935457,-0.052369058,-0.24786371,0.21064186,-0.18881519,-0.016160557,-0.0563093,0.033112727,0.103194185,-0.026575508,0.039996687,-0.007714504,0.05440215,0.12097561,-0.12225177,0.00855167,-0.00041977194,-0.19320063,0.1525015,0.06559258,0.06021871,-0.16863212,0.12716357,0.053351395,0.059016056,-0.08016975,-0.10203097,0.0076336726,0.14074388,0.20943718,-0.08054193,-0.010360318,0.0053574885,-0.14835414,0.041082818,0.08773269,0.029051853,0.18219265,0.11750102,-0.1894122,0.087216616,0.06744757,0.067193896,0.0062347017,0.0752096,0.034545824,0.028491179,0.10645091,0.09924972,0.05738628,0.13123369,0.19777055,-0.059304774,0.0942221,0.038460884,-0.12766187,-0.20573455,0.15013714,0.0035661273,0.12534413,-0.24792014,-0.04433069,-0.12750262
is,0.04987988,-0.06787269,-0.051000554,0.23816928,0.22031008,-0.14575087,0.11125269,0.28465292,-0.10754975,0.11103283,-0.12936705,-0.1023112,0.03505588,0.089944884,-0.083082095,-0.021628408,-0.024471942,0.018843092,0.032355223,-0.17385337,-0.010855186,-0.038701512,0.034733046,-0.06880779,0.039700344,-0.02007155,-0.13221137,-0.041465864,-0.11359852,0.12315986,0.095782064,-0.05465934,0.111464016,0.048239328,-0.063875854,0.19241796,0.08503447,-0.05258795,-0.035249017,-0.10849182,-0.061473668,-0.056877244,-0.02723572,0.022275995,0.19389823,0.0028566723,-0.050389268,-0.20436612,0.071320616,0.06167022,0.09532153,-0.0604101,-0.10635148,-0.115147375,0.016352596,0.02476054,-0.07741789,-0.1595594,-0.19318944,-0.042813215,-0.13555051,-0.085606515,0.034050744,-0.088085316,-0.29768032,0.013949357,0.06834732,0.17101647,-0.18219921,0.12422964,-0.1171101,0.0031863675,0.05056763,0.05159198,0.10229625,-0.030517673,0.11774042,-0.10060637,-0.26981822,-0.02305074,-0.062429827,0.01805758,-0.11281328,0.30232635,-0.19381577,-0.012962255,-0.13913992,0.11384322,0.060544595,-0.08512291,0.21581653,0.10934541,0.06905796,0.13892902,0.21294509,0.13020855,0.06699401,0.015154849,0.07550302,0.08260524,-0.16735744,0.19324009,0.043353852,-0.027554642,-0.04239909,-0.13141148,0.08715865,0.1596831,-0.13694078,-0.20465058,-0.022613076,-0.14216559,-0.04260483,-0.056229524,0.076161705,-0.09351284,0.09898837,-0.32411548,-0.07049991,-0.11300482,-0.06733997,0.2022896,0.07689717,-0.055514574,-0.05436018,0.019396715,-0.11263411,-0.024792908,-0.030142546,-0.072494574,0.022308314,0.019379439,0.004149474,-0.048872948,-0.024171088,0.17350274,0.024665948,-0.078555346,-0.05555502,-0.16676085,0.109843604,-0.23276041,-0.090815395,0.009069019,-0.013859955,-0.008318578,0.012539744,0.030447464,0.04828241,0.07437616,0.045540705,-0.1532952,-0.016730903,0.003137704,-0.13859092,0.095582075,0.20109677,0.021939125,0.041043375,0.119174145,0.08967222,0.039155405,0.017036127,-0.03751722,-0.07076264,0.02281492,0.06932516,-0.016473768,-0.09625595,0.048615966,-0.073873125,0.030275477,0.02758491,-0.042318128,0.1350787,0.009785478,-0.07977783,0.018308684,0.008835817,0.12186864,-0.03344308,0.03430559,0.02563874,0.0104549965,0.10230126,0.08161204,-0.0074374964,0.06967794,0.10038143,-0.047703244,0.04798676,-0.015408183,-0.03144399,-0.06327183,0.072447576,0.002744848,0.07530645,-0.17384344,0.027990013,-0.028043423
came,-0.1279796,0.11099252,-0.06400246,0.005955932,0.0073791244,0.052261826,0.10973466,0.16168903,-0.003624157,0.11230009,-0.09818727,0.05084221,0.011074935,-0.03536532,0.023957303,-0.1702957,0.016703362,0.18486246,-0.07623351,-0.23706506,0.16413435,-0.23811767,0.07697028,-0.13611178,-0.16006528,-0.08119323,-0.020181226,-0.18645504,-0.22950436,0.014349706,0.023388995,0.03554544,-0.091351315,-0.05432049,-0.032722034,0.044145152,-0.047660258,-0.11670602,0.0007426565,-0.01181926,-0.12567596,0.043722197,-0.14623451,0.015611251,0.11467066,-0.10644855,-0.058906704,-0.01731001,0.16885172,0.09629104,0.020704525,0.038096715,0.024848616,-0.034819763,0.051811796,-0.013101816,-0.019913157,-0.10861959,-0.11962012,-0.07288425,-0.023452371,-0.08153951,0.021949481,-0.14330433,-0.17671202,-0.036510725,0.056461282,0.13198234,-0.2864204,0.1348092,0.06627645,0.15733916,0.10094487,-0.011673376,0.0008270044,0.005920031,0.18354437,-0.13521002,-0.06295884,0.05387579,-0.115968995,-0.074469574,-0.11238453,0.2109045,-0.11382036,-0.015459483,0.008582806,0.036570877,0.176544,0.058252934,0.054389402,0.17583105,0.15306108,0.09304413,0.2081037,0.10876694,-0.029251115,-0.06963921,0.11426671,-0.05494326,-0.02756856,0.18524836,0.1231118,-0.15602633,0.065193735,-0.25745758,0.061190013,0.1800896,-0.097308666,-0.13570565,0.07770674,-0.25298068,-0.077672884,-0.07654986,0.18921326,-0.07231844,0.14486383,-0.106412426,-0.07084538,0.027690468,-0.009736137,0.037519887,0.07351131,0.0043526636,-0.14061543,-0.05299167,-0.074637055,-0.15093696,-0.11398203,-0.06850292,0.25856754,-0.0025032014,-0.06443758,-0.24418128,-0.10089205,0.06807404,-0.050724454,0.03305254,-0.04171652,-0.31216496,0.26348522,-0.15716326,-0.008906929,-0.102279656,0.03191869,0.16226302,-0.040609006,0.04247505,-0.0327681,0.033104002,0.14279637,-0.11935884,0.002885837,0.01946847,-0.23504822,0.17402744,-0.0019465421,0.07911929,-0.24584648,0.12790003,0.06433108,0.09589581,-0.16448638,-0.11616858,0.011679009,0.20444542,0.30001232,-0.12227693,0.046469606,0.00013019425,-0.22047143,0.049264383,0.07336983,0.0596475,0.21902984,0.18127918,-0.22826566,0.13426992,0.049792334,0.044268448,0.054097332,0.07460645,0.04156956,0.033828143,0.10208281,0.1326202,0.041636985,0.119037256,0.24053818,-0.075563766,0.12743202,0.043910798,-0.14268568,-0.26685616,0.231923,0.007754489,0.15278383,-0.30975592,-0.08147749,-0.19228391
me,0.12323176,-0.15439962,-0.093791,0.31480762,0.29912063,-0.24576259,0.11919527,0.36447895,-0.1352358,0.09729114,-0.16837482,-0.1806796,0.044768278,0.14326438,-0.15700507,0.018703405,-0.0065479763,-0.018893788,0.044174366,-0.14897302,-0.0048108464,0.011278231,0.043578334,-0.044243045,0.07908,0.017701412,-0.16889623,0.008933477,-0.08705779,0.14404722,0.15884547,-0.07757091,0.16649039,0.060678143,-0.09101467,0.26678154,0.14477664,-0.029164124,-0.06614011,-0.1282076,-0.037672337,-0.07929982,0.03368484,0.020056685,0.24378753,0.020675853,-0.044407755,-0.28559434,0.089307375,0.06782163,0.089210995,-0.13412909,-0.113275275,-0.12910448,-0.021152267,0.07118411,-0.09405646,-0.21943784,-0.24592651,-0.035160262,-0.1434097,-0.077177666,0.037143342,-0.0482505,-0.3148269,0.054545123,0.097283535,0.17898786,-0.11849887,0.1396004,-0.19681297,-0.0663131,0.062112678,0.07848567,0.14764336,-0.012854,0.09368898,-0.085948266,-0.35007575,-0.029415626,-0.047072973,0.024746845,-0.16096127,0.36967343,-0.22488137,-0.026159523,-0.19013304,0.13416111,0.0031023072,-0.12386643,0.28533792,0.10116142,0.08114354,0.14185096,0.22633119,0.14959346,0.042754635,0.051173452,0.0581263,0.14731036,-0.22361282,0.2146767,0.05451878,0.008794508,-0.09539271,-0.11820069,0.14121151,0.13430768,-0.14269179,-0.2515638,-0.021819543,-0.11303859,0.023449419,-0.058810517,0.031797953,-0.115909286,0.07947927,-0.4044306,-0.073298864,-0.15474476,-0.086366825,0.25320533,0.06300843,-0.09617339,-0.019576117,0.044501584,-0.13442875,0.0127300825,0.0044218116,-0.07871278,-0.05693694,0.029794151,-0.0030241557,0.015305479,-0.00044054852,0.19613732,0.027187085,-0.12311331,-0.07990512,-0.13858819,0.068829834,-0.2813668,-0.10874283,0.0060268124,-0.04200067,-0.07505067,0.015925875,0.0073706843,0.063785076,0.10331842,0.024667764,-0.15952985,-0.018710168,-0.040767577,-0.09452397,0.112944536,0.2553287,0.007306065,0.09499476,0.11329237,0.09227376,0.014031318,0.08415899,-0.053036667,-0.088820525,-0.02496375,-0.0022457365,-0.004580276,-0.15592429,0.0706858,-0.029341763,0.028363075,0.05603747,-0.074541405,0.086126715,-0.036423884,-0.039580032,-0.03581295,0.008571028,0.16189797,-0.10270326,-0.0027272603,-0.009987331,0.008599512,0.080079176,0.067309774,-0.024611205,0.07490635,0.10820687,-0.036133386,6.0321578e-05,-0.0045743966,-0.016804114,-0.004760145,-0.0057210512,-0.0144201005,0.07672452,-0.13210148,0.023835406,0.009957199
went,-0.12914518,0.119638644,-0.06391362,-4.0999486e-05,-0.014455186,0.051531848,0.0898328,0.1640283,-0.0071032504,0.111569,-0.11163234,0.050387416,0.013916025,-0.026718054,0.03671865,-0.17264065,0.016011506,0.18720977,-0.090208635,-0.22117701,0.17423944,-0.23885463,0.081608444,-0.12719482,-0.19594605,-0.07999578,-0.024221415,-0.19145565,-0.2084225,0.009916574,0.0377632,0.019531317,-0.107061274,-0.06576097,-0.030005189,0.032132506,-0.055282213,-0.10430618,-0.00055635587,0.0014180365,-0.11574746,0.05706764,-0.16372968,0.026736481,0.08322907,-0.09995352,-0.057565693,-0.002812291,0.17785376,0.10125495,-0.0053753373,0.03152019,0.047255334,-0.037964545,0.036469065,0.013202593,-0.016095648,-0.10891987,-0.13061062,-0.070228055,-0.0151593005,-0.07173388,0.012143008,-0.13496053,-0.15869357,-0.040397353,0.062454198,0.13917452,-0.26597542,0.13992779,0.08895823,0.1473031,0.09933897,-0.023220794,0.0023530086,0.0063273474,0.20483902,-0.13134879,-0.060610514,0.06710577,-0.11098039,-0.09920584,-0.1206329,0.20149226,-0.11389147,-0.04059358,0.003550295,0.041200563,0.17738198,0.064186364,0.045139704,0.16721001,0.16477986,0.07772085,0.20357585,0.10494394,-0.047652535,-0.063400604,0.10376042,-0.03527983,-0.009506684,0.18342029,0.1566355,-0.13950114,0.05520232,-0.2537806,0.083219975,0.16653831,-0.08642453,-0.13450454,0.09170999,-0.2505218,-0.06571275,-0.06780711,0.18352576,-0.05631483,0.14876027,-0.09857658,-0.07383904,0.031906303,-0.0120026,0.02555978,0.06041481,-0.0064436896,-0.14630929,-0.049755454,-0.06356108,-0.14785959,-0.11237026,-0.053025328,0.26455915,-0.014321436,-0.065098554,-0.24712527,-0.10291172,0.049615405,-0.041754678,0.035404254,-0.028468493,-0.30934566,0.24884003,-0.16069923,0.0062343515,-0.10571571,0.031075878,0.16193683,-0.03224526,0.023485119,-0.047745366,0.038253613,0.13566257,-0.09756808,0.013433944,0.013723797,-0.21384552,0.17192537,-0.012601971,0.080479205,-0.26802313,0.11048968,0.03558971,0.08129569,-0.15049882,-0.12744157,0.024177022,0.19467658,0.2851795,-0.1291063,0.05361788,0.01443182,-0.21848422,0.040643387,0.08556694,0.057636395,0.20449787,0.17873934,-0.23230799,0.12369608,0.055925123,0.039346874,0.039815806,0.09093476,0.042579435,0.024289528,0.08634316,0.114151224,0.03125739,0.14099039,0.23964669,-0.06336557,0.10893475,0.048815355,-0.14579494,-0.26827323,0.22316451,0.0077505186,0.13947356,-0.2806097,-0.099617034,-0.19321625
what,0.12224077,-0.11987353,-0.1085924,0.29645565,0.2995605,-0.23952907,0.1343552,0.33943483,-0.11533481,0.09980802,-0.15476297,-0.17503215,0.03633742,0.14522812,-0.17227565,0.024788747,-0.011575084,0.00858864,0.0428623,-0.16573365,-0.022136895,-0.009230976,0.034695122,-0.06084632,0.07806693,0.023677526,-0.15003811,-0.002232045,-0.112500295,0.1438155,0.16040857,-0.08703951,0.1458998,0.05616877,-0.07727177,0.25458187,0.14859545,-0.03267578,-0.05295354,-0.1492822,-0.03878516,-0.08050212,0.012234533,-0.009571579,0.25817707,0.022450458,-0.054686215,-0.28467652,0.091363035,0.05839507,0.10685203,-0.12571985,-0.11832845,-0.12406635,-0.016495593,0.07147796,-0.11375245,-0.21834409,-0.24437496,-0.04192556,-0.14522976,-0.10408893,0.03963081,-0.034136377,-0.3071723,0.0502618,0.089124225,0.17744511,-0.16213787,0.14720504,-0.19707412,-0.05599596,0.06713312,0.07129335,0.120456345,-0.03737661,0.08267532,-0.09450946,-0.3209659,-0.023979401,-0.081089675,0.023495624,-0.16344243,0.3724706,-0.23456556,-0.035134293,-0.1759401,0.11846434,0.004130244,-0.13624936,0.26653367,0.121684514,0.08457328,0.14719325,0.22847323,0.12069208,0.06311437,0.043830052,0.060731918,0.13314517,-0.21239923,0.20155717,0.041053046,0.00038070485,-0.0684689,-0.1075817,0.12002841,0.13488999,-0.119881496,-0.23671964,-0.0353715,-0.12681203,0.008087022,-0.05207181,0.03875457,-0.09898632,0.07450777,-0.3880806,-0.06986907,-0.14374942,-0.10466265,0.25286815,0.079769686,-0.09178025,-0.04333191,0.028235173,-0.1250669,-0.010767667,0.008522105,-0.08735675,-0.053518627,0.060039572,-0.0009149731,0.004801393,-0.027263703,0.20582226,-0.0028241908,-0.1213802,-0.079541095,-0.12065813,0.11048555,-0.2819258,-0.10047784,-0.0021510741,-0.05095882,-0.065030836,-0.0025429362,0.01726382,0.049166646,0.09676197,0.037510537,-0.16990274,0.0010401249,-0.027014159,-0.10550787,0.1092154,0.25573245,0.0010005054,0.09434991,0.11474802,0.10643258,0.017546678,0.062066305,-0.02279178,-0.08615842,-0.04304467,0.022023464,-0.009876264,-0.13987824,0.046718393,-0.024737671,0.016518477,0.0388772,-0.07727709,0.124262005,-0.030946176,-0.022389928,-0.021083346,0.014117633,0.14209081,-0.098627925,-0.0044084014,0.0055079833,0.014279717,0.091947876,0.08171417,-0.010132622,0.06979305,0.08891799,-0.051057674,0.03675595,-0.009286069,-0.015961962,-0.006033402,0.025750073,0.027834117,0.054229412,-0.15562467,0.04694557,0.0065019564
one,-0.014930762,0.022725895,-0.057711914,0.12553872,0.12557028,-0.04090043,0.12630732,0.23824981,-0.07257995,0.10775484,-0.1277561,-0.058661107,0.025734587,0.04211741,-0.041420847,-0.098289594,0.0065728906,0.11952104,-0.023184609,-0.19407524,0.10196593,-0.15441756,0.06674761,-0.11690641,-0.06932648,-0.036669433,-0.06311949,-0.10430631,-0.1793799,0.06287547,0.08347686,-0.006447444,0.014284748,0.014415922,-0.053050283,0.11339768,0.037601173,-0.09046911,-0.018739436,-0.06579548,-0.10857739,0.0034933034,-0.09187078,0.009332395,0.14982535,-0.061936494,-0.050160907,-0.09995016,0.13492396,0.09378184,0.05586536,-0.054435167,-0.023187807,-0.09376445,0.027475264,0.013490025,-0.053668264,-0.15142223,-0.154739,-0.062380645,-0.067999184,-0.09095839,0.026000004,-0.10321653,-0.24235849,-0.011614897,0.051339302,0.16190138,-0.2521151,0.15153286,-0.026382072,0.073327124,0.10257896,0.015950056,0.037558492,-0.017596064,0.15334803,-0.114861675,-0.16561358,0.022176417,-0.09195503,-0.049553517,-0.13779998,0.30031273,-0.17814068,-0.008235664,-0.055231333,0.069004565,0.11371019,-0.012337455,0.13968955,0.14536718,0.1367354,0.12665378,0.22743009,0.11730077,-0.005451348,-0.031772725,0.097701065,0.023661047,-0.113778785,0.18578827,0.08461644,-0.06703087,0.012573464,-0.1910105,0.08790906,0.1761554,-0.10497806,-0.17456922,0.028957592,-0.20392932,-0.059317768,-0.062487327,0.12862971,-0.07891813,0.13819346,-0.21472785,-0.05949792,-0.058822453,-0.034402717,0.13251822,0.05435699,-0.031043142,-0.08787413,-0.00024107425,-0.12228291,-0.08857561,-0.074581616,-0.070813954,0.12739596,0.01116606,-0.049065586,-0.14489125,-0.059947453,0.10307909,-0.014292806,-0.028699053,-0.053119686,-0.21924599,0.19681256,-0.19887736,-0.0489877,-0.04443744,0.014481371,0.08109712,-0.0291911,0.03957234,0.023960946,0.08836322,0.10274323,-0.14320803,-0.0085262265,0.0022915453,-0.18019906,0.1569698,0.11191697,0.0729489,-0.10457179,0.14032435,0.07806305,0.06543663,-0.06350876,-0.090376005,-0.04404719,0.111343384,0.17414808,-0.064963676,-0.023668384,0.0046641557,-0.15402064,0.053519778,0.08667855,0.0023355014,0.18252763,0.08993601,-0.1582338,0.074563965,0.032990955,0.09233019,0.007142331,0.061768908,0.05391967,0.03132027,0.11776575,0.124997936,0.020917384,0.0865834,0.19187774,-0.06980463,0.08972925,0.012389233,-0.090752795,-0.15864332,0.14157824,0.020919148,0.11498537,-0.23704481,-0.026629535,-0.12000677
up,-0.058024243,0.045076158,-0.06158382,0.077362485,0.06684751,-0.016409583,0.112054475,0.19309889,-0.050352447,0.10130971,-0.11900549,-0.008490134,0.027363697,0.021209655,-0.022272207,-0.123076886,0.0106211975,0.13407108,-0.0492405,-0.20622145,0.13071713,-0.17740466,0.058133565,-0.10394869,-0.114614196,-0.048096877,-0.046369236,-0.1378849,-0.17844154,0.042954747,0.05378549,0.006953422,-0.040808458,-0.03905885,-0.030346418,0.09197728,-0.008705286,-0.0822007,-0.008076916,-0.034749616,-0.0921783,0.0065031433,-0.10932861,0.023706617,0.13784832,-0.06910512,-0.04282039,-0.0689509,0.14012918,0.08276126,0.040113524,-0.013847326,-0.0054189316,-0.051167894,0.012733156,0.0031118183,-0.059892215,-0.13751455,-0.16951086,-0.05556028,-0.04395216,-0.078941435,0.024543583,-0.105801746,-0.18069105,-0.0101134395,0.078760706,0.16344215,-0.22709394,0.13989103,0.010810865,0.116584845,0.10447681,-0.002258836,0.039499924,0.007752839,0.15977632,-0.12506895,-0.10918361,0.023994116,-0.09305005,-0.06488582,-0.13531363,0.24137153,-0.13560109,-0.045098953,-0.036936574,0.06263461,0.13338292,0.01964579,0.11383533,0.15761589,0.14310929,0.10340708,0.20983014,0.10696654,-0.011801127,-0.02052303,0.100355215,0.0023187022,-0.06937319,0.1845174,0.12398654,-0.10807975,0.03239423,-0.21839502,0.08950904,0.15479948,-0.10313963,-0.1554944,0.044792067,-0.22597675,-0.05529518,-0.06618889,0.12993799,-0.07603706,0.12851246,-0.18353122,-0.07553493,-0.024542246,-0.027377931,0.09596615,0.057021797,-0.042552825,-0.118848726,-0.026493033,-0.083570704,-0.107113875,-0.0996896,-0.061930396,0.17077184,0.009092995,-0.053815693,-0.19515084,-0.07269242,0.094285235,-0.033368096,0.0042225784,-0.0460435,-0.26034293,0.20301865,-0.17640027,-0.014677503,-0.061991267,0.01490885,0.093042515,-0.030128729,0.03288475,-0.0042183283,0.046040602,0.12732218,-0.12794518,0.011787934,0.0016759186,-0.18694113,0.15457645,0.058343265,0.058705807,-0.16669764,0.11382831,0.054509364,0.06413049,-0.07986031,-0.102254145,-0.004108227,0.13306667,0.20479245,-0.081938274,0.0025789228,0.0076984046,-0.15098967,0.033222575,0.0723361,0.023620753,0.18562227,0.121202186,-0.17081971,0.08814054,0.050717432,0.061515238,0.0035316201,0.0672679,0.029623581,0.013659089,0.09606341,0.097840115,0.047089707,0.121461794,0.19663565,-0.057876334,0.09126253,0.042547528,-0.12159653,-0.20647745,0.15640678,0.0053529255,0.12496713,-0.23862344,-0.04024594,-0.1279566
there,-0.01874553,0.025131317,-0.05667547,0.12219954,0.10718709,-0.061013732,0.118912034,0.2040148,-0.06678795,0.11045473,-0.12508321,-0.05205047,0.02809433,0.04004059,-0.040439036,-0.09358282,0.009042556,0.10561157,-0.03033707,-0.198655,0.086312845,-0.14240183,0.056405567,-0.10226016,-0.068843275,-0.018262971,-0.06292153,-0.09379819,-0.17646311,0.05829157,0.06772268,-0.010221918,0.0032702177,-0.0026356406,-0.041446626,0.10496409,0.04345477,-0.08058378,-0.018254312,-0.052805156,-0.09817631,-0.01821598,-0.093832545,-0.0016046846,0.15836164,-0.06812697,-0.0529001,-0.12011512,0.13481133,0.07806927,0.061263204,-0.04060719,-0.039068766,-0.07224719,0.026660156,0.009700986,-0.06393484,-0.14793473,-0.15457438,-0.04498748,-0.07181657,-0.11090176,0.026319647,-0.087083414,-0.21991058,0.006678678,0.06528669,0.15659048,-0.24308725,0.15135436,-0.028136527,0.07260306,0.095189735,0.016216703,0.023794511,-0.005834714,0.13970566,-0.10985506,-0.1426987,0.017012473,-0.1093557,-0.045758594,-0.12078697,0.28479818,-0.16008162,-0.015893426,-0.06397953,0.07315536,0.11343478,-0.02698992,0.13786602,0.14427105,0.13945958,0.11102503,0.21062586,0.1004412,0.012352096,-0.0050639817,0.09044687,0.018306302,-0.09568949,0.18500218,0.096913934,-0.06441047,0.02487747,-0.19431745,0.082934365,0.17254056,-0.10926031,-0.16481727,0.015323502,-0.19704863,-0.052538976,-0.061605237,0.11855043,-0.07342363,0.11966567,-0.21169046,-0.07376102,-0.047115665,-0.046672694,0.12705915,0.05357303,-0.054591645,-0.09725698,-0.0026589818,-0.10618123,-0.080440976,-0.08024806,-0.07923103,0.1257651,0.035436433,-0.03283708,-0.14583494,-0.06043692,0.11462784,-0.03047517,-0.02206252,-0.062462956,-0.212397,0.20968877,-0.18766972,-0.039815158,-0.055295866,0.0028822252,0.066433586,-0.032772224,0.038997933,0.012608354,0.06585607,0.09797212,-0.15086287,0.00937521,0.007297134,-0.17598744,0.15006278,0.087136835,0.06554806,-0.09330427,0.118428394,0.09128449,0.053397123,-0.059931688,-0.0742691,-0.02322828,0.11495316,0.19417188,-0.075718865,-0.019135786,0.0021942938,-0.14592017,0.034758177,0.06489819,-0.012888735,0.19153222,0.09687929,-0.13616505,0.05774495,0.038966455,0.09089427,0.006347245,0.050535027,0.039024163,0.030471167,0.122758836,0.11680904,0.04541405,0.08623064,0.17546344,-0.08200135,0.0986575,0.028241882,-0.09737521,-0.16069804,0.1420065,0.011427342,0.10809811,-0.2387738,-0.013359801,-0.10046419
little,-0.04596609,0.044460148,-0.04308015,0.07498899,0.072696164,-0.026924308,0.10741745,0.20063043,-0.044798724,0.11420382,-0.113630876,-0.023900729,0.033466548,0.010010793,-0.021562262,-0.12594123,0.009244681,0.12612204,-0.042125937,-0.20992562,0.119863376,-0.1668062,0.06748694,-0.109965235,-0.10193211,-0.050120182,-0.06658898,-0.114180125,-0.18214847,0.042682398,0.06375424,0.008488245,-0.018366443,-0.0069723204,-0.041852515,0.07514583,0.003553809,-0.0970961,0.0017936816,-0.04445542,-0.105673425,0.008696185,-0.112889744,0.02876105,0.13900667,-0.07495726,-0.036902953,-0.07363398,0.14260477,0.09035775,0.04858913,-0.041271232,-0.01267149,-0.07846085,0.03265079,0.015565863,-0.054913297,-0.14150389,-0.16094524,-0.047398303,-0.04171299,-0.09287221,0.022910511,-0.113345236,-0.19998638,-0.009363526,0.07457564,0.16214782,-0.24262422,0.14877099,-0.0040863124,0.086908326,0.10619499,0.0061534503,0.012994535,0.0013950686,0.16353633,-0.13001828,-0.13512349,0.018492714,-0.101217754,-0.04481405,-0.12984069,0.28806844,-0.14523676,-0.021246325,-0.034939513,0.064312994,0.13687962,0.010407383,0.121811956,0.14866883,0.1492715,0.1121801,0.22390296,0.11269053,-0.0087876385,-0.031853925,0.1000505,-0.014890221,-0.08615513,0.19314282,0.09981936,-0.102122396,0.035075244,-0.20776339,0.072831996,0.18756981,-0.10119489,-0.15940453,0.03910925,-0.22788945,-0.06147639,-0.059239212,0.14172801,-0.06796615,0.15047272,-0.19260277,-0.0665637,-0.034760226,-0.038976237,0.09139599,0.061651487,-0.047391087,-0.09257793,-0.0022456,-0.10250389,-0.102508955,-0.111556984,-0.060517274,0.17325585,0.009221293,-0.049815573,-0.19006252,-0.07433362,0.0913977,-0.038434852,-0.0045816065,-0.042460024,-0.23636292,0.2205422,-0.18822305,-0.02297294,-0.059505895,0.025106367,0.10442051,-0.03656178,0.045710646,0.0093907155,0.066846214,0.113742344,-0.1396182,-0.0002487871,0.020922517,-0.20093219,0.17151381,0.076693095,0.06846149,-0.14619444,0.11486787,0.07760676,0.06816215,-0.091943756,-0.07693951,-0.012980837,0.14127445,0.21560955,-0.081796974,0.0012327741,-0.00010893339,-0.14911085,0.04834141,0.074589886,0.009855019,0.18328921,0.11468785,-0.16975522,0.07988149,0.051312216,0.08818011,0.017548872,0.054665376,0.055890586,0.039094325,0.11816192,0.11589173,0.047636595,0.10018349,0.20198765,-0.060978737,0.10167335,0.025995634,-0.10677663,-0.1912578,0.14717732,0.007372874,0.13234816,-0.25511995,-0.056141227,-0.12788495
them,-0.036330506,0.01417866,-0.07003501,0.12292482,0.10788381,-0.06371134,0.11754614,0.24079578,-0.07104842,0.096415155,-0.13196228,-0.05157734,0.031479955,0.028118895,-0.05021311,-0.0990495,0.013979084,0.10859765,-0.03720341,-0.20144705,0.11183281,-0.14682935,0.066571735,-0.11377382,-0.087242045,-0.030870846,-0.07136019,-0.11593829,-0.15795846,0.06347372,0.087568976,-0.01433891,0.009013272,-0.014321574,-0.04942999,0.1320501,0.022316031,-0.06709113,-0.02881363,-0.056446776,-0.089437656,0.00036978797,-0.076052494,0.02171352,0.14346883,-0.049391385,-0.046734348,-0.100650445,0.12947063,0.085816436,0.043073975,-0.0501053,-0.0122815175,-0.06639595,0.0060442965,0.020463029,-0.054156177,-0.14596866,-0.17767343,-0.048832037,-0.06428872,-0.08201527,0.022374377,-0.09201181,-0.20240416,-0.0026951935,0.07014516,0.1607413,-0.21426722,0.140867,-0.018969456,0.08198945,0.10104907,0.02085443,0.059784546,-0.008223502,0.14832146,-0.11688806,-0.15909153,0.02860819,-0.10165518,-0.051820625,-0.14831328,0.26987752,-0.15357268,-0.034317095,-0.061943,0.07784237,0.10125726,-0.008544774,0.14771906,0.1498121,0.14633961,0.10935693,0.22411656,0.12330374,-0.016117843,-0.02227495,0.0889616,0.032632664,-0.09495772,0.18886706,0.11764816,-0.08206057,0.0075681233,-0.20281623,0.10897252,0.14506292,-0.11677937,-0.1756261,0.03479197,-0.21471848,-0.03356299,-0.068046,0.115992546,-0.07223882,0.12118245,-0.21732141,-0.073883206,-0.046281774,-0.044157073,0.12606496,0.061800327,-0.042191677,-0.095656194,-0.007830671,-0.091953374,-0.07285277,-0.078914724,-0.069491014,0.1380883,0.0023779257,-0.03776645,-0.14689729,-0.061508305,0.10028149,-0.016867813,-0.019452535,-0.060240045,-0.23594041,0.18197304,-0.19959305,-0.03709256,-0.06035947,0.009399419,0.06623662,-0.014415491,0.024306526,0.0014188474,0.05600978,0.098895386,-0.13416654,0.0152543,-0.016513914,-0.17421363,0.14494257,0.08634325,0.06305996,-0.12767933,0.11698258,0.06697718,0.053298004,-0.053003818,-0.09664048,-0.02732063,0.11431341,0.16700323,-0.06810374,-0.030308723,0.014511974,-0.14529063,0.041944053,0.08251042,0.0040170695,0.16946669,0.1030717,-0.15846986,0.06267218,0.041953065,0.07699272,-0.01482524,0.055157706,0.026532566,0.02425866,0.10296707,0.10502464,0.028052298,0.10938338,0.19691493,-0.058882635,0.067311466,0.029181711,-0.10325165,-0.16018793,0.13185723,0.0037332021,0.108906694,-0.22007276,-0.03994883,-0.11366221
my,0.087654434,-0.09996935,-0.09066454,0.27494827,0.24102089,-0.19618848,0.13126238,0.3306449,-0.1243125,0.10615724,-0.1592695,-0.15576144,0.03545912,0.113592155,-0.12322007,-0.0053450908,-0.0006814265,0.014665743,0.024616238,-0.17549878,0.019880401,-0.02395665,0.056850966,-0.044774976,0.038977854,0.00690336,-0.14992693,-0.005445032,-0.1059297,0.11339225,0.1460775,-0.05229103,0.131548,0.058404796,-0.078910366,0.22481613,0.12428695,-0.044599358,-0.050454855,-0.115968056,-0.056382306,-0.06811398,0.004781686,0.0154990535,0.20125486,0.0053765965,-0.048417125,-0.2394304,0.08691805,0.06270384,0.08695671,-0.105806984,-0.08256641,-0.13231878,-0.009686947,0.06284462,-0.08955641,-0.19130802,-0.23622264,-0.032954015,-0.120860025,-0.07997335,0.03126394,-0.05237659,-0.29120186,0.03548029,0.093363255,0.18883897,-0.14861955,0.1487823,-0.15922223,-0.04916021,0.072368294,0.054223344,0.10815201,-0.0129165575,0.1104704,-0.09426468,-0.29174277,-0.012347899,-0.06380375,0.014567833,-0.14289469,0.35218787,-0.20438626,-0.01599952,-0.14934309,0.11493733,0.03780532,-0.10068466,0.266898,0.11679614,0.095378295,0.1254469,0.220264,0.14560732,0.035693314,0.027044846,0.07081335,0.11827056,-0.19461286,0.2043916,0.0620898,-0.0018045254,-0.08004771,-0.13260154,0.12640788,0.13670222,-0.13191852,-0.24091826,-0.011823798,-0.1437961,-0.0034628797,-0.059875242,0.06018334,-0.107692815,0.093391515,-0.36585483,-0.06929505,-0.13066757,-0.07470203,0.22695963,0.07311063,-0.07009614,-0.026587589,0.020481367,-0.13282251,-0.01656051,-0.022486372,-0.071340814,-0.0007961164,0.027088618,0.00048946653,-0.022037432,-0.025386479,0.17803112,0.026191615,-0.09760081,-0.0728887,-0.1440576,0.12389571,-0.26998222,-0.097259104,-0.0110506,-0.017365152,-0.027503124,-0.0011272235,0.018823896,0.06279401,0.10603295,0.05100427,-0.15803377,-0.007557326,-0.030614328,-0.12988746,0.12478501,0.21997689,0.011158655,0.03827876,0.11393392,0.08766374,0.041554146,0.050593883,-0.061751,-0.073356666,0.0060131913,0.05281596,-0.022123752,-0.12366,0.0604407,-0.06670041,0.043727234,0.05233975,-0.05929542,0.109495945,0.006392043,-0.06275464,-0.009766925,0.02573476,0.13957226,-0.06932859,0.011775706,0.0044270423,0.027411168,0.07466099,0.07511278,-0.0161667,0.07104766,0.113030925,-0.034265976,0.02420858,0.011138842,-0.040953465,-0.045989096,0.0219839,0.0022165384,0.08678408,-0.15082386,0.009087357,-0.02491923
s,-0.057511855,0.031393763,-0.062153902,0.07052159,0.08347614,-0.030061666,0.09603855,0.19665281,-0.03209728,0.1338973,-0.11796898,-0.013901793,0.016424198,-0.00044259074,0.001442411,-0.13571016,0.0014739122,0.11785914,-0.0661602,-0.24399959,0.123724505,-0.16673708,0.09582138,-0.08456952,-0.103818044,-0.06583172,-0.05113771,-0.108116776,-0.18758366,0.047187835,0.05331525,0.019354682,0.006297795,0.0047155907,-0.059634227,0.06710245,-0.022362199,-0.11136485,-0.01098978,-0.033159893,-0.111723155,0.008969783,-0.13350993,0.03995045,0.13231523,-0.09307495,-0.04017072,-0.089241736,0.15431283,0.08931802,0.0387045,-0.016295414,0.0026371507,-0.09173685,0.043741774,0.015510498,-0.06563171,-0.13860503,-0.15214741,-0.041335806,-0.03840461,-0.09099221,0.013289611,-0.12921935,-0.21838334,-0.007659576,0.073541105,0.18572561,-0.26307142,0.15735568,-0.021520318,0.07277355,0.099755704,0.0012239759,0.0075251916,0.003089318,0.18494143,-0.13578083,-0.13627827,0.018020736,-0.08837321,-0.03083381,-0.1283195,0.2683144,-0.14982343,-0.023085734,-0.04139685,0.055629376,0.15505403,0.004972361,0.13024038,0.17144303,0.16249555,0.10919197,0.22276968,0.12397943,0.0056527704,-0.035234734,0.11646241,-0.006014554,-0.090491295,0.19410142,0.10027226,-0.123336956,0.009990845,-0.20097513,0.07629791,0.19038858,-0.08758214,-0.19261053,0.04782189,-0.22171405,-0.06595826,-0.07025769,0.16179034,-0.08494804,0.15593396,-0.19094479,-0.059046466,-0.028174095,-0.041014165,0.10322369,0.07106727,-0.04440108,-0.07142064,-0.03099288,-0.1265861,-0.11294507,-0.116975054,-0.05554114,0.16716719,-0.010957651,-0.025530659,-0.19321759,-0.08369682,0.08967341,-0.041836098,0.010192305,-0.03436514,-0.25249478,0.2509977,-0.19527839,-0.04750188,-0.08488204,0.041394446,0.121338435,-0.034444377,0.056953426,0.026404448,0.07208529,0.117141455,-0.13528955,-0.028034957,0.026188005,-0.20721272,0.17258151,0.09875294,0.05869427,-0.15195085,0.1393957,0.05911324,0.1019467,-0.08039663,-0.082202,-0.029621426,0.13992147,0.23252635,-0.103208214,0.0142220855,0.012357426,-0.18768498,0.06535991,0.07917163,0.019059548,0.19154188,0.10999315,-0.17756055,0.089546256,0.07186929,0.07968646,0.022482367,0.065006346,0.06396337,0.047881495,0.090983465,0.11184642,0.018984823,0.10486737,0.20230694,-0.0665778,0.09296335,0.037323248,-0.107867956,-0.20829585,0.15235062,0.00519394,0.13458803,-0.27189547,-0.055358294,-0.1326485
king,-0.044479143,0.05029536,-0.039934035,0.0657315,0.080915354,-0.010999182,0.0863582,0.18151219,-0.035636168,0.12912412,-0.09536213,-0.018308807,0.015368887,0.018121816,-0.004523504,-0.1308854,-0.00056193705,0.13688776,-0.05479946,-0.22164652,0.12911361,-0.17904794,0.059194706,-0.07720981,-0.11747526,-0.07931326,-0.057048287,-0.113874264,-0.1889951,0.058753252,0.05333905,0.028553907,-0.029076064,-0.01991429,-0.03153679,0.070375025,-0.010823413,-0.105873324,-0.0005310434,-0.051615935,-0.09210842,0.00488089,-0.11224669,0.032192614,0.13520427,-0.06538694,-0.04823732,-0.08403465,0.15467711,0.09314042,0.05867364,-0.030563382,-0.0031096,-0.07264437,0.04085144,0.0136431,-0.058135103,-0.14514372,-0.13544151,-0.050135773,-0.03706605,-0.06920015,0.012236187,-0.10772393,-0.22176221,-0.009150377,0.0741845,0.14713782,-0.25960842,0.13102065,-0.012835861,0.08390079,0.11551173,-0.006838753,0.006399117,0.0147169,0.17003015,-0.12570363,-0.1117593,0.018277328,-0.08161552,-0.05259411,-0.08958433,0.25281557,-0.13039227,-0.010194069,-0.037791785,0.062444575,0.1486983,0.014046241,0.088075235,0.14621703,0.13581614,0.09337026,0.17842521,0.087569624,-0.013655132,-0.03291569,0.09418469,-0.01281424,-0.06578206,0.17456381,0.08637116,-0.12144078,0.033397432,-0.18658693,0.058892272,0.17772673,-0.09942805,-0.1447,0.024868187,-0.21382956,-0.062287465,-0.051433206,0.15649575,-0.063295074,0.12821579,-0.16687909,-0.0703502,-0.03898932,-0.033540104,0.07602677,0.05293469,-0.042673618,-0.075209334,-0.012110105,-0.105130956,-0.116973534,-0.10076693,-0.05699867,0.16051076,0.0057098344,-0.035925362,-0.19720368,-0.079800844,0.08844779,-0.04243417,-0.023004802,-0.034492027,-0.25053605,0.23732837,-0.20054954,-0.034799956,-0.063,0.03195662,0.08974572,-0.030761134,0.04997914,0.011959739,0.074652724,0.11797691,-0.12785864,-0.031206457,0.022589918,-0.17634396,0.17954445,0.07270593,0.06606081,-0.1514392,0.12173497,0.08397894,0.066396706,-0.10423909,-0.06266966,-0.029471755,0.14885761,0.23061487,-0.09887807,0.014052438,0.0008779944,-0.17792682,0.066996224,0.057781406,-0.0008504084,0.18923533,0.123224325,-0.16851456,0.09213017,0.05646106,0.08021759,0.02446932,0.046300266,0.047546733,0.02547063,0.11034658,0.1149946,0.03600165,0.110274225,0.19717376,-0.066877715,0.09738504,0.025224637,-0.09753723,-0.19983083,0.15902947,-0.010811039,0.12554857,-0.26044503,-0.044874404,-0.14194152
were,-0.07495762,0.04299302,-0.06254157,0.10351099,0.076417506,-0.037474476,0.11943304,0.20211145,-0.052296896,0.12314952,-0.11867438,-0.019338453,0.026257662,0.016783098,-0.030395985,-0.1048055,-0.0014993253,0.117609,-0.04498244,-0.21157771,0.09644554,-0.17350124,0.065565735,-0.1308259,-0.08234931,-0.046147633,-0.06441262,-0.12248742,-0.18797278,0.059080277,0.06504545,0.0027786344,-0.006783236,-0.0013383672,-0.04992278,0.11179469,0.007877723,-0.07941491,-0.024040015,-0.050418727,-0.102789946,0.01128279,-0.0962705,0.0024535418,0.14577048,-0.061079428,-0.061388664,-0.09375405,0.12486747,0.082993545,0.04584056,-0.012569928,-0.019475842,-0.0453564,0.037969455,0.0065779528,-0.04136794,-0.11373762,-0.1663659,-0.047547393,-0.08726642,-0.102800265,0.027536564,-0.104558975,-0.23612483,-0.022368247,0.06441098,0.15689822,-0.25131583,0.15721788,0.0023110681,0.09820454,0.07914022,0.016778266,0.039845403,-0.02890413,0.16041052,-0.13423738,-0.14334005,0.024651222,-0.11713508,-0.06085038,-0.13139974,0.26930967,-0.17006233,-0.02003163,-0.039669182,0.07104608,0.13009277,0.0069916686,0.13573438,0.15052988,0.13033797,0.09970497,0.22291623,0.11228003,0.0060261358,-0.030814784,0.0862742,0.011068465,-0.08902613,0.1709073,0.10475395,-0.1137212,0.03322593,-0.20137864,0.08691462,0.16301106,-0.12250652,-0.1635816,0.029547907,-0.21947108,-0.045735706,-0.06570914,0.14354292,-0.087381095,0.12643646,-0.19843248,-0.09081115,-0.026528617,-0.03573978,0.115349375,0.055944018,-0.033897776,-0.12587056,-0.030659968,-0.090079896,-0.11397558,-0.08488463,-0.08771032,0.17354847,0.015442935,-0.043230202,-0.15952851,-0.06430622,0.11045029,-0.030163214,-0.005923503,-0.06475385,-0.24875267,0.20508619,-0.18688415,-0.046564892,-0.06757278,0.02399735,0.08559356,-0.0047095283,0.040634215,-0.02377206,0.04689133,0.10623813,-0.1297218,0.0055324244,0.0030717687,-0.20321074,0.14103478,0.052743442,0.062309023,-0.14731,0.12653244,0.078631334,0.060045075,-0.07775636,-0.09479689,-0.004519092,0.12554573,0.18668614,-0.09609535,-0.011888513,0.02713356,-0.14104335,0.030096628,0.06089263,0.008301236,0.20457198,0.112389654,-0.15871766,0.084852695,0.04012791,0.061610762,0.023249898,0.061287355,0.020557884,0.011565046,0.09775904,0.10330838,0.040858094,0.10490122,0.17528293,-0.06983837,0.10473774,0.022161456,-0.09700457,-0.17384373,0.16793306,0.020261452,0.11058217,-0.2438058,-0.036424063,-0.12500912
if,0.1047203,-0.12938517,-0.11218813,0.3121946,0.27893814,-0.23422535,0.120175354,0.3239185,-0.11585489,0.11040838,-0.15849642,-0.16445109,0.041042376,0.14686072,-0.16584167,0.022356197,-0.015051886,-0.03373432,0.045329507,-0.13233057,-0.040708397,0.0029122352,0.026350884,-0.057940826,0.093913145,0.029823508,-0.14827946,-0.00030114004,-0.1045138,0.15000497,0.14041352,-0.09362498,0.15756592,0.07616157,-0.080354154,0.23867041,0.14684081,-0.0136364,-0.06301584,-0.14688735,-0.04163395,-0.09004375,0.019863566,-0.018902982,0.24323198,0.01753524,-0.052536823,-0.27645835,0.04407823,0.045108717,0.108428046,-0.11964405,-0.12905617,-0.1218822,-0.0044914437,0.056499857,-0.09638731,-0.20702334,-0.25179023,-0.043811843,-0.16494314,-0.09830638,0.034996152,-0.046444125,-0.30161226,0.057690155,0.082888395,0.19625789,-0.14392807,0.14510103,-0.18642198,-0.05648377,0.047527507,0.056956347,0.12018625,-0.039819997,0.07162633,-0.07307881,-0.31340888,-0.035084378,-0.05396699,0.029682722,-0.14343765,0.33736444,-0.21211661,-0.049718346,-0.17514965,0.118428886,-0.008534973,-0.1471233,0.27967554,0.09616053,0.07178852,0.13604356,0.20537437,0.11712491,0.08319836,0.06344309,0.045779627,0.14247428,-0.21425118,0.19774322,0.044245217,0.003967828,-0.08837606,-0.095517956,0.11252758,0.1307059,-0.12389873,-0.24196967,-0.038565848,-0.09894302,0.0041521634,-0.05051863,0.025111204,-0.10874731,0.061877914,-0.38312203,-0.07910902,-0.14010574,-0.10203229,0.23887193,0.065238476,-0.077909485,-0.043347616,0.035167087,-0.12640142,-0.008952863,0.015944296,-0.07339607,-0.07835561,0.06443526,0.008995027,0.008886325,-0.015750514,0.2057553,0.023693496,-0.10040983,-0.0850005,-0.12734628,0.07501686,-0.27558017,-0.11826387,0.004633102,-0.048777677,-0.08392922,0.011202134,0.024784792,0.053999674,0.096524745,0.03488879,-0.1632972,-0.00023986773,-0.031027807,-0.09767584,0.08020408,0.24202141,-0.01721667,0.10843785,0.099473536,0.08977905,0.0032959192,0.07628321,-0.018341234,-0.08338165,-0.053543195,-0.005537957,-0.0071839383,-0.15546426,0.062078353,0.005505805,0.015979042,0.020072365,-0.09016115,0.11314933,-0.05052537,-0.015987985,-0.020968229,0.0028100684,0.1301736,-0.072406046,0.00026027844,-0.012651931,-0.0033043146,0.07377118,0.060721982,-0.012062749,0.07103069,0.058188397,-0.032271314,0.031258546,-0.012123374,-0.011078155,0.00031033412,0.013240073,0.034526516,0.04327807,-0.12776397,0.060227122,0.024879657
this,0.015243423,-0.025730575,-0.071139395,0.17471652,0.15229632,-0.11019674,0.12588356,0.24794708,-0.07330808,0.112963654,-0.13066666,-0.07667726,0.025879184,0.05987298,-0.08024646,-0.05752746,0.0034242973,0.08007517,-0.0073806574,-0.19527778,0.06304378,-0.10581862,0.057467956,-0.0966076,-0.03874279,-0.014497842,-0.098643444,-0.07517621,-0.15759853,0.07653775,0.10199073,-0.015855856,0.045512345,0.022916166,-0.06304595,0.15972415,0.06010773,-0.063096836,-0.034803476,-0.0895821,-0.08028361,-0.031583883,-0.06473618,0.015114772,0.18020418,-0.02563248,-0.055321798,-0.17070328,0.114958346,0.07941717,0.062228296,-0.048908424,-0.045707725,-0.09902303,0.013862118,0.026845668,-0.07018175,-0.17491338,-0.1970168,-0.05425054,-0.099891305,-0.09897768,0.028695766,-0.080123864,-0.24664149,0.014728177,0.057406906,0.16714756,-0.22088015,0.15239197,-0.06606322,0.042855572,0.08401777,0.040961143,0.0683898,-0.022155294,0.12728511,-0.10858729,-0.19728027,0.014794335,-0.096544296,-0.023080064,-0.13087444,0.3005146,-0.18320884,-0.021376254,-0.08384967,0.08314428,0.08073739,-0.04371674,0.17609002,0.13098432,0.1262761,0.11842332,0.21482083,0.11585351,0.012270212,0.0065063075,0.07939414,0.06282125,-0.1285522,0.17916946,0.085995935,-0.045560494,-0.018773178,-0.18121663,0.09297864,0.15149985,-0.10684698,-0.2026375,0.0049706753,-0.1831859,-0.051528465,-0.062781595,0.09712674,-0.08531471,0.11673932,-0.2641355,-0.0674005,-0.078786366,-0.054509535,0.15801603,0.06492892,-0.05218569,-0.07474138,-0.005224441,-0.11373567,-0.05495682,-0.060355008,-0.06468127,0.07690392,0.03123771,-0.028833797,-0.09909957,-0.052282143,0.13856861,-0.017560104,-0.044457506,-0.072383545,-0.20176423,0.18483125,-0.22290297,-0.065954246,-0.042322535,0.0038620327,0.03549937,-0.022514587,0.03957144,0.025516583,0.08618651,0.081131965,-0.15104604,0.002847781,-0.008774327,-0.16276278,0.14694995,0.14064182,0.05085451,-0.046207894,0.12005427,0.07648254,0.043557122,-0.02804345,-0.07275494,-0.048028406,0.064252354,0.1458851,-0.041572712,-0.047039613,0.03444858,-0.10808319,0.028528525,0.07335771,-0.02064422,0.15842581,0.067502454,-0.10353238,0.035056546,0.024389753,0.100544974,-0.029218977,0.042733256,0.042506274,0.018565264,0.09418564,0.09840197,0.0192658,0.08095235,0.14898217,-0.067981414,0.06653563,0.008106507,-0.06902843,-0.11805286,0.103980154,0.017751642,0.10307726,-0.2075881,-0.008409201,-0.07967093
down,-0.07159745,0.06027679,-0.06308741,0.09373703,0.07022133,-0.025766363,0.12587655,0.19811009,-0.06918859,0.10633569,-0.14790958,0.011894016,0.03006525,0.027089968,-0.002943463,-0.14863694,0.0127749685,0.15302034,-0.076808274,-0.2208803,0.13066268,-0.20123652,0.08531599,-0.12068848,-0.14673094,-0.036203586,-0.041614737,-0.15750457,-0.20005159,0.03233805,0.07170326,0.0024202634,-0.043419953,-0.033026,-0.026549248,0.09445487,-0.021116924,-0.082888186,-0.007137175,-0.01363622,-0.106533214,0.011158368,-0.1385877,0.029705426,0.11773032,-0.0757055,-0.030388333,-0.07348116,0.15382501,0.10410819,0.040717833,-0.024184262,0.0014428861,-0.040334214,0.012705368,0.020332415,-0.058149662,-0.123340294,-0.18215045,-0.06103786,-0.022639908,-0.09089447,0.027238194,-0.1108043,-0.17138253,-0.014142259,0.09803578,0.1668706,-0.24280599,0.1460141,0.03407007,0.14041628,0.123978056,0.0026818698,0.04503026,0.020760605,0.1794858,-0.12658972,-0.099833235,0.014650576,-0.1067398,-0.062621415,-0.14976911,0.25186324,-0.14396726,-0.04971229,-0.024055224,0.065737374,0.1559772,0.020713933,0.11547377,0.16626386,0.17281763,0.1078076,0.21386145,0.11381084,-0.01900946,-0.029951796,0.11104492,0.0043322854,-0.06144591,0.19194295,0.14280786,-0.10589614,0.039744988,-0.2530417,0.10837921,0.16364077,-0.12648208,-0.17472063,0.053452116,-0.25038025,-0.0489652,-0.06344774,0.13798408,-0.0676002,0.14519945,-0.19254768,-0.07649242,-0.009779032,-0.019031825,0.08169074,0.052397445,-0.051047422,-0.13640822,-0.013937625,-0.074987665,-0.12059969,-0.108642966,-0.07634716,0.19816111,-0.010650477,-0.053686295,-0.21685085,-0.064269684,0.07281181,-0.020777268,0.01583037,-0.0613413,-0.28159764,0.2202741,-0.18599422,-0.009851604,-0.07575509,0.005557713,0.12848929,-0.03299966,0.023685599,-0.022034071,0.04655342,0.14045507,-0.12554611,0.007511119,-0.0046380903,-0.20974992,0.1732084,0.04718642,0.058953755,-0.18148729,0.12002713,0.0428536,0.06308429,-0.09821521,-0.110097915,0.0052618315,0.15547144,0.22818027,-0.10183558,0.014825831,-0.0018483637,-0.18533325,0.026945641,0.07828966,0.017151847,0.19765666,0.13805088,-0.20326793,0.08855836,0.072363034,0.079459295,0.009044554,0.0833938,0.031300917,0.018204479,0.106745064,0.09848434,0.057257026,0.14079744,0.22161645,-0.06677871,0.07436581,0.05740372,-0.15628465,-0.22373143,0.1650199,-0.009330091,0.1262089,-0.25861236,-0.04215795,-0.13973024
who,-0.02438783,0.03358382,-0.05818743,0.102630936,0.11210936,-0.053256612,0.11279078,0.2174122,-0.05279128,0.1156196,-0.11749109,-0.0418026,0.026526442,0.030544693,-0.041070085,-0.105409786,0.007485303,0.13464168,-0.027997337,-0.21351069,0.1025538,-0.15425742,0.07012646,-0.10924695,-0.0673418,-0.043750115,-0.0647112,-0.10370963,-0.19297788,0.047614284,0.058588598,-0.0044504805,0.002295336,-0.0011563167,-0.049949784,0.10198417,0.026004175,-0.09351404,-0.010978516,-0.05555738,-0.096862465,-0.013048987,-0.10003455,0.010471619,0.1553381,-0.07406019,-0.053130977,-0.12204164,0.14067757,0.08562535,0.06369254,-0.04724754,-0.022633487,-0.083560616,0.030837445,0.015610961,-0.07629849,-0.15921637,-0.15903468,-0.053420212,-0.059415907,-0.10492307,0.025528103,-0.09639347,-0.21029045,0.002950188,0.06961769,0.16798277,-0.2637554,0.15197958,-0.03242981,0.07541717,0.10989308,0.021787662,0.015215333,0.003501498,0.15539674,-0.11657002,-0.15292853,0.025303159,-0.10865596,-0.04084545,-0.13331078,0.30269387,-0.17559576,-0.016933143,-0.057363678,0.06781879,0.11465371,-0.023398591,0.12582612,0.16187514,0.13953611,0.10853732,0.22505513,0.11376625,0.008150135,-0.010875125,0.100937605,-0.004730375,-0.09847511,0.18036513,0.07438219,-0.087332875,0.029559368,-0.1910922,0.07948893,0.186097,-0.08682326,-0.17620757,0.03372359,-0.2162248,-0.057388578,-0.06606819,0.11698125,-0.067272216,0.13053189,-0.20394726,-0.07403872,-0.04119346,-0.050447796,0.10803178,0.07297701,-0.048025455,-0.08115221,-0.007990487,-0.11451416,-0.0890798,-0.102377936,-0.069059454,0.13279401,0.031980913,-0.04825851,-0.17151569,-0.06217018,0.11346858,-0.04848409,-0.017938785,-0.06525219,-0.20097138,0.22632627,-0.18406266,-0.04464226,-0.05803387,0.01674648,0.08688597,-0.027482443,0.046474766,0.0065301117,0.08083981,0.111181706,-0.1463737,-0.008144634,0.012868147,-0.18452752,0.16100407,0.087849274,0.06291601,-0.11030221,0.12497633,0.09170107,0.05403541,-0.06453121,-0.053408746,-0.040700078,0.12332001,0.21854639,-0.07538586,-0.0075173127,0.0030955086,-0.14039536,0.044771805,0.06283873,-0.0009352124,0.18180265,0.09716436,-0.14902528,0.06586426,0.041536745,0.0975816,-0.0005728004,0.042977847,0.05668528,0.02295112,0.12808497,0.12847722,0.0468127,0.09743718,0.17897405,-0.08128942,0.107657894,0.022490183,-0.07899729,-0.15610825,0.14036138,0.0127246315,0.1208725,-0.25050667,-0.03438683,-0.11526457
no,0.03004023,-0.042218905,-0.07557519,0.19782618,0.19127285,-0.12721784,0.13061962,0.2622468,-0.083341666,0.100876994,-0.13076784,-0.09336959,0.029629044,0.07525533,-0.10250893,-0.047601953,0.0050957757,0.06051797,0.020160448,-0.18126531,0.039341774,-0.08168516,0.053527433,-0.09220744,0.0064407187,-0.008466198,-0.10110225,-0.049096946,-0.13815124,0.092177734,0.103770785,-0.038844448,0.069617786,0.041323792,-0.05493106,0.17844255,0.07439862,-0.05643437,-0.029695818,-0.10930433,-0.07307606,-0.036606677,-0.042003106,0.0023751669,0.19737038,-0.026080692,-0.052857757,-0.19276048,0.08835733,0.07117264,0.075153574,-0.079726666,-0.06914024,-0.10190504,0.011839524,0.03121292,-0.07410212,-0.17067091,-0.20445445,-0.054303437,-0.10968663,-0.107095495,0.032340836,-0.06941673,-0.25255907,0.011435893,0.06122901,0.17292732,-0.20470992,0.14892234,-0.10216104,0.030557485,0.07648004,0.05146061,0.07630361,-0.02369746,0.11362966,-0.10785494,-0.22345006,0.0039665545,-0.08765725,-0.006393315,-0.15006088,0.32642293,-0.20744482,-0.021047482,-0.105000004,0.09209499,0.06525714,-0.06719845,0.19959523,0.12705074,0.11240808,0.13051023,0.22391024,0.12256777,0.02703886,0.004928174,0.08292747,0.07774186,-0.14373437,0.18165007,0.054872263,-0.0427582,-0.00956452,-0.1562616,0.095661245,0.15840846,-0.106736265,-0.20556876,0.005758973,-0.1644261,-0.031346064,-0.057741605,0.07613566,-0.08567379,0.102525264,-0.298102,-0.07458985,-0.103357315,-0.06691393,0.17101653,0.06949715,-0.059238512,-0.06030202,0.0037990133,-0.10821865,-0.057211857,-0.040491693,-0.0829969,0.03640398,0.044499394,-0.027667362,-0.080487415,-0.04226706,0.14483632,-0.0065649473,-0.0600566,-0.0707561,-0.16358082,0.15490603,-0.22761512,-0.07562389,-0.021557502,-0.014221797,0.0134900035,-0.0070898077,0.025457907,0.040292755,0.081173345,0.07404576,-0.15739265,-0.004751994,-0.005067424,-0.13609235,0.11347338,0.16981564,0.04034498,-0.0052266037,0.11759956,0.08577979,0.030624054,0.0019801506,-0.053811673,-0.058979608,0.037464242,0.10333583,-0.045377854,-0.071871795,0.019406386,-0.079670526,0.03164574,0.056573063,-0.036059864,0.14826865,0.022820625,-0.08368897,0.026423195,0.02914252,0.09886557,-0.041016284,0.030227317,0.03873532,0.022825126,0.10040133,0.102140166,0.013885556,0.07355077,0.1291419,-0.06197632,0.06090489,0.004887473,-0.052473865,-0.080598876,0.09120556,0.022845231,0.08401585,-0.19419062,0.009071818,-0.048812535
away,-0.03899687,0.026480412,-0.06721466,0.10732058,0.0829153,-0.03609296,0.10898565,0.21453172,-0.052585904,0.110046394,-0.12864195,-0.030965015,0.018524753,0.03600666,-0.040873345,-0.11601387,0.014321783,0.119157545,-0.040729225,-0.20007259,0.11527176,-0.16424532,0.057052545,-0.11171938,-0.09747676,-0.037902206,-0.06958051,-0.12772726,-0.170354,0.051083513,0.064287916,0.0040880265,-0.018153861,-0.03144238,-0.038259774,0.11203574,-0.004932575,-0.08515298,-0.013430297,-0.035061415,-0.09382149,0.0071549783,-0.10538479,0.007897249,0.15471122,-0.06624327,-0.04322093,-0.09343039,0.13185452,0.076526925,0.04547177,-0.036211055,-0.011481766,-0.06108573,0.017635973,0.015264309,-0.062155996,-0.14861459,-0.18392497,-0.06856351,-0.051772453,-0.09212253,0.023489933,-0.111964025,-0.20085637,0.00020447597,0.08274551,0.18186796,-0.22304766,0.14742395,-0.011881109,0.10406298,0.094546504,-0.0034236833,0.05715045,-0.0017677855,0.15553585,-0.12682866,-0.1389883,0.015440364,-0.090890534,-0.05942407,-0.1408267,0.27463117,-0.15400726,-0.048905674,-0.055149294,0.072834976,0.11992053,-0.0065817386,0.14400043,0.14210668,0.14532804,0.10121034,0.22454962,0.11801433,-0.010375989,-0.005014903,0.10217026,0.021782167,-0.08913486,0.19147803,0.12917738,-0.088057995,0.011944946,-0.21439476,0.095004655,0.1563019,-0.12144988,-0.17502265,0.043457128,-0.22549659,-0.04485991,-0.06554533,0.11867826,-0.07941982,0.13220726,-0.2129004,-0.070692696,-0.028438041,-0.035992134,0.11141709,0.056467526,-0.039880417,-0.11426583,-0.010661126,-0.087070785,-0.092589624,-0.08491463,-0.062002,0.15262409,0.006438268,-0.053288095,-0.17882153,-0.06965025,0.100969434,-0.013182383,-0.00903155,-0.055214312,-0.26219422,0.20029445,-0.20739499,-0.040571637,-0.05763061,0.016747393,0.07462993,-0.020328127,0.032473188,-0.010091723,0.05234903,0.11951758,-0.13581418,0.0022871809,-0.0029373963,-0.1913385,0.14872174,0.08408014,0.04354234,-0.13992985,0.12445824,0.0580936,0.050904457,-0.06068093,-0.101950824,-0.0053949105,0.11528578,0.19052061,-0.08698338,-0.020122858,0.024073143,-0.1504671,0.0375816,0.08464807,0.0166055,0.18619157,0.10478244,-0.16973174,0.076920696,0.05626984,0.0763355,-0.0045042173,0.063695274,0.029072687,0.01303841,0.10282339,0.09184334,0.04346199,0.13092403,0.18316963,-0.051837012,0.0807699,0.043286614,-0.111692,-0.18281129,0.14753985,0.010890479,0.12428346,-0.2352743,-0.024646187,-0.12713794
by,-0.057392657,0.04505798,-0.05739976,0.08880134,0.059755616,-0.008594188,0.11461842,0.19811456,-0.06381127,0.1050316,-0.12683901,-0.010029869,0.033122122,0.023677027,-0.019059865,-0.1176222,0.008270303,0.1283535,-0.045976438,-0.20078884,0.114833355,-0.18247348,0.051920395,-0.12300197,-0.10414611,-0.04852095,-0.054248832,-0.13335952,-0.19154626,0.041981902,0.06293987,0.004039936,-0.03234579,-0.0029532188,-0.028579595,0.08299704,-0.0021318463,-0.090305984,-0.004946123,-0.036615193,-0.10205303,0.0075749406,-0.125552,0.016242651,0.14044298,-0.08273103,-0.04061653,-0.077153794,0.12180962,0.09024511,0.069016084,-0.028470699,-0.019397063,-0.06831385,0.03086322,0.010541263,-0.057866022,-0.12155392,-0.16192308,-0.0604101,-0.038924124,-0.088294,0.016758297,-0.112019,-0.21237846,-0.021941561,0.07319354,0.17115472,-0.25023395,0.15581024,1.9037057e-05,0.09822591,0.11001852,-0.0030498893,0.02744497,0.009402905,0.15992318,-0.11783897,-0.121691085,0.02246789,-0.101128556,-0.060853563,-0.12474748,0.27549347,-0.14495167,-0.025488071,-0.038322326,0.06207724,0.1409065,0.0037615167,0.11577332,0.15272401,0.1419704,0.106298864,0.21435028,0.09493294,0.0014052951,-0.023627928,0.10495937,0.002922272,-0.07382601,0.19279538,0.104273476,-0.10081379,0.029321257,-0.21947828,0.07822154,0.17660613,-0.117108874,-0.15969291,0.03711019,-0.23082016,-0.068446726,-0.06156854,0.13492669,-0.0691862,0.14446071,-0.19375642,-0.07873792,-0.029676266,-0.025964126,0.083522655,0.050637856,-0.033679195,-0.10415304,-0.014435321,-0.094923675,-0.11385801,-0.097003855,-0.07242315,0.1654674,0.0047573308,-0.049135003,-0.18495534,-0.07635197,0.093115784,-0.018844964,-0.005868999,-0.047763236,-0.23532942,0.21691535,-0.17197032,-0.022852233,-0.062372223,0.01216745,0.106830776,-0.028920772,0.048447512,0.00013313432,0.06338179,0.12151696,-0.14082634,-0.005886995,0.006045297,-0.1991,0.16149618,0.06664464,0.06426342,-0.1476329,0.12585263,0.06676889,0.062221747,-0.091552,-0.075158484,-0.013492613,0.1354405,0.21569246,-0.08459061,0.002432443,-0.0032668966,-0.1553068,0.039493393,0.06987466,5.2095722e-05,0.1855338,0.122234024,-0.17921793,0.08772789,0.047730558,0.083703,0.029012404,0.06354506,0.0337757,0.037753392,0.11382886,0.116961144,0.04992893,0.1123739,0.18622325,-0.07045922,0.08860764,0.041089185,-0.1200317,-0.19646743,0.15155326,-0.0018576095,0.113510594,-0.24322475,-0.029947178,-0.12888777
do,0.15814091,-0.19798736,-0.093546584,0.38891882,0.35526195,-0.30845147,0.1264832,0.37401035,-0.15550525,0.1038194,-0.15932997,-0.2093693,0.043379318,0.18201031,-0.1754824,0.076215886,-0.034283374,-0.089475974,0.07038159,-0.13381061,-0.08627662,0.056522507,0.031201009,-0.0369944,0.14472318,0.031071886,-0.18156737,0.053098433,-0.06568559,0.17891861,0.17832927,-0.11702719,0.21607736,0.079512574,-0.08634595,0.31066632,0.18858701,-0.007230178,-0.0873829,-0.17108555,-0.03187783,-0.10547416,0.052889235,0.012119719,0.27948546,0.06685852,-0.052049022,-0.34621844,0.043915838,0.052343458,0.120239906,-0.13311997,-0.16306297,-0.13946481,-0.029756397,0.07586306,-0.10733535,-0.2329287,-0.28882372,-0.019004622,-0.20293738,-0.0860763,0.042358592,-0.032550752,-0.37060788,0.058540933,0.09101199,0.19753155,-0.10842922,0.12679142,-0.24740085,-0.10742199,0.021140898,0.09461101,0.17926638,-0.046018884,0.07199588,-0.081127614,-0.40071696,-0.03237129,-0.036968675,0.06083733,-0.14349544,0.3633833,-0.24184951,-0.033414714,-0.24096534,0.15408741,-0.033958487,-0.18540186,0.31934914,0.0860562,0.053429384,0.15234844,0.22096166,0.15942185,0.101537,0.07081929,0.042397894,0.21155788,-0.26749837,0.21002832,0.03054078,0.039719246,-0.12597024,-0.08457043,0.12972605,0.11408328,-0.1664713,-0.27312717,-0.04920232,-0.08337201,0.016845802,-0.044243988,0.024641465,-0.14129211,0.055999752,-0.45661777,-0.084606335,-0.1725235,-0.10062216,0.29718795,0.07649665,-0.08662791,-0.013505436,0.05189917,-0.12836044,0.034359597,0.047364663,-0.092971615,-0.11382104,0.058884293,0.010292766,0.077735916,0.014186045,0.23695089,0.0556025,-0.13828036,-0.084113695,-0.1173614,0.042854927,-0.31057143,-0.1495183,0.042542677,-0.07586798,-0.13658641,0.0329567,0.021097912,0.0883654,0.0970427,-0.0024091476,-0.18955287,-0.0029368226,-0.048435003,-0.0922755,0.07549782,0.31283143,-0.03726644,0.18012607,0.12074345,0.09927827,0.015819272,0.1272762,-0.02504403,-0.10426346,-0.09933067,-0.057340354,0.042387005,-0.20358765,0.095708616,0.015895989,0.016412005,0.018850142,-0.11780206,0.094085366,-0.08222253,0.013219511,-0.041517824,-0.011564449,0.16074118,-0.12093494,-0.007949937,-0.012176781,-0.014760787,0.07375484,0.039165027,-0.04931872,0.06744748,0.062770225,-0.038049396,-0.0067406823,-0.015439065,0.017144818,0.038625795,-0.02462605,0.009628907,0.054569546,-0.11474102,0.082263865,0.05964199
again,-0.014577006,0.013432372,-0.090026826,0.13055432,0.11151133,-0.06672098,0.11559063,0.23783284,-0.07699826,0.111881845,-0.14099072,-0.046615858,0.02612852,0.051926028,-0.0445193,-0.08907055,0.008718634,0.1134971,-0.033925407,-0.20895602,0.101796776,-0.14000785,0.06796147,-0.09837689,-0.08753186,-0.03707244,-0.0821547,-0.111893155,-0.16978753,0.058867868,0.09081939,-0.014408638,0.0048507317,-0.021270981,-0.04855306,0.13600937,0.020375924,-0.07984495,-0.0360377,-0.05511078,-0.07471812,-4.8786707e-05,-0.08871026,0.02532961,0.17077683,-0.0483911,-0.04472735,-0.12313402,0.13299713,0.08181092,0.052368116,-0.04363666,-0.025425572,-0.0794606,0.006924355,0.030114746,-0.06988469,-0.1640639,-0.18988252,-0.058194377,-0.05419572,-0.07436702,0.021517992,-0.089440376,-0.22086334,0.0055523887,0.086423896,0.16611524,-0.22440223,0.14817676,-0.037103087,0.074718766,0.09966493,0.017966311,0.06283499,0.0026109056,0.15567397,-0.12288766,-0.16894907,0.023820784,-0.08748614,-0.05401591,-0.13721359,0.28509787,-0.16389339,-0.048149258,-0.07559275,0.078852765,0.10522225,-0.021423852,0.15585083,0.14918059,0.1439152,0.108266264,0.22203942,0.124598496,-0.001412745,-0.014805682,0.087645665,0.049389828,-0.10217229,0.19414335,0.12442492,-0.083994105,-0.011418749,-0.20158516,0.1150271,0.16194256,-0.120269254,-0.18362366,0.0440732,-0.20501146,-0.037931763,-0.067271486,0.11544234,-0.084212855,0.11644224,-0.23957454,-0.072665304,-0.039686944,-0.044833343,0.121459596,0.076056816,-0.041596748,-0.097977825,-0.006952381,-0.08577573,-0.092986085,-0.07212702,-0.068471596,0.13016242,0.013280762,-0.0440066,-0.147096,-0.06185413,0.11484211,-0.01360739,-0.027182264,-0.06312366,-0.23301601,0.1928305,-0.21235728,-0.04926616,-0.054772127,0.0024094987,0.06260717,-0.022291567,0.036561605,0.010305498,0.056692954,0.106720425,-0.1271775,0.0036876702,-0.015696464,-0.16841997,0.14206839,0.10789894,0.042829134,-0.110048465,0.11087678,0.056450013,0.055401366,-0.05701423,-0.09095213,-0.020254174,0.10738855,0.17444742,-0.065719366,-0.039384153,0.030776493,-0.14038627,0.040061735,0.06869579,0.0026489631,0.1599167,0.09385367,-0.15620023,0.055213217,0.039902832,0.095346764,-0.025316657,0.055009976,0.022404158,0.02459097,0.089073926,0.09264764,0.021979311,0.12293987,0.17743313,-0.050558504,0.06784716,0.040655002,-0.10661008,-0.16499963,0.12919082,0.0009428314,0.11337158,-0.2294898,-0.028287852,-0.114706345
go,0.06444673,-0.0785213,-0.110987276,0.24519114,0.21656491,-0.16733493,0.11421918,0.31944066,-0.107646614,0.09982579,-0.15673347,-0.121713094,0.032179784,0.10038293,-0.104279414,-0.025169231,0.014444505,0.044191986,0.010331877,-0.16881402,0.035234094,-0.056065995,0.04562449,-0.0716784,-0.0013752613,-0.018905649,-0.13031322,-0.055005684,-0.1278999,0.104682975,0.14330736,-0.05864346,0.0919765,0.014234203,-0.06776776,0.21398649,0.09905518,-0.057715442,-0.06591092,-0.1020514,-0.0459046,-0.04066544,-0.011870173,0.02458983,0.20788436,-0.0070000165,-0.047340736,-0.22271587,0.11579021,0.07674818,0.062689945,-0.083379574,-0.059675902,-0.09913307,-0.025560418,0.06475796,-0.09336858,-0.19689395,-0.23112832,-0.032529563,-0.10051221,-0.056371987,0.035211973,-0.06645531,-0.27502617,0.027239092,0.08017813,0.16052239,-0.15575507,0.13776642,-0.12382305,0.0012495087,0.08032611,0.05046467,0.12073719,-0.0132799465,0.13192467,-0.10162097,-0.26879767,0.021365337,-0.073776014,-0.008167866,-0.14230008,0.32487637,-0.1967822,-0.0467954,-0.14495103,0.100477256,0.04339784,-0.08013003,0.21129686,0.123610124,0.10792564,0.11785402,0.22145298,0.14188299,0.012083691,0.012485272,0.07638434,0.12591277,-0.17298979,0.20452866,0.093053915,-0.024544809,-0.068962336,-0.14555712,0.132064,0.13056153,-0.13979906,-0.23235205,0.010728066,-0.14227524,-0.013694936,-0.05615724,0.07251564,-0.10843624,0.09048388,-0.33183488,-0.08472528,-0.099995494,-0.062022224,0.1831691,0.065414794,-0.054045614,-0.052933875,0.0098578725,-0.1053681,-0.030882187,-0.022969555,-0.065880105,0.035389606,0.018382514,-0.025028555,-0.05124353,-0.03155796,0.16510609,0.0135336025,-0.08860138,-0.071393386,-0.19227372,0.11420161,-0.24586564,-0.074489504,-0.022116687,-0.03850589,-0.009554489,-0.008809595,0.009054278,0.03390394,0.08566924,0.06441477,-0.1344558,0.0005525966,-0.039770182,-0.12385857,0.13054653,0.17078605,0.023392135,-0.012041357,0.100535706,0.061547544,0.037793003,0.013740302,-0.053937413,-0.057265013,0.019508537,0.077590935,-0.033299778,-0.09729153,0.054237057,-0.09324297,0.036814075,0.05121579,-0.031562574,0.11255117,0.016283674,-0.09469252,0.020028718,0.020554204,0.124605596,-0.07043067,0.030404331,0.0052887322,0.020607222,0.07268204,0.07672764,-0.009667422,0.10264436,0.13286234,-0.035083428,0.019923937,0.035367996,-0.06314382,-0.08248551,0.06799643,0.0016060354,0.085112624,-0.17398158,-0.018905625,-0.05573981
would,0.06504259,-0.09699291,-0.081299454,0.26688898,0.24833603,-0.19584179,0.11681939,0.30658823,-0.102233104,0.11169615,-0.13543326,-0.1281339,0.048042133,0.12591554,-0.13321106,0.008148285,-0.02645058,-0.0077657765,0.04747695,-0.15517417,-0.012972421,-0.025696866,0.031724863,-0.069441125,0.05555417,0.004430606,-0.13200718,-0.025149167,-0.10599671,0.12789536,0.11525637,-0.06180258,0.11870416,0.043549392,-0.061397642,0.22916658,0.102328286,-0.017272055,-0.044819843,-0.11936522,-0.0416903,-0.07614883,-0.009483194,-0.00829029,0.21727808,0.02328988,-0.04969263,-0.23745705,0.05963805,0.06430889,0.09783855,-0.07092791,-0.11847083,-0.11216794,-0.01424299,0.03986487,-0.08515486,-0.1812467,-0.22733584,-0.0317446,-0.1379452,-0.10696797,0.03955482,-0.05355043,-0.31477708,0.032877587,0.08045892,0.17278443,-0.13825086,0.13778277,-0.14946774,-0.03233872,0.03506098,0.065113865,0.11980392,-0.044680547,0.09841053,-0.086162224,-0.28423437,-0.016164847,-0.068135254,0.018904371,-0.14163017,0.30608818,-0.20096,-0.03885687,-0.15758392,0.115146354,0.027457824,-0.10181009,0.24648574,0.09333505,0.07174968,0.13149956,0.21167204,0.13204037,0.06313706,0.038200755,0.062793925,0.1405097,-0.19540104,0.18555658,0.0616478,-0.024033403,-0.06579137,-0.11610298,0.11277919,0.12825707,-0.1563804,-0.22463647,-0.023822077,-0.14091298,-0.0063594133,-0.05857375,0.05077742,-0.11016581,0.07032063,-0.35873762,-0.08346295,-0.105599456,-0.06704122,0.24437036,0.07112943,-0.06666786,-0.05461742,0.022871861,-0.106928274,-0.0255405,-0.0126899015,-0.08382466,-0.021043269,0.036243834,-0.00069733325,-0.01371777,-0.016373971,0.20576842,0.027679754,-0.07801525,-0.06598087,-0.15770833,0.08828942,-0.25250417,-0.109696314,0.008529779,-0.03336908,-0.062306784,0.010521937,0.03723229,0.042158276,0.070975535,0.038778156,-0.15728341,-0.008306568,-0.025871605,-0.1207551,0.08857876,0.22531754,0.0036484639,0.06583277,0.11079788,0.06927836,0.0199655,0.051033247,-0.048837937,-0.07644868,-0.021058198,0.03270098,-0.010996315,-0.12388416,0.07475568,-0.0504227,0.021084933,0.0359728,-0.07608257,0.12542638,-0.016551407,-0.041334976,-0.004429304,0.0054400438,0.1324949,-0.06287947,0.018008374,-0.0043714195,-0.01173986,0.07062968,0.06424334,-0.017384836,0.08655371,0.09807856,-0.044093896,0.029454213,-0.010985048,-0.021792797,-0.045125153,0.05220998,0.009877586,0.06309541,-0.16348337,0.056754883,-0.015355299
could,0.039302766,-0.06371927,-0.06932478,0.22237186,0.19824377,-0.14900349,0.11990258,0.25205243,-0.076107875,0.10727962,-0.1161482,-0.09790475,0.036303844,0.08885349,-0.10438511,-0.013084224,-0.028820353,-0.01136688,0.023955658,-0.14703563,-0.012322749,-0.052395187,0.03560479,-0.086727165,0.036525466,-0.010171311,-0.093258746,-0.053500157,-0.12256119,0.11772048,0.08180176,-0.051700566,0.08215013,0.024608739,-0.0395333,0.20017238,0.096670195,-0.025441786,-0.03189068,-0.11566451,-0.045035392,-0.05612483,-0.05169811,-0.0116241835,0.19308524,0.0055093807,-0.042762198,-0.19018936,0.05941287,0.052155774,0.085127406,-0.043579977,-0.09751233,-0.08499725,0.008444898,0.032405604,-0.06309637,-0.16217305,-0.2083379,-0.028899685,-0.14532886,-0.107741795,0.041802634,-0.07398625,-0.28569221,0.019155473,0.05675656,0.16016506,-0.16266768,0.12651421,-0.09448292,0.017263161,0.02735208,0.058019098,0.101359926,-0.052245673,0.10822087,-0.093112856,-0.2400474,0.007247528,-0.07424346,0.0012018648,-0.11981614,0.2748361,-0.18975997,-0.04405669,-0.13574068,0.1144571,0.04347693,-0.07831936,0.21536817,0.09496325,0.0925693,0.12185421,0.20476998,0.11514149,0.06458937,0.03386697,0.06306385,0.13120511,-0.17098367,0.1870289,0.06773363,-0.033566874,-0.035679463,-0.12508696,0.09922662,0.1196633,-0.14745583,-0.19847533,-0.02515435,-0.15468773,-0.0227906,-0.055006694,0.06906778,-0.11232676,0.07126608,-0.30408373,-0.0876486,-0.08321268,-0.062481046,0.21269941,0.06921298,-0.040759735,-0.07657102,-0.0019110208,-0.09942157,-0.029340632,-0.015157846,-0.082901254,0.019708859,0.038826462,-0.022741448,-0.033734903,-0.022528106,0.1812684,0.01631855,-0.06079898,-0.06712474,-0.18848453,0.10042529,-0.2391719,-0.08916604,-0.0060941176,-0.04316267,-0.04913001,0.010487186,0.0396037,0.026498763,0.051864076,0.051865928,-0.1590942,-0.00015325047,-0.0059926044,-0.13470955,0.09026725,0.18134697,0.020076793,0.03368362,0.1240897,0.060132757,0.010261243,0.02198338,-0.056001734,-0.06378572,-0.0039979354,0.06741402,-0.012358475,-0.09599473,0.07153325,-0.06121063,0.024456294,0.045735132,-0.054309163,0.14570832,0.0059081987,-0.05452567,0.01714885,0.008129333,0.09597066,-0.034244724,0.03287794,0.008764468,-0.02105095,0.07232295,0.08232871,-0.012711942,0.0789486,0.10805003,-0.064615905,0.036518104,-0.013055087,-0.049,-0.09509022,0.09344148,0.007024362,0.06069275,-0.19165906,0.06479288,-0.031281076
took,-0.09512264,0.08053437,-0.052451555,0.040874824,0.018674579,0.01765963,0.08508963,0.17729042,-0.03254174,0.10763036,-0.12172084,0.022447728,0.021435406,0.0020692877,0.011459266,-0.14432932,0.014640122,0.15933722,-0.06515729,-0.20259078,0.14324613,-0.1954394,0.061160218,-0.105214454,-0.1398968,-0.05981553,-0.04784172,-0.15843894,-0.18776979,0.029939085,0.049339194,0.012107712,-0.07231564,-0.045857936,-0.020640163,0.054570474,-0.03864836,-0.09138901,0.004895432,-0.0037858405,-0.1015982,0.03397369,-0.13299051,0.021674123,0.102468744,-0.08137837,-0.033248104,-0.033816762,0.13588333,0.09762252,0.03757691,-0.006386591,0.0136314165,-0.055350803,0.026308523,0.011894112,-0.044882726,-0.11940702,-0.14600447,-0.0626655,-0.016381426,-0.07495145,0.010461057,-0.119543545,-0.17463376,-0.021113088,0.088355206,0.16265143,-0.24506369,0.14390503,0.044711757,0.12339826,0.10786915,-0.022266805,0.015686527,0.013609507,0.17442256,-0.12707682,-0.08930515,0.043559905,-0.10049943,-0.07499287,-0.11597471,0.21816634,-0.122733094,-0.034301933,-0.024170673,0.049525492,0.1576395,0.049221918,0.08359641,0.14994194,0.14176373,0.087408274,0.2034238,0.100804925,-0.012589529,-0.024157343,0.09512275,-0.02437244,-0.035449993,0.20051588,0.13557482,-0.11935373,0.029762724,-0.2370303,0.07613242,0.18385282,-0.11110823,-0.13642317,0.05374593,-0.2443981,-0.057777826,-0.06462614,0.1524104,-0.057593405,0.14336249,-0.1582976,-0.065322176,-0.0075105545,-0.020209566,0.052582435,0.06164745,-0.027564246,-0.1276289,-0.021871194,-0.07486749,-0.12835358,-0.11028796,-0.064260356,0.21229857,-0.013249639,-0.05107759,-0.21364515,-0.080920346,0.080874845,-0.028328659,0.02394658,-0.037480466,-0.27484408,0.22393912,-0.16715372,-0.012020646,-0.077552944,0.027911955,0.1296899,-0.03846529,0.035588942,-0.028384503,0.037746824,0.12688984,-0.11414605,0.0060269656,0.007534493,-0.19208004,0.1601256,0.035776325,0.056972053,-0.21122296,0.10850157,0.04209766,0.066465035,-0.110772446,-0.1014142,0.0075177285,0.16732894,0.24047366,-0.10212481,0.022109894,0.002397483,-0.185947,0.04089187,0.075144336,0.039483745,0.19351657,0.14254677,-0.1952115,0.10525471,0.066596724,0.067448184,0.031639844,0.08582555,0.03677776,0.031133182,0.10359939,0.10234958,0.039549794,0.13335383,0.2077452,-0.052816205,0.09708991,0.04662607,-0.1264043,-0.23203595,0.18636201,0.00379694,0.13017611,-0.251103,-0.069518805,-0.16018099
their,-0.06142109,0.050240967,-0.080188796,0.10349012,0.07462751,-0.03754114,0.1347528,0.22484045,-0.059176996,0.1221309,-0.124487385,-0.03125785,0.025077155,0.011618031,-0.023936374,-0.12962337,0.024600893,0.13787763,-0.049124125,-0.21211423,0.13831535,-0.17865022,0.07550008,-0.12368016,-0.11139724,-0.038155247,-0.062268764,-0.13552222,-0.18192874,0.04858702,0.07738707,0.0065274443,-0.02720647,-0.01757368,-0.0483731,0.108964995,0.0044546165,-0.081247374,-0.015586802,-0.04272939,-0.1036216,0.019346522,-0.102443054,0.021614585,0.13747714,-0.07692407,-0.042857144,-0.08075864,0.14856899,0.08633127,0.033953134,-0.03617362,0.00015953227,-0.05537241,0.013783165,0.016225949,-0.046203632,-0.13505699,-0.17865163,-0.052136093,-0.050701354,-0.09145647,0.01607515,-0.09959896,-0.20099823,-0.0148563795,0.07231637,0.1727381,-0.24580897,0.1562848,0.01078419,0.09986589,0.12177256,0.0032822506,0.033879206,0.00081272837,0.16655938,-0.13760601,-0.13355069,0.02601781,-0.12370507,-0.07117292,-0.14995046,0.27707613,-0.16665168,-0.027111407,-0.041047215,0.063495554,0.12531592,0.0107393665,0.13559745,0.15807286,0.15585491,0.10358003,0.23948087,0.12477438,-0.014043194,-0.025575256,0.094817795,0.0044815633,-0.078570515,0.19114159,0.12995209,-0.10249479,0.026137833,-0.21925656,0.09718701,0.16547975,-0.103260085,-0.18125926,0.054875582,-0.24224848,-0.048489287,-0.07636114,0.14718848,-0.07332441,0.13469285,-0.20350322,-0.072299354,-0.03298933,-0.04892643,0.10986215,0.06478098,-0.037381016,-0.11883082,-0.025503602,-0.099969335,-0.10423489,-0.092328645,-0.07436811,0.18462172,0.0101584755,-0.047229808,-0.1763482,-0.084720224,0.0955492,-0.029138157,-0.0010257391,-0.065036125,-0.2580069,0.2262949,-0.19334641,-0.03243936,-0.07859631,0.028214592,0.104134575,-0.02931847,0.02847367,-0.0073106177,0.058641095,0.12131716,-0.12624118,0.012899335,-0.0065550082,-0.19677909,0.15816137,0.05306839,0.06720992,-0.16861346,0.12708993,0.064136125,0.06333046,-0.077550076,-0.11267924,-0.0056744977,0.13886489,0.21065499,-0.09858251,-0.009101682,0.012654487,-0.15832542,0.040970474,0.083371386,0.0148689225,0.19591208,0.12116291,-0.18008329,0.06833549,0.05003497,0.06270012,-0.0010615739,0.062396716,0.031829357,0.028302005,0.10061502,0.112921804,0.03724437,0.1102773,0.2039259,-0.07602202,0.086999275,0.034409884,-0.11193542,-0.19803227,0.15645288,0.0041607213,0.119990826,-0.24005686,-0.058467723,-0.14010198
your,0.08396786,-0.109135486,-0.101095945,0.2779752,0.25068042,-0.19610345,0.13159187,0.33224058,-0.12218599,0.10227074,-0.16190766,-0.15448914,0.03953282,0.12574516,-0.13005528,-0.009655592,0.0072022546,0.012010656,0.022773825,-0.16933434,0.020361189,-0.023524765,0.053744245,-0.050970215,0.04398586,0.0051188655,-0.1529501,-0.0059479238,-0.106397256,0.12563887,0.14932583,-0.06374692,0.13452704,0.055385392,-0.078468375,0.22712395,0.12838829,-0.044696424,-0.058314204,-0.11430114,-0.058909524,-0.06491063,0.006241264,0.013370788,0.21055195,-0.0008591272,-0.046265505,-0.2504571,0.09606134,0.065630116,0.086908005,-0.11317221,-0.090602465,-0.13258938,-0.018365245,0.057683047,-0.08893445,-0.206102,-0.23368254,-0.029349439,-0.11355202,-0.07709125,0.029870586,-0.058915187,-0.30342817,0.043239377,0.096625,0.18167087,-0.15416409,0.1430922,-0.15666921,-0.04332671,0.08044464,0.058423933,0.10974979,-0.016787028,0.11158737,-0.09250547,-0.31069142,-0.013232924,-0.07060958,0.015337412,-0.14299986,0.35412753,-0.2098056,-0.023216693,-0.1571556,0.11030841,0.029479971,-0.10877215,0.26304176,0.11429186,0.10132005,0.13279319,0.22481768,0.13700734,0.03479876,0.037594065,0.07602241,0.12941349,-0.198737,0.20995921,0.07167573,-0.0046266755,-0.07846047,-0.13887526,0.12166741,0.14320634,-0.13296916,-0.2436462,-0.0070859613,-0.13505077,-0.0066720783,-0.060732983,0.05576007,-0.105378136,0.10050379,-0.36763164,-0.07376296,-0.1254091,-0.0823799,0.23729467,0.066935696,-0.077500075,-0.030589376,0.026430946,-0.12633336,-0.022002153,-0.02292858,-0.06819516,-0.005270601,0.023078421,-0.002815071,-0.03446322,-0.028670205,0.1805379,0.018043706,-0.105863646,-0.06804915,-0.16209212,0.11295876,-0.2721083,-0.091202274,-0.014986373,-0.024378449,-0.033245157,-0.0050198375,0.016798306,0.053082958,0.09833227,0.050023034,-0.16271698,-0.007472015,-0.028112443,-0.119618386,0.12063053,0.21861444,0.019706532,0.048820585,0.11180498,0.09559607,0.03518623,0.049336467,-0.050511595,-0.07155201,0.004617755,0.05252085,-0.01993542,-0.12358053,0.060555566,-0.07275399,0.03768533,0.061766405,-0.06295008,0.11887477,0.0065939673,-0.060675073,-0.0075672036,0.019155804,0.13708745,-0.0744256,0.014430946,0.0066786543,0.029164085,0.0794082,0.072816946,-0.023290895,0.07009408,0.110404626,-0.036097433,0.022044707,0.017143892,-0.03918465,-0.041031618,0.030266756,-0.008145775,0.08499724,-0.15579765,0.0055703325,-0.017992835
very,-0.0044595995,-0.008080408,-0.068735376,0.14845723,0.13350192,-0.08125984,0.112458386,0.23269704,-0.0682941,0.11464398,-0.12448349,-0.062212046,0.019128509,0.05464713,-0.057889063,-0.07191083,-0.010395032,0.08000117,-0.016575554,-0.19320832,0.074173756,-0.12290535,0.053142276,-0.090748936,-0.04331583,-0.033675905,-0.08410937,-0.08027412,-0.16891374,0.07238358,0.09006064,-0.016531844,0.02813582,0.012179546,-0.057210147,0.12592807,0.04872695,-0.07854241,-0.031558875,-0.06742067,-0.089096256,-0.021937702,-0.07983397,0.013770367,0.17170125,-0.050533663,-0.047118817,-0.13810231,0.11334701,0.08366736,0.064049296,-0.042484198,-0.044032756,-0.094424576,0.019840106,0.030505266,-0.073601946,-0.15776652,-0.18290359,-0.05570539,-0.088513434,-0.08911538,0.029889546,-0.08763934,-0.24423215,0.013317582,0.068601735,0.1739327,-0.21828264,0.13967274,-0.04846632,0.054998547,0.08674382,0.030822702,0.040513296,-0.0221112,0.14400625,-0.11607007,-0.17145255,0.009547916,-0.084017366,-0.031572387,-0.13734278,0.28026572,-0.17890358,-0.02265411,-0.07360043,0.07541357,0.09280849,-0.03898132,0.16697747,0.13769816,0.11209035,0.111840785,0.20652236,0.11925736,0.027868992,-0.007920766,0.09095475,0.03544444,-0.11453374,0.17379129,0.089010045,-0.072216146,0.009606537,-0.16987689,0.08737974,0.16159792,-0.10638713,-0.1691541,0.012181795,-0.18498786,-0.047493394,-0.052838013,0.11455043,-0.07777105,0.12093186,-0.23741932,-0.07353299,-0.06301392,-0.050623048,0.13877714,0.06804467,-0.060966607,-0.08825467,-0.005158301,-0.10079129,-0.079034954,-0.065660015,-0.072161704,0.093282044,0.03509388,-0.04185573,-0.13501278,-0.055314068,0.12929201,-0.017227128,-0.025817126,-0.061907124,-0.20628196,0.18889093,-0.21457323,-0.052224413,-0.04206108,0.005358643,0.03846565,-0.02039916,0.04540571,0.020078423,0.07133942,0.09008119,-0.14200164,-0.0027124758,0.008372582,-0.16316986,0.13229541,0.12873663,0.045122117,-0.06971799,0.11837813,0.07547005,0.05052758,-0.043063916,-0.07313976,-0.0458973,0.08634182,0.1679896,-0.058128994,-0.045814227,0.020009518,-0.12362005,0.0326371,0.057268456,-0.01295148,0.16368815,0.07260071,-0.118917346,0.061090283,0.031802133,0.09117299,-0.010830386,0.048328787,0.04372553,0.010476841,0.111012466,0.1009132,0.024332559,0.09262779,0.15951194,-0.05109371,0.089792974,0.021109464,-0.067782834,-0.14125119,0.11820258,0.02754058,0.10207244,-0.22213545,-0.010437664,-0.08894844
man,-0.010830218,0.01813347,-0.052109372,0.11971278,0.11093103,-0.045396682,0.09463819,0.20739056,-0.059127934,0.10883858,-0.11818228,-0.029342823,0.016282218,0.041728247,-0.02778111,-0.08811052,-0.0046270844,0.10980222,-0.029786587,-0.2072635,0.0869133,-0.13811389,0.05222658,-0.089303605,-0.06973033,-0.052338507,-0.06538907,-0.093075454,-0.17589132,0.07085704,0.08141434,0.009364991,0.0045088544,0.0005020003,-0.045855973,0.101919875,0.03079139,-0.07948966,-0.01980139,-0.06719438,-0.10599673,-0.00037175408,-0.09161633,0.016997308,0.15444705,-0.06561544,-0.041964594,-0.11800755,0.12558115,0.09068724,0.07784875,-0.054547027,-0.040872958,-0.07781116,0.026422935,0.01721171,-0.06930281,-0.15010534,-0.155618,-0.051648878,-0.047275122,-0.07696179,0.021084793,-0.10382961,-0.23182712,-0.0062050726,0.07473501,0.16035771,-0.23237231,0.13985388,-0.026541937,0.07838726,0.104835756,0.007948318,0.03495832,-0.00074765837,0.15363659,-0.11411261,-0.15560658,0.01566037,-0.07562248,-0.028837325,-0.10034978,0.27957726,-0.15919772,-0.010536401,-0.06258977,0.07400313,0.11869455,-0.013171892,0.12182169,0.14003198,0.12359582,0.111325145,0.20839214,0.101031154,0.012339502,-0.015084541,0.10187568,0.0041628717,-0.103269234,0.18308641,0.075459406,-0.08421305,0.013657975,-0.19055825,0.081778176,0.17834628,-0.116035536,-0.16155683,0.017045632,-0.20037341,-0.06334617,-0.053712513,0.11698599,-0.059793696,0.11953338,-0.21244854,-0.060745757,-0.05073629,-0.047211006,0.11705928,0.07355382,-0.03860412,-0.07413208,0.0011135088,-0.10310218,-0.08136033,-0.09755611,-0.06130563,0.12642547,0.0088979155,-0.040507894,-0.15706554,-0.05634116,0.118253335,-0.04140321,-0.024380866,-0.054303978,-0.21133092,0.20802803,-0.18752542,-0.03970221,-0.051089305,0.021434635,0.074072756,-0.027974494,0.06067017,0.024755908,0.08112507,0.1023959,-0.14533894,-0.015758216,0.008229548,-0.18443833,0.1542296,0.10789324,0.056790523,-0.10208829,0.1243158,0.077656165,0.047245875,-0.06207309,-0.05486279,-0.03787724,0.11504783,0.19538331,-0.06849724,-0.017163433,0.007059802,-0.14266007,0.048531808,0.060094118,-0.012863764,0.17248896,0.09950964,-0.15064667,0.06840855,0.04649391,0.08734465,-0.0040303823,0.05355664,0.056692813,0.02430253,0.111799456,0.10054392,0.03739516,0.102369644,0.17759408,-0.050973408,0.09024782,0.023095947,-0.084677115,-0.15575041,0.12569493,-0.008429329,0.10269473,-0.23497312,-0.025210325,-0.10564942
now,0.032913905,-0.04990464,-0.074300736,0.19833905,0.18126778,-0.12574968,0.1077691,0.2562147,-0.08958052,0.10468284,-0.13155702,-0.09043862,0.02870388,0.07850387,-0.08237151,-0.037200734,-0.010884109,0.04690554,0.00022408199,-0.16943637,0.030802365,-0.07049788,0.041630708,-0.070000105,-0.0062094163,-0.008118651,-0.11109614,-0.050174434,-0.13689248,0.09384782,0.10480037,-0.03532722,0.072381064,0.02370282,-0.06490978,0.1643839,0.07729583,-0.056366075,-0.041433062,-0.08467218,-0.063703634,-0.04143225,-0.04454285,0.0057731965,0.19407658,-0.023502408,-0.043303184,-0.18406306,0.09853734,0.07166061,0.083736904,-0.07611811,-0.075656846,-0.10148303,0.009247925,0.027836137,-0.07984933,-0.16666672,-0.19998753,-0.039161507,-0.10359876,-0.08549604,0.033927124,-0.08066013,-0.26149297,0.01792375,0.07166715,0.17622969,-0.18750107,0.14467998,-0.10139764,0.010257916,0.06562447,0.030041402,0.07813796,-0.013041984,0.11837901,-0.09943719,-0.22719213,0.000915415,-0.07686941,-0.0075679594,-0.12486605,0.2970077,-0.18203595,-0.022901008,-0.11483923,0.09395867,0.060100455,-0.06454682,0.19840974,0.12479616,0.10088636,0.119416706,0.20174797,0.11479351,0.03809756,0.0124906255,0.07778701,0.07318045,-0.15051174,0.18646196,0.07211143,-0.04762164,-0.03455879,-0.15069883,0.100514695,0.15159476,-0.12500714,-0.19844781,-0.002801021,-0.15470237,-0.03178242,-0.05686781,0.07858976,-0.09390213,0.097696275,-0.2845126,-0.07071643,-0.086046845,-0.06644756,0.17285985,0.06318167,-0.059735924,-0.06741149,0.0073891073,-0.11014517,-0.04826642,-0.04318168,-0.06990068,0.04607274,0.028789453,-0.011617575,-0.086687244,-0.036241855,0.15131961,-0.0058609373,-0.054107085,-0.068187416,-0.17787255,0.15087406,-0.23088104,-0.07655581,-0.02670735,-0.0074159997,0.0025902465,-0.0040799347,0.03806234,0.024772001,0.08355013,0.06822515,-0.15549365,-0.0013214253,-0.0062661534,-0.15062281,0.12331484,0.16136828,0.018378299,-0.0075606937,0.11736258,0.0830824,0.04260988,-0.004173775,-0.049802143,-0.051257946,0.04926834,0.105935596,-0.043409117,-0.08170988,0.043952174,-0.08759637,0.031972174,0.046576474,-0.038332563,0.14436924,0.02948138,-0.08720201,0.035011634,0.031574905,0.11240447,-0.036580987,0.03716458,0.016729414,0.017928105,0.096801154,0.08851136,0.0125892805,0.091161214,0.12238679,-0.04530985,0.065824255,0.0055257617,-0.061370127,-0.093689546,0.089589,0.01748545,0.092809,-0.19027878,0.0009312498,-0.04824892
are,0.07618079,-0.12813638,-0.058688417,0.30530414,0.27912685,-0.23926954,0.116412826,0.32008362,-0.12710287,0.11252772,-0.13885212,-0.15274443,0.052019127,0.13479595,-0.116120294,0.027940912,-0.02496131,-0.046951704,0.03051417,-0.1564984,-0.044594336,-0.00986362,0.022537488,-0.045100313,0.07568298,0.009765765,-0.15762578,0.017782032,-0.090444304,0.15370552,0.13874753,-0.097715914,0.15825851,0.07666347,-0.08768937,0.25230968,0.12659207,-0.027721459,-0.07723252,-0.1274519,-0.06320211,-0.078400105,0.008559645,0.021997372,0.22933495,0.04100736,-0.06557956,-0.28298268,0.056918472,0.03949734,0.11445443,-0.093823686,-0.13974111,-0.114560746,-0.014944897,0.035410654,-0.08393554,-0.18731062,-0.25807938,-0.020192988,-0.18016008,-0.10267046,0.039618183,-0.061142176,-0.34520856,0.029100029,0.1014535,0.18198115,-0.15619658,0.13197799,-0.19475874,-0.06561393,0.023393478,0.054077487,0.12520353,-0.032854423,0.08308037,-0.08971325,-0.33867246,-0.04685293,-0.051780026,0.041941434,-0.1118868,0.34916693,-0.21713528,-0.0033191706,-0.19156648,0.1360711,0.013405395,-0.13815969,0.28392994,0.08373332,0.06081593,0.13397184,0.21171485,0.14837584,0.08677864,0.041052874,0.0637251,0.13496195,-0.23014127,0.18797232,0.05796853,-0.00095896394,-0.09118269,-0.1168857,0.12166508,0.11088396,-0.16167384,-0.25000432,-0.044421114,-0.10146891,-0.019990716,-0.06891138,0.05778006,-0.12977928,0.07693446,-0.38809484,-0.094983734,-0.12714013,-0.08010299,0.26958492,0.074545205,-0.058418706,-0.037417468,0.036559768,-0.13465601,-0.014263575,0.003966565,-0.09367235,-0.028388249,0.057864144,0.014494647,0.012319232,0.0074921227,0.2088885,0.05750137,-0.09017363,-0.07669107,-0.15304676,0.07941492,-0.2892504,-0.12811704,0.010887025,-0.037379313,-0.06520794,0.036248926,0.050884172,0.07193879,0.10137125,0.024092494,-0.17865235,-0.001563908,-0.038165275,-0.13428947,0.093919866,0.25143188,-0.015319731,0.10548748,0.114874184,0.10994916,0.04684925,0.08356332,-0.052159064,-0.063847795,-0.030876165,0.0019130245,0.00066319853,-0.15598653,0.072557315,-0.022000851,0.026883319,0.019567838,-0.094206154,0.12721393,-0.021381907,-0.03513899,-0.012580036,0.00069469144,0.1479689,-0.07009667,0.018633489,-0.018507076,0.0011582474,0.08475711,0.03742977,-0.02626699,0.06206545,0.07412794,-0.03380378,0.021869957,-0.0153205525,-0.0053506475,-0.011425674,0.0126401745,0.017485468,0.06852353,-0.13237718,0.043388847,0.033065338
did,0.05316341,-0.09601454,-0.05915946,0.25668854,0.21691446,-0.19499287,0.12182198,0.26509315,-0.08415728,0.105831616,-0.10805467,-0.115041345,0.039068166,0.09684956,-0.113128856,0.019113021,-0.041083377,-0.049986318,0.020816166,-0.1375262,-0.04707483,-0.029638866,0.04057262,-0.078137204,0.06635564,0.00785648,-0.115937784,-0.013554842,-0.09063158,0.12812304,0.086566724,-0.07177632,0.11814367,0.022615815,-0.042401433,0.22081606,0.116417915,-0.004758043,-0.043535262,-0.115788706,-0.046256144,-0.072293185,-0.03390993,-0.009804402,0.21259418,0.028976435,-0.03739105,-0.21568556,0.049102988,0.042585853,0.08267727,-0.04649739,-0.11131097,-0.08254356,-0.012089097,0.0444795,-0.076575376,-0.18949327,-0.22176062,-0.0136381695,-0.1661178,-0.11493273,0.03765427,-0.05587691,-0.3103462,0.012632379,0.057077166,0.16443352,-0.13508293,0.109577686,-0.13259293,-0.004755475,0.023051118,0.054100085,0.1197714,-0.050395884,0.09361747,-0.08788291,-0.28069746,0.007960048,-0.064087786,0.018446902,-0.11596392,0.2725188,-0.18771736,-0.04259773,-0.172725,0.12794814,0.018865772,-0.11036992,0.22869612,0.08209389,0.09391518,0.13058685,0.22215816,0.13387217,0.07752798,0.045135394,0.05910088,0.16637859,-0.2005407,0.19142687,0.05467452,-0.011676014,-0.0482655,-0.12376968,0.10046385,0.11164293,-0.16582738,-0.21841882,-0.03253148,-0.14775789,-0.0082476195,-0.057189304,0.0717455,-0.12832513,0.07251622,-0.33755723,-0.09075118,-0.082638964,-0.057955544,0.23797901,0.07154718,-0.030912785,-0.06275689,0.009944775,-0.104398385,-0.005969901,-0.003902527,-0.09002754,-0.00025539118,0.046050794,-0.022651073,-0.0068722633,-0.01235861,0.20068452,0.023740428,-0.08030356,-0.062261883,-0.18297507,0.08245765,-0.2577138,-0.11381357,0.011613127,-0.06174016,-0.07322401,0.017310727,0.05306288,0.060773533,0.046202905,0.040356115,-0.17284702,0.009820144,-0.029746626,-0.13976304,0.08028056,0.20906474,0.0019853613,0.07499465,0.13615225,0.06811341,0.022198126,0.04257783,-0.048893865,-0.07288832,-0.032672722,0.038545113,0.013862251,-0.12675975,0.08113697,-0.04636535,0.009520259,0.040265653,-0.08198183,0.147241,-0.0058063664,-0.03413718,0.006905068,0.008422479,0.107795954,-0.05981911,0.03371318,0.0060551073,-0.0260629,0.064891376,0.05481991,-0.020373346,0.072453015,0.115736336,-0.07080496,0.025207961,-0.013568419,-0.018847153,-0.07329896,0.05599703,0.00023552476,0.065646544,-0.18601455,0.08297013,-0.005988452
good,0.024396233,-0.033519756,-0.052023076,0.17332394,0.1587034,-0.0977568,0.11137226,0.25198174,-0.08572244,0.10003404,-0.12633085,-0.085937075,0.036662225,0.065148495,-0.0765474,-0.05436137,0.0017502728,0.054735698,-0.0004741695,-0.16690826,0.044701885,-0.10185619,0.05105015,-0.08018929,-0.0113837095,-0.02153563,-0.09492607,-0.059795395,-0.14338875,0.085191414,0.086915,-0.01910951,0.062101375,0.033410165,-0.056527752,0.15397732,0.06577236,-0.07228799,-0.03029191,-0.08004074,-0.0871236,-0.021279259,-0.05205032,0.019675441,0.17942366,-0.030031363,-0.053234834,-0.15489386,0.10177899,0.07720683,0.07691514,-0.066143535,-0.060646534,-0.098465785,0.010907697,0.032636438,-0.07178312,-0.17028476,-0.18336394,-0.049894836,-0.097116925,-0.08389362,0.027375493,-0.087869346,-0.26112607,0.015336332,0.07199655,0.15956606,-0.1990976,0.12900098,-0.085092396,0.030934757,0.080124445,0.031794675,0.05982591,-0.023690283,0.11710863,-0.094372585,-0.20943451,0.0019993149,-0.072370104,-0.015757617,-0.11921018,0.30259764,-0.18023801,-0.0023575155,-0.09406784,0.09326162,0.08022263,-0.057562336,0.1729285,0.13010816,0.101119176,0.1193,0.2054818,0.11913371,0.03251682,0.0013663769,0.07724488,0.0609625,-0.13219477,0.17935212,0.06488576,-0.039788738,-0.020271279,-0.15124321,0.0863076,0.16088285,-0.12269069,-0.18688034,0.0069599203,-0.17245866,-0.043976273,-0.061421428,0.08583809,-0.086467266,0.11432779,-0.26556733,-0.06044416,-0.080392644,-0.05895255,0.15466598,0.05977625,-0.051422708,-0.068364844,0.012059931,-0.12007757,-0.057725877,-0.042587556,-0.07349926,0.06887982,0.03600525,-0.024761008,-0.104161635,-0.04405517,0.1308371,-0.0021970745,-0.045507412,-0.059909318,-0.19019006,0.15932114,-0.22094128,-0.067974076,-0.02538613,0.0022815038,0.021265637,-0.016186528,0.03338964,0.03729917,0.08738209,0.07925454,-0.1535665,-0.014419153,0.0051746587,-0.15360038,0.13943923,0.16412665,0.037609115,-0.026545122,0.12599562,0.087819904,0.054818217,-0.012862868,-0.06348282,-0.06395252,0.06515096,0.11543238,-0.044434506,-0.06270031,0.024370812,-0.103453726,0.037168365,0.06456821,-0.026421871,0.1570868,0.04092896,-0.10439199,0.043045126,0.022109617,0.11078056,-0.01025167,0.032152917,0.026077194,0.010463977,0.10978525,0.09602016,0.0177024,0.0837059,0.14892708,-0.053834584,0.061648536,0.006437075,-0.046698276,-0.10896245,0.09461767,0.0039032623,0.09496782,-0.19697082,0.0013984812,-0.071641475
can,0.14396177,-0.18541344,-0.06455908,0.3927349,0.34109777,-0.30307603,0.11631986,0.36890203,-0.15706407,0.10141815,-0.15990177,-0.20487034,0.047662377,0.17776076,-0.17376904,0.0716108,-0.051115867,-0.10111779,0.060445324,-0.12625688,-0.104932494,0.04893161,0.010339524,-0.028200166,0.13251552,0.029931117,-0.18590127,0.052651618,-0.062285263,0.17943683,0.1575254,-0.11047877,0.22230434,0.09786011,-0.08973447,0.29449004,0.17991856,-0.012618152,-0.0841317,-0.16186197,-0.022839198,-0.11614743,0.04248273,0.009778108,0.27332875,0.06206689,-0.050904155,-0.3416813,0.027542775,0.03127192,0.14391123,-0.12688088,-0.16602853,-0.15130234,-0.0187075,0.05663404,-0.10428517,-0.22814274,-0.28276083,-0.012976109,-0.20986915,-0.106995754,0.046040375,-0.05101627,-0.37729204,0.05819216,0.10001342,0.19638453,-0.11247371,0.13070917,-0.24039705,-0.1035054,-0.0025002272,0.08268084,0.16488004,-0.04384016,0.0648851,-0.07549078,-0.39128706,-0.05034844,-0.023962308,0.07464803,-0.12391721,0.35587162,-0.23152289,-0.018600455,-0.23023005,0.15158804,-0.027271898,-0.17181875,0.33569136,0.06191161,0.047815803,0.14310049,0.21284753,0.15937531,0.096940964,0.08056729,0.055040304,0.21498826,-0.2803557,0.19961783,0.04122814,0.042848773,-0.13901466,-0.07361679,0.14537232,0.10439281,-0.17998229,-0.2640393,-0.06972641,-0.07439584,-0.00056865666,-0.06048489,0.02186659,-0.13083096,0.051077016,-0.44424686,-0.08277951,-0.15804385,-0.09083613,0.31425032,0.07844547,-0.078491345,-0.0077883974,0.053536687,-0.13851176,0.028371416,0.044776008,-0.08999391,-0.109174155,0.056180142,0.022579528,0.08444613,0.030948682,0.24427004,0.083539374,-0.11697859,-0.090990156,-0.12148132,0.037971362,-0.32415143,-0.15425599,0.046743214,-0.06785005,-0.14880678,0.04240606,0.053968843,0.08940216,0.1014543,0.006578695,-0.18785062,-0.00984246,-0.03706939,-0.10936394,0.07898488,0.3262254,-0.02985852,0.18686657,0.110643655,0.09815799,0.009352697,0.13444369,-0.039527383,-0.09059327,-0.09908953,-0.05996008,0.03388719,-0.20302661,0.09480308,0.02056623,0.022471635,0.011517184,-0.13023621,0.09548477,-0.08354783,0.0075072153,-0.042356174,-0.013553631,0.16862385,-0.094102785,0.006203038,-0.023670938,-0.017440794,0.07578976,0.02423192,-0.037769172,0.058836576,0.044693176,-0.029229617,-0.012658185,-0.017955039,0.016710179,0.024262266,-0.022641798,0.007099225,0.047699682,-0.10957117,0.101542,0.06667782
old,-0.03510898,0.011679929,-0.045073804,0.10711146,0.12368698,-0.04622043,0.098124616,0.21582964,-0.0526169,0.12478132,-0.10380061,-0.024652958,0.024652638,0.017668944,-0.05031974,-0.118686356,0.015752338,0.11487699,-0.02702994,-0.23292965,0.10975295,-0.17806728,0.08768122,-0.088465765,-0.09931705,-0.0719826,-0.057849467,-0.104711026,-0.20478328,0.047680266,0.056261946,-0.013307399,-0.0024542906,-0.026203992,-0.03861863,0.093193285,0.0011835237,-0.11139264,-0.01719367,-0.059087083,-0.119837545,-0.009617436,-0.12869076,0.042013593,0.15777844,-0.05756463,-0.08045098,-0.10133634,0.16550197,0.10365206,0.036855076,-0.01203745,-0.021414392,-0.084400766,0.05225785,0.016940476,-0.07464391,-0.17470795,-0.1695191,-0.045465887,-0.070830554,-0.09686458,0.009626491,-0.11301385,-0.24522254,-0.019783068,0.088007174,0.18968631,-0.24843815,0.1398965,-0.021163302,0.10294732,0.10767555,-0.0014616427,0.02235057,0.0030413955,0.15332474,-0.10916089,-0.17115171,0.017701695,-0.09750017,-0.029333934,-0.10962918,0.27104816,-0.17385155,-0.005118223,-0.05349255,0.07703258,0.11295296,-0.020655138,0.10858546,0.14700818,0.13572288,0.11397932,0.22103924,0.11660104,-0.0098054595,-0.018617813,0.09871142,0.017109813,-0.08222919,0.17957228,0.09149201,-0.10556109,0.012938426,-0.21151291,0.07064044,0.1976485,-0.122130565,-0.17614937,0.028967533,-0.244243,-0.057912417,-0.06489021,0.14485723,-0.082229905,0.14419743,-0.21423121,-0.056966502,-0.05770913,-0.027702695,0.105242796,0.084924705,-0.05268044,-0.08198162,-0.030023964,-0.114529505,-0.09769283,-0.071766295,-0.06780583,0.14157057,0.024385404,-0.04165865,-0.19439058,-0.057186138,0.1265328,-0.03590337,-0.032063264,-0.039404824,-0.25634366,0.21640652,-0.22419563,-0.03031697,-0.05592597,0.031373657,0.08811397,-0.0321848,0.050209705,0.00033493643,0.08705392,0.11967066,-0.13597277,-0.014867047,0.028559897,-0.19893129,0.18236336,0.1274522,0.071949586,-0.11676658,0.111305706,0.08759214,0.08963718,-0.06364638,-0.06060583,-0.037006143,0.1285903,0.22844549,-0.07865872,-0.020035792,0.00562202,-0.15630713,0.024558742,0.07550156,0.009136642,0.18368205,0.07522448,-0.1480772,0.0667489,0.03724289,0.105530605,0.008454377,0.070976846,0.034626946,0.026390487,0.123062074,0.09681052,0.015290747,0.09398097,0.19745643,-0.058506604,0.10779649,0.026586918,-0.08617026,-0.17267348,0.1700702,0.017101033,0.1426394,-0.28949162,-0.029328767,-0.11459159
we,0.170333,-0.17039426,-0.14084718,0.35023674,0.32553557,-0.2658197,0.14123255,0.36796457,-0.14303191,0.09732749,-0.171077,-0.21627022,0.051805783,0.18461038,-0.2008609,0.03963806,0.016987188,-0.030434342,0.07265256,-0.15587334,-0.018289799,0.03483859,0.028581744,-0.029121485,0.119755924,0.013123014,-0.17939137,0.034126632,-0.085000865,0.15529095,0.19269218,-0.080205254,0.18271634,0.0770602,-0.088254936,0.2854473,0.19132476,-0.014781312,-0.07307419,-0.16182591,-0.0279629,-0.087718315,0.064498834,-0.0017886951,0.28729454,0.039683964,-0.04970211,-0.31157726,0.097005695,0.07077582,0.0850827,-0.13879839,-0.13832445,-0.15410106,-0.030083245,0.07373474,-0.117665134,-0.22657862,-0.259921,-0.017909093,-0.15362027,-0.07249939,0.0379118,-0.03549503,-0.34800708,0.0633152,0.0736159,0.19432908,-0.117957026,0.14804737,-0.23364948,-0.09780111,0.07038645,0.08733665,0.15847388,-0.04056985,0.09567836,-0.08372221,-0.38978657,-0.03175242,-0.08593047,0.021210155,-0.16875982,0.40932456,-0.24149098,-0.036134332,-0.19862778,0.13130644,-0.013352619,-0.17644697,0.29223102,0.105890244,0.07843209,0.15832762,0.2354272,0.1475634,0.06751056,0.053795535,0.05675063,0.1924966,-0.24834158,0.22840476,0.03155305,0.034217324,-0.11348134,-0.0794926,0.13868415,0.14053738,-0.1641828,-0.26871014,-0.04837938,-0.10235572,0.021379475,-0.054253306,0.0129514,-0.123374455,0.088099,-0.46453562,-0.08985341,-0.16792269,-0.1210062,0.29921103,0.07646185,-0.10719494,-0.018510567,0.0528223,-0.15578374,0.013492016,0.018071236,-0.07297904,-0.091656536,0.04849086,0.0051934784,0.018675743,-0.015490922,0.21315062,0.00092862593,-0.16018425,-0.07504016,-0.13686246,0.08293677,-0.30138236,-0.11498933,0.023780378,-0.06699133,-0.09808524,-0.010289783,0.0048960918,0.06821423,0.10659048,0.024609879,-0.17744899,-0.021615874,-0.04709768,-0.086530335,0.10833912,0.28598702,0.00312711,0.1491654,0.12691647,0.119292155,0.013009409,0.099840395,-0.0122162,-0.121624306,-0.061290745,-0.03586463,0.0051783775,-0.18355124,0.072316796,-0.031848367,0.033952422,0.060234234,-0.09353912,0.10535457,-0.05396524,-0.00065053196,-0.025126537,0.005787786,0.1719711,-0.11330954,-0.007880645,-0.00463394,0.020659596,0.07981243,0.087581865,-0.033174008,0.06947573,0.07746356,-0.046427883,0.012736179,-0.0016637056,-0.028421601,0.027145406,0.001886138,-0.0032118266,0.05202708,-0.14602722,0.03355803,0.021581749
time,-0.03798258,0.011196253,-0.059949335,0.12188323,0.10443415,-0.045104016,0.11618215,0.21856987,-0.06678044,0.1191475,-0.10726049,-0.031071473,0.016490692,0.024457902,-0.038540248,-0.087135114,-0.0038609542,0.10136887,-0.023225836,-0.19446757,0.07643663,-0.13245352,0.05935631,-0.11733384,-0.058579545,-0.027570607,-0.081998385,-0.11400352,-0.17489477,0.05592647,0.06922622,0.00036780228,-0.0110740485,-0.0016080302,-0.053551625,0.11575346,0.011999787,-0.0791903,-0.020138528,-0.067279,-0.09583894,-0.019539377,-0.084738076,0.018612059,0.1507794,-0.07176334,-0.058004778,-0.11939119,0.12020376,0.08618036,0.06549099,-0.029846245,-0.03237909,-0.077850185,0.013669802,-0.001485152,-0.052220147,-0.14468332,-0.16587743,-0.06591067,-0.077052854,-0.10169115,0.021045273,-0.11082057,-0.21910346,-0.005015601,0.061554343,0.16589405,-0.24921456,0.134021,-0.029219653,0.08721341,0.08695089,0.02062523,0.043767095,0.0059720776,0.13661431,-0.114376396,-0.16150345,0.018452572,-0.10720258,-0.038025882,-0.119987495,0.29574558,-0.16986044,-0.007771403,-0.06095144,0.07970759,0.101867996,-0.014809702,0.13663997,0.15503648,0.12316743,0.12664811,0.21545136,0.11993106,0.011841773,-0.022428317,0.10260095,0.000726952,-0.10506542,0.18899767,0.071642786,-0.079959296,0.020349393,-0.19738807,0.062300153,0.1799532,-0.115770586,-0.16912611,0.030433124,-0.19986261,-0.055690676,-0.058123678,0.124495335,-0.077145696,0.12477196,-0.2195123,-0.07018435,-0.05251841,-0.052334473,0.11457729,0.07464096,-0.050323557,-0.09828474,-0.00561767,-0.11488149,-0.091397606,-0.092043385,-0.06765441,0.13117309,0.018155256,-0.033887945,-0.15671942,-0.060071856,0.110888414,-0.030821342,-0.0105103385,-0.074385755,-0.22148529,0.1915402,-0.1932587,-0.043268174,-0.038188793,0.0065937224,0.08514058,-0.023876356,0.03936742,0.006227602,0.0699551,0.109911956,-0.1463771,0.0013115476,0.006642458,-0.17892022,0.15083389,0.10005827,0.060538575,-0.106476285,0.12020599,0.08840406,0.047272608,-0.07038184,-0.076793835,-0.024903368,0.12129121,0.19934984,-0.066840805,-0.024581868,0.0122176,-0.1303452,0.02825204,0.061738487,0.014337567,0.18586256,0.099027894,-0.14748456,0.05564088,0.02764703,0.09497834,0.0051116967,0.0439702,0.041423626,0.021114673,0.12606212,0.11039144,0.030946469,0.09007741,0.17094582,-0.077894054,0.09320019,0.021269556,-0.09158612,-0.16141433,0.1468283,0.012877687,0.11229352,-0.24962966,-0.027649589,-0.11442093
upon,-0.060369257,0.050865605,-0.059739605,0.09126212,0.07001837,-0.027688678,0.11254686,0.19893214,-0.059127875,0.10957368,-0.13327616,-0.0072109783,0.028485049,0.025810223,-0.011023861,-0.12806226,0.012683323,0.13517867,-0.05376297,-0.21635057,0.11182406,-0.17059548,0.05855266,-0.10943441,-0.10684293,-0.03289647,-0.057025276,-0.14203255,-0.17946468,0.046027247,0.056213293,-0.001565066,-0.029842978,-0.01764022,-0.0331453,0.098347664,-0.007350088,-0.08212435,-0.01677888,-0.037916865,-0.09001376,0.009288325,-0.11601995,0.014084893,0.13593934,-0.06743924,-0.03377283,-0.089012325,0.13669851,0.09144651,0.065475605,-0.03178657,-0.018273795,-0.06596723,0.013271067,0.002078182,-0.06123761,-0.12900299,-0.17036654,-0.050371956,-0.035709187,-0.0894701,0.020958908,-0.10601489,-0.19812183,-0.0032158997,0.078412965,0.16085224,-0.25701493,0.15775038,0.0038528242,0.11487803,0.12019718,0.0027089152,0.037181776,0.00043742452,0.15518682,-0.12615995,-0.12132464,0.0137976445,-0.10114443,-0.058481082,-0.13059112,0.27416366,-0.15308493,-0.02957931,-0.04806972,0.057651162,0.13463278,0.0070219412,0.11527449,0.15504247,0.15158597,0.10806643,0.22428297,0.10330606,-0.0068577607,-0.01606345,0.09424473,0.005097616,-0.0823003,0.1921979,0.11040644,-0.10011961,0.025683086,-0.23068805,0.08759629,0.17428154,-0.123609684,-0.16174637,0.039915066,-0.23075095,-0.06363784,-0.067359865,0.1342116,-0.06923896,0.13489765,-0.19840708,-0.081118144,-0.023217829,-0.036161173,0.088424265,0.052995276,-0.039519943,-0.11884059,-0.01678807,-0.09126279,-0.11104838,-0.10870247,-0.07335792,0.16049592,0.007992702,-0.04533567,-0.18883178,-0.0629863,0.09467906,-0.028229918,0.0058460436,-0.05548616,-0.24522859,0.21999119,-0.17274207,-0.015776763,-0.056801207,0.019372772,0.10136777,-0.03601048,0.043834914,-0.006264013,0.05090436,0.12150703,-0.13409208,0.005096053,0.0065333634,-0.18584779,0.15463223,0.0649797,0.06082543,-0.15671682,0.115354665,0.070090644,0.060069136,-0.078688644,-0.08189284,-0.014758258,0.14354818,0.21201383,-0.08260653,0.0026424632,0.006442621,-0.16321625,0.03690781,0.06965226,0.0044973087,0.19762607,0.12903956,-0.1703165,0.08204174,0.05250659,0.08071729,0.021503337,0.061186258,0.027743954,0.03366986,0.11430738,0.112348035,0.051801197,0.12211378,0.1855778,-0.062685,0.092420176,0.038607214,-0.13166726,-0.1904412,0.16307878,0.0053248126,0.12159786,-0.2519318,-0.038069617,-0.13473836
from,-0.040272538,0.034694355,-0.05736595,0.112725936,0.09562314,-0.036508594,0.11187703,0.21353745,-0.07070763,0.110135436,-0.12451022,-0.02474718,0.021147586,0.038617756,-0.027213676,-0.102265045,0.015063466,0.123712726,-0.037137162,-0.20350885,0.099056415,-0.16006675,0.044905208,-0.10459569,-0.09040888,-0.04243094,-0.06829728,-0.121006444,-0.17398615,0.062572554,0.06973505,-0.014911024,-0.012111679,-0.004065162,-0.039984,0.11228934,0.0067802765,-0.08169171,-0.019255055,-0.0474675,-0.09195137,-0.0007592461,-0.104217984,0.016520726,0.14613602,-0.05889634,-0.04198468,-0.10662071,0.120309785,0.085098505,0.06395928,-0.04279049,-0.02100979,-0.07496061,0.015521472,0.0110090375,-0.06960599,-0.14462604,-0.16812839,-0.05209932,-0.056504954,-0.09278596,0.0229908,-0.10882627,-0.21673188,-0.014775917,0.08357824,0.17383558,-0.24161611,0.15389352,-0.023929063,0.08735334,0.10250231,0.002742176,0.044376504,0.00073860266,0.15175627,-0.12884949,-0.14568433,0.025962327,-0.0954266,-0.049117804,-0.13440654,0.2779649,-0.15207863,-0.038007308,-0.060088284,0.07369905,0.12959692,-0.008591183,0.13196227,0.14522354,0.14205979,0.11116073,0.22293746,0.11215306,0.003488719,-0.018023938,0.09850023,0.017141748,-0.095183596,0.19975433,0.10624143,-0.08460741,0.012074705,-0.21220542,0.086096354,0.17790474,-0.123651244,-0.17109719,0.02646428,-0.2108157,-0.056834392,-0.062351625,0.12383443,-0.07181186,0.1359838,-0.21738774,-0.080816105,-0.037011255,-0.03739065,0.10682539,0.061876874,-0.03332203,-0.1028233,-0.006078054,-0.09739268,-0.09570667,-0.090399094,-0.07344789,0.14864656,0.005667852,-0.036384065,-0.16460891,-0.057826698,0.11012774,-0.01745202,-0.009415523,-0.05005492,-0.23516819,0.1947664,-0.19096166,-0.029180516,-0.05301523,0.014337715,0.07545403,-0.03034505,0.040733557,0.0027431238,0.06642842,0.102739625,-0.13838167,-0.004293598,0.0007955923,-0.17989373,0.14931738,0.09287388,0.0468799,-0.1303281,0.12433807,0.06523789,0.06327117,-0.0623501,-0.08254695,-0.014706933,0.12412147,0.19316326,-0.06977361,-0.017281499,0.004291369,-0.14816229,0.03731494,0.06806533,0.011225577,0.17782572,0.101080514,-0.16501811,0.075885914,0.047147166,0.09120067,0.009394763,0.065857455,0.028897017,0.03227343,0.10913236,0.10977409,0.03331711,0.11436695,0.17458604,-0.058588114,0.07964855,0.031697303,-0.106643215,-0.17086546,0.1492145,0.004174426,0.117404304,-0.24335206,-0.028253142,-0.1133824
off,-0.05677189,0.031029366,-0.061525755,0.1132407,0.08085973,-0.04702695,0.11726666,0.20760512,-0.06793419,0.10436281,-0.13750726,-0.020251881,0.026123315,0.03626727,-0.024412157,-0.12588109,0.014081154,0.1328903,-0.049192112,-0.21169214,0.12070766,-0.1595402,0.05269425,-0.11300196,-0.106865846,-0.04339026,-0.07062569,-0.1321649,-0.17782637,0.05785016,0.081025094,-0.01352881,-0.023011481,-0.0138396565,-0.046923947,0.11116491,-0.008017068,-0.08047799,-0.00740002,-0.033859868,-0.093820415,0.00801914,-0.10682795,0.024841389,0.1302246,-0.06996423,-0.028822763,-0.0921233,0.13233893,0.07895498,0.063289955,-0.048787225,-0.013941056,-0.074876614,0.0035494762,0.013299158,-0.062170595,-0.13542978,-0.18127806,-0.062203918,-0.051190384,-0.07877054,0.016930906,-0.10008219,-0.1942165,0.0005444646,0.0935775,0.18186298,-0.2376093,0.14837752,-0.013070173,0.09288168,0.1147939,-0.0060030315,0.049829274,0.011413685,0.15661815,-0.12219359,-0.14254281,0.009704909,-0.0976678,-0.066508,-0.1448083,0.28529143,-0.14651154,-0.044843778,-0.06345485,0.06289022,0.12516278,0.015228186,0.14288051,0.15558463,0.14088595,0.10561617,0.2223221,0.11417153,-0.009460808,-0.015332893,0.10752607,0.0076678824,-0.08091004,0.20310621,0.12415512,-0.0933458,0.015503154,-0.21940587,0.102470025,0.169301,-0.12014698,-0.16634306,0.036594294,-0.2276465,-0.059797373,-0.065721996,0.12720947,-0.062681906,0.12751892,-0.21632823,-0.06692245,-0.043324962,-0.03728236,0.1120065,0.0659815,-0.042744577,-0.10962866,-0.011446924,-0.0937367,-0.102180965,-0.099847846,-0.06424146,0.15826365,-0.0007799724,-0.04549857,-0.16815828,-0.062156655,0.09087267,-0.023118913,-0.008277944,-0.049770508,-0.23941477,0.20126246,-0.1884433,-0.018014567,-0.051563796,0.022763675,0.096649505,-0.025486523,0.022555072,0.0024315906,0.061086323,0.11201687,-0.12805857,0.0022163354,0.0008383149,-0.18012704,0.14697015,0.080077395,0.04679993,-0.14447635,0.11146748,0.05541148,0.06431181,-0.062786125,-0.09834918,-0.001888128,0.1162997,0.19132313,-0.08050191,-0.013321513,0.017367432,-0.14768344,0.030554123,0.070066266,0.011390768,0.16867821,0.11283112,-0.1740029,0.07348252,0.05088595,0.07982412,0.0057807676,0.06820888,0.030310517,0.024831273,0.10651678,0.09169557,0.045897275,0.12939782,0.18564199,-0.05482525,0.07735036,0.03300282,-0.12094101,-0.18414968,0.1406266,-0.008471314,0.11781766,-0.22900276,-0.047726613,-0.12635018
which,-0.042325836,0.044573363,-0.059684575,0.102921836,0.08360244,-0.03535117,0.12533355,0.2111288,-0.0686441,0.10341442,-0.1262347,-0.023620665,0.030887092,0.020639895,-0.027581787,-0.111154646,0.01720285,0.13013257,-0.04601632,-0.20602873,0.109985374,-0.15930772,0.056508683,-0.12041116,-0.08769239,-0.038336832,-0.056808297,-0.124676086,-0.17848097,0.048620533,0.066416614,-0.009962777,-0.018273134,-0.0002315669,-0.042907584,0.10303741,0.014716903,-0.090901084,-0.010914927,-0.04655477,-0.105764955,-0.0029056545,-0.10395494,0.012519079,0.13284804,-0.07928629,-0.044185214,-0.09386292,0.12525426,0.082967795,0.06522604,-0.052351672,-0.012563897,-0.06367037,0.024418375,0.023392845,-0.0661636,-0.12937923,-0.164476,-0.05810702,-0.04633787,-0.09170203,0.028743464,-0.09744168,-0.19279434,-0.0045425897,0.06995859,0.16700123,-0.24885325,0.14906672,-0.005776643,0.08685772,0.10719138,0.0071665626,0.02226897,0.008278528,0.14345917,-0.111304834,-0.13528939,0.022458225,-0.099858835,-0.04829296,-0.14044788,0.28456414,-0.15157536,-0.02050618,-0.037876066,0.06224996,0.12979662,-0.0025641697,0.11565979,0.14413907,0.13950627,0.103790164,0.21389633,0.10896908,0.0050665373,-0.023143075,0.10329535,-0.012355267,-0.09330845,0.17858602,0.10135614,-0.08172409,0.023461089,-0.20338348,0.08856217,0.16484123,-0.09730428,-0.15457541,0.037864424,-0.21852475,-0.06260062,-0.054235276,0.11697883,-0.062683895,0.13008836,-0.18925302,-0.076341294,-0.03377713,-0.04196314,0.092859805,0.057276886,-0.045293655,-0.10034565,-0.0038187993,-0.094196066,-0.08303204,-0.09671635,-0.06746948,0.16198279,0.0162438,-0.040505562,-0.16555707,-0.066213325,0.09465822,-0.027005509,-0.0038619838,-0.06270477,-0.20761499,0.20496388,-0.17681955,-0.031632792,-0.0624699,0.009605881,0.09991453,-0.027362678,0.033417948,-0.0017872732,0.064923,0.11758583,-0.14047234,0.0034132565,0.007960236,-0.1862854,0.14787516,0.07348894,0.062046185,-0.13453263,0.12519723,0.07489127,0.051078014,-0.066411406,-0.08117914,-0.018782604,0.12351583,0.20420018,-0.08617926,-0.0050426535,-0.005416163,-0.14678949,0.03826564,0.07078985,0.009937309,0.1845128,0.108522035,-0.16443111,0.06610797,0.043421958,0.07212346,0.007238656,0.059335742,0.045695458,0.036475513,0.11577501,0.11345678,0.048098646,0.09600287,0.18090016,-0.070223525,0.09054746,0.03813999,-0.09353607,-0.17000797,0.13534345,-0.0038058432,0.11106866,-0.22508392,-0.041337933,-0.11588789
come,0.06110651,-0.08007381,-0.10433939,0.23369998,0.21593067,-0.17658497,0.11823229,0.29754862,-0.09610104,0.09848841,-0.14953938,-0.12166102,0.036885303,0.10696538,-0.11605563,-0.025810087,0.008222156,0.03384679,0.021600844,-0.16577984,0.03044907,-0.05970791,0.04338261,-0.06974888,0.020560397,-0.011925456,-0.12548776,-0.045319937,-0.13151485,0.11023694,0.1322039,-0.05920905,0.09982505,0.026468653,-0.07378186,0.21253169,0.09394217,-0.04990893,-0.06043735,-0.1142568,-0.054909762,-0.04971274,-0.021712445,0.016594755,0.22057807,-0.00027141912,-0.044294335,-0.22288425,0.0974055,0.06452976,0.08699228,-0.080860205,-0.06647423,-0.10245587,-0.013165912,0.053497184,-0.08971487,-0.19399011,-0.22748975,-0.04241597,-0.10523758,-0.07368216,0.024871292,-0.060232714,-0.27010408,0.030935623,0.08145587,0.15985884,-0.16724984,0.12728785,-0.13340887,-0.012558028,0.074893706,0.04163682,0.10179325,-0.01080806,0.10749613,-0.09779547,-0.2624529,0.005690707,-0.079642914,0.0047958763,-0.13593236,0.33063594,-0.19443062,-0.04218713,-0.1505846,0.1087762,0.041908793,-0.09488338,0.23043126,0.113420896,0.10751874,0.12583256,0.22198366,0.13697419,0.03626977,0.020756334,0.075720474,0.113120385,-0.16856387,0.20514797,0.07399715,-0.028475372,-0.05967193,-0.1505093,0.124034286,0.14164421,-0.13813734,-0.21651219,0.0042008744,-0.14785452,-0.013803476,-0.063899785,0.064303406,-0.11087387,0.091458745,-0.33126563,-0.07579837,-0.09556392,-0.06485353,0.18823767,0.07848706,-0.047916304,-0.051020637,0.014549764,-0.103084974,-0.030397499,-0.022172103,-0.07299396,0.019915601,0.030864771,-0.021175854,-0.04376983,-0.020741528,0.15824738,0.0011041677,-0.085100554,-0.07335639,-0.17456535,0.1188613,-0.24563408,-0.0886766,-0.014311316,-0.038727418,-0.017768702,-0.0033527524,0.01693183,0.045997005,0.08302095,0.06515829,-0.15716952,-0.0108311605,-0.032358892,-0.12369141,0.11795524,0.185571,0.013701688,0.002342618,0.11661252,0.078879826,0.032335043,0.01169274,-0.053131536,-0.069652595,0.020455755,0.074782655,-0.024509285,-0.10158787,0.056510285,-0.071189955,0.028389715,0.04436632,-0.050889023,0.124462165,0.014585178,-0.08760529,0.009210407,0.011627959,0.13026187,-0.067959346,0.021416847,-0.002056401,0.010388387,0.083296336,0.08165102,-0.009670342,0.09747381,0.1297445,-0.040701285,0.029777696,0.023038035,-0.056903895,-0.07132106,0.061511695,-0.0051787733,0.08208115,-0.17991693,0.009209988,-0.047384202
day,-0.05509655,0.02356075,-0.06416818,0.090552896,0.08851623,-0.009981042,0.09564166,0.20523931,-0.034213495,0.11765118,-0.11409811,-0.011500364,0.020626131,0.0020478254,-0.012197758,-0.11330194,0.0153558245,0.11172427,-0.03395215,-0.20443793,0.088499494,-0.16370544,0.05061641,-0.12165753,-0.09081567,-0.048805743,-0.058680978,-0.11598625,-0.18050447,0.042236507,0.06410868,0.011662016,-0.024755185,0.0069877543,-0.054955974,0.104699224,-0.0056749475,-0.086421564,-0.004731097,-0.039238587,-0.114030495,0.0008962105,-0.09701348,0.012337187,0.14024903,-0.067810215,-0.06337439,-0.10337769,0.110090196,0.079162635,0.050798293,-0.01667525,-0.022226695,-0.064193994,0.041787036,0.001977209,-0.050664432,-0.14829005,-0.1415359,-0.07209653,-0.05665651,-0.084057696,0.032364074,-0.120836034,-0.20735775,-0.027516376,0.055851765,0.15604186,-0.2633236,0.12819937,-0.011739032,0.11349439,0.095717415,0.0057957643,0.027582323,-0.0029006598,0.14733273,-0.12878732,-0.14418408,0.0121234255,-0.085439965,-0.035855487,-0.12858409,0.2732988,-0.15594074,0.0039894353,-0.049270924,0.07896052,0.13595453,-0.004666498,0.10656742,0.1619596,0.13302195,0.11647324,0.20633991,0.12078638,0.004168422,-0.03995922,0.11662551,0.0026820635,-0.085327156,0.17508642,0.073984966,-0.10079065,0.02972457,-0.2163039,0.05177817,0.1918385,-0.09618622,-0.16527791,0.038037032,-0.21726397,-0.061644603,-0.057722315,0.1357048,-0.07590053,0.121103115,-0.2067493,-0.06932743,-0.047321666,-0.027325068,0.10633376,0.07206441,-0.024478335,-0.10643549,-0.022573946,-0.108403556,-0.11397318,-0.09109442,-0.069043055,0.16361374,0.019413993,-0.035744395,-0.16757642,-0.06501853,0.10930832,-0.02452939,-9.496004e-05,-0.056736723,-0.24847606,0.21151021,-0.18683043,-0.040164404,-0.06080503,0.008410172,0.1030667,-0.016829103,0.04464215,0.0066735237,0.067571506,0.13201188,-0.14191598,-0.003592123,-0.0018950993,-0.1754823,0.14908843,0.09608569,0.063330635,-0.13273177,0.13285561,0.0695265,0.06133124,-0.0820785,-0.09253525,-0.030555231,0.14024378,0.21659535,-0.07809603,0.0031324967,-0.0064271763,-0.16130604,0.034709893,0.071975306,0.022867946,0.20427287,0.1104443,-0.16875578,0.087051414,0.029543778,0.08519538,0.025143292,0.06433995,0.058555145,0.037583444,0.1141819,0.11807502,0.018626956,0.085228965,0.18878515,-0.0711475,0.08083613,0.031921797,-0.079639256,-0.17397636,0.14862642,0.005820039,0.105925776,-0.26380828,-0.036874186,-0.11777059
saw,-0.07534187,0.06478998,-0.049099606,0.056625858,0.057293948,0.009965922,0.1028879,0.17184386,-0.03070195,0.112549596,-0.09477253,0.004323752,0.023261363,0.005236962,-0.0033260458,-0.12188323,-0.0003242996,0.13053034,-0.05069683,-0.20436473,0.1003919,-0.1750931,0.057674777,-0.11151763,-0.09610133,-0.05613001,-0.036311448,-0.14127249,-0.18641548,0.047537565,0.03975398,0.0141827725,-0.033189207,-0.022884488,-0.046069287,0.06729904,-0.016827531,-0.09278402,-0.00010825583,-0.036928337,-0.10865524,0.005441844,-0.111079656,0.0047257757,0.12607104,-0.08106719,-0.04186766,-0.06268064,0.11573118,0.09001317,0.044480123,0.0026289239,-0.022327155,-0.06278649,0.050994255,-0.008280606,-0.037212417,-0.11127299,-0.13427582,-0.058355205,-0.060415532,-0.08865299,0.023119334,-0.11935967,-0.19698772,-0.020526376,0.048957344,0.14548336,-0.2526079,0.14099143,0.027310103,0.11399936,0.07934756,0.00067769305,0.020633021,-0.0059153624,0.16698952,-0.12412569,-0.09705978,0.024854781,-0.093718044,-0.054976355,-0.112650394,0.21756104,-0.13741799,-0.016568445,-0.026310846,0.061434828,0.13539706,0.011119482,0.08910056,0.14773984,0.114770375,0.10077001,0.1942685,0.10249245,0.016791597,-0.032029584,0.10008136,-0.030195553,-0.064093,0.17482197,0.090662934,-0.119936675,0.036930524,-0.20205964,0.058434214,0.1726754,-0.09068133,-0.13656342,0.04046344,-0.2104769,-0.06641656,-0.064868785,0.14011358,-0.06478246,0.123203725,-0.16487911,-0.07158013,-0.0047963522,-0.02446043,0.09033641,0.07593702,-0.016376182,-0.12411693,-0.02189287,-0.09012566,-0.12223506,-0.09355281,-0.068912014,0.17989074,0.008376623,-0.047547814,-0.19370902,-0.079036735,0.087530605,-0.03651662,0.008659388,-0.043233357,-0.2547203,0.2129558,-0.16943157,-0.028577821,-0.06660018,0.016779935,0.100400254,-0.017101284,0.04825124,-0.01681242,0.038492233,0.11237239,-0.12083543,0.0023351044,0.01597834,-0.2013593,0.13184114,0.057120133,0.056392025,-0.16070928,0.12674546,0.06858551,0.06891675,-0.10042483,-0.08840948,-0.006778066,0.14268559,0.22385994,-0.082573555,0.013134547,0.014769068,-0.15467931,0.038184024,0.055769794,0.025065955,0.20453624,0.113839895,-0.1734481,0.10199405,0.050148707,0.05987173,0.02610996,0.06385234,0.04889597,0.020171735,0.103571035,0.11165732,0.03506098,0.11051449,0.19081418,-0.06813456,0.10667419,0.019621855,-0.10292567,-0.20738398,0.17731181,0.025969416,0.10819552,-0.26106018,-0.04245226,-0.13430442
father,0.0022357295,-0.010240631,-0.057742123,0.15552793,0.14289193,-0.09509187,0.10257426,0.24171638,-0.08224747,0.11047313,-0.1287452,-0.07472209,0.019488351,0.072106875,-0.06341183,-0.0778692,0.0012546015,0.0831393,-0.024898116,-0.1853255,0.06935014,-0.11640718,0.062025946,-0.06055778,-0.04113746,-0.03990638,-0.0970936,-0.082554534,-0.14607488,0.07517699,0.095785566,-0.018160824,0.030784653,0.005940658,-0.04972224,0.13559218,0.03342963,-0.07819223,-0.026437841,-0.061181553,-0.06520425,-0.025343759,-0.059842724,0.024133598,0.16285434,-0.035715643,-0.033091623,-0.15637985,0.11287141,0.07471772,0.063742496,-0.070408955,-0.0443721,-0.09741114,0.0017163074,0.02135654,-0.07090709,-0.17084351,-0.18881094,-0.058513265,-0.07468475,-0.081240915,0.023775345,-0.07860782,-0.23425244,0.009255572,0.09989141,0.17647587,-0.19651946,0.13222353,-0.060794093,0.03918109,0.09693553,0.023827057,0.062084056,0.0056101745,0.14600945,-0.10975012,-0.18286635,0.007962951,-0.06302025,-0.039733622,-0.1260731,0.28500572,-0.15971152,-0.027437365,-0.09986256,0.07418396,0.0988681,-0.02702228,0.1734681,0.13823895,0.11808894,0.105865985,0.20066062,0.11757154,0.0045588184,0.009823376,0.07910992,0.048399,-0.12473601,0.1850675,0.09551189,-0.0746406,-0.024600338,-0.16368528,0.09792079,0.14994638,-0.11683122,-0.17797026,0.018869849,-0.1731922,-0.030775616,-0.066710465,0.112503454,-0.07957708,0.11921325,-0.2549215,-0.059014123,-0.076331176,-0.058688696,0.13837445,0.06773412,-0.058839902,-0.07102675,0.012394419,-0.11053308,-0.07822192,-0.05621051,-0.054462787,0.078257166,0.022893364,-0.021670837,-0.116505906,-0.049859792,0.118272915,-0.005032812,-0.043535225,-0.06152793,-0.20140165,0.1812789,-0.22318913,-0.054546602,-0.02734471,0.009343151,0.03601335,-0.018732531,0.027733704,0.035725966,0.076099195,0.091406144,-0.13037725,-0.018173194,-0.0027189513,-0.14024083,0.14238629,0.14317721,0.025747478,-0.07638905,0.113521375,0.07553791,0.05392885,-0.031987775,-0.06400397,-0.03243918,0.068224356,0.14053501,-0.056219675,-0.051523056,0.027901975,-0.10103901,0.0468446,0.04865648,-0.022628747,0.1406845,0.060157806,-0.1307531,0.040732253,0.042183932,0.101462014,-0.02331863,0.036657568,0.0137553075,0.020613555,0.08280892,0.07266333,0.023818191,0.11287448,0.15211596,-0.047038853,0.06089948,0.01329896,-0.072166845,-0.119628064,0.10555677,0.009882438,0.095663674,-0.19465694,-0.022881055,-0.089189716
how,0.05910585,-0.06700147,-0.09690226,0.23671813,0.21622774,-0.16961111,0.11157963,0.28808925,-0.10171938,0.100351535,-0.13610569,-0.11480872,0.034386616,0.107353345,-0.11550241,-0.02183891,-0.010902303,0.034343366,0.013527603,-0.17271976,0.023252271,-0.058170877,0.03975894,-0.07411967,0.028993385,-0.0029111805,-0.119359635,-0.038288716,-0.13069452,0.11241063,0.11822468,-0.04959519,0.08434911,0.03359354,-0.05908123,0.19769834,0.098017395,-0.04623792,-0.04394301,-0.100869164,-0.06024949,-0.05431754,-0.019678814,-0.003021359,0.20880227,3.7786776e-05,-0.04900958,-0.21419589,0.096994095,0.06588771,0.08379713,-0.0826392,-0.09046475,-0.10728585,0.0033708704,0.050300594,-0.09332161,-0.17795992,-0.22341105,-0.035959646,-0.11873604,-0.08844971,0.031369153,-0.06911975,-0.26529792,0.024122667,0.079693325,0.17908043,-0.17807084,0.13992989,-0.13088912,-0.012637859,0.062981054,0.047575258,0.098655745,-0.027891874,0.10479962,-0.09658213,-0.25638404,-0.0035544208,-0.080750674,-0.004464163,-0.13723473,0.32008326,-0.19735543,-0.034822877,-0.13705863,0.0948414,0.043204207,-0.09034097,0.2140863,0.12593326,0.09020005,0.12780397,0.21068053,0.12127467,0.04671732,0.023455951,0.061066628,0.09990764,-0.16787747,0.18995467,0.06826939,-0.03230776,-0.042844005,-0.1346999,0.11102944,0.14329872,-0.11657174,-0.20744734,-0.003241937,-0.14690837,-0.007819366,-0.060970306,0.0699545,-0.09728665,0.09381218,-0.3194934,-0.07437166,-0.093709216,-0.08193525,0.19873394,0.06992045,-0.072186515,-0.060792737,0.009175553,-0.114335634,-0.030858554,-0.023080379,-0.075393096,0.015505433,0.049422864,-0.015182283,-0.05354533,-0.027100006,0.1623778,-0.008012503,-0.07310265,-0.0699957,-0.1597406,0.1271572,-0.24655883,-0.08391457,-0.016891532,-0.03150406,-0.019463036,-0.004060796,0.026205389,0.03543128,0.08447512,0.06242278,-0.15599534,0.005647569,-0.0127021205,-0.13490722,0.10974586,0.19433227,0.01484889,0.021456307,0.1142992,0.08227363,0.030210659,0.02507474,-0.05314808,-0.06711185,0.01251279,0.07627229,-0.03531811,-0.0943622,0.038123034,-0.06863855,0.02129884,0.04813101,-0.05170721,0.12673527,0.014953144,-0.066649355,0.01057985,0.022334011,0.1213266,-0.062362712,0.018205866,0.01299186,0.0064729,0.0913977,0.08564597,-0.003331791,0.08207579,0.108676314,-0.0439497,0.04626264,-0.0021785325,-0.03801554,-0.05522904,0.06733628,0.016715836,0.06893881,-0.17411202,0.01587074,-0.035711482
home,-0.039428074,0.032188788,-0.07216479,0.109067164,0.0883601,-0.05405873,0.109376125,0.20978168,-0.05349279,0.11294157,-0.1134108,-0.032610677,0.014445656,0.04245128,-0.044655576,-0.09951945,0.0076830643,0.11201022,-0.04569624,-0.20170452,0.1103644,-0.15504988,0.065408945,-0.104134515,-0.105983056,-0.028094362,-0.06262049,-0.11471135,-0.16771792,0.055584993,0.06285564,0.0024603072,-0.019676138,-0.03615511,-0.05004793,0.11092012,-0.0067822775,-0.08069578,-0.021448197,-0.043558754,-0.080932125,-0.01293854,-0.10051357,0.010569478,0.16618736,-0.046290543,-0.03700505,-0.10943663,0.12638173,0.07637827,0.040068775,-0.024518175,-0.024997931,-0.056803886,0.00562239,0.008463171,-0.0733332,-0.15830313,-0.1923556,-0.06267926,-0.054490503,-0.086798795,0.027042383,-0.10255157,-0.1875936,0.0018041349,0.094637096,0.17421176,-0.21657504,0.1486072,-0.0069131576,0.10254753,0.09930989,0.008534635,0.063103005,0.014685987,0.1417402,-0.12006525,-0.13690212,0.004474766,-0.09242417,-0.051750526,-0.13292924,0.26341993,-0.14967212,-0.038953844,-0.05907942,0.0635829,0.118913114,-0.0081960065,0.14603335,0.14350453,0.14322713,0.10554649,0.21778639,0.1167067,-0.00019977329,-0.006835407,0.09545614,0.0134736225,-0.08883595,0.1724006,0.12317445,-0.097614825,0.006753086,-0.20890036,0.10231852,0.14356647,-0.10216233,-0.17826618,0.046978522,-0.20570712,-0.04803656,-0.07773982,0.1243844,-0.080169596,0.11522894,-0.21023983,-0.06597976,-0.028024431,-0.041693937,0.11555735,0.069568716,-0.04073505,-0.114966236,-0.020684592,-0.084983505,-0.0903367,-0.08533204,-0.055327293,0.14363742,0.014732217,-0.04537428,-0.16317226,-0.053889897,0.10810858,-0.019463476,0.0010504446,-0.07138181,-0.2504371,0.19814676,-0.19158673,-0.0340562,-0.054654904,0.027618779,0.07642557,-0.015387388,0.044980146,-0.0033324184,0.05826971,0.12111398,-0.12428014,0.008105772,-0.007962843,-0.18744546,0.14593558,0.09549768,0.03260259,-0.1278488,0.114929795,0.05977112,0.057583466,-0.053874794,-0.09547683,-0.0032056265,0.109393,0.18940367,-0.065493785,-0.025410315,0.026358683,-0.12823881,0.029332982,0.0777279,0.009732605,0.17838345,0.09763159,-0.15370637,0.061550476,0.056073286,0.082590334,-0.010606537,0.053763375,0.037520017,0.002436866,0.09212814,0.08247715,0.03924789,0.12906311,0.18279189,-0.05787362,0.07682299,0.028461844,-0.107845046,-0.18362278,0.14380519,0.008101961,0.117686875,-0.23454905,-0.022846658,-0.11933995
before,-0.027740348,0.0051216553,-0.07057704,0.1366512,0.109804966,-0.06727272,0.105047755,0.21594924,-0.061544746,0.117134295,-0.12676351,-0.041272298,0.017143523,0.043573868,-0.048501585,-0.09736604,-0.0008812805,0.10034666,-0.030421698,-0.1871478,0.076984495,-0.1260387,0.056399982,-0.105203144,-0.056736566,-0.02188627,-0.07187321,-0.10944026,-0.16786803,0.0683538,0.07341272,-0.016204027,0.0068143043,0.001126951,-0.045575246,0.12778072,0.023102105,-0.06735366,-0.015827319,-0.060981236,-0.081215344,-0.017891353,-0.09273691,0.01140657,0.1610457,-0.062395036,-0.05028618,-0.11767686,0.11645655,0.07957473,0.06599692,-0.03807865,-0.034674607,-0.07569082,0.013879527,0.014530827,-0.06694001,-0.14940307,-0.17720242,-0.060090646,-0.08324796,-0.09836351,0.020485155,-0.09203743,-0.22028899,-0.0001753378,0.06342174,0.17264916,-0.2312979,0.14759728,-0.038885314,0.076112054,0.086770475,0.015562491,0.043051954,0.0017006232,0.13320437,-0.10865979,-0.1530995,0.01497053,-0.09664805,-0.040459435,-0.121095985,0.27809557,-0.16922544,-0.034044504,-0.0705428,0.071660645,0.0962463,-0.019713143,0.15107085,0.13928089,0.12175429,0.11431459,0.21508867,0.108038716,0.019392427,-0.00020101457,0.08516088,0.02777355,-0.10914771,0.18749848,0.09274038,-0.08375211,0.014774339,-0.18678686,0.07341919,0.16461085,-0.11199352,-0.18379895,0.028851716,-0.19331408,-0.055178974,-0.06683831,0.11897098,-0.07222432,0.12230764,-0.23175208,-0.083525926,-0.053976,-0.051440198,0.12221626,0.07027844,-0.04818992,-0.10276084,-0.011048043,-0.09438714,-0.089502506,-0.0799279,-0.07627534,0.11159387,0.024931204,-0.042059302,-0.14402881,-0.06406556,0.12214916,-0.019808566,-0.011210801,-0.072551385,-0.21981438,0.19158927,-0.20261256,-0.042205453,-0.046358697,-0.0024733122,0.055630635,-0.013124502,0.036846604,-0.00046699677,0.060658455,0.108593464,-0.14216903,0.002989427,-0.006120753,-0.17849432,0.13512208,0.1079079,0.043893706,-0.09229333,0.11780955,0.065361865,0.043644186,-0.059224557,-0.065904714,-0.032314554,0.09159555,0.17107874,-0.066871054,-0.032813262,0.0162458,-0.120115325,0.027456308,0.053960856,0.0073045483,0.18044971,0.08372645,-0.13390371,0.059113532,0.03521643,0.08698319,-0.0041775745,0.050735243,0.025492549,0.011387433,0.110388465,0.09433373,0.031844128,0.107761614,0.15447304,-0.057898708,0.07812622,0.016349636,-0.09532943,-0.1633324,0.13565105,0.017637419,0.10120999,-0.23470521,-0.0062814187,-0.10350918
should,0.047693193,-0.07485268,-0.06307606,0.25473955,0.2344985,-0.18663894,0.1142676,0.30365613,-0.112446375,0.11084287,-0.13207482,-0.12333468,0.050368384,0.10581595,-0.11108299,-0.0042142933,-0.028854808,-0.004927672,0.024036232,-0.1704064,-0.0076417592,-0.0478491,0.037380353,-0.06301359,0.025203679,0.0042351214,-0.14066817,-0.039016146,-0.11792844,0.11414521,0.10933177,-0.051078375,0.10054726,0.061688296,-0.06611843,0.20762794,0.08760417,-0.046528064,-0.05376523,-0.11432851,-0.059701126,-0.07468669,-0.026069937,0.0046873796,0.21463707,0.008959986,-0.05356287,-0.2385205,0.06490778,0.06351734,0.10685615,-0.06958495,-0.09456749,-0.12557474,-0.0059513026,0.030588899,-0.083856024,-0.1725601,-0.2231149,-0.0387484,-0.1343977,-0.10270133,0.033943873,-0.07217198,-0.29277012,0.03832174,0.09247115,0.1862456,-0.15805472,0.14441352,-0.14848968,-0.029097736,0.045768905,0.05424194,0.10197179,-0.019389717,0.106394805,-0.087552,-0.2701701,-0.029500872,-0.045707915,0.019142015,-0.12597705,0.30003923,-0.19460283,-0.02717165,-0.14280094,0.10538415,0.04323655,-0.08386774,0.24625903,0.09922111,0.07131924,0.1210399,0.20349137,0.13641238,0.04861343,0.035994004,0.07194939,0.12158335,-0.18362617,0.18687737,0.061841253,-0.02856907,-0.065557376,-0.13199781,0.107798815,0.12606277,-0.14878899,-0.22253561,-0.016947398,-0.13357435,-0.026699562,-0.06774178,0.058815155,-0.10035115,0.07670467,-0.32918277,-0.07623681,-0.107986696,-0.06434477,0.22259475,0.06836064,-0.066050865,-0.05401019,0.020647852,-0.11305664,-0.028337257,-0.018664852,-0.07878054,-0.0055579543,0.0440745,0.0073524904,-0.031334404,-0.010958281,0.18752606,0.042823605,-0.062240347,-0.07049995,-0.15604132,0.10747014,-0.26079726,-0.096704274,-0.0021493963,-0.017416852,-0.03469891,0.016140353,0.050656408,0.037836693,0.08804745,0.047036942,-0.16284992,-0.016493248,-0.0043553137,-0.1253779,0.098885916,0.21231122,0.0035380793,0.03889432,0.10266073,0.075593606,0.036369856,0.038910236,-0.06747026,-0.067600876,0.0046636164,0.045683783,-0.01483495,-0.11602805,0.065728635,-0.056580827,0.030750997,0.04516334,-0.069345586,0.12604067,0.0024679657,-0.062760524,-0.0007565978,0.005556734,0.12656847,-0.043904755,0.020611137,0.00093753834,0.0008786422,0.079243995,0.060106274,-0.014865302,0.089075014,0.09395694,-0.024007171,0.035756934,-0.0021131565,-0.040072482,-0.049345415,0.054748874,-0.0007271785,0.07788086,-0.1564441,0.034985855,-0.022379544
himself,-0.023469549,0.0064262617,-0.08104019,0.128927,0.11389152,-0.06712159,0.11834119,0.23157386,-0.057725977,0.1126514,-0.12545091,-0.045688216,0.036942787,0.039016396,-0.049786944,-0.09707421,0.005420323,0.09896493,-0.025001438,-0.19936864,0.09253122,-0.1493289,0.058537588,-0.10725255,-0.08089677,-0.022946984,-0.07942061,-0.120379694,-0.16280182,0.06400523,0.093415394,-0.00783759,-0.0015394617,-0.012915052,-0.053042267,0.12762582,0.033813734,-0.07270587,-0.027494477,-0.057835035,-0.09349837,-0.01662372,-0.09730451,0.010467609,0.15648954,-0.06259829,-0.044795044,-0.1163222,0.13663219,0.09073604,0.049491964,-0.032991156,-0.02135696,-0.07775232,0.0063680564,0.024590708,-0.05168004,-0.14714819,-0.17390144,-0.058609042,-0.069075,-0.08344448,0.027946424,-0.09236505,-0.22148499,-0.0025484867,0.06516883,0.16292943,-0.22095186,0.13918927,-0.023701012,0.07113989,0.094933674,0.023874188,0.047752935,-0.004570379,0.1521858,-0.115419716,-0.16418274,0.02226036,-0.09343791,-0.047324978,-0.15426691,0.27948028,-0.15903907,-0.03343582,-0.06019989,0.0690291,0.103818044,-0.035356626,0.1421826,0.15786424,0.13888773,0.11095932,0.21492077,0.12132973,-0.002478359,-0.026388647,0.084022276,0.03426385,-0.10223433,0.18642008,0.109716885,-0.08229478,0.0032838425,-0.20246457,0.08848484,0.15125112,-0.11802822,-0.19004543,0.030807149,-0.20637612,-0.032439966,-0.06434315,0.11895032,-0.07903282,0.12630415,-0.22880313,-0.06959604,-0.040626563,-0.04256842,0.115087844,0.06291548,-0.055630863,-0.1080404,-0.0057500955,-0.09834765,-0.072723225,-0.080325924,-0.060328133,0.116671525,0.018397275,-0.04553108,-0.15154813,-0.07128356,0.10652984,-0.030720089,-0.021307852,-0.06415165,-0.2317795,0.18552816,-0.19690715,-0.04052879,-0.05588309,0.0048889434,0.06490244,-0.023902431,0.014253648,0.0053475834,0.05517518,0.09484042,-0.14011095,0.013375233,-0.006608704,-0.1619646,0.15004005,0.09646608,0.049091324,-0.10495241,0.11088437,0.059854615,0.04299954,-0.06038852,-0.07900225,-0.034718912,0.10028557,0.1756875,-0.070210956,-0.022308245,0.019551707,-0.13443069,0.031015301,0.07578446,-0.0019110256,0.16595474,0.10132919,-0.13895738,0.053601954,0.039541084,0.085459724,-0.012028584,0.044791304,0.04092757,0.025198685,0.10420588,0.103698984,0.020539947,0.11150876,0.18546201,-0.057013024,0.075243846,0.02418248,-0.09792784,-0.16240278,0.13725297,0.014343462,0.114198916,-0.22574104,-0.031833336,-0.10299686
about,-0.027327606,0.016263148,-0.06272878,0.11926034,0.09417046,-0.046029206,0.106133945,0.20529196,-0.055924855,0.09426476,-0.1197933,-0.038602684,0.02795385,0.03473622,-0.043067623,-0.092126966,0.001606126,0.099782676,-0.024840625,-0.18104438,0.07783555,-0.1388791,0.052078586,-0.0962168,-0.07224289,-0.039226152,-0.07553243,-0.09965658,-0.1616256,0.061235733,0.07043361,-0.016101569,-0.00020884752,-0.006777639,-0.045180313,0.11025982,0.024655238,-0.068549804,-0.01994902,-0.05480216,-0.08461176,-0.0029261028,-0.09215983,0.006628616,0.1537059,-0.055563442,-0.040498186,-0.10876013,0.12280511,0.08340445,0.04992506,-0.029298674,-0.023531256,-0.06862761,0.02319869,0.013858265,-0.053838395,-0.14296316,-0.16308357,-0.05366795,-0.0714428,-0.0899498,0.018968845,-0.09761893,-0.20097326,-0.002113475,0.072861366,0.16018656,-0.22054832,0.13434814,-0.024087152,0.07840871,0.089291565,0.010405616,0.05247415,-0.013183729,0.14528309,-0.114032365,-0.15107799,0.01691083,-0.09572085,-0.0507602,-0.12724207,0.2537395,-0.1540094,-0.03768059,-0.06439137,0.06322323,0.098207384,-0.01661035,0.13361217,0.13389032,0.12269706,0.106945865,0.20674133,0.107380256,0.006180908,-0.012086873,0.075622596,0.023070563,-0.09791548,0.18380088,0.09558092,-0.07244535,0.013445871,-0.18738885,0.077111766,0.15983336,-0.109796554,-0.16605875,0.022196151,-0.20105582,-0.050381243,-0.058669142,0.11899424,-0.068987235,0.12457451,-0.21549898,-0.071768425,-0.03444854,-0.049158484,0.11325766,0.06594752,-0.041578628,-0.09834356,-0.0058996608,-0.091783196,-0.07938231,-0.069693916,-0.07056086,0.12208698,0.018988743,-0.0327475,-0.14300478,-0.055586517,0.109261975,-0.01801517,-0.013717059,-0.05710604,-0.221639,0.18182355,-0.19754013,-0.042338967,-0.05238322,-0.0007648116,0.06152785,-0.028977592,0.034174778,0.010816672,0.053859845,0.09687217,-0.12910226,0.008341565,-0.0014646421,-0.17057492,0.14277317,0.09228856,0.050667048,-0.108277306,0.116118066,0.07265262,0.049404237,-0.060404677,-0.080244705,-0.029553864,0.10496804,0.16491778,-0.065953754,-0.020001044,0.01747536,-0.13461798,0.037369978,0.06880792,-0.0013029412,0.17600195,0.08836525,-0.13366255,0.06537549,0.044407137,0.077199146,-0.0111573795,0.053986438,0.029422427,0.015545427,0.10537655,0.09827407,0.026029017,0.1039484,0.16712506,-0.06058532,0.08641177,0.020040665,-0.09109056,-0.15352906,0.13229029,0.010375543,0.09844968,-0.21967708,-0.024225758,-0.09801124
take,0.06260678,-0.08249819,-0.0966892,0.24423015,0.22166988,-0.16741945,0.11430671,0.30267924,-0.110972196,0.09064457,-0.15408793,-0.11933877,0.031611376,0.09636584,-0.11130969,-0.032945674,0.0036821836,0.02930829,0.013301967,-0.15859653,0.025768597,-0.046654746,0.039116997,-0.062324326,0.023310892,-0.005499486,-0.12613733,-0.04486427,-0.12550797,0.11231669,0.13746318,-0.06643645,0.091199294,0.031245977,-0.06826801,0.19844094,0.09412339,-0.051957175,-0.05127622,-0.10741545,-0.05434365,-0.040684376,-0.010886057,0.016982317,0.20241003,-0.0038156728,-0.038689338,-0.21550803,0.08294607,0.07811029,0.079282776,-0.09849982,-0.07423825,-0.11193696,-0.023055939,0.055334482,-0.086107545,-0.18613209,-0.23157984,-0.038125347,-0.10611174,-0.06655709,0.032775994,-0.061120033,-0.2614708,0.024853408,0.09505353,0.1717023,-0.16179767,0.14217462,-0.12424066,-0.005062928,0.08196314,0.049621794,0.11022232,-0.019556956,0.11466968,-0.093620084,-0.26503563,6.896307e-05,-0.066311434,-0.004589033,-0.14937957,0.32124633,-0.19783051,-0.04764366,-0.13935816,0.101073906,0.0426331,-0.08060167,0.225376,0.118664056,0.10714579,0.12950668,0.22645277,0.13728419,0.030472388,0.022792391,0.06457431,0.11463641,-0.16217852,0.21015164,0.0701317,-0.026385646,-0.06435858,-0.14416811,0.11696646,0.13599476,-0.12487865,-0.21808714,0.00823399,-0.14452615,-0.012349187,-0.060537472,0.06377196,-0.09393784,0.09293018,-0.3319862,-0.06736193,-0.11094343,-0.06809452,0.18300615,0.07386737,-0.049832284,-0.05471467,0.021872332,-0.10149775,-0.025550524,-0.028960794,-0.07338063,0.021991666,0.027679428,-0.017687844,-0.046716843,-0.028425971,0.15735877,0.007363321,-0.07635306,-0.071484484,-0.1567573,0.10529161,-0.2399742,-0.080400504,-0.020023005,-0.03938373,-0.018170463,0.001058078,0.010127015,0.04402394,0.08382648,0.058275282,-0.14937513,-0.011642518,-0.02979912,-0.117756985,0.11325123,0.19371666,0.0108450595,0.007328337,0.10339137,0.06841777,0.031525724,0.023636071,-0.047631647,-0.049906965,0.020021472,0.06995598,-0.027769135,-0.10024152,0.050995477,-0.063939825,0.02540987,0.04879449,-0.0395521,0.11297056,0.007786469,-0.07441126,0.007667845,0.01951807,0.12268904,-0.0614744,0.029053899,-0.0017485326,0.024402963,0.07979966,0.07126632,-0.007848603,0.09619829,0.11901849,-0.026278831,0.024906881,0.025103517,-0.059255317,-0.067525566,0.049736045,0.0020260888,0.08039403,-0.15446287,-0.0037397002,-0.04355844
shall,0.12132953,-0.16267301,-0.06719687,0.36931637,0.32776073,-0.2866749,0.11976626,0.36574173,-0.1479521,0.10364453,-0.15056174,-0.1921059,0.04756444,0.17161347,-0.15466954,0.059259824,-0.04938415,-0.07306147,0.06527003,-0.1463307,-0.07686959,0.043593585,0.0187474,-0.021637244,0.11685729,0.033990216,-0.18963836,0.04187037,-0.07252053,0.1616172,0.14980504,-0.10028184,0.19854915,0.09826539,-0.07977735,0.27046305,0.15984747,-0.015717234,-0.07616654,-0.14227302,-0.038523745,-0.11563899,0.032283064,0.010071176,0.2550405,0.053586207,-0.053048436,-0.32702103,0.033592228,0.044540804,0.15039925,-0.13286926,-0.15959458,-0.15391777,-0.022054369,0.046355937,-0.106719576,-0.21935244,-0.27560648,-0.019738303,-0.18599176,-0.1007479,0.036524322,-0.048164196,-0.34709278,0.06047898,0.11214432,0.20217803,-0.118683234,0.14477237,-0.24406917,-0.10462764,0.011681533,0.06473271,0.14198904,-0.030821247,0.07054095,-0.07316669,-0.3645629,-0.054276194,-0.029446485,0.06221344,-0.12417932,0.35597014,-0.22132763,-0.01765415,-0.20922509,0.14640047,-0.017558813,-0.1563488,0.32995677,0.0730177,0.042680193,0.13518228,0.20729962,0.1500957,0.08539447,0.07806286,0.057082266,0.18493408,-0.25731438,0.20431072,0.035771225,0.027818413,-0.12347083,-0.08081821,0.13487004,0.10701395,-0.17062071,-0.25847262,-0.051146872,-0.075887546,-0.00079154846,-0.057581075,0.023206104,-0.118560426,0.053661246,-0.42911303,-0.08876186,-0.15725888,-0.09748171,0.29455617,0.073933065,-0.073593795,-0.008101755,0.060545284,-0.13759623,0.011614666,0.027526772,-0.07687771,-0.091524124,0.050451253,0.037520155,0.05529972,0.017348476,0.23661847,0.083488844,-0.115352996,-0.088239335,-0.11424786,0.05286522,-0.3173896,-0.13678536,0.031128462,-0.0498287,-0.117743194,0.039627835,0.04959556,0.07473013,0.12058422,0.017916894,-0.18006624,-0.008266547,-0.029974658,-0.11138275,0.09200602,0.3066896,-0.030612431,0.15693311,0.101157054,0.10239118,0.025210962,0.116600476,-0.043020293,-0.08111319,-0.075290695,-0.033684786,0.011903348,-0.18536523,0.08397503,0.0012093446,0.03279629,0.015244568,-0.12263696,0.091220245,-0.0675171,-0.00913029,-0.03565113,-0.0007333239,0.17680171,-0.0777801,-0.0025318826,-0.030880202,-0.002506226,0.082624026,0.03470813,-0.03793577,0.073429525,0.050776392,-0.016287496,0.0013885399,-0.009427429,0.0059872307,0.020569826,-0.015958717,0.0041377572,0.06272438,-0.10464519,0.07529532,0.05129254
thought,-0.024955627,0.0074900626,-0.06740188,0.14378302,0.13100691,-0.07084824,0.10567077,0.23106885,-0.056998655,0.10637321,-0.124022506,-0.0391429,0.022208173,0.048434984,-0.05792468,-0.07339497,-0.012067871,0.093326375,-0.018188328,-0.19794308,0.06845472,-0.12957448,0.06501009,-0.11172151,-0.05648874,-0.030227093,-0.075940296,-0.1054641,-0.15784162,0.076334365,0.07271963,-0.021126168,0.0028567591,0.0020741394,-0.051458,0.13339382,0.034424167,-0.06700047,-0.0139070945,-0.061244406,-0.084426224,-0.013421217,-0.07879598,0.004408613,0.16016306,-0.042014595,-0.05067279,-0.12967414,0.11244739,0.08015791,0.06305444,-0.024616078,-0.033973753,-0.08364893,0.027663354,0.02119956,-0.05101668,-0.14675993,-0.17076047,-0.05990252,-0.084582336,-0.09289935,0.031522237,-0.093623884,-0.22543247,-0.0017559228,0.056391526,0.16353211,-0.21762598,0.13553709,-0.040060557,0.059262898,0.070389174,0.03272681,0.057636976,-0.019658536,0.13544217,-0.10176584,-0.1640685,0.016882459,-0.09016078,-0.038993083,-0.1316651,0.2607013,-0.16038975,-0.028701728,-0.06950809,0.06805121,0.10234369,-0.031226346,0.15407823,0.14279312,0.11170509,0.11580239,0.20233163,0.10331611,0.027923815,-0.016973602,0.08503534,0.028915802,-0.09429615,0.17293447,0.08689618,-0.08100591,0.0048720036,-0.17831616,0.07472791,0.14899321,-0.09994505,-0.17013845,0.022612868,-0.18457668,-0.04388635,-0.061042383,0.10608811,-0.086896315,0.11121094,-0.21954116,-0.06380338,-0.051945016,-0.052485354,0.12604015,0.07044251,-0.039278522,-0.09351579,-0.025093231,-0.09236069,-0.08271571,-0.06931471,-0.077107,0.104396574,0.014318112,-0.030342478,-0.13952294,-0.06349402,0.12652789,-0.019550031,-0.022227453,-0.049857203,-0.22301307,0.17343624,-0.20871949,-0.05188913,-0.039354462,-0.0029710578,0.05245874,-0.0130506195,0.025034297,-0.00079362607,0.06127965,0.08472559,-0.13447574,0.006524319,0.0010804329,-0.16908138,0.12227975,0.1090714,0.040364597,-0.08950946,0.12204082,0.061872564,0.049730826,-0.055092756,-0.07474819,-0.037271194,0.08321135,0.17444654,-0.06495299,-0.035074715,0.03283728,-0.12538977,0.026727898,0.05352057,-0.0093163615,0.17363839,0.07374546,-0.13480261,0.054323148,0.037522253,0.08114267,-0.011203019,0.04827288,0.031401217,0.009827732,0.09416717,0.09983022,0.021056388,0.10293064,0.15853298,-0.060046997,0.07080234,0.009414365,-0.07838673,-0.14224367,0.12799104,0.025903318,0.09150786,-0.22400364,-0.013057315,-0.102500886
must,0.08687157,-0.112804495,-0.07112184,0.31275913,0.2673046,-0.22300942,0.111650735,0.3392233,-0.13200851,0.10282221,-0.14444794,-0.15434931,0.051142495,0.13382116,-0.13951363,0.017996516,-0.03467083,-0.035536148,0.037503235,-0.16060837,-0.03620918,-0.006812526,0.023912843,-0.051236074,0.061864946,0.023132734,-0.16457072,2.3140103e-05,-0.0991017,0.14460331,0.12660427,-0.07745197,0.15037595,0.07808651,-0.07575701,0.23389234,0.11949462,-0.034395464,-0.06273699,-0.12038152,-0.04500848,-0.08438329,0.0075671067,0.0089731915,0.23428738,0.03295128,-0.05062747,-0.28038192,0.052296318,0.046399508,0.12584563,-0.10676976,-0.12991662,-0.12787405,-0.0056989486,0.039884564,-0.1017899,-0.19927289,-0.25306502,-0.030005908,-0.15973629,-0.09992291,0.033444043,-0.06842216,-0.32903606,0.04187259,0.10566044,0.2010663,-0.1407986,0.14351387,-0.19417024,-0.06024562,0.029084258,0.0516256,0.1309465,-0.024989123,0.08225618,-0.08714135,-0.31547704,-0.038330406,-0.044690244,0.04179614,-0.13860312,0.33680445,-0.20734961,-0.017975489,-0.17685388,0.12088936,0.01830637,-0.11892875,0.28438783,0.09090103,0.05877374,0.13152336,0.20946781,0.13595049,0.06719596,0.048638396,0.07037203,0.14246255,-0.21620281,0.20156465,0.06448453,-0.004487588,-0.09967838,-0.11843442,0.13364708,0.12667316,-0.1547428,-0.24320443,-0.028906992,-0.11643631,-0.010108525,-0.06628971,0.037265357,-0.11695624,0.071134105,-0.38091847,-0.087337665,-0.13341226,-0.08532205,0.24912284,0.069148645,-0.07512782,-0.0318847,0.039813463,-0.124482766,-0.01670655,0.0012011392,-0.07848643,-0.04335476,0.047426846,0.019260654,0.0018577453,0.00832429,0.21451305,0.06319789,-0.08840312,-0.08573789,-0.1469206,0.078570955,-0.29297772,-0.11674316,0.013330366,-0.033868033,-0.06676201,0.019896755,0.0481868,0.061211348,0.106709436,0.041479047,-0.172587,-0.004584774,-0.022881094,-0.13430814,0.10537894,0.26100862,-0.013769973,0.087543435,0.09896532,0.08467683,0.02789301,0.08166503,-0.06235126,-0.06344669,-0.030243337,0.008870783,-0.0048671006,-0.15151905,0.07003041,-0.035517324,0.023605645,0.03246202,-0.08837833,0.1131346,-0.024203086,-0.03882154,-0.013115005,0.008975382,0.15324278,-0.07005824,0.015866132,-0.013378481,-0.0027000897,0.07750011,0.055967268,-0.011990488,0.08251982,0.08294302,-0.013889582,0.016198125,-0.005316374,-0.015897457,-0.029950462,0.020542394,0.011694916,0.080494024,-0.13700573,0.055435006,0.013157279
where,0.008508204,-0.01315655,-0.07648506,0.16548331,0.15090817,-0.100702465,0.11642394,0.23942685,-0.07028169,0.11061479,-0.13091381,-0.07321292,0.0326657,0.06341656,-0.07308047,-0.06222689,0.0043180967,0.086491585,-0.010330094,-0.18913832,0.056672357,-0.116966225,0.043309376,-0.08758603,-0.036311403,-0.01934739,-0.08549754,-0.08324339,-0.15308918,0.07675373,0.09677074,-0.028945712,0.02814049,0.009396271,-0.057254188,0.13897589,0.05103174,-0.063140966,-0.020673303,-0.076003596,-0.083671324,-0.024572875,-0.057184473,0.0009107897,0.18297184,-0.03521854,-0.04814395,-0.15101609,0.119963825,0.076524824,0.06931677,-0.056726187,-0.056146726,-0.08953977,0.018342761,0.032055426,-0.07974849,-0.16099244,-0.1876699,-0.048254874,-0.0765129,-0.08935684,0.031752933,-0.080415,-0.23266612,0.0074204956,0.076818295,0.16289626,-0.19978155,0.13844949,-0.072301574,0.032047294,0.08273259,0.021368656,0.06555341,-0.010238798,0.12370149,-0.10454527,-0.1876415,0.001550689,-0.09059072,-0.02176692,-0.12649997,0.29721466,-0.16435635,-0.03373887,-0.085048765,0.08535398,0.082504526,-0.049868383,0.16796048,0.1280735,0.11172236,0.11734475,0.20407957,0.10401438,0.026470318,0.0018113106,0.08044741,0.043161295,-0.12375761,0.1906408,0.08742859,-0.061744105,-0.018666739,-0.16235884,0.092495106,0.15728708,-0.11236546,-0.17817016,0.011681671,-0.17687698,-0.037095442,-0.055750743,0.09374348,-0.08026282,0.10898987,-0.24703765,-0.07746714,-0.068428025,-0.055184904,0.1452431,0.06662306,-0.044532713,-0.07806013,0.011144305,-0.1061298,-0.061389465,-0.056225397,-0.06686491,0.079499334,0.033968702,-0.023004329,-0.10494036,-0.053137626,0.13236748,-0.014405807,-0.050120573,-0.056694847,-0.19876824,0.16964601,-0.21216018,-0.059398346,-0.0373648,-0.012315807,0.040989127,-0.01873013,0.02885407,0.01362139,0.07577114,0.07758465,-0.14387578,-0.0080473665,-0.00305837,-0.15979657,0.13785502,0.13256724,0.0302468,-0.058489528,0.11027902,0.07260697,0.0508354,-0.026342047,-0.066159114,-0.03680119,0.061448228,0.13691616,-0.059657723,-0.052033458,0.01767285,-0.10882779,0.036168016,0.060319822,-0.022015844,0.16033256,0.059947424,-0.11606021,0.035917323,0.028996715,0.100016065,-0.024911687,0.037173342,0.032776657,0.015515624,0.09685549,0.10097641,0.013235025,0.09269318,0.14778107,-0.06630671,0.073786624,0.01789444,-0.06769314,-0.12393184,0.112090416,0.009400694,0.088261195,-0.20829076,-0.009845122,-0.07814616
well,0.028168507,-0.043639597,-0.07622624,0.19117759,0.1677669,-0.11159797,0.10205395,0.2616289,-0.08461949,0.109150276,-0.13121323,-0.08877083,0.027497744,0.08021309,-0.08777202,-0.04932876,-0.0025740291,0.047416367,0.0030259534,-0.17971534,0.041339494,-0.08599912,0.052887987,-0.07187048,-0.014533144,-0.019417964,-0.10794998,-0.054895148,-0.13491097,0.09525613,0.10040983,-0.031415876,0.061616533,0.021872979,-0.056858245,0.16262844,0.06252398,-0.059210602,-0.04284668,-0.07908505,-0.074344166,-0.033408016,-0.048645206,0.012638271,0.17614332,-0.023091413,-0.043090925,-0.17530386,0.10434332,0.073047966,0.074427865,-0.059102125,-0.06307014,-0.09295511,0.011051405,0.032854177,-0.081478804,-0.17021789,-0.20267817,-0.05271629,-0.0954445,-0.084036104,0.030725427,-0.08363503,-0.24966319,0.015221647,0.0789817,0.17851949,-0.1839242,0.13671172,-0.09011164,0.026040468,0.06601969,0.024995057,0.07411183,-0.011942571,0.120954275,-0.09626411,-0.20562562,0.0038403254,-0.07451284,-0.013229461,-0.12903418,0.28896633,-0.18081494,-0.032201417,-0.106857024,0.0911041,0.06989851,-0.061845783,0.19173148,0.11885663,0.10734302,0.1105009,0.20367701,0.11329032,0.028671198,0.015793202,0.070286505,0.07201297,-0.13256215,0.19113114,0.08379704,-0.04279734,-0.032233864,-0.1514882,0.09197974,0.15148665,-0.11548883,-0.19849461,0.0036657176,-0.16616583,-0.030601764,-0.05283847,0.079838954,-0.08276363,0.10718646,-0.27826163,-0.06962045,-0.08348331,-0.06571665,0.16013436,0.05926931,-0.064738534,-0.074688025,-0.0014703077,-0.10310472,-0.057737056,-0.042788852,-0.061409146,0.05023461,0.03124702,-0.027312094,-0.09096431,-0.043286733,0.15371615,0.004471589,-0.055203177,-0.05753851,-0.19251025,0.15415277,-0.22443457,-0.070551045,-0.030132804,-0.009438466,0.010956905,-0.013797019,0.03713455,0.0161863,0.073501505,0.07357678,-0.148342,0.0010530098,-0.0038331465,-0.14467299,0.12904167,0.15960975,0.021914799,-0.026069123,0.1014266,0.0773169,0.035725318,-0.009553279,-0.062728815,-0.047616523,0.050201163,0.10802374,-0.0469675,-0.07460256,0.037765168,-0.086837195,0.03161408,0.056197345,-0.020055214,0.15277584,0.036287267,-0.09676159,0.030382184,0.022685504,0.09812516,-0.02705267,0.039056815,0.01764614,0.012795885,0.08511141,0.07985788,0.012855912,0.09214561,0.13085316,-0.04537325,0.059470925,0.015029272,-0.06680922,-0.101616815,0.09305775,0.00822209,0.0930771,-0.19479294,0.0061290283,-0.06560744
let,0.040612344,-0.058383834,-0.08781776,0.2227007,0.18055223,-0.14680314,0.09549209,0.2755193,-0.10292318,0.0964278,-0.1353574,-0.10032279,0.033586048,0.09677231,-0.09399621,-0.03321473,0.0039215423,0.039846927,0.0139277205,-0.16497126,0.023886612,-0.05993834,0.03916981,-0.056068238,-0.0031640718,0.001148023,-0.11955652,-0.042381633,-0.12135769,0.09047675,0.10653196,-0.037189618,0.07918742,0.024523873,-0.057098247,0.17695832,0.072939366,-0.05064478,-0.044752344,-0.087146394,-0.04908461,-0.050844178,-0.024486749,0.0020357443,0.19396791,-0.006495306,-0.025154965,-0.1903303,0.07821621,0.07132549,0.08694749,-0.08478213,-0.08013875,-0.098181054,-0.0147829205,0.030937828,-0.09719738,-0.17737474,-0.21254484,-0.038865685,-0.087166056,-0.07096484,0.025952158,-0.06715019,-0.2632214,0.026841197,0.097685955,0.18096279,-0.16461824,0.14784986,-0.11840138,0.00087604305,0.07533556,0.03277582,0.09313644,-0.007573137,0.113303155,-0.09092892,-0.23521702,-0.009906076,-0.06422361,-0.009031736,-0.12423106,0.29878014,-0.16962261,-0.034558076,-0.12311356,0.10092311,0.05261376,-0.06503513,0.2160061,0.109199286,0.09689175,0.11978658,0.21060929,0.122654006,0.034981743,0.029815817,0.07020505,0.104382895,-0.15976457,0.19603236,0.08006465,-0.04325284,-0.053134236,-0.13939896,0.11629093,0.13769504,-0.13377896,-0.20497636,0.00347988,-0.14974919,-0.01964349,-0.06569844,0.06551244,-0.09222819,0.09437094,-0.30456153,-0.074558936,-0.08719423,-0.064225316,0.17428613,0.063620485,-0.048488874,-0.049918525,0.022607522,-0.090193704,-0.0493472,-0.037240837,-0.062449746,0.032453336,0.025202895,-0.010575933,-0.069762915,-0.022269765,0.1672058,0.010944105,-0.06625338,-0.07393502,-0.17423938,0.11354932,-0.23320219,-0.078908384,-0.012281028,-0.022425495,-0.009468626,-0.008421134,0.035496093,0.026330737,0.07352748,0.06929242,-0.13716076,-0.013812632,-0.020307165,-0.13717669,0.12045506,0.18312398,0.0097811315,-0.008122252,0.10904913,0.07389017,0.04002138,0.014402415,-0.048283156,-0.0545195,0.037375383,0.07681264,-0.030588921,-0.10359381,0.048760355,-0.074776195,0.034486502,0.052866947,-0.047981042,0.12914026,0.030639758,-0.08952807,0.028966902,0.031845886,0.12635306,-0.040195197,0.026731929,-0.0011601287,0.011166811,0.0769656,0.07134653,0.0059562274,0.10252804,0.11761673,-0.028137468,0.044302043,0.0234242,-0.06688893,-0.09021981,0.06764206,0.0015365524,0.08553933,-0.17078948,0.015348919,-0.05048417
soon,0.014891259,-0.030136408,-0.09612635,0.17181568,0.15579656,-0.10267115,0.12224563,0.23601797,-0.075644836,0.11164764,-0.1315992,-0.08516233,0.03318419,0.07907592,-0.08824995,-0.06308056,0.0045994986,0.062479466,-0.012107583,-0.17377813,0.06640814,-0.09385074,0.06514581,-0.09206148,-0.023823487,-0.011307272,-0.089618705,-0.07594985,-0.1512641,0.08749284,0.09038925,-0.03177874,0.041402344,0.020795127,-0.053557765,0.15529123,0.062921174,-0.049257744,-0.041364904,-0.09487088,-0.06828693,-0.03324914,-0.06240311,0.0014428699,0.18039198,-0.044397425,-0.050171718,-0.15366928,0.100012906,0.07159601,0.058784477,-0.057748903,-0.051574912,-0.08987802,0.021213453,0.020023424,-0.06603429,-0.16197573,-0.19035235,-0.05437077,-0.10594904,-0.1012778,0.029951217,-0.0864905,-0.25006688,0.019847352,0.057062116,0.17582473,-0.20753141,0.1472337,-0.07360504,0.039725307,0.08357964,0.025473254,0.063490316,-0.014039429,0.12996064,-0.10563986,-0.19948281,0.0005042124,-0.09580235,-0.029996593,-0.14198646,0.29655075,-0.18473957,-0.04298101,-0.08458384,0.088966176,0.07344706,-0.062165193,0.19028464,0.12607156,0.12431737,0.1195199,0.21437979,0.11168142,0.028050216,0.01169377,0.07690409,0.06271739,-0.13020764,0.18881585,0.07745043,-0.05199769,-0.014673007,-0.15962227,0.089355476,0.1511896,-0.109915785,-0.19881997,0.0009799917,-0.16588327,-0.026488617,-0.058915284,0.08957264,-0.08795981,0.11089124,-0.26397154,-0.090585984,-0.07559812,-0.068471976,0.16157293,0.060873367,-0.05199196,-0.09157945,-0.006335775,-0.114230044,-0.06385748,-0.05546613,-0.066056296,0.062241104,0.028731685,-0.033637796,-0.10602821,-0.05737658,0.14169535,-0.012295454,-0.03901287,-0.0686491,-0.21586536,0.15777756,-0.22060154,-0.065170914,-0.04292359,-0.013036316,0.0139918225,-0.008582696,0.037944637,0.008561969,0.06594877,0.09054003,-0.1422235,-0.002448336,-0.007610949,-0.15593691,0.13001926,0.13091299,0.024216698,-0.038589485,0.124568306,0.076898105,0.04281959,-0.03138637,-0.060624365,-0.046520352,0.06426522,0.11498566,-0.057177465,-0.07277123,0.030872706,-0.084017746,0.031955346,0.05398613,-0.02227406,0.15867725,0.0529801,-0.107958116,0.042943418,0.031750806,0.093382545,-0.012439364,0.033515584,0.013910929,0.01002034,0.09024187,0.10279612,0.015190483,0.103491396,0.13810351,-0.06258377,0.07168879,0.009901973,-0.08614378,-0.12020471,0.11219258,0.020472134,0.087998055,-0.2112237,0.010921835,-0.07159476
see,0.054392263,-0.08789958,-0.087554246,0.23758362,0.22174962,-0.16722332,0.11411601,0.29146186,-0.102875955,0.09698644,-0.13445616,-0.12231328,0.033598326,0.0983556,-0.11075627,-0.017073043,-0.0058614095,0.021050213,0.022601752,-0.17088479,0.01785278,-0.05078725,0.050453246,-0.06145357,0.021478977,-0.002571966,-0.11697397,-0.029197304,-0.11245205,0.117195606,0.12810686,-0.061220314,0.10232641,0.03576919,-0.065951206,0.18905856,0.09833809,-0.048396043,-0.055467296,-0.1136223,-0.056802753,-0.057567358,-0.016926855,0.0174786,0.20956914,0.0038076951,-0.04688715,-0.21162583,0.089582145,0.06858103,0.076488905,-0.07521735,-0.087421946,-0.10024071,-0.006593815,0.052811824,-0.08824635,-0.17491701,-0.21844982,-0.03949292,-0.12986757,-0.079531044,0.03695936,-0.060530607,-0.2654063,0.030552078,0.07359023,0.17002027,-0.15693037,0.12873915,-0.1189591,-0.00663299,0.05225927,0.053066228,0.10300416,-0.02893684,0.10328247,-0.0922499,-0.25343132,-0.0005024213,-0.069250286,-0.003004967,-0.13757475,0.3061912,-0.18980218,-0.03502372,-0.14073141,0.09468507,0.03775171,-0.09755157,0.22023998,0.11252511,0.09294635,0.12961587,0.20779261,0.12856445,0.049494363,0.015051635,0.06857544,0.11127864,-0.17271546,0.18227665,0.058768116,-0.027326172,-0.047284275,-0.12855846,0.10219333,0.12943399,-0.1312316,-0.20518613,-0.014957697,-0.13822335,-0.016369075,-0.05354843,0.06931841,-0.09694832,0.089471646,-0.32253706,-0.06634122,-0.107432865,-0.06846105,0.19497977,0.07294814,-0.066558406,-0.059412085,0.010540682,-0.10383269,-0.030193245,-0.015238887,-0.0787336,0.006899814,0.03962921,-0.017808933,-0.044707973,-0.021704447,0.16647473,-0.00107172,-0.08392426,-0.06764546,-0.16956826,0.12588489,-0.25221986,-0.08208621,-0.0071070637,-0.034685772,-0.033006474,-0.0038951621,0.029431552,0.03845573,0.07331232,0.04673757,-0.14721923,0.003805184,-0.01746364,-0.12682799,0.1083292,0.18802688,0.009935223,0.02614216,0.11420425,0.08446643,0.031964585,0.018299587,-0.051138096,-0.06139588,0.011031595,0.07170109,-0.02335608,-0.10426527,0.044953655,-0.06162999,0.028726319,0.041184794,-0.045224372,0.12276085,0.009582508,-0.066531144,0.01252646,0.011423411,0.11505947,-0.06755389,0.024854409,0.01258783,0.008546451,0.08136043,0.06659166,-0.0051053436,0.076507986,0.11443943,-0.046116285,0.046437923,0.006958334,-0.045267355,-0.05801462,0.06018459,0.0130757615,0.072304055,-0.1722653,0.012764912,-0.030917857
cried,-0.023800766,0.018457508,-0.0688211,0.10767196,0.09406756,-0.054616433,0.104716204,0.21447584,-0.0470469,0.10027897,-0.11107196,-0.026338464,0.026512094,0.038191274,-0.042322323,-0.09585263,0.010825106,0.1021132,-0.03121687,-0.17829949,0.09015921,-0.14006943,0.05516397,-0.083880484,-0.07652796,-0.034362815,-0.07443218,-0.09520788,-0.16644911,0.06484759,0.08008119,-0.0033737002,-0.0077362084,-0.014375795,-0.038986646,0.11272092,0.010570268,-0.08046875,-0.013882368,-0.05038392,-0.08929349,0.0012465116,-0.082665175,0.020758163,0.14672755,-0.05386635,-0.04157572,-0.107833005,0.11905239,0.08579664,0.05537411,-0.03541245,-0.03163784,-0.08184934,0.014832372,0.017549504,-0.051390495,-0.14156054,-0.17119347,-0.05375025,-0.059715763,-0.07464844,0.018771263,-0.10088131,-0.22031637,-0.0029440355,0.07772088,0.15547304,-0.21694906,0.1341619,-0.030337559,0.06333464,0.0911734,0.0042691487,0.04142169,0.005486012,0.1475605,-0.11467272,-0.15886445,0.014932838,-0.08609284,-0.036033195,-0.1144672,0.25582367,-0.14657745,-0.024537632,-0.06680174,0.07561707,0.102245376,-0.014510503,0.13819134,0.1334362,0.11726797,0.09617208,0.19421184,0.109473884,0.004755738,-0.013417069,0.090221465,0.023903336,-0.084652014,0.1827528,0.10673729,-0.07609382,0.0013843465,-0.19330356,0.081601344,0.1588815,-0.10797804,-0.16355084,0.025900323,-0.189298,-0.041635443,-0.06600103,0.122960754,-0.07667108,0.121452905,-0.2168284,-0.06764001,-0.03634382,-0.038617034,0.117557526,0.064668834,-0.034020096,-0.095922284,-0.014467409,-0.093780726,-0.08724131,-0.07336211,-0.059239693,0.12743519,0.01275813,-0.034363974,-0.14387529,-0.061782293,0.115000375,-0.016804922,-0.024266338,-0.049063396,-0.22335304,0.18171832,-0.19556135,-0.034190834,-0.04773739,-0.00033491282,0.06922878,-0.023901168,0.028650502,-0.005538268,0.06280606,0.1022336,-0.1265258,-0.0020856299,-0.0038581926,-0.17267299,0.14097172,0.10140781,0.04382576,-0.11456212,0.11738911,0.061243966,0.06288845,-0.0572552,-0.075132184,-0.022635402,0.107085876,0.17065595,-0.071985334,-0.023668405,0.026282448,-0.14044185,0.030738376,0.06416529,0.0037258258,0.16490535,0.08869485,-0.13895367,0.07007629,0.04095965,0.08254027,0.00088454946,0.04613614,0.030415943,0.018786745,0.0881293,0.10280612,0.013644894,0.109922096,0.1731998,-0.055571027,0.083451584,0.032552987,-0.09072965,-0.1553636,0.13687013,0.009315848,0.10874428,-0.21986465,-0.032672863,-0.11046754
back,-0.025200004,0.011034262,-0.07074854,0.12566988,0.114604466,-0.07485488,0.117020294,0.22260632,-0.066083044,0.10593281,-0.12871659,-0.049154483,0.017081289,0.055816814,-0.045878638,-0.08735856,0.0015210949,0.10869461,-0.03438009,-0.20465687,0.09404043,-0.15013881,0.062645204,-0.09696254,-0.07993511,-0.029642202,-0.079146594,-0.10641748,-0.16918594,0.066323236,0.079181455,-0.008922905,-0.0006838697,-0.026229115,-0.045290567,0.12926832,0.0076960726,-0.07306425,-0.023183776,-0.064266056,-0.087225296,-0.0070767533,-0.07863832,0.012738844,0.16957971,-0.036007196,-0.044168677,-0.121967815,0.13141918,0.08698902,0.041995946,-0.033132456,-0.023783658,-0.06725824,0.00076726574,0.019095277,-0.07814699,-0.16679956,-0.18478192,-0.059530057,-0.058737174,-0.08249341,0.028676456,-0.09185596,-0.2105571,-0.0036779628,0.09354436,0.17111641,-0.21064025,0.1496337,-0.025786033,0.074953824,0.09559559,0.019340074,0.06994263,0.013785077,0.14375047,-0.11986937,-0.16488753,0.012230062,-0.09415047,-0.048318338,-0.1328926,0.28451577,-0.15632622,-0.043114558,-0.07988916,0.07440306,0.09650011,-0.028684115,0.14963305,0.13831165,0.1405016,0.10582566,0.2249318,0.115457006,-0.0053105257,-0.005794619,0.09137248,0.03086492,-0.09708891,0.18186907,0.10660481,-0.084459275,-0.006759644,-0.2039345,0.09416744,0.14445347,-0.121146366,-0.18474813,0.033967413,-0.19423385,-0.051976867,-0.06787807,0.11207982,-0.08549339,0.12363965,-0.2353484,-0.066358775,-0.04459966,-0.03998691,0.12941758,0.073500216,-0.03224543,-0.106301844,-0.009487956,-0.082785875,-0.08646661,-0.0712398,-0.06299306,0.1270892,0.018299185,-0.047552913,-0.14107695,-0.057744734,0.11974816,-0.0058977366,-0.018987512,-0.06829236,-0.23935479,0.17472535,-0.20830217,-0.05051097,-0.04753464,0.0021221843,0.0671838,-0.019648736,0.04496983,0.013214964,0.05655933,0.100624815,-0.13326983,-0.00448379,-0.013434205,-0.1770626,0.14645399,0.10635774,0.027220823,-0.10669758,0.11129136,0.05733388,0.06002427,-0.050220005,-0.08972102,-0.011629731,0.09148707,0.1705058,-0.06549156,-0.041354768,0.022279147,-0.12695518,0.030896476,0.07199541,-9.139668e-05,0.16545977,0.082497545,-0.1487864,0.053199444,0.04119841,0.094249554,-0.023243442,0.04653293,0.031362418,0.002770366,0.09478492,0.08464143,0.023343168,0.12595929,0.16882055,-0.059293028,0.07012407,0.035511028,-0.10094129,-0.1667236,0.12808606,0.0005310717,0.10640898,-0.22959168,-0.023760794,-0.11033241
mother,-0.0050829346,-0.0014727212,-0.068653665,0.13847712,0.12766962,-0.07516339,0.10135935,0.22939645,-0.06859694,0.1177786,-0.1338028,-0.058442015,0.019232119,0.047099475,-0.04658787,-0.089287624,0.007989756,0.09627771,-0.024561707,-0.18346162,0.092487745,-0.13088423,0.06560543,-0.08929894,-0.05727203,-0.037442338,-0.07946486,-0.08179556,-0.15902543,0.074568786,0.085955635,-0.014179734,0.020951068,0.0005603547,-0.046806015,0.12561584,0.03374091,-0.08048984,-0.023471301,-0.05825299,-0.08521635,-0.011436811,-0.071871854,0.015147102,0.1550285,-0.050069567,-0.042978946,-0.13770668,0.119369164,0.08074324,0.06307893,-0.057002407,-0.035671562,-0.08951462,0.016799344,0.029130049,-0.06812785,-0.16611677,-0.1722485,-0.05661046,-0.06738704,-0.08343031,0.017564371,-0.08425573,-0.22573577,0.0022202006,0.0878481,0.16679098,-0.21629812,0.14174654,-0.040374596,0.05463412,0.101588145,0.010449006,0.055917565,-0.012498688,0.15273947,-0.116741,-0.17337556,0.011327021,-0.0746417,-0.037045192,-0.13242328,0.2865092,-0.15857513,-0.023387214,-0.086937614,0.06622795,0.1028239,-0.026884474,0.16141826,0.1369065,0.12602633,0.10100955,0.21496882,0.11799527,0.0076189563,-0.0035151269,0.07835198,0.03139271,-0.104833715,0.19151792,0.09412773,-0.07215689,0.003942265,-0.18423134,0.088376455,0.16837469,-0.112394184,-0.18749629,0.0119592585,-0.2004143,-0.035744593,-0.06085181,0.11693464,-0.08194036,0.12729152,-0.24061975,-0.06634829,-0.06447274,-0.056000423,0.13520111,0.061641145,-0.060956113,-0.07494004,-0.0077561163,-0.099737614,-0.08596717,-0.06958788,-0.062976174,0.09896762,0.025599126,-0.035929877,-0.14398673,-0.06602776,0.12092027,-0.016371261,-0.03826446,-0.061790716,-0.21782699,0.19477162,-0.2137493,-0.052182306,-0.0466736,0.016740814,0.048002943,-0.016857846,0.029011771,0.02666236,0.077947244,0.0899686,-0.13401562,-0.0093437135,-0.0035701294,-0.15352811,0.13753495,0.12435942,0.032183807,-0.096308224,0.10856883,0.070508815,0.05467284,-0.049055636,-0.06431251,-0.040649917,0.088960886,0.1626129,-0.06434672,-0.03259322,0.022862583,-0.118278384,0.042661425,0.056973036,-0.0077587627,0.16503479,0.07427664,-0.13700119,0.05415609,0.040842865,0.08769654,-0.0103730345,0.048957683,0.027641494,0.021889627,0.09835771,0.08795249,0.025365116,0.10161417,0.15456635,-0.05173588,0.07742051,0.0184885,-0.07745931,-0.141332,0.11415357,0.003273516,0.10287154,-0.21786419,-0.023440285,-0.09862395
great,-0.039418057,0.030785196,-0.05697082,0.101026416,0.092513695,-0.04665865,0.12530312,0.21120106,-0.06888008,0.10063948,-0.11752657,-0.035835244,0.033120573,0.024411011,-0.037911266,-0.10341622,0.008207279,0.10841197,-0.025939982,-0.20595855,0.08896873,-0.14608338,0.054684326,-0.11540632,-0.07270585,-0.028296463,-0.06497641,-0.11764984,-0.17102252,0.053940628,0.070529886,-0.0053588115,0.0041734455,0.00022803736,-0.049707327,0.103018045,0.018773949,-0.08172677,-0.0142255975,-0.055600792,-0.09812818,-0.0017242249,-0.09029365,0.009271351,0.14380603,-0.06369682,-0.041964162,-0.09584978,0.11480312,0.08687833,0.062498555,-0.042907648,-0.02845615,-0.06854085,0.014297865,0.0058764652,-0.06356707,-0.124981344,-0.15532531,-0.046490107,-0.05512907,-0.102213435,0.029551629,-0.09995818,-0.20926262,-0.0030019945,0.064486906,0.15887482,-0.22741774,0.14145298,-0.023287207,0.08151655,0.098380886,0.020430967,0.03158446,-0.00119605,0.14653641,-0.10845976,-0.14038593,0.017103365,-0.10181795,-0.04282234,-0.1368334,0.27716884,-0.15218852,-0.022018498,-0.04242527,0.06715281,0.11671389,-0.009097221,0.122571506,0.14715086,0.13480546,0.11397262,0.21284738,0.11372243,0.01473487,-0.01963554,0.09446336,-0.0006847889,-0.09750836,0.17215799,0.09320355,-0.07287774,0.022251002,-0.18892126,0.08299583,0.16867602,-0.10517552,-0.1618945,0.02366226,-0.1994693,-0.061603475,-0.060995538,0.11338675,-0.07366932,0.12890884,-0.19839251,-0.07114152,-0.04422472,-0.050681513,0.10884721,0.063348055,-0.040543836,-0.09159096,-0.012500029,-0.10685501,-0.07855908,-0.092772,-0.070999786,0.13939288,0.0151337795,-0.034102026,-0.15515065,-0.060897067,0.10496047,-0.030415278,-0.0074139116,-0.06585284,-0.20303231,0.18726464,-0.17173193,-0.029949954,-0.045726553,0.01124186,0.08523926,-0.024076266,0.038012497,0.006649737,0.06627813,0.103701554,-0.14237069,0.006918212,0.008741389,-0.18192717,0.14820711,0.07826022,0.067458525,-0.10752438,0.113676995,0.07738473,0.05207295,-0.06829832,-0.0749577,-0.021356715,0.11421111,0.18590978,-0.065881416,-0.019868886,-0.0021473046,-0.1321009,0.042762678,0.06929376,-0.00022138059,0.17668109,0.1068112,-0.14563774,0.07368169,0.03818305,0.07993064,0.0028139611,0.047148038,0.04058262,0.025134549,0.10801628,0.10847578,0.041065834,0.100205265,0.18138228,-0.06825744,0.090816274,0.029705212,-0.08935818,-0.16015379,0.13585761,0.010195354,0.116915904,-0.22425543,-0.033435,-0.108574666
am,0.11166173,-0.13276267,-0.057581853,0.33466756,0.28985572,-0.24247399,0.09690893,0.36663932,-0.1337973,0.102305666,-0.15149546,-0.15699698,0.051410645,0.1410595,-0.14973013,0.040240042,-0.05769864,-0.050461188,0.03384564,-0.13776487,-0.06375126,0.020411111,0.044026475,-0.028676648,0.09047682,0.013600718,-0.17049071,0.0072859167,-0.07381206,0.1532328,0.145109,-0.061073508,0.16298212,0.095894024,-0.097491,0.2218917,0.11760792,-0.04208935,-0.07972889,-0.1274666,-0.039516423,-0.10146536,0.013120229,0.020656122,0.22869098,0.023860157,-0.04636716,-0.30224532,0.03788109,0.043037433,0.13016814,-0.12410708,-0.12017214,-0.14484048,0.006779527,0.06604437,-0.10515596,-0.20204014,-0.26076427,-0.035006586,-0.15756854,-0.09280274,0.029134803,-0.06540278,-0.3203764,0.059026558,0.09132805,0.1993203,-0.13607135,0.13638195,-0.18024482,-0.0730691,0.0052703745,0.052886847,0.13669029,-0.017865961,0.08541097,-0.06970338,-0.3150086,-0.017689886,-0.009025661,0.055133246,-0.12829319,0.28584266,-0.20754462,-0.026107565,-0.16687636,0.117176846,0.031217217,-0.138773,0.30325136,0.07816206,0.04068055,0.13293831,0.17556815,0.14395292,0.0646088,0.048987705,0.046047665,0.14811213,-0.23330441,0.18771306,0.05003419,0.0104803825,-0.115009315,-0.09264899,0.12857167,0.13514104,-0.13492242,-0.23772867,-0.047461867,-0.09035216,-0.0007060591,-0.05599689,0.03547666,-0.1019424,0.06936855,-0.36092076,-0.05729632,-0.1414162,-0.0883894,0.21777119,0.06916075,-0.07734721,-0.02858498,0.030985601,-0.13697745,-0.0047544697,0.00384968,-0.07099746,-0.0752725,0.048228685,0.02482865,0.03179944,0.023777656,0.19755308,0.051100265,-0.08921097,-0.10253845,-0.118090704,0.09218087,-0.2952541,-0.117329925,0.022059573,-0.04257049,-0.10124817,0.027594518,0.061418455,0.049649343,0.11113526,0.013043204,-0.16735417,-0.014698103,-0.0047002267,-0.12386235,0.105674244,0.27927718,-0.02594882,0.12352484,0.082823336,0.07750538,0.018809624,0.08895262,-0.049577285,-0.07746806,-0.057783183,0.006447177,-0.0018730029,-0.15673614,0.07640797,-0.0015792724,0.039275277,0.017176492,-0.10099039,0.09634962,-0.029810382,-0.042951923,-0.02768888,-0.00200075,0.13957067,-0.067884915,0.02163028,0.011196942,-0.00021285139,0.062735885,0.052910324,-0.03453069,0.08555886,0.0700843,-0.008456317,0.0081224935,-0.010160622,-0.015593844,0.0056551495,-0.0032697618,0.02334728,0.051234532,-0.11245262,0.054326348,0.016925715
wife,-0.00035831582,-0.0073562874,-0.05557715,0.14598134,0.13078187,-0.083793156,0.10171319,0.22483,-0.06464769,0.099805295,-0.123408385,-0.06509487,0.029920371,0.058552165,-0.046854798,-0.08558031,-0.0044297082,0.08776026,-0.010663084,-0.18351945,0.07356332,-0.11889316,0.046440203,-0.07315605,-0.03828498,-0.037048742,-0.090877935,-0.07155748,-0.15512031,0.07572225,0.08451107,-0.021605942,0.03182239,0.01499262,-0.053893875,0.13018882,0.03526938,-0.06970423,-0.024037907,-0.06947567,-0.077880524,-0.0148866195,-0.07208433,0.018833358,0.1690432,-0.037206445,-0.044835616,-0.14686988,0.11969902,0.07307677,0.07167542,-0.06384027,-0.052691463,-0.09458939,0.0138401715,0.025439814,-0.06939744,-0.1539971,-0.18078215,-0.05313079,-0.068987414,-0.08648484,0.01948205,-0.08802593,-0.23353975,0.009022219,0.084586166,0.16231948,-0.21212858,0.13631186,-0.06585241,0.045665313,0.09714742,0.017182367,0.056942534,-0.0003106212,0.13555872,-0.106184795,-0.1857791,0.002105348,-0.065649144,-0.029415233,-0.11417579,0.2863772,-0.15977684,-0.023341665,-0.090664096,0.07093763,0.08528574,-0.02859852,0.14963406,0.13291547,0.10491015,0.09919866,0.19782755,0.10663735,0.010051556,0.00056047185,0.07955824,0.040131558,-0.116173334,0.17555065,0.08714332,-0.07111386,-0.017962636,-0.16787273,0.082212366,0.15440641,-0.11218382,-0.17629133,0.011458314,-0.17430016,-0.041938026,-0.05498271,0.103801385,-0.0702952,0.11130206,-0.24617076,-0.057497315,-0.057479713,-0.05022942,0.13463557,0.06474527,-0.054041233,-0.06707689,0.0151476925,-0.105233744,-0.07095025,-0.06488114,-0.05321779,0.09086062,0.019938294,-0.023403019,-0.118556514,-0.048896022,0.11726095,-0.017273137,-0.041233156,-0.06027229,-0.18881382,0.17037612,-0.20531997,-0.05266335,-0.033950284,0.009486176,0.045237638,-0.01624494,0.03590292,0.02792643,0.06722614,0.07980804,-0.12974168,-0.015580463,-0.000986145,-0.15381719,0.13405487,0.12590298,0.03924909,-0.072347455,0.105828464,0.06956911,0.054414414,-0.027606497,-0.060568713,-0.03168455,0.07502514,0.14647995,-0.058747917,-0.03989894,0.024311159,-0.112356804,0.04210642,0.04944685,-0.021376753,0.14598453,0.06236097,-0.12526418,0.04935256,0.034030467,0.09461567,-0.021419754,0.034340784,0.019275306,0.027982041,0.09001047,0.088209346,0.02393554,0.101187184,0.14837487,-0.055856727,0.06270611,0.016694037,-0.07587576,-0.12847547,0.111258976,0.0028854092,0.10000854,-0.20128246,-0.016196504,-0.085744485
give,0.09627903,-0.124560565,-0.09886806,0.28754088,0.25072291,-0.2047877,0.094861515,0.31701294,-0.13101856,0.08450816,-0.1622885,-0.15023193,0.04562989,0.12766646,-0.12863499,0.008773961,0.00081021595,-0.0012321974,0.03806698,-0.14948815,-0.018832907,-0.0047953175,0.029072126,-0.03831977,0.07000885,0.0105440505,-0.15066268,-0.0032171533,-0.09412162,0.133425,0.14254591,-0.08370287,0.13840689,0.05814935,-0.0781186,0.22235148,0.12653516,-0.027536346,-0.06005214,-0.124069415,-0.02963292,-0.06264283,0.024205241,0.008428869,0.2204219,0.014318975,-0.03008258,-0.2576415,0.054618336,0.0647963,0.10588212,-0.11489333,-0.09028426,-0.11898463,-0.026784353,0.066675045,-0.104263194,-0.19109991,-0.22883536,-0.038879283,-0.11453024,-0.06041028,0.033357397,-0.051127236,-0.27261662,0.037203014,0.10260242,0.1609185,-0.12112097,0.12153303,-0.17056996,-0.056206126,0.062173028,0.05761819,0.12569231,-0.0171865,0.0852444,-0.07887277,-0.28955784,-0.02133993,-0.04005124,0.02997485,-0.13416174,0.31968558,-0.18615672,-0.03402622,-0.17019458,0.11193701,0.007937395,-0.11100418,0.25556573,0.09015262,0.070266336,0.12096132,0.18975012,0.13207267,0.059879504,0.048786506,0.050963283,0.13066125,-0.1948048,0.19288449,0.05359122,-0.006520856,-0.08230689,-0.106595896,0.112166956,0.12568286,-0.13564816,-0.2120152,-0.014146309,-0.10237369,-0.0023308708,-0.05127059,0.03744621,-0.11053634,0.06406845,-0.35688207,-0.06770632,-0.12590465,-0.07243661,0.20875758,0.07226452,-0.06317266,-0.020521602,0.030177683,-0.10614491,-0.010183315,-0.0041394383,-0.074081,-0.04020813,0.036201235,0.0060833767,0.007408876,0.002753506,0.18475497,0.028597621,-0.09438427,-0.080262646,-0.12212099,0.07038891,-0.2501271,-0.09722906,-0.0016675855,-0.051962856,-0.052483317,0.010172505,0.014479748,0.0520877,0.08703179,0.031866897,-0.15000892,-0.019440625,-0.035162523,-0.10155439,0.10183977,0.23112768,-0.013505331,0.070648424,0.09135981,0.077898316,0.029208817,0.051639266,-0.015871802,-0.07597345,-0.019319993,0.0135897705,0.0040905024,-0.13995232,0.04971318,-0.03036543,0.016694156,0.025409503,-0.07413074,0.089574486,-0.029061621,-0.03752618,-0.002442178,0.012146893,0.14079362,-0.078838386,0.005114771,-0.015275024,0.01201818,0.07838509,0.049420666,-0.0151462685,0.076958805,0.06999655,-0.0232399,0.01970577,0.016407022,-0.022839362,-0.015581272,0.01443113,0.0068192626,0.05952182,-0.12511684,0.01830546,0.01049057
last,-0.053351127,0.044605426,-0.05713778,0.080540195,0.09611419,-0.042638108,0.13909288,0.17679796,-0.0151394475,0.11979343,-0.07116066,-0.013940062,0.016328722,0.031446453,-0.023536501,-0.08723404,-0.01082887,0.112514734,-0.06466127,-0.20908217,0.09311181,-0.17592698,0.065775305,-0.13453859,-0.11768243,-0.027865538,-0.04922079,-0.14537352,-0.1770912,0.053121734,0.06969991,0.0062618786,-0.04923408,-6.775448e-05,-0.077057995,0.09491323,0.00441948,-0.07616993,-0.03032008,-0.05138268,-0.09906979,-0.025823558,-0.081915766,0.011804624,0.16936709,-0.03952954,-0.07885598,-0.11098233,0.13708378,0.09645564,0.01661498,0.014250945,-0.025641568,-0.054025065,-0.0016157787,-0.013241429,-0.044316325,-0.120392054,-0.18121193,-0.06457993,-0.045629412,-0.09983697,0.043676775,-0.08601979,-0.18341047,-0.01855371,0.044290163,0.12989587,-0.23677811,0.14476614,0.001401313,0.10331644,0.10009822,0.035767354,0.047290888,-0.007356281,0.1562037,-0.14369357,-0.11821632,-0.0046355934,-0.111072116,-0.05264157,-0.10974732,0.23242083,-0.13454954,-0.005161682,-0.023916572,0.05360415,0.092353545,-0.008429235,0.1002994,0.161866,0.1359463,0.10940172,0.21049018,0.11003614,-0.01897,-0.03548339,0.08732939,0.013441859,-0.08767353,0.15005125,0.09255795,-0.08649037,0.007751136,-0.2096145,0.075426154,0.120807275,-0.067286804,-0.20665696,0.056627847,-0.18893157,-0.08581139,-0.090263486,0.13786939,-0.09949057,0.11821483,-0.17773955,-0.048311215,-0.04403905,-0.037602544,0.12512805,0.076522544,-0.0151129635,-0.13553685,-0.046794467,-0.08842719,-0.08206215,-0.102400236,-0.043891367,0.14704446,0.04476438,-0.039763022,-0.18136834,-0.08036862,0.076933034,-0.018619476,0.011879451,-0.08159667,-0.25457692,0.19686638,-0.16733487,-0.022061879,-0.07848775,0.03866066,0.09395175,-0.020149345,0.0510347,-0.000824742,0.070493884,0.09303619,-0.13312109,-0.0054139956,-0.011438605,-0.1947608,0.13659917,0.08665771,0.05578356,-0.102242395,0.09769597,0.057716,0.08137902,-0.059950054,-0.10889475,-0.012603469,0.09329443,0.20095508,-0.050196968,-0.0023862438,0.026925761,-0.12271074,0.021391222,0.07133721,0.016595848,0.18769051,0.11347857,-0.1482532,0.055327285,0.017836384,0.04930443,0.020956572,0.06155329,0.06273095,0.00038117776,0.08733832,0.08602215,0.0049088732,0.100650825,0.17994331,-0.09114216,0.060064636,0.012873461,-0.070067935,-0.16704336,0.15987653,0.035565935,0.124557436,-0.23684575,-0.033056617,-0.08880764
over,-0.03689452,0.035116233,-0.06523917,0.09767875,0.077797554,-0.02814081,0.10700043,0.19843177,-0.05847911,0.098675266,-0.12632659,-0.017134303,0.019872887,0.029783849,-0.0215855,-0.111437716,0.0104078585,0.12092557,-0.040739227,-0.19802971,0.10900078,-0.15413786,0.04817248,-0.10411697,-0.09097175,-0.034900844,-0.07057904,-0.117821865,-0.16963084,0.04995403,0.075759776,-0.0063778376,-0.022756737,-0.018394927,-0.04454139,0.09991833,0.0042006215,-0.07558927,-0.017767334,-0.03390248,-0.083627835,0.0055768536,-0.10064607,0.014712241,0.13526684,-0.065175265,-0.03330547,-0.08387861,0.124285966,0.07998071,0.060871027,-0.030539362,-0.021855693,-0.06624885,0.016108237,0.01843255,-0.05569632,-0.12962155,-0.16834742,-0.0576397,-0.04872969,-0.0817194,0.015568288,-0.09418434,-0.19543529,-0.0071402187,0.07378248,0.17195559,-0.2261793,0.1383918,-0.012736651,0.091912754,0.10238036,0.0020755513,0.036273394,0.0061971517,0.15259624,-0.11980566,-0.1413575,0.01869482,-0.09541519,-0.050950352,-0.12340216,0.262966,-0.13769487,-0.029783985,-0.047285084,0.06281032,0.12258639,-0.0030250004,0.13110393,0.14597812,0.1296234,0.10552177,0.20966578,0.10877307,0.004144575,-0.008843005,0.086330906,0.015245108,-0.08422343,0.19161646,0.11806307,-0.08964427,0.012800207,-0.20308965,0.0883629,0.16580878,-0.112299584,-0.16382422,0.03555528,-0.21634872,-0.059170794,-0.06181652,0.1279381,-0.072898366,0.1283822,-0.20827855,-0.07648497,-0.031359203,-0.039760854,0.098936774,0.067468494,-0.035756066,-0.101427875,-0.0136838,-0.0887214,-0.100216694,-0.08944526,-0.056352302,0.14410155,0.009721949,-0.03422555,-0.17261975,-0.06702232,0.10381293,-0.014395322,-0.003882735,-0.054132726,-0.22806776,0.2028511,-0.17967768,-0.025854144,-0.05890843,0.011147542,0.087477945,-0.030572614,0.036773168,0.004315986,0.055588648,0.10193181,-0.13743523,0.0049631507,-0.006709447,-0.17503843,0.15326358,0.08097742,0.044064693,-0.14162154,0.12072482,0.06680798,0.05562896,-0.06488893,-0.08801291,-0.013135412,0.11647728,0.19272012,-0.080714405,-0.018884337,0.0066306363,-0.13732497,0.030508291,0.07104784,0.0034475892,0.18099327,0.1051438,-0.15986034,0.07475465,0.045303505,0.07167611,0.0031605943,0.063035436,0.03319163,0.021582553,0.10047529,0.10136891,0.042068165,0.11038822,0.17611782,-0.050013043,0.08583689,0.036237348,-0.108728014,-0.17267938,0.1354133,0.0032032449,0.10822327,-0.22945963,-0.038980708,-0.11368315
way,-0.026495278,0.019606838,-0.072922,0.12169682,0.102705255,-0.063093096,0.10773573,0.21930759,-0.06671431,0.10494029,-0.12528512,-0.040178232,0.024431117,0.034286883,-0.04472898,-0.10038905,0.0056773243,0.10023434,-0.03246995,-0.19130534,0.093857236,-0.14241797,0.060335852,-0.09856818,-0.06860614,-0.03730841,-0.082334876,-0.112559386,-0.16862893,0.057906125,0.085802495,-0.016883666,-0.0036655166,-0.0039147073,-0.040951252,0.1162942,0.02131373,-0.08087542,-0.014907085,-0.061191864,-0.0828002,-0.00080954656,-0.09157652,0.019837942,0.1487718,-0.05349848,-0.046893552,-0.108533956,0.12118089,0.082616195,0.060339108,-0.041874498,-0.0265652,-0.069779225,0.005479813,0.025847228,-0.055271413,-0.1380091,-0.17930655,-0.05178262,-0.055767428,-0.088834845,0.022470415,-0.100225456,-0.2184514,0.0009969521,0.077784784,0.1640662,-0.23072727,0.13810565,-0.031009855,0.08063537,0.09651414,0.009718493,0.05464116,0.0053077703,0.13788095,-0.112831995,-0.16823128,0.02373696,-0.099651836,-0.0379304,-0.13493203,0.27474836,-0.16297121,-0.031031612,-0.071441084,0.07086703,0.10453049,-0.0072869617,0.14499187,0.14320317,0.12346255,0.10368974,0.21653113,0.11186634,-0.00036644933,-0.003953141,0.08751085,0.018104153,-0.10084796,0.19039455,0.10284885,-0.078514375,0.007304681,-0.19152972,0.09459632,0.16278704,-0.12005252,-0.1637093,0.029815072,-0.20090862,-0.052390244,-0.06076547,0.113097936,-0.06498732,0.124998406,-0.21515235,-0.06988574,-0.04704584,-0.051666226,0.12175727,0.0671868,-0.0460607,-0.09998608,-0.003953491,-0.09391953,-0.08861279,-0.07082842,-0.07263932,0.13492249,0.014155659,-0.032131117,-0.13741167,-0.054649606,0.10622437,-0.0138856,-0.022783995,-0.064672455,-0.21371046,0.17918935,-0.19151534,-0.040107254,-0.047749694,0.0032345345,0.071568646,-0.021494295,0.031878967,0.00022157094,0.068765156,0.10623273,-0.1308264,0.0012203855,-0.0020543633,-0.16905496,0.14339976,0.100644216,0.042232174,-0.1068284,0.11504425,0.071318135,0.04646376,-0.052069377,-0.08655471,-0.019229135,0.10121768,0.17507182,-0.07987898,-0.032261424,0.010019854,-0.13155746,0.029847976,0.06497387,0.00067703315,0.16270413,0.09137123,-0.14562997,0.066179834,0.033764236,0.087421514,-0.005126532,0.052495975,0.02643302,0.02759999,0.09405661,0.100663826,0.03364262,0.105309725,0.16422513,-0.051820334,0.081206396,0.028860575,-0.089613,-0.15796824,0.13589607,0.0045407503,0.10447524,-0.20811786,-0.030876193,-0.102647536
long,-0.021141194,0.0012443884,-0.06776656,0.13721114,0.12362658,-0.080852106,0.13429385,0.22126608,-0.075868174,0.11146592,-0.11991132,-0.05838834,0.024004724,0.040061764,-0.051248018,-0.06874729,-0.009630684,0.079798214,-0.016690254,-0.18359141,0.05646662,-0.12427332,0.05755615,-0.118269816,-0.03966169,-0.01077676,-0.080735266,-0.09602544,-0.1702329,0.06508959,0.068160765,-0.012525196,0.029901696,0.01248071,-0.04873101,0.1413507,0.048218876,-0.052250266,-0.029778099,-0.088923916,-0.08567523,-0.01624323,-0.08883528,-0.011277392,0.1802684,-0.039407056,-0.05758083,-0.14247696,0.10527449,0.0732141,0.07795345,-0.046576764,-0.0386574,-0.08046747,0.018823706,0.015908979,-0.05861119,-0.14785942,-0.18095501,-0.04634646,-0.09072449,-0.10649737,0.028657744,-0.087622225,-0.24655555,0.010973184,0.040228948,0.16717729,-0.23438524,0.14386715,-0.042821884,0.061872818,0.09054361,0.026538964,0.05039349,-0.01587204,0.12933344,-0.11408924,-0.18473282,0.027569879,-0.109028146,-0.041828707,-0.13360162,0.2905344,-0.18748277,-0.032406606,-0.082873665,0.08041321,0.08564721,-0.041769966,0.16720055,0.13411388,0.13578229,0.11244072,0.22897315,0.1152106,0.031295616,-0.0017510981,0.076066755,0.05051163,-0.11885716,0.17437148,0.08000229,-0.057004318,0.009075134,-0.18740384,0.081884146,0.1635465,-0.12482554,-0.19016948,0.017011315,-0.19243588,-0.051367212,-0.05084772,0.10005137,-0.09084156,0.11168811,-0.24733953,-0.087852105,-0.05151088,-0.05585466,0.1379178,0.05670016,-0.04697258,-0.08778938,-0.0010466175,-0.11710048,-0.069528915,-0.068632215,-0.07278732,0.0928123,0.032179087,-0.03545899,-0.10980469,-0.05052079,0.12565471,-0.014466937,-0.027363148,-0.063087784,-0.20840085,0.17663132,-0.19032791,-0.055907205,-0.02977137,-0.00635966,0.031981956,-0.024233775,0.03795783,0.0061380714,0.058688544,0.086560376,-0.15784502,0.006161994,-0.006919168,-0.17096066,0.13975717,0.10848192,0.046170074,-0.061232504,0.118598685,0.090682626,0.04506853,-0.054917097,-0.06626055,-0.04407978,0.0902396,0.15011975,-0.05535024,-0.04351192,0.030174479,-0.1179136,0.0313449,0.059483755,-0.023572676,0.17614946,0.08086798,-0.10648767,0.04606208,0.026057657,0.09933801,0.006858434,0.043903723,0.026238816,0.015137171,0.11144865,0.10704927,0.032224875,0.0868516,0.15972991,-0.077347375,0.08675822,0.008973008,-0.087715685,-0.14267187,0.13311537,0.005784766,0.10302626,-0.21764018,0.010993255,-0.09960194
once,-0.03526509,0.013822742,-0.047395095,0.11310666,0.11582874,-0.05484747,0.11688725,0.21888892,-0.05460422,0.12136935,-0.10650635,-0.035683636,0.026451714,0.032935437,-0.044976838,-0.10266873,-0.0063559418,0.11102248,-0.03225327,-0.20571406,0.0760174,-0.13895662,0.06841823,-0.10525671,-0.07287351,-0.031901047,-0.07004063,-0.103589825,-0.17510429,0.06948488,0.07723956,-0.016586369,0.0064589144,-0.0077930675,-0.06184139,0.10923561,0.024262432,-0.08327973,-0.023658816,-0.07183955,-0.083221905,-0.024581632,-0.07908131,0.016320642,0.17067668,-0.04785262,-0.04961835,-0.1249554,0.12634353,0.08362739,0.046322275,-0.026452826,-0.026718091,-0.080816716,0.025864601,0.0066575245,-0.06945879,-0.15133972,-0.1716285,-0.061650958,-0.07959847,-0.1079303,0.03693551,-0.09146315,-0.2227141,-0.009203952,0.06460622,0.16379629,-0.24523929,0.14716245,-0.033182275,0.08042935,0.09503717,0.035341803,0.05331053,-0.0045369137,0.15129848,-0.1251919,-0.15900598,0.020493267,-0.1055347,-0.04222,-0.1378117,0.28309253,-0.17224212,-0.010816748,-0.06801885,0.07510453,0.09823936,-0.02594522,0.14427717,0.14844207,0.13138343,0.10527642,0.20838872,0.12791419,0.0018084546,-0.004266204,0.105571575,0.019680956,-0.10252685,0.1747503,0.095403105,-0.076570265,0.019782739,-0.1911557,0.08258695,0.15886259,-0.10313301,-0.1882921,0.03156266,-0.20404007,-0.07278769,-0.081995785,0.117917955,-0.09337018,0.11653824,-0.223779,-0.07590265,-0.051739663,-0.03776408,0.13167366,0.07518187,-0.03197299,-0.09334089,-0.007119798,-0.10306692,-0.08819995,-0.07741756,-0.0688249,0.120922714,0.025643246,-0.036068797,-0.16079938,-0.055389166,0.110011026,-0.01883602,-0.01938511,-0.07603763,-0.23500635,0.19992231,-0.20299213,-0.048824467,-0.047849365,0.009177007,0.071773596,-0.029582407,0.047605798,0.020351242,0.06582304,0.099711895,-0.15507434,-0.0008574909,-0.00808228,-0.18666677,0.1445704,0.10203501,0.05015995,-0.08705209,0.12267407,0.0788371,0.05829757,-0.0619433,-0.08472797,-0.021905947,0.09664368,0.19112654,-0.05594392,-0.018679762,0.020423528,-0.12753403,0.040812902,0.060422633,0.0045535145,0.17484094,0.086495675,-0.15186757,0.057783466,0.042482685,0.08058418,0.00071334874,0.04850075,0.042478308,0.007289545,0.117206104,0.11128537,0.025813963,0.09553066,0.18279485,-0.0746432,0.09243053,0.016343419,-0.093516044,-0.1732491,0.14920908,0.023144722,0.118462525,-0.24027596,-0.017828692,-0.10565017
two,-0.03173804,0.020975046,-0.07176509,0.12478529,0.10890443,-0.06197676,0.11785732,0.22143051,-0.06715298,0.11287029,-0.119790874,-0.045715,0.033598647,0.0442462,-0.04399025,-0.10278065,0.008104807,0.112814926,-0.027776543,-0.20322382,0.09507442,-0.1461597,0.06835782,-0.10400468,-0.07348912,-0.035584196,-0.07303437,-0.09706491,-0.16810328,0.060377616,0.08031484,-0.008683549,0.013394287,-0.00044050685,-0.05792359,0.1154248,0.01942476,-0.07986982,-0.020164428,-0.057714544,-0.10072665,-0.004250057,-0.07913993,0.011001465,0.15750304,-0.06354475,-0.051829096,-0.11871189,0.1339854,0.086897664,0.05832245,-0.047085043,-0.036001597,-0.08021579,0.02025011,0.019513398,-0.06438758,-0.14387287,-0.17693798,-0.04917835,-0.06401734,-0.09666618,0.026420007,-0.101242796,-0.22970302,-0.0055564605,0.06330454,0.16824764,-0.23959664,0.14855945,-0.027009618,0.0858208,0.10650774,0.021013664,0.05590353,-0.009930785,0.15175459,-0.12005705,-0.16816655,0.020387297,-0.10295158,-0.048974723,-0.13706462,0.2847287,-0.16938604,-0.022897989,-0.065134265,0.07389573,0.11527043,-0.01528171,0.14126386,0.14870366,0.14220764,0.119840845,0.22654201,0.12107069,-0.0009481978,-0.015498669,0.09101048,0.018684214,-0.10713416,0.18501669,0.10159125,-0.07735053,0.008089192,-0.19363296,0.0929433,0.16724657,-0.105680875,-0.19039664,0.0223238,-0.21259077,-0.048112452,-0.07326473,0.11993399,-0.07885468,0.1270321,-0.22466013,-0.07708032,-0.052538916,-0.048470102,0.13761157,0.0655762,-0.03904944,-0.09162048,-0.012860897,-0.11335463,-0.08572746,-0.08225412,-0.06877022,0.13823865,0.01594967,-0.036104634,-0.15077047,-0.062181354,0.1094638,-0.028169818,-0.025242658,-0.0675575,-0.22707282,0.19997364,-0.19698879,-0.046174917,-0.050967228,0.014294415,0.07660773,-0.027291689,0.042141408,0.01349074,0.07388045,0.11085863,-0.1440962,0.005317573,-0.0067446562,-0.18007138,0.14218298,0.09791475,0.053279817,-0.11042862,0.12404355,0.08085341,0.06397856,-0.05298959,-0.08527442,-0.03332762,0.11199615,0.17690958,-0.07757375,-0.02495359,0.013978233,-0.1407522,0.04615614,0.077030465,-0.0006007692,0.17813218,0.0975669,-0.15138406,0.05988024,0.043454785,0.08696126,-0.0023767839,0.0586296,0.032172903,0.019382197,0.10936287,0.11126103,0.030208325,0.10043564,0.1802972,-0.0621944,0.085191175,0.016938776,-0.088813916,-0.16599827,0.14304999,0.010574933,0.106808394,-0.24043562,-0.028258309,-0.1079973
after,-0.034202617,0.03357331,-0.059133954,0.105892204,0.0924882,-0.039368927,0.10621899,0.20466888,-0.060364638,0.10629254,-0.11596087,-0.0298198,0.017993085,0.034700144,-0.03212518,-0.10172621,0.011912084,0.11988893,-0.03640675,-0.19836128,0.09531343,-0.14900793,0.056091286,-0.1084675,-0.0794614,-0.03811225,-0.0722134,-0.10829419,-0.18311863,0.054359097,0.06904352,-0.0040939795,-0.015233137,-0.009471843,-0.043069147,0.10784567,0.0046881055,-0.07849974,-0.01644277,-0.053591017,-0.096264295,0.006254757,-0.09194086,0.014707048,0.15269667,-0.069516875,-0.05023434,-0.104206674,0.124779694,0.08408819,0.056746423,-0.03249509,-0.02436605,-0.07635731,0.02210878,0.008646492,-0.06474765,-0.14414644,-0.17087296,-0.063926645,-0.0584338,-0.08334562,0.017994015,-0.10413737,-0.2074774,-0.0120474575,0.06579948,0.16348828,-0.2393195,0.14462088,-0.02231268,0.09522602,0.103669114,0.008114274,0.04476171,0.0012828973,0.14747195,-0.12371431,-0.13937682,0.022517458,-0.09399614,-0.0467654,-0.13235915,0.27695286,-0.1527098,-0.01863673,-0.058362376,0.06685044,0.11045587,-0.0101527,0.12383218,0.14060707,0.13124584,0.10104068,0.21608688,0.105138876,0.0033574007,-0.0184594,0.08756276,0.014418347,-0.09208035,0.18701735,0.09267311,-0.091464505,0.014533959,-0.20448516,0.07441956,0.17054135,-0.1024162,-0.17380181,0.030231189,-0.200532,-0.056758657,-0.06138222,0.13004887,-0.07144174,0.12947531,-0.2041932,-0.07232258,-0.043601736,-0.04157518,0.10828248,0.06187342,-0.029864933,-0.09281368,-0.016084157,-0.09734524,-0.09570752,-0.08364413,-0.06711355,0.14361788,0.021742068,-0.038884062,-0.15679914,-0.06510581,0.10840732,-0.028031193,-0.0150523,-0.060054053,-0.22611128,0.1941233,-0.19098878,-0.032952253,-0.057284176,0.010643967,0.07785072,-0.03241579,0.04648186,-0.0028345413,0.061903007,0.11570511,-0.13376535,0.003539836,0.0056766723,-0.18188962,0.1439586,0.09274174,0.051483385,-0.12365523,0.11505844,0.07434918,0.054573987,-0.06977678,-0.0758223,-0.02913721,0.12258676,0.19189961,-0.074726805,-0.016775051,0.0060469196,-0.14452775,0.03321215,0.06656623,0.008887304,0.17462204,0.104555726,-0.15009983,0.078352906,0.038864665,0.08152804,0.013681245,0.05358446,0.04090835,0.027509822,0.104770795,0.10814578,0.03768265,0.10028411,0.16825707,-0.06496323,0.08591976,0.027356382,-0.09647366,-0.1731826,0.14879067,0.005074353,0.1115006,-0.2438271,-0.024111431,-0.11611261
been,0.009920653,-0.028460715,-0.06384761,0.17598727,0.17191145,-0.11928136,0.11660047,0.24617623,-0.07538624,0.11367899,-0.11790377,-0.088833876,0.03802821,0.07723458,-0.0909071,-0.059224874,-0.012659291,0.06908804,0.005357158,-0.17583482,0.055878554,-0.09768173,0.06043554,-0.09202238,-0.0053549255,-0.015658809,-0.102961875,-0.0843333,-0.13765317,0.07124581,0.08060988,-0.019435098,0.054046232,0.034643024,-0.06355178,0.1574592,0.053808004,-0.05065691,-0.04162334,-0.08796607,-0.07959666,-0.032906428,-0.051057957,-0.0010848041,0.17922996,-0.02763957,-0.061781127,-0.17762665,0.11226775,0.065041654,0.081113584,-0.066160396,-0.063139476,-0.08532124,0.004901569,0.018898986,-0.06363473,-0.15803479,-0.18711627,-0.039396532,-0.09309881,-0.10727449,0.02427989,-0.07017489,-0.24903505,0.0044469084,0.058047414,0.1675736,-0.20765293,0.13223743,-0.08179447,0.020236047,0.08180976,0.03878969,0.0539143,-0.021250902,0.12345425,-0.09271971,-0.21033166,0.009682522,-0.09467864,-0.020521346,-0.13737161,0.291151,-0.18403669,-0.026734155,-0.10026293,0.08501715,0.068918034,-0.062171478,0.16928647,0.13640554,0.11694303,0.11520674,0.21065663,0.11315007,0.019432833,0.009746845,0.0823683,0.049651474,-0.1463268,0.1662931,0.06195309,-0.04782056,-0.012880779,-0.15294212,0.0960672,0.1497074,-0.119353175,-0.20472011,0.009776379,-0.18166429,-0.022379609,-0.06776982,0.07590164,-0.08137311,0.09742503,-0.25929323,-0.0757642,-0.07103872,-0.057138447,0.15830131,0.07154614,-0.062704876,-0.0730232,-0.0013388607,-0.11894376,-0.045430787,-0.07099185,-0.07123931,0.068477236,0.03403501,-0.016071307,-0.10840839,-0.040105432,0.13748008,-0.024399595,-0.05183305,-0.07512518,-0.16885224,0.17029151,-0.20760824,-0.06710796,-0.03739966,0.002800484,0.014773219,0.0018660057,0.0341643,0.020514484,0.08280173,0.073561385,-0.15258051,0.0014536073,-0.007381418,-0.14735082,0.12348911,0.12899604,0.03709726,-0.040394902,0.114431925,0.08159917,0.02902116,-0.021787057,-0.052327503,-0.06411713,0.063769855,0.12730537,-0.0598439,-0.061595917,0.035663623,-0.09537122,0.034945913,0.053016853,-0.024949288,0.14128238,0.058729474,-0.09114613,0.031227192,0.033839837,0.10605712,-0.029375764,0.025349258,0.0155693125,0.014340164,0.10112625,0.099565946,0.016667698,0.089830615,0.13381006,-0.06772025,0.06053457,0.0024723094,-0.053980906,-0.08638968,0.108729005,0.012434554,0.0868377,-0.19575226,-0.00418533,-0.07530077
more,-0.0012003634,-0.026914068,-0.0710607,0.1835931,0.1690402,-0.10777167,0.12788062,0.2549753,-0.07828657,0.10107131,-0.1455993,-0.07530231,0.022282338,0.055991646,-0.06464387,-0.07694214,-0.002616491,0.08419947,-0.0016774541,-0.20468017,0.06702478,-0.11300234,0.048974864,-0.08887287,-0.045499526,-0.028193723,-0.089165054,-0.07494689,-0.16817656,0.09452539,0.09858673,-0.041728843,0.047046736,0.010336674,-0.046482045,0.15258129,0.050528217,-0.076106794,-0.02945005,-0.09344152,-0.08097943,-0.035253346,-0.06572653,0.013623049,0.19188268,-0.0443294,-0.050681237,-0.1573073,0.116006926,0.08640257,0.06586305,-0.06706884,-0.06924394,-0.10152846,0.015436733,0.023364559,-0.067867905,-0.18186672,-0.19074361,-0.05150249,-0.09823741,-0.09976815,0.034402058,-0.08148892,-0.2659279,0.019453391,0.07104226,0.17116298,-0.21666537,0.16061111,-0.070374265,0.05903398,0.091627315,0.043310236,0.08044638,-0.013888987,0.13911864,-0.114997394,-0.21386693,0.0037847713,-0.081715375,-0.025621966,-0.1448823,0.3183359,-0.18889351,-0.01638706,-0.1029279,0.094558656,0.09137903,-0.040722914,0.17590636,0.13680485,0.12075956,0.1313447,0.22250548,0.13093632,0.014483002,0.008915072,0.0905762,0.06920807,-0.14061779,0.20078824,0.095307805,-0.05135385,-0.013301257,-0.18262087,0.09442291,0.17289093,-0.12939471,-0.19242106,0.011967479,-0.19024618,-0.053244397,-0.0664657,0.11081134,-0.09034292,0.11492532,-0.2825308,-0.07807215,-0.07339947,-0.063105516,0.16252403,0.060139276,-0.057087634,-0.07200043,-0.008735943,-0.1092714,-0.08022389,-0.06475771,-0.08852606,0.078518465,0.025965912,-0.03002443,-0.111924976,-0.038288333,0.14259933,-0.0054694703,-0.04827576,-0.06273522,-0.22067897,0.1860489,-0.22928657,-0.07263878,-0.03244714,-0.00040524526,0.035695355,-0.015228092,0.034616526,0.03183531,0.069759645,0.096832626,-0.1598425,-0.010803712,-0.020284478,-0.17783086,0.15031657,0.14600797,0.04210915,-0.05952405,0.11723149,0.075196564,0.04053677,-0.019381562,-0.06526287,-0.041220892,0.080624096,0.1540251,-0.045206647,-0.06318171,0.018655794,-0.1249746,0.047015663,0.0629535,-0.02474271,0.16767,0.06655574,-0.1267887,0.04073128,0.032141853,0.11835585,-0.01621148,0.03888896,0.037883792,0.012173736,0.118754305,0.10591886,0.014768873,0.104339406,0.16142477,-0.061223,0.08782722,0.010507435,-0.09079424,-0.14063331,0.11586906,0.020592121,0.10601129,-0.23678647,0.008542747,-0.08712556
some,0.002132152,-0.012407754,-0.07320272,0.1601883,0.14965396,-0.0976014,0.1302772,0.25985757,-0.087189674,0.10836948,-0.1431069,-0.07578564,0.027213657,0.059946205,-0.066191636,-0.07105186,0.005510548,0.08667057,-0.02151545,-0.19574383,0.07625125,-0.119707935,0.06203502,-0.10663782,-0.046129927,-0.02199838,-0.097579196,-0.08405391,-0.1582393,0.07937261,0.103025526,-0.017557018,0.033983488,0.01170716,-0.06135432,0.14900546,0.049115267,-0.066016644,-0.028392797,-0.084788844,-0.08719679,-0.021915179,-0.06722234,0.0118503235,0.1730939,-0.045427475,-0.043361455,-0.15245783,0.12228002,0.07910972,0.06860589,-0.062080555,-0.038746502,-0.09128046,0.011437725,0.03009843,-0.06486813,-0.1591758,-0.18344593,-0.048642963,-0.07723982,-0.08761466,0.02442765,-0.09019164,-0.24444173,0.014323139,0.06818025,0.17215343,-0.22178192,0.15291657,-0.058095112,0.053261522,0.10039174,0.029836006,0.06748347,-0.015085506,0.14059119,-0.11127785,-0.19548862,0.017087607,-0.092511736,-0.02945033,-0.14129737,0.30253455,-0.18472208,-0.029937396,-0.08391752,0.07949019,0.09637435,-0.032850172,0.17715791,0.13918407,0.1283296,0.12325459,0.22326218,0.12844093,0.0100599155,-0.0010716256,0.088112004,0.05250565,-0.12384437,0.19075876,0.08707002,-0.051367123,-0.014595093,-0.18418474,0.096353486,0.16428651,-0.12738048,-0.20085156,0.014360744,-0.18821739,-0.04657217,-0.057334322,0.09907256,-0.08932777,0.12397544,-0.25844935,-0.07582018,-0.07020888,-0.05825571,0.15032566,0.06319529,-0.055556834,-0.07621045,-0.00275993,-0.11674955,-0.06547324,-0.06374937,-0.06835679,0.094697274,0.01419049,-0.02990869,-0.11719597,-0.055395965,0.130552,-0.010161742,-0.03967174,-0.06007997,-0.20303726,0.17553066,-0.2131896,-0.051516578,-0.04004408,0.005415059,0.05015298,-0.02462569,0.026692687,0.02069223,0.07216243,0.087941416,-0.14688665,-0.0025629676,-0.009097868,-0.1687234,0.14700405,0.13264178,0.045087017,-0.07335389,0.12140806,0.07728667,0.055162244,-0.039385397,-0.07927633,-0.039760336,0.0908897,0.1385286,-0.06060357,-0.05398874,0.02664178,-0.1263239,0.043998566,0.06579704,-0.014159398,0.15968917,0.071658745,-0.13056386,0.042869274,0.040090386,0.10238596,-0.014516513,0.042871665,0.02361337,0.025080113,0.10787793,0.104347475,0.021967256,0.08929295,0.1581252,-0.05566756,0.06552601,0.021000298,-0.08310955,-0.13394499,0.104692504,0.0062183244,0.10653544,-0.21355146,-0.011941182,-0.09696463
put,-0.04495741,0.036585983,-0.06910855,0.10343364,0.076016925,-0.038339555,0.09888964,0.20960948,-0.061540414,0.09894763,-0.12664372,-0.015881037,0.032200545,0.029439617,-0.017251384,-0.10923008,0.0075136665,0.1165642,-0.03588977,-0.19048044,0.11251849,-0.15144888,0.060302243,-0.10058287,-0.08963306,-0.039311126,-0.06951854,-0.123741254,-0.16244484,0.043078527,0.06479768,-0.010555315,-0.021897238,-0.01853657,-0.035960436,0.094637,-0.0022859955,-0.07558972,-0.0089387,-0.040265795,-0.090982325,0.0047156387,-0.0947528,0.025724292,0.11423101,-0.067300126,-0.039314058,-0.082556844,0.12538162,0.08597056,0.049068775,-0.041754752,-0.006742162,-0.069114424,0.00851802,0.02267948,-0.04790773,-0.12638836,-0.16328411,-0.052815612,-0.035938345,-0.07095048,0.017130008,-0.0903418,-0.1847704,-0.0023233648,0.07433515,0.15294272,-0.22247641,0.14029275,-0.001980871,0.0846452,0.096891284,-0.002572939,0.03958667,0.0077763274,0.15539004,-0.11155064,-0.13449907,0.019563781,-0.08187234,-0.055977095,-0.12299598,0.24769819,-0.13873334,-0.04231396,-0.049817145,0.06504279,0.119539864,0.00940442,0.120382115,0.13468438,0.12874828,0.08945463,0.20484425,0.1092708,-0.010423399,-0.020289768,0.08887221,0.011516968,-0.07655886,0.1826908,0.110175006,-0.08086161,0.00958139,-0.1938897,0.08592208,0.15418237,-0.10648915,-0.15520754,0.039392505,-0.20062979,-0.0513994,-0.06781964,0.1211313,-0.06304257,0.1288134,-0.1904638,-0.07537984,-0.03158499,-0.030975532,0.097581364,0.056534667,-0.027181095,-0.102038085,-0.0049595125,-0.08407966,-0.088239126,-0.09079478,-0.055650856,0.15314159,-0.0032422065,-0.03336239,-0.15599282,-0.06647834,0.097378016,-0.012681346,-0.009069873,-0.053015493,-0.21608296,0.18784018,-0.18094517,-0.02645692,-0.062259533,0.010094279,0.08399485,-0.018955309,0.0240002,-0.0008085084,0.052182864,0.10363364,-0.12322409,-0.00019901477,-0.010155952,-0.1716156,0.1291883,0.066868074,0.049085375,-0.13661031,0.10549991,0.051520675,0.051818296,-0.07152228,-0.09073375,-0.0096807275,0.11071737,0.17790438,-0.078283824,-0.016002897,0.019124862,-0.147617,0.03982567,0.068064004,0.0145415375,0.1553126,0.10160729,-0.15221919,0.06657232,0.04686205,0.07007032,0.0036691483,0.054982778,0.023331793,0.029614864,0.09383566,0.096070774,0.03521535,0.11430489,0.16565229,-0.054645885,0.06824291,0.033437047,-0.102859065,-0.16886744,0.13767922,-0.0048045735,0.10101842,-0.21515615,-0.042837564,-0.11710782
an,-0.009966826,0.0068025608,-0.05855047,0.15007912,0.12935317,-0.07314887,0.112729274,0.23173995,-0.060810886,0.1280441,-0.12976012,-0.051185615,0.02541522,0.04321914,-0.048372265,-0.09143044,-0.0030816596,0.103528045,-0.039810315,-0.2143834,0.1012476,-0.13639513,0.0756674,-0.1078803,-0.06861638,-0.04194769,-0.07614028,-0.09000559,-0.18048725,0.07449595,0.09313045,-0.0073474715,0.009776885,0.000105398474,-0.055532355,0.12155916,0.0384968,-0.082926154,-0.024153352,-0.066464454,-0.1005512,-0.01733976,-0.08265962,0.014190001,0.17714207,-0.05020896,-0.05226151,-0.13004833,0.13564335,0.09542709,0.066858865,-0.04879843,-0.044420943,-0.08086796,0.020647565,0.02330702,-0.07677424,-0.16248366,-0.18811502,-0.05996156,-0.0715659,-0.082081884,0.039707713,-0.10613317,-0.24122323,0.004070523,0.06552408,0.17568384,-0.23699185,0.14944607,-0.026452713,0.06711102,0.09784146,0.027444104,0.056526985,0.0016544525,0.15251005,-0.12365767,-0.17291628,0.012964452,-0.09329783,-0.03652446,-0.12037223,0.29617867,-0.1718607,-0.017894482,-0.06958334,0.08653022,0.10286879,-0.025855066,0.15320529,0.14167318,0.12965816,0.12840642,0.22910371,0.13178651,0.011293707,-0.023425845,0.09714338,0.024164826,-0.117636904,0.189333,0.08783888,-0.07946942,0.0065947482,-0.20301303,0.10290677,0.1701773,-0.1062277,-0.18376906,0.029700274,-0.20474397,-0.059482116,-0.057442684,0.12150332,-0.07713966,0.1201166,-0.23566847,-0.07130227,-0.047394942,-0.045872647,0.13655631,0.07906673,-0.03816013,-0.092867896,0.00069593015,-0.10388948,-0.07253334,-0.08595423,-0.0639925,0.12971564,0.018407432,-0.044455376,-0.15276279,-0.059005734,0.11661821,-0.035014153,-0.028363567,-0.065023564,-0.22732747,0.20582807,-0.21701209,-0.049741127,-0.05079481,0.013445006,0.065716825,-0.013364952,0.057966597,0.014533961,0.08061448,0.10673835,-0.15473114,0.0074906205,-0.0033897175,-0.19471039,0.13998966,0.11849235,0.04275588,-0.09705069,0.12365313,0.06380737,0.05297914,-0.046255205,-0.08713221,-0.0448651,0.10483503,0.18320963,-0.060758714,-0.029377481,0.028944874,-0.14334838,0.04363587,0.07595463,-0.011982261,0.17985234,0.0941577,-0.15182321,0.05571395,0.04221894,0.08671658,-0.020781633,0.05773385,0.051850338,0.012915741,0.11202111,0.09595021,0.02242992,0.109439895,0.18470548,-0.06221249,0.085699,0.025573833,-0.07914587,-0.15533186,0.12438596,0.0019507254,0.11440826,-0.2283584,-0.020933384,-0.09902353
door,-0.024447488,0.021275207,-0.053341374,0.09858591,0.096427105,-0.0369988,0.109961756,0.1821817,-0.044326734,0.10063432,-0.09693914,-0.01909203,0.016920106,0.028585164,-0.032017093,-0.09418561,0.011785484,0.10735007,-0.03747785,-0.18985765,0.092945404,-0.13704708,0.047547203,-0.101153195,-0.07579466,-0.043002408,-0.06793454,-0.10431907,-0.16354175,0.061880115,0.068072625,-0.0073318155,-0.011108844,-0.0026773394,-0.05493291,0.097108684,0.01968435,-0.07754236,-0.010774478,-0.047453504,-0.09585714,-0.012335791,-0.08829155,0.016469788,0.1485635,-0.06265688,-0.049332183,-0.10050175,0.12540194,0.084931314,0.04936384,-0.024541134,-0.020653404,-0.06650129,0.0272677,0.015683804,-0.047130086,-0.12656592,-0.1492881,-0.046672437,-0.04344116,-0.08007015,0.029890824,-0.090499684,-0.19989003,-0.011001784,0.068382785,0.14805149,-0.2149183,0.1280754,-0.0141419135,0.073480815,0.10251796,0.005815513,0.034385674,0.0021154634,0.1421838,-0.11516065,-0.1385257,0.0065764226,-0.07851849,-0.032048088,-0.11556294,0.24376667,-0.12933187,-0.019765364,-0.044025376,0.056335244,0.10165543,-0.014825546,0.112999685,0.1254531,0.11407389,0.094392404,0.1837815,0.098237984,-0.00048130084,-0.020597331,0.087978885,0.0067765946,-0.08280126,0.17456287,0.09525165,-0.07500735,0.0025636218,-0.19219741,0.07879723,0.14896147,-0.09681043,-0.16537726,0.028501078,-0.19482666,-0.055801522,-0.06660378,0.10998311,-0.071765006,0.11778265,-0.19153444,-0.06394074,-0.04719355,-0.035285212,0.1090332,0.05402844,-0.038888246,-0.099380665,-0.011533357,-0.08757759,-0.08067298,-0.07091625,-0.059109934,0.12404985,0.019071491,-0.030569516,-0.1455787,-0.056478273,0.08884603,-0.029314347,-0.023001809,-0.056878254,-0.22465932,0.18739769,-0.17236617,-0.037127163,-0.058571134,0.01934554,0.07131064,-0.027951695,0.035270263,0.0075220284,0.06674697,0.09742157,-0.124804705,-0.010315244,-0.0019258317,-0.17874488,0.13311838,0.0988026,0.05237146,-0.10692396,0.108047314,0.0669008,0.05938345,-0.05525197,-0.06845204,-0.02186076,0.105699226,0.1783435,-0.06334546,-0.020306984,0.01817656,-0.124515,0.027831914,0.057310488,0.005634735,0.16144215,0.09053422,-0.14336808,0.0635208,0.02978476,0.07258226,0.004206664,0.059241094,0.038977597,0.018018924,0.10109576,0.09842177,0.018333817,0.09155584,0.16221958,-0.058329027,0.07322989,0.020137489,-0.090995915,-0.15857004,0.12374424,0.006860526,0.11251532,-0.21095029,-0.031522244,-0.090067394
has,0.022500647,-0.026827978,-0.07166976,0.19360085,0.17051043,-0.1126803,0.107145935,0.26868653,-0.0837502,0.10446256,-0.14048985,-0.09196941,0.03336638,0.072120115,-0.07343835,-0.06598393,-0.0077588297,0.063635334,-0.00025134365,-0.18857782,0.043987386,-0.092739366,0.04895787,-0.07447327,-0.01731271,-0.02532842,-0.10141055,-0.06694599,-0.13911691,0.094840065,0.095733434,-0.027940245,0.05164471,0.024753297,-0.06308641,0.1635869,0.06269573,-0.058602832,-0.034289923,-0.09103062,-0.07280175,-0.035509817,-0.049074557,0.018756822,0.180349,-0.02352249,-0.042004034,-0.16667418,0.09860467,0.07686749,0.07793854,-0.053824436,-0.059997227,-0.10535545,0.01537482,0.030421825,-0.065303646,-0.15921204,-0.19733025,-0.046016105,-0.09084672,-0.08506624,0.028093854,-0.08845863,-0.26832235,0.004026552,0.077582486,0.16495529,-0.20594245,0.13764483,-0.07840736,0.017754387,0.066818506,0.033658367,0.07030396,-0.009324764,0.13815139,-0.10333942,-0.22320756,-0.00084702857,-0.07290976,-0.018434403,-0.1175199,0.29509565,-0.18362844,-0.018151373,-0.110545985,0.0941412,0.084325895,-0.052262124,0.19572593,0.12946871,0.10333464,0.12908745,0.20314798,0.12130347,0.033519037,0.007191981,0.07566004,0.061981514,-0.13945553,0.19971648,0.07036171,-0.059156045,-0.035584148,-0.15913936,0.087228134,0.14838327,-0.120016634,-0.20695737,0.018285437,-0.1796154,-0.037754796,-0.05979947,0.094149336,-0.095338516,0.114712395,-0.28618455,-0.080137245,-0.076169856,-0.052424245,0.17616114,0.07372279,-0.045051254,-0.07262659,0.012972547,-0.11369113,-0.06296882,-0.04824509,-0.08378994,0.06662617,0.026938658,-0.022058327,-0.09625273,-0.038932227,0.15161555,-0.002890356,-0.051909983,-0.06414021,-0.19087486,0.14824323,-0.22577927,-0.06402389,-0.029661614,-0.01252667,0.018794347,0.002102146,0.028634533,0.020526791,0.073130496,0.07123751,-0.14534345,0.000825032,0.0041810297,-0.15752394,0.12624767,0.15088478,0.023380827,-0.046013873,0.121986166,0.076004855,0.04885621,-0.01466578,-0.069537535,-0.04776932,0.058261447,0.1331391,-0.04638096,-0.067882314,0.04346351,-0.103862606,0.03464897,0.048556164,-0.02613809,0.15178898,0.05038256,-0.116080835,0.038434565,0.027717786,0.106885605,-0.033935454,0.042578425,0.025001246,0.010839987,0.091427974,0.08566124,0.0008471985,0.10164552,0.15032302,-0.048172895,0.06285515,0.0023351647,-0.07146053,-0.111260936,0.10107779,0.011628208,0.09995985,-0.20178027,-0.008387889,-0.06469335
fell,-0.06449478,0.06439827,-0.065711185,0.07060749,0.06580878,0.0023569926,0.10119499,0.19686325,-0.05478452,0.11001137,-0.12348797,0.006792784,0.027664274,0.019218616,-0.0011536906,-0.13359223,0.0022872493,0.13017716,-0.054143053,-0.21217656,0.13370977,-0.18518478,0.07116631,-0.12948082,-0.13425072,-0.037419714,-0.04575561,-0.1486047,-0.17345399,0.034196764,0.06818171,-0.0038723925,-0.044051364,-0.031182038,-0.031584837,0.07872596,-0.01570795,-0.085621335,-0.017775157,-0.030632606,-0.095711604,0.011111341,-0.12720612,0.025734909,0.112066805,-0.08284241,-0.041994285,-0.0595483,0.13404387,0.08989013,0.03495913,-0.017163176,0.0023526566,-0.06588494,0.0302655,0.0023602094,-0.04092349,-0.1252687,-0.15242673,-0.066039704,-0.029696466,-0.077158645,0.0148419365,-0.11349763,-0.19596554,-0.006565073,0.052987427,0.16942091,-0.2559928,0.14755675,0.015498033,0.108332016,0.100661285,-0.008618714,0.0335898,-0.006047168,0.1791925,-0.11723343,-0.13065244,0.03774663,-0.106934644,-0.067029625,-0.14060926,0.25457928,-0.13684963,-0.029182067,-0.032471247,0.07135084,0.14760351,-5.2315445e-05,0.112504266,0.15983926,0.16165367,0.093678445,0.22060561,0.12286713,-0.014815279,-0.030837629,0.10589128,0.009772577,-0.06382158,0.18774879,0.13002579,-0.09836898,0.023197033,-0.21981063,0.08826154,0.1577141,-0.10891207,-0.16886216,0.047092557,-0.2290192,-0.064968556,-0.07737425,0.13705945,-0.07981644,0.13740726,-0.17373888,-0.0805877,-0.011216315,-0.02275488,0.08511022,0.05938226,-0.041878507,-0.11146007,-0.015446714,-0.07747867,-0.11782113,-0.10058059,-0.0717538,0.18333621,-0.0076033566,-0.03737324,-0.20523846,-0.08051262,0.082939,-0.0157127,0.0015858931,-0.047942504,-0.2605513,0.21079645,-0.184577,-0.019194312,-0.07563416,0.008853025,0.106239766,-0.027832812,0.02253835,-0.026829686,0.052924335,0.108464815,-0.123273484,0.009869401,-0.0014361087,-0.20398943,0.1592442,0.045654926,0.075169556,-0.16963382,0.11286936,0.05548743,0.06606126,-0.10262741,-0.10605401,-0.0003744285,0.13873354,0.22413447,-0.101040065,0.0062153726,0.018726785,-0.17670137,0.046426672,0.08501528,0.025041293,0.19332197,0.13616966,-0.17763665,0.081564955,0.047257878,0.06843596,0.013073897,0.0645238,0.038193397,0.03431877,0.10571829,0.10932793,0.02653425,0.117632866,0.20836303,-0.06391408,0.08598511,0.04089125,-0.13383794,-0.2127766,0.15649368,0.0053225337,0.12072533,-0.2400453,-0.05644701,-0.14332797
other,-0.027684506,0.010015148,-0.0667814,0.1335817,0.11700063,-0.054816414,0.103640355,0.21827456,-0.06567544,0.109246776,-0.12773696,-0.043459028,0.03210655,0.033394575,-0.040784378,-0.100610584,0.010985907,0.10925482,-0.029049147,-0.19297284,0.09084401,-0.13712026,0.04561796,-0.09454164,-0.06513561,-0.042315148,-0.082135096,-0.08892286,-0.1724974,0.06654978,0.07563301,-0.015569659,0.018478263,0.009842782,-0.0553325,0.109419666,0.02045473,-0.07474769,-0.023498429,-0.06674228,-0.09641609,0.002011785,-0.07773784,0.010932422,0.15682606,-0.06346866,-0.05019049,-0.11654354,0.12689665,0.07770104,0.058925394,-0.048787042,-0.03557785,-0.08273755,0.019887961,0.019856973,-0.06462713,-0.14960921,-0.17543356,-0.049697258,-0.073675394,-0.09317673,0.022653552,-0.10260763,-0.23171419,-0.011102141,0.07106,0.17735527,-0.23736165,0.14674635,-0.036815625,0.07290802,0.095080234,0.0084839,0.05021378,-0.0046237563,0.14139032,-0.12504797,-0.17452197,0.022366006,-0.091140874,-0.04015827,-0.12248408,0.28924412,-0.1648403,-0.030068437,-0.06859323,0.08225542,0.10345142,-0.017583912,0.15081117,0.13186908,0.12253331,0.11581201,0.22077963,0.12133708,0.007763231,-0.012166113,0.09317741,0.02911659,-0.11928915,0.20080678,0.098157935,-0.06834225,-0.0045447303,-0.19071747,0.09021203,0.16421841,-0.12158283,-0.17524275,0.023057774,-0.19591141,-0.058516834,-0.064981975,0.12346674,-0.074487425,0.12278424,-0.22980617,-0.07698406,-0.045069553,-0.04544659,0.12717006,0.05424985,-0.045748007,-0.089016356,0.0017093336,-0.09408192,-0.08810218,-0.073941305,-0.069003746,0.124474615,0.016729882,-0.036417175,-0.13707969,-0.055078167,0.111953504,-0.007752826,-0.026662996,-0.057022158,-0.21872628,0.18401502,-0.19763027,-0.038166706,-0.051694866,0.012964866,0.06391121,-0.018145323,0.031933226,0.014876586,0.06197035,0.10576042,-0.13241734,-0.012055074,-0.0044863247,-0.17710817,0.15227476,0.10482645,0.054428022,-0.11129519,0.12292108,0.07224973,0.052336648,-0.050196175,-0.0761738,-0.026056092,0.09524647,0.17775086,-0.07261777,-0.03477291,0.014813881,-0.13534464,0.035172045,0.07434486,-0.0011876984,0.18024932,0.09314944,-0.13845757,0.07404929,0.030671913,0.09310389,-0.010399661,0.04997348,0.034694493,0.029217847,0.09459444,0.10024359,0.03504346,0.096325964,0.17538626,-0.052939024,0.07855419,0.031166367,-0.09908573,-0.16347222,0.13121636,0.013738685,0.10528028,-0.22844052,-0.020982943,-0.10289455
asked,-0.012148037,-0.0052445657,-0.062213775,0.13395348,0.124976635,-0.08001166,0.103715934,0.2173271,-0.056671824,0.10607278,-0.11502231,-0.04974578,0.024259945,0.042059835,-0.051090002,-0.077822894,-0.005683925,0.0709888,-0.0151884835,-0.18050948,0.06570267,-0.108649164,0.05938812,-0.07825919,-0.04034132,-0.030736323,-0.07139406,-0.07854755,-0.14674056,0.07286064,0.0780898,-0.013255664,0.026724473,-0.0043066824,-0.04392503,0.12441171,0.031893082,-0.06510926,-0.026042344,-0.061923716,-0.07848364,-0.018421382,-0.06499543,0.020409841,0.16009925,-0.039782982,-0.04959136,-0.12798111,0.104007885,0.07858019,0.052317876,-0.03114513,-0.047749326,-0.08266229,0.012732163,0.019965138,-0.062695414,-0.14048971,-0.17145896,-0.04175962,-0.078156695,-0.08656589,0.02838589,-0.08732909,-0.22412254,0.01113148,0.07056217,0.1554011,-0.20574953,0.12657222,-0.042447478,0.049908638,0.06489248,0.024906708,0.05224251,-0.017675154,0.13241468,-0.105827264,-0.16903459,0.012593407,-0.080825076,-0.02569915,-0.11663069,0.251044,-0.15151821,-0.025685104,-0.08387741,0.075311065,0.089462,-0.029526774,0.14998268,0.12945966,0.11112276,0.09703497,0.18492723,0.114884846,0.02351322,-0.005226943,0.079211496,0.044693593,-0.11312385,0.17004807,0.08454744,-0.07505978,-0.008291251,-0.16398175,0.08820148,0.14209569,-0.10565578,-0.17545521,0.02172736,-0.18069477,-0.033955973,-0.05767777,0.108497195,-0.08141967,0.10197955,-0.22559851,-0.06687128,-0.049300518,-0.042011455,0.13255732,0.06253137,-0.048864815,-0.08371392,-0.0070992475,-0.09665284,-0.07666224,-0.057061907,-0.059883557,0.09315552,0.026197502,-0.03281724,-0.11292854,-0.052035235,0.11954095,-0.018007953,-0.032585945,-0.055023476,-0.19840679,0.16959406,-0.19730008,-0.05266161,-0.041597378,0.005336925,0.037545964,-0.012835414,0.03797965,0.012683604,0.05375696,0.08451092,-0.1230057,-0.001349815,0.000533319,-0.1607249,0.12053671,0.12519678,0.028215617,-0.077297255,0.102967255,0.06284231,0.050625052,-0.037849966,-0.06965515,-0.04074871,0.076734625,0.14656691,-0.058543507,-0.039294068,0.03646661,-0.11291385,0.02676043,0.055056326,-0.01321009,0.15525255,0.06240612,-0.11238675,0.045114983,0.038149208,0.08679397,-0.019344226,0.045346245,0.021009339,0.0066488925,0.08857355,0.077736534,0.012576109,0.09076032,0.1390365,-0.053644948,0.07084782,0.01812142,-0.07107355,-0.12952295,0.11225921,0.014131101,0.096421465,-0.20005608,-0.008265491,-0.07879792
still,-0.0030109435,-0.0038588713,-0.07492403,0.15328938,0.1431266,-0.086963974,0.12145836,0.2297178,-0.062540814,0.10466297,-0.12875696,-0.0640038,0.02422883,0.05165882,-0.07405367,-0.079927675,-0.0039033452,0.07609556,-0.016396655,-0.18219025,0.064519085,-0.114529476,0.058597818,-0.09778856,-0.041585334,-0.01916694,-0.07463713,-0.07793454,-0.15833057,0.07615342,0.09083719,-0.030550078,0.032327045,0.0039372747,-0.047597546,0.13691005,0.05126587,-0.06160015,-0.025537066,-0.079263434,-0.075620025,-0.01943535,-0.06548294,0.0026546738,0.16901831,-0.040020473,-0.04887558,-0.14894672,0.113795094,0.08209015,0.060524564,-0.04796542,-0.048584174,-0.0838268,0.012371012,0.029178595,-0.07250604,-0.16066852,-0.18653679,-0.056518197,-0.08753482,-0.10166057,0.027710604,-0.089671284,-0.23199692,0.0056456975,0.061186496,0.17112106,-0.21838808,0.14622334,-0.053577393,0.057486314,0.087286666,0.036818415,0.06381012,-0.018010695,0.13327746,-0.108215794,-0.17607306,0.01597083,-0.10033638,-0.035781797,-0.14255475,0.2868307,-0.17834838,-0.027041532,-0.07939025,0.07979248,0.08636497,-0.043249905,0.16553967,0.1407035,0.12663561,0.11521176,0.21364482,0.107578315,0.020370342,0.00595384,0.0841407,0.0494951,-0.1185293,0.18453905,0.087443694,-0.058106754,0.009542589,-0.1770902,0.09037303,0.15997005,-0.1067638,-0.18371873,0.015479823,-0.18373713,-0.04454142,-0.06182271,0.100153856,-0.086532116,0.11317655,-0.24528104,-0.07630841,-0.068045735,-0.050557833,0.14746298,0.06504902,-0.046331793,-0.07950035,-0.010571714,-0.101436496,-0.07607585,-0.057023786,-0.07833661,0.08172231,0.035041753,-0.03970853,-0.12300083,-0.050684996,0.120488256,-0.015665773,-0.03494091,-0.069444865,-0.20826688,0.18165568,-0.2109329,-0.056822337,-0.042575687,-0.010008854,0.041376457,-0.022076547,0.036849294,0.01870918,0.0628023,0.09008815,-0.15157072,-0.0021376805,-0.0018587084,-0.16499823,0.13275483,0.12344628,0.047285847,-0.05481895,0.11862578,0.07733869,0.03775046,-0.032229606,-0.0726381,-0.044478733,0.06647797,0.15357141,-0.059778392,-0.04618413,0.019954138,-0.10705856,0.03465139,0.059374157,-0.020664439,0.16448307,0.06642208,-0.12004106,0.04811605,0.030439978,0.09220541,-0.018527027,0.049253605,0.037654042,0.016303645,0.09627759,0.10479775,0.018453281,0.09775378,0.15603417,-0.068472624,0.07437243,0.012269533,-0.07883243,-0.13737275,0.12561299,0.025313638,0.09291904,-0.22027595,0.002049006,-0.08677461
or,0.043249335,-0.055935416,-0.07741652,0.21953762,0.2120631,-0.15399161,0.12828799,0.2939653,-0.10045794,0.10507238,-0.14044774,-0.10459672,0.037690964,0.087537415,-0.10872859,-0.03776703,-0.009875074,0.034242906,0.014073216,-0.18303046,0.026365478,-0.07452341,0.048594333,-0.08045555,0.0110239675,-0.010159621,-0.11774176,-0.04493736,-0.13672607,0.108521186,0.11354913,-0.055196833,0.089958034,0.031438813,-0.06822833,0.1937542,0.09338748,-0.049998604,-0.03792738,-0.10760082,-0.06621892,-0.044063225,-0.033133913,0.0053108046,0.21078004,-0.019887678,-0.050332718,-0.19794819,0.092503816,0.07216716,0.08241326,-0.07798372,-0.0871876,-0.099782325,0.0056963004,0.03967894,-0.081228465,-0.18320939,-0.2133627,-0.03655047,-0.11674201,-0.09466441,0.037323944,-0.07318247,-0.2848181,0.020748183,0.08009267,0.1751842,-0.18796907,0.15003484,-0.11830983,0.007973071,0.069289684,0.04970965,0.094338045,-0.031619813,0.11633089,-0.10673051,-0.25272417,0.0019951917,-0.088910475,-0.009504816,-0.14194646,0.33022135,-0.20262535,-0.02967334,-0.13150646,0.10831932,0.05255266,-0.08006757,0.21271871,0.117349796,0.11073334,0.12883772,0.23203485,0.13139941,0.036599208,0.01891558,0.08138295,0.10138855,-0.16902207,0.20416239,0.067858994,-0.030947007,-0.038848754,-0.15197816,0.10654259,0.15612127,-0.13624097,-0.21508309,-0.008559027,-0.16647805,-0.023735445,-0.06112312,0.08502394,-0.10396504,0.09788677,-0.31649122,-0.075097874,-0.095973745,-0.068014905,0.19943942,0.07106397,-0.0611124,-0.064178616,0.011190932,-0.11809258,-0.043805297,-0.028573886,-0.0836795,0.033341214,0.036175773,-0.020491388,-0.066506505,-0.037016843,0.1670588,0.0015885531,-0.072857775,-0.07407106,-0.17929554,0.13425626,-0.24494168,-0.08351371,-0.01184212,-0.025214087,-0.012117115,-0.0046805837,0.033848897,0.030536847,0.07573942,0.06107655,-0.16017336,-0.00245943,-0.018448716,-0.14455353,0.12072441,0.18303634,0.02746109,0.010067014,0.12077293,0.07897237,0.035744,0.014053205,-0.053143132,-0.052264355,0.026416047,0.090315305,-0.031212198,-0.091219746,0.041033775,-0.0831966,0.03337395,0.050265554,-0.044658672,0.15387493,0.021473065,-0.08768432,0.019792499,0.024254428,0.11707801,-0.04667874,0.035124697,0.017723294,0.008283221,0.095972545,0.088489,-0.0006000496,0.08094774,0.13411029,-0.057069562,0.047118176,0.0058261408,-0.0600822,-0.08130097,0.074707665,0.008733406,0.089641556,-0.19016644,0.014518176,-0.047543243
like,0.023954308,-0.029703023,-0.07256604,0.17898227,0.1597225,-0.1191661,0.10690107,0.26641375,-0.0956092,0.105235666,-0.13251151,-0.08137028,0.029336931,0.074203804,-0.07768156,-0.060751073,-0.0029877874,0.05854506,-0.0011066943,-0.18843329,0.04446935,-0.09826483,0.046395194,-0.083609164,-0.021055516,-0.025928637,-0.104750216,-0.072204515,-0.13488369,0.08939974,0.09597303,-0.037132714,0.054006357,0.01471737,-0.05867732,0.15057254,0.062643774,-0.05881806,-0.034066617,-0.07477308,-0.07364158,-0.029741788,-0.04679613,0.015701706,0.17972115,-0.030369887,-0.041457187,-0.17479801,0.10493496,0.069824986,0.07563776,-0.06460123,-0.052212972,-0.09422598,0.0030189308,0.03686566,-0.07901386,-0.1610585,-0.20157482,-0.045525603,-0.080721095,-0.092249244,0.025739223,-0.08283511,-0.24554913,0.014348261,0.08207049,0.169485,-0.1918946,0.13243529,-0.08107325,0.024542617,0.08222519,0.029405355,0.07748373,-0.017437318,0.12751892,-0.10660736,-0.20974892,0.014595254,-0.07385863,-0.013670564,-0.13948712,0.30278316,-0.17459925,-0.033449225,-0.10445551,0.08615068,0.0745322,-0.058133375,0.18434484,0.12600395,0.10521242,0.12310071,0.21145971,0.11869253,0.023497483,-0.0008894859,0.07842293,0.06841879,-0.13932788,0.18854257,0.084548414,-0.056990523,-0.022322185,-0.16021432,0.101732515,0.15409794,-0.12672067,-0.19292812,0.014211392,-0.17340611,-0.032545805,-0.063260175,0.090211675,-0.08469837,0.110459894,-0.27120182,-0.06571201,-0.0785571,-0.061863814,0.15648328,0.071239986,-0.047544762,-0.064981446,0.011438631,-0.10333163,-0.05593736,-0.0610434,-0.07680425,0.06402561,0.015996732,-0.024105374,-0.093727365,-0.037756562,0.13504927,-0.005341364,-0.051466774,-0.060651075,-0.1845413,0.14866386,-0.21613547,-0.06535207,-0.024095315,-0.015232318,0.020053944,-0.017663814,0.025671827,0.030885816,0.07807508,0.07313247,-0.14960545,-0.0035635382,-0.006044738,-0.14386034,0.1332355,0.15165105,0.038824175,-0.03645611,0.11507354,0.06991205,0.03590941,-0.019755535,-0.054014105,-0.04143411,0.058850087,0.12886824,-0.040746324,-0.062684305,0.029689407,-0.09865182,0.030563012,0.056937404,-0.022344183,0.14275935,0.056622837,-0.10881263,0.041561928,0.03160146,0.110930145,-0.03769219,0.03515211,0.027946366,0.020067655,0.09652992,0.09073133,0.00937679,0.09954531,0.14468202,-0.05235949,0.05834933,0.023318788,-0.060477495,-0.109826095,0.09525769,0.008918661,0.09361307,-0.20006123,-0.015244713,-0.07415456
sat,-0.0666777,0.05717388,-0.05710732,0.07322772,0.08119686,-0.0031809155,0.11148704,0.20593537,-0.058429275,0.11351357,-0.12394004,-0.004934034,0.025801407,0.009606433,-0.009483451,-0.11816267,-0.00032775034,0.1382749,-0.05414317,-0.2163144,0.11212905,-0.18682218,0.06437655,-0.13201323,-0.12163446,-0.037738733,-0.050591253,-0.14872427,-0.17620714,0.039236452,0.059253514,-0.0007347176,-0.032764696,-0.031092469,-0.04894805,0.07624601,-0.0016078167,-0.09338705,-0.015120381,-0.038566105,-0.09719794,0.017183235,-0.13155082,0.015299412,0.12755702,-0.082378216,-0.03847356,-0.072919235,0.1290517,0.07955305,0.041792043,-0.0064515085,-0.007662232,-0.06255753,0.027246827,-0.0016108153,-0.041631896,-0.121614985,-0.16082531,-0.06022377,-0.03807296,-0.09408001,0.026877586,-0.12044267,-0.211683,-0.021518322,0.054739803,0.1738671,-0.2500979,0.14691976,0.0132322945,0.113364935,0.09768528,-0.0018225322,0.033809688,-0.0042384495,0.17162482,-0.12410207,-0.14013703,0.026479844,-0.11582051,-0.07331978,-0.14042783,0.2585091,-0.13445315,-0.024336753,-0.030720089,0.07546209,0.13187328,-0.011561297,0.11646549,0.16136344,0.15269798,0.110353574,0.22008406,0.12349085,-0.008540627,-0.034960024,0.09717177,0.0035491125,-0.06946541,0.19424511,0.12737225,-0.10665602,0.02009303,-0.22458544,0.08522584,0.16958208,-0.12024357,-0.1823733,0.046658948,-0.22469488,-0.05349299,-0.08294873,0.13651784,-0.08477799,0.14330447,-0.17435323,-0.081107005,-0.008367123,-0.027366985,0.08223525,0.067511335,-0.03303274,-0.12311666,-0.01989047,-0.08566491,-0.107190765,-0.09375311,-0.06987663,0.17090735,-0.004229423,-0.040704,-0.19725983,-0.09072288,0.08929202,-0.016017988,-0.006203005,-0.043523453,-0.25935742,0.21522258,-0.18205024,-0.027084308,-0.069805786,0.011148914,0.109228574,-0.020100113,0.026013907,-0.026787978,0.056779698,0.10345899,-0.1267647,0.017531613,-0.0060231294,-0.20695747,0.15202442,0.05566533,0.07479401,-0.15965195,0.111155815,0.06314994,0.06450679,-0.09515886,-0.10067578,-0.0085067,0.14203066,0.22097829,-0.09685871,-0.0005657534,0.0083248755,-0.15841328,0.03630538,0.07647816,0.019118682,0.19958682,0.13982426,-0.18677108,0.08440237,0.05306266,0.074329406,0.022333829,0.07180958,0.048314992,0.036005285,0.10517576,0.120942004,0.02465024,0.11630676,0.2008645,-0.07637521,0.089753866,0.031062916,-0.12543014,-0.20942765,0.15889204,0.01651612,0.11611205,-0.24631149,-0.04413569,-0.14483018
till,-0.03736246,0.041894495,-0.06948463,0.09907555,0.09571749,-0.045214012,0.1267637,0.2084709,-0.05327085,0.118861504,-0.11498946,-0.014973851,0.019967388,0.032834772,-0.033676587,-0.10124066,-9.1879636e-05,0.11706235,-0.05088468,-0.20258485,0.10462461,-0.1668552,0.06650126,-0.11925744,-0.09904944,-0.036471713,-0.058829606,-0.12951225,-0.18104021,0.0505319,0.07282903,-0.0051353215,-0.028421616,-0.018863369,-0.0449469,0.11099548,6.10832e-05,-0.08524024,-0.0120357685,-0.053814888,-0.09431755,0.002416036,-0.10437004,0.0041831024,0.16184291,-0.058475032,-0.05416285,-0.09389431,0.13782087,0.08585609,0.051772747,-0.027137673,-0.021533156,-0.06412624,0.024066573,0.012636309,-0.049548008,-0.14303389,-0.1732614,-0.05574206,-0.056142412,-0.097767025,0.019799806,-0.10582665,-0.20899107,-0.0071754595,0.07398306,0.15404195,-0.24113844,0.143011,-0.0029978761,0.09763925,0.09946104,0.008704884,0.04838504,-0.008692081,0.14989991,-0.12875214,-0.13600372,0.018943794,-0.108960666,-0.046606563,-0.12636398,0.26493865,-0.15320943,-0.026026685,-0.05268093,0.061482746,0.1202351,-0.006318602,0.12900147,0.15104978,0.1318122,0.10091999,0.2152625,0.11526489,-0.0013463383,-0.021221723,0.08798711,0.023925317,-0.084010296,0.18492514,0.11419357,-0.08651991,0.022453288,-0.2085801,0.09415152,0.16314435,-0.104292326,-0.17466483,0.046273045,-0.21537745,-0.06859421,-0.06539498,0.13449638,-0.07591788,0.12099188,-0.20267484,-0.07570175,-0.027970435,-0.034618344,0.10942324,0.06689743,-0.031339314,-0.1209268,-0.020939156,-0.09523227,-0.09825625,-0.08439402,-0.06729384,0.14737482,0.018522833,-0.037502024,-0.16387886,-0.063985884,0.09257821,-0.018403031,-0.0102022225,-0.061834283,-0.2454467,0.20776795,-0.19703631,-0.03977671,-0.05947255,0.014474376,0.08436296,-0.026631169,0.043518193,-0.0017060887,0.06331709,0.10894275,-0.13242802,-0.0005842951,0.0012824821,-0.19617054,0.14909981,0.08992781,0.056685124,-0.12866113,0.11296548,0.06645696,0.061366,-0.07695987,-0.10130959,-0.012851474,0.112507,0.19887096,-0.07147917,-0.006844951,0.021482997,-0.1465698,0.027759623,0.074512936,0.008432816,0.18359408,0.102272324,-0.15643635,0.06885096,0.034031436,0.06762499,0.011525702,0.064397186,0.034383006,0.011344064,0.09966206,0.10797924,0.03417685,0.11013289,0.18413964,-0.073020555,0.08584572,0.027500201,-0.100786105,-0.17732757,0.1594467,0.022513902,0.10820714,-0.23917201,-0.026939068,-0.115589485
beautiful,-0.009692104,0.0060951007,-0.06380163,0.13557015,0.122863464,-0.06483747,0.12135762,0.23230726,-0.07062622,0.1038168,-0.12473028,-0.062693916,0.032225132,0.040902328,-0.049591996,-0.08170377,0.001324133,0.09154473,-0.019270707,-0.18595189,0.07758372,-0.11230969,0.06150415,-0.099838324,-0.049390655,-0.030287601,-0.07369609,-0.09207717,-0.15629421,0.066221684,0.07708103,-0.018181255,0.026679968,0.0113902865,-0.058559593,0.12548341,0.04084328,-0.06515945,-0.020652609,-0.06362277,-0.078553855,-0.011667716,-0.0807307,0.007992578,0.15387882,-0.04948677,-0.043560196,-0.136029,0.11474927,0.082133286,0.060587913,-0.04469243,-0.038850054,-0.0820547,0.026345478,0.024850959,-0.06788232,-0.15191165,-0.17851573,-0.04707637,-0.08016241,-0.10381237,0.031318743,-0.09166515,-0.23101257,0.0076526343,0.061854277,0.16992976,-0.22862647,0.13832001,-0.043406602,0.061368845,0.08384979,0.02435275,0.04444271,-0.015994536,0.13802011,-0.113597296,-0.16937646,0.01690741,-0.08775831,-0.040409803,-0.13093647,0.28560823,-0.17307016,-0.02624695,-0.076709464,0.08156454,0.094800234,-0.03286194,0.15501831,0.14604563,0.12730445,0.11807766,0.2076473,0.11155586,0.021978576,-0.0062710573,0.08772953,0.029467551,-0.10768457,0.17823067,0.08844479,-0.06469277,0.007683336,-0.17365962,0.085298456,0.16828519,-0.11378511,-0.17848118,0.009355993,-0.19717768,-0.046112705,-0.060372274,0.10668504,-0.07714031,0.12944214,-0.23666546,-0.06451193,-0.059117183,-0.053943995,0.13592614,0.062446646,-0.053009488,-0.08108988,-0.008918521,-0.11465026,-0.069805816,-0.072049074,-0.07390155,0.10245644,0.025718974,-0.031962223,-0.13139303,-0.04962993,0.1188317,-0.017484067,-0.023744084,-0.061053395,-0.20189823,0.17808102,-0.20230597,-0.04231419,-0.038674835,-0.0017371477,0.055374935,-0.025303328,0.036287915,0.016391482,0.063088745,0.093861654,-0.15304758,-0.004169303,0.0060849483,-0.16169478,0.1355408,0.11735897,0.05449317,-0.076728456,0.12456093,0.07779133,0.053346958,-0.040681936,-0.06370553,-0.03581631,0.094695844,0.16317762,-0.056953542,-0.040404588,0.019824967,-0.12291504,0.03594279,0.05722883,-0.005602463,0.17125213,0.070500456,-0.12475206,0.055648066,0.038528487,0.09081514,-0.011594527,0.0444577,0.041085716,0.017863244,0.11092504,0.11205603,0.024847617,0.09245558,0.16845499,-0.070540175,0.084070586,0.010413509,-0.08365049,-0.136539,0.12083484,0.008866172,0.09805667,-0.22471589,-0.01339981,-0.09296653
nothing,0.039576456,-0.048029613,-0.07579769,0.20602366,0.18800598,-0.13585706,0.12410681,0.27748093,-0.08160699,0.109716564,-0.13332929,-0.10140333,0.033037066,0.07545205,-0.09501383,-0.034420595,-0.0022743754,0.05666,0.011990512,-0.17001209,0.0350642,-0.07507118,0.061020613,-0.08087597,0.0008276736,-0.006401395,-0.10046784,-0.05273874,-0.13232364,0.09201334,0.11304952,-0.04164201,0.081061944,0.026885979,-0.061663028,0.17798992,0.08171349,-0.05789004,-0.0372493,-0.10226578,-0.06377727,-0.04188622,-0.041445564,0.012398996,0.19185023,-0.015974654,-0.05649796,-0.19495974,0.09047925,0.07544417,0.07577716,-0.07263609,-0.070109524,-0.09649263,0.007858376,0.027912231,-0.0793944,-0.17016889,-0.2034889,-0.04425542,-0.110778205,-0.09909808,0.036861736,-0.062630385,-0.25737047,0.023328725,0.06872746,0.16461211,-0.18926485,0.13508758,-0.10267845,0.019677293,0.07511913,0.05457355,0.08301222,-0.020346332,0.12128519,-0.098209396,-0.21826123,-0.0017500882,-0.08322417,-0.009595694,-0.1472829,0.30132094,-0.19573401,-0.03162145,-0.11282007,0.09134583,0.05745975,-0.06476258,0.20093846,0.12513478,0.10526754,0.11850465,0.20716485,0.12281166,0.026941145,0.0193583,0.06991332,0.07418327,-0.15204991,0.17873469,0.062024135,-0.042111486,-0.017463893,-0.1508272,0.10731306,0.14327289,-0.11415439,-0.20774144,-6.7946e-05,-0.15725386,-0.026747923,-0.060144108,0.082367264,-0.08536341,0.101149395,-0.28494486,-0.07456964,-0.09050013,-0.074405156,0.16963863,0.06698499,-0.070280686,-0.05731387,0.0053703478,-0.1130889,-0.0457228,-0.037103396,-0.07891801,0.035463914,0.033579987,-0.02185704,-0.07793886,-0.038315278,0.15493783,0.0006484642,-0.0614805,-0.07253525,-0.17674801,0.14542285,-0.23215677,-0.07216989,-0.01966981,-0.01017801,5.1788957e-05,-0.00942432,0.02828336,0.03196438,0.075358465,0.06779763,-0.15369314,0.00056826073,-0.015571948,-0.14219517,0.116957344,0.17322694,0.035622887,0.0028456654,0.11746538,0.081057884,0.03502026,-0.0061852583,-0.06346458,-0.06328132,0.035323527,0.09268309,-0.032830194,-0.07715653,0.032501493,-0.0835168,0.027465096,0.05265937,-0.03955302,0.14188768,0.030472487,-0.07976145,0.024517115,0.02674728,0.10085987,-0.040719055,0.02935525,0.02827702,0.014856146,0.09523955,0.094297476,0.014044159,0.085218124,0.1345727,-0.05327379,0.05540911,0.0023242373,-0.05993238,-0.0860209,0.082863145,0.019339202,0.077372596,-0.1896492,0.012127097,-0.04592197
get,0.039330825,-0.06830862,-0.09822338,0.22182982,0.21133226,-0.15697323,0.1222107,0.29170632,-0.099049844,0.10353336,-0.14533429,-0.101327986,0.036272597,0.09609741,-0.09764179,-0.03900749,0.005303478,0.043220107,0.010408773,-0.17912498,0.039488815,-0.073519655,0.050948173,-0.07866331,-0.0004518012,-0.013952094,-0.11890111,-0.059017234,-0.1376531,0.10986056,0.13559175,-0.060141724,0.08455223,0.021807246,-0.063963175,0.18790163,0.08038259,-0.05752377,-0.043737847,-0.10797963,-0.06556244,-0.042201996,-0.031115873,0.012642146,0.20137869,-0.016266363,-0.053980216,-0.19957887,0.10208554,0.08052425,0.08073952,-0.08395423,-0.072749816,-0.09828989,-0.013880288,0.049582455,-0.0840292,-0.18692462,-0.21576712,-0.049528442,-0.11056596,-0.07578436,0.029084176,-0.0778176,-0.26162457,0.020466447,0.07871639,0.17035463,-0.17845927,0.13646676,-0.10533054,0.009411312,0.07523007,0.042262077,0.09111943,-0.020490846,0.1231628,-0.103180096,-0.2514386,-0.004528601,-0.07264266,-0.0072054616,-0.14226912,0.31755757,-0.18632303,-0.04084694,-0.12469054,0.10092903,0.052911952,-0.07334713,0.20519254,0.12500373,0.104745194,0.11970336,0.21294737,0.12918353,0.03409222,0.0108481925,0.07977705,0.09704575,-0.15208216,0.20080331,0.077080816,-0.0422291,-0.044596083,-0.14787975,0.109612696,0.13972224,-0.13322888,-0.21827154,-0.002532534,-0.1563768,-0.022994801,-0.062230375,0.07712229,-0.09756486,0.09645545,-0.31275842,-0.073649034,-0.09576974,-0.06628543,0.17936195,0.063130446,-0.05412206,-0.058938622,0.008230014,-0.10816537,-0.04317576,-0.03109349,-0.07799184,0.03495149,0.03383442,-0.017000074,-0.067508355,-0.029384315,0.15126297,0.0039057096,-0.06709857,-0.07343503,-0.18680035,0.13863325,-0.24725515,-0.07989615,-0.025489733,-0.023555752,-0.009181678,-0.011961221,0.017705241,0.031215215,0.08805799,0.06932543,-0.15191934,0.0031556753,-0.017496105,-0.13384238,0.12199051,0.1726947,0.024118127,-0.0071139885,0.11017044,0.076944984,0.041337274,0.0019268539,-0.06392239,-0.0533794,0.029201284,0.08902691,-0.031075224,-0.09522894,0.03517099,-0.08404935,0.027242418,0.05430698,-0.037687518,0.1289242,0.02325876,-0.08960239,0.025184132,0.019186856,0.113871455,-0.04926982,0.025608024,0.007798284,0.012331594,0.08659465,0.07765237,-0.002693578,0.09005301,0.12881431,-0.03726257,0.04042799,0.02048487,-0.06535066,-0.08401008,0.0661778,0.0044536204,0.08143261,-0.1766808,-0.0031014062,-0.042818766
however,-0.012919663,-0.0020679291,-0.06582908,0.13841602,0.1301019,-0.077993244,0.11995486,0.23303522,-0.060630094,0.1201313,-0.12428539,-0.046133496,0.024898324,0.05075197,-0.051961236,-0.0829487,0.003964589,0.086843826,-0.021577224,-0.196516,0.08381781,-0.13056368,0.059745535,-0.102294154,-0.050413262,-0.0315709,-0.07466103,-0.100075565,-0.16981673,0.06966116,0.08134575,-0.025365394,0.017716933,0.0025682724,-0.055566758,0.13568096,0.029518759,-0.070026584,-0.021116156,-0.075217515,-0.092068955,-0.021407064,-0.087945275,0.006007519,0.17045793,-0.051482033,-0.058305483,-0.12895393,0.1217948,0.0808779,0.063695766,-0.04261557,-0.037767746,-0.0791283,0.020247534,0.014723742,-0.06916797,-0.15901646,-0.18041734,-0.05700909,-0.080042705,-0.09706843,0.02616964,-0.09202157,-0.23778844,0.007777263,0.06705325,0.17214015,-0.23165178,0.14141531,-0.043713223,0.063173376,0.09111197,0.017770726,0.051049754,-0.01924433,0.1467535,-0.11538754,-0.17913996,0.016230486,-0.09971831,-0.034049597,-0.13930216,0.28290477,-0.16923866,-0.032289132,-0.07811136,0.07961703,0.09845095,-0.03298032,0.1506158,0.138661,0.13257828,0.11042662,0.22009054,0.12141742,0.02025741,-0.010347934,0.09354294,0.039784927,-0.11478588,0.18141621,0.08742649,-0.0803079,0.006594875,-0.19139639,0.083846726,0.15698269,-0.11946817,-0.18378058,0.017188258,-0.20166975,-0.052555133,-0.065455824,0.116057605,-0.07834448,0.11724728,-0.23695435,-0.067197636,-0.0594411,-0.049008325,0.13295077,0.071464665,-0.046161048,-0.092681125,-0.008813357,-0.10668203,-0.07981856,-0.06801508,-0.0714363,0.11106788,0.026257906,-0.034749486,-0.13851768,-0.059105314,0.12458672,-0.025748605,-0.032027286,-0.061089613,-0.21830359,0.18361995,-0.20351906,-0.050894767,-0.04381189,0.006948326,0.049577538,-0.018789772,0.03406449,0.011297957,0.07135256,0.09490169,-0.14124921,-0.004660391,-0.005427226,-0.16578156,0.1380675,0.11855042,0.04923234,-0.08195101,0.12282557,0.070144646,0.05116718,-0.04658031,-0.07091436,-0.037302103,0.08819812,0.1668244,-0.06106331,-0.03168943,0.027841354,-0.12518097,0.031820394,0.060844496,-0.0026944038,0.17265452,0.069962725,-0.12839521,0.057182103,0.040345352,0.08482367,-0.010423591,0.05466799,0.035029676,0.016363565,0.097038016,0.10166359,0.023673559,0.09854323,0.16840528,-0.06644081,0.08211758,0.02093713,-0.08194026,-0.14928487,0.13384773,0.01952951,0.10802818,-0.23013604,-0.0150465425,-0.09507876
found,-0.04363099,0.034379575,-0.06444799,0.10607171,0.09282336,-0.038561147,0.107902795,0.19785385,-0.045816816,0.10988894,-0.11561365,-0.030397356,0.02235943,0.023710288,-0.033366095,-0.09594964,-0.002180824,0.1108775,-0.032569695,-0.19265886,0.08394012,-0.14990072,0.05631873,-0.108355515,-0.0792486,-0.0384575,-0.06750621,-0.12096613,-0.17428172,0.059967753,0.055030305,-0.0088221645,-0.003924555,-0.007845352,-0.04993985,0.10656735,0.006940179,-0.0804154,-0.018019445,-0.051965635,-0.08763429,0.0016147229,-0.091002196,0.010743105,0.14572375,-0.057777084,-0.05077316,-0.10467287,0.11466071,0.079643704,0.05394982,-0.023347637,-0.027478429,-0.06534232,0.028678823,0.002134486,-0.051739205,-0.13124073,-0.15982512,-0.05501796,-0.06803441,-0.09708165,0.019799916,-0.098418735,-0.21598987,-0.008632684,0.060255744,0.15733077,-0.23335351,0.14190108,-0.013042965,0.08261099,0.08925554,0.018996647,0.037841573,-0.013139968,0.15155524,-0.11962602,-0.14142314,0.01593595,-0.10192248,-0.051136147,-0.12236077,0.2550793,-0.15649956,-0.030956943,-0.04997153,0.07005485,0.11056722,-0.0072973,0.12600985,0.13952623,0.11979368,0.098876506,0.20077744,0.109871596,0.010177639,-0.02185623,0.092075,0.012302951,-0.08952508,0.17550637,0.09152889,-0.09756788,0.014782097,-0.18595092,0.07844781,0.15863626,-0.10592335,-0.1684658,0.03355151,-0.20757669,-0.052809227,-0.06896914,0.12354213,-0.07300976,0.11703785,-0.19432196,-0.06819227,-0.026606387,-0.035326533,0.10935265,0.06829897,-0.02956358,-0.10276557,-0.016037459,-0.093557894,-0.09957946,-0.078066565,-0.07344462,0.13504869,0.016135802,-0.042897087,-0.15253377,-0.058044534,0.10927201,-0.017802335,-0.005848074,-0.05285854,-0.23098722,0.19075693,-0.1818681,-0.0424192,-0.051470835,0.01536858,0.068867914,-0.014970648,0.038171988,-0.0023396895,0.04897712,0.100465484,-0.12638003,0.005636974,0.0032613287,-0.18079771,0.13262278,0.08659438,0.052743953,-0.122318365,0.12070465,0.07085882,0.058666833,-0.06611588,-0.08504716,-0.017920373,0.10600765,0.17895703,-0.07644968,-0.014097769,0.01869039,-0.13460524,0.037092656,0.054987025,-0.0025171726,0.18212992,0.10153259,-0.14023082,0.07487506,0.035051294,0.06918237,0.009727559,0.05326549,0.03139227,0.01619232,0.10063296,0.099001944,0.033378243,0.10793728,0.16643748,-0.065790564,0.09176067,0.022064041,-0.09023429,-0.15938528,0.15358222,0.016124552,0.10287353,-0.2307319,-0.019459281,-0.11174122
ran,-0.055051282,0.047381766,-0.06760678,0.08601108,0.065120675,-0.024000524,0.09939127,0.20662248,-0.04298926,0.10520971,-0.1173199,-0.008185137,0.019333838,0.023226282,-0.024694283,-0.11988244,0.018303256,0.12484097,-0.042412072,-0.19580293,0.12361227,-0.16121657,0.05866309,-0.11396659,-0.1163921,-0.05057979,-0.055131312,-0.12860733,-0.17312858,0.047977403,0.07301662,-0.004145552,-0.03715774,-0.022594007,-0.04376557,0.095334336,-0.0026822346,-0.088317275,-0.01960481,-0.034887597,-0.0881841,0.013200031,-0.112333655,0.01592874,0.123282626,-0.07401229,-0.04333694,-0.07943324,0.13804322,0.0906434,0.037835173,-0.02020833,-0.0007917475,-0.06521066,0.021849813,0.020217136,-0.041141637,-0.13832346,-0.15324505,-0.06561219,-0.05083418,-0.07973027,0.020161645,-0.11016202,-0.19213013,-0.011850616,0.063209444,0.15274252,-0.22906142,0.1417719,0.004767284,0.09614969,0.08945265,0.0040420485,0.03637833,-0.0073821214,0.16638872,-0.11771372,-0.122647725,0.036019046,-0.09770844,-0.054249477,-0.12647192,0.24525331,-0.13065656,-0.039917946,-0.045249727,0.06245433,0.12932803,0.014783293,0.105958655,0.1411711,0.13930547,0.089047976,0.20159847,0.10441145,-0.0136019895,-0.02989411,0.09681832,0.011543663,-0.06462573,0.19266409,0.12331991,-0.09003459,0.016329054,-0.20711318,0.082984194,0.16504602,-0.09836905,-0.16042191,0.048325032,-0.20963438,-0.046276316,-0.06227186,0.13392411,-0.06958201,0.12837453,-0.17945032,-0.07581421,-0.013836951,-0.03271828,0.08092122,0.055928208,-0.025538461,-0.10968618,-0.023400838,-0.08343489,-0.103019364,-0.08097352,-0.06379063,0.16430752,0.0012756924,-0.042875677,-0.18098609,-0.077097066,0.09917842,-0.02596804,-0.006776517,-0.038601704,-0.25081527,0.19466054,-0.17787279,-0.029990723,-0.06907577,0.012006481,0.09414867,-0.022690056,0.03225827,-0.01943807,0.057388943,0.110873856,-0.11672253,0.0057798177,0.002644073,-0.18585676,0.15318097,0.06367375,0.0611995,-0.15503456,0.11121443,0.051017035,0.06635579,-0.08759125,-0.094942115,-0.0144166555,0.13029093,0.20131369,-0.08399484,-0.002965444,0.017737387,-0.1635894,0.037303634,0.06833137,0.020707069,0.1825426,0.118689165,-0.1672483,0.07909782,0.044790808,0.06550536,0.011117171,0.072463356,0.038038343,0.02685099,0.08973555,0.101047665,0.01933706,0.11047251,0.18322882,-0.054761544,0.083504,0.037752207,-0.10975044,-0.19158848,0.16214362,0.0064961105,0.11645865,-0.23573792,-0.052233607,-0.13833612
hans,0.014309777,-0.015525213,-0.07323715,0.17279479,0.15522635,-0.09660615,0.11572494,0.26531538,-0.08020246,0.11125209,-0.13226463,-0.07886868,0.028153766,0.063950494,-0.06611637,-0.06858638,-0.0038535742,0.07865286,-0.011297541,-0.18730918,0.07098762,-0.11681379,0.059103444,-0.09863735,-0.04203871,-0.019282138,-0.10114298,-0.07270168,-0.15528522,0.08783435,0.103382714,-0.032768685,0.048971947,0.0099017285,-0.06343316,0.15271436,0.055472635,-0.06575289,-0.030708784,-0.07583394,-0.08917154,-0.026269397,-0.06042209,0.018477155,0.18442635,-0.03667347,-0.04780804,-0.1536518,0.10828882,0.07371087,0.06291837,-0.05783335,-0.05842864,-0.096210636,0.009375766,0.034015268,-0.0773053,-0.16999741,-0.18699363,-0.060385983,-0.091315046,-0.08662683,0.025224416,-0.08583221,-0.25460157,0.009597192,0.07603847,0.1660961,-0.21168482,0.13538799,-0.070493095,0.050045013,0.084583245,0.031385105,0.07140935,-0.021213582,0.13854705,-0.11109147,-0.20256941,0.0039207526,-0.07759073,-0.030913055,-0.13328452,0.30843532,-0.17962198,-0.02503105,-0.10233982,0.09257028,0.091480464,-0.052073866,0.18475085,0.13951267,0.12153097,0.1220012,0.22597608,0.13258344,0.0230616,-0.00231012,0.09441108,0.05627165,-0.12730089,0.18701449,0.088198215,-0.051829252,-0.011995313,-0.16981238,0.10313994,0.16180383,-0.122307725,-0.20046231,0.020819562,-0.17876272,-0.035547473,-0.054582063,0.10517944,-0.08748289,0.12389769,-0.27248132,-0.06667631,-0.066822685,-0.054052886,0.16090989,0.06823896,-0.046111032,-0.07969134,0.0017387494,-0.1069232,-0.06805391,-0.05535366,-0.067477316,0.07864728,0.02823157,-0.034682404,-0.11619506,-0.047072604,0.13430677,-0.007348665,-0.044651806,-0.060027797,-0.20677741,0.17270148,-0.22892995,-0.06405031,-0.037700985,-0.00210235,0.030195272,-0.0045511727,0.036286507,0.026215293,0.0774458,0.083571956,-0.14922015,-0.004653764,-0.003685899,-0.15337156,0.13285309,0.13799345,0.032291308,-0.059902254,0.12618059,0.07765669,0.050883923,-0.021547707,-0.07468119,-0.04444051,0.06640488,0.13721687,-0.05085978,-0.052024115,0.021051321,-0.108636804,0.03465352,0.06077081,-0.010555095,0.15774138,0.05512788,-0.11780778,0.048605915,0.026753334,0.09774192,-0.024732104,0.047738038,0.03360519,0.021315334,0.1015396,0.09774408,0.019973708,0.10015498,0.15684555,-0.052020293,0.06168997,0.0120949615,-0.06929563,-0.12670113,0.09971721,0.011392751,0.091499135,-0.21037874,-0.007099201,-0.08428146
made,-0.026509527,0.016399747,-0.063501686,0.12115371,0.0993346,-0.05786199,0.10260165,0.2113186,-0.05998373,0.09933391,-0.119777076,-0.036473174,0.028783042,0.039963923,-0.042826574,-0.08305937,0.0038975333,0.097761944,-0.029788133,-0.18835945,0.08303445,-0.13460632,0.053684495,-0.097589284,-0.06334219,-0.03162425,-0.06722921,-0.09956742,-0.1566572,0.05937666,0.06646822,-0.015755542,0.004166882,-0.0012669082,-0.037651002,0.10930125,0.023366638,-0.06393793,-0.016055124,-0.055995394,-0.078851275,-0.0036191868,-0.08289596,0.01690801,0.13825534,-0.049358208,-0.03899655,-0.1100213,0.11281017,0.0769085,0.06183379,-0.03349104,-0.030604756,-0.06898835,0.01552829,0.0196685,-0.055637628,-0.1362867,-0.16029951,-0.042536855,-0.06002451,-0.0862786,0.028161025,-0.09157012,-0.20324318,-0.0023731885,0.064535506,0.15869956,-0.21663596,0.13089071,-0.02723734,0.063371755,0.08326363,0.018705724,0.04427908,-0.007188938,0.14244246,-0.1056766,-0.15295759,0.017850202,-0.092010655,-0.038311657,-0.12321961,0.25397858,-0.155078,-0.03108766,-0.06461703,0.06966904,0.09932432,-0.011194153,0.13564919,0.1388221,0.12344059,0.10589674,0.19669598,0.099993184,0.011807896,-0.0140212,0.08483313,0.029093208,-0.097502515,0.1816979,0.09418243,-0.07481456,0.0038188298,-0.1773393,0.081270516,0.15832157,-0.10648927,-0.16645516,0.020106943,-0.19797662,-0.041085985,-0.06398215,0.10628597,-0.07674076,0.11496354,-0.20578392,-0.06710648,-0.039479055,-0.044648003,0.111392066,0.060084455,-0.043187656,-0.09302971,-0.003343825,-0.09764923,-0.08369882,-0.072602674,-0.061041996,0.1247506,0.016687892,-0.028628921,-0.14175291,-0.05521743,0.10674994,-0.018025324,-0.013640268,-0.051695727,-0.20716827,0.1792491,-0.17950043,-0.038305745,-0.03988101,0.003936994,0.06049501,-0.02126569,0.033475738,0.01224166,0.05396082,0.09458365,-0.13691032,0.00087090896,0.0037842905,-0.16514345,0.13746844,0.09526845,0.046744507,-0.104536794,0.11082429,0.060612302,0.053637467,-0.05598099,-0.07246465,-0.02873223,0.09667017,0.1610286,-0.06558249,-0.030788042,0.013622299,-0.13126437,0.02926029,0.057017412,-0.004531809,0.15977433,0.08596608,-0.13804016,0.065509945,0.03612144,0.08602178,-0.0054844744,0.04557411,0.024634736,0.022071095,0.09755782,0.091977574,0.03235301,0.10343955,0.16290592,-0.053481165,0.07863733,0.018259209,-0.091312915,-0.15056619,0.12712081,0.009230702,0.096026726,-0.21698783,-0.028747888,-0.093089275
began,-0.048588056,0.022991724,-0.06452899,0.09774605,0.08206165,-0.042135533,0.091462724,0.1951211,-0.04788798,0.09618311,-0.112760186,-0.024689987,0.019004863,0.022004174,-0.030247482,-0.1027071,0.0067684087,0.11419591,-0.042898107,-0.192061,0.10221139,-0.14694248,0.06416381,-0.10242678,-0.09647323,-0.03424177,-0.056330226,-0.10893466,-0.17096657,0.046256524,0.07391921,-0.0033961893,-0.017957158,-0.017414207,-0.032451328,0.091743074,0.012409946,-0.07566731,-0.021209218,-0.036496527,-0.082843706,0.00412776,-0.08670083,0.022262318,0.1378667,-0.052720375,-0.040827323,-0.09503895,0.13273641,0.0802358,0.0393636,-0.014165463,-0.015165325,-0.05553015,0.016028212,0.020305522,-0.05114801,-0.12707853,-0.15479267,-0.058932636,-0.052384485,-0.07793826,0.024095614,-0.10001697,-0.18526003,-0.013577425,0.06570773,0.13942978,-0.2015999,0.12232693,-0.00519625,0.079270326,0.086956516,0.010767881,0.043760885,-0.0026184213,0.13952538,-0.10157509,-0.12223263,0.032476902,-0.08332978,-0.05113732,-0.12254747,0.2288068,-0.13867828,-0.03167284,-0.05145396,0.053706374,0.10709172,-0.005782554,0.12048013,0.1396728,0.12357281,0.0966621,0.18654643,0.10207573,-0.0109211765,-0.024383819,0.07889095,0.019557139,-0.07319979,0.16662693,0.102122545,-0.09478736,0.013244529,-0.18622692,0.07281177,0.13903262,-0.09645185,-0.14855814,0.036623377,-0.1966361,-0.037150424,-0.057819296,0.1262598,-0.06956169,0.11353838,-0.17966804,-0.0652101,-0.02833718,-0.03671026,0.088799596,0.05812494,-0.03623779,-0.097373165,-0.024019236,-0.085310064,-0.088329345,-0.0732361,-0.059406582,0.14205343,0.014674386,-0.03877008,-0.15948346,-0.063726224,0.09187066,-0.020870728,-0.015964992,-0.040190853,-0.23945312,0.18271582,-0.19103684,-0.035180025,-0.059199173,0.0025411223,0.07569233,-0.016766265,0.024383366,-0.0068233106,0.047879122,0.10102677,-0.12192085,0.012109666,-9.824218e-05,-0.16567442,0.14494503,0.07938919,0.047133032,-0.13478796,0.10587935,0.052621245,0.062016144,-0.07903891,-0.081077725,-0.024490044,0.11563105,0.19067326,-0.07901367,-0.011702457,0.022940572,-0.14381227,0.034166936,0.0636833,0.013739686,0.16079473,0.10531697,-0.15490896,0.0764902,0.045741837,0.06571077,-0.005371832,0.0494221,0.03378418,0.02149522,0.09200664,0.091847375,0.016706774,0.10227335,0.17656158,-0.05684708,0.08173433,0.03150235,-0.09028109,-0.17321378,0.14740624,0.005316779,0.11342895,-0.22968161,-0.038787495,-0.11834826
head,-0.03100216,0.022267217,-0.052955706,0.112706274,0.0966937,-0.050238945,0.10622002,0.21196765,-0.0582037,0.096051075,-0.12827745,-0.036072504,0.03348343,0.042121995,-0.028319802,-0.10452092,0.013153178,0.109189644,-0.02934251,-0.18874428,0.09930429,-0.14469749,0.054107163,-0.096610695,-0.08315392,-0.0359884,-0.08012607,-0.102142796,-0.16230695,0.05885883,0.08098637,-0.009251683,-0.0020014076,-0.004888144,-0.040509336,0.103419915,0.012775296,-0.07567716,-0.0135332355,-0.042470597,-0.08668402,-0.0018399118,-0.092147544,0.024617964,0.13039072,-0.050980587,-0.036498893,-0.0989516,0.12541272,0.08349642,0.050177775,-0.04995145,-0.016642705,-0.075342245,0.005087425,0.019018644,-0.054085687,-0.13287023,-0.17240386,-0.0523087,-0.05053804,-0.08269175,0.019852877,-0.085901625,-0.20156166,-0.004449668,0.0838827,0.16225725,-0.22234325,0.13627645,-0.02141538,0.065069064,0.10488855,-0.00034018277,0.040790845,0.0074018957,0.15050271,-0.11345618,-0.14829889,0.019353997,-0.08421848,-0.04212873,-0.12268305,0.26156536,-0.15047513,-0.035485808,-0.061887756,0.06680696,0.109513216,-0.004860558,0.13853465,0.13475716,0.12898502,0.0915678,0.20957105,0.112401314,0.0014006003,-0.013472492,0.09092745,0.018782832,-0.088496365,0.18188237,0.11041246,-0.07340253,0.005693545,-0.18816233,0.09165842,0.15295379,-0.11498244,-0.15896711,0.024116332,-0.19284081,-0.049394578,-0.06410278,0.1130289,-0.065948755,0.12065261,-0.2105575,-0.06724873,-0.044521492,-0.039357293,0.11258056,0.056874588,-0.048178706,-0.09137609,0.004094511,-0.089284696,-0.09128495,-0.08090752,-0.05922699,0.13344903,0.007976326,-0.034134835,-0.1522346,-0.06022308,0.09191785,-0.02085663,-0.019102871,-0.05469629,-0.21465792,0.18652779,-0.18842785,-0.030368611,-0.04515117,0.007554967,0.07104577,-0.023880782,0.029037299,0.009421469,0.057849526,0.097808264,-0.13165504,-0.001809859,-0.008741049,-0.15729788,0.13336183,0.08704906,0.04541991,-0.1186966,0.102676325,0.056925066,0.0499874,-0.0548639,-0.082360506,-0.021114334,0.1036558,0.17395853,-0.07138567,-0.022495378,0.013625794,-0.13449782,0.044797353,0.0664597,0.0042460496,0.15948118,0.09151099,-0.14668638,0.05623852,0.04324704,0.08323839,-0.005178403,0.057778683,0.024293534,0.030480137,0.092738435,0.09281485,0.030752735,0.10030539,0.16823287,-0.058621284,0.06556909,0.022770712,-0.09200345,-0.15993558,0.12463503,-0.00094167027,0.10466473,-0.20029,-0.032527156,-0.10841017
bird,-0.00046190375,0.0009778974,-0.060594525,0.13748357,0.12568685,-0.0659758,0.11964844,0.2315564,-0.06991008,0.10254459,-0.119436204,-0.05727457,0.033867814,0.05507778,-0.051507518,-0.079563454,0.010263021,0.09673756,-0.024831379,-0.19094346,0.07874418,-0.122510806,0.062535,-0.09163628,-0.061821032,-0.028773874,-0.08441429,-0.096832894,-0.15047722,0.07415617,0.08719039,-0.014961805,0.022785638,0.005027617,-0.059316758,0.13290726,0.034427244,-0.079129465,-0.029076057,-0.07321209,-0.090792485,-0.018596003,-0.07920571,0.018991966,0.15848996,-0.042998526,-0.04309234,-0.13760659,0.12814909,0.079997435,0.06408615,-0.050227374,-0.046084054,-0.08721214,0.008221635,0.023124069,-0.066661045,-0.15478674,-0.18251993,-0.04365101,-0.067610696,-0.08383246,0.027053235,-0.09435035,-0.22749706,0.011248851,0.06511615,0.16353148,-0.225374,0.14693718,-0.04075233,0.056136638,0.099684544,0.024125608,0.05921267,-0.012525686,0.14365253,-0.11965846,-0.18149094,0.009495742,-0.08320846,-0.035271265,-0.1302869,0.280517,-0.16014789,-0.019332305,-0.074088275,0.078800246,0.10569071,-0.025876304,0.14493959,0.13900226,0.12428529,0.11470474,0.205417,0.11140824,0.011263242,-0.004943243,0.08555095,0.041838694,-0.113460444,0.18676908,0.08709435,-0.066238,-0.0111644175,-0.18356465,0.0957112,0.16114822,-0.12007982,-0.17747265,0.009113291,-0.18965128,-0.05357624,-0.06191281,0.11052806,-0.07159873,0.11654365,-0.23523383,-0.06625995,-0.0674779,-0.044345245,0.13431741,0.063398585,-0.04803447,-0.07854348,0.00055333023,-0.102584094,-0.07873873,-0.078495234,-0.061537612,0.10827051,0.018035535,-0.035604913,-0.13746807,-0.059993077,0.118277915,-0.020520488,-0.032771703,-0.057070255,-0.20756406,0.18768232,-0.19693269,-0.04759268,-0.044292025,0.0019897444,0.051456954,-0.027173655,0.037257273,0.012626459,0.067461595,0.08829169,-0.1454651,-0.00854926,-0.0025320852,-0.16590703,0.13761018,0.124384515,0.049305316,-0.07328314,0.11242401,0.073304325,0.054567456,-0.043540575,-0.06373561,-0.034226287,0.08492884,0.15569553,-0.06393954,-0.04275041,0.019553673,-0.12915125,0.0388502,0.062277388,-0.015035244,0.16401026,0.08089705,-0.1352846,0.04827861,0.033317536,0.09013597,-0.011530514,0.04431399,0.031326823,0.01986981,0.10893656,0.099095926,0.018865634,0.09321947,0.15999466,-0.06439238,0.07096493,0.020279516,-0.082586594,-0.13740304,0.11490211,0.0029557762,0.10290281,-0.21033587,-0.017435504,-0.09384504
only,0.023035197,-0.036474325,-0.07310897,0.18344158,0.17444743,-0.118773334,0.11264892,0.25399876,-0.08202087,0.10703267,-0.12941647,-0.08357057,0.03012097,0.079300374,-0.08231747,-0.04972438,-0.0017436811,0.05873671,0.009654645,-0.17666413,0.040040053,-0.08214082,0.04638207,-0.08237151,-0.00464715,-0.0070922133,-0.10170651,-0.06301996,-0.13565215,0.09111757,0.09674219,-0.039206993,0.063155,0.024185373,-0.057013303,0.16139019,0.073105246,-0.053407867,-0.032219186,-0.086249895,-0.07219704,-0.036239177,-0.041359607,0.000656386,0.18579721,-0.02232177,-0.050906453,-0.1796518,0.095263794,0.06880244,0.082683615,-0.06972125,-0.06700424,-0.09769744,0.011270144,0.033053722,-0.07824409,-0.16750664,-0.19344625,-0.05000408,-0.100562386,-0.08477326,0.034300163,-0.07102468,-0.24370135,0.017869962,0.06815516,0.15889332,-0.1897205,0.1405585,-0.08422155,0.026357362,0.07194395,0.034205332,0.06908816,-0.012923786,0.11706502,-0.094423845,-0.21566376,0.007550884,-0.07739048,-0.0144999,-0.13436344,0.29549903,-0.17860328,-0.020347914,-0.0993836,0.083357796,0.06981356,-0.066531554,0.18577756,0.11924235,0.1010602,0.12092693,0.20198143,0.11357871,0.025643986,0.009757731,0.071347035,0.063070774,-0.14503814,0.18043697,0.07126369,-0.041406438,-0.025039537,-0.157525,0.097649485,0.14881839,-0.11516781,-0.18867251,-0.0002393503,-0.1637298,-0.034260083,-0.05601539,0.07914467,-0.086249694,0.10124573,-0.2736936,-0.07428265,-0.08400755,-0.06018625,0.16038616,0.0675065,-0.054643482,-0.07034281,0.005448082,-0.1040772,-0.052198067,-0.046309993,-0.07338504,0.04892933,0.030639734,-0.020306094,-0.088064894,-0.034641817,0.13830629,-0.0020205632,-0.056907695,-0.070226714,-0.1797336,0.14332284,-0.21591295,-0.061778974,-0.032392506,-0.008534039,0.016004011,-0.007175874,0.033110198,0.028803932,0.07931632,0.074147925,-0.15005894,-0.002288265,-0.0037560805,-0.14576927,0.1167244,0.15339386,0.03484284,-0.017364675,0.11552548,0.07758945,0.03405129,-0.005507454,-0.051326685,-0.048736896,0.051573403,0.11740671,-0.041935783,-0.066190526,0.02995387,-0.09333784,0.03215718,0.044579815,-0.035767045,0.14739817,0.041924905,-0.09137063,0.033198718,0.024114838,0.10161744,-0.027379153,0.031550772,0.025196638,0.012032878,0.09853644,0.08381952,0.017348072,0.085007496,0.12771182,-0.04494027,0.06501715,0.015554187,-0.059580896,-0.09791934,0.08003279,0.009469262,0.08628941,-0.1884012,0.0051428773,-0.053695895
set,-0.025514707,0.01736105,-0.07063257,0.1325736,0.115798555,-0.06795966,0.10993467,0.2304482,-0.06697254,0.109505884,-0.1256164,-0.047286496,0.028064823,0.043007806,-0.047420003,-0.09461126,0.01178141,0.10719022,-0.031180281,-0.18663786,0.09549489,-0.137219,0.05720698,-0.101519376,-0.07011561,-0.030532805,-0.0850218,-0.1040464,-0.16794193,0.07012305,0.08575275,-0.013523708,0.010767536,-0.0027133536,-0.050643157,0.12167559,0.021137992,-0.07632606,-0.020363241,-0.055238016,-0.08066135,-0.004309201,-0.08382386,0.011338134,0.1442048,-0.048083004,-0.04619309,-0.114281096,0.12024248,0.088232785,0.06293665,-0.05050003,-0.028409518,-0.07703056,0.0076662716,0.024650287,-0.055972952,-0.14333513,-0.18360735,-0.052859038,-0.063494295,-0.08317187,0.025502926,-0.09699222,-0.2259694,-0.00232021,0.07952402,0.1643498,-0.22872259,0.14481312,-0.03524698,0.059501216,0.08906408,0.013339936,0.046446946,-0.011436164,0.1475287,-0.1150999,-0.16342734,0.018751848,-0.09534484,-0.038814925,-0.1341465,0.2793091,-0.16415541,-0.034213964,-0.076639175,0.07880197,0.1028032,-0.017745435,0.15463205,0.13981271,0.12884474,0.09750988,0.21317017,0.11982049,0.007045969,-0.0023111498,0.08489841,0.038054813,-0.095071435,0.18567443,0.110895835,-0.08034955,0.001660511,-0.19035289,0.09649708,0.1582551,-0.12027678,-0.17249136,0.03342292,-0.20148952,-0.042850826,-0.06554539,0.1183905,-0.08623212,0.12056785,-0.2298187,-0.075297646,-0.04343558,-0.044768095,0.124032885,0.06492447,-0.032470983,-0.088664,-0.01274341,-0.10151449,-0.08805713,-0.071186975,-0.06588402,0.12113587,0.010209237,-0.032798033,-0.14432009,-0.06197128,0.11748517,-0.015143237,-0.018689258,-0.054040182,-0.22138686,0.18450919,-0.19837189,-0.047860824,-0.0551845,-0.004491833,0.06029114,-0.025925353,0.022962406,-0.0016900204,0.06435364,0.10096907,-0.13390762,-0.00053244754,-0.013368074,-0.16364539,0.13880105,0.098711394,0.047240317,-0.11019261,0.117317945,0.06724088,0.060252286,-0.05904467,-0.08833959,-0.027398776,0.10408315,0.16790204,-0.07106679,-0.03174724,0.027134953,-0.14027384,0.034463324,0.064004645,-0.0019205668,0.1668894,0.092117205,-0.14070195,0.06210934,0.037970684,0.08758078,-0.010550249,0.046660002,0.027679665,0.02379858,0.092334025,0.10259555,0.017108155,0.11320477,0.1703195,-0.061591856,0.07831361,0.029727094,-0.099911086,-0.15978056,0.12546957,0.012475197,0.10156005,-0.21453187,-0.024278015,-0.111007094
answered,0.015090859,-0.027558865,-0.0660829,0.17352141,0.16088687,-0.10970808,0.106847554,0.24737598,-0.07378059,0.10601632,-0.13110428,-0.07991505,0.028986596,0.072264865,-0.07114716,-0.059055723,-0.00082585245,0.05501569,-0.007701465,-0.17373192,0.053899556,-0.09299423,0.046830498,-0.08514326,-0.0155120995,-0.029167594,-0.09963055,-0.060471106,-0.14532733,0.09333305,0.09540816,-0.027592938,0.046819817,0.014029164,-0.060811758,0.1460466,0.054667447,-0.06673983,-0.023055414,-0.08448859,-0.08052445,-0.02765648,-0.054288935,0.008853057,0.17813636,-0.03587405,-0.052672166,-0.15803528,0.10523438,0.07599015,0.064745106,-0.053231012,-0.064445384,-0.093246065,0.01809352,0.026762152,-0.075056426,-0.15687956,-0.1842594,-0.045948397,-0.094030164,-0.08322078,0.024167754,-0.09096581,-0.25003555,0.0063441517,0.077022605,0.17067242,-0.19787438,0.13326906,-0.076122075,0.026922181,0.06653903,0.027623592,0.0753827,-0.019286903,0.12624472,-0.10032177,-0.210491,0.00586463,-0.07996861,-0.018607361,-0.12444547,0.29431227,-0.17985272,-0.021014065,-0.10280866,0.0813447,0.07194163,-0.055764206,0.17652161,0.12310159,0.10138138,0.12057041,0.19935866,0.11274066,0.02720147,0.0065120677,0.08150472,0.059698094,-0.13775685,0.19353534,0.07398467,-0.058267426,-0.025721937,-0.15700915,0.087089814,0.1524734,-0.110659406,-0.19088924,0.004072881,-0.16866267,-0.037204143,-0.05667264,0.092407905,-0.08621337,0.11416472,-0.2648928,-0.06878472,-0.075468406,-0.05473217,0.16144894,0.0623959,-0.046203945,-0.07401958,0.009391963,-0.111798674,-0.06476385,-0.04371626,-0.06943356,0.06464776,0.025787266,-0.026239278,-0.09895307,-0.04500827,0.14034902,-0.008326156,-0.04777332,-0.06288863,-0.19173928,0.15306515,-0.2238531,-0.06205765,-0.037044752,-0.0119431,0.019955765,-0.017487912,0.030544756,0.017004654,0.06997596,0.07185497,-0.14811786,-0.0081086205,0.0021690147,-0.1503449,0.12661354,0.15469943,0.02518253,-0.042752005,0.110416666,0.07746246,0.040878844,-0.013067106,-0.058266494,-0.052358698,0.059356347,0.122064956,-0.05217807,-0.0624179,0.03327338,-0.0993345,0.037101172,0.05127985,-0.030459465,0.15249081,0.048551884,-0.10432915,0.041883964,0.025947697,0.10260998,-0.032002136,0.034943648,0.024593638,0.016315375,0.098879665,0.0888554,0.0019015936,0.08850219,0.13752426,-0.04643249,0.068034954,0.009509012,-0.06094313,-0.10767151,0.1016467,0.019058958,0.093828656,-0.19657755,0.001559204,-0.07224164
son,-0.020477958,0.008272626,-0.052174617,0.131396,0.12847853,-0.0711612,0.103810996,0.22177556,-0.05709986,0.1243541,-0.12544885,-0.058475677,0.020225372,0.04471812,-0.03847442,-0.10147869,-0.004301241,0.09569561,-0.0313851,-0.1984011,0.08894409,-0.13569069,0.06875884,-0.08115925,-0.07006276,-0.049142595,-0.080601856,-0.08584614,-0.17121926,0.07644089,0.07994661,-0.00995867,0.012506297,0.003948744,-0.056157265,0.1136742,0.021692684,-0.08125706,-0.02422647,-0.068841495,-0.08307959,-0.013658568,-0.088317335,0.028506605,0.1542843,-0.052082807,-0.04292602,-0.13483067,0.13306703,0.08853308,0.056711085,-0.052541774,-0.035495464,-0.09295074,0.020003788,0.01630351,-0.06119376,-0.15462063,-0.18236947,-0.056774262,-0.06637382,-0.091242895,0.025546342,-0.09109745,-0.23203869,0.0024737422,0.07687592,0.17844881,-0.23573686,0.14187132,-0.05139536,0.06166967,0.09523186,0.01232903,0.036264457,-0.0014684815,0.1587413,-0.11489401,-0.16312303,0.0026744315,-0.084177904,-0.042360988,-0.12174039,0.28210217,-0.15813623,-0.01945956,-0.081359744,0.076464765,0.11259041,-0.019661853,0.15030341,0.1459339,0.12530293,0.10182676,0.20532659,0.114691034,0.01346393,-0.0014548376,0.08566447,0.031332728,-0.10526936,0.18063612,0.0870986,-0.09336099,0.0021560017,-0.17533039,0.0830713,0.16999254,-0.11164409,-0.17803581,0.0151515175,-0.19275701,-0.04819277,-0.06323499,0.13052998,-0.0765886,0.12700243,-0.22605586,-0.06112256,-0.06830588,-0.0415358,0.12343264,0.06377535,-0.059073906,-0.07089206,-0.0017803395,-0.11533417,-0.08622872,-0.08008141,-0.064736664,0.11360703,0.021505395,-0.029973876,-0.1442923,-0.06347242,0.11441539,-0.021738358,-0.031189062,-0.058753185,-0.21679096,0.20648049,-0.21331266,-0.04981771,-0.04685664,0.020982439,0.06535459,-0.014428318,0.03616388,0.026068471,0.06751564,0.10433502,-0.13050203,-0.020918708,0.0116807055,-0.169325,0.14427727,0.120588616,0.040507,-0.10144098,0.1108206,0.07495837,0.0593983,-0.05093898,-0.07032978,-0.039777018,0.09880159,0.18017922,-0.07807302,-0.02015981,0.016613249,-0.12921478,0.052190915,0.057162933,-0.01292696,0.1724087,0.08519268,-0.13609955,0.05340704,0.046984546,0.08863493,-0.0035587174,0.0397616,0.0349382,0.01501934,0.10348875,0.09620062,0.024290795,0.10389163,0.1657791,-0.06460564,0.083251454,0.021789847,-0.079175,-0.15774733,0.12954688,0.0086940145,0.112380736,-0.23126866,-0.030239142,-0.09474769
looked,-0.0500717,0.040506702,-0.06459316,0.07657819,0.068761095,-0.026189946,0.11502742,0.1852285,-0.030379267,0.10784843,-0.1019761,-0.011928768,0.024082674,0.01464535,-0.026133863,-0.106826134,0.005925838,0.12454328,-0.04511348,-0.20571375,0.10822044,-0.16589394,0.06960777,-0.11102032,-0.10599156,-0.048772052,-0.055868015,-0.12989883,-0.17761856,0.045227025,0.06644629,0.0052189003,-0.03267082,-0.020400006,-0.044504628,0.084566735,-0.0057375515,-0.08309362,-0.02274085,-0.0455109,-0.09418532,-0.0036715632,-0.10687113,0.023118772,0.13749067,-0.060105205,-0.05392162,-0.08925161,0.1378016,0.08834575,0.029665645,-0.015614845,-0.014588934,-0.06338241,0.018522315,0.008594194,-0.04223084,-0.13016376,-0.16063483,-0.06340947,-0.05528261,-0.093066394,0.029227396,-0.10813563,-0.19690286,-0.0071230633,0.06059509,0.14608265,-0.24185678,0.1320172,0.0064463844,0.09666256,0.093233906,0.013013257,0.039203845,-0.010340336,0.15411828,-0.1298068,-0.124672726,0.019647388,-0.098701335,-0.053953916,-0.11473312,0.23323455,-0.13488315,-0.026518214,-0.04115081,0.05269905,0.113982394,0.0119378865,0.10990054,0.15126404,0.13250358,0.098679416,0.19993591,0.10137306,-0.00622464,-0.024472762,0.09008195,0.0021553135,-0.07116172,0.17051166,0.11087399,-0.09583392,0.01715532,-0.20022736,0.081008606,0.14805953,-0.0868517,-0.17286794,0.035930265,-0.20298414,-0.058619786,-0.06840778,0.13479486,-0.06994259,0.12325039,-0.1770432,-0.059742812,-0.030382145,-0.032878168,0.10018273,0.0695956,-0.036541294,-0.11574336,-0.03128388,-0.092923455,-0.09412227,-0.09080493,-0.057140935,0.1546316,0.0105551975,-0.044979393,-0.17501518,-0.07149985,0.08460656,-0.029790277,0.0028971774,-0.049369857,-0.24689285,0.20699158,-0.18688445,-0.02246584,-0.065415,0.021792606,0.09550446,-0.031667963,0.032712247,-0.0036034477,0.05575317,0.10603601,-0.13054937,0.0018861722,-0.0032959126,-0.1856411,0.13985302,0.07456882,0.06362942,-0.14147274,0.11836812,0.061040167,0.0652391,-0.07635313,-0.09740429,-0.020210758,0.118785724,0.20143655,-0.07056238,0.0012642229,0.021451434,-0.14946358,0.03778895,0.076785915,0.014468477,0.18207154,0.11208702,-0.16161272,0.07484066,0.036461044,0.06335126,0.013001221,0.06238383,0.04803884,0.015210181,0.10278845,0.09794501,0.025245627,0.11197105,0.18746036,-0.06323231,0.08608388,0.01750554,-0.09638485,-0.1805958,0.15898706,0.016939444,0.12016024,-0.24023704,-0.034827374,-0.11754698
heard,-0.0391247,0.02610919,-0.05868129,0.09587729,0.08416839,-0.037344113,0.105136335,0.19387312,-0.041104708,0.106062934,-0.09820232,-0.029310435,0.0250782,0.024311656,-0.034173474,-0.09144132,-0.00651206,0.10263598,-0.026782697,-0.18428834,0.083049096,-0.13620916,0.05570004,-0.09257442,-0.061365053,-0.041420102,-0.0630049,-0.10862309,-0.16445604,0.05189535,0.057792135,0.0018937694,-0.004229775,-0.014509492,-0.048328325,0.10014594,0.009200927,-0.0704398,-0.019993788,-0.050795022,-0.08671428,-0.009434621,-0.0810518,0.008400251,0.13346398,-0.05880945,-0.047987126,-0.0965094,0.10761022,0.07543339,0.04984884,-0.01815045,-0.033352688,-0.068419725,0.032899264,0.0018195508,-0.041914117,-0.11993168,-0.14546573,-0.050273288,-0.06971584,-0.08516351,0.023860807,-0.09961755,-0.19999312,-0.0011776508,0.055608876,0.14511101,-0.2151096,0.1262181,-0.01899534,0.08149678,0.078596726,0.017120631,0.035440534,-0.010399981,0.14190742,-0.11050931,-0.12579483,0.015410791,-0.0912829,-0.042470936,-0.114272416,0.2337784,-0.13806766,-0.02212834,-0.04865792,0.055453803,0.113858715,-0.012632999,0.117600664,0.13580297,0.10708564,0.101030245,0.1818999,0.10281944,0.013516972,-0.012260368,0.08203604,0.0030949682,-0.08272899,0.16975005,0.08203702,-0.08885956,0.014604569,-0.17796569,0.07212598,0.14574592,-0.094900176,-0.15506308,0.025666803,-0.18382204,-0.042415846,-0.058979496,0.11565038,-0.074697405,0.10894472,-0.18312801,-0.0714617,-0.035438802,-0.03367356,0.11073201,0.06819818,-0.039373178,-0.10258681,-0.018927852,-0.1001901,-0.08284895,-0.07604801,-0.06722069,0.12548505,0.013576507,-0.03854055,-0.15210257,-0.06266093,0.10353976,-0.028546898,-0.014085993,-0.05075459,-0.20901132,0.18800364,-0.17388028,-0.040009152,-0.04867695,0.018926065,0.065503895,-0.021352803,0.034253992,-0.0032021631,0.049553014,0.09943444,-0.119604126,0.007534135,0.005384393,-0.17046176,0.12369147,0.081120096,0.050079,-0.1103661,0.117335446,0.06616036,0.048649725,-0.0659214,-0.0743126,-0.025842072,0.10587535,0.17563243,-0.068508625,-0.014942221,0.016758604,-0.13140151,0.03060705,0.058879163,0.008751536,0.17278455,0.0878511,-0.13990794,0.07195638,0.03212297,0.07367569,0.0018141379,0.047090795,0.026988948,0.013077939,0.09448929,0.10630603,0.025266096,0.09685781,0.16369198,-0.056362174,0.09067426,0.013249193,-0.08212671,-0.15756397,0.13954374,0.02165198,0.10740965,-0.2292168,-0.028152429,-0.107465565
water,-0.01914298,0.0043197353,-0.067522876,0.13206272,0.102180295,-0.05461995,0.10345312,0.21837905,-0.06885615,0.10041386,-0.115422234,-0.043901034,0.024289995,0.03442615,-0.041861366,-0.083956555,0.0059941337,0.09646278,-0.028759096,-0.18444808,0.09384118,-0.13167337,0.053007167,-0.097546525,-0.07468841,-0.03384069,-0.071273796,-0.08811713,-0.15862258,0.058672342,0.08644502,-0.01089346,0.015731104,-0.0029860833,-0.047440268,0.10946364,0.030155156,-0.070743255,-0.014113065,-0.051071826,-0.08781748,-0.011524138,-0.07555607,0.01682209,0.14332701,-0.055202775,-0.043857504,-0.10624223,0.12394596,0.08526219,0.052321855,-0.04722749,-0.02540959,-0.07724083,0.015685719,0.027172182,-0.060448803,-0.13796636,-0.1628533,-0.043763164,-0.0680276,-0.07964163,0.023094255,-0.089818254,-0.20232652,-0.00087198865,0.06855073,0.15575562,-0.20393343,0.12960972,-0.03281258,0.068588875,0.09752434,0.012751101,0.0424794,0.00090926857,0.1376084,-0.104615524,-0.15690854,0.016166622,-0.078512244,-0.040560424,-0.12565693,0.2620879,-0.14420786,-0.030086024,-0.06409399,0.07552139,0.107281014,-0.008587397,0.14357102,0.1355817,0.124460086,0.10059232,0.19920151,0.106686555,0.0051000067,-0.012382493,0.08601515,0.022769893,-0.103198,0.18252075,0.10115643,-0.06432721,-0.001274179,-0.18761948,0.09584011,0.14888158,-0.11244276,-0.16940992,0.026719494,-0.18823792,-0.04137154,-0.05847318,0.11379508,-0.07069376,0.11848648,-0.21903385,-0.07137486,-0.050917648,-0.03915071,0.11373473,0.06083706,-0.043464728,-0.0818996,-0.006056861,-0.099229395,-0.07993829,-0.07538755,-0.05762533,0.12486186,0.0046833823,-0.027188573,-0.14104764,-0.052777026,0.11480841,-0.011770566,-0.03210913,-0.05942711,-0.20802642,0.17640968,-0.19641303,-0.044024672,-0.04787343,0.0020254992,0.059584294,-0.024255263,0.029932503,0.015276106,0.06757628,0.0976099,-0.13241318,0.0033592747,0.000782584,-0.17013542,0.14809628,0.09715862,0.04599459,-0.108252905,0.11095751,0.0697676,0.056920115,-0.052203905,-0.0803084,-0.02184413,0.09837651,0.16306762,-0.062876366,-0.037078414,0.01820792,-0.13648324,0.040389605,0.071770936,-0.0030594957,0.16166177,0.082642026,-0.14267974,0.059441116,0.04085829,0.08708401,-0.00810371,0.050594132,0.025839744,0.031661432,0.096965045,0.10057569,0.019863525,0.100000985,0.16997999,-0.049791172,0.0719668,0.03241666,-0.093927115,-0.1499299,0.11693954,0.0031997194,0.110777885,-0.21158884,-0.033300716,-0.098757006
got,-0.039894786,0.029662661,-0.0677775,0.10447006,0.09093176,-0.045674104,0.11113654,0.20709264,-0.051048663,0.10490165,-0.119547255,-0.025910603,0.02887032,0.031033428,-0.03811643,-0.10050397,-0.0025248053,0.11405878,-0.0370102,-0.20060259,0.10119526,-0.14702132,0.06788641,-0.09645657,-0.0849461,-0.03921633,-0.07052595,-0.1203568,-0.16925164,0.050847977,0.06589825,-0.004585095,-0.010163849,-0.008656425,-0.042713877,0.10061423,0.013864062,-0.08195316,-0.023039764,-0.055495583,-0.0845305,-0.0036861005,-0.092757896,0.013053174,0.1433101,-0.055937894,-0.052564163,-0.10607977,0.1315633,0.07753821,0.04556667,-0.03179077,-0.021160984,-0.0728858,0.015774976,0.009181731,-0.05312486,-0.13868476,-0.16068907,-0.06018873,-0.060361758,-0.08922898,0.022537876,-0.09309032,-0.20616516,-0.0022024068,0.063263245,0.15450394,-0.22453947,0.13647774,-0.018955525,0.07767648,0.08395379,0.016283158,0.042991936,-0.010245903,0.16014704,-0.107210375,-0.1451626,0.023359014,-0.096983016,-0.052000508,-0.12230657,0.25296697,-0.14322859,-0.028129412,-0.059363343,0.06886401,0.1130406,-0.009588843,0.12196646,0.14143674,0.12795217,0.096818626,0.20417175,0.115301244,0.0013632053,-0.011960175,0.09721595,0.024460662,-0.082721524,0.18032728,0.106193215,-0.0884486,0.0062765926,-0.18952164,0.08751631,0.15507233,-0.10461738,-0.16694304,0.028927956,-0.20011781,-0.052062906,-0.06382647,0.12032369,-0.07949366,0.12456884,-0.19848949,-0.07286638,-0.033382695,-0.03629552,0.10576353,0.06264224,-0.03635534,-0.09869888,-0.013815515,-0.09600438,-0.09664257,-0.08316175,-0.059653677,0.13751721,0.011805755,-0.03338213,-0.16502605,-0.06497831,0.10201768,-0.019197403,-0.01113265,-0.053646043,-0.23119244,0.19085988,-0.19151983,-0.033159636,-0.049202017,0.013548329,0.07527736,-0.01895463,0.029640397,-0.0060187364,0.058131985,0.10149564,-0.12589076,0.0071484754,0.00010779233,-0.18047959,0.14900795,0.0859063,0.05671819,-0.12238728,0.11787097,0.065084085,0.05178461,-0.0737374,-0.090414286,-0.018258804,0.11258547,0.18542804,-0.07448471,-0.01582585,0.023449212,-0.13876809,0.040332317,0.06327167,0.009654018,0.17272781,0.1014092,-0.14610918,0.07073591,0.04300136,0.07545611,-0.0046049505,0.0502443,0.024702301,0.02064188,0.10052096,0.10107182,0.027546722,0.109332405,0.17691427,-0.060145665,0.07979942,0.022678511,-0.0943975,-0.17375912,0.14178427,0.00972051,0.11138144,-0.22758423,-0.03355446,-0.11493953
house,-0.030695165,0.017039148,-0.06223929,0.114136286,0.101005584,-0.04821787,0.11068396,0.21371345,-0.05834573,0.115668535,-0.11559869,-0.036153484,0.021195851,0.034783915,-0.03005305,-0.10540459,0.0051904307,0.10748708,-0.04064875,-0.20322765,0.10299834,-0.15172678,0.05812698,-0.09578555,-0.088364676,-0.044644054,-0.072036065,-0.10113348,-0.17037883,0.06036014,0.07738154,-0.008644929,-0.008285113,-0.0043020286,-0.041971676,0.11114329,0.019261884,-0.08317951,-0.018981772,-0.05772297,-0.09081939,-0.0001654506,-0.08624256,0.022197025,0.15267068,-0.05869157,-0.043594006,-0.10580603,0.13479912,0.08982662,0.056157127,-0.047006555,-0.02136565,-0.07278744,0.025025418,0.021236327,-0.062220678,-0.15330474,-0.17298074,-0.051152535,-0.052478805,-0.086639725,0.02221978,-0.09795863,-0.22088037,-0.006701956,0.08222116,0.15884492,-0.22406928,0.14114672,-0.023116382,0.07651993,0.106811725,0.0031347172,0.0364836,0.0068872697,0.15610798,-0.11765157,-0.15140975,0.019097097,-0.09291522,-0.043460872,-0.12049684,0.27038577,-0.15212274,-0.019473344,-0.06230066,0.07013931,0.11988899,-0.011914673,0.12855841,0.14400867,0.13124393,0.103163086,0.20635548,0.10483205,-0.0058845645,-0.020082003,0.09222084,0.01578971,-0.090658076,0.18253031,0.10407691,-0.08087799,0.00594544,-0.19834717,0.08814269,0.15982877,-0.10344849,-0.17020035,0.026695812,-0.20529677,-0.049644236,-0.06450547,0.12657787,-0.07404949,0.12853001,-0.21053462,-0.06836584,-0.0532012,-0.04598783,0.11054025,0.06550472,-0.039975338,-0.09028652,-0.004849378,-0.095388934,-0.09549779,-0.082309194,-0.058763504,0.14117523,0.013446955,-0.035131734,-0.1527411,-0.06505168,0.105652586,-0.024785077,-0.029226404,-0.05556637,-0.23058632,0.20468988,-0.19551921,-0.036316723,-0.052307494,0.017635815,0.07038433,-0.026990747,0.035678465,0.0055568493,0.06954551,0.10786028,-0.13746023,-0.013689902,0.006754319,-0.17751071,0.15726511,0.09622148,0.05183877,-0.12137461,0.11857937,0.07365199,0.0632225,-0.06641195,-0.08057171,-0.028498724,0.111244276,0.18862543,-0.07590601,-0.023873167,0.016147878,-0.1421198,0.046102546,0.069234595,0.0029480678,0.17849723,0.09590766,-0.1570951,0.06148519,0.04304806,0.087824926,-0.007062623,0.049522866,0.03884397,0.022129416,0.10589499,0.1058833,0.027636623,0.103158966,0.18001054,-0.060357973,0.0798882,0.023533989,-0.093921,-0.1632686,0.14005114,-0.0001871935,0.111195035,-0.23247452,-0.03199539,-0.10536844
gave,-0.04273719,0.029860767,-0.056002982,0.09872698,0.069686726,-0.03723201,0.08364894,0.18928853,-0.05682633,0.09551922,-0.11430001,-0.022255564,0.024063451,0.028478853,-0.028112533,-0.09823048,0.004521725,0.11106437,-0.034015056,-0.17202248,0.0812319,-0.139407,0.04944376,-0.08427482,-0.07837281,-0.03193649,-0.056368437,-0.10545298,-0.15436824,0.044975378,0.055411734,-0.010776084,-0.015539516,-0.0066453367,-0.030256458,0.090303615,-0.0006908028,-0.07040032,-0.009180012,-0.032120585,-0.07702977,-0.0023712274,-0.083570704,0.008744491,0.120861955,-0.058223214,-0.026872633,-0.08294638,0.098357424,0.07745412,0.050210856,-0.029105067,-0.025575023,-0.07139498,0.01207499,0.011222061,-0.06322529,-0.11438718,-0.15590183,-0.0455099,-0.046299167,-0.079967074,0.025784377,-0.0887334,-0.18493167,-0.002140633,0.07389109,0.1424801,-0.2111898,0.13290167,-0.01218987,0.074178256,0.0826051,0.00781885,0.035718866,-0.002887221,0.13519134,-0.10370122,-0.12851588,0.022666989,-0.07311396,-0.03824108,-0.10374869,0.22615975,-0.13571991,-0.028606424,-0.047912788,0.065579526,0.101338975,0.0083479015,0.12391546,0.12572607,0.105885506,0.089236975,0.18806647,0.09617062,0.011083799,-0.0069398265,0.08179273,0.012797059,-0.084109575,0.17617337,0.097931445,-0.08127964,0.0064489674,-0.17726229,0.07311969,0.1555686,-0.09652298,-0.14388135,0.037314616,-0.18768072,-0.05120064,-0.054241396,0.11138168,-0.07167488,0.11150981,-0.1905001,-0.058848493,-0.03142669,-0.033249393,0.092387125,0.06157109,-0.02548181,-0.08657006,-0.013429118,-0.07123731,-0.092357494,-0.08081478,-0.053294905,0.13081305,0.0027193003,-0.034518562,-0.1434029,-0.051192082,0.096869335,-0.014433258,-0.0029081334,-0.05043232,-0.19702221,0.17148343,-0.16286355,-0.03312874,-0.045019355,0.012886979,0.075058185,-0.026981968,0.034103002,0.0013516007,0.041517206,0.09640432,-0.11494923,-0.0007986324,-0.0012590765,-0.16505395,0.12140015,0.085895844,0.04003243,-0.12152321,0.09554885,0.05344803,0.04836473,-0.06407509,-0.062064502,-0.018868323,0.10941506,0.17471108,-0.06978401,-0.016615903,0.015520807,-0.1311388,0.026884547,0.046684008,0.005589453,0.16033319,0.093831755,-0.13712119,0.0717454,0.046051215,0.07943394,0.010299996,0.054579716,0.020366495,0.018919075,0.09189747,0.08957906,0.030952543,0.10310844,0.14803682,-0.03954697,0.072771266,0.023171939,-0.08631849,-0.16273573,0.12756829,0.008096963,0.09472775,-0.2081023,-0.032405633,-0.102226965
too,0.011428546,-0.022875026,-0.0721668,0.16188939,0.15511641,-0.10071764,0.11949057,0.25064677,-0.077185966,0.11165064,-0.12842248,-0.075527005,0.025754299,0.06742671,-0.074519835,-0.06387512,-0.0035167339,0.0769714,-0.0052198176,-0.19138548,0.06512629,-0.10508023,0.05023361,-0.08468668,-0.035747245,-0.025881086,-0.0951521,-0.07247325,-0.15510595,0.08023042,0.10013076,-0.02366259,0.032767832,0.013255446,-0.05455746,0.14440818,0.05679432,-0.0719125,-0.032864448,-0.07393688,-0.072917335,-0.033308476,-0.064832024,0.0019484384,0.18475634,-0.038724978,-0.04882917,-0.15976846,0.11353072,0.0843781,0.06898502,-0.053881556,-0.051917896,-0.09043964,0.012966352,0.031373866,-0.07651728,-0.16519044,-0.18948895,-0.049588405,-0.08690196,-0.083848625,0.025708944,-0.08696879,-0.24563979,0.013713056,0.07814816,0.16856466,-0.21051067,0.14179488,-0.06961032,0.046589658,0.08834408,0.02899715,0.060472272,-0.012046667,0.13251343,-0.109810635,-0.19641456,0.011359473,-0.08438797,-0.028592225,-0.1356312,0.2890236,-0.17182735,-0.02391537,-0.09199507,0.078646794,0.08806608,-0.042612392,0.17484894,0.13100687,0.11085069,0.11056622,0.20866308,0.11502437,0.02467216,-0.0023448817,0.087620646,0.058427423,-0.12479589,0.18632218,0.08762149,-0.05775357,-0.013216717,-0.17067005,0.09332506,0.15388839,-0.11828131,-0.19043036,0.01461324,-0.18168305,-0.043195356,-0.057097908,0.0954228,-0.08145243,0.104656756,-0.2572003,-0.07778047,-0.072122596,-0.061363626,0.14795002,0.06686809,-0.05599923,-0.083634645,0.0017973445,-0.10588456,-0.06761419,-0.06292701,-0.07011822,0.080085844,0.025018206,-0.030033484,-0.10953426,-0.045860473,0.13261811,-0.006344136,-0.03989874,-0.067070484,-0.19812287,0.16740023,-0.21859139,-0.06209472,-0.03795125,-0.0007545708,0.030173674,-0.0145877525,0.03356705,0.019105539,0.0775309,0.08696606,-0.14590822,-0.010031634,-0.005910394,-0.15522206,0.13335925,0.13835509,0.03879696,-0.055841375,0.11810306,0.08097917,0.05073313,-0.023966316,-0.066029355,-0.042684775,0.06767226,0.14078422,-0.058686953,-0.05414774,0.033288367,-0.11072831,0.035807613,0.054866385,-0.018025192,0.16058224,0.05657711,-0.112264216,0.048978645,0.033198953,0.09900245,-0.023890464,0.036140267,0.030216016,0.01814859,0.095886365,0.092643455,0.017785944,0.100736916,0.1494554,-0.054482248,0.06700666,0.021861607,-0.07465529,-0.12177035,0.102448456,0.01514573,0.09451168,-0.20533648,-0.0020996728,-0.07353684
here,0.06341079,-0.08003982,-0.08396494,0.24781372,0.22105063,-0.16976906,0.11895938,0.30673453,-0.10485721,0.10956551,-0.15480529,-0.12884763,0.0334526,0.10791905,-0.10922668,-0.023592722,-0.009528049,0.031248255,0.013885997,-0.17290165,0.026353298,-0.06033889,0.051952876,-0.06636695,0.022093365,-0.0071458733,-0.1342955,-0.031914458,-0.12691861,0.11002309,0.12970158,-0.051662125,0.09549148,0.039494436,-0.0772298,0.20696947,0.09536307,-0.054520454,-0.052836712,-0.11280178,-0.061752457,-0.058402166,-0.028155653,0.016970297,0.21285872,-0.0027951973,-0.050555475,-0.22853026,0.10074122,0.07773541,0.083255574,-0.091310985,-0.09168536,-0.11919491,-0.0058756457,0.043446142,-0.09056731,-0.19579259,-0.22894697,-0.048047155,-0.11527186,-0.093832314,0.031116208,-0.07057877,-0.29350755,0.030270698,0.09023896,0.18004286,-0.18359059,0.1456553,-0.12613335,-0.009162412,0.07410303,0.052810747,0.09920649,-0.017503941,0.121424496,-0.10419452,-0.27056924,-0.0058303936,-0.06462047,-0.0016761317,-0.13877526,0.33415145,-0.20327657,-0.021991383,-0.13793643,0.10331752,0.04453077,-0.095994174,0.22847173,0.11858083,0.09102282,0.12867711,0.21474455,0.13085322,0.034186024,0.023493724,0.07908944,0.10367188,-0.18178332,0.20187229,0.066791736,-0.026377138,-0.052414063,-0.14666958,0.1111837,0.15315816,-0.12760718,-0.22123425,-0.0039404444,-0.14885654,-0.01680651,-0.05917634,0.0735078,-0.09899061,0.1060433,-0.33316937,-0.07519267,-0.11308641,-0.07216125,0.20726915,0.072291926,-0.07069261,-0.049080316,0.024473764,-0.12021247,-0.03958771,-0.024314897,-0.079440124,0.015880784,0.037440985,-0.018516187,-0.057781927,-0.02715236,0.17263079,0.009168702,-0.077625625,-0.07447444,-0.17254397,0.13520071,-0.254399,-0.08862309,-0.013824721,-0.018849714,-0.013286904,-0.0005601613,0.030652445,0.036658775,0.09130843,0.057066757,-0.16621748,-0.010204893,-0.0124055995,-0.14457333,0.11960041,0.20464408,0.019759953,0.016838262,0.11923224,0.08829941,0.038744893,0.028465852,-0.054406434,-0.06228105,0.016626567,0.0799537,-0.0319563,-0.109303586,0.04747252,-0.076320335,0.03367167,0.05264573,-0.054168012,0.1305534,0.011948467,-0.08191068,0.009104268,0.018328192,0.13164286,-0.06106956,0.024598429,0.014151063,0.014872133,0.090853974,0.07832417,-0.008230692,0.090269476,0.12718256,-0.04187326,0.051338185,0.0070634857,-0.05118989,-0.068023235,0.06043684,0.012209096,0.08120296,-0.1833271,0.010461287,-0.037295073
princess,-0.022015298,0.015152905,-0.06179238,0.10822298,0.103621066,-0.049047153,0.10568911,0.20814611,-0.055574056,0.110229164,-0.11726427,-0.038073115,0.022021677,0.03947069,-0.041499335,-0.099315114,0.008504914,0.11012164,-0.035549972,-0.18995236,0.09054686,-0.14031143,0.05316811,-0.09069447,-0.07982189,-0.03999789,-0.069878586,-0.10633015,-0.16820082,0.06140603,0.07010235,-0.0006402348,-0.00141987,-0.0065851635,-0.043325186,0.10693305,0.020573571,-0.07865412,-0.020039128,-0.048800416,-0.08738227,-0.0047074948,-0.09265306,0.014025462,0.15155332,-0.055672478,-0.043412276,-0.11205486,0.1293122,0.07827623,0.054314345,-0.032499526,-0.023903577,-0.07586996,0.016922543,0.014790421,-0.055706352,-0.14528885,-0.16388474,-0.052026466,-0.059746772,-0.082306504,0.027125785,-0.09271558,-0.2157672,0.0024565365,0.06703046,0.15410765,-0.22271246,0.13335678,-0.01970518,0.06852275,0.0921506,0.015216559,0.047599476,0.00091584236,0.14879076,-0.11132415,-0.14398253,0.015988117,-0.080974326,-0.04110229,-0.117638275,0.2540761,-0.14489013,-0.02480312,-0.0583853,0.068295345,0.11037876,-0.0105004385,0.12601733,0.13542388,0.12501764,0.097644925,0.19307257,0.103987545,-0.0011637432,-0.020868594,0.08872209,0.015437108,-0.09118757,0.18205912,0.09395357,-0.086378194,0.0063711423,-0.18617569,0.087655075,0.15070099,-0.10035039,-0.16325486,0.028960725,-0.19377512,-0.05022121,-0.061675955,0.12051308,-0.06748836,0.11535983,-0.20730434,-0.07208674,-0.036398526,-0.037597544,0.112411164,0.05516858,-0.039639376,-0.08659575,-0.011112413,-0.09961285,-0.09181221,-0.07785919,-0.06289813,0.13088606,0.015982745,-0.03726907,-0.1475728,-0.062961705,0.10197117,-0.025462653,-0.021839315,-0.053633824,-0.22814657,0.1888233,-0.18589464,-0.03928575,-0.05369084,0.012867386,0.06300703,-0.026892029,0.037708055,0.006765928,0.05901389,0.098293416,-0.13138501,-0.0047508515,0.004339646,-0.17069885,0.1498909,0.09894179,0.047960754,-0.10995979,0.111634225,0.0700148,0.054172873,-0.057915892,-0.07192025,-0.021471389,0.10067144,0.17623104,-0.071583875,-0.022907302,0.01949199,-0.14006826,0.041453406,0.069612004,-0.0019961314,0.1635892,0.084695615,-0.14351048,0.06116903,0.042463776,0.07487112,-0.0065176673,0.05423457,0.039460875,0.01910017,0.09644331,0.10286553,0.021427762,0.1019234,0.17198722,-0.058624253,0.07552498,0.022983598,-0.0849815,-0.15613818,0.13657247,0.014053539,0.10312191,-0.22477625,-0.031787682,-0.105962925
than,0.0106117595,-0.0229929,-0.06972118,0.18426059,0.17159605,-0.108088866,0.12878262,0.26772124,-0.08728861,0.10635012,-0.13934447,-0.075077035,0.037248336,0.07259807,-0.07557945,-0.07107979,-0.0047286884,0.07989804,0.00111473,-0.19438863,0.05798852,-0.10816927,0.04585714,-0.09935856,-0.026449578,-0.023401797,-0.10023497,-0.07136326,-0.1555208,0.09339195,0.09964335,-0.041326437,0.04932701,0.02459327,-0.057876065,0.16006778,0.056690402,-0.0658834,-0.031560298,-0.0957833,-0.08049993,-0.034444496,-0.052031245,0.006398728,0.18757346,-0.033836562,-0.05489165,-0.17009766,0.09986192,0.07816845,0.07220268,-0.07065014,-0.05971486,-0.104736075,0.0198929,0.025205195,-0.084398285,-0.16598795,-0.20606484,-0.059036892,-0.10540692,-0.103776194,0.0393441,-0.09054804,-0.25873023,0.018266177,0.07181438,0.18431196,-0.22164631,0.14747897,-0.07734613,0.046253636,0.08242732,0.040687483,0.07054519,-0.012179213,0.13697892,-0.110388026,-0.21655022,0.012345321,-0.08839044,-0.017864004,-0.14301877,0.320821,-0.19968323,-0.023044916,-0.10185004,0.09284281,0.07558195,-0.05625329,0.18697405,0.13351224,0.114905335,0.12120811,0.21812245,0.12319452,0.020706428,0.006890793,0.09556978,0.063149415,-0.13548352,0.19549236,0.07465889,-0.0499234,-0.014433305,-0.16784988,0.09339429,0.16142645,-0.12281309,-0.19648297,0.00770079,-0.17513633,-0.04327211,-0.06741206,0.10005661,-0.0928112,0.10899414,-0.28574178,-0.08209046,-0.082011364,-0.05610261,0.17311399,0.06868121,-0.045861933,-0.07512593,0.011215655,-0.1183841,-0.07400184,-0.048825074,-0.07357334,0.072698526,0.03292122,-0.034071486,-0.1012928,-0.042743206,0.14046444,-0.010556339,-0.051029738,-0.07206055,-0.20252714,0.16767342,-0.23020856,-0.06909784,-0.025950806,-0.0044301343,0.028968709,-0.022005327,0.034242574,0.03164754,0.081589736,0.07910126,-0.16716127,-0.00880982,-0.010563739,-0.16071197,0.13601692,0.15354607,0.0356715,-0.04374918,0.11952993,0.08550087,0.03803727,-0.012334377,-0.06977089,-0.043470588,0.05498089,0.1328123,-0.051911842,-0.063870005,0.028268812,-0.10349363,0.03671569,0.049879316,-0.024666078,0.15510106,0.043609377,-0.109541275,0.039776515,0.0382847,0.112930514,-0.028080473,0.042895567,0.032794815,0.016001733,0.1029936,0.105242565,0.012510043,0.08870054,0.1515377,-0.058982454,0.07936839,0.009869142,-0.072267555,-0.11831011,0.11448756,0.014683421,0.09833936,-0.21698017,0.0018705751,-0.07548269
never,0.05306559,-0.06742238,-0.09075839,0.23502122,0.21200995,-0.15789996,0.12704001,0.29225197,-0.103775136,0.11165929,-0.15020075,-0.11312005,0.033474453,0.101852484,-0.107949205,-0.030830529,-0.0023065459,0.041099615,0.016740596,-0.17527598,0.024535779,-0.054816917,0.05274298,-0.073690504,0.014476706,-0.0026947574,-0.12235233,-0.05210868,-0.13220167,0.106224485,0.1174918,-0.050311908,0.09316002,0.039901488,-0.06900338,0.20042709,0.09020031,-0.056615904,-0.04953439,-0.10974469,-0.054203924,-0.054205786,-0.020518156,0.0129658915,0.2150625,-0.012143687,-0.055939868,-0.21904652,0.09015787,0.06885135,0.079094194,-0.08215133,-0.07722467,-0.11083632,-0.0065722936,0.040010553,-0.08500274,-0.18887208,-0.22798452,-0.048240963,-0.11842502,-0.084067896,0.033068657,-0.07175737,-0.27953306,0.024524644,0.08076739,0.1765476,-0.17658812,0.14054528,-0.12807433,-0.006194063,0.0751311,0.048045,0.10018224,-0.01588559,0.11782033,-0.09706936,-0.2596013,-0.0017009003,-0.080336936,0.000215624,-0.14631192,0.32694563,-0.1947016,-0.037436627,-0.13229635,0.09624818,0.051500913,-0.09385613,0.22230531,0.12210834,0.09945739,0.12865482,0.21589923,0.124318734,0.040305935,0.027633917,0.07838038,0.096173696,-0.16648734,0.19248533,0.068343475,-0.035264004,-0.04655676,-0.15079191,0.11370101,0.14774178,-0.13381866,-0.22320175,-0.0023953908,-0.14754869,-0.017540907,-0.05921204,0.06688865,-0.0989645,0.096120715,-0.32626158,-0.07096581,-0.10590275,-0.06776007,0.19765562,0.07684315,-0.07205134,-0.066737674,0.0068693976,-0.121661425,-0.039185114,-0.031996507,-0.07712558,0.015299542,0.029621867,-0.021155205,-0.05927626,-0.026435629,0.15826291,0.00037077666,-0.06897212,-0.083812825,-0.17742848,0.13199584,-0.24845006,-0.08088083,-0.017181301,-0.02365651,-0.006771603,0.00088982517,0.025288234,0.032383725,0.09046865,0.06381437,-0.15655366,-0.0014293942,-0.021959964,-0.13861023,0.120956235,0.1893274,0.010629184,0.015550228,0.11498768,0.07839785,0.03419156,0.018452007,-0.05547095,-0.05613956,0.021873403,0.0838417,-0.03125618,-0.09905422,0.047001388,-0.07447887,0.027104745,0.055541478,-0.048665904,0.13130006,0.022900071,-0.084764,0.014150313,0.024203796,0.11944605,-0.05346709,0.019061396,0.007078512,0.009562434,0.08649234,0.08552246,-0.0011513967,0.09042379,0.12018266,-0.037929,0.04150425,0.014413087,-0.0596237,-0.073412284,0.071247086,0.014139837,0.08548679,-0.18147068,0.016917573,-0.043925874
first,0.0029963308,-0.011553631,-0.07348416,0.15177056,0.13205042,-0.08015222,0.11270477,0.23412824,-0.06836099,0.10924087,-0.12432026,-0.061335072,0.027632682,0.065269865,-0.066741124,-0.07656856,0.0024003696,0.086439915,-0.019143624,-0.18521227,0.071393855,-0.11353664,0.05453856,-0.085549966,-0.05305516,-0.03165118,-0.0923536,-0.085420735,-0.16209874,0.072768874,0.08861465,-0.026522202,0.032327328,0.004388693,-0.060399897,0.14132479,0.040230494,-0.06451444,-0.027006852,-0.07489165,-0.08138223,-0.023181517,-0.06293707,0.012530391,0.17480609,-0.0457863,-0.045771066,-0.14502186,0.11587277,0.081506684,0.06272896,-0.05492969,-0.047754724,-0.09277813,0.015243176,0.030209798,-0.064005874,-0.16119383,-0.18352479,-0.051308956,-0.078905955,-0.0802967,0.022507101,-0.08816406,-0.22775726,0.006439272,0.071416005,0.16074589,-0.20264855,0.14135426,-0.05699855,0.055249475,0.0878982,0.02421463,0.059585385,-0.008558635,0.1401751,-0.11013353,-0.18694292,0.012175099,-0.07843,-0.030489339,-0.13497369,0.28258067,-0.16927361,-0.031494614,-0.0858277,0.075613454,0.088240415,-0.04003926,0.1619159,0.12829365,0.116436936,0.11536453,0.20362289,0.11125089,0.0058753146,0.00019959843,0.08496418,0.049040176,-0.12236785,0.18490988,0.08932313,-0.06322502,-0.011953958,-0.17544907,0.09441124,0.15708679,-0.10906747,-0.18808347,0.019161552,-0.18366076,-0.044118013,-0.056647725,0.10945485,-0.084161386,0.118022144,-0.24831697,-0.07407253,-0.060999665,-0.04654581,0.1419044,0.060744755,-0.043655775,-0.08318694,-0.0057277437,-0.10833406,-0.07434393,-0.0677402,-0.066095784,0.09740202,0.025047064,-0.030805595,-0.12704156,-0.050267812,0.122782834,-0.016619572,-0.037929494,-0.06078863,-0.21608825,0.17107955,-0.20805633,-0.053367704,-0.0467768,-0.0028996444,0.042376816,-0.020580035,0.029958323,0.02015316,0.078600146,0.093171224,-0.13737339,-0.007244522,-0.009196031,-0.167318,0.13768245,0.12928261,0.041503232,-0.07465594,0.11556863,0.07141887,0.047752824,-0.035477534,-0.06652844,-0.03369399,0.07389767,0.1442042,-0.057772353,-0.05178498,0.029430682,-0.11228474,0.038684256,0.05913202,-0.017094769,0.15644144,0.06698892,-0.12673461,0.050627373,0.032589473,0.09194135,-0.01862186,0.040335167,0.030783344,0.023571959,0.09739129,0.09543298,0.015945567,0.10199463,0.16028383,-0.049122494,0.07016595,0.02168767,-0.081378385,-0.12903583,0.11282057,0.0117335515,0.10555166,-0.21423343,-0.02325202,-0.08782312
told,-0.02430054,0.015546823,-0.062695414,0.12526603,0.098317675,-0.06451103,0.09352331,0.20954208,-0.05571472,0.102830365,-0.11524089,-0.033854276,0.022887565,0.03789496,-0.047619607,-0.08501369,0.006422876,0.0950279,-0.02674197,-0.18327688,0.07268981,-0.12773183,0.05473022,-0.080321856,-0.05410135,-0.037073735,-0.07307014,-0.09474503,-0.15879002,0.058235228,0.06817169,-0.016608682,0.0033098627,-0.0029953497,-0.045318358,0.10923464,0.022995321,-0.065489985,-0.0235881,-0.058948956,-0.07929091,-0.017417712,-0.07770465,0.0059131966,0.14439292,-0.04887086,-0.036438573,-0.10663206,0.102924556,0.07291892,0.051283263,-0.031662952,-0.030563677,-0.07278634,0.015947867,0.0210664,-0.061340425,-0.13122606,-0.17026415,-0.0483589,-0.071294196,-0.08401635,0.02736212,-0.090004,-0.20365481,0.0016843255,0.06934251,0.15499043,-0.2108416,0.12744701,-0.035703704,0.055751983,0.07663923,0.020586941,0.04217076,-0.011030501,0.13242677,-0.099586435,-0.15032184,0.014184336,-0.08108642,-0.04011842,-0.11775484,0.24522564,-0.14425176,-0.035857867,-0.07217143,0.07162683,0.09009011,-0.018981222,0.13720547,0.13407075,0.10495853,0.102658875,0.19266574,0.11035596,0.018741796,-0.010003274,0.08169054,0.028066425,-0.10039959,0.1639309,0.09315033,-0.07769245,0.0017028404,-0.17423849,0.08292409,0.15155846,-0.099567994,-0.15896574,0.027006812,-0.1826377,-0.04897054,-0.06438383,0.10692979,-0.07033309,0.106088065,-0.21629474,-0.07346927,-0.04463304,-0.038742766,0.12011369,0.06576949,-0.040442325,-0.083248384,-0.013710649,-0.08384462,-0.07834677,-0.070341356,-0.06755682,0.103866905,0.021417657,-0.028972903,-0.12935287,-0.049481373,0.11693334,-0.022163538,-0.021068826,-0.052910693,-0.20227961,0.17143732,-0.18293789,-0.048905354,-0.04773228,0.010491461,0.056237433,-0.02343992,0.033781104,-0.00010083688,0.052637953,0.08991678,-0.12409355,0.0034848633,-0.00032956107,-0.15639682,0.115061104,0.10066839,0.032818697,-0.08617433,0.11282884,0.059242845,0.043223493,-0.0462425,-0.064375505,-0.03055268,0.091157,0.15085427,-0.061480265,-0.029636888,0.028778682,-0.11759674,0.030147728,0.055126492,0.0022824542,0.15214932,0.07226874,-0.12817511,0.057178892,0.037269432,0.07494134,-0.0021868995,0.048444923,0.017064348,0.014645606,0.09213198,0.08994819,0.026205461,0.09810755,0.13496743,-0.04799926,0.073940344,0.019295817,-0.07360021,-0.14268003,0.124638654,0.009991493,0.094287306,-0.20764087,-0.013050587,-0.09179025
morning,-0.032991763,0.015730895,-0.06609112,0.105536416,0.103930056,-0.03615547,0.10679228,0.21380472,-0.05498035,0.11798093,-0.1106782,-0.03186571,0.014055452,0.018300343,-0.022120306,-0.10327118,0.016263423,0.11134285,-0.03570536,-0.19857317,0.096244276,-0.14810723,0.057845213,-0.10761585,-0.082872905,-0.043927502,-0.068820275,-0.1051551,-0.17194188,0.046498872,0.07977955,0.00733818,-0.006553151,-0.0046439134,-0.051096372,0.11393526,0.009695239,-0.08465011,-0.017659646,-0.052662097,-0.103569545,-0.011137684,-0.09073176,0.013010384,0.14539152,-0.07188574,-0.058300663,-0.10300717,0.1213583,0.09359541,0.057730563,-0.025404891,-0.020624824,-0.06369435,0.023280492,0.010012739,-0.04838623,-0.15654923,-0.15928644,-0.05605207,-0.06695215,-0.07393095,0.026144259,-0.10662473,-0.20757481,-0.011587354,0.06869366,0.16347562,-0.2463432,0.13308719,-0.014519626,0.085225224,0.08751294,0.0038369827,0.038725737,-0.00049797515,0.1478183,-0.11471148,-0.15867311,0.013487578,-0.08269309,-0.04130721,-0.13125752,0.2640512,-0.15746748,-0.0099740345,-0.059788596,0.069993906,0.124219105,-0.0057458193,0.11650142,0.151707,0.1262311,0.106754266,0.20771195,0.10963649,0.002469899,-0.027249409,0.10887771,0.007831922,-0.08826249,0.17995822,0.0856094,-0.09815929,0.0047989595,-0.19667262,0.06910559,0.1758391,-0.10096556,-0.17189242,0.030010346,-0.21379566,-0.050834328,-0.06241478,0.13172914,-0.07350289,0.11781327,-0.21291679,-0.07569544,-0.04613444,-0.030445103,0.11350815,0.07539626,-0.04116996,-0.103408486,-0.010246821,-0.11246815,-0.095686264,-0.084477,-0.06058461,0.15386383,0.017853653,-0.039801277,-0.15504067,-0.058573548,0.110889934,-0.031510703,-0.019043773,-0.060507216,-0.23986565,0.20556545,-0.18780755,-0.038622368,-0.06370881,0.016380657,0.0792032,-0.021956572,0.03972892,-0.0024923051,0.07117488,0.12144677,-0.14169827,-0.0045030084,0.0037386226,-0.1857278,0.15624808,0.09925734,0.049171835,-0.12909773,0.122644484,0.071105994,0.058760196,-0.071631104,-0.09155529,-0.033694115,0.12914346,0.18716565,-0.07486858,-0.007611299,0.0020600522,-0.14816128,0.03873636,0.07140937,0.0102260625,0.19045386,0.10319955,-0.16396411,0.07835645,0.033763442,0.08251807,0.012646262,0.0565223,0.038620237,0.028867723,0.1040327,0.10986384,0.023000326,0.09678426,0.1900642,-0.06149658,0.08103653,0.029403713,-0.09065562,-0.17486304,0.13731298,0.012075646,0.1106805,-0.24091853,-0.03184087,-0.11533362
woman,-0.020319223,0.014996879,-0.057850547,0.121358044,0.10366558,-0.053474758,0.08694696,0.20851433,-0.048379578,0.1364597,-0.13192701,-0.025921958,0.02400124,0.040515825,-0.02475061,-0.10065835,-0.0036254912,0.1267245,-0.04845703,-0.22965033,0.11005761,-0.15045181,0.06907294,-0.09588276,-0.07885137,-0.049773425,-0.07337113,-0.086627185,-0.19637384,0.06830631,0.09422869,0.019007687,0.0020100826,-0.014443109,-0.058568344,0.103925385,0.027608048,-0.085635684,-0.018947752,-0.06972654,-0.113514446,-0.011218843,-0.093281984,0.011542522,0.18450677,-0.052875545,-0.05110925,-0.13009876,0.13540311,0.10375799,0.07144186,-0.057051156,-0.05281628,-0.08079336,0.028845858,0.030116305,-0.08609906,-0.16130772,-0.1855217,-0.052861325,-0.053692427,-0.06751305,0.03855418,-0.11617475,-0.24467775,-0.002277615,0.0765457,0.17119978,-0.25800788,0.15797558,-0.011891316,0.0789299,0.09985886,0.0075010345,0.031960335,0.007711182,0.16633111,-0.13785802,-0.15052904,0.0053099133,-0.08430327,-0.04234468,-0.10720346,0.3044627,-0.16260588,-0.00972801,-0.060967978,0.0829977,0.10784006,-0.011787244,0.13101013,0.13494276,0.122752704,0.12974174,0.22065826,0.12534827,0.007218071,-0.03545105,0.10769766,0.0142576955,-0.116756946,0.1889468,0.079709,-0.08774452,0.017115066,-0.20798422,0.10007213,0.17770372,-0.10841751,-0.17483267,0.036554173,-0.20421143,-0.067494504,-0.06307058,0.13344084,-0.068604015,0.12274095,-0.2152449,-0.0677523,-0.0313974,-0.04574936,0.12611404,0.08627317,-0.035009176,-0.095573105,0.009876841,-0.09691326,-0.09024896,-0.10436049,-0.061984777,0.14642403,0.022755604,-0.055197846,-0.18485038,-0.05260686,0.10966452,-0.053588618,-0.031265978,-0.05810737,-0.2416599,0.23191658,-0.20834555,-0.05554921,-0.07036252,0.026430314,0.06475411,-0.025526427,0.071745016,0.019165514,0.076244086,0.11871217,-0.16354206,0.002064461,0.004439358,-0.20937985,0.15415104,0.10450603,0.04169493,-0.104531296,0.12508006,0.064748295,0.04364888,-0.07598531,-0.064448476,-0.05177162,0.11834611,0.20373544,-0.061022077,-0.025211057,0.025867363,-0.15600318,0.050909676,0.06959549,-0.0140693635,0.18631041,0.10074966,-0.15890895,0.07604477,0.048366807,0.08630412,-0.011185872,0.060057137,0.066055134,0.012041165,0.122953825,0.09245214,0.039376594,0.110803366,0.17866445,-0.051019523,0.09440621,0.031139646,-0.07354835,-0.17841744,0.13512269,0.0051723747,0.10474075,-0.24858554,-0.032984827,-0.123505086
night,-0.03226158,0.022794837,-0.06849139,0.11554959,0.10866362,-0.051088843,0.11305646,0.21214606,-0.05468109,0.10936165,-0.10961379,-0.03730099,0.017921872,0.037729412,-0.032665387,-0.09317988,0.0029238833,0.107366085,-0.031624068,-0.19860306,0.09186281,-0.14795196,0.061415154,-0.10315977,-0.0839299,-0.037481833,-0.06777038,-0.10608824,-0.17412145,0.056370955,0.07498525,-0.0070600733,-0.0057338392,-0.0065090028,-0.052978262,0.11677169,0.01286226,-0.077716954,-0.021391649,-0.052073006,-0.09279183,-0.0075335363,-0.09029649,0.011087398,0.15710798,-0.055824045,-0.059858955,-0.11975806,0.12783824,0.08021211,0.052901182,-0.024254289,-0.03206548,-0.07785481,0.023545872,0.010828989,-0.05351856,-0.14682905,-0.1730015,-0.054913543,-0.05730893,-0.08884041,0.031322967,-0.10452755,-0.21219844,-0.004530655,0.0647174,0.15891871,-0.24160114,0.1406331,-0.022567574,0.08410437,0.098596744,0.018414637,0.05118131,-0.0005170241,0.14446767,-0.12605053,-0.15569717,0.016160041,-0.093235895,-0.041583493,-0.11899086,0.27056342,-0.15542908,-0.018761786,-0.053032648,0.06648224,0.11012969,-0.019740663,0.12778758,0.1497815,0.12935509,0.11266279,0.21105601,0.11749728,-0.0008840807,-0.023334136,0.09114347,0.023516083,-0.10185028,0.17576878,0.087861165,-0.08464478,0.012668951,-0.1990908,0.08186317,0.16550465,-0.10173075,-0.18370715,0.029887,-0.20558706,-0.057556476,-0.07216327,0.12586029,-0.080631845,0.11992516,-0.21644801,-0.06501408,-0.051332925,-0.042178426,0.12528789,0.06945431,-0.035340987,-0.10096854,-0.014541609,-0.10562711,-0.09043275,-0.0790029,-0.062447485,0.13948523,0.021070918,-0.042099427,-0.15417843,-0.057696998,0.101600796,-0.023576876,-0.015205622,-0.06745621,-0.2273129,0.20020498,-0.19397072,-0.0393696,-0.052364893,0.016776392,0.07738395,-0.02284925,0.047064222,0.009259534,0.0725412,0.10990584,-0.14474268,-0.0028098875,-0.006366754,-0.17593578,0.15033536,0.09809594,0.05490491,-0.11004674,0.12085567,0.074588776,0.060905553,-0.05544936,-0.0827809,-0.033070356,0.104686454,0.19019903,-0.06446882,-0.026049739,0.014776693,-0.14122759,0.031493183,0.06846045,8.875852e-05,0.17947346,0.09770278,-0.1432192,0.064239964,0.039483495,0.07930903,0.002898224,0.054192603,0.039544705,0.017062724,0.10373404,0.09908582,0.019165473,0.10500181,0.1807919,-0.06606991,0.07916274,0.023767818,-0.08947844,-0.15871692,0.13764223,0.01567539,0.10776166,-0.23409687,-0.03279544,-0.09931481
much,0.0048874742,-0.02341485,-0.07734747,0.16007903,0.14619912,-0.10240124,0.11028985,0.24394764,-0.075628355,0.10812659,-0.12135891,-0.073379315,0.022474388,0.06918212,-0.07436292,-0.05727668,0.0018605575,0.066437714,-0.0090888105,-0.17934364,0.058262225,-0.09497638,0.057023488,-0.09435021,-0.031324647,-0.019396752,-0.08656079,-0.07091665,-0.14946437,0.08603537,0.08657436,-0.025115464,0.041772507,0.020022266,-0.056420557,0.15204446,0.057141233,-0.05651794,-0.0421498,-0.08575035,-0.07626872,-0.0352289,-0.062458787,0.010666141,0.17152704,-0.023310157,-0.050294705,-0.1602107,0.10913438,0.074089296,0.059430275,-0.047484886,-0.05545052,-0.078614645,0.01620473,0.019734045,-0.07065796,-0.16362071,-0.18707533,-0.049090102,-0.09440156,-0.09978154,0.03571871,-0.086765565,-0.23679475,0.019825844,0.05109309,0.17274114,-0.20343718,0.13437957,-0.062806405,0.041895896,0.06856346,0.035745386,0.06260638,-0.024767589,0.12844557,-0.10445031,-0.18687992,0.0120575745,-0.086939685,-0.032772455,-0.13631551,0.2785343,-0.17543311,-0.030336963,-0.09245357,0.08290657,0.07573051,-0.046346605,0.1713409,0.13328896,0.11389712,0.12231136,0.20900515,0.11929452,0.020154202,0.003117429,0.07226564,0.064751394,-0.12321994,0.17629124,0.07586116,-0.05082214,-0.017409058,-0.16122764,0.0934118,0.14333439,-0.10568762,-0.18369736,0.001961079,-0.17708148,-0.03985745,-0.06262777,0.09380597,-0.08741561,0.105920024,-0.25630933,-0.07471575,-0.06843649,-0.059758104,0.15607567,0.061388843,-0.061946295,-0.077110335,-0.007665251,-0.11159102,-0.056938693,-0.05299369,-0.06397335,0.07149248,0.032409243,-0.033242024,-0.106399536,-0.05051978,0.14125621,-0.007882024,-0.03833724,-0.059661366,-0.20073232,0.1571969,-0.21050535,-0.054743238,-0.034341633,-0.0029386838,0.026195006,-0.011585685,0.026195744,0.016675288,0.07337914,0.08275101,-0.14992917,0.0034118113,-0.002758956,-0.14747728,0.12018137,0.13102877,0.038630586,-0.038704094,0.115998365,0.07977734,0.038976256,-0.01983769,-0.05971475,-0.050827596,0.064097226,0.12770654,-0.043562077,-0.051398836,0.026888529,-0.102505304,0.026675746,0.059182074,-0.01203807,0.15794007,0.055313796,-0.103557736,0.045554616,0.030122615,0.08653041,-0.026288012,0.036898445,0.029287234,0.014679965,0.09254311,0.09593251,0.01998266,0.09596214,0.1410615,-0.060100123,0.072441675,0.009745737,-0.06759965,-0.11783272,0.105249055,0.021213317,0.092830814,-0.1983275,-0.0051721297,-0.06675591
together,-0.04085554,0.03384478,-0.071870826,0.112902045,0.09313265,-0.04333256,0.107099794,0.20654748,-0.054264575,0.10683305,-0.11950271,-0.029663656,0.02157084,0.032382037,-0.039880477,-0.102580436,0.006406696,0.11297102,-0.036057904,-0.19358514,0.098882385,-0.15881805,0.061681695,-0.1014947,-0.08713475,-0.040261798,-0.064260766,-0.10881773,-0.1693844,0.05833733,0.065318555,-0.0067713726,-0.0062081246,-0.009550949,-0.053507797,0.10340452,0.011250544,-0.07739518,-0.025356717,-0.05071142,-0.093206495,0.005517092,-0.09425389,0.014852461,0.15152447,-0.05510178,-0.050142225,-0.10614037,0.123155594,0.07692488,0.053296644,-0.030233512,-0.02925683,-0.060941014,0.021579728,0.016525354,-0.055125434,-0.13536035,-0.16663228,-0.049888395,-0.0639601,-0.09353987,0.02091874,-0.09702663,-0.20502755,-0.009725543,0.07161946,0.16775808,-0.23319748,0.1465233,-0.012732165,0.084381655,0.08974261,0.0127841495,0.039230175,-0.0012375775,0.14637029,-0.11916801,-0.14657484,0.012859322,-0.103787675,-0.056538787,-0.12981392,0.26504713,-0.16106494,-0.029314093,-0.051067688,0.06480858,0.1078145,-0.010800123,0.13504177,0.14583805,0.12940745,0.10225904,0.21143942,0.10918597,-0.0007854962,-0.0121248625,0.08575082,0.014689454,-0.088335745,0.17689085,0.11119884,-0.09599548,0.01594049,-0.19007318,0.08736389,0.15249334,-0.10938178,-0.16945386,0.028072301,-0.20846868,-0.052366376,-0.067001745,0.12171611,-0.07643199,0.12199901,-0.2057921,-0.06913089,-0.030063523,-0.037726037,0.11411988,0.06855922,-0.036315262,-0.107343264,-0.009892223,-0.098466374,-0.09830786,-0.0816458,-0.06241058,0.14322646,0.018207759,-0.038663745,-0.15352343,-0.061975293,0.10608741,-0.027710646,-0.014527023,-0.059110448,-0.22990286,0.19506486,-0.18370202,-0.038411893,-0.05761977,0.011430154,0.07102187,-0.015686123,0.03995007,-0.00017616269,0.054531273,0.1109027,-0.13506204,0.003431627,-0.004028751,-0.1751197,0.14394283,0.08405227,0.04773813,-0.12184766,0.109416604,0.06500159,0.056949496,-0.059449583,-0.08837205,-0.011132806,0.11322545,0.1779423,-0.0795998,-0.017762933,0.011134236,-0.13281536,0.03278927,0.06823908,0.0062785423,0.18219295,0.09934738,-0.15350026,0.074584655,0.0402004,0.07024173,0.003282098,0.056756113,0.029029764,0.02493041,0.09534031,0.097106606,0.0381367,0.11059764,0.17207839,-0.05752262,0.086015165,0.024026776,-0.09895512,-0.16571613,0.14428434,0.013339962,0.10470937,-0.2258745,-0.03494238,-0.11601223
called,-0.042061128,0.022561537,-0.05772489,0.09978281,0.08876216,-0.03809608,0.09405805,0.20133683,-0.04667356,0.10501565,-0.10651387,-0.023535913,0.017454728,0.022315824,-0.026734414,-0.10498627,0.01030121,0.10890129,-0.03129961,-0.18738075,0.096048646,-0.14915124,0.054632,-0.095178366,-0.08164779,-0.03959869,-0.06346143,-0.1111797,-0.17318907,0.059057243,0.06512607,-0.008167754,-0.01681874,-0.010132485,-0.041362144,0.10367258,0.0094133075,-0.080791235,-0.017283808,-0.049779464,-0.08716957,0.0024751292,-0.085518315,0.017992109,0.13594481,-0.06043195,-0.04990922,-0.09354271,0.1198133,0.08241122,0.046699367,-0.026011257,-0.020194734,-0.068741426,0.021058524,0.01793072,-0.05707446,-0.13311999,-0.15673384,-0.057441838,-0.058752887,-0.07990555,0.023732405,-0.09662441,-0.20510156,-0.006026798,0.07247023,0.1547331,-0.22234762,0.1326654,-0.01261095,0.07433666,0.09054141,0.0154238045,0.0283849,-0.0062573445,0.15099443,-0.11690879,-0.13496156,0.023112541,-0.08626521,-0.045398235,-0.11925854,0.2553123,-0.14107437,-0.023671819,-0.054611627,0.059626963,0.11530452,-0.0035320718,0.120736405,0.14220908,0.12520659,0.09732337,0.19470657,0.10112456,-0.00087817374,-0.01697121,0.08961136,0.0076154484,-0.08266031,0.17179054,0.10050552,-0.08639145,0.01110721,-0.18333846,0.078846455,0.15791401,-0.09903395,-0.16009144,0.036431212,-0.19877332,-0.04489676,-0.05690882,0.12658225,-0.07021181,0.11422839,-0.19548444,-0.06481701,-0.030561205,-0.037193578,0.104760475,0.06539296,-0.036023352,-0.09638611,-0.008679183,-0.08899316,-0.093669534,-0.0728276,-0.06315821,0.13929528,0.010498429,-0.034146182,-0.15225482,-0.061852857,0.098815426,-0.023204397,-0.008505017,-0.046900745,-0.22319685,0.18960291,-0.18170229,-0.035207424,-0.058867868,0.0064851195,0.07963765,-0.02407028,0.03757631,0.003928202,0.0529728,0.09655392,-0.12290866,-0.0060881414,0.0071124462,-0.1678005,0.13453287,0.07814911,0.046174977,-0.119665034,0.10753923,0.06842118,0.059616722,-0.07189244,-0.07525123,-0.024296163,0.11580396,0.1809178,-0.072674595,-0.014770009,0.0145652145,-0.14389814,0.030981204,0.061401118,0.011726981,0.16775611,0.09511342,-0.14723364,0.06454687,0.03704143,0.07434343,0.0025081874,0.047655758,0.03437559,0.024173645,0.092270456,0.09559038,0.022588849,0.10223328,0.17185931,-0.059849534,0.085423514,0.022086559,-0.0857356,-0.15984859,0.14240521,0.0048325057,0.103226475,-0.22594684,-0.032838643,-0.106933676
three,-0.013979225,0.013007545,-0.06446894,0.13907093,0.12637188,-0.06430925,0.118274145,0.24102694,-0.07313511,0.11653944,-0.124996826,-0.057997134,0.027531039,0.050628707,-0.052551243,-0.09301798,0.010840022,0.10893607,-0.019864248,-0.20549397,0.09296926,-0.14004342,0.056626163,-0.103625275,-0.057917845,-0.032285016,-0.0769987,-0.09739001,-0.16230078,0.07285164,0.079458825,-0.01775853,0.013209716,0.00048218502,-0.053084433,0.12798578,0.035339676,-0.071547285,-0.023798803,-0.06864715,-0.09344589,-0.004833708,-0.07614149,0.011546507,0.15988818,-0.051282182,-0.046541043,-0.13190156,0.12858135,0.07960128,0.0650433,-0.051975634,-0.038255855,-0.0865698,0.019777216,0.02383923,-0.06209863,-0.14881566,-0.18031698,-0.051020395,-0.07469842,-0.090874456,0.026786659,-0.10007488,-0.22837122,0.0022264868,0.069265924,0.1665388,-0.23142996,0.1484072,-0.043585617,0.06592816,0.094631135,0.017684178,0.05722366,-0.0106604835,0.14431632,-0.116060734,-0.1761826,0.0103070885,-0.10028488,-0.038687803,-0.13205484,0.30018994,-0.16933207,-0.023774466,-0.07777953,0.07796049,0.10917075,-0.022541603,0.15538377,0.14460243,0.12728426,0.11455408,0.221944,0.12339323,0.0068316455,-0.011570715,0.09087473,0.030752847,-0.11841449,0.18910813,0.09555612,-0.07172929,0.006622464,-0.19130903,0.096961126,0.16907738,-0.116597444,-0.18715662,0.022361163,-0.19954276,-0.05312673,-0.067951545,0.11162235,-0.07857054,0.1259904,-0.24446294,-0.080775514,-0.05277421,-0.043445908,0.1351867,0.06373471,-0.04490476,-0.08521429,-0.008220144,-0.10762845,-0.0794109,-0.072102465,-0.06697512,0.115358084,0.019685643,-0.03051035,-0.14748733,-0.06301622,0.11624397,-0.018920016,-0.025003599,-0.06678748,-0.21845786,0.18970488,-0.20090191,-0.045060374,-0.051805478,0.0063574007,0.06246124,-0.020022368,0.037469227,0.008680174,0.0757549,0.09724647,-0.14543779,-0.0059034606,-0.003866257,-0.17259642,0.1472975,0.107641324,0.05269998,-0.10018335,0.12552479,0.07783168,0.057713937,-0.049535856,-0.081106864,-0.036329515,0.09868091,0.17200366,-0.07252158,-0.038620856,0.019793922,-0.1344141,0.041591663,0.07026201,-0.011208394,0.17904484,0.08635192,-0.14579715,0.05258392,0.044612255,0.08818798,-0.010785507,0.053386252,0.03390158,0.026007721,0.105668426,0.10381668,0.021642493,0.107465126,0.17300639,-0.06644897,0.082324125,0.01661273,-0.08831211,-0.14590159,0.13264099,0.0043633543,0.10966827,-0.22363208,-0.027353212,-0.0966027
daughter,-0.014157185,0.01682939,-0.050583195,0.12754016,0.12301402,-0.07217313,0.09920177,0.22568892,-0.06422707,0.12561457,-0.1253178,-0.061548892,0.023037609,0.048430827,-0.031856384,-0.11083415,-0.00067840033,0.09882759,-0.03203465,-0.21042119,0.09426793,-0.14117755,0.0592473,-0.07528671,-0.07354183,-0.051448084,-0.07817723,-0.087892935,-0.17635249,0.07784083,0.07320026,-0.010861171,0.010328337,0.00390569,-0.04878372,0.120378286,0.023598572,-0.0870431,-0.023222206,-0.06908603,-0.082948305,-0.0066286204,-0.09013059,0.034339104,0.15686698,-0.050951906,-0.045856267,-0.1296618,0.13797453,0.08956083,0.059245586,-0.053068023,-0.031225162,-0.09637395,0.021289855,0.02549191,-0.06296617,-0.16384946,-0.1807397,-0.056804582,-0.062117644,-0.081101984,0.017741425,-0.10240632,-0.24623184,-0.00053729705,0.08656319,0.17605788,-0.23595524,0.13853401,-0.05360885,0.05588104,0.10459937,0.006162592,0.032776203,0.0065070284,0.15838017,-0.112502635,-0.16472341,0.006982747,-0.088134505,-0.03823128,-0.11643349,0.28345007,-0.1675632,-0.020591302,-0.08150969,0.069846295,0.12257564,-0.019420668,0.14768979,0.14847022,0.13209367,0.105824165,0.20724535,0.11862896,0.0056318888,-0.01026397,0.08938705,0.027963493,-0.10617856,0.18036278,0.08949312,-0.09825679,0.00027608944,-0.18181321,0.07670585,0.16647366,-0.11846227,-0.18709882,0.013124884,-0.1971382,-0.047807183,-0.058227036,0.13433735,-0.07221534,0.13409258,-0.23070917,-0.06727203,-0.06124141,-0.040558442,0.12710752,0.066956274,-0.059958532,-0.07634772,-0.006074738,-0.11267137,-0.08748256,-0.07990571,-0.06067439,0.11870755,0.011110404,-0.023240428,-0.14568052,-0.056937207,0.1210762,-0.023230355,-0.030190693,-0.062166795,-0.21988416,0.20029846,-0.21245475,-0.054285977,-0.052791595,0.011438086,0.061229855,-0.02437953,0.039799586,0.023538256,0.072387084,0.10789274,-0.13524827,-0.023606805,0.006008901,-0.16442941,0.15154146,0.11557031,0.04476897,-0.10916311,0.121960424,0.08106533,0.054810904,-0.04971912,-0.07469362,-0.036735438,0.09969427,0.18837495,-0.07674874,-0.021864442,0.018822873,-0.1367554,0.053383388,0.06391447,-0.014314054,0.17638735,0.08803939,-0.15008764,0.06340081,0.04448755,0.089595966,-0.008889249,0.041128326,0.0365199,0.014831583,0.099194765,0.1045145,0.028351314,0.10312219,0.17403847,-0.056578014,0.08151113,0.014093108,-0.0829206,-0.16622366,0.13696754,-0.004597559,0.11087821,-0.23510735,-0.027345972,-0.10305471
gretel,0.0070233643,-0.022099247,-0.0696885,0.16117413,0.15678231,-0.097125486,0.10857061,0.25258967,-0.07705225,0.1031989,-0.12494644,-0.06718249,0.028170094,0.05653499,-0.07144859,-0.072349064,0.0072633536,0.07509193,-0.010648049,-0.18188946,0.06470876,-0.11673758,0.062327527,-0.09265535,-0.036564484,-0.023223713,-0.089078955,-0.08776747,-0.15647824,0.08405664,0.08980745,-0.031204766,0.040539324,0.000760883,-0.048510887,0.14702581,0.046945207,-0.07402923,-0.028392244,-0.070222475,-0.08307679,-0.023079066,-0.06682615,0.015090557,0.17866096,-0.041857045,-0.0502258,-0.1500188,0.121711515,0.07427887,0.056230966,-0.05246956,-0.05415698,-0.09196041,0.0063652247,0.025619272,-0.07156328,-0.17222679,-0.18513405,-0.054522328,-0.07847004,-0.09068349,0.0341752,-0.08706111,-0.2358284,0.010358119,0.07328436,0.16826785,-0.21004862,0.1430368,-0.0670701,0.043433562,0.09206115,0.031213455,0.066236176,-0.012286331,0.13788208,-0.11364575,-0.19636971,0.0031057782,-0.07775896,-0.032979697,-0.14055742,0.2996974,-0.17230251,-0.023793425,-0.09600037,0.0794684,0.08874376,-0.043122496,0.17261937,0.13109022,0.11771923,0.116193205,0.20917423,0.118028745,0.019815408,-0.0075997626,0.083991446,0.051226925,-0.11927757,0.19288728,0.08924498,-0.06145166,-0.0056182933,-0.18073335,0.096447185,0.1607543,-0.11622201,-0.1846291,0.018244348,-0.18632887,-0.039645154,-0.06537943,0.10358516,-0.08461816,0.11223231,-0.2614447,-0.06340445,-0.06424687,-0.05585273,0.14777534,0.064757295,-0.047629997,-0.077882186,0.0011752666,-0.09929109,-0.070396,-0.053933002,-0.06488433,0.083903395,0.022908984,-0.033813987,-0.12334587,-0.051900413,0.12978955,-0.011294084,-0.040798534,-0.053196058,-0.21572548,0.16663903,-0.2232119,-0.0587399,-0.031065213,-0.007182527,0.035804942,-0.013586965,0.03009077,0.022378007,0.06932902,0.092791095,-0.1447747,0.00077092275,-0.013001906,-0.15420169,0.13485253,0.14111662,0.03546469,-0.057254042,0.12570025,0.07299192,0.05371646,-0.031573348,-0.07607683,-0.050772667,0.073530994,0.13775095,-0.048733424,-0.053933326,0.029057903,-0.115873665,0.033731956,0.063701324,-0.019002944,0.15313408,0.059175197,-0.12618591,0.043355424,0.032052077,0.09619266,-0.02426284,0.04284301,0.034618493,0.008705262,0.10154481,0.08618802,0.018978823,0.101199016,0.16096531,-0.049730036,0.06458407,0.023911625,-0.07340383,-0.12693037,0.105801925,0.009050186,0.10128583,-0.2113498,-0.009324144,-0.08670078
eat,0.036670092,-0.06291868,-0.08038635,0.20830168,0.1857288,-0.13899635,0.10634645,0.27431256,-0.09751365,0.10176536,-0.1387019,-0.104128085,0.036016963,0.08315924,-0.08619044,-0.041902427,-0.0034991123,0.048511513,0.0058581345,-0.16781728,0.04363431,-0.06709139,0.04673518,-0.0732598,0.0038984993,-0.0130049,-0.11079161,-0.05185059,-0.13016033,0.09324506,0.11250479,-0.042961344,0.077728726,0.027441878,-0.05630364,0.1710972,0.073826864,-0.050338876,-0.038539685,-0.09198603,-0.060235362,-0.037428364,-0.02795098,0.010436609,0.1840269,-0.019957306,-0.045418784,-0.18199576,0.09807166,0.07695178,0.06968872,-0.07774655,-0.05878073,-0.100114204,-1.5049677e-05,0.045663707,-0.082769416,-0.17339247,-0.20133618,-0.036480334,-0.09442422,-0.07251171,0.033282325,-0.06445208,-0.25286004,0.01785024,0.07944061,0.1627608,-0.16457668,0.12673576,-0.09974876,0.0031135466,0.07443216,0.043744307,0.086878166,-0.011047755,0.11230596,-0.094819166,-0.23691474,0.0054754512,-0.07396786,-0.013785711,-0.1390874,0.29489478,-0.18336326,-0.031033063,-0.12112477,0.0906237,0.060689874,-0.064521685,0.20098309,0.1161785,0.10067562,0.1182886,0.20387165,0.12097762,0.02152373,0.011233136,0.07163329,0.08431226,-0.15375014,0.19356385,0.07529565,-0.035156474,-0.03605658,-0.14690115,0.097681694,0.14200726,-0.1278456,-0.20153783,0.0029363462,-0.15388615,-0.01828056,-0.052056752,0.0800642,-0.09537213,0.09458916,-0.28992897,-0.06971613,-0.08544998,-0.06179704,0.17032334,0.069031544,-0.04992563,-0.056353368,0.00856801,-0.10625271,-0.040497746,-0.039530903,-0.06735992,0.04389222,0.024227692,-0.021050358,-0.06385571,-0.027885737,0.14369033,0.003960613,-0.062743574,-0.06747297,-0.17197406,0.12962452,-0.22066908,-0.06942372,-0.02073187,-0.027304422,0.007136529,-0.004285529,0.022762576,0.030014636,0.073546305,0.066347145,-0.13734943,-0.009155782,-0.0139578385,-0.13706888,0.117698535,0.16177955,0.019774163,-0.010651783,0.10726408,0.07033828,0.035642847,0.0018086624,-0.05488032,-0.048109617,0.03474147,0.09790705,-0.037690137,-0.08717655,0.033380903,-0.07951686,0.036033683,0.051156964,-0.033239476,0.13472086,0.033312555,-0.090605795,0.024603263,0.030108983,0.11570945,-0.041992128,0.026269827,0.009669992,0.017489329,0.08240518,0.084882885,-0.0010063455,0.092303164,0.13299614,-0.042591624,0.04639891,0.019235207,-0.057261556,-0.08813615,0.07246767,0.005439946,0.08599831,-0.18178305,-0.0018782893,-0.045420542
brought,-0.029658843,0.006860637,-0.06349399,0.124956176,0.11455838,-0.061136883,0.10289843,0.22164737,-0.06259175,0.10956001,-0.1275967,-0.040879626,0.028494315,0.049612675,-0.045105577,-0.086779274,0.007557028,0.10215128,-0.019751133,-0.18907578,0.084759556,-0.12705557,0.057914063,-0.09441276,-0.067937136,-0.037540987,-0.08054843,-0.09837571,-0.16056138,0.05741349,0.07089228,-0.011381307,0.013817267,0.000261715,-0.047754765,0.124856055,0.027746895,-0.070631176,-0.020771319,-0.05929942,-0.081070505,-0.009248428,-0.083497465,0.011463661,0.15321079,-0.048753165,-0.048852403,-0.114754885,0.11234396,0.07938062,0.061705135,-0.045781337,-0.035068348,-0.07739225,0.013600745,0.021173822,-0.0605748,-0.14404044,-0.17838971,-0.047232702,-0.0682681,-0.08642451,0.021815866,-0.08882467,-0.2130822,-0.00048453346,0.074633874,0.15804204,-0.21669486,0.14491406,-0.041795623,0.06518401,0.086094305,0.01575252,0.048324488,-0.010721387,0.14207959,-0.11640306,-0.16222382,0.017277801,-0.09246544,-0.039795138,-0.13179831,0.2761143,-0.16201475,-0.028897759,-0.07415844,0.07056336,0.09936806,-0.022836268,0.14734085,0.136302,0.1277473,0.096685804,0.20280269,0.10886924,0.012104439,-0.0038649605,0.08681682,0.028383028,-0.10370876,0.18636817,0.09578524,-0.08162026,0.00028971484,-0.18363215,0.08565744,0.15354602,-0.11276001,-0.17144927,0.028664634,-0.19114393,-0.040680133,-0.063886076,0.10590859,-0.077575386,0.113421656,-0.22196412,-0.07972315,-0.04727953,-0.03885357,0.12024169,0.05989189,-0.043399774,-0.08443959,-0.009055982,-0.097442016,-0.08599323,-0.071445,-0.06409198,0.11885296,0.019555945,-0.030812042,-0.14186637,-0.053428676,0.11785833,-0.019648043,-0.02142306,-0.055668987,-0.21600401,0.1796474,-0.19958745,-0.04436534,-0.051796272,0.008843628,0.05726333,-0.015624759,0.034228783,0.0068141767,0.066334404,0.10163831,-0.13663337,-0.00075675413,-0.0061248965,-0.1686702,0.14061928,0.098799616,0.04088761,-0.09900716,0.11262901,0.071037516,0.048718274,-0.04746333,-0.07771205,-0.029752456,0.09249162,0.16274066,-0.06859633,-0.026012082,0.022908298,-0.12625179,0.0409308,0.06298879,-0.0008388209,0.16042237,0.083568074,-0.13137692,0.053645957,0.037233256,0.08966255,-0.009743225,0.046926524,0.01840142,0.017894212,0.10112669,0.09283164,0.026776193,0.10790538,0.15978037,-0.053725746,0.07432211,0.022962414,-0.08076967,-0.14913927,0.119988546,0.0068041915,0.104571365,-0.21348237,-0.021464225,-0.102975555
herself,-0.02911756,0.016326195,-0.06853742,0.11991271,0.111005664,-0.05378389,0.10823183,0.21886103,-0.062300067,0.11019538,-0.12783922,-0.039231144,0.02903228,0.031808928,-0.0405078,-0.087840505,0.0037156024,0.103480406,-0.034945525,-0.1900284,0.09492131,-0.14080425,0.065312855,-0.105197206,-0.08519522,-0.032264628,-0.07103265,-0.110960014,-0.15994614,0.062731676,0.08020383,-0.012391593,-0.005023101,-0.015221592,-0.047493313,0.10692325,0.021163344,-0.079129696,-0.012656259,-0.053153265,-0.08962319,-0.010424847,-0.09251948,0.022157695,0.14058319,-0.054779053,-0.042824514,-0.10815837,0.1206809,0.08118189,0.05184592,-0.028991997,-0.025727702,-0.06832072,0.009798911,0.027386991,-0.060314033,-0.14081976,-0.16645488,-0.056501642,-0.06418775,-0.08533521,0.02467332,-0.09130745,-0.20128393,-0.001314674,0.07132922,0.15510008,-0.20889084,0.1342359,-0.017974854,0.07951575,0.08681407,0.012631623,0.042372998,-0.008277755,0.1481627,-0.11089771,-0.14884247,0.02667667,-0.0926106,-0.045065682,-0.13351457,0.25919288,-0.14925082,-0.033233088,-0.060845014,0.06941014,0.107753515,-0.017237326,0.13053589,0.13691497,0.13450557,0.10819233,0.2005269,0.106462345,0.0013346173,-0.021569954,0.090761386,0.029385703,-0.09681838,0.1787633,0.09952125,-0.0820038,0.0053227996,-0.19451165,0.08827897,0.1507819,-0.10706145,-0.16315737,0.03373199,-0.19176368,-0.044538766,-0.06325976,0.116519004,-0.072478816,0.11806319,-0.21088241,-0.070292294,-0.034713756,-0.03829361,0.11232731,0.06373945,-0.04644478,-0.0986447,-0.017042685,-0.08807442,-0.083336525,-0.07558826,-0.058914866,0.1254488,0.011649579,-0.042318426,-0.15514873,-0.058437645,0.11067434,-0.020848157,-0.02154783,-0.054093275,-0.22759525,0.18553267,-0.1904525,-0.03595168,-0.049188644,0.00529095,0.07432485,-0.019286903,0.023906935,-0.0019999258,0.06528439,0.09582365,-0.12932034,0.0046716984,0.0011128801,-0.171933,0.14615257,0.09269551,0.044513214,-0.10772246,0.10724834,0.063850895,0.048340723,-0.06494063,-0.07952648,-0.024865536,0.103474766,0.17840274,-0.06288463,-0.022596054,0.018099904,-0.13734514,0.03330953,0.072881766,0.007319578,0.16217856,0.088845186,-0.1454886,0.058116186,0.041259225,0.08312539,-0.004135862,0.05077454,0.038839832,0.019257845,0.09496051,0.09760124,0.02668387,0.10103586,0.16888078,-0.051340934,0.06896412,0.023741553,-0.0909514,-0.16501492,0.13206753,0.015583443,0.10713852,-0.22467421,-0.035449546,-0.10797979
just,0.010782106,-0.016291235,-0.071754836,0.17276002,0.16012837,-0.09680234,0.11293846,0.25186908,-0.0788218,0.109376855,-0.12909913,-0.07078652,0.025954785,0.06586848,-0.07573457,-0.07007315,-0.0022463144,0.0704859,-0.016194094,-0.19369918,0.058948863,-0.11171653,0.06027258,-0.0881706,-0.038593106,-0.02166391,-0.09532877,-0.08059898,-0.15960866,0.0802556,0.090766355,-0.026641151,0.038187053,0.015779426,-0.059538767,0.1571815,0.05118387,-0.06428601,-0.029415214,-0.07979845,-0.0799827,-0.031067166,-0.0658917,0.00862465,0.18861079,-0.038395375,-0.047522582,-0.16010337,0.11693335,0.08310179,0.065622516,-0.06231174,-0.05199917,-0.09533462,0.012247523,0.024369245,-0.07604461,-0.16419183,-0.19573417,-0.058742896,-0.09288842,-0.08910177,0.030170642,-0.091274165,-0.25273716,0.018524887,0.0691431,0.17090155,-0.21731779,0.15208098,-0.06867973,0.047566134,0.082646444,0.034259945,0.07140579,-0.0087403385,0.13688959,-0.11177763,-0.20391312,0.0075693275,-0.084742725,-0.027706165,-0.14107531,0.30733207,-0.1815898,-0.032427654,-0.08896871,0.08873068,0.08623661,-0.055783283,0.18311498,0.13595866,0.11777497,0.11892868,0.21938862,0.1205136,0.021631138,-0.00028489632,0.08314429,0.060438048,-0.13051596,0.19252034,0.08257167,-0.056543026,-0.0155643765,-0.18022664,0.09516173,0.15520602,-0.11672419,-0.19815837,0.011633992,-0.18372947,-0.041736513,-0.06190456,0.102330014,-0.08858821,0.11972889,-0.2705243,-0.08053957,-0.0695937,-0.052730054,0.15491709,0.07215986,-0.05113786,-0.08062852,-0.00044322523,-0.106018655,-0.06650756,-0.056724872,-0.07399206,0.081061766,0.02589794,-0.02754505,-0.11654137,-0.054639805,0.1398975,-0.0024083422,-0.04318968,-0.066931605,-0.20468454,0.17251043,-0.22258806,-0.063539736,-0.0388525,-0.007293368,0.028182188,-0.010031811,0.036520865,0.015606892,0.07947932,0.09329922,-0.15214229,-0.0065542674,-0.0014529162,-0.15758654,0.13603896,0.14206557,0.037173793,-0.053357612,0.12269208,0.073586755,0.039319027,-0.025107594,-0.07225984,-0.03838958,0.07561295,0.14417526,-0.05501121,-0.057862442,0.035580732,-0.10349094,0.03570209,0.056273356,-0.021946223,0.16112378,0.063995086,-0.120038114,0.04017007,0.030147333,0.10520651,-0.023297936,0.041378234,0.024070065,0.008284267,0.10291237,0.09924595,0.022934038,0.10188008,0.15644546,-0.054001253,0.07117043,0.011784593,-0.07698965,-0.12414386,0.115528986,0.009122178,0.1003462,-0.21991628,-0.006416233,-0.07646255
poor,0.0043305797,-0.0098746605,-0.071232006,0.16115238,0.14237528,-0.091970555,0.112433776,0.2429358,-0.06907847,0.11757769,-0.12943296,-0.06352658,0.03233917,0.06598778,-0.064331904,-0.07999456,0.00015040745,0.081294514,-0.014734652,-0.1995315,0.07264795,-0.117424674,0.059561826,-0.095126644,-0.040534407,-0.03376944,-0.089661464,-0.08162752,-0.16584386,0.07672843,0.09434844,-0.02115511,0.034516875,0.015083908,-0.05759422,0.13883348,0.05020951,-0.07650841,-0.030175686,-0.07881655,-0.08480519,-0.015401813,-0.07552039,0.01645451,0.17155008,-0.037719794,-0.046048086,-0.14900139,0.12464894,0.082865536,0.065045506,-0.055879705,-0.054602962,-0.09324577,0.013991387,0.030411758,-0.07575605,-0.16205281,-0.19210342,-0.048768878,-0.08230866,-0.08720991,0.027569747,-0.09847502,-0.25442863,0.0028874457,0.07470105,0.1702751,-0.22447734,0.14240292,-0.062909074,0.04554645,0.09021714,0.023018032,0.06521373,-0.015364546,0.14788355,-0.12056893,-0.20085187,0.009676659,-0.084038936,-0.032004755,-0.13327649,0.30929106,-0.17471421,-0.019066362,-0.09107371,0.079219416,0.091566235,-0.036688045,0.16281463,0.13991173,0.11862884,0.11501396,0.21429749,0.12241638,0.016875805,-0.005572892,0.09251526,0.043758355,-0.12789324,0.1934396,0.089536645,-0.06328635,-0.014822216,-0.18831809,0.091261655,0.1713143,-0.11750578,-0.19597478,0.00968379,-0.19746375,-0.046595138,-0.064778574,0.112531215,-0.08917341,0.11806847,-0.25978282,-0.06973799,-0.067795224,-0.049997713,0.14808817,0.062582605,-0.056623876,-0.07762027,0.0034870515,-0.11099262,-0.077546015,-0.06929253,-0.06973517,0.09867648,0.024511889,-0.030031076,-0.12787162,-0.055131227,0.13168706,-0.019111427,-0.039511077,-0.05989039,-0.21382934,0.18391624,-0.22196838,-0.058327846,-0.043600846,0.005705822,0.0457438,-0.026001435,0.037427388,0.019156242,0.08038819,0.094470195,-0.14385095,-0.007694842,0.0004939026,-0.16730972,0.14223565,0.13854718,0.042979367,-0.06419416,0.115133904,0.081985846,0.050155323,-0.03959881,-0.06688169,-0.045547314,0.079783626,0.14779866,-0.054332636,-0.041740198,0.029966122,-0.115165114,0.040557683,0.067093536,-0.015084253,0.16831037,0.0742201,-0.12596689,0.044681735,0.03682405,0.10540655,-0.017608374,0.042574458,0.03783442,0.015311017,0.10735228,0.09727592,0.02033912,0.09861274,0.15861349,-0.05730669,0.0755442,0.014161834,-0.07932191,-0.13826916,0.11399183,0.010611434,0.09933471,-0.22700915,-0.010747249,-0.084129535
know,0.096475825,-0.11613739,-0.089456014,0.2965345,0.27370095,-0.21736063,0.12212806,0.33426613,-0.11489558,0.10312889,-0.14331742,-0.14545113,0.036957737,0.12575394,-0.14535463,0.010892963,-0.02828943,-0.023102239,0.03317564,-0.1539437,-0.030567523,-0.02424353,0.03839566,-0.05917995,0.06745634,-0.0013376196,-0.14506315,-0.010664368,-0.10815683,0.1374689,0.14648744,-0.07435547,0.13988811,0.046785273,-0.07908726,0.24026226,0.12646145,-0.031231185,-0.06627907,-0.14218469,-0.046528637,-0.07943731,-0.0011936997,0.010763241,0.23986235,0.016099904,-0.052135814,-0.26032674,0.07776372,0.059621796,0.109580405,-0.09478163,-0.11551063,-0.1253106,-0.01640356,0.061925318,-0.091223136,-0.20626307,-0.25014332,-0.03372831,-0.16412231,-0.10005214,0.033925872,-0.06674844,-0.31741068,0.04652611,0.08117726,0.18605502,-0.16393057,0.14115101,-0.16096331,-0.031121477,0.04480453,0.064115815,0.12828535,-0.047369927,0.101239756,-0.092460774,-0.31856394,-0.013716153,-0.06782596,0.021227187,-0.14886126,0.3375842,-0.22241007,-0.036458522,-0.17547946,0.11783659,0.029299423,-0.12386456,0.25929675,0.103320085,0.093695186,0.14817096,0.22221845,0.14789903,0.06660821,0.037544772,0.06407741,0.1536849,-0.2133273,0.20719758,0.053503804,-0.0032480073,-0.068972394,-0.11869411,0.123079725,0.13617349,-0.14994611,-0.24471036,-0.030359024,-0.1331414,-0.008147464,-0.053557955,0.056080457,-0.10612198,0.084296055,-0.36908573,-0.07607326,-0.12619816,-0.08983935,0.23539934,0.07983176,-0.06765652,-0.050522,0.030364856,-0.12820826,-0.0055926526,-0.0043713483,-0.089569345,-0.031590812,0.055428203,-0.0013830799,-0.0009343307,-0.0067390054,0.19738804,0.020533275,-0.09322151,-0.086792305,-0.14664528,0.107923225,-0.27165303,-0.1097791,0.017152688,-0.040225673,-0.07151441,0.006566222,0.03288644,0.05182669,0.08587318,0.031022118,-0.16917954,-0.0020801264,-0.022343174,-0.12311787,0.1043932,0.24415222,-0.002813771,0.08867844,0.12529483,0.085301474,0.015416266,0.057033774,-0.03867871,-0.08840354,-0.03607501,0.031040328,0.0015631292,-0.13173626,0.06267106,-0.025916075,0.023349738,0.041550055,-0.072336756,0.12471985,-0.025071187,-0.03661709,-0.005659989,-0.0008358372,0.12913819,-0.0779,0.023113232,0.007894686,-0.0051950333,0.091134585,0.06422657,-0.011874303,0.07337012,0.102517284,-0.052213635,0.02941912,-0.00770955,-0.02622031,-0.033832237,0.039387237,0.021369454,0.05614408,-0.1653763,0.055709258,0.00049986586
quite,-0.007139346,5.8548205e-05,-0.06704354,0.14505935,0.12384512,-0.07134177,0.113911144,0.22263771,-0.06875472,0.10930052,-0.118204884,-0.05507108,0.026740072,0.053956505,-0.060203318,-0.078836516,0.008827322,0.08481411,-0.02187081,-0.19248997,0.08415638,-0.11959096,0.056790225,-0.094803564,-0.057370257,-0.025275277,-0.08136465,-0.09303672,-0.1612723,0.073179245,0.085567296,-0.024128025,0.020341028,0.0010826859,-0.043744102,0.131675,0.041378822,-0.0738316,-0.02711265,-0.06687326,-0.07866961,-0.020741273,-0.07030304,0.00988298,0.16710968,-0.039916117,-0.051841184,-0.13011743,0.12359288,0.08279214,0.054879837,-0.03978533,-0.04049459,-0.077059016,0.02074904,0.021525022,-0.06709833,-0.15327495,-0.17906542,-0.046940506,-0.07591852,-0.08907642,0.027050644,-0.088667266,-0.22059993,0.0063130944,0.061658956,0.16042638,-0.21255533,0.13582551,-0.040225785,0.055113874,0.08535493,0.026192615,0.04850785,-0.015029287,0.137435,-0.10728507,-0.1743325,0.017959757,-0.08755133,-0.03476884,-0.13075867,0.28207985,-0.16639973,-0.03025144,-0.080292165,0.07637483,0.09066755,-0.027379774,0.15627964,0.1342531,0.12053611,0.103490785,0.20771104,0.10796875,0.010956535,-0.008911727,0.08716017,0.041387375,-0.109784015,0.18360172,0.08794278,-0.06840265,0.0089650275,-0.18248847,0.09251602,0.15648852,-0.108230904,-0.18218213,0.022815004,-0.19340032,-0.040132105,-0.0562337,0.10758977,-0.078461215,0.11275518,-0.2382126,-0.075217195,-0.05801819,-0.05057811,0.13326372,0.059747923,-0.04837805,-0.08987498,-0.01054836,-0.100475065,-0.079044394,-0.067464255,-0.064609505,0.099540055,0.025411796,-0.03727834,-0.13579813,-0.060497254,0.11808686,-0.016438095,-0.033577178,-0.05353528,-0.20424953,0.18162037,-0.20978956,-0.045344763,-0.040268924,-0.00015021354,0.04404576,-0.0141977975,0.02952549,0.009951106,0.06423165,0.090782315,-0.14067815,0.005605821,-0.004835544,-0.1624393,0.13812906,0.11773414,0.04744105,-0.08387692,0.118596315,0.06824666,0.048146706,-0.04339339,-0.0769021,-0.032257035,0.08354465,0.16029021,-0.055910826,-0.03234241,0.022362277,-0.115060925,0.03572701,0.06294653,-0.005635655,0.16385259,0.072084494,-0.12701815,0.046990052,0.038751278,0.0889475,-0.01994334,0.04290133,0.03315833,0.021055391,0.09533968,0.10065654,0.021175738,0.09780151,0.1573732,-0.060067173,0.07881116,0.017946342,-0.079225965,-0.13658617,0.12244207,0.015899213,0.102583066,-0.22187354,-0.010066768,-0.094831645
gold,-0.013382908,0.0065483106,-0.06342632,0.13004525,0.11678589,-0.06768305,0.117452435,0.21825035,-0.061783873,0.09931279,-0.123891816,-0.046077434,0.034167424,0.042940512,-0.043322086,-0.08777959,0.009880907,0.09181721,-0.027056746,-0.18481897,0.0871728,-0.12328496,0.0636361,-0.09124953,-0.05824592,-0.02384328,-0.07186484,-0.09646226,-0.14887254,0.06528482,0.08002352,-0.02038876,0.013466651,-0.00021989393,-0.048214916,0.12351334,0.03362934,-0.07338098,-0.02446998,-0.06364613,-0.08630653,-0.0147484355,-0.081361346,0.02033606,0.14136603,-0.044730972,-0.0403958,-0.118056506,0.12204751,0.08399571,0.05591885,-0.050638452,-0.032668136,-0.07226235,0.016571682,0.020305496,-0.06333752,-0.1387671,-0.16884841,-0.05217997,-0.07007356,-0.09014394,0.026862824,-0.085867465,-0.20604071,0.007866826,0.067063026,0.1532151,-0.21431515,0.13188411,-0.041678254,0.06319543,0.09520589,0.019120418,0.04706045,-0.013449567,0.14160562,-0.10938963,-0.15961617,0.019701125,-0.08552879,-0.04225711,-0.12869567,0.27560863,-0.15997724,-0.0276033,-0.0644419,0.07585466,0.098886706,-0.014857296,0.13903497,0.13781042,0.1270973,0.10487693,0.2040141,0.112323724,0.002365799,-0.013796761,0.09026046,0.035044044,-0.09802631,0.176911,0.093958065,-0.06284736,-0.0002983835,-0.1788383,0.093659,0.14587404,-0.104421146,-0.17391214,0.021600684,-0.19178888,-0.043922808,-0.057980347,0.108037986,-0.07410178,0.116881095,-0.214005,-0.07182132,-0.056234,-0.043659866,0.12147698,0.053278785,-0.048220716,-0.08385798,-0.0063003935,-0.10215926,-0.07547828,-0.07333408,-0.068746775,0.11290792,0.010625144,-0.03042958,-0.13444753,-0.05057906,0.112634376,-0.020695442,-0.019681288,-0.06166786,-0.20350784,0.17580122,-0.1934689,-0.04470082,-0.042056903,0.0038928802,0.05366921,-0.021641307,0.02896872,0.014798692,0.068622105,0.09210825,-0.13897003,-0.0030082285,-0.0091296425,-0.16259494,0.13930944,0.10402964,0.047493592,-0.08695112,0.116112456,0.07011431,0.048277445,-0.047231294,-0.074369244,-0.03201668,0.09556723,0.15708628,-0.063501306,-0.035489623,0.01626199,-0.12910694,0.038861446,0.064255044,-0.002953429,0.16056061,0.08169422,-0.13132383,0.0518548,0.036147784,0.08172042,-0.013549738,0.044385478,0.029963449,0.027591236,0.10317225,0.100060314,0.026892938,0.094127566,0.16767818,-0.05340992,0.06741267,0.022368766,-0.085660875,-0.13808176,0.12113937,0.0008558731,0.10546295,-0.20676942,-0.023403857,-0.097869724
golden,-0.021557387,0.014112502,-0.060643755,0.13349631,0.12031051,-0.058622655,0.115841344,0.2327611,-0.06884222,0.102528326,-0.124512985,-0.050301682,0.034301516,0.034842134,-0.042121477,-0.09277741,0.0058224835,0.106038064,-0.032130457,-0.19108395,0.087986074,-0.12588157,0.06492467,-0.100631736,-0.06835672,-0.03566174,-0.07137603,-0.09431672,-0.15358877,0.0662305,0.08253677,-0.015313807,0.012963762,-0.002310886,-0.05062736,0.11272688,0.022380829,-0.07045226,-0.018874336,-0.056150477,-0.08518552,-0.0038042364,-0.08919029,0.016281908,0.14382584,-0.054780357,-0.04275384,-0.1197821,0.12259953,0.077916585,0.0574471,-0.05471688,-0.029099537,-0.08523615,0.013629687,0.024604708,-0.06498788,-0.14880033,-0.17389351,-0.04649638,-0.06550071,-0.09226657,0.020914532,-0.0890655,-0.2147704,0.0030195855,0.072407365,0.15882465,-0.21995774,0.1335063,-0.0377258,0.059787538,0.09582433,0.018452931,0.04019126,-0.007911307,0.14538084,-0.1126831,-0.16516045,0.019836025,-0.08622807,-0.042997565,-0.124501996,0.2794475,-0.15289733,-0.028285827,-0.07278417,0.0694993,0.112157695,-0.011934331,0.15188861,0.1430098,0.12490813,0.103463754,0.20796123,0.118806444,0.0042509157,-0.013358106,0.08891194,0.031567972,-0.106311254,0.1819047,0.09278175,-0.07675617,0.007253747,-0.1807546,0.09546061,0.15563671,-0.10873981,-0.1688131,0.025516532,-0.19020201,-0.04676652,-0.05723858,0.11008942,-0.07438029,0.12677252,-0.22707407,-0.0759127,-0.053449657,-0.04455718,0.12658703,0.059945658,-0.04612886,-0.082398504,-0.0018436492,-0.10221751,-0.079378344,-0.0841679,-0.07193704,0.12347984,0.010858994,-0.026630199,-0.13955504,-0.05164999,0.1060487,-0.018139446,-0.025863891,-0.06169336,-0.20737126,0.19208656,-0.1961052,-0.03822238,-0.042353533,0.0047826627,0.061147664,-0.0151257515,0.03120796,0.012860155,0.07108915,0.09155254,-0.13633353,0.00216641,0.0020040392,-0.1696826,0.13601899,0.1005811,0.05456398,-0.10299253,0.11788923,0.068616256,0.058444906,-0.05015645,-0.07559689,-0.027708853,0.105832234,0.16760811,-0.070351794,-0.03314846,0.011866338,-0.12670879,0.04009549,0.06702857,-0.003329782,0.16850607,0.08635753,-0.14074063,0.05045425,0.03816735,0.080174305,-0.00907163,0.0443637,0.03633282,0.026778873,0.0992938,0.09934328,0.024129322,0.102108866,0.1714054,-0.06232351,0.07224558,0.029905934,-0.093344666,-0.1481634,0.12101498,-0.003119091,0.108376965,-0.21098928,-0.03387839,-0.093354546
tree,-0.0366979,0.031374946,-0.063452445,0.09472783,0.084284864,-0.03238107,0.11192909,0.19888349,-0.057958394,0.105084985,-0.11848233,-0.032385476,0.031149862,0.024974301,-0.02407785,-0.101208284,0.013223076,0.11074838,-0.035092555,-0.19706352,0.1047655,-0.14915766,0.057392817,-0.112257086,-0.09196024,-0.04075124,-0.057303585,-0.113862015,-0.16705683,0.0504986,0.06898167,-9.257227e-05,-0.012975958,-0.006128602,-0.040550523,0.093298525,0.0103969565,-0.0769214,-0.013122938,-0.049255557,-0.091844924,-0.001962702,-0.1016555,0.019102909,0.135205,-0.060735043,-0.035014562,-0.08678095,0.12812406,0.07827748,0.05567243,-0.029175257,-0.015616435,-0.06293122,0.020555777,0.01055268,-0.053268492,-0.12842517,-0.15911013,-0.051759448,-0.05489015,-0.0821514,0.02304868,-0.09871434,-0.20245199,-0.0035582674,0.06509116,0.15720627,-0.22684845,0.13545905,-0.013144065,0.08822278,0.101686,0.007714315,0.03918676,-0.004569907,0.14198634,-0.1153345,-0.13743997,0.017407183,-0.09751785,-0.05040944,-0.12442092,0.26533926,-0.14606138,-0.02579505,-0.048786506,0.067845896,0.124043584,-0.006618393,0.11852793,0.1478221,0.13642423,0.10510651,0.20581518,0.112058036,-0.003891418,-0.023614613,0.09150358,0.0059697633,-0.08699137,0.18465108,0.10117627,-0.08345211,0.01909397,-0.19967069,0.081513286,0.15744475,-0.10974364,-0.16570236,0.032716643,-0.1991627,-0.054645617,-0.06504044,0.11600685,-0.07129859,0.12760866,-0.19450782,-0.06949914,-0.034530856,-0.04135024,0.10535504,0.05563668,-0.03366015,-0.09451678,-0.013281714,-0.09217695,-0.09161207,-0.0886779,-0.06785192,0.14309083,0.0032361401,-0.04220179,-0.16901052,-0.061463255,0.093472295,-0.030046305,-0.01592801,-0.05627614,-0.22447103,0.1986752,-0.17883353,-0.032843307,-0.05615298,0.01056488,0.077803016,-0.02864016,0.04012533,-0.00031124748,0.05563584,0.10213136,-0.13664292,5.3230702e-05,3.5438272e-05,-0.17707361,0.14403647,0.08031506,0.05565787,-0.11957477,0.119366206,0.0689434,0.056419346,-0.07169848,-0.075852685,-0.013152556,0.11624802,0.18229294,-0.0738885,-0.017778527,0.0108849285,-0.14168444,0.03417806,0.06701603,0.007947933,0.17939791,0.10397372,-0.16139823,0.069395065,0.04581766,0.07851805,1.237649e-06,0.061082523,0.036613483,0.030267082,0.10620486,0.11031973,0.03661234,0.09844594,0.18479867,-0.0653494,0.07699711,0.02967108,-0.098391086,-0.167231,0.13169064,0.00036573657,0.112825885,-0.22886337,-0.040437974,-0.10737608
horse,-0.011785534,0.004570792,-0.05931379,0.1278477,0.12140395,-0.06552721,0.11011175,0.23099369,-0.069710076,0.10834232,-0.12178111,-0.04777657,0.032262426,0.04375793,-0.050140005,-0.09458846,0.0036071786,0.102359556,-0.021888658,-0.18938376,0.08949467,-0.12663682,0.053444963,-0.09655311,-0.06308857,-0.029127797,-0.08532091,-0.09474593,-0.16080858,0.06199557,0.07925224,-0.016215716,0.011341798,0.0052467175,-0.05119712,0.11726177,0.028449839,-0.07436145,-0.020730987,-0.055603676,-0.083962485,-0.008927267,-0.07577496,0.01830904,0.15125372,-0.04981848,-0.041657217,-0.122315876,0.124266885,0.07551531,0.06250804,-0.05278082,-0.026506765,-0.07918125,0.0094308825,0.020748474,-0.06099154,-0.1519904,-0.17162809,-0.055102024,-0.05758369,-0.08636782,0.019510876,-0.092350535,-0.215776,0.009281046,0.07842174,0.17267908,-0.21646005,0.14278351,-0.046329267,0.059965983,0.0983357,0.018333096,0.056894407,0.0020868413,0.14494689,-0.112316884,-0.17154182,0.009479263,-0.08254438,-0.043249782,-0.12911043,0.28075173,-0.15325847,-0.026473718,-0.07375294,0.07554984,0.10103325,-0.018284615,0.14626306,0.1292271,0.12966591,0.101529635,0.20741187,0.10904155,0.0050890623,-0.0057728724,0.08371201,0.0319301,-0.10249769,0.18597536,0.09459887,-0.07195629,-0.0073936684,-0.18895857,0.09161806,0.15685855,-0.114406176,-0.17277749,0.019172376,-0.1966774,-0.04709967,-0.058749564,0.10907364,-0.07645741,0.12262776,-0.23206294,-0.06612125,-0.05482373,-0.04099206,0.12676615,0.0657148,-0.045604065,-0.084280245,0.0036202834,-0.098976485,-0.08331483,-0.07461329,-0.05755904,0.11228474,0.0078869015,-0.032553304,-0.13476525,-0.051417824,0.10674125,-0.017669296,-0.030972227,-0.058156863,-0.20922863,0.17956729,-0.1896688,-0.045013096,-0.03944065,0.0030744176,0.05875379,-0.016784426,0.027961684,0.0125634,0.06665613,0.09632587,-0.13162947,-0.008672108,-0.0057954527,-0.15923063,0.13357285,0.111586004,0.04643204,-0.08943217,0.10811729,0.06308194,0.047926426,-0.044949565,-0.075002044,-0.02944836,0.091855764,0.1537597,-0.06315318,-0.03171235,0.018076537,-0.122664094,0.040909484,0.05929826,-0.007314213,0.16118145,0.07715314,-0.14125116,0.049684957,0.039241992,0.08050218,-0.01144349,0.04640871,0.030028097,0.024129873,0.097080775,0.095348194,0.024636142,0.103036635,0.15762311,-0.05208155,0.06522518,0.021455605,-0.092169344,-0.14084278,0.12127163,0.0019260821,0.100225896,-0.20418859,-0.029394662,-0.09586138
might,0.0001721649,-0.013877651,-0.06793635,0.15846929,0.1450507,-0.09012216,0.10747514,0.2372249,-0.07228729,0.10413454,-0.1240688,-0.064746656,0.030506676,0.05902257,-0.055980917,-0.0641956,-0.011280925,0.06173851,-0.014668265,-0.18433392,0.048892435,-0.10660072,0.04648327,-0.08722794,-0.02978931,-0.019600581,-0.08519531,-0.0822299,-0.14576262,0.08250197,0.0768159,-0.021173926,0.0346391,0.01661722,-0.052389592,0.13986373,0.048424143,-0.05811866,-0.025482677,-0.07691328,-0.06985089,-0.031744882,-0.06894951,0.012624047,0.16725728,-0.02635793,-0.040654566,-0.14161186,0.09364554,0.06887674,0.06562094,-0.041406974,-0.059465125,-0.08196251,0.011690023,0.021502877,-0.06525555,-0.1447352,-0.18496546,-0.04771734,-0.09320629,-0.09602806,0.026225647,-0.08648934,-0.24451669,0.01412779,0.07247975,0.16172792,-0.20442297,0.13955829,-0.06256192,0.038315196,0.07609293,0.024139222,0.061244994,-0.015083296,0.13465175,-0.101756595,-0.18821248,-0.0018581088,-0.08270532,-0.029285327,-0.12027228,0.2687029,-0.16804008,-0.028856944,-0.09464583,0.07935135,0.08040134,-0.038244817,0.17236039,0.12425295,0.10290691,0.106633,0.20906219,0.1147204,0.0312779,0.0058913846,0.08108382,0.052121475,-0.11878281,0.17204161,0.08024872,-0.06918997,-0.016863689,-0.16160046,0.09204525,0.14360072,-0.12572335,-0.17904238,0.0041946582,-0.16991761,-0.036245957,-0.062691964,0.09576947,-0.07843203,0.10211693,-0.24546771,-0.070066445,-0.06530205,-0.050384775,0.15527529,0.06027578,-0.05155165,-0.08797845,-0.0015804281,-0.09672521,-0.06989572,-0.053192005,-0.070450194,0.08619096,0.027925396,-0.024031436,-0.10101438,-0.041601587,0.1382033,-0.00729424,-0.030612417,-0.061606564,-0.19388567,0.15958878,-0.21281072,-0.057820976,-0.026193505,-0.0031239593,0.027282735,-0.0066684904,0.02905086,0.017064625,0.056518923,0.07496637,-0.14208065,-0.00063991244,0.0020039612,-0.15519798,0.12095495,0.12896045,0.038983416,-0.049677256,0.10802866,0.069550954,0.04134956,-0.027110254,-0.068555236,-0.040486753,0.064623,0.12861176,-0.05447761,-0.054772954,0.037408274,-0.103625536,0.026549261,0.051698454,-0.025755033,0.15052286,0.053450033,-0.10569817,0.044976734,0.029371085,0.088137366,-0.011935573,0.0446413,0.022087177,0.01296836,0.0913394,0.09003895,0.01704453,0.09313318,0.14024954,-0.04763292,0.059719913,0.010676192,-0.06754698,-0.11957489,0.10900422,0.0033026803,0.09159609,-0.19511227,-0.0036585438,-0.07785002
round,-0.03382803,0.028700616,-0.06676862,0.113182545,0.09640352,-0.042382322,0.11292399,0.21508174,-0.054049596,0.105656415,-0.11674911,-0.0370289,0.0238552,0.030378181,-0.040130336,-0.10001799,0.011025908,0.11497898,-0.03664337,-0.19295973,0.09157379,-0.1470424,0.055383664,-0.106324375,-0.0770155,-0.0388506,-0.07381862,-0.10829674,-0.1714125,0.06340725,0.07057792,-0.014944232,-0.011742499,-0.015274405,-0.04033945,0.11353851,0.017860487,-0.07002051,-0.018258834,-0.055694684,-0.09030766,-0.0073906365,-0.09900676,0.01776854,0.14959416,-0.06246284,-0.048457284,-0.10606127,0.13206531,0.083908714,0.047352936,-0.038321268,-0.027288528,-0.06998775,0.020592252,0.01645004,-0.063264,-0.15007602,-0.17765647,-0.061667576,-0.061591305,-0.08823279,0.025346471,-0.0973399,-0.21278419,0.00050817075,0.07612781,0.16508478,-0.23545176,0.14148222,-0.015586022,0.083328255,0.09839438,0.017210241,0.049847893,-0.0015242138,0.14711873,-0.124643594,-0.1503422,0.021889746,-0.095573775,-0.05365028,-0.12966037,0.27494738,-0.1580281,-0.029436635,-0.066063255,0.06683093,0.10576527,-0.013403955,0.13505098,0.14871424,0.13292468,0.09958363,0.2176799,0.110823706,0.00418023,-0.014542176,0.08520518,0.025335496,-0.099423155,0.187318,0.106286354,-0.08069588,0.01489322,-0.19543317,0.08121825,0.16226281,-0.1027304,-0.16868287,0.032194663,-0.20657466,-0.045780078,-0.06600409,0.121039145,-0.067467265,0.13128278,-0.21101941,-0.07820948,-0.039158918,-0.04388704,0.11494174,0.063355714,-0.043868314,-0.1063694,-0.009447028,-0.09937579,-0.08555324,-0.07893,-0.0701069,0.13660987,0.021706656,-0.037501406,-0.15969354,-0.06430616,0.112850666,-0.028043734,-0.018611955,-0.0584288,-0.23155756,0.19985718,-0.18934724,-0.03347461,-0.054178584,0.012361666,0.07659615,-0.027295329,0.032574546,0.008612297,0.055127874,0.108648285,-0.13071652,0.0072892187,0.0010277466,-0.17858292,0.14315572,0.09045939,0.04911549,-0.120002165,0.112548746,0.066110715,0.04940956,-0.056373276,-0.083655596,-0.026751515,0.10647167,0.18476515,-0.06835641,-0.018623887,0.01957221,-0.1351663,0.034506224,0.06423406,0.0046715513,0.18518183,0.10030057,-0.15151207,0.065983646,0.039098915,0.0749948,-0.008512964,0.060256157,0.037446376,0.015487269,0.10901581,0.1033873,0.033449296,0.11324732,0.16805057,-0.059793886,0.08955346,0.02127253,-0.10286965,-0.16759051,0.13928975,0.012701081,0.107613176,-0.22971207,-0.030908708,-0.10538731
forest,-0.030646294,0.02473919,-0.07040448,0.11158875,0.09217762,-0.050363738,0.10785817,0.20583108,-0.053538233,0.09598963,-0.122333035,-0.031898536,0.033147912,0.036671255,-0.03168893,-0.09880865,0.005372595,0.10885719,-0.037974335,-0.18819004,0.098739095,-0.14716485,0.066088915,-0.096719846,-0.07869736,-0.03937713,-0.064303786,-0.10051847,-0.1563827,0.05113587,0.07821651,-0.011124126,-0.003999216,-0.009320864,-0.045503683,0.107148655,0.010064912,-0.07225029,-0.0117575945,-0.048717618,-0.095265195,0.0028028407,-0.089136496,0.025016222,0.13895337,-0.06238495,-0.04976002,-0.0976115,0.13380182,0.078898065,0.046975695,-0.037551034,-0.014432897,-0.06757031,0.019338848,0.0224707,-0.0544107,-0.13632403,-0.17069851,-0.043939833,-0.05791073,-0.083336055,0.019694978,-0.100201406,-0.20503756,0.001052796,0.06588652,0.15721622,-0.22281839,0.1401302,-0.016719712,0.07671061,0.09145557,0.014188944,0.044580657,-0.00025340088,0.14658768,-0.11659246,-0.15030357,0.025337141,-0.091086335,-0.04247784,-0.12321823,0.26378635,-0.15039058,-0.027597899,-0.05489708,0.071680926,0.10897459,-0.0049636513,0.12507677,0.13295941,0.13890046,0.10512351,0.21385123,0.11262442,-0.0059841992,-0.01880159,0.09311511,0.021857824,-0.08935257,0.17534195,0.10274673,-0.07078683,0.0090988,-0.19445996,0.09095348,0.1535446,-0.10602362,-0.16770054,0.031353224,-0.20464937,-0.051812366,-0.062062398,0.112252474,-0.07272831,0.12563802,-0.20985511,-0.07350279,-0.040634077,-0.038754,0.11274642,0.053730045,-0.032094337,-0.091220826,-0.0050369087,-0.09340832,-0.079632,-0.08287389,-0.05828554,0.14213218,0.0051082633,-0.03971122,-0.14874867,-0.05829126,0.108562805,-0.026070297,-0.020940436,-0.05449151,-0.22661698,0.19151671,-0.19502132,-0.0377003,-0.058174953,0.00624378,0.06884207,-0.021908708,0.03476344,0.00849163,0.062398024,0.10078498,-0.13379005,0.006714942,0.0021576323,-0.16934626,0.1456795,0.084882356,0.05579246,-0.12351388,0.112467416,0.057295397,0.058948025,-0.062734224,-0.08768724,-0.02331985,0.11078807,0.17645924,-0.07836865,-0.025575362,0.021045415,-0.1405797,0.038451206,0.069317386,0.0005648251,0.16183382,0.08974118,-0.14428811,0.059343312,0.040170476,0.07653471,-0.0073886476,0.055408835,0.031728636,0.0241159,0.098572776,0.09726422,0.022578571,0.10902829,0.17660901,-0.055687595,0.074359946,0.037537243,-0.09795798,-0.15982512,0.13371573,0.0011923189,0.113733046,-0.21857417,-0.031476416,-0.10472356
done,0.022777323,-0.02922106,-0.0741808,0.1852219,0.17337601,-0.11971294,0.11859789,0.2541238,-0.08162444,0.103113994,-0.12902033,-0.08581155,0.023188757,0.079203516,-0.085625455,-0.04910408,-0.009848204,0.051407125,0.0091466,-0.17572817,0.046337835,-0.081523724,0.044437304,-0.07755096,-0.00835446,-0.013381718,-0.101292565,-0.06815205,-0.14580832,0.08311072,0.091510534,-0.03275144,0.051392198,0.02077037,-0.056191843,0.15438095,0.06155269,-0.049637973,-0.032110173,-0.09012127,-0.068264194,-0.03789223,-0.050631728,0.0023855416,0.18467596,-0.024034109,-0.05152007,-0.16616938,0.10324106,0.070031404,0.078354485,-0.059119403,-0.06716325,-0.096437834,0.008429772,0.023204558,-0.075456634,-0.1637157,-0.18514255,-0.051438242,-0.10303503,-0.09640034,0.028752003,-0.0711813,-0.24875778,0.017344272,0.06991201,0.16275284,-0.19484045,0.13670613,-0.082031354,0.022449248,0.066054136,0.033688687,0.06676204,-0.016162954,0.11867732,-0.10039251,-0.20930038,0.0055913464,-0.088498734,-0.0152820805,-0.13799469,0.29499906,-0.17943671,-0.025319282,-0.1017144,0.08864097,0.062361397,-0.06505604,0.17716911,0.12837166,0.10885316,0.1174738,0.19866157,0.114283286,0.028707664,0.012804468,0.07155699,0.061923277,-0.13059206,0.17681833,0.07021892,-0.04266676,-0.01788525,-0.15566038,0.08939024,0.13922407,-0.111114874,-0.18819922,0.005286934,-0.16433087,-0.026232887,-0.06181124,0.08521719,-0.085608065,0.10273772,-0.2657433,-0.06784116,-0.07118765,-0.06268694,0.16451907,0.06937604,-0.05419026,-0.07527336,0.0026852102,-0.109936446,-0.054340895,-0.045299724,-0.0655178,0.058665603,0.039128523,-0.017925825,-0.09397841,-0.04566189,0.13792112,-0.0075808195,-0.0516944,-0.05720765,-0.17717698,0.15000701,-0.21878712,-0.07263872,-0.029950337,-0.004872758,0.012925584,-0.013068949,0.030694073,0.01848792,0.07963602,0.075026274,-0.14553584,-0.002329956,-0.0025167451,-0.14440078,0.11755276,0.14610125,0.033318006,-0.028811885,0.11114083,0.07963024,0.03873435,-0.0166711,-0.06262755,-0.053077526,0.05055307,0.1111478,-0.04813228,-0.07025866,0.035799887,-0.08574867,0.030570028,0.047567412,-0.026662081,0.14370799,0.042301964,-0.09382558,0.026178245,0.025896689,0.09927997,-0.026430476,0.02525379,0.019083144,0.008620517,0.095215864,0.09010491,0.014581791,0.08618726,0.12651329,-0.05680522,0.06038812,0.012904421,-0.061224513,-0.094808534,0.09507039,0.019158527,0.0905087,-0.19597566,0.0045541674,-0.059610497
next,-0.016304234,0.0010197635,-0.07124705,0.13551368,0.12106326,-0.06028213,0.12679301,0.24125372,-0.076096095,0.11995864,-0.123947084,-0.055884063,0.025054615,0.05738417,-0.058372684,-0.096119404,0.002018653,0.104903206,-0.03548184,-0.20092206,0.08652921,-0.14412092,0.059489753,-0.10748061,-0.061331384,-0.029807204,-0.07865489,-0.10969082,-0.18102512,0.07658308,0.08449783,-0.0056485776,0.016901514,-0.0024706689,-0.050226998,0.13595405,0.025832094,-0.08722778,-0.025455426,-0.07433402,-0.096383475,-0.006228019,-0.08740972,0.012200049,0.18075709,-0.052414086,-0.04857815,-0.12953864,0.1350065,0.086989775,0.06909877,-0.04913754,-0.03787942,-0.08583045,0.01701148,0.018236706,-0.06684255,-0.16124344,-0.18893956,-0.063508265,-0.07732004,-0.09437237,0.01888156,-0.098072484,-0.25839934,0.0016348711,0.06905582,0.17109236,-0.24184807,0.14731506,-0.04536557,0.063847005,0.10548815,0.022598706,0.045371983,-0.015303101,0.15502484,-0.11408564,-0.18075365,0.016482223,-0.09409518,-0.042472742,-0.13519445,0.2972201,-0.18485443,-0.019351235,-0.065731324,0.08324358,0.11358305,-0.025551597,0.15963359,0.1453174,0.12815614,0.12759373,0.22271001,0.11541845,0.0069315243,-0.015773075,0.09499086,0.042042654,-0.110541455,0.19049549,0.09183106,-0.06890332,0.003757467,-0.19007799,0.09023628,0.17756832,-0.12809116,-0.18780501,0.026291272,-0.21192464,-0.062000006,-0.069919,0.11816339,-0.07920584,0.14038472,-0.23775424,-0.08148127,-0.05338857,-0.042448048,0.12970513,0.06363889,-0.052519802,-0.09156074,-0.006819005,-0.114250906,-0.08691391,-0.06569097,-0.07472227,0.12618767,0.016921263,-0.045220394,-0.14725395,-0.06623101,0.12319383,-0.012792213,-0.019087898,-0.055517823,-0.23283601,0.20377178,-0.22464891,-0.05659505,-0.047399886,0.016232524,0.06473158,-0.02010618,0.041144248,0.021879721,0.08250099,0.104339115,-0.14894229,0.0010903026,0.009528062,-0.18291563,0.16601089,0.12937109,0.04345956,-0.096851364,0.13753311,0.079545654,0.06729589,-0.060407996,-0.0795781,-0.045105204,0.09773119,0.16912074,-0.07533222,-0.030116143,0.014883989,-0.14320754,0.039520785,0.074329264,-0.00075466646,0.19023313,0.0873189,-0.1512418,0.073759414,0.04804815,0.09882751,0.003113827,0.05161495,0.03913223,0.011727018,0.10789879,0.10799748,0.0296688,0.100222684,0.1813788,-0.056145355,0.08617976,0.012409499,-0.083891556,-0.15786381,0.12889558,0.015493791,0.10782623,-0.24155627,-0.013549795,-0.110344075
fox,-0.00872022,0.0049242624,-0.059891965,0.12244452,0.111234695,-0.06859253,0.09721473,0.20798944,-0.059496764,0.10282732,-0.116937906,-0.050367214,0.02595531,0.04350158,-0.044078805,-0.07509243,-0.0010822137,0.09464521,-0.023440655,-0.18437351,0.081539065,-0.1256021,0.04864916,-0.07973613,-0.061137233,-0.034519453,-0.070657484,-0.07987497,-0.15987325,0.068073735,0.08185025,-0.0054666842,0.015271556,-0.0010125425,-0.045357004,0.11583043,0.035693303,-0.073476315,-0.022874275,-0.06282106,-0.08508964,-0.008562686,-0.07857645,0.008522322,0.15746893,-0.043786317,-0.042972583,-0.12500858,0.11867266,0.079463474,0.059122376,-0.04852179,-0.044789035,-0.08151613,0.015146064,0.020170515,-0.06998273,-0.14245345,-0.16553102,-0.045361288,-0.060326777,-0.07361332,0.03044066,-0.08620074,-0.21725257,0.003066887,0.06573106,0.15455651,-0.21669972,0.13492815,-0.041583158,0.059814323,0.08768236,0.015011041,0.050861374,-0.0003612725,0.13479586,-0.111852944,-0.15767162,0.006934657,-0.08429115,-0.03396248,-0.11280212,0.26264012,-0.14831424,-0.015250884,-0.06832007,0.0757737,0.09201449,-0.029833887,0.13597034,0.12713565,0.11164364,0.10690488,0.19890414,0.10798668,0.0055000274,-0.01249835,0.080612406,0.029655874,-0.10537446,0.17884529,0.08861667,-0.07448817,-0.0043599,-0.18031134,0.08237729,0.15438111,-0.10350402,-0.16985485,0.022948014,-0.17649649,-0.04834335,-0.057981174,0.11101888,-0.06770058,0.11374623,-0.21234828,-0.06407343,-0.05083448,-0.03978489,0.12415894,0.06701242,-0.04611743,-0.07572445,-0.0042204997,-0.09792451,-0.07867235,-0.07329194,-0.05734154,0.11006654,0.016453082,-0.039806474,-0.13455652,-0.05054786,0.11395296,-0.023867175,-0.029447546,-0.050218146,-0.2033169,0.18235934,-0.18931411,-0.046062216,-0.050759416,0.012064498,0.052730624,-0.022805957,0.046370298,0.009966054,0.06625279,0.08758202,-0.1361473,0.0024633566,-0.00034280645,-0.16028908,0.1313875,0.11400333,0.04228365,-0.0826633,0.11054792,0.063651346,0.044769242,-0.04382533,-0.06912093,-0.037938688,0.08816037,0.16263446,-0.056217287,-0.035537258,0.019138286,-0.12719238,0.0381234,0.061140742,-0.0058613825,0.16032626,0.075839646,-0.12542921,0.052788496,0.04199452,0.089030385,-0.01680389,0.041907553,0.0387754,0.014936314,0.09335954,0.08675644,0.023249734,0.092171855,0.15676108,-0.05580974,0.07408972,0.018452598,-0.075882554,-0.13575223,0.121280715,0.007296234,0.093853824,-0.2098443,-0.020172367,-0.09325772
may,0.06416602,-0.08518283,-0.07013194,0.2501557,0.21782099,-0.17628941,0.1120426,0.2900727,-0.11187318,0.10821813,-0.13628034,-0.116803356,0.042697478,0.11486386,-0.106039286,-0.0106933005,-0.023937274,-0.002505601,0.015591219,-0.1630054,-0.009834288,-0.032890867,0.034107674,-0.052516922,0.028077556,0.0022510246,-0.13351355,-0.017447561,-0.11181535,0.115337245,0.115315266,-0.062476307,0.11117176,0.04734163,-0.06643275,0.20201987,0.09490777,-0.03953502,-0.05249712,-0.11174465,-0.0559805,-0.06889641,-0.02221171,0.008515508,0.20728423,0.0051125567,-0.050853066,-0.22681245,0.06571491,0.057089146,0.099861234,-0.07944676,-0.101063885,-0.11322864,-0.0013246778,0.031143077,-0.08203856,-0.1811976,-0.21905273,-0.041945644,-0.1308743,-0.09572535,0.029569827,-0.07072109,-0.28297672,0.029079089,0.083154865,0.17711833,-0.16340342,0.13731131,-0.136472,-0.024962438,0.05106004,0.03835882,0.097409114,-0.01964145,0.099837594,-0.085629836,-0.26287803,-0.0248927,-0.053616915,0.011573429,-0.11870702,0.30514467,-0.19330834,-0.02524978,-0.1400807,0.11159779,0.0425298,-0.09007985,0.2427524,0.09712715,0.079623446,0.11940004,0.19797656,0.12293823,0.054638684,0.033084754,0.07273257,0.10648442,-0.17630255,0.183965,0.06634198,-0.016675167,-0.06966708,-0.12614712,0.113241285,0.13413763,-0.1387747,-0.21407701,-0.019405803,-0.12970223,-0.021765655,-0.059802856,0.06309288,-0.10131807,0.08591842,-0.3280948,-0.07334158,-0.10207081,-0.064969145,0.21356535,0.07125779,-0.057791006,-0.0507521,0.019512571,-0.11505734,-0.03228052,-0.012926565,-0.0759695,-0.0011327458,0.034962162,-0.0023642713,-0.037070155,-0.008419749,0.18038926,0.037405264,-0.0740584,-0.0686058,-0.15554434,0.1039526,-0.25742278,-0.0925444,-0.0054268558,-0.027788933,-0.036004215,0.0073301424,0.038694467,0.04887939,0.0913236,0.044349924,-0.1604815,-0.0053598904,-0.010587447,-0.13541679,0.107280225,0.20973973,-0.0005469343,0.050011512,0.10518735,0.08354685,0.028368566,0.039452847,-0.0538336,-0.054398473,0.004473082,0.050734643,-0.014832575,-0.11143843,0.05926262,-0.05734779,0.02664103,0.0413179,-0.06244311,0.11964217,-0.0005872602,-0.06302526,-0.0001450958,0.013292998,0.123579144,-0.043556754,0.026000815,0.0039872127,-0.00073332695,0.08796761,0.06734483,-0.0053664865,0.08287823,0.10037873,-0.03561477,0.033560287,0.0071176575,-0.030183258,-0.05840318,0.041951425,0.012585808,0.07607934,-0.15607399,0.03456601,-0.01714825
child,0.011279021,-0.020179747,-0.059809674,0.16317888,0.14650509,-0.09724696,0.11069011,0.23635821,-0.08140389,0.104464024,-0.12867749,-0.07543576,0.024063103,0.061014455,-0.070158996,-0.07059358,0.0018237815,0.07018133,-0.011579318,-0.18598689,0.057264283,-0.09848836,0.04523372,-0.07780671,-0.028725201,-0.020207146,-0.08750604,-0.07523053,-0.14870475,0.07873669,0.0874923,-0.023636878,0.035653003,0.020105463,-0.055020787,0.13861606,0.0537368,-0.062359113,-0.029994622,-0.07038614,-0.08043111,-0.022150021,-0.055430204,0.011644226,0.17063706,-0.040247645,-0.039664954,-0.15302397,0.107431196,0.07696459,0.07031834,-0.05722648,-0.050966173,-0.09253101,0.009927699,0.028847476,-0.06567861,-0.15803942,-0.18458937,-0.043318897,-0.08406596,-0.08447891,0.025127366,-0.08499731,-0.23694503,0.011035633,0.071694046,0.16550408,-0.19852126,0.13635303,-0.065461904,0.031757437,0.08626543,0.029623415,0.052680783,-0.011991948,0.13180253,-0.105275534,-0.19377606,0.0079711,-0.0752295,-0.02297426,-0.12988666,0.28601363,-0.16610211,-0.019603586,-0.09217944,0.08400979,0.083604485,-0.03968163,0.16337538,0.1312679,0.10694919,0.11384532,0.20971836,0.11028515,0.018163417,0.006287342,0.07811461,0.05171931,-0.12278569,0.18656571,0.073525734,-0.05803022,-0.0150400195,-0.16525863,0.094256826,0.15337747,-0.11785612,-0.17804185,0.0033602468,-0.1695568,-0.035642475,-0.06471079,0.091368064,-0.08183585,0.10534445,-0.25114554,-0.06437382,-0.06801863,-0.053988088,0.1503984,0.059521437,-0.055789508,-0.065919116,0.007208685,-0.11263688,-0.06497961,-0.057094008,-0.067007855,0.08399973,0.02352253,-0.028777722,-0.1112924,-0.04400435,0.12913175,-0.013322074,-0.046162054,-0.05728632,-0.19393267,0.17059126,-0.21640953,-0.05290065,-0.038134933,-0.00553282,0.03299675,-0.010251837,0.03747617,0.020234633,0.07314813,0.08318577,-0.14611429,-0.0042539705,0.0013705654,-0.1496342,0.13659798,0.1345377,0.034477107,-0.05888373,0.11942577,0.08536467,0.04840639,-0.021642841,-0.06428461,-0.042182595,0.06972656,0.13705896,-0.056169096,-0.04920834,0.030545458,-0.102977045,0.03509928,0.05907561,-0.019510802,0.1557599,0.055109177,-0.11595321,0.04149694,0.03652676,0.10016449,-0.02664893,0.032981794,0.023324832,0.021830289,0.10145775,0.08873395,0.015460554,0.08801908,0.14158009,-0.054258764,0.069799505,0.010354192,-0.062654816,-0.11673382,0.09574387,0.010802113,0.09812475,-0.2002596,-0.014116219,-0.0779094
lay,-0.037177503,0.02319045,-0.058588825,0.11269003,0.109014325,-0.042648964,0.11011722,0.22473487,-0.07040494,0.11248738,-0.13064781,-0.02897652,0.03469359,0.03597343,-0.03800291,-0.10101908,0.0027950872,0.11237427,-0.027998889,-0.20853174,0.09524423,-0.14222172,0.06497934,-0.11705239,-0.08827808,-0.028669935,-0.069176055,-0.11288932,-0.15979959,0.060239233,0.0794176,-0.018254938,0.0064974343,-0.011081047,-0.042215418,0.112702794,0.023007762,-0.083618045,-0.02290137,-0.050771,-0.08993704,-0.008041294,-0.100934714,0.017318837,0.14646482,-0.05897056,-0.03927367,-0.09950298,0.125645,0.08324352,0.051974308,-0.03636588,-0.03306559,-0.076644845,0.019170517,0.020615205,-0.054643173,-0.13148057,-0.16656956,-0.05537976,-0.05576428,-0.08391436,0.023873273,-0.100832395,-0.21992137,-0.0054789665,0.06761085,0.17431033,-0.22770953,0.14928038,-0.025120119,0.08662829,0.095131874,0.009019866,0.044340894,-0.011427399,0.15149432,-0.11727245,-0.16797566,0.02052665,-0.1027502,-0.05151044,-0.13940106,0.2778113,-0.1527675,-0.022557108,-0.06003173,0.074927434,0.1117743,-0.020140124,0.14047664,0.149169,0.13820966,0.11561256,0.22068986,0.11327659,0.008400985,-0.017528152,0.09163841,0.024586558,-0.09305251,0.19384794,0.10203109,-0.07998083,0.008836065,-0.20596498,0.087402545,0.16096075,-0.117850095,-0.17920467,0.028721623,-0.20325233,-0.047669582,-0.0686456,0.11299193,-0.08206761,0.12648031,-0.21955158,-0.077734,-0.047023952,-0.035541933,0.11343465,0.058944467,-0.04275184,-0.098164685,-0.011263819,-0.090901725,-0.08857273,-0.07803385,-0.06592378,0.1371025,0.0023010771,-0.029585995,-0.16091852,-0.059974518,0.1075159,-0.007995622,-0.017565869,-0.058983304,-0.22461991,0.18464126,-0.189753,-0.033275075,-0.047047522,0.010990483,0.073204495,-0.021885835,0.031925056,-0.005929685,0.06002059,0.095579125,-0.1357889,0.009156221,0.0023283362,-0.17592184,0.14107028,0.086675175,0.06266131,-0.1185728,0.114749156,0.070160165,0.05747402,-0.06219,-0.08351313,-0.025999794,0.1154186,0.17872453,-0.07009276,-0.01921219,0.01836226,-0.13921022,0.033023283,0.0673013,0.00900049,0.17858079,0.102050826,-0.15832058,0.067277856,0.042806573,0.08442912,0.0007054948,0.06220964,0.03131068,0.031251207,0.10779289,0.10661197,0.023231434,0.099847205,0.17948991,-0.055075873,0.0768303,0.032636765,-0.10428611,-0.16333333,0.12995394,0.0008644933,0.11010114,-0.21733746,-0.032639798,-0.109005705
castle,-0.022208342,0.0131867975,-0.055940412,0.121431604,0.09965202,-0.05653555,0.107690625,0.2063987,-0.06380162,0.10032806,-0.11143837,-0.038429745,0.030025436,0.035192985,-0.036855932,-0.0842103,0.007535272,0.099966355,-0.027299907,-0.18455452,0.081534386,-0.124419704,0.059069745,-0.0896236,-0.060418613,-0.028676346,-0.06979512,-0.08896958,-0.15744416,0.05896135,0.07004197,-0.0077685104,0.011920789,-0.0031093943,-0.046769787,0.11349205,0.030231733,-0.071583,-0.01813311,-0.051898614,-0.08208068,-0.0052616345,-0.08004244,0.011915031,0.14228961,-0.052749287,-0.03941683,-0.106453426,0.117654994,0.075477876,0.055114754,-0.04484735,-0.026005473,-0.07324394,0.019983882,0.01969825,-0.055242825,-0.13382664,-0.16077626,-0.040546343,-0.05572208,-0.08527625,0.022138668,-0.083290525,-0.20155038,-0.0048151654,0.06519268,0.14815603,-0.21011561,0.12925473,-0.026409172,0.06828216,0.09219371,0.011743666,0.041936215,-0.0002684318,0.1288508,-0.11227251,-0.1480312,0.020600967,-0.087431215,-0.03908195,-0.12174232,0.2620683,-0.14445823,-0.026286853,-0.06646868,0.07305966,0.09965721,-0.021831684,0.13044147,0.1290834,0.12619501,0.105438046,0.20002013,0.103820264,0.0026333411,-0.018229412,0.09051089,0.020934511,-0.09730465,0.17206328,0.089195244,-0.07166106,0.010758786,-0.17755628,0.08146269,0.14633022,-0.10626812,-0.16053781,0.027703157,-0.18282881,-0.050428428,-0.053477805,0.10573376,-0.0682883,0.119670786,-0.20503359,-0.065953724,-0.051930986,-0.0441808,0.1126455,0.057313904,-0.035488013,-0.08560606,-0.004524369,-0.093730435,-0.08059523,-0.070116974,-0.060285583,0.11767481,0.01795337,-0.029746568,-0.13775422,-0.053066276,0.102539316,-0.02343653,-0.020428203,-0.052940812,-0.20600761,0.17870814,-0.18107654,-0.037913725,-0.047428958,0.00620178,0.055476412,-0.0190973,0.042646125,0.013990176,0.06552057,0.09035267,-0.13075827,-0.0049505793,0.0008381707,-0.16113034,0.13815263,0.09169706,0.047454797,-0.09994252,0.112706356,0.068371914,0.046686493,-0.048297897,-0.06568826,-0.02648312,0.09631516,0.16093144,-0.061238587,-0.03057873,0.0152707705,-0.12427525,0.039660215,0.064957544,-0.0055808597,0.16446011,0.08129636,-0.13459776,0.056663867,0.04122963,0.07742163,-0.008325796,0.05248359,0.033487692,0.027047332,0.101644896,0.093646675,0.030931056,0.095193766,0.16228811,-0.06047523,0.07113511,0.019815946,-0.08264226,-0.14194328,0.11792534,-0.0010294036,0.10354091,-0.21680133,-0.02148202,-0.0903888
left,-0.023832897,0.009667502,-0.05780069,0.12686439,0.10429436,-0.06652485,0.10755795,0.2230255,-0.057147507,0.10648111,-0.12562215,-0.04759887,0.027182322,0.035405904,-0.04940235,-0.0927995,0.0013566624,0.09752533,-0.020831054,-0.18784758,0.08412093,-0.1331585,0.05504452,-0.091804214,-0.069658555,-0.031439677,-0.07866016,-0.09522826,-0.16161819,0.065285094,0.083118394,-0.011241199,0.010486364,-0.005382144,-0.047266323,0.11419675,0.026288116,-0.07048193,-0.016075524,-0.055568296,-0.087783776,-0.012298532,-0.07708673,0.015387882,0.14618823,-0.053311195,-0.044916432,-0.11278274,0.12063622,0.08008488,0.053300686,-0.043583415,-0.030724632,-0.07510119,0.015198735,0.021758618,-0.05999092,-0.14321642,-0.17309378,-0.05645285,-0.060436495,-0.0816333,0.025521526,-0.0857518,-0.20695703,0.0029053553,0.06949561,0.15859233,-0.21403828,0.13738966,-0.032824676,0.062056817,0.091743045,0.013285125,0.044077933,-0.0054254327,0.14289793,-0.10746621,-0.15908636,0.01692987,-0.08723771,-0.03682343,-0.120050654,0.26171532,-0.15596029,-0.03152842,-0.06346668,0.073858224,0.10048947,-0.014449106,0.14653465,0.13409886,0.1187497,0.10674117,0.20601924,0.11452694,0.010057693,-0.010528318,0.0889111,0.031646553,-0.10415658,0.17914316,0.09855102,-0.07326891,0.006839116,-0.18487403,0.09040428,0.15604703,-0.1041763,-0.16865544,0.02838732,-0.1929446,-0.046218254,-0.060705002,0.11435284,-0.074040644,0.11390654,-0.22081476,-0.07296773,-0.048187576,-0.043791384,0.11629204,0.06424312,-0.041018955,-0.0857061,-0.0028388223,-0.09507189,-0.08276927,-0.07283487,-0.061287697,0.12041243,0.011370124,-0.035339925,-0.14151108,-0.059924755,0.10836107,-0.014960721,-0.027578633,-0.06066909,-0.20872809,0.18523647,-0.18952817,-0.045378517,-0.049168624,0.0075433645,0.06258768,-0.01672912,0.031844728,0.014054918,0.063794866,0.09470742,-0.1371035,0.0003169334,-0.0037773724,-0.1587976,0.13432783,0.097431056,0.04515331,-0.101157375,0.11338377,0.06327578,0.046253532,-0.04866471,-0.07326969,-0.02104078,0.09791281,0.16574349,-0.06636359,-0.031155257,0.017444856,-0.12393092,0.036027268,0.05707286,-0.004170858,0.16646154,0.084051654,-0.13845901,0.055790972,0.041581385,0.08876761,-0.008737918,0.050650444,0.024493378,0.026760357,0.091504075,0.09508946,0.026908781,0.09430787,0.15888774,-0.0540818,0.078285165,0.020780187,-0.08795808,-0.1529285,0.12756056,0.007927092,0.10593112,-0.21026187,-0.026674638,-0.098702095
wood,-0.032410882,0.022058208,-0.063491836,0.121716835,0.09600052,-0.048790198,0.110295616,0.21083066,-0.066522524,0.097925805,-0.12175233,-0.032263644,0.033106107,0.039252415,-0.03655162,-0.09264879,0.0032485512,0.10607468,-0.030316168,-0.19400872,0.091704026,-0.140621,0.055284765,-0.10036487,-0.076638795,-0.035157844,-0.06616095,-0.099956796,-0.15944445,0.058801275,0.07617067,-0.011213752,0.004542476,-0.003124882,-0.050350215,0.11107271,0.014642453,-0.07645029,-0.017363764,-0.049934056,-0.09563613,0.0009935854,-0.0830185,0.022077532,0.14046535,-0.06349866,-0.048399024,-0.107951276,0.123262815,0.076982155,0.053607818,-0.04135979,-0.020769332,-0.07717169,0.013378487,0.023831272,-0.0612575,-0.14104512,-0.16579589,-0.051023792,-0.062455773,-0.07976163,0.025195714,-0.095695145,-0.20909232,-0.002276703,0.06673714,0.15844406,-0.22058213,0.13317204,-0.024411377,0.06999146,0.09429132,0.008367237,0.03997477,0.0045522545,0.13805132,-0.11035523,-0.15125184,0.022745525,-0.08436709,-0.046441622,-0.12356383,0.26826835,-0.15347986,-0.023980726,-0.05389262,0.07329264,0.11126767,-0.009642968,0.13525967,0.13240208,0.12451363,0.10212924,0.20649788,0.11341424,0.0011321339,-0.014056125,0.090861574,0.021973629,-0.09817524,0.18082093,0.099454656,-0.073589094,0.003490343,-0.19586249,0.09268972,0.15706356,-0.11412057,-0.16322203,0.025087664,-0.196427,-0.05534017,-0.054588392,0.11311369,-0.07367745,0.12115843,-0.20438851,-0.072809316,-0.04480867,-0.04475272,0.10878142,0.0626496,-0.044272844,-0.08509548,-0.007794696,-0.09697865,-0.077836104,-0.08232268,-0.06079097,0.12962104,0.012707084,-0.03550789,-0.14650565,-0.056024544,0.11194297,-0.021631012,-0.021840556,-0.058281418,-0.21921365,0.19220534,-0.19244228,-0.036990784,-0.051665723,0.012104362,0.07584353,-0.020151563,0.032166574,0.0049482537,0.060987853,0.10021448,-0.1354101,-0.0027288862,0.005620027,-0.1741396,0.14205916,0.096244305,0.049748134,-0.11375393,0.11534327,0.067674905,0.060825605,-0.06064601,-0.08321908,-0.023916155,0.111370385,0.17749222,-0.06578651,-0.02947806,0.01947601,-0.13419694,0.03587268,0.07092014,0.0010374011,0.16878247,0.09189565,-0.14684393,0.060167603,0.038207516,0.07781114,-0.0011646871,0.055207152,0.029979337,0.025627412,0.10025033,0.09803327,0.028172074,0.10472825,0.17097792,-0.05560506,0.07810592,0.03335561,-0.09261419,-0.15602201,0.12323133,0.000288207,0.111794494,-0.21912165,-0.027465886,-0.10363556
through,-0.043087058,0.030553712,-0.064318225,0.11100956,0.08887231,-0.041175213,0.11520644,0.21380472,-0.05957772,0.11056778,-0.1215617,-0.024408715,0.023497695,0.026493004,-0.03579699,-0.0991043,0.0031988253,0.110311486,-0.029728742,-0.19959742,0.10210897,-0.14878744,0.060610924,-0.108928144,-0.08776512,-0.038390517,-0.06895418,-0.114861906,-0.17375,0.05462029,0.07062406,-0.006327391,-0.0071459077,-0.0066252877,-0.04240901,0.101992875,0.015155305,-0.08403632,-0.019861095,-0.048872337,-0.09647268,0.0015276936,-0.09924142,0.014554478,0.15177432,-0.06439189,-0.048781957,-0.0962799,0.13072395,0.0855652,0.054557353,-0.03502462,-0.030534295,-0.06894451,0.024450067,0.017496524,-0.06392266,-0.14439964,-0.16369177,-0.05698229,-0.061187953,-0.09221137,0.019081786,-0.10757736,-0.21632473,-0.007670917,0.06764216,0.16409814,-0.24188717,0.14588428,-0.02119114,0.08461266,0.09716576,0.013569229,0.039908286,-0.0029446674,0.15195103,-0.1163349,-0.14533818,0.015595984,-0.08887337,-0.044395626,-0.12339465,0.27400553,-0.1493951,-0.025319934,-0.059355088,0.06879757,0.12050715,-0.010366349,0.13265075,0.13997017,0.13681674,0.10107325,0.20765723,0.105403796,-0.0014565716,-0.021573205,0.09495555,0.016719084,-0.09091609,0.18796185,0.09985108,-0.08795289,0.01753219,-0.20033215,0.08134551,0.17047071,-0.11523255,-0.1671757,0.028017508,-0.20946044,-0.052374482,-0.06004022,0.12131684,-0.06805482,0.122662365,-0.20567028,-0.07561279,-0.03908439,-0.03901682,0.104275614,0.067590065,-0.042908162,-0.10421364,-0.01495945,-0.10199647,-0.101586156,-0.07869845,-0.06560685,0.14200689,0.015083903,-0.03697936,-0.15540414,-0.066860124,0.10602886,-0.016945576,-0.007728836,-0.058494326,-0.23346949,0.2014021,-0.19199014,-0.034006592,-0.055137474,0.01657464,0.079168625,-0.025408529,0.044803303,0.0047094654,0.060743686,0.10525546,-0.13867879,0.0013659038,0.002756685,-0.1820603,0.15165664,0.09444444,0.047873985,-0.12889162,0.116972476,0.0676339,0.054568,-0.06778832,-0.08145851,-0.016353436,0.11887996,0.18585305,-0.07614631,-0.022732144,0.009360637,-0.14634201,0.04097337,0.069989465,0.0009483564,0.18221903,0.0975476,-0.15536475,0.06887896,0.038303968,0.07697634,0.0010108589,0.06330998,0.036840618,0.026919799,0.10769396,0.10900625,0.03520514,0.1100635,0.18092704,-0.05733684,0.092664845,0.030161055,-0.10608921,-0.17084135,0.14743185,0.007721864,0.106206045,-0.23228544,-0.025949415,-0.11382373
stood,-0.031142276,0.018941607,-0.05973797,0.11919047,0.10503163,-0.048100527,0.12097425,0.21520615,-0.059931006,0.10662829,-0.12005132,-0.04103607,0.029481597,0.03284487,-0.03766597,-0.0954935,0.0047278195,0.10387291,-0.026747612,-0.20014487,0.087911434,-0.1485543,0.061977785,-0.10633182,-0.07825784,-0.038827196,-0.07240536,-0.10130507,-0.17465018,0.06537846,0.073444694,-0.0146938795,0.0068753394,-0.005394229,-0.04792336,0.11511105,0.0222097,-0.07724804,-0.018919576,-0.061436914,-0.09197509,-0.006206425,-0.09097429,0.01960384,0.14857627,-0.061915934,-0.053016074,-0.10357853,0.117236346,0.08131199,0.052674714,-0.038839567,-0.03294055,-0.071604334,0.025507724,0.017198779,-0.06004218,-0.14033344,-0.1739258,-0.05862907,-0.068652235,-0.09621917,0.02263031,-0.10316674,-0.21588922,-0.007914354,0.060184553,0.15978009,-0.23759066,0.13625348,-0.020479763,0.08516125,0.09578543,0.016916657,0.048449714,-0.011171099,0.15025295,-0.11867418,-0.15243337,0.023049014,-0.09274505,-0.04298366,-0.13196073,0.27420038,-0.15788738,-0.02379339,-0.054063734,0.07547275,0.10580808,-0.01742137,0.13981944,0.14409369,0.1294023,0.10594666,0.2159711,0.11904298,0.005363387,-0.024226636,0.089178815,0.02129901,-0.09532284,0.17863451,0.09553066,-0.08041033,0.012487727,-0.19373038,0.08707832,0.16505194,-0.11255837,-0.16859478,0.030041428,-0.20011099,-0.049473513,-0.06364313,0.11924279,-0.079860955,0.12054471,-0.21766369,-0.07853332,-0.04463132,-0.039185464,0.12183194,0.06779226,-0.04283053,-0.10210828,-0.012773556,-0.10275217,-0.093478546,-0.08357767,-0.070519246,0.13567093,0.012297087,-0.035886586,-0.15881388,-0.057129797,0.10171009,-0.027256465,-0.02371238,-0.055404622,-0.22412208,0.19143815,-0.1968188,-0.035030995,-0.055164777,0.009558429,0.069584236,-0.024275057,0.034015566,0.0023832521,0.057606183,0.103005685,-0.1420861,-0.002658064,-0.004342479,-0.18131576,0.13824004,0.10086431,0.05821533,-0.10624504,0.1252595,0.071344554,0.055183135,-0.055518225,-0.08356925,-0.027077632,0.11414241,0.17392273,-0.07431211,-0.025029145,0.010178765,-0.13843474,0.04445978,0.065724246,0.0011207267,0.18006933,0.1003768,-0.14913982,0.0699191,0.03937363,0.084713474,0.006203009,0.0595757,0.032294013,0.02296913,0.10404441,0.108002596,0.030734684,0.10247064,0.1724375,-0.065152004,0.08403734,0.02088357,-0.09637606,-0.16194737,0.14038707,0.0075382697,0.10445347,-0.2311328,-0.02210009,-0.102714024
any,0.023322495,-0.04965287,-0.07678976,0.19961157,0.19157787,-0.13113832,0.12744725,0.27599734,-0.09079013,0.10967759,-0.1339324,-0.0899101,0.03653769,0.08399665,-0.08641133,-0.05210768,-0.00016885657,0.058203958,0.0037230582,-0.18452545,0.042332817,-0.08465393,0.05279029,-0.08651401,-0.013377861,-0.020900698,-0.10179104,-0.05722607,-0.14957395,0.09680615,0.11509067,-0.042995557,0.06674628,0.019534219,-0.06367737,0.17958824,0.07422055,-0.06285672,-0.040596858,-0.104759336,-0.07521335,-0.038664576,-0.039851647,0.01146691,0.1984058,-0.02210327,-0.052462105,-0.1872713,0.10366409,0.07601127,0.07642805,-0.075610176,-0.06462586,-0.1024319,0.005079197,0.030348368,-0.07555937,-0.18396574,-0.2077943,-0.04759915,-0.109444074,-0.090472244,0.031732373,-0.07217683,-0.27154353,0.016108988,0.072812036,0.18237185,-0.20057526,0.14655414,-0.097728185,0.027047712,0.083576806,0.048545487,0.0916337,-0.019453734,0.13103561,-0.10878123,-0.2341315,0.0032515673,-0.08828237,-0.020127734,-0.14655823,0.3183565,-0.19807117,-0.027259644,-0.10985108,0.096411325,0.061294604,-0.07355922,0.20130207,0.12525731,0.11598072,0.1302687,0.22969827,0.13640577,0.024786051,0.009003918,0.08129609,0.079103686,-0.14817668,0.19562972,0.075935416,-0.047589958,-0.028857257,-0.15872045,0.10973539,0.15193062,-0.12547712,-0.21441314,0.005117899,-0.17565235,-0.031112678,-0.062323846,0.0910237,-0.096878834,0.10849844,-0.29819712,-0.08037042,-0.09593766,-0.062421277,0.1863355,0.06969008,-0.05305639,-0.06545247,0.00573981,-0.114051744,-0.057016235,-0.042838708,-0.077006124,0.05456847,0.029900204,-0.025968697,-0.08927913,-0.03958378,0.14879297,-0.00812982,-0.05621209,-0.07551921,-0.18623357,0.14779484,-0.22920598,-0.07398868,-0.025656655,-0.0176586,0.006046945,-0.011246961,0.037837256,0.033818655,0.08118089,0.0714146,-0.15535888,0.0005215799,-0.018632194,-0.1465589,0.122965656,0.1696916,0.030455623,-0.014510266,0.118325755,0.0814996,0.044213682,-0.0071633174,-0.060050804,-0.05588013,0.04173439,0.10614101,-0.04059069,-0.07265187,0.030709287,-0.08697705,0.03356247,0.058105808,-0.032196324,0.14326373,0.03334497,-0.09423147,0.029732743,0.027050875,0.1042925,-0.03637496,0.031083532,0.025136935,0.008541329,0.10207251,0.09383639,0.0020991988,0.09179322,0.14617115,-0.055955153,0.0639572,0.006801369,-0.063692845,-0.097232066,0.09489022,0.0070821177,0.093243256,-0.20391627,0.0042716963,-0.053655576
make,0.031944938,-0.05238964,-0.0819116,0.20576786,0.18672855,-0.12987651,0.10775263,0.26993355,-0.08823531,0.096900605,-0.14285436,-0.09168314,0.036126208,0.07738536,-0.08471158,-0.04042066,0.004339752,0.05006483,0.0015791708,-0.17827003,0.03976805,-0.07783332,0.046053044,-0.072606236,-0.0017957458,-0.012607669,-0.106149904,-0.050726913,-0.13470328,0.09398113,0.114110164,-0.047979113,0.07116405,0.021611597,-0.06148514,0.17561482,0.07302219,-0.05377219,-0.03891426,-0.091172755,-0.07214013,-0.033029128,-0.037038527,0.010722882,0.18467262,-0.017553674,-0.04322224,-0.18175532,0.09333683,0.074982695,0.07392095,-0.07449624,-0.067365795,-0.096505925,-0.0054815896,0.03601943,-0.08227375,-0.17427674,-0.20381476,-0.044435177,-0.098043084,-0.076793656,0.028299,-0.069737874,-0.25445372,0.018224902,0.07651502,0.16592953,-0.1783565,0.14030813,-0.102804296,0.012758219,0.07686959,0.037518725,0.08084472,-0.016742723,0.11716554,-0.09696843,-0.23355502,-0.0005684891,-0.07292136,-0.0075808424,-0.13473773,0.30166832,-0.18589506,-0.02817802,-0.117429905,0.09578372,0.06034481,-0.07074482,0.19758125,0.12591262,0.10752472,0.1227889,0.20738702,0.121224076,0.033196054,0.006491012,0.07156322,0.080781385,-0.15331471,0.18773507,0.06926559,-0.044566344,-0.04197496,-0.15234217,0.10411269,0.14235707,-0.12669699,-0.19555783,-0.000560765,-0.15800358,-0.02919864,-0.05408807,0.08136495,-0.09036448,0.10512908,-0.28687036,-0.06512264,-0.085990764,-0.0638704,0.16674338,0.07021519,-0.06048669,-0.05758284,0.014560836,-0.10231095,-0.05010235,-0.043704383,-0.07493823,0.05129003,0.029399069,-0.023605708,-0.0799351,-0.0316836,0.15237959,-0.001722648,-0.054588243,-0.061604008,-0.1777087,0.14037806,-0.230207,-0.066367224,-0.027528374,-0.013642242,0.0037391272,-0.014706281,0.025797287,0.032243036,0.0787021,0.07073242,-0.14375624,-0.0026580384,-0.016980022,-0.1451507,0.12206825,0.16280766,0.02299581,-0.022915458,0.11689808,0.07551936,0.040882174,-0.0013747709,-0.052366987,-0.057843387,0.03847047,0.099324085,-0.033784155,-0.07866495,0.031560205,-0.086356,0.02656755,0.054323833,-0.033187788,0.13363196,0.030688861,-0.092766054,0.025470627,0.023922607,0.1073191,-0.04102759,0.031892724,0.022464762,0.0137033025,0.08963209,0.07959584,0.0031506503,0.09119085,0.12924065,-0.043378558,0.047730375,0.018466923,-0.05574456,-0.091561764,0.07488182,0.001372935,0.090549536,-0.18995412,-0.00554055,-0.05721549
cut,-0.02904283,0.018102571,-0.061942153,0.12414721,0.09754376,-0.06320909,0.100070074,0.22446142,-0.05879668,0.09731884,-0.13006379,-0.038636066,0.025213445,0.037486907,-0.039213736,-0.10334113,0.008286074,0.10186194,-0.023825401,-0.18845242,0.10256667,-0.13540037,0.050590932,-0.08812994,-0.07370756,-0.030261727,-0.07922704,-0.10075802,-0.15564764,0.05495206,0.07804583,-0.016846534,-0.00024682892,-0.009073389,-0.042291634,0.10456452,0.024138153,-0.07195814,-0.021875476,-0.051925015,-0.08927134,-0.0033322899,-0.07994995,0.012379063,0.14384854,-0.057697494,-0.0373809,-0.10448928,0.12379558,0.08468527,0.04975766,-0.051182453,-0.018803582,-0.07762651,0.0074591506,0.021642016,-0.058515202,-0.14620113,-0.17175378,-0.054668725,-0.04763308,-0.07517994,0.018608343,-0.09575473,-0.20257783,0.0073077166,0.08106568,0.159827,-0.2081037,0.1458459,-0.03210254,0.065250374,0.1017767,0.008659177,0.04710344,0.0042085047,0.15040374,-0.105638444,-0.16114084,0.012850046,-0.095611036,-0.037586875,-0.13213499,0.26311937,-0.14743987,-0.034536675,-0.06275793,0.06565648,0.108058274,-0.005240921,0.13786513,0.13801506,0.12855236,0.10474921,0.21098177,0.10136891,0.0038572901,-0.0016659073,0.09309024,0.027902095,-0.093029834,0.19077499,0.10362484,-0.08069846,-0.0012044962,-0.18539502,0.08422046,0.15532379,-0.11525648,-0.17164989,0.032963272,-0.19948603,-0.04017159,-0.05896436,0.11164919,-0.07908052,0.124205776,-0.22429022,-0.06608095,-0.041322917,-0.049503528,0.11045198,0.056117225,-0.042961903,-0.08838409,-0.009769585,-0.09147791,-0.0804845,-0.07439043,-0.06862725,0.13208893,0.006932766,-0.032529034,-0.14273632,-0.05422593,0.11346013,-0.01637581,-0.027690215,-0.05395065,-0.22241744,0.18096074,-0.18817884,-0.045562975,-0.05844825,0.0045169382,0.0699769,-0.026764015,0.02521224,0.0031302928,0.060616236,0.099722914,-0.12901364,0.007511079,-0.0019085557,-0.16021109,0.13933034,0.09480123,0.052267738,-0.10718992,0.11144718,0.06382925,0.052193895,-0.056354392,-0.07393711,-0.016331056,0.10382419,0.1741645,-0.076941766,-0.028146582,0.011528075,-0.13212201,0.041040394,0.0651515,0.0033125752,0.16808516,0.08688195,-0.14745629,0.06637947,0.051646315,0.08948335,-0.002476046,0.050427362,0.031429566,0.031659823,0.08976549,0.09667148,0.022198766,0.1084522,0.1659537,-0.046002492,0.08027647,0.03385953,-0.09641798,-0.15418123,0.1275218,0.0033725211,0.11192699,-0.21068683,-0.028751507,-0.09808673
children,0.0012492358,-0.01611599,-0.07454841,0.16962,0.15156339,-0.09482494,0.113303065,0.25512344,-0.07585365,0.11562905,-0.13684408,-0.07323867,0.027184825,0.06369111,-0.06051594,-0.081025705,3.4410426e-05,0.09283781,-0.019111639,-0.20242637,0.07729812,-0.12560402,0.05277206,-0.0957569,-0.043528255,-0.02758787,-0.09736604,-0.08466323,-0.1685242,0.07674144,0.09855527,-0.029289015,0.030972125,0.0071904794,-0.055304553,0.14378533,0.044736575,-0.07658906,-0.032003064,-0.07238879,-0.0910006,-0.015011188,-0.065761834,0.009242263,0.18417747,-0.040798645,-0.047730964,-0.14807907,0.12604345,0.080222294,0.06652339,-0.06258631,-0.051670417,-0.09134352,0.014721396,0.022069145,-0.07064276,-0.16645256,-0.18949348,-0.051437162,-0.090662345,-0.08575937,0.02791066,-0.08828327,-0.25199,0.006803224,0.07652962,0.17550384,-0.22466636,0.14354588,-0.06792862,0.051486097,0.09194224,0.026405789,0.06070571,-0.0086808335,0.14263648,-0.11173298,-0.19860329,0.009790763,-0.09059505,-0.0346768,-0.13504066,0.30889076,-0.1781439,-0.023412872,-0.09196351,0.085956365,0.08881412,-0.040447485,0.1691933,0.13865632,0.11714651,0.12315691,0.22371444,0.12957588,0.020347327,0.0017596277,0.088998035,0.050951354,-0.13362128,0.19883493,0.09191153,-0.06879852,-0.015769377,-0.18261343,0.10126839,0.16423665,-0.1208965,-0.19352071,0.012083568,-0.18598829,-0.036890004,-0.06708629,0.1169309,-0.08919093,0.12171428,-0.26518527,-0.079895906,-0.06131694,-0.059857793,0.15726523,0.07109427,-0.049814176,-0.08536345,0.0037567439,-0.10837158,-0.08214642,-0.0631911,-0.06703963,0.09837664,0.020714592,-0.032226674,-0.12338939,-0.04804969,0.13497011,-0.007441428,-0.043592233,-0.06348343,-0.2167759,0.17913768,-0.22605015,-0.061838325,-0.043302078,0.0014522709,0.044509027,-0.021123903,0.039919693,0.019597445,0.07787984,0.09358243,-0.14261763,0.0002152162,-0.0056118118,-0.1630134,0.1404161,0.13236144,0.04097603,-0.07251262,0.12010788,0.082204126,0.058358066,-0.03345321,-0.07620847,-0.036858898,0.07881557,0.14815839,-0.06647012,-0.04939044,0.02824197,-0.12239276,0.041094508,0.05984952,-0.021881294,0.16620219,0.06512803,-0.13132182,0.048695713,0.038186714,0.10681008,-0.0257251,0.0416747,0.026296625,0.020916523,0.10378721,0.09304411,0.021285655,0.1005611,0.16260794,-0.06286429,0.07741844,0.021038918,-0.075786225,-0.13352919,0.11702522,0.008988205,0.10164614,-0.22360691,-0.023086429,-0.08314462
us,0.038276955,-0.054776467,-0.08478029,0.22012475,0.19915684,-0.14997487,0.12989837,0.31086537,-0.104289785,0.11803647,-0.15459162,-0.10973659,0.03196705,0.088877894,-0.09306824,-0.047597457,0.006456468,0.064377286,0.0040011853,-0.20000844,0.054743648,-0.09190701,0.062490895,-0.09176329,-0.020289479,-0.015433354,-0.12147916,-0.068615854,-0.14891595,0.10047159,0.124874696,-0.038615014,0.070126735,0.01807098,-0.07180003,0.19610369,0.08394663,-0.06194368,-0.03919098,-0.09459468,-0.0757565,-0.037824813,-0.045319736,0.016252095,0.21513373,-0.019056378,-0.047297344,-0.20527445,0.11643223,0.09001138,0.07373755,-0.08652694,-0.069610305,-0.11300123,-0.0070798346,0.0392462,-0.08938245,-0.19587214,-0.22576232,-0.048163228,-0.10154471,-0.08871066,0.033341203,-0.08163916,-0.2848473,0.027833298,0.08083406,0.18442231,-0.20543222,0.15811992,-0.10928259,0.024881948,0.08503984,0.040510584,0.10091979,-0.008643542,0.13882148,-0.12193793,-0.26058087,0.0051058223,-0.08567227,-0.01861861,-0.15632938,0.35238573,-0.2114495,-0.032680728,-0.13052016,0.10904751,0.07579712,-0.07394881,0.21152301,0.13734992,0.1180133,0.1300496,0.24604425,0.13511889,0.020719882,0.017018465,0.087105855,0.08646709,-0.16778262,0.21572748,0.09365261,-0.049335442,-0.041525222,-0.18330587,0.12039556,0.16795023,-0.13761121,-0.22579114,0.008979885,-0.18212652,-0.022616394,-0.06971229,0.09094,-0.097028755,0.12054385,-0.32516608,-0.0803593,-0.10234534,-0.06989409,0.19346258,0.070029266,-0.069727,-0.07052883,0.011021782,-0.122468434,-0.049053635,-0.047872085,-0.07822262,0.05524966,0.0294705,-0.022444662,-0.095719576,-0.04361611,0.15607022,0.0074221822,-0.07022326,-0.079564415,-0.21171531,0.15175961,-0.25385204,-0.081590794,-0.030663164,-0.01746336,0.009735141,-0.014427084,0.031519026,0.03642742,0.08516369,0.07930919,-0.16117994,-0.007048041,-0.018903041,-0.15562724,0.13647725,0.17543904,0.031096237,-0.027350409,0.1270443,0.07912691,0.04010299,-0.0012783648,-0.06792695,-0.05269503,0.057501342,0.11688056,-0.046944518,-0.08106712,0.04482264,-0.102658145,0.03577358,0.06362989,-0.035293944,0.15736523,0.041672688,-0.10465903,0.02192457,0.034771614,0.122252055,-0.051191203,0.039323844,0.026005693,0.02441479,0.09338871,0.10003103,0.011603982,0.1051451,0.15985404,-0.048035398,0.04845131,0.017734107,-0.0703969,-0.10993373,0.08521446,0.0045783897,0.10210912,-0.21352722,-0.0009721085,-0.07234502
each,-0.02209361,0.0065685594,-0.06520993,0.12999204,0.12090124,-0.0635191,0.114748426,0.23574357,-0.06656295,0.100712314,-0.13017172,-0.05065294,0.0364091,0.05425657,-0.05448506,-0.08865982,0.013664741,0.09559253,-0.027690401,-0.193459,0.0910409,-0.13148482,0.056037847,-0.10823097,-0.062470257,-0.03738166,-0.08097446,-0.096344665,-0.1705601,0.06980108,0.08048114,-0.019733252,0.015473906,0.0074441773,-0.050297458,0.1248905,0.024707355,-0.06874391,-0.025962401,-0.0622495,-0.086359724,0.00047116348,-0.0904603,0.025213296,0.16220267,-0.050354782,-0.050809458,-0.11667571,0.1205174,0.07676667,0.053134684,-0.054414794,-0.025765311,-0.078236006,0.0061812894,0.0171891,-0.06879125,-0.14878802,-0.18563144,-0.0563537,-0.06280288,-0.08796034,0.024071498,-0.099539265,-0.23088983,0.00015158033,0.07381252,0.17684302,-0.23035109,0.151574,-0.030876292,0.07328158,0.10076428,0.014498904,0.061042912,-0.009675274,0.14385368,-0.118587226,-0.17737037,0.021255339,-0.10021609,-0.034551986,-0.13882722,0.29502302,-0.16845663,-0.017630426,-0.06426282,0.07158437,0.106323466,-0.02083874,0.15374152,0.13579278,0.13872792,0.11250869,0.2202409,0.12790501,-0.00550476,-0.009008894,0.084931396,0.038638003,-0.106810525,0.1937465,0.10407432,-0.070827365,0.0012561424,-0.19356677,0.08987478,0.15829991,-0.11677002,-0.18268646,0.019407457,-0.20112152,-0.042580258,-0.07109028,0.11779492,-0.07724698,0.12451663,-0.22493279,-0.069513865,-0.056296863,-0.04561915,0.13585813,0.057210654,-0.04236884,-0.08653773,-0.012002419,-0.103689425,-0.08739545,-0.06996482,-0.06498992,0.12980655,0.010333877,-0.03377636,-0.13612658,-0.054821543,0.1164716,-0.008771011,-0.027703281,-0.053333737,-0.21192761,0.18012461,-0.19634512,-0.049708504,-0.053504985,0.0018299526,0.06738225,-0.021684635,0.0379776,0.014698833,0.07211367,0.09624237,-0.1481655,0.00034255013,-0.011032819,-0.17234895,0.13372572,0.11268184,0.04656749,-0.099424876,0.121834345,0.073985845,0.051154852,-0.038072694,-0.08422915,-0.031862136,0.096052416,0.15618393,-0.076771855,-0.034052502,0.013799219,-0.13087857,0.040668324,0.07906572,-0.0038776854,0.16023922,0.08684073,-0.13908893,0.053589247,0.04843414,0.08521042,-0.011967419,0.048520345,0.040941574,0.026946196,0.10785775,0.10321751,0.026799316,0.10523018,0.17161287,-0.06264862,0.08180121,0.025046041,-0.091588624,-0.15381545,0.12285618,0.0057767755,0.09880227,-0.21803385,-0.03313588,-0.098669484
queen,-0.010483618,0.007512332,-0.05629749,0.12534688,0.11811126,-0.06595537,0.10355226,0.21981625,-0.0606451,0.108250536,-0.123244144,-0.055167794,0.027547855,0.04202963,-0.05113793,-0.083339036,0.0020996383,0.09625194,-0.020163149,-0.1827377,0.086032555,-0.118978076,0.051429532,-0.08406965,-0.053999983,-0.036275826,-0.07762339,-0.08337925,-0.16056137,0.07179273,0.08224205,-0.007284602,0.017435243,0.0022325418,-0.046328023,0.12033932,0.026785873,-0.069651194,-0.01764523,-0.060084503,-0.07965649,-0.011895367,-0.08146398,0.020169146,0.15006159,-0.047148064,-0.04935779,-0.12636319,0.11848235,0.074569985,0.062490344,-0.0456214,-0.034277145,-0.08450757,0.019620044,0.020623902,-0.065990604,-0.15008703,-0.16842604,-0.04696501,-0.070188306,-0.08601106,0.0181501,-0.086088754,-0.22153135,-0.0003929487,0.06676827,0.16166236,-0.22067411,0.13902095,-0.04526255,0.055268455,0.08586706,0.014751579,0.042215444,-0.007418436,0.14156744,-0.10675983,-0.15846984,0.010838791,-0.08385338,-0.030456899,-0.11995954,0.27012438,-0.15598968,-0.020151515,-0.071331896,0.07294898,0.10371163,-0.028855605,0.13753979,0.13347524,0.12333721,0.104398586,0.20219487,0.11025311,0.011693355,-0.0028157725,0.08139463,0.034346953,-0.10992327,0.18486927,0.08600975,-0.07350112,-0.0032913357,-0.17033343,0.08632995,0.15748662,-0.1054089,-0.17455569,0.020957697,-0.1878284,-0.046370402,-0.060871694,0.11026561,-0.07009113,0.12155488,-0.22317007,-0.07240075,-0.048429035,-0.04653064,0.12415267,0.05942459,-0.05093096,-0.075407006,-0.0032289736,-0.10891683,-0.0817585,-0.07144275,-0.059842236,0.11278949,0.012636115,-0.036055267,-0.13614255,-0.05117868,0.11849859,-0.024637679,-0.0316344,-0.04862275,-0.20631981,0.18069634,-0.1960599,-0.0436874,-0.045368638,0.011175606,0.05404304,-0.026098154,0.039132506,0.014283443,0.0676397,0.091919735,-0.14061435,-0.0087912325,0.0018233603,-0.16642445,0.137503,0.1130003,0.048023436,-0.08839086,0.11270041,0.07306334,0.048679966,-0.04272514,-0.064838216,-0.034567118,0.089679845,0.16531725,-0.059885472,-0.029608143,0.023837008,-0.12984724,0.041943762,0.059045926,-0.0057048984,0.16786896,0.07472125,-0.13145874,0.05714757,0.040435746,0.086534776,-0.008865715,0.043082394,0.038130056,0.016094327,0.100984596,0.09212338,0.022042643,0.09362074,0.15316091,-0.061418574,0.0732613,0.022072652,-0.07685063,-0.14739825,0.12035811,0.012973609,0.0961145,-0.21907213,-0.025278473,-0.089076534
young,-0.017853087,0.0059198276,-0.06531175,0.14274834,0.12670675,-0.068606734,0.11737502,0.23519157,-0.059387933,0.11127327,-0.119918935,-0.05298589,0.028237889,0.05162466,-0.048845895,-0.08961003,0.0017293616,0.09237476,-0.023092411,-0.202203,0.07746891,-0.13087699,0.06400584,-0.09793738,-0.06411626,-0.039819542,-0.082771234,-0.091164045,-0.17031246,0.075309016,0.07768048,-0.009539704,0.014724505,-0.002924355,-0.050982796,0.12990178,0.028793719,-0.07602428,-0.0219996,-0.06509259,-0.091821805,-0.019327821,-0.088317096,0.013229152,0.16685091,-0.046618186,-0.05057835,-0.13059743,0.13047582,0.08005276,0.054660916,-0.038127072,-0.046985842,-0.08449046,0.019718828,0.018951057,-0.06517745,-0.16463573,-0.18505153,-0.051773995,-0.08207193,-0.08904212,0.02447309,-0.095750794,-0.23540653,0.0058194078,0.06627461,0.17061861,-0.23147784,0.14525758,-0.04281429,0.068938285,0.09448795,0.01672092,0.048675917,-0.0069460357,0.15262662,-0.119365014,-0.17815253,0.0092544975,-0.09326648,-0.032416288,-0.12925297,0.29451156,-0.17451492,-0.025265785,-0.08055214,0.08344578,0.10027843,-0.032554545,0.14715248,0.13823374,0.13112283,0.12100379,0.22160146,0.12379508,0.016100965,-0.006344966,0.093137845,0.035954062,-0.1191969,0.19639142,0.08908419,-0.082032256,-0.0042049126,-0.19281133,0.09229057,0.17202312,-0.11349499,-0.18443154,0.016356817,-0.20113057,-0.051603418,-0.058547594,0.11806147,-0.0762581,0.13082452,-0.23808469,-0.06806902,-0.060463037,-0.04671292,0.12889402,0.06984254,-0.04423962,-0.088234186,-0.0017925478,-0.11139713,-0.07916853,-0.07891294,-0.07055734,0.117554046,0.019711645,-0.035609037,-0.13996351,-0.06348793,0.12629242,-0.016038455,-0.029104702,-0.06257287,-0.22863436,0.19684628,-0.21603203,-0.050558694,-0.045129016,0.003195582,0.053451896,-0.026700055,0.0381188,0.0108115,0.06606717,0.10408593,-0.14942287,-0.003627418,-0.002433549,-0.17804806,0.15000813,0.123810425,0.04286044,-0.08514044,0.11518148,0.07534997,0.05997295,-0.05263668,-0.06864973,-0.035317283,0.10007232,0.16944286,-0.05864409,-0.03621056,0.0199852,-0.1269117,0.03441173,0.069887005,-0.009884085,0.18105257,0.07635482,-0.14183393,0.06016029,0.035582095,0.09037866,-0.014601467,0.04733283,0.040289935,0.020318989,0.10921963,0.10077241,0.027669132,0.10221529,0.1712972,-0.065903686,0.08277957,0.021693781,-0.08609635,-0.15498751,0.13384637,0.008654473,0.10501906,-0.23604661,-0.01502287,-0.09477774
find,0.03233625,-0.054011002,-0.085592054,0.20188925,0.187711,-0.13845979,0.110482074,0.26827195,-0.087409995,0.10692178,-0.13255668,-0.09507866,0.03130026,0.07735587,-0.094577216,-0.041197583,-0.0060479776,0.035793155,0.0060446667,-0.17177838,0.036341347,-0.071090676,0.0461411,-0.08520796,-0.0006795849,-0.01821047,-0.11108997,-0.051859237,-0.12756768,0.10460458,0.11383061,-0.051437438,0.0767033,0.029028486,-0.06417836,0.1770846,0.076686405,-0.048863947,-0.036854565,-0.10116904,-0.05962241,-0.04444174,-0.03571934,0.0026454655,0.18964528,-0.01883979,-0.052559674,-0.18961021,0.09224981,0.06928667,0.08347366,-0.0740237,-0.06989314,-0.09472837,-0.002459364,0.037167788,-0.08247082,-0.17189926,-0.21479753,-0.037653748,-0.11038627,-0.080884166,0.028904855,-0.07298327,-0.25600544,0.02346782,0.07146664,0.1725575,-0.18746771,0.13611418,-0.102852955,0.010348121,0.07121185,0.034755345,0.08484559,-0.019565092,0.11229919,-0.103858285,-0.23244937,0.00557955,-0.079242624,-0.010688542,-0.13634002,0.30088177,-0.18769863,-0.032279957,-0.12308883,0.096402094,0.051004414,-0.07688159,0.19777937,0.118274994,0.10254325,0.11855785,0.21666682,0.124569304,0.03661594,0.012709513,0.074069306,0.08565946,-0.15546995,0.19024535,0.073551655,-0.045791645,-0.03651859,-0.14748447,0.10155281,0.14653784,-0.12128607,-0.20110312,0.003844703,-0.16030902,-0.029486107,-0.059605118,0.08472368,-0.0972276,0.09948306,-0.29758906,-0.07550749,-0.09529391,-0.066118784,0.17475936,0.0707391,-0.051036187,-0.06080526,0.0066515133,-0.101884946,-0.0444478,-0.029669203,-0.070939325,0.04514466,0.033757962,-0.017912505,-0.0629458,-0.03557601,0.14901218,0.0012023565,-0.059860814,-0.06257486,-0.18286175,0.1351214,-0.22816874,-0.066472806,-0.021846326,-0.021434056,0.00015867503,-0.0037973379,0.023710206,0.033790074,0.07755441,0.07026817,-0.14457276,-0.004915428,-0.016290583,-0.13610251,0.11469376,0.16416706,0.020541403,-0.006099824,0.11170155,0.07774985,0.033921804,0.007229553,-0.05097431,-0.050098445,0.03235772,0.09053,-0.034030467,-0.08731034,0.03618476,-0.07471752,0.029428236,0.05138281,-0.040159665,0.1421783,0.02214826,-0.082812704,0.025318207,0.023171706,0.10656441,-0.04372808,0.034824394,0.018447222,0.020231271,0.08460671,0.08721422,-0.0003995652,0.089284524,0.12951517,-0.043897696,0.049554665,0.014808463,-0.052158996,-0.089380845,0.07773656,0.011019923,0.085191354,-0.18235298,0.0044306978,-0.04787385
such,0.013493559,-0.019484485,-0.066697866,0.15306607,0.14010258,-0.09576922,0.11620757,0.22655888,-0.074482955,0.094165884,-0.11900872,-0.072722435,0.037129518,0.054805927,-0.06931859,-0.058485914,0.0051502725,0.0629906,-0.0059997705,-0.17356923,0.0509952,-0.093151025,0.05154481,-0.089386836,-0.021010421,-0.022940394,-0.08342,-0.07949781,-0.14215063,0.069792755,0.08415361,-0.026980182,0.041109256,0.023533335,-0.051089063,0.13583896,0.048674546,-0.0603658,-0.023534903,-0.07134518,-0.073185585,-0.022446308,-0.05404635,0.0053732027,0.15970087,-0.0334613,-0.044816967,-0.14404532,0.099955626,0.07353197,0.062162507,-0.056225132,-0.04868641,-0.07692264,0.017256783,0.028024595,-0.0624365,-0.14048344,-0.16988531,-0.047693104,-0.08044586,-0.0930106,0.025543729,-0.07958518,-0.2255135,0.0072387913,0.06065373,0.14749363,-0.18942548,0.12954324,-0.061022807,0.036997583,0.079433866,0.030004466,0.06064774,-0.021281298,0.12509675,-0.0981598,-0.18815526,0.010363326,-0.088994436,-0.020388195,-0.122248255,0.27917853,-0.16751032,-0.025692618,-0.0762136,0.07925195,0.074246906,-0.04685132,0.16275492,0.12400365,0.10802615,0.11466372,0.20232071,0.111546636,0.02968726,0.0072790664,0.08048711,0.040702574,-0.12357314,0.174351,0.06777619,-0.049861908,-0.0037246933,-0.15604718,0.08337593,0.15204659,-0.11205984,-0.16906306,0.0040759873,-0.1627347,-0.036345575,-0.05711202,0.08336746,-0.07429789,0.10550407,-0.23901889,-0.06806115,-0.061129197,-0.058762174,0.1423506,0.063759744,-0.04957582,-0.07662997,0.0040771402,-0.10069044,-0.053198695,-0.059299923,-0.06869677,0.07568562,0.030243957,-0.024245888,-0.10607739,-0.04258946,0.11967962,-0.020549696,-0.042123884,-0.063958034,-0.18370162,0.14840996,-0.19120455,-0.04947495,-0.032998536,-0.012819688,0.03605961,-0.01222611,0.032599,0.016000915,0.07081554,0.079811834,-0.13933645,-0.006365983,-0.0044173123,-0.15312861,0.12282409,0.12199302,0.043048535,-0.04529382,0.10946537,0.078127034,0.038104743,-0.018882269,-0.05620009,-0.037086647,0.06603744,0.12925655,-0.053235322,-0.049359906,0.019462598,-0.10207866,0.03699226,0.04950495,-0.016420543,0.1460893,0.059419032,-0.10643329,0.044654585,0.02539766,0.09616317,-0.018522069,0.03180168,0.027217496,0.024443436,0.09767065,0.09967235,0.022952657,0.08107449,0.14125094,-0.055130243,0.058828246,0.01753482,-0.06553818,-0.11273037,0.10052888,0.008413805,0.08496898,-0.19513474,-0.008599556,-0.06583968
going,0.021370126,-0.018870197,-0.07916698,0.18183593,0.15798701,-0.10944246,0.11078789,0.253091,-0.0807348,0.10756439,-0.12805909,-0.07740026,0.034622874,0.07574226,-0.07480644,-0.057918638,-0.00027197017,0.06462743,-0.013548193,-0.17889577,0.053613774,-0.099330224,0.057880346,-0.08349298,-0.025169952,-0.015068032,-0.099645,-0.071909,-0.14884348,0.07894031,0.10633308,-0.0328371,0.05104745,0.014519575,-0.055866692,0.14374173,0.064356044,-0.059236147,-0.036114443,-0.08176848,-0.07594508,-0.024506187,-0.05502991,0.0063414597,0.17976448,-0.030334393,-0.05394449,-0.15812026,0.11828168,0.08239972,0.0689902,-0.055781405,-0.06125087,-0.08948442,0.011759979,0.034496844,-0.077741615,-0.15770024,-0.19256178,-0.04807136,-0.0937816,-0.09071462,0.024418881,-0.079455845,-0.23726979,0.018898048,0.0754599,0.17086385,-0.20084125,0.14708862,-0.071586564,0.027793953,0.07423635,0.03082861,0.06560554,-0.014676613,0.12940918,-0.10147015,-0.20246875,0.008634505,-0.07996593,-0.027373448,-0.13493122,0.29059616,-0.1679507,-0.025903568,-0.09840648,0.08382947,0.07783634,-0.050710484,0.1781698,0.12855099,0.1077545,0.109402165,0.2065022,0.120567344,0.019714205,0.007343002,0.0789232,0.053809494,-0.13565333,0.18166013,0.08858684,-0.05425226,-0.019867197,-0.16298726,0.09962148,0.15248613,-0.108129434,-0.19097923,0.013540624,-0.17102307,-0.03154632,-0.05960355,0.09957232,-0.07884723,0.10537289,-0.25948906,-0.06720084,-0.0745525,-0.05864833,0.15954201,0.06681674,-0.05271591,-0.071435004,0.00065241306,-0.10388952,-0.06683606,-0.05586649,-0.06693224,0.07515048,0.035651684,-0.030579664,-0.10459834,-0.043646734,0.14086659,-0.0031134803,-0.05071201,-0.06040085,-0.1920379,0.15815565,-0.2181061,-0.056909822,-0.034827113,-0.008830863,0.02063098,-0.009677694,0.036096063,0.013344187,0.07358005,0.075156055,-0.14332086,-0.004759144,-0.0025867454,-0.14630538,0.12781641,0.13850182,0.039554697,-0.04408418,0.10929818,0.07814054,0.045384683,-0.021952093,-0.06949684,-0.0445866,0.059372257,0.13039587,-0.05813475,-0.0540548,0.033977445,-0.103168845,0.041832328,0.054487754,-0.025200909,0.14754856,0.05738726,-0.11119457,0.037584152,0.03144188,0.10224795,-0.031084249,0.03560216,0.025548248,0.014505049,0.098086104,0.099089846,0.017421199,0.09102273,0.14038733,-0.055404734,0.064780354,0.020477602,-0.06819146,-0.11605641,0.09519301,0.014562256,0.09664551,-0.19658037,-0.01089528,-0.07877606
bed,-0.027608447,0.023294857,-0.068353586,0.11113847,0.10158114,-0.053506196,0.11166427,0.208687,-0.0658927,0.09931807,-0.12232891,-0.04106094,0.026561338,0.033143524,-0.03633919,-0.09788151,0.013138448,0.111883834,-0.034622144,-0.19524147,0.102406055,-0.14964269,0.055305675,-0.09740807,-0.08588289,-0.043195095,-0.066086784,-0.10211722,-0.16787833,0.05399022,0.07706221,-0.0070047723,0.0017528491,-0.012687788,-0.044514906,0.10595438,0.013157679,-0.07981109,-0.018760655,-0.053017396,-0.08774908,-0.0071757548,-0.092726,0.025248947,0.14204136,-0.054638088,-0.036564767,-0.10739081,0.13026354,0.08053734,0.053084232,-0.041038536,-0.025318742,-0.07274693,0.014597211,0.016896017,-0.06269507,-0.14757682,-0.17271861,-0.056694135,-0.06072807,-0.07996104,0.027746575,-0.09661545,-0.19961382,-0.0070574195,0.07399127,0.16643953,-0.22187023,0.13187835,-0.022456413,0.07793864,0.09573413,0.01179879,0.050482064,-0.0037739968,0.14648569,-0.112388946,-0.15335582,0.020037023,-0.08750385,-0.04427031,-0.13041337,0.2676229,-0.148245,-0.03307034,-0.06420489,0.07007235,0.114916764,-0.013104773,0.13797155,0.14578697,0.12745926,0.10739028,0.21031111,0.114751406,0.0015564836,-0.013916068,0.086094394,0.017916275,-0.097503774,0.18067893,0.09978744,-0.07643571,0.0020083743,-0.18920769,0.09044065,0.15882401,-0.10756053,-0.17179698,0.034738652,-0.1962062,-0.049399156,-0.061895926,0.11822233,-0.07505911,0.12263252,-0.20983863,-0.068030864,-0.039424095,-0.038475353,0.11386338,0.06549702,-0.0471679,-0.08882452,-0.011106289,-0.09520854,-0.088214666,-0.07762788,-0.06478151,0.1321376,0.012131996,-0.03773986,-0.15717515,-0.05673145,0.10731787,-0.025467446,-0.021519285,-0.06152911,-0.22260877,0.19031277,-0.18933198,-0.03485797,-0.0502403,0.012389142,0.07599163,-0.020263443,0.02949843,0.008564862,0.06485281,0.10364732,-0.13336447,-0.0034664434,-0.0045863637,-0.1653877,0.14660156,0.09044324,0.046468206,-0.12018684,0.11034124,0.061259836,0.05053959,-0.05928651,-0.079048365,-0.023217088,0.104918994,0.1789468,-0.06835548,-0.02476325,0.012933646,-0.138463,0.033888344,0.0668146,0.003193699,0.172224,0.089725114,-0.14688493,0.0668827,0.046936333,0.080108725,-0.005817511,0.048899263,0.035448287,0.025198372,0.102425314,0.089939825,0.031355347,0.107313596,0.1715423,-0.052954167,0.078384094,0.034009892,-0.093987085,-0.15828748,0.1307068,0.0028258602,0.10748696,-0.21361907,-0.030433793,-0.10759159
hand,-0.034275007,0.015893703,-0.052782863,0.11161529,0.09947056,-0.05043458,0.10616764,0.20271221,-0.065117024,0.0916038,-0.12470869,-0.028783258,0.028520957,0.032149922,-0.02621714,-0.09984505,0.00286979,0.10560328,-0.027571889,-0.18517585,0.09785156,-0.13514198,0.058130506,-0.09084035,-0.07398131,-0.03467953,-0.065140694,-0.098899014,-0.15973817,0.055356845,0.0766356,-0.01654595,-0.0049691093,-0.008019314,-0.039383247,0.10061298,0.011259663,-0.06864043,-0.011838793,-0.04791508,-0.09014216,0.0002925918,-0.08828062,0.023601746,0.13293278,-0.05182852,-0.038061664,-0.09806228,0.11142528,0.07819178,0.055860057,-0.047413062,-0.018325616,-0.0719151,0.0075742356,0.021068087,-0.054377746,-0.13219483,-0.16604947,-0.052234843,-0.058826514,-0.08332062,0.020186326,-0.09227206,-0.19237599,0.0030776393,0.07721075,0.16066553,-0.21284442,0.1258755,-0.023588365,0.070003994,0.09626481,0.010089409,0.040172897,0.001600565,0.14390387,-0.10258089,-0.15043949,0.022614826,-0.08333344,-0.045082536,-0.12687929,0.26106495,-0.14210561,-0.03094537,-0.058061656,0.06401774,0.100563064,-0.010471996,0.13776088,0.1287227,0.12951587,0.096743695,0.20431632,0.10771824,-0.00072241604,-0.018701665,0.08940334,0.020046826,-0.091031894,0.17352866,0.103591114,-0.070414364,0.0013977874,-0.18425775,0.08091275,0.15145174,-0.11222163,-0.15838575,0.02728832,-0.19414845,-0.043333992,-0.05775489,0.11467781,-0.065204,0.11546427,-0.20550852,-0.07171792,-0.041890904,-0.032610364,0.11197278,0.060548782,-0.03712643,-0.09263016,-0.0019966292,-0.087581575,-0.08029955,-0.0721077,-0.0573187,0.12479376,0.008693768,-0.033078693,-0.14003211,-0.0540867,0.10120134,-0.020695118,-0.017179292,-0.060117625,-0.21617608,0.18062457,-0.1770562,-0.036437523,-0.041644584,0.0021424142,0.068194635,-0.024141153,0.03305614,0.011534251,0.060586724,0.095243275,-0.13007358,-0.0019621898,-0.011143416,-0.15580241,0.12885106,0.092869006,0.04249283,-0.116106726,0.10518809,0.058870763,0.055287734,-0.049221136,-0.080767065,-0.01604151,0.1050409,0.16948576,-0.06517707,-0.02340915,0.016529696,-0.12415502,0.032830946,0.058674626,0.003463479,0.1566125,0.09126323,-0.13971233,0.056538556,0.04445288,0.07376674,-0.008831454,0.053517874,0.028540554,0.027431302,0.098377496,0.08382242,0.02549147,0.100902274,0.1613869,-0.053594727,0.066904955,0.023980863,-0.0878597,-0.1545748,0.11647522,0.0033340266,0.095429756,-0.20775126,-0.03462384,-0.09500361
bring,0.03212759,-0.04728191,-0.072021306,0.19769114,0.17242984,-0.13408974,0.10920451,0.2650662,-0.092267014,0.10086198,-0.14081863,-0.09458422,0.03640068,0.083812825,-0.084106125,-0.04266978,-0.0034550088,0.053550214,0.0035052758,-0.16524036,0.03820699,-0.06838216,0.039059974,-0.07598287,-0.0038286583,-0.014983482,-0.11269288,-0.046687275,-0.12741134,0.09793801,0.10871259,-0.042818937,0.068000734,0.02499939,-0.06374412,0.16422902,0.07507219,-0.052370436,-0.03634559,-0.09085439,-0.05975175,-0.03660399,-0.031577803,0.01349861,0.17877586,-0.022136377,-0.03896532,-0.18635741,0.088261046,0.071607985,0.07692737,-0.076713115,-0.060335256,-0.10038501,0.0032371425,0.038274225,-0.074330725,-0.1625817,-0.19717465,-0.046497297,-0.09662604,-0.077548616,0.02808021,-0.06767484,-0.24280515,0.018836008,0.08389414,0.15890618,-0.17685604,0.13473414,-0.09694043,0.011578729,0.06775002,0.029874668,0.08751269,-0.012472216,0.1115606,-0.09994639,-0.21866944,0.0030829634,-0.06856474,-0.0033709002,-0.13023326,0.29726362,-0.17632057,-0.02967893,-0.11676709,0.093023956,0.06002204,-0.06747124,0.19735995,0.112805046,0.09247978,0.11622654,0.19738121,0.11987847,0.03168224,0.01616219,0.079240926,0.0783139,-0.1457492,0.19131412,0.077539265,-0.03690771,-0.037208144,-0.14404306,0.0989919,0.14153725,-0.11929458,-0.19863446,0.0017445274,-0.15532556,-0.026902441,-0.05384772,0.08300165,-0.08622091,0.09660761,-0.28193125,-0.07358588,-0.09002713,-0.057297245,0.15980941,0.06723839,-0.0514642,-0.06173392,0.013252952,-0.100165226,-0.050422505,-0.031397883,-0.063739054,0.0408936,0.027662382,-0.022897452,-0.06508316,-0.034548152,0.14971784,0.00064046984,-0.057336144,-0.06431672,-0.17501272,0.13098437,-0.21973203,-0.07189196,-0.021918165,-0.021114765,0.008316652,-0.013905159,0.03234261,0.027695311,0.074623235,0.06089448,-0.14657247,-0.0071889595,-0.010287909,-0.14078888,0.12266509,0.15984817,0.021589551,-0.020268148,0.10736325,0.07027095,0.03593608,-0.0007507379,-0.04969213,-0.05160673,0.041359216,0.0996162,-0.03686273,-0.077277094,0.036873367,-0.08635342,0.02620688,0.043805357,-0.030540278,0.13700053,0.031641364,-0.09304899,0.024789693,0.027262367,0.112436295,-0.035312146,0.030560402,0.015724668,0.01292176,0.09064898,0.07816387,0.0018336253,0.08643523,0.1182918,-0.046729505,0.048530303,0.019175941,-0.058490977,-0.09187553,0.07494124,0.006420066,0.07827853,-0.17608145,-0.0011418497,-0.05258633
heart,-0.005519852,0.0013852933,-0.05786203,0.1266582,0.11977943,-0.07307467,0.103207916,0.20768654,-0.05721541,0.10189912,-0.11412867,-0.053489335,0.022796992,0.050965514,-0.050567705,-0.07799125,0.0019026954,0.07695862,-0.020418063,-0.16646251,0.07354397,-0.1110965,0.050094526,-0.07828766,-0.050915588,-0.032587267,-0.07853049,-0.086853296,-0.14184943,0.06216031,0.07858396,-0.01750423,0.013295273,0.0017970686,-0.05049943,0.11709841,0.02795281,-0.061159614,-0.02024231,-0.05620567,-0.06871608,-0.014952217,-0.074783824,0.016518604,0.14112124,-0.03560859,-0.044926245,-0.124709494,0.110256486,0.07405257,0.051013425,-0.049180232,-0.033911552,-0.07690885,0.011063687,0.021349315,-0.05350569,-0.13969843,-0.17208861,-0.05459375,-0.06430142,-0.080122665,0.028063305,-0.0808279,-0.20257759,0.004448982,0.06663463,0.15191144,-0.19719754,0.121580124,-0.04150837,0.053117957,0.07921015,0.021776058,0.055691585,-0.01073483,0.13303699,-0.09923621,-0.15986055,0.009668034,-0.07465585,-0.03837549,-0.12367461,0.25738972,-0.15214573,-0.029955471,-0.079885386,0.066459276,0.08788346,-0.023179324,0.14098145,0.12220893,0.11112351,0.093962215,0.19341363,0.10740141,0.01619361,-0.006430331,0.074831985,0.040451225,-0.102252625,0.1717097,0.09086165,-0.0699061,0.0028758335,-0.17103364,0.08028312,0.14599717,-0.104535975,-0.16354673,0.0135035645,-0.17796525,-0.0313799,-0.051070195,0.10113084,-0.07200727,0.107437074,-0.21656318,-0.06001353,-0.050731767,-0.0399506,0.1262736,0.06334636,-0.05180806,-0.08263093,0.0016792001,-0.0951887,-0.069084555,-0.057243813,-0.06316667,0.09163629,0.020954052,-0.025012976,-0.12361664,-0.05178017,0.10556757,-0.016255258,-0.027963914,-0.05889919,-0.19145468,0.15834902,-0.18991508,-0.04442559,-0.0379701,-0.0029363793,0.04695918,-0.010850304,0.028815344,0.015398976,0.06068301,0.08289448,-0.12384196,-0.00019020266,-0.007947859,-0.14239524,0.12509823,0.11171063,0.033888415,-0.07364819,0.10140908,0.06779465,0.047101453,-0.037149165,-0.065775156,-0.02623572,0.08310704,0.14436655,-0.055827923,-0.035136748,0.026120052,-0.10768198,0.037917137,0.05190252,-0.0073855426,0.14587423,0.06587838,-0.123558946,0.05055661,0.036705796,0.08301043,-0.015253919,0.038868047,0.02767831,0.015697591,0.08396939,0.08935801,0.025359187,0.09555144,0.14769876,-0.05459459,0.06483642,0.016134007,-0.071281865,-0.12886491,0.1048243,0.002088842,0.09472978,-0.19897375,-0.011682216,-0.083011754
another,-0.023120513,0.005403073,-0.06917379,0.14332514,0.12766168,-0.0687333,0.11420828,0.24741785,-0.072729446,0.11182245,-0.13012406,-0.052324586,0.026649332,0.047419455,-0.04862449,-0.089552514,0.0012365568,0.09663555,-0.030214027,-0.1955946,0.0896691,-0.1384599,0.0564045,-0.10636574,-0.06283003,-0.035928,-0.082361005,-0.09642922,-0.17130879,0.07082029,0.08030168,-0.013441024,0.013825138,0.00431842,-0.055336412,0.13843454,0.031824533,-0.06993331,-0.022597345,-0.06765195,-0.09408484,-0.014002743,-0.08188908,0.011005194,0.15922326,-0.05044267,-0.04682546,-0.12919639,0.12678793,0.083840065,0.06404052,-0.054618075,-0.038018633,-0.0890467,0.016231753,0.024719141,-0.06645125,-0.15793808,-0.18331635,-0.062188856,-0.080716774,-0.08828036,0.022770915,-0.10163726,-0.23044218,-0.00022106356,0.07296129,0.17382011,-0.23156373,0.14336656,-0.043377794,0.070460334,0.099049635,0.02320716,0.056991782,-0.0063444907,0.14810792,-0.124058716,-0.17953151,0.019634437,-0.09231434,-0.0337148,-0.13922264,0.30503193,-0.176558,-0.024860907,-0.078678496,0.082969554,0.10205691,-0.024969982,0.16039121,0.14691584,0.13291843,0.11884745,0.23245937,0.13028434,0.010873511,-0.012933133,0.09244705,0.042046975,-0.11704206,0.18809216,0.09937165,-0.07056828,-0.0034538268,-0.19592597,0.09699498,0.1598066,-0.115773514,-0.19431648,0.030955607,-0.2041627,-0.043984663,-0.059854206,0.11261769,-0.07953244,0.12934272,-0.24532603,-0.07713986,-0.05532266,-0.04789051,0.13419883,0.06443655,-0.042002633,-0.08837128,-0.0029188294,-0.10689704,-0.07632498,-0.07809148,-0.07578707,0.115614854,0.012722832,-0.03821936,-0.14290145,-0.06237203,0.12650397,-0.008127356,-0.027427768,-0.060586978,-0.22143188,0.18479939,-0.21522161,-0.05397881,-0.0439343,0.0039431253,0.0582169,-0.022461336,0.03833317,0.017873151,0.0751435,0.10278132,-0.14727151,-0.002750864,-0.003542078,-0.18008079,0.14339413,0.11641352,0.053559616,-0.10063369,0.13080177,0.07106177,0.060730234,-0.043664813,-0.08795508,-0.02999445,0.09462252,0.17315185,-0.068286404,-0.037919626,0.021884546,-0.13442881,0.03567789,0.07645971,-0.006202898,0.18116768,0.089980796,-0.14733009,0.05556101,0.038610768,0.096680865,-0.014954614,0.05006694,0.034242146,0.02825101,0.100221165,0.103817984,0.025436312,0.10277242,0.18053104,-0.062690966,0.07993855,0.023299478,-0.092108846,-0.15309317,0.12651862,0.00967146,0.10882606,-0.23527713,-0.018537926,-0.10520695
every,-0.01297718,0.009681768,-0.067930534,0.14145923,0.12516071,-0.06271715,0.12854476,0.24496888,-0.077605225,0.113946855,-0.12695184,-0.05574694,0.027347963,0.051822055,-0.049516417,-0.09340349,0.0054801344,0.10598113,-0.027261479,-0.2042193,0.0873126,-0.13908173,0.070674226,-0.106904075,-0.06366754,-0.029787948,-0.08638983,-0.10672536,-0.17375173,0.073235124,0.08735624,-0.007278012,0.019313123,0.0033745933,-0.049468525,0.13726436,0.029128678,-0.07949806,-0.028119558,-0.06936138,-0.103694946,-0.0047826758,-0.083287,0.01211865,0.17180236,-0.052784707,-0.05433029,-0.1304969,0.1371374,0.08715015,0.056924563,-0.0489958,-0.03409002,-0.088858455,0.014481313,0.022320759,-0.0597744,-0.1707008,-0.1934431,-0.06465936,-0.07709466,-0.09157345,0.021268463,-0.09880408,-0.25537044,-0.0038833302,0.07140974,0.1728359,-0.24228069,0.14809938,-0.03674427,0.07198726,0.10598542,0.025444245,0.055261567,-0.018733552,0.15858072,-0.1191975,-0.18216443,0.018680522,-0.09603473,-0.038546167,-0.13647445,0.3027071,-0.1898773,-0.017016573,-0.0753145,0.082007684,0.110533,-0.02320233,0.16149512,0.15355651,0.14162128,0.12273148,0.23515402,0.1271901,0.0077600908,-0.017226338,0.09777956,0.04402223,-0.113626234,0.19130522,0.0969889,-0.06917696,0.0046942006,-0.19523911,0.09968713,0.17739658,-0.12624311,-0.19847697,0.030211352,-0.21240208,-0.05567393,-0.065146536,0.12599999,-0.08374068,0.14083493,-0.2537553,-0.073698476,-0.053514354,-0.046031106,0.14280227,0.06870594,-0.052868072,-0.093596265,-0.006276812,-0.111650445,-0.08988679,-0.07813893,-0.07784366,0.11951078,0.0200656,-0.045769844,-0.15243828,-0.06370406,0.121552795,-0.014223034,-0.025628215,-0.06608251,-0.24214762,0.20210399,-0.22499125,-0.057900425,-0.053869456,0.013773494,0.06318742,-0.025990985,0.03693005,0.022462938,0.0742501,0.10920368,-0.1497843,0.0037832884,-0.0014727035,-0.18173285,0.15027437,0.1236527,0.05646717,-0.10023,0.13844183,0.077435285,0.0629863,-0.056501813,-0.08452523,-0.040675875,0.10598193,0.17471452,-0.07053642,-0.032761,0.019053683,-0.14152,0.036857,0.074541435,-0.009501679,0.18935344,0.086259514,-0.15318018,0.06276716,0.04583742,0.09627833,0.001987101,0.060096465,0.032180086,0.017076084,0.10934855,0.10466041,0.028329212,0.09868507,0.18113954,-0.06415643,0.088409744,0.012918821,-0.08354927,-0.1614488,0.13502118,0.011698296,0.11141247,-0.24343503,-0.020319901,-0.114125334
behind,-0.022461478,0.014828014,-0.06648228,0.1214626,0.10373643,-0.05233679,0.107312426,0.219437,-0.06395315,0.10047887,-0.12620753,-0.036005266,0.024742076,0.042523693,-0.03718132,-0.09966357,0.0044618193,0.11220177,-0.03199878,-0.19775552,0.09556439,-0.13705538,0.05421944,-0.096887566,-0.06764159,-0.034667067,-0.07631906,-0.105359696,-0.16861814,0.05562803,0.07822329,-0.010942298,0.0050211335,-0.009846983,-0.044372473,0.11002112,0.015076645,-0.073590495,-0.01832473,-0.05344228,-0.08657026,-0.002575163,-0.092844,0.012887921,0.15322295,-0.061966103,-0.046266563,-0.106983714,0.12685926,0.0845083,0.052586526,-0.041422587,-0.03392598,-0.08092076,0.020837557,0.011337807,-0.06598668,-0.1496553,-0.16309027,-0.05642394,-0.058794405,-0.086933605,0.018449457,-0.093289606,-0.22069554,0.0015804543,0.07508917,0.16081607,-0.22528197,0.13815822,-0.025165435,0.070416376,0.09476223,0.009662588,0.041767836,-0.0011951849,0.14681707,-0.118932344,-0.15092461,0.015608623,-0.08974734,-0.043975838,-0.12375303,0.2747471,-0.1532515,-0.028702661,-0.06290549,0.07192833,0.10489509,-0.01765567,0.13376847,0.13631105,0.12323881,0.10074162,0.21283819,0.11119787,9.6206175e-05,-0.015759533,0.088784054,0.029488722,-0.094107926,0.18411209,0.1017463,-0.07773206,0.00529152,-0.18716784,0.08618306,0.16121165,-0.11057005,-0.16823512,0.024391932,-0.20338966,-0.053240202,-0.057518218,0.117831506,-0.073774375,0.12651256,-0.21441211,-0.068513334,-0.04607312,-0.043011136,0.115932055,0.061333995,-0.036689553,-0.085974775,-0.01027312,-0.09156173,-0.092944026,-0.078340635,-0.06838089,0.12469993,0.012977648,-0.034658235,-0.14933108,-0.06307218,0.11673829,-0.021770814,-0.02226446,-0.059246138,-0.21671146,0.1945741,-0.1984961,-0.037463643,-0.04683286,0.003678646,0.07321263,-0.027754238,0.03352981,0.0041698487,0.06540888,0.105727665,-0.13484901,-0.0030379056,0.0020394656,-0.17376147,0.14262936,0.10498977,0.048338786,-0.11222212,0.12048323,0.06839489,0.058731843,-0.051001623,-0.07873339,-0.026081683,0.10707543,0.17520535,-0.07335275,-0.028836282,0.014414082,-0.14084041,0.040891998,0.06340956,0.001477264,0.16668606,0.09101947,-0.13918592,0.061788388,0.043975286,0.084012,-0.005737248,0.04754184,0.035039257,0.018703049,0.10371117,0.104989275,0.032296043,0.096938334,0.16669284,-0.06122226,0.08375692,0.032621633,-0.097155906,-0.15702969,0.13100249,0.011653949,0.1009822,-0.22138582,-0.03017175,-0.10772325
fast,-0.016665801,0.0029000754,-0.07086448,0.12906112,0.10812554,-0.065260544,0.09738979,0.19995347,-0.054426443,0.10122199,-0.121587284,-0.050808538,0.017750282,0.051849462,-0.052362863,-0.08223493,0.009117796,0.07916588,-0.015262385,-0.1710747,0.08317279,-0.11859696,0.053729914,-0.09385662,-0.05231992,-0.019808404,-0.06552538,-0.09252615,-0.15104058,0.057302784,0.078267224,-0.020348154,0.010490294,0.00057615474,-0.03631554,0.1260871,0.03976205,-0.05663698,-0.033773765,-0.057442125,-0.07777397,-0.01643981,-0.07612209,0.0066717397,0.1437504,-0.048621774,-0.050189275,-0.113234915,0.105467536,0.07029108,0.055560645,-0.04561929,-0.03841535,-0.065257944,0.012443401,0.017067024,-0.059816223,-0.14081867,-0.17396095,-0.058631934,-0.073145,-0.07738796,0.019656722,-0.081364386,-0.2029795,0.0042906245,0.050929487,0.1545415,-0.1992954,0.13064532,-0.037777063,0.060299207,0.08035952,0.019472359,0.046652354,-0.012547283,0.12471734,-0.097757325,-0.15496968,0.01769375,-0.083833925,-0.03426256,-0.12809046,0.26094744,-0.15122627,-0.035659406,-0.06671027,0.07000837,0.087815516,-0.037332006,0.14331035,0.13067153,0.12580678,0.10059378,0.19214883,0.10473225,0.011862566,-0.00030520294,0.07480189,0.034969967,-0.10209568,0.1694732,0.082917206,-0.06910688,0.0004189774,-0.17112291,0.08057957,0.13834292,-0.094535604,-0.17115982,0.014733022,-0.17790504,-0.034934368,-0.056841664,0.09510722,-0.06784319,0.10864911,-0.22031935,-0.066597715,-0.053573374,-0.049817793,0.11857489,0.050260015,-0.04352389,-0.08932118,-0.009633182,-0.08771846,-0.074271634,-0.057848595,-0.068409316,0.09070816,0.02349962,-0.035084497,-0.13017367,-0.060358703,0.11611973,-0.012466183,-0.020822808,-0.050737273,-0.19563794,0.16113783,-0.18483375,-0.043431334,-0.03931783,-0.0029487582,0.04065312,-0.017371075,0.02299871,-0.00024282867,0.053930968,0.089401335,-0.12319569,0.0101837665,-0.005114856,-0.15462166,0.12395077,0.09353239,0.036486015,-0.07357987,0.10762873,0.0646463,0.034216266,-0.04516212,-0.062422756,-0.023228547,0.080895476,0.13754876,-0.06626612,-0.038232863,0.017604133,-0.108508006,0.032518487,0.05862391,-0.004972517,0.15626973,0.06902017,-0.1212259,0.055686273,0.03471818,0.073244505,-0.010115232,0.041250087,0.017281646,0.0140277995,0.0935803,0.094601214,0.025391946,0.09948825,0.14306968,-0.05228502,0.074359275,0.014084335,-0.08998839,-0.13643439,0.110042796,0.020568848,0.08690432,-0.2023683,-0.015874697,-0.08191875
look,0.0067408704,-0.022855353,-0.07102808,0.15967284,0.14848617,-0.098994344,0.10941203,0.24199884,-0.0766573,0.103274815,-0.12301129,-0.0719549,0.030452792,0.05669465,-0.068230316,-0.06669855,-0.0017155964,0.07530951,-0.012145007,-0.17999996,0.0580699,-0.109112084,0.057158727,-0.08756762,-0.041947912,-0.025033012,-0.093830734,-0.082284674,-0.1413857,0.07615352,0.09701818,-0.024554232,0.037247054,0.009906128,-0.059556875,0.14567433,0.047812883,-0.06529321,-0.039093982,-0.074552685,-0.0729696,-0.030840628,-0.057483397,0.019166261,0.17244798,-0.029967925,-0.052953053,-0.14996262,0.10860603,0.075381696,0.061303947,-0.053985458,-0.042108182,-0.08559207,0.004511217,0.023972608,-0.06218962,-0.16102889,-0.18431301,-0.045895975,-0.08678271,-0.0872441,0.031186866,-0.083198205,-0.22090708,0.011058707,0.076335296,0.16521682,-0.19068587,0.12938382,-0.062359888,0.037119713,0.08199848,0.030105054,0.06755996,-0.008935014,0.12863989,-0.10702471,-0.19445199,0.0050313747,-0.08043532,-0.028946675,-0.12343171,0.27947766,-0.16361949,-0.026852844,-0.08872669,0.079113305,0.07782203,-0.04158075,0.16305478,0.13214792,0.11390081,0.11449596,0.19883695,0.11224069,0.013348628,-0.00038844865,0.07863641,0.052050103,-0.12218698,0.17616394,0.08856949,-0.0554322,-0.021268038,-0.16701923,0.09775458,0.13880448,-0.106393665,-0.18913889,0.013575281,-0.16864157,-0.04047782,-0.063049756,0.09215944,-0.088211745,0.108762555,-0.252194,-0.06266423,-0.070333175,-0.0515074,0.14409108,0.06795344,-0.048972417,-0.08156001,0.0028987592,-0.09437672,-0.064277545,-0.05387415,-0.06047292,0.082217544,0.025943289,-0.023805566,-0.10600913,-0.04318167,0.12079403,-0.012293755,-0.0398067,-0.061062913,-0.19825487,0.16058663,-0.21304142,-0.052201033,-0.041678987,-0.005323069,0.031907618,-0.012744284,0.028234586,0.022407917,0.06522895,0.08066039,-0.13764943,0.0036675702,-0.017015325,-0.15419747,0.12287672,0.13035335,0.031058185,-0.05999367,0.10842428,0.068238236,0.045421883,-0.027991476,-0.070869505,-0.034477323,0.06880161,0.12443596,-0.0488059,-0.051239546,0.024760284,-0.10223137,0.029235711,0.05636112,-0.019610176,0.14258926,0.06265614,-0.10912403,0.043431494,0.032962777,0.09661649,-0.025902942,0.035842404,0.020977853,0.01297217,0.08937252,0.08054455,0.0092325015,0.096190974,0.1416961,-0.051284224,0.05635008,0.016924739,-0.07093693,-0.115949355,0.10667944,0.010655389,0.099283256,-0.19724484,-0.011509258,-0.07080567
wolf,-0.010073247,0.00015530773,-0.05864446,0.12516052,0.11760499,-0.069022484,0.1053117,0.21146604,-0.0649498,0.098289,-0.114810474,-0.05130583,0.021543676,0.047416754,-0.053536553,-0.07223143,-0.00022977722,0.08985213,-0.016108327,-0.18429342,0.07758511,-0.11996454,0.047487862,-0.08205929,-0.054163534,-0.029925443,-0.07697999,-0.08593422,-0.14597632,0.06939609,0.08081345,-0.010200494,0.02013502,0.001895702,-0.0479185,0.120738536,0.033463914,-0.065592445,-0.018549249,-0.060048986,-0.07499849,-0.0110524185,-0.06792826,0.012977995,0.15129124,-0.04333696,-0.041848842,-0.123042494,0.1162399,0.07880759,0.06113698,-0.042230133,-0.04110388,-0.073541135,0.012320887,0.019751944,-0.057007667,-0.14923428,-0.16648409,-0.04857753,-0.06606171,-0.083375014,0.018350706,-0.088070154,-0.21691878,0.0028515796,0.07391084,0.1518334,-0.20345394,0.13377643,-0.045497213,0.054038126,0.085301735,0.014790647,0.05319438,-0.010605979,0.12821504,-0.10062543,-0.1638581,0.008041449,-0.07657243,-0.034355745,-0.11480939,0.26387507,-0.14899653,-0.021644358,-0.0728058,0.06878242,0.09602114,-0.023561453,0.1408955,0.12995341,0.11388838,0.09843059,0.19287649,0.10259917,0.008055981,-0.0020167422,0.08623078,0.03407042,-0.10194864,0.17862011,0.083156586,-0.06422726,-0.006143768,-0.17063957,0.086662196,0.14442703,-0.1095874,-0.16558442,0.01583325,-0.17526698,-0.041996043,-0.061447248,0.10527521,-0.07118001,0.113831356,-0.21810363,-0.0714162,-0.051259447,-0.047792975,0.12791549,0.06342458,-0.042536896,-0.0801607,-0.00047671105,-0.09718166,-0.07575916,-0.06763165,-0.06255602,0.096573524,0.015084458,-0.028922891,-0.13001119,-0.055825584,0.11455645,-0.012054374,-0.033481587,-0.055042066,-0.19939066,0.1670077,-0.1936817,-0.044280607,-0.039359722,0.004051432,0.04552506,-0.023628812,0.03532504,0.013313513,0.065727696,0.08973876,-0.13207686,0.0017291766,-0.0037612289,-0.15258004,0.13308744,0.10705024,0.044270914,-0.07925646,0.10689514,0.06738445,0.050215486,-0.038278013,-0.060897645,-0.02845864,0.08439777,0.15164961,-0.057885524,-0.03748532,0.02355731,-0.11290621,0.034295812,0.061071128,-0.005459438,0.15382192,0.07198949,-0.11842519,0.05537373,0.037070457,0.08220802,-0.008639734,0.04681665,0.02587928,0.01765569,0.09367722,0.08712151,0.017061442,0.09564663,0.1544189,-0.054943215,0.07159913,0.025376176,-0.07939349,-0.13268301,0.11731006,0.011497397,0.09370704,-0.2038159,-0.019438773,-0.081786364
fire,-0.020503748,0.0061373087,-0.061377563,0.12731226,0.11414472,-0.059356615,0.11135707,0.21491364,-0.06399814,0.097431734,-0.12079271,-0.036440946,0.031500213,0.039866503,-0.044952795,-0.09166696,0.011486011,0.09957119,-0.03365142,-0.18915772,0.09100634,-0.1341151,0.05681425,-0.09784505,-0.07066786,-0.036427163,-0.0705901,-0.09766344,-0.16275698,0.064761065,0.08641357,-0.009242558,0.010606977,-0.0033808101,-0.049832202,0.11136616,0.023969024,-0.07618672,-0.02492872,-0.058908537,-0.089743584,-0.009647079,-0.08050523,0.017861348,0.15129387,-0.058661018,-0.04596475,-0.108440645,0.114110604,0.08238151,0.057662204,-0.04890835,-0.0365161,-0.07696005,0.009753643,0.02151479,-0.05840685,-0.13914488,-0.17022243,-0.047800265,-0.06497691,-0.08824516,0.028207919,-0.090901226,-0.21578512,-0.0031581225,0.07109091,0.1660469,-0.2200172,0.13809277,-0.031856198,0.070585854,0.09437487,0.017729448,0.04673908,0.00050257257,0.14146277,-0.109287314,-0.16307771,0.017558075,-0.082906164,-0.04212641,-0.12589559,0.2734232,-0.15697026,-0.027087899,-0.063866295,0.07067393,0.09764683,-0.02451176,0.14447242,0.13863538,0.12194677,0.11052584,0.20760982,0.11427139,0.0030528107,-0.013598074,0.09320145,0.02220802,-0.10586616,0.1783757,0.095234305,-0.075441085,0.0014297605,-0.18388364,0.085549325,0.15192162,-0.1155184,-0.17176527,0.029752348,-0.1991527,-0.042071767,-0.060578592,0.11545821,-0.07588229,0.11307066,-0.22039476,-0.06771735,-0.04650778,-0.039096035,0.11771188,0.0570164,-0.04075409,-0.09573436,0.0010090462,-0.093402855,-0.08296163,-0.07417724,-0.062222965,0.120495066,0.010874096,-0.030250216,-0.14697416,-0.05553056,0.104531616,-0.014520729,-0.019866766,-0.060770955,-0.21995164,0.17739664,-0.19309713,-0.034999046,-0.051628068,0.0032618886,0.066904396,-0.017252369,0.034488242,0.0061444785,0.05934547,0.095370926,-0.13279891,-0.0020648597,-0.0030608813,-0.16840047,0.13677657,0.10703377,0.045918684,-0.09596184,0.10964665,0.07314354,0.052362587,-0.05350724,-0.07969233,-0.023339633,0.09617859,0.17075206,-0.0731086,-0.033679374,0.011324292,-0.12844557,0.03711218,0.058584142,-0.0077925716,0.16952106,0.085251145,-0.13950984,0.057146158,0.037976973,0.08348493,-0.003972311,0.054721966,0.030104265,0.019242285,0.09984046,0.09213918,0.023165759,0.106193915,0.16898106,-0.061764866,0.079567924,0.029503636,-0.09391509,-0.14830612,0.12471298,0.007065592,0.10751903,-0.21174158,-0.02283876,-0.10080659
while,-0.011693914,0.0054059587,-0.066002265,0.12925892,0.11655718,-0.071191825,0.109087884,0.21921901,-0.06775165,0.105426066,-0.1126559,-0.04361791,0.024174957,0.03895037,-0.048534058,-0.076966316,-0.0019025278,0.08925788,-0.021409985,-0.17561398,0.069843315,-0.12148019,0.050282925,-0.09342096,-0.056671858,-0.02653573,-0.07636607,-0.09680526,-0.15060167,0.06600272,0.074688494,-0.01877762,0.01195779,0.00045632556,-0.051161118,0.1174992,0.029230155,-0.06738911,-0.022245442,-0.06327279,-0.08491128,-0.0092702,-0.07527254,0.013417569,0.14859664,-0.04439962,-0.042475108,-0.119168125,0.11404391,0.076491475,0.05552413,-0.045758944,-0.033035237,-0.07623731,0.008691481,0.018522806,-0.060818244,-0.14222068,-0.16351019,-0.0525611,-0.06687207,-0.0862562,0.025974542,-0.087673,-0.21154082,0.005492281,0.07254176,0.1500376,-0.20566322,0.13748224,-0.03661398,0.060773958,0.08433355,0.02016581,0.046362013,-0.0045585376,0.1328949,-0.104821,-0.15741803,0.016591916,-0.08277114,-0.032280345,-0.11606496,0.26194462,-0.14879398,-0.02172321,-0.066592045,0.067585886,0.09781259,-0.022557152,0.141119,0.13499556,0.11632013,0.10738679,0.20276606,0.10264468,0.016368259,-0.0027743962,0.087726474,0.024406973,-0.10402001,0.17959145,0.0885713,-0.06550933,-0.004043443,-0.17450081,0.08392293,0.14920798,-0.10422686,-0.16651551,0.02229722,-0.17768684,-0.048097942,-0.063427,0.10624593,-0.07846379,0.11043496,-0.21162947,-0.06211934,-0.04788596,-0.046797186,0.11627761,0.063135065,-0.047269374,-0.08645323,-0.003937904,-0.09777352,-0.06796555,-0.07089411,-0.06029832,0.10589669,0.022858147,-0.02744706,-0.12207114,-0.050397422,0.10639505,-0.017482143,-0.023352617,-0.06062967,-0.20107754,0.17064531,-0.19033566,-0.038572766,-0.03997872,-0.0021779898,0.059145648,-0.020711094,0.03681289,0.007736589,0.06499224,0.09299864,-0.13421988,0.0027637756,0.0020901924,-0.15937346,0.1309731,0.10512241,0.046163123,-0.083640814,0.11113757,0.06496755,0.052197177,-0.045843687,-0.06324409,-0.029907279,0.09204171,0.15747383,-0.054722775,-0.03614721,0.014470715,-0.12083518,0.029471682,0.05527284,-0.008616054,0.1562469,0.076123506,-0.12221159,0.04972714,0.02977721,0.089592345,-0.009979639,0.040945075,0.036802944,0.025597079,0.095506154,0.0911571,0.024784809,0.09896459,0.15323262,-0.056928907,0.07553466,0.023408111,-0.085406564,-0.14188577,0.116484545,0.0074768933,0.09425933,-0.208057,-0.015355973,-0.09165942
boy,-0.018341763,0.008252232,-0.061512858,0.119904056,0.110287085,-0.056767922,0.1016051,0.21054628,-0.06183121,0.10634674,-0.115609445,-0.039201498,0.022343412,0.04655778,-0.03827728,-0.086100236,0.0011781328,0.09757469,-0.024362372,-0.1942415,0.0842706,-0.13251244,0.0598805,-0.09048103,-0.061556883,-0.04141548,-0.07508738,-0.09415415,-0.16004093,0.06464027,0.07845374,-0.0058911904,0.01080566,0.0021508867,-0.04584443,0.112373196,0.024376247,-0.0716431,-0.015000846,-0.05774605,-0.0837467,-0.0052441247,-0.08224886,0.017286625,0.14866771,-0.050103754,-0.049017612,-0.117527805,0.11708673,0.07736287,0.055398792,-0.04634321,-0.03670865,-0.081394926,0.02168922,0.016877726,-0.06250292,-0.14945732,-0.16479269,-0.052724335,-0.06513332,-0.08493293,0.020743232,-0.09625981,-0.22382392,0.0050853267,0.07420729,0.15988,-0.21388255,0.13274826,-0.03210763,0.06246474,0.08814547,0.018249225,0.047488496,-0.00471556,0.14382263,-0.11001598,-0.16202106,0.017389216,-0.082675874,-0.035895705,-0.1152562,0.26040772,-0.1564406,-0.02804765,-0.07094366,0.06672074,0.101098165,-0.017936654,0.14087793,0.12962884,0.1181681,0.1068582,0.19588119,0.106415175,0.008334651,-0.006705292,0.08496352,0.026908051,-0.098212026,0.17828584,0.08602673,-0.07326976,0.0046450086,-0.1805917,0.08155136,0.1537333,-0.106578656,-0.1750764,0.01965703,-0.19174097,-0.050548784,-0.060554985,0.11925977,-0.07799829,0.1119432,-0.21734819,-0.0677764,-0.051817104,-0.03906984,0.1211868,0.067300715,-0.046394214,-0.082868814,-0.0024376311,-0.09761733,-0.08397486,-0.069959074,-0.06288105,0.11064458,0.01320956,-0.031655077,-0.14461818,-0.053323347,0.11001305,-0.014012255,-0.027917147,-0.054669004,-0.21810208,0.1839593,-0.20125908,-0.04059108,-0.0457778,0.0039692814,0.06432542,-0.017547391,0.037481807,0.013916038,0.06223799,0.09014727,-0.12936151,-0.005978411,0.005000704,-0.16693583,0.13977379,0.104568765,0.049206145,-0.09759981,0.10792124,0.06509837,0.05019407,-0.052276764,-0.06590758,-0.030083623,0.09506703,0.17117558,-0.06658421,-0.022430854,0.019935902,-0.12955822,0.041489966,0.06515734,-0.0034922264,0.16098669,0.07855573,-0.13948616,0.055655655,0.044587728,0.087775365,-0.0054234625,0.047310848,0.035745654,0.020943504,0.100410156,0.09084912,0.025130441,0.10135022,0.16447769,-0.053291533,0.079897955,0.02111462,-0.0880948,-0.14862244,0.13072248,0.009853978,0.10777,-0.21615462,-0.022878217,-0.10153307
evening,-0.020945609,0.0012324228,-0.06724854,0.13046308,0.12584832,-0.06500796,0.10864643,0.23210709,-0.056867138,0.1173156,-0.12364101,-0.050262548,0.02726003,0.043624103,-0.05214698,-0.08993911,0.0050698677,0.09370925,-0.02241835,-0.19031174,0.07693452,-0.13647254,0.06495113,-0.10884253,-0.061711777,-0.036399774,-0.07698045,-0.091640376,-0.162422,0.06581191,0.08292366,-0.017976549,0.01233136,0.004785346,-0.05721643,0.12381792,0.022027615,-0.07558176,-0.02535299,-0.05656713,-0.09221218,-0.008779978,-0.08071138,0.008364008,0.15864427,-0.056051966,-0.048038073,-0.13225155,0.11355587,0.07422185,0.06326092,-0.036190655,-0.038407657,-0.08093432,0.01533677,0.016415669,-0.06333458,-0.14905716,-0.16958971,-0.05950011,-0.07237135,-0.087578826,0.033452038,-0.09902275,-0.22706248,-0.0025848197,0.06809262,0.15725122,-0.21967411,0.13535136,-0.036928594,0.07086593,0.0954006,0.014938729,0.056317642,-0.011395474,0.14341156,-0.11990509,-0.16571894,0.017559202,-0.09321492,-0.030459858,-0.12993105,0.2888806,-0.16287918,-0.02088086,-0.06735746,0.08079404,0.103630394,-0.024710596,0.1540098,0.14130755,0.12598936,0.11118886,0.20844162,0.11545273,0.012608039,-0.014453319,0.09042062,0.023002112,-0.10747307,0.18518971,0.0842617,-0.07221621,-0.0018538814,-0.19256721,0.08917251,0.16151889,-0.10302477,-0.17913316,0.021017656,-0.1886127,-0.049724065,-0.06682709,0.11500443,-0.08064893,0.11938407,-0.23677178,-0.076597854,-0.055716082,-0.05057597,0.13047592,0.06923944,-0.03615604,-0.09370555,-0.005575827,-0.10235385,-0.07597649,-0.07134302,-0.0689348,0.11998459,0.025370471,-0.028360136,-0.13805127,-0.05465834,0.114575624,-0.014847549,-0.02067266,-0.05481469,-0.22676638,0.18283124,-0.19982539,-0.05202919,-0.04751973,0.008964361,0.063124105,-0.023935327,0.03292344,0.011321927,0.07000815,0.104594946,-0.14384186,-0.0030296757,-0.0082688965,-0.1712346,0.13690874,0.11346392,0.040785108,-0.0897053,0.12320518,0.066859044,0.061248112,-0.05429529,-0.0743884,-0.03524385,0.10033914,0.17137718,-0.058949202,-0.036707915,0.013074756,-0.13266687,0.035638403,0.05844078,0.00023228124,0.16754052,0.08236719,-0.13907586,0.060874008,0.030743355,0.08708666,-0.012532821,0.052790515,0.0404055,0.024607671,0.10079329,0.094775796,0.018658198,0.099474795,0.16804844,-0.061915852,0.070744134,0.027318805,-0.078412876,-0.14477408,0.12569948,0.012535311,0.10245349,-0.21767215,-0.02234829,-0.092920765
gone,-0.008041508,0.001346439,-0.07352216,0.14302625,0.13733515,-0.085539915,0.116571285,0.23069902,-0.060687978,0.10958382,-0.11678775,-0.063541986,0.02730569,0.053774364,-0.0629846,-0.074920945,-0.0018565506,0.07859503,-0.01282838,-0.1754467,0.070576884,-0.11496371,0.06230454,-0.09534049,-0.03865465,-0.019057693,-0.07439189,-0.08973812,-0.1473382,0.06603089,0.07393109,-0.015434801,0.026394436,0.007897249,-0.05868015,0.1299442,0.0349697,-0.06886669,-0.027257869,-0.06819076,-0.08229396,-0.022761209,-0.06932957,0.0020528068,0.16181609,-0.045466423,-0.05503095,-0.13872312,0.10624651,0.0754854,0.063798696,-0.041347984,-0.047361344,-0.07585016,0.018843131,0.014634688,-0.0599693,-0.14969839,-0.17867154,-0.047767527,-0.085620455,-0.09728492,0.020324064,-0.08321515,-0.22346137,0.0064385384,0.0652872,0.15987365,-0.21379201,0.13807636,-0.0494617,0.048009593,0.07603605,0.029790347,0.0547263,-0.009180868,0.13196175,-0.098373175,-0.1718797,0.008751658,-0.086773284,-0.036589812,-0.1343792,0.26611823,-0.16175982,-0.022694696,-0.07905955,0.07415914,0.08917363,-0.040748987,0.14957617,0.13695006,0.11301646,0.103386395,0.20460801,0.11303793,0.01321361,-0.0012084658,0.07450205,0.038534407,-0.11296628,0.173474,0.083940305,-0.0697052,0.0011906632,-0.16618316,0.092462696,0.14781284,-0.09796239,-0.176038,0.017186787,-0.17540906,-0.033406947,-0.0618673,0.10548973,-0.07964673,0.102071576,-0.23138787,-0.06729197,-0.052819893,-0.052589413,0.13939987,0.06996943,-0.049311098,-0.08949503,-0.009883872,-0.10587383,-0.066964425,-0.05843313,-0.06383297,0.09589878,0.03129083,-0.033021085,-0.12056031,-0.05130832,0.11622632,-0.01539619,-0.025847439,-0.060253467,-0.19761097,0.16520226,-0.19712283,-0.05514266,-0.036171578,0.006105295,0.036107663,-0.0071488214,0.035738643,0.0036066254,0.06756863,0.08525212,-0.13154708,0.00981597,-0.0096094655,-0.15520832,0.1290432,0.11529603,0.04264399,-0.065672204,0.11185631,0.070907824,0.047755882,-0.040797822,-0.06927903,-0.031340715,0.0725694,0.14244244,-0.056513976,-0.03724159,0.025057318,-0.10590251,0.036234066,0.05399202,-0.012546578,0.16227354,0.06424216,-0.11369206,0.043448362,0.0363795,0.08538501,-0.015934614,0.038523752,0.03001906,0.016419072,0.0904563,0.09684064,0.018340854,0.08899823,0.1430171,-0.06380421,0.07208154,0.017457671,-0.07662691,-0.12409453,0.11888392,0.016965164,0.09277073,-0.20970747,-0.015100096,-0.0893911
cat,-0.013521523,0.0063226894,-0.06302792,0.1280105,0.11792559,-0.060669646,0.11024556,0.21515094,-0.06615399,0.10075654,-0.11807768,-0.051357094,0.024971282,0.0427806,-0.04483345,-0.08291298,0.0044572433,0.092947625,-0.01648098,-0.18333939,0.07911342,-0.12151658,0.055514045,-0.091030315,-0.060829766,-0.034315836,-0.08217958,-0.09058611,-0.16410485,0.06794137,0.07492,-0.00808915,0.013127674,0.0066712424,-0.04635237,0.11779048,0.033084054,-0.07372213,-0.014962966,-0.063243315,-0.08760065,-0.009619293,-0.08049953,0.011347333,0.1568073,-0.053942144,-0.05014453,-0.12410348,0.116309375,0.08162821,0.068743825,-0.046445012,-0.04243533,-0.08264913,0.022709964,0.014391338,-0.06658149,-0.15332943,-0.17274319,-0.055486083,-0.067678206,-0.084388874,0.025143156,-0.08646813,-0.21734288,0.0060454626,0.06964473,0.15721749,-0.21472377,0.1413572,-0.03975425,0.061151758,0.088670745,0.0162597,0.046174977,-0.0072667627,0.1360509,-0.10639506,-0.16276124,0.015557334,-0.08558079,-0.029079536,-0.1248575,0.27481982,-0.15929464,-0.024929129,-0.070511274,0.07779349,0.100908644,-0.02151042,0.13696651,0.12696214,0.12349413,0.11004351,0.20133053,0.10436952,0.009141537,-0.010405761,0.085053355,0.026259819,-0.10868007,0.18055333,0.079378314,-0.07077034,-0.002636668,-0.18325524,0.07985973,0.15988691,-0.10465751,-0.17705762,0.022125145,-0.18614489,-0.049608625,-0.057345383,0.112681225,-0.07134737,0.11268958,-0.2263779,-0.071986996,-0.05468457,-0.04645973,0.12433895,0.06609855,-0.04380368,-0.084017806,-0.0028169283,-0.101179205,-0.07654757,-0.06642313,-0.06429567,0.10558335,0.013110495,-0.02944039,-0.13043305,-0.054851744,0.118363716,-0.019093843,-0.025664648,-0.060573652,-0.20467894,0.17667829,-0.19490495,-0.049017657,-0.04706492,0.0053063114,0.055400744,-0.020475626,0.041207187,0.0143623585,0.073115826,0.09054998,-0.13568936,-0.0071404474,-0.0013292364,-0.16813849,0.13495673,0.10811319,0.04295292,-0.08925078,0.11622082,0.077147014,0.04782773,-0.042364985,-0.06850853,-0.03556486,0.08619559,0.16025095,-0.06614125,-0.036072116,0.020724254,-0.118734516,0.031213632,0.059511427,-0.00483222,0.15950377,0.07505945,-0.13225919,0.05674532,0.03527399,0.090124466,-0.004098092,0.046378165,0.029011313,0.023086399,0.10366949,0.09768651,0.020300623,0.099734396,0.15851821,-0.054000515,0.07655074,0.02029813,-0.08505094,-0.1379666,0.12352023,0.0041996543,0.10287445,-0.21414939,-0.023166014,-0.08977236
tell,0.054023866,-0.06757074,-0.07620951,0.23023559,0.20099115,-0.15414643,0.10235459,0.28205165,-0.105367556,0.09835689,-0.1400172,-0.11846826,0.03606133,0.104245074,-0.09934018,-0.019325497,-0.005646185,0.024240058,0.01967116,-0.16534033,0.020661443,-0.055873957,0.03604513,-0.05480531,0.025395762,-0.0053448114,-0.11648505,-0.02968527,-0.123910956,0.101618476,0.11680734,-0.052212045,0.09459413,0.032222886,-0.060749643,0.19331653,0.09381437,-0.049542822,-0.04820037,-0.09613129,-0.054433636,-0.05123731,-0.018354015,0.012692247,0.19686282,-0.005717963,-0.045206584,-0.20492473,0.07659127,0.062801085,0.09283405,-0.08719856,-0.078110695,-0.1082382,-0.006573691,0.041857634,-0.09016739,-0.17932424,-0.21231467,-0.04156378,-0.11320176,-0.07863165,0.026854092,-0.05911553,-0.26899123,0.021452412,0.087136894,0.16815749,-0.16623715,0.13824797,-0.1207094,-0.0063041747,0.06348706,0.040185098,0.09649794,-0.010202731,0.10434358,-0.09511198,-0.24411488,-0.013719034,-0.05642167,0.001166386,-0.12402542,0.30188945,-0.18620522,-0.030612994,-0.13010493,0.09543392,0.045492828,-0.07984187,0.21876663,0.101202905,0.08949242,0.118057206,0.19928183,0.12953945,0.04580928,0.024543427,0.0688504,0.09457283,-0.17002411,0.18635471,0.07010042,-0.025111595,-0.058759104,-0.13225834,0.10675901,0.13079582,-0.13018526,-0.20189446,-0.002362823,-0.14342307,-0.01654452,-0.05217136,0.07156696,-0.09638815,0.087054305,-0.3100219,-0.0772242,-0.10249573,-0.065337606,0.18115568,0.068170354,-0.05459034,-0.046367146,0.02165033,-0.11116951,-0.033275794,-0.022308182,-0.06715255,0.021434294,0.034719765,-0.011149301,-0.049508728,-0.019478073,0.16445114,0.012007788,-0.06484255,-0.07069602,-0.16153279,0.11486209,-0.23089977,-0.08221104,-0.018073097,-0.025525888,-0.022280395,-0.0038100458,0.035594713,0.04287089,0.07721649,0.053267147,-0.151477,-0.004898371,-0.021948606,-0.1282601,0.10672903,0.19318488,0.011365334,0.01946184,0.108273834,0.080988705,0.039288864,0.025004126,-0.042830113,-0.06345423,0.0124047045,0.07264294,-0.016722923,-0.10333944,0.049147084,-0.06798784,0.027026424,0.04205962,-0.052304868,0.12183157,0.018252455,-0.077856034,0.010845131,0.019423032,0.11871996,-0.04884812,0.018991735,0.0027185916,0.0133853955,0.0826466,0.07261226,-0.0043888786,0.079756126,0.10339849,-0.03465613,0.041775253,0.014570236,-0.041931164,-0.061889865,0.057161033,0.007891604,0.07535662,-0.164185,0.02002682,-0.030113546
tailor,-0.017856097,0.019195333,-0.05901698,0.11556999,0.112588525,-0.05632458,0.10181182,0.20601004,-0.056404673,0.104969695,-0.118323356,-0.035898264,0.027382521,0.044994865,-0.032608714,-0.088611156,0.006362199,0.094254464,-0.027667476,-0.18755317,0.088570595,-0.13360879,0.05661134,-0.09469507,-0.06700481,-0.03726181,-0.07016296,-0.09860626,-0.16184804,0.06811576,0.07200439,-0.008062091,0.0002521786,-0.0043309643,-0.047003765,0.104786955,0.017976405,-0.07141406,-0.014425086,-0.06205409,-0.09245355,-0.0016152072,-0.08851484,0.018046627,0.14841059,-0.055003215,-0.04071129,-0.10820852,0.11348065,0.077954955,0.060183607,-0.03728912,-0.034855757,-0.07828365,0.01865405,0.019230431,-0.05596953,-0.14066225,-0.16479449,-0.04563882,-0.061017264,-0.082731105,0.01743025,-0.0920833,-0.21533453,-0.0027886822,0.06715782,0.16061355,-0.2182333,0.13635832,-0.029049635,0.06747543,0.092506394,0.010106188,0.040629026,-0.0032444177,0.14312741,-0.103464425,-0.15619196,0.013043599,-0.08123846,-0.037892576,-0.116808034,0.25631276,-0.14911386,-0.020900369,-0.057372533,0.06079902,0.11002295,-0.010975121,0.12944221,0.12779322,0.11595562,0.097203344,0.1988874,0.10597168,-0.0017343528,-0.0057252203,0.0902906,0.017204402,-0.09959645,0.17465006,0.09169399,-0.077322215,0.0014045624,-0.18635474,0.08472993,0.15568672,-0.11157585,-0.16189088,0.022737963,-0.19215736,-0.04961988,-0.06296995,0.118712634,-0.072798945,0.1167394,-0.20891304,-0.06885442,-0.046675753,-0.037923034,0.113695666,0.060183503,-0.043110922,-0.07930399,-0.0034571039,-0.0940198,-0.080114715,-0.08110901,-0.0659795,0.12264466,0.017416209,-0.03054674,-0.14308326,-0.06369196,0.11441176,-0.019027416,-0.024803622,-0.04975017,-0.20701261,0.18244295,-0.18730651,-0.042140175,-0.05509082,0.010263561,0.06795218,-0.019706115,0.043131657,0.015788352,0.06164291,0.09853782,-0.12901628,-0.011180316,0.0045548556,-0.16201998,0.1378027,0.09427377,0.04837026,-0.101213254,0.10385439,0.06671125,0.054251634,-0.05286335,-0.069169514,-0.030959116,0.10456255,0.16855101,-0.07133694,-0.021912217,0.015751174,-0.12289355,0.038161788,0.057260104,-0.004861797,0.15561333,0.09071051,-0.13223921,0.054892227,0.042009383,0.08572466,-0.0005816891,0.0428389,0.033573996,0.022666313,0.095909715,0.09319437,0.021448852,0.092729114,0.15530989,-0.05374272,0.0807984,0.019816682,-0.08789265,-0.15353589,0.11810549,0.0030108888,0.09729566,-0.2128628,-0.03230811,-0.099000946
under,-0.030506793,0.015939886,-0.059444867,0.12824824,0.106341325,-0.05305714,0.10900799,0.22186196,-0.0627899,0.113399655,-0.13168715,-0.032558836,0.027755568,0.04344418,-0.035047777,-0.09682192,0.007468528,0.10808239,-0.034741152,-0.21004955,0.098099805,-0.1508135,0.058648862,-0.10054056,-0.074312575,-0.039413754,-0.0700295,-0.11247056,-0.17129037,0.06153998,0.08539931,-0.005813455,0.0052059684,-0.0028715557,-0.04294115,0.11938454,0.013360233,-0.08613775,-0.018831156,-0.052640926,-0.0922837,-0.005707307,-0.09353261,0.020331444,0.1501233,-0.055519477,-0.041207884,-0.107670486,0.1225553,0.08622395,0.06760545,-0.04008124,-0.03230972,-0.07575828,0.021509511,0.019568438,-0.06782303,-0.14527735,-0.17383324,-0.058561753,-0.06552489,-0.08381452,0.019125,-0.10229783,-0.22748125,-0.006699431,0.07160935,0.17066588,-0.24260658,0.15553154,-0.024361782,0.083315834,0.10067304,0.007786676,0.045453455,-0.0010814696,0.16078337,-0.12448314,-0.17082174,0.018597165,-0.09962537,-0.04466895,-0.12885964,0.2850923,-0.15885012,-0.023766326,-0.06220824,0.07098243,0.12481974,-0.01498477,0.14201987,0.14268771,0.13813837,0.109285384,0.2174644,0.112898014,0.0042645177,-0.015822738,0.09348919,0.025805851,-0.10481333,0.20353493,0.106276564,-0.08761836,0.004468681,-0.19932917,0.08517978,0.17508042,-0.11711808,-0.17959146,0.029340893,-0.2139667,-0.053618077,-0.06974652,0.12534946,-0.07455398,0.13612016,-0.2323842,-0.078996435,-0.046022702,-0.040577713,0.11660339,0.067527056,-0.046574116,-0.0910655,-0.008767569,-0.098395325,-0.09054826,-0.07781618,-0.06644754,0.14008865,0.016493963,-0.037919223,-0.15671611,-0.06408305,0.11377633,-0.011986814,-0.017639661,-0.052195173,-0.23287915,0.20617135,-0.20789312,-0.04680293,-0.04937034,0.004656849,0.07309014,-0.021427162,0.042411644,0.0067423615,0.066275224,0.10169971,-0.14663373,0.0018209254,-0.0055100857,-0.1811671,0.1542418,0.104181744,0.04970952,-0.11106621,0.12100801,0.06906881,0.059428107,-0.055066142,-0.07528767,-0.01971285,0.1062867,0.18632506,-0.07137283,-0.02507337,0.017925857,-0.14417212,0.037894033,0.06770928,-0.00068453467,0.1774235,0.09104478,-0.15637496,0.066858485,0.04905078,0.089479856,-0.00492933,0.055240437,0.033629563,0.02954081,0.10990241,0.109791175,0.024677595,0.10479709,0.17720443,-0.056909073,0.08373781,0.033398755,-0.10241056,-0.17407355,0.14086066,0.0020974902,0.10562269,-0.23735128,-0.030050509,-0.11291692
something,0.034220908,-0.053539764,-0.07853634,0.20331194,0.1795142,-0.13668416,0.12130773,0.27545148,-0.08949929,0.10819999,-0.14539704,-0.099167526,0.03700386,0.085728385,-0.090692095,-0.044595186,0.003002371,0.05815052,0.006424357,-0.1777691,0.04924426,-0.07985865,0.05781597,-0.077860706,-0.010473737,-0.0076949773,-0.11294935,-0.061532594,-0.14191477,0.09121491,0.10588848,-0.04478949,0.068557076,0.02541621,-0.064487785,0.17598097,0.06929792,-0.056397326,-0.041211747,-0.09238348,-0.06937292,-0.041939266,-0.040361106,0.01433913,0.18525222,-0.024682144,-0.04939769,-0.1927373,0.10312626,0.07855062,0.081981204,-0.077524945,-0.069520675,-0.09808311,0.0031965645,0.034825686,-0.08273723,-0.18111148,-0.19794534,-0.05169941,-0.09399326,-0.08238853,0.027646335,-0.07010712,-0.26174268,0.017531686,0.078800954,0.17829233,-0.18350913,0.14199875,-0.097434506,0.01874561,0.074940756,0.03489273,0.08034169,-0.00924404,0.11813163,-0.098482184,-0.23346256,0.0017662476,-0.0806254,-0.0077972296,-0.13522106,0.30507392,-0.18432976,-0.02913243,-0.10889987,0.096699536,0.06101466,-0.06689731,0.19921365,0.12895416,0.10413912,0.12422931,0.20965058,0.12522325,0.025507737,0.016991252,0.07722483,0.07966029,-0.14619732,0.19131291,0.075961694,-0.039629567,-0.03999251,-0.15739855,0.1094598,0.14475031,-0.12480447,-0.20679373,0.0075454493,-0.16167746,-0.031230172,-0.05663624,0.07999739,-0.09602892,0.09921936,-0.28824458,-0.07404285,-0.086889245,-0.06081069,0.1705152,0.06716106,-0.064984195,-0.0675193,0.014151763,-0.105059266,-0.054889508,-0.04439005,-0.073382996,0.05511965,0.031022802,-0.018256392,-0.08152086,-0.03662966,0.14698647,0.003718863,-0.054681357,-0.065780126,-0.1794789,0.1400826,-0.23492476,-0.076834045,-0.027797064,-0.009220971,0.013822478,-0.0061934944,0.029657982,0.025733098,0.084921464,0.06801489,-0.14452149,-0.009079269,-0.014854171,-0.14145404,0.1305523,0.16217053,0.0311261,-0.01981792,0.11570513,0.08328602,0.042079676,-0.0013469146,-0.06329894,-0.05558302,0.043703664,0.09851738,-0.04241109,-0.083988026,0.03372595,-0.09620636,0.032912027,0.056421954,-0.032223385,0.13518834,0.043432567,-0.095642105,0.030246282,0.025790012,0.11604524,-0.039838575,0.022241233,0.020201635,0.019948428,0.09041675,0.08238138,0.004260249,0.08846252,0.13485932,-0.04640885,0.05327873,0.013490742,-0.06055036,-0.09067556,0.079503655,0.0044451538,0.09122301,-0.19024071,0.0010229254,-0.05428482
prince,-0.01181451,0.005178984,-0.05306895,0.11469122,0.09606756,-0.047443822,0.09440463,0.1967238,-0.055872016,0.09916083,-0.10627574,-0.040675256,0.021185841,0.042065065,-0.04705345,-0.08238291,0.0014940223,0.095205404,-0.020939812,-0.17264022,0.07746208,-0.12492554,0.05075838,-0.08699651,-0.058545627,-0.03399011,-0.06985244,-0.09347505,-0.15698409,0.05907858,0.064459026,-0.0051024514,0.009474881,-0.0008367882,-0.04817588,0.106703155,0.025367562,-0.07438898,-0.014747288,-0.05345753,-0.073614776,-0.009154749,-0.07605607,0.009048927,0.14288874,-0.046554774,-0.045099977,-0.10674923,0.11100078,0.07107822,0.050381076,-0.041925,-0.03354862,-0.067617185,0.015934272,0.013646187,-0.057972357,-0.13741936,-0.15107684,-0.053557325,-0.054435316,-0.082268186,0.017680552,-0.09043798,-0.20828027,-0.0021251289,0.07006435,0.14578377,-0.21149194,0.12654662,-0.03207318,0.06722905,0.08570843,0.011124808,0.043640684,-7.27811e-05,0.13098063,-0.10062369,-0.14847393,0.019725757,-0.07780132,-0.03772606,-0.110545,0.2500582,-0.13831633,-0.021426257,-0.057449553,0.069474846,0.0973895,-0.015372168,0.12149319,0.12961483,0.1130967,0.09095653,0.18265826,0.09862383,0.0071572224,-0.011727141,0.08215091,0.020248435,-0.0905794,0.16653617,0.08638755,-0.07497283,0.003867373,-0.17629454,0.08176337,0.14556426,-0.10494227,-0.1599371,0.017602518,-0.18489438,-0.04289749,-0.0551524,0.11030378,-0.06582072,0.11313946,-0.20410854,-0.06344431,-0.04282481,-0.044604346,0.11191387,0.058871552,-0.045238033,-0.08061821,-0.0076522822,-0.09601953,-0.08069974,-0.073288664,-0.05567424,0.11229506,0.014052605,-0.028746234,-0.14177912,-0.054336723,0.10506014,-0.015733533,-0.019347169,-0.046116058,-0.20169356,0.17239591,-0.18565384,-0.03771892,-0.042139646,0.013333259,0.05450753,-0.025768844,0.034638535,0.010916474,0.060949318,0.08892768,-0.1258477,-0.0012103958,-0.0004262009,-0.15503514,0.13839626,0.09822412,0.043386057,-0.096717395,0.103582844,0.06416374,0.049794916,-0.04922424,-0.06784098,-0.03073996,0.09001381,0.15379214,-0.064697854,-0.029361647,0.01628307,-0.12224314,0.039287843,0.06490819,0.00025334797,0.15188104,0.07924944,-0.12925425,0.05874698,0.03899278,0.07685074,-0.011265019,0.044880077,0.027533747,0.01866537,0.09075748,0.0930702,0.02327234,0.09514531,0.15763754,-0.049993157,0.071811624,0.020849807,-0.08626636,-0.13861102,0.11696153,0.012650264,0.09363234,-0.20493917,-0.023414114,-0.09011873
laid,-0.0397704,0.025207087,-0.062112678,0.12135697,0.095284775,-0.04777624,0.107040964,0.21631603,-0.0684143,0.11159005,-0.1253448,-0.02882221,0.032795537,0.04360513,-0.039747532,-0.092906475,0.0028541246,0.10985913,-0.03163238,-0.19530293,0.09516757,-0.14811446,0.061273143,-0.10605413,-0.07905169,-0.031010529,-0.06615005,-0.107552096,-0.16756694,0.0587638,0.07628822,-0.008636005,-0.007469592,-0.009313911,-0.049586292,0.112693205,0.019509597,-0.07616029,-0.01587177,-0.047705203,-0.09083563,-0.008256841,-0.097565405,0.009793922,0.13917673,-0.050893538,-0.039292928,-0.10727331,0.11648401,0.07497118,0.05424517,-0.03204693,-0.028573142,-0.075649686,0.015365676,0.015693996,-0.059511345,-0.13661331,-0.17703955,-0.05442863,-0.05486056,-0.085273094,0.023943637,-0.09933319,-0.2083826,0.0014780416,0.0728403,0.17205875,-0.23070818,0.14056748,-0.027847845,0.079777576,0.09753016,0.01597358,0.04636991,-0.003987044,0.14634545,-0.1065498,-0.15651599,0.019731672,-0.08907282,-0.049969792,-0.12934977,0.26491594,-0.14705981,-0.02655304,-0.059754737,0.067865066,0.10913759,-0.012101059,0.14507018,0.13927896,0.12841535,0.1006182,0.20681347,0.10909591,0.006890405,-0.013970283,0.09459148,0.02574433,-0.09532408,0.18032569,0.10811147,-0.08403521,0.0042123375,-0.20030436,0.089098796,0.15627618,-0.11132591,-0.17420653,0.028995778,-0.20379151,-0.04662224,-0.060567573,0.11003158,-0.0735272,0.12516801,-0.21900584,-0.07402539,-0.04071262,-0.04408993,0.11255637,0.062662415,-0.044853568,-0.102874,-0.010135793,-0.094974674,-0.08606989,-0.0786435,-0.06951486,0.1264957,0.013758267,-0.03829221,-0.14791083,-0.06795548,0.11316386,-0.017576419,-0.013447188,-0.05748927,-0.22758071,0.18638276,-0.19365206,-0.04261981,-0.049366906,0.0015352609,0.07566066,-0.022331655,0.02959015,-0.0027991245,0.06603375,0.09950277,-0.13496985,0.0029533212,-0.0050647156,-0.17547219,0.14221705,0.08894732,0.049359,-0.114830084,0.11172027,0.061555523,0.05591722,-0.05915827,-0.08552198,-0.015591623,0.10238552,0.17917691,-0.07470031,-0.021657819,0.01285931,-0.13503896,0.03634213,0.06481788,-0.0034066557,0.16586517,0.09604533,-0.15266366,0.068157785,0.0423431,0.08684419,0.0029238833,0.05252632,0.033201795,0.023114387,0.09519625,0.09230911,0.032717288,0.112710156,0.17115714,-0.06149968,0.07643662,0.028920181,-0.099954106,-0.16233465,0.1317957,0.013620564,0.105111666,-0.2157781,-0.030457774,-0.111912705
work,0.0134743815,-0.026616193,-0.07008393,0.16775739,0.15733857,-0.09712872,0.119848415,0.24508187,-0.08127908,0.105172046,-0.12793511,-0.06891932,0.031819265,0.06893569,-0.076154314,-0.06468992,0.0021350717,0.07622111,-0.014387454,-0.1842796,0.063060395,-0.10264784,0.045986526,-0.089822575,-0.033230044,-0.02875086,-0.094102845,-0.07542108,-0.14216095,0.08043979,0.104517244,-0.022215772,0.047005404,0.009966802,-0.060785312,0.15408035,0.05862339,-0.069261685,-0.03200833,-0.07723423,-0.068325065,-0.03250872,-0.0541476,0.017725144,0.17663966,-0.028730605,-0.049992308,-0.1511666,0.113365345,0.074346244,0.06345988,-0.05933979,-0.055991143,-0.092720956,0.0033321006,0.026756993,-0.07059773,-0.16281858,-0.1831695,-0.050921973,-0.08787316,-0.079539075,0.03299443,-0.08024026,-0.23556194,0.010387775,0.07910451,0.16970862,-0.20212752,0.1395771,-0.0746214,0.036951378,0.084778525,0.03187299,0.07548857,-0.013934504,0.13156211,-0.10786459,-0.19870071,0.0043996847,-0.08676808,-0.025727008,-0.13310023,0.2882024,-0.16978584,-0.02256225,-0.09307908,0.08477858,0.07739975,-0.04969719,0.17423695,0.13514005,0.11300185,0.113749295,0.20870869,0.11298688,0.017677248,0.000809406,0.0804371,0.057075597,-0.1248806,0.19005682,0.084236994,-0.061445788,-0.012100489,-0.16494668,0.09382062,0.15284161,-0.120790124,-0.19383411,0.008886629,-0.17583293,-0.040919613,-0.059722442,0.09451668,-0.08782239,0.112730265,-0.26133454,-0.06667041,-0.07907244,-0.062366914,0.15449145,0.062066413,-0.053558823,-0.07962667,0.005383338,-0.110458,-0.062404104,-0.050168127,-0.06420016,0.071751766,0.029216401,-0.024542967,-0.10624425,-0.047939178,0.13559474,-0.015034203,-0.049192604,-0.06195899,-0.19747785,0.16077128,-0.21336229,-0.059277058,-0.03718187,0.00091728626,0.026117923,-0.014383293,0.027814265,0.024611726,0.070604414,0.07702923,-0.14214607,-0.0065544476,-0.003623295,-0.15042172,0.13291237,0.13799122,0.0375198,-0.04813391,0.11167282,0.08017464,0.041081835,-0.022362804,-0.063385256,-0.04834691,0.065649755,0.12893851,-0.04514307,-0.061637193,0.022021588,-0.10710356,0.035493165,0.0631453,-0.023107965,0.15478356,0.060651783,-0.11108078,0.04288074,0.033338055,0.09473591,-0.028098814,0.042752504,0.027191767,0.01636242,0.09386898,0.093116336,0.01192069,0.096916705,0.15166333,-0.057949718,0.06529748,0.0115026655,-0.06743477,-0.11149381,0.09821961,0.007029605,0.094441466,-0.19725166,-0.012840602,-0.06812884
white,-0.022362605,0.0115037,-0.06951115,0.13458492,0.113532186,-0.060796198,0.11108641,0.22090739,-0.06688068,0.1084886,-0.12508641,-0.050656743,0.028321207,0.042616922,-0.054494772,-0.08271601,0.008471979,0.09557107,-0.022228613,-0.18399756,0.08366548,-0.12585887,0.059475005,-0.100158274,-0.054825738,-0.02041884,-0.07603224,-0.08968157,-0.15769286,0.0633659,0.074648276,-0.01595088,0.0111823855,0.009240359,-0.052710757,0.1258634,0.0366472,-0.066148594,-0.01811343,-0.062674634,-0.08146032,-0.009754049,-0.07450856,0.0043954826,0.14878209,-0.0467849,-0.04815101,-0.12203263,0.1105311,0.072803214,0.057398643,-0.045778103,-0.040653795,-0.077682056,0.015715346,0.019801894,-0.05921569,-0.14147821,-0.16932352,-0.059246093,-0.078937136,-0.09465172,0.022158327,-0.08730607,-0.21425734,-0.0014200413,0.06081043,0.15530162,-0.22225754,0.13679992,-0.036398243,0.070018835,0.093178146,0.018353073,0.042105064,-0.012631526,0.136691,-0.107616186,-0.16023263,0.0097505655,-0.09212287,-0.037484407,-0.12714824,0.27846146,-0.1568183,-0.027229518,-0.061394885,0.07102823,0.101764075,-0.025070732,0.15408874,0.13562846,0.120109886,0.11267317,0.2116782,0.11524474,0.0137225725,-0.0105168745,0.08387498,0.029194294,-0.100180365,0.1859263,0.085522704,-0.07224898,0.0010172443,-0.18179482,0.08288741,0.15408587,-0.104247406,-0.1757793,0.015628505,-0.18475138,-0.04260606,-0.053927768,0.10736172,-0.076165184,0.11453822,-0.22307192,-0.07103816,-0.049419075,-0.042318996,0.12829673,0.060468685,-0.04464623,-0.09310813,-0.010982429,-0.1057431,-0.080016345,-0.06589742,-0.0671474,0.11094884,0.024575196,-0.038841873,-0.13503137,-0.05917746,0.114256404,-0.015701579,-0.026921945,-0.06382705,-0.20708206,0.17974512,-0.19724728,-0.042001907,-0.044708245,-0.002613309,0.05723102,-0.01201753,0.032981154,0.012130928,0.06628689,0.090608016,-0.13782622,0.0013224441,0.0014459465,-0.15658018,0.13322984,0.102655485,0.041159198,-0.091211,0.11590781,0.076143965,0.044704698,-0.045853566,-0.067618206,-0.030410273,0.087172195,0.15972526,-0.06811129,-0.037355945,0.022795636,-0.11608938,0.035236742,0.05752717,0.00048371073,0.16216177,0.08230531,-0.13378933,0.05325529,0.04014371,0.08456514,0.001105954,0.051098965,0.025474764,0.02521601,0.102293245,0.1017435,0.023437034,0.09123961,0.15952836,-0.056192152,0.07789399,0.0147205135,-0.08386284,-0.1377533,0.1209508,0.009379423,0.093746684,-0.21495833,-0.015280114,-0.09157825
asleep,-0.0062770983,-0.002942113,-0.06884596,0.14873077,0.13563778,-0.07879686,0.123253085,0.23524392,-0.073967405,0.105884954,-0.13973488,-0.048715103,0.02892004,0.048671942,-0.05040105,-0.091190115,0.005374193,0.09657852,-0.032745317,-0.19745687,0.08168617,-0.12929954,0.06290056,-0.107787676,-0.05990515,-0.029979868,-0.0752325,-0.0952358,-0.16905548,0.07033927,0.08718739,-0.013648193,0.01191539,0.0047289105,-0.048245307,0.13410436,0.042063627,-0.07770031,-0.01976335,-0.06774959,-0.08233387,-0.011465372,-0.08286758,0.017980782,0.16043594,-0.048309732,-0.046210803,-0.13466553,0.12513207,0.084794804,0.06213375,-0.047961283,-0.045715705,-0.08109804,0.019230232,0.02594456,-0.06339407,-0.15863812,-0.18566118,-0.05404707,-0.07110964,-0.09151146,0.028626814,-0.093358465,-0.22407286,0.002731772,0.08092748,0.16744414,-0.22580953,0.15189081,-0.03578518,0.075357646,0.09418072,0.027153738,0.051115762,-0.010298764,0.1506207,-0.1105994,-0.17751439,0.006735849,-0.0958606,-0.03556491,-0.14213823,0.29039627,-0.1781122,-0.03169252,-0.0789298,0.07587832,0.09857296,-0.03162336,0.16113828,0.1403771,0.13050391,0.10921626,0.21347426,0.117448255,0.017238053,-0.005920384,0.087561406,0.036269326,-0.115495145,0.19045022,0.09675237,-0.07837833,0.0024391322,-0.19449665,0.09853403,0.16667959,-0.11190181,-0.19515155,0.022958906,-0.20623444,-0.047273237,-0.06996315,0.113267146,-0.07969297,0.124093615,-0.24391648,-0.07384484,-0.056432515,-0.05412082,0.13783263,0.06903979,-0.05752838,-0.10074446,-0.008192704,-0.10280276,-0.07661961,-0.07432819,-0.07286439,0.11163524,0.018988984,-0.040353302,-0.1416191,-0.062253017,0.12905112,-0.019069213,-0.026407344,-0.069065966,-0.22167002,0.19256753,-0.21210633,-0.049137183,-0.053987205,-0.0017333457,0.051822953,-0.0146563975,0.03702266,0.0036013075,0.07091768,0.10212948,-0.1454159,-0.0030973824,-0.009920138,-0.17875382,0.14954497,0.12202238,0.04473772,-0.0852161,0.121342145,0.07611468,0.046187017,-0.045123722,-0.08358867,-0.037232224,0.10033614,0.16128793,-0.067497,-0.038294233,0.016341837,-0.13328543,0.037505683,0.06490409,-0.0077122366,0.17486228,0.08392241,-0.14432938,0.05867983,0.045342013,0.09041099,-0.020673877,0.054371882,0.028783306,0.012307222,0.108639665,0.10813189,0.03141093,0.1083446,0.1686429,-0.055839047,0.07745764,0.028013771,-0.09579519,-0.15515529,0.12754983,0.012709182,0.110937364,-0.23449601,-0.02452839,-0.09665624
eyes,-0.01259464,0.0065742023,-0.06506983,0.14022633,0.11784051,-0.07490878,0.11144674,0.22072114,-0.064801715,0.10730487,-0.13034067,-0.051475067,0.025095044,0.044600543,-0.048409436,-0.08996696,0.0010186845,0.09345326,-0.020699054,-0.1832664,0.08446422,-0.12492155,0.054395404,-0.09217037,-0.063234955,-0.034179814,-0.08372968,-0.09675774,-0.15515304,0.06900093,0.088347815,-0.017306386,0.008842455,-0.0031323798,-0.047696017,0.12872222,0.032470506,-0.064670585,-0.022425124,-0.05742723,-0.08465935,-0.014404569,-0.07788501,0.017042255,0.16055691,-0.04955617,-0.03935375,-0.12663996,0.11953066,0.0829536,0.0584097,-0.052728873,-0.038977653,-0.08656403,0.0061997045,0.021397037,-0.05799698,-0.14201157,-0.17951658,-0.055838853,-0.07011351,-0.08969127,0.028346825,-0.09208801,-0.22050296,0.007925318,0.07407683,0.16094723,-0.2153256,0.13562742,-0.037320517,0.05975223,0.09650121,0.016665142,0.052189544,-0.0028694095,0.14645189,-0.11249994,-0.16675733,0.010102231,-0.08812029,-0.043757685,-0.12973961,0.28211206,-0.16509902,-0.03546366,-0.07846423,0.07341918,0.09311447,-0.017710082,0.1474664,0.13674791,0.12600352,0.104609504,0.21004611,0.11578326,0.010625377,-0.004533631,0.0863724,0.035135537,-0.101455346,0.18176255,0.09777245,-0.07643538,-0.001285774,-0.18638763,0.08920493,0.15143326,-0.11306563,-0.17248139,0.022458375,-0.19181938,-0.041604146,-0.05905291,0.113071606,-0.07159296,0.11997891,-0.23488945,-0.07298292,-0.05698219,-0.043781687,0.128675,0.06772885,-0.047300667,-0.085000254,-7.646622e-05,-0.09603676,-0.07659164,-0.0655421,-0.062930666,0.102894515,0.022980506,-0.03061187,-0.13778919,-0.05335722,0.10723009,-0.019599602,-0.022807823,-0.055371642,-0.2095358,0.1789638,-0.19550449,-0.043916676,-0.043000408,0.007669646,0.05057118,-0.022268819,0.030814713,0.011376002,0.06266233,0.088344485,-0.13455464,-0.004628199,-0.006438864,-0.15434074,0.13551302,0.10642859,0.037144776,-0.094049335,0.11333707,0.06818145,0.049537953,-0.044531096,-0.07884996,-0.025676625,0.0882456,0.15145715,-0.06511132,-0.0402603,0.022539673,-0.12464271,0.035308927,0.0616159,-0.010102122,0.16248854,0.07381123,-0.13271497,0.0518528,0.039456386,0.08334497,-0.017594729,0.048022803,0.02655691,0.01761015,0.09871153,0.09442191,0.024814485,0.10377651,0.1533716,-0.05444276,0.06882639,0.01612347,-0.09055544,-0.1440977,0.122543335,0.004386659,0.09407239,-0.2101171,-0.018732602,-0.09090402
world,0.0018262431,-0.011357299,-0.06443767,0.15073287,0.12957191,-0.08069042,0.10760683,0.22310238,-0.06429555,0.09620985,-0.11346036,-0.06318571,0.033618793,0.05675599,-0.05090596,-0.06252457,0.0027838203,0.067968324,-0.015038433,-0.17124271,0.06477257,-0.10405192,0.051130753,-0.08189196,-0.03438515,-0.029900897,-0.080749914,-0.069612995,-0.13571973,0.06890405,0.091291964,-0.018198347,0.02981196,0.007401888,-0.04921963,0.1309645,0.04423122,-0.061282657,-0.029351149,-0.062603,-0.078851104,-0.019731179,-0.0592389,0.01809031,0.15791984,-0.034036312,-0.0414982,-0.1394928,0.1087438,0.06818144,0.056656368,-0.0555831,-0.04330481,-0.079245485,0.016274208,0.02728559,-0.060602464,-0.14411359,-0.17078117,-0.041251764,-0.07363909,-0.07345242,0.023766989,-0.08536254,-0.21318933,0.008524639,0.07239143,0.1550478,-0.18981338,0.12409572,-0.05344642,0.037264287,0.08318706,0.01856134,0.06508781,-0.009687261,0.120790005,-0.09842141,-0.18476605,0.008030057,-0.08051925,-0.025407523,-0.11613541,0.2723568,-0.1557334,-0.027715296,-0.07411698,0.072320715,0.083963126,-0.03904281,0.15190756,0.11584674,0.10214942,0.1081562,0.19414623,0.101125136,0.014264619,0.0012641684,0.075725436,0.045098998,-0.11972025,0.17386611,0.08282469,-0.0535886,-0.014185128,-0.16122681,0.08673162,0.14553665,-0.1064296,-0.17448008,0.012318874,-0.17045744,-0.041999076,-0.051191583,0.09362136,-0.072081916,0.106676325,-0.23588498,-0.074037775,-0.06713933,-0.043353803,0.12932153,0.058100726,-0.04611322,-0.07107346,0.0047566365,-0.09295605,-0.06432313,-0.053056605,-0.060167275,0.08120255,0.01338744,-0.030372303,-0.10916198,-0.049248714,0.12506585,-0.013114525,-0.044228245,-0.060266897,-0.19261967,0.15280288,-0.19120504,-0.054633215,-0.03535962,-0.005073642,0.039479695,-0.016444216,0.035699606,0.019338073,0.06339775,0.08299371,-0.13120866,-0.008418703,-0.008555638,-0.14435984,0.12403766,0.1165655,0.039440837,-0.061562087,0.10682804,0.06527134,0.042104393,-0.0259912,-0.056692928,-0.03573681,0.073191054,0.12639952,-0.05226515,-0.05301234,0.027126355,-0.108729415,0.038004447,0.056210164,-0.018319134,0.14772913,0.05782318,-0.112447046,0.03861307,0.026691098,0.08829723,-0.017113574,0.04233122,0.025705924,0.020223884,0.08505553,0.08535809,0.015167832,0.087876335,0.13670835,-0.05504687,0.06360003,0.014365132,-0.067364864,-0.119775996,0.09773817,0.00094736944,0.09685019,-0.19132455,-0.011112491,-0.06759207
dwarf,-0.01985537,0.0054629315,-0.063103,0.11575267,0.10823766,-0.053455744,0.097879425,0.20607375,-0.059194736,0.10084454,-0.10857954,-0.041996833,0.018414715,0.038561888,-0.042439725,-0.08606064,-0.0010276004,0.09389292,-0.027440157,-0.18233,0.08353926,-0.12643196,0.05590411,-0.08962781,-0.066009276,-0.039684262,-0.07099932,-0.0910234,-0.15633297,0.066491604,0.076530084,-0.013084677,0.0058625266,0.002917928,-0.043553434,0.11022502,0.022055792,-0.06598915,-0.020474462,-0.06233771,-0.086677074,-0.0029106168,-0.07981253,0.018938936,0.15327163,-0.053001296,-0.046517476,-0.11613014,0.11280584,0.07507112,0.058504727,-0.043926787,-0.038347743,-0.07470038,0.022303598,0.014664187,-0.059939403,-0.13818939,-0.15811452,-0.055827633,-0.060015954,-0.082347706,0.024727449,-0.09230967,-0.21587187,-0.005578672,0.07106326,0.15105778,-0.21510136,0.13561738,-0.030169535,0.06421645,0.0880633,0.013552607,0.042577058,-0.0041041328,0.13373181,-0.10695303,-0.15071161,0.016727254,-0.078807466,-0.033606227,-0.116936736,0.25160444,-0.14422134,-0.028879642,-0.068071276,0.06678645,0.09711163,-0.017837174,0.12677689,0.13353406,0.1167418,0.09858206,0.19528988,0.10310972,0.0028689518,-0.0081817275,0.0806079,0.020341314,-0.099030405,0.1736734,0.08783878,-0.071096085,0.00075383176,-0.17910764,0.08306831,0.14916605,-0.09905019,-0.16627137,0.022420542,-0.18331103,-0.0438873,-0.061288316,0.11270645,-0.06540484,0.10873186,-0.21117201,-0.07096004,-0.042881217,-0.04515617,0.11853855,0.057817653,-0.044801798,-0.08278805,-0.0020267223,-0.09565163,-0.08150609,-0.07517723,-0.06020742,0.11642951,0.018778864,-0.034559935,-0.13703527,-0.060631774,0.10731542,-0.022396524,-0.019895097,-0.052600265,-0.20620419,0.18308024,-0.18523228,-0.0428789,-0.048619375,0.0027051233,0.056122642,-0.021482754,0.032579195,0.0077785077,0.06833891,0.08777172,-0.12983729,-0.0070367344,0.0007288155,-0.1642344,0.13693433,0.101152964,0.048728634,-0.09107262,0.106062226,0.0643954,0.048814777,-0.053491257,-0.065856524,-0.027851086,0.093329065,0.16559055,-0.062197138,-0.032749508,0.021239657,-0.1162209,0.030861452,0.062116172,-0.00063404115,0.15817077,0.08397623,-0.13072763,0.058835085,0.035215616,0.0833807,-0.0041752667,0.045410294,0.033274803,0.018800251,0.0905337,0.08900116,0.027969299,0.09601626,0.15396957,-0.05934457,0.07690551,0.025814885,-0.0775031,-0.14588463,0.12322509,0.005317759,0.09290583,-0.21217066,-0.021391595,-0.093631946
cook,-0.0063791447,0.00050824776,-0.06641848,0.12634353,0.12070253,-0.06648412,0.09552568,0.21816352,-0.057037458,0.100754686,-0.11773654,-0.048529357,0.026682928,0.042567484,-0.04452635,-0.08042176,0.0067992383,0.09099793,-0.024671301,-0.18856665,0.08290347,-0.11761848,0.054249886,-0.08319107,-0.059004333,-0.03190949,-0.07550831,-0.08147272,-0.15365735,0.07165114,0.08254776,-0.011994026,0.017980382,0.001251166,-0.051134877,0.11836898,0.027882181,-0.07203167,-0.020445427,-0.06097,-0.07620288,-0.014477279,-0.06881891,0.01146188,0.16082461,-0.04896664,-0.048569515,-0.12346375,0.11970609,0.08015394,0.056605693,-0.04713856,-0.04310291,-0.07294493,0.009620149,0.022395525,-0.063971095,-0.1484753,-0.16775869,-0.04523359,-0.065767266,-0.08040856,0.022846125,-0.08818619,-0.21475694,0.0037184174,0.07439865,0.15000509,-0.21256101,0.13067833,-0.041368306,0.0585711,0.08809523,0.015824035,0.04939242,-0.007926203,0.13808912,-0.11036221,-0.15852216,0.0113703525,-0.07593882,-0.029161975,-0.12187291,0.26376268,-0.15119019,-0.026536383,-0.07040253,0.06909365,0.09306509,-0.023432158,0.14118034,0.12985282,0.116058104,0.105445825,0.19269602,0.107562765,0.004004823,-0.0065471884,0.08422429,0.03815304,-0.10759946,0.17771548,0.08380452,-0.073229,-0.0021385532,-0.17943898,0.0924872,0.14853436,-0.10319657,-0.17638306,0.020293266,-0.17638831,-0.039116282,-0.06273533,0.10365355,-0.07317658,0.113095276,-0.22094744,-0.06429128,-0.047592975,-0.047863178,0.12466323,0.06312391,-0.04796904,-0.07763556,-0.002127237,-0.090703845,-0.07431463,-0.07077786,-0.06004997,0.10483679,0.017827831,-0.029013291,-0.13162628,-0.04737767,0.112936206,-0.016411556,-0.027074894,-0.060773455,-0.20486596,0.17709419,-0.19109705,-0.046941616,-0.042160384,0.007011511,0.051311698,-0.016949013,0.03783484,0.017858626,0.06929084,0.09358726,-0.13576849,0.0012738006,-0.007921883,-0.1632567,0.13089828,0.1138313,0.039976526,-0.081667066,0.10674943,0.06406248,0.047633458,-0.045314506,-0.068001404,-0.028622657,0.08585004,0.14928249,-0.06281324,-0.030485323,0.022423899,-0.117769204,0.029773,0.059799176,-0.0069622444,0.15584987,0.07049794,-0.13056427,0.05626327,0.036351494,0.084551096,-0.010250253,0.049717944,0.02699261,0.021376753,0.09532054,0.08856712,0.022705723,0.10062211,0.15355772,-0.048354607,0.07584693,0.022041583,-0.075081244,-0.14065164,0.11459702,0.003132273,0.09273276,-0.21148546,-0.021554938,-0.090847895
flew,-0.024972307,0.02153292,-0.06834699,0.11919573,0.10812378,-0.05684357,0.11205557,0.22088073,-0.057614353,0.10648032,-0.12363388,-0.036292914,0.023779629,0.038428806,-0.038662132,-0.095236674,0.010777425,0.11300613,-0.03183831,-0.19618283,0.09346469,-0.143912,0.058115378,-0.10904313,-0.08142382,-0.03653341,-0.07830533,-0.107912034,-0.17011343,0.06167042,0.07578157,-0.01884846,-0.0050473916,-0.010208253,-0.05236607,0.112236105,0.014901252,-0.081888035,-0.019459061,-0.05184849,-0.083371766,-0.0072750137,-0.095172726,0.013110079,0.1538006,-0.055706028,-0.047293816,-0.108509414,0.12733378,0.08184899,0.0560521,-0.038201664,-0.026701558,-0.073304854,0.013605235,0.022480683,-0.054449238,-0.14036426,-0.17459048,-0.050369576,-0.06057666,-0.08981992,0.024697252,-0.09819705,-0.2178726,-0.006426534,0.06949694,0.16192324,-0.22670765,0.14526652,-0.030692616,0.07441221,0.09038116,0.012173799,0.045437444,-0.009630635,0.15579784,-0.117269956,-0.16085449,0.02432038,-0.09641394,-0.047526255,-0.13018313,0.2741829,-0.1512046,-0.034763347,-0.06350386,0.071883164,0.11141448,-0.012210376,0.13706575,0.13769943,0.12569074,0.1094988,0.21292117,0.117554486,0.0015750645,-0.017070465,0.09595082,0.03236549,-0.09430786,0.1833099,0.107695535,-0.079193555,0.004042122,-0.1968239,0.08812071,0.15983623,-0.112839386,-0.17577833,0.0371566,-0.19712646,-0.052031673,-0.062281296,0.12257877,-0.081028335,0.123333104,-0.2152514,-0.071891755,-0.038067028,-0.035788324,0.116156325,0.058378413,-0.034676556,-0.10067176,-0.013573386,-0.09373,-0.08851042,-0.07526853,-0.0658453,0.13379195,0.013443644,-0.03761931,-0.14857851,-0.05759096,0.114550926,-0.015238751,-0.022887167,-0.049502324,-0.22535618,0.18563792,-0.19978395,-0.03993845,-0.05747358,0.0002764275,0.070994616,-0.017297417,0.028442454,0.00011807471,0.065632895,0.10198105,-0.13230743,-0.004227673,-0.004424619,-0.17114185,0.13950709,0.09983764,0.05528735,-0.108647205,0.11018114,0.062299896,0.0589577,-0.06410658,-0.08247508,-0.018907884,0.10636504,0.17586191,-0.076001614,-0.020259002,0.016189208,-0.13562733,0.034773834,0.06436582,0.001659327,0.17565534,0.08863396,-0.1463734,0.06071364,0.03458091,0.07907881,-0.008075628,0.060431402,0.029201593,0.021130823,0.09489296,0.10590064,0.016937297,0.10699501,0.17166364,-0.05555807,0.076008014,0.030931052,-0.09897614,-0.16062792,0.13471124,0.0060928077,0.11180284,-0.23004231,-0.03618477,-0.11468354
sitting,-0.015578056,0.018607596,-0.06731718,0.13939938,0.120458625,-0.06953882,0.119962566,0.23485489,-0.07145743,0.12190316,-0.130259,-0.05780054,0.029932953,0.049573004,-0.053854343,-0.096720405,0.007894099,0.10863412,-0.030524492,-0.20354639,0.090319686,-0.14598961,0.06452659,-0.10858983,-0.06920751,-0.03398919,-0.07897264,-0.10722832,-0.17591271,0.06773265,0.07837209,-0.012049438,0.0093453,0.0017549463,-0.055763792,0.12444258,0.03888271,-0.0779212,-0.028950706,-0.06440007,-0.09986772,-0.014409566,-0.090948686,0.016737876,0.16150749,-0.060420185,-0.0524162,-0.13060784,0.13385889,0.080695875,0.057286717,-0.041232552,-0.04323926,-0.08477047,0.020765489,0.023253817,-0.06326743,-0.15193354,-0.18509263,-0.057598665,-0.07228464,-0.10266881,0.023631174,-0.0915923,-0.23612185,-0.00042117373,0.067728706,0.1740248,-0.24626085,0.15119146,-0.035519388,0.071444,0.09710996,0.02577746,0.051254556,-0.0069688545,0.14767514,-0.121865466,-0.1700125,0.015877036,-0.096835524,-0.047264844,-0.14160459,0.301533,-0.17333153,-0.025708303,-0.06869455,0.07762552,0.109574795,-0.023904355,0.1591457,0.15455478,0.13787887,0.11527697,0.22893593,0.11815816,0.013451716,-0.010459209,0.09283134,0.021093275,-0.10759281,0.19048083,0.09326458,-0.07370898,0.004742386,-0.19120944,0.0960716,0.16768447,-0.11105243,-0.18955356,0.025549142,-0.2042368,-0.05660588,-0.06950155,0.12026628,-0.0761969,0.1334743,-0.23300834,-0.06945963,-0.058028713,-0.051854074,0.14162354,0.06957427,-0.053402845,-0.099823624,-0.0025143733,-0.11251149,-0.0853531,-0.076030724,-0.07490312,0.12955992,0.027021216,-0.039808255,-0.15621981,-0.062149502,0.123988666,-0.021678258,-0.028581217,-0.063101135,-0.21631637,0.20228912,-0.20227803,-0.04176862,-0.049549274,0.014681687,0.069991365,-0.020680755,0.032539878,0.013455018,0.077428706,0.099589966,-0.15001357,0.0034070164,-0.003001554,-0.1756351,0.14449796,0.11212177,0.058366027,-0.09386471,0.12157544,0.07796288,0.05570385,-0.05031856,-0.0774377,-0.026027419,0.105780244,0.17975095,-0.07053567,-0.02846539,0.013654294,-0.13646537,0.041630045,0.06650477,-0.007999003,0.18641765,0.090183556,-0.14784998,0.05958439,0.03726637,0.08506766,-0.006420004,0.047047026,0.03517636,0.017374564,0.10556975,0.10678238,0.02863409,0.101949446,0.17053233,-0.06989424,0.08657379,0.021005,-0.08531562,-0.1544086,0.13823217,0.018879008,0.11028161,-0.23370063,-0.026293721,-0.09896338
until,0.0044519803,-0.011006661,-0.067490436,0.15928419,0.15168521,-0.09705224,0.12033053,0.2486363,-0.07364305,0.10647193,-0.1297476,-0.06616079,0.030176459,0.06375405,-0.06485838,-0.0680179,0.0012023115,0.08356226,-0.018246701,-0.1879037,0.0708588,-0.11532919,0.052953158,-0.09428727,-0.043204244,-0.024787413,-0.08587992,-0.08699219,-0.15729176,0.083710946,0.09837042,-0.028737653,0.034285437,0.008279035,-0.057920903,0.14643332,0.045364663,-0.06981512,-0.032226197,-0.07757221,-0.08505398,-0.025513101,-0.065717794,0.009517847,0.18147509,-0.03575257,-0.0556274,-0.1455117,0.113342345,0.07705102,0.072805904,-0.05347348,-0.05283313,-0.082806915,0.008055516,0.02031084,-0.06892326,-0.16606344,-0.18622038,-0.05767765,-0.08391269,-0.089579746,0.027227351,-0.08312154,-0.24780144,0.008196604,0.0763597,0.16708958,-0.21581587,0.1448056,-0.06036055,0.05506244,0.086680755,0.031193113,0.06677489,-0.015276721,0.13914631,-0.10703253,-0.19922538,0.0055680736,-0.09340542,-0.03122872,-0.13896352,0.2913971,-0.17148763,-0.02326109,-0.08787022,0.08054159,0.085920006,-0.044507924,0.17262791,0.13732065,0.12031643,0.116626956,0.22277482,0.12496372,0.021708578,0.0024493427,0.09051497,0.05141559,-0.12710805,0.19211753,0.08427599,-0.061079044,-0.0090808235,-0.17841053,0.093892545,0.1581519,-0.11729961,-0.19109757,0.021524146,-0.18459012,-0.048475396,-0.059898876,0.1031122,-0.08420561,0.11920843,-0.261785,-0.07037342,-0.06802844,-0.056412082,0.15188439,0.06607312,-0.046664324,-0.08997172,-0.00437589,-0.10609937,-0.06675998,-0.05372525,-0.07483927,0.09279373,0.028626297,-0.03314046,-0.11430723,-0.054062933,0.13386656,-0.0071818815,-0.034362722,-0.06202459,-0.21023811,0.1746224,-0.21619704,-0.059816726,-0.039225005,-0.0024840727,0.038179286,-0.019042937,0.03939831,0.02125193,0.06830891,0.08701941,-0.1448209,-0.0042753993,-0.0052866195,-0.16574107,0.13927095,0.13199107,0.032905437,-0.06722373,0.117386185,0.07466277,0.04846615,-0.029724354,-0.0710564,-0.037442733,0.07760723,0.13765013,-0.053551197,-0.046928074,0.031880703,-0.11009258,0.033566006,0.055640746,-0.016466936,0.15764388,0.06377779,-0.12718,0.045196176,0.033399846,0.096253544,-0.021767512,0.04893866,0.026532384,0.013730316,0.10064702,0.093923196,0.01877006,0.09671401,0.15642038,-0.061217662,0.0692498,0.022477746,-0.07427723,-0.12764195,0.10988689,0.018680798,0.09753363,-0.21396482,-0.01201942,-0.0801331
girl,-0.011471374,0.001098088,-0.073128976,0.14108986,0.13126653,-0.07794322,0.11285397,0.23940197,-0.07328714,0.10846197,-0.12443828,-0.05965207,0.027997741,0.0580145,-0.058964975,-0.0774855,0.00040804193,0.08622048,-0.02448478,-0.18955407,0.0766974,-0.12054689,0.058942746,-0.09831495,-0.05360265,-0.031873807,-0.08275168,-0.09307182,-0.16215518,0.07798781,0.0915551,-0.018010857,0.025277842,0.0029269275,-0.057790354,0.13570969,0.0419299,-0.07348234,-0.026225029,-0.06773625,-0.0910662,-0.01668439,-0.07328484,0.017455036,0.17038605,-0.044127442,-0.04834402,-0.13024862,0.11727311,0.08166347,0.059971843,-0.05169115,-0.040432684,-0.08606392,0.013352268,0.028973445,-0.07077797,-0.155092,-0.17791186,-0.05281104,-0.07755262,-0.088776655,0.02132977,-0.09071457,-0.23175402,0.010778574,0.07390353,0.17083518,-0.22134806,0.13885958,-0.051156342,0.058979742,0.0958417,0.025546154,0.06023019,-0.015224725,0.14234406,-0.109806664,-0.17642264,0.017028699,-0.092891276,-0.03427914,-0.13083906,0.2855996,-0.17295504,-0.031155588,-0.07794895,0.073448874,0.09921193,-0.0265955,0.15563533,0.14105587,0.122929975,0.11593494,0.2180138,0.11427974,0.0074431836,-0.0073210862,0.08608323,0.041991454,-0.10984068,0.1920217,0.089735165,-0.067507476,-0.0066233287,-0.18884306,0.097132176,0.16428575,-0.11012718,-0.18136725,0.015284332,-0.19140658,-0.040611442,-0.067179896,0.110364035,-0.079668395,0.12188642,-0.24103115,-0.071396664,-0.0577759,-0.046873566,0.13568513,0.060422182,-0.05053034,-0.08806763,-0.0030796498,-0.10056293,-0.07632911,-0.07168623,-0.07012438,0.101555556,0.021578306,-0.034332026,-0.13247259,-0.052964754,0.122179545,-0.018439118,-0.03335395,-0.056498043,-0.21478894,0.1836017,-0.21078221,-0.046196274,-0.04531233,0.00105688,0.051197108,-0.024250653,0.034152627,0.016045488,0.07333585,0.09715067,-0.14533284,-0.00027185166,-0.005244571,-0.16713838,0.14376967,0.12521449,0.043056305,-0.08444078,0.117982134,0.07744809,0.048372965,-0.0447623,-0.07179996,-0.039878167,0.093323976,0.16037737,-0.060809847,-0.039417855,0.017184457,-0.12164634,0.031806953,0.059409004,-0.012193505,0.16761899,0.07718188,-0.12712754,0.04938882,0.04035351,0.089120105,-0.015685223,0.04676514,0.037614267,0.018139658,0.104229316,0.10371109,0.024780614,0.09573865,0.159285,-0.053454246,0.08012921,0.019991554,-0.087326355,-0.138549,0.12418087,0.004955347,0.097163975,-0.2217582,-0.020866435,-0.088425964
life,0.0061317743,-0.018116483,-0.07397978,0.17344466,0.15326938,-0.10043713,0.11097223,0.2518878,-0.08758193,0.10892521,-0.13532162,-0.083234146,0.02889311,0.07029872,-0.069609456,-0.068367355,0.0077598444,0.08050018,-0.013074743,-0.19007793,0.06411458,-0.10267418,0.05169263,-0.087052576,-0.035600677,-0.024261978,-0.09546679,-0.072272874,-0.14210449,0.086167626,0.10271884,-0.029412936,0.043382276,0.013886506,-0.056030024,0.15342733,0.04841119,-0.0633648,-0.03165988,-0.08122139,-0.07777473,-0.027255049,-0.062878616,0.02007093,0.16897166,-0.038153592,-0.03975641,-0.14986333,0.10800534,0.077415936,0.06919839,-0.06697383,-0.048642803,-0.09730179,0.0059220814,0.025946818,-0.069866255,-0.16211978,-0.1907408,-0.04416193,-0.08704561,-0.0809984,0.022305107,-0.07986715,-0.23758925,0.007055934,0.07628369,0.17524095,-0.20056146,0.13881856,-0.07723891,0.034491282,0.08380088,0.025876433,0.072136626,-0.008748595,0.1364717,-0.10684356,-0.19583693,-4.7276077e-05,-0.0838361,-0.020550529,-0.13822682,0.30343908,-0.17386916,-0.026438111,-0.09240293,0.08071197,0.08869469,-0.04630485,0.17634355,0.1316028,0.118008055,0.11650797,0.21789671,0.11794425,0.016757423,0.0019843832,0.08869918,0.05177878,-0.13262385,0.18923806,0.08174967,-0.0502063,-0.019401815,-0.17232735,0.10316075,0.14822318,-0.11312072,-0.18851224,0.015321006,-0.18287602,-0.03752669,-0.06402324,0.09773233,-0.07681693,0.11474003,-0.2671488,-0.077459216,-0.070035316,-0.056624766,0.14977747,0.06747086,-0.05580949,-0.06773322,0.0073769013,-0.11303721,-0.056108013,-0.053095784,-0.06958766,0.08554322,0.014803369,-0.027315423,-0.10248212,-0.043069843,0.12814157,-0.008832967,-0.044521675,-0.06309953,-0.19054155,0.16130649,-0.20937826,-0.0574298,-0.027745442,0.001308966,0.02786125,-0.018779457,0.027502071,0.024789378,0.07301467,0.08127431,-0.14549223,-0.005970913,-0.007086624,-0.15650484,0.1366494,0.13771783,0.03171329,-0.05302102,0.112537436,0.07501122,0.0414694,-0.0220293,-0.06300618,-0.035882533,0.060851127,0.12780416,-0.05068724,-0.06381196,0.022442127,-0.10779356,0.040075116,0.061582558,-0.01631739,0.14798091,0.059817955,-0.121773414,0.037668902,0.040298186,0.09672836,-0.0298442,0.036700845,0.018974815,0.023510063,0.08997579,0.09518334,0.015518721,0.098961085,0.15274987,-0.050473988,0.060234148,0.017649412,-0.070650704,-0.1198207,0.09415694,0.006419837,0.09151702,-0.19795318,-0.0056813406,-0.07050884
dead,-0.01324575,0.0050261184,-0.078243665,0.1491103,0.13981462,-0.08232556,0.11931439,0.24825922,-0.07770533,0.116543196,-0.13356353,-0.058488656,0.025243219,0.060008045,-0.053139463,-0.09131415,0.0063302964,0.10298494,-0.025615456,-0.20859359,0.08102255,-0.13757764,0.061119426,-0.1060517,-0.06309762,-0.032388307,-0.08354798,-0.10128832,-0.17076796,0.06986794,0.09258455,-0.014588889,0.02307953,0.0039260527,-0.055688757,0.13682385,0.03643124,-0.07850502,-0.027667793,-0.07134379,-0.087794304,-0.01568155,-0.08576703,0.015727485,0.16869235,-0.050287046,-0.050672222,-0.1402527,0.12413321,0.086817026,0.06462131,-0.0507083,-0.04820206,-0.08981908,0.013326376,0.024796844,-0.07308828,-0.16438526,-0.19283028,-0.057924587,-0.079889394,-0.09734105,0.028000593,-0.09626491,-0.24187258,0.0022732697,0.07670285,0.18358986,-0.24031171,0.15373549,-0.047202013,0.06672978,0.0924376,0.016708454,0.060047913,-0.0074275862,0.15566659,-0.116790205,-0.19149129,0.010210276,-0.09779252,-0.041340686,-0.14013308,0.30854282,-0.18197925,-0.029973842,-0.077328496,0.083917744,0.09857189,-0.038590483,0.16962604,0.14220107,0.12988813,0.11467303,0.23001589,0.12798183,0.010198566,-0.00053369865,0.09709672,0.043339748,-0.12365813,0.19763543,0.09808935,-0.07506894,-0.00014998947,-0.19348563,0.09593559,0.16830021,-0.119960986,-0.2005227,0.01924683,-0.2113212,-0.043078132,-0.065139465,0.121101715,-0.08352058,0.12290112,-0.25599563,-0.08005641,-0.059261035,-0.049702354,0.13759343,0.07211996,-0.054890268,-0.09072163,0.002533896,-0.10814135,-0.08313993,-0.07142546,-0.06854362,0.11498942,0.022993682,-0.036384344,-0.1399169,-0.062268082,0.12835725,-0.013253751,-0.031711064,-0.069657974,-0.22354618,0.20016941,-0.22376695,-0.05089698,-0.052234385,0.0015827653,0.04891163,-0.015478297,0.0320279,0.00475511,0.07522233,0.0993136,-0.14714985,0.005262446,-0.009724664,-0.17983638,0.14682949,0.12129907,0.042398665,-0.08584693,0.12709506,0.08155706,0.0512834,-0.045058686,-0.07694679,-0.035939004,0.0920709,0.16838962,-0.07216823,-0.03557221,0.019142132,-0.12703717,0.037697397,0.06729349,-0.011567407,0.17763197,0.080469236,-0.14254053,0.052787792,0.040502883,0.10025122,-0.016730562,0.0498404,0.034482572,0.025081528,0.10601185,0.10153589,0.024167646,0.10350863,0.17266016,-0.06536367,0.07630798,0.022706203,-0.091467716,-0.15245889,0.12741974,0.011683734,0.107543655,-0.22986205,-0.020145167,-0.09591633
why,0.04668638,-0.05873912,-0.082361974,0.2066295,0.19617748,-0.14277427,0.115109906,0.27687898,-0.09444338,0.1035385,-0.13353303,-0.09605431,0.025958816,0.09441741,-0.09638266,-0.029779214,-0.0059339795,0.040984035,0.004230488,-0.1656459,0.02859169,-0.07779786,0.039645918,-0.07437657,0.009615058,-0.015020426,-0.10943733,-0.049199283,-0.13203062,0.10048863,0.11764311,-0.04777019,0.07981585,0.024343604,-0.05850783,0.17562063,0.07638579,-0.04740957,-0.041406482,-0.10016125,-0.05993598,-0.04008914,-0.033586424,0.009708357,0.20290597,-0.012516961,-0.049210217,-0.19107825,0.09871607,0.07089004,0.07377136,-0.07204824,-0.0771762,-0.10073898,0.0046041943,0.044249356,-0.081447236,-0.17977284,-0.20453806,-0.04503643,-0.10586122,-0.08923932,0.026226074,-0.07531978,-0.2631338,0.022805138,0.0778416,0.17535032,-0.18626669,0.13735576,-0.104494,0.0061317054,0.06957656,0.03799887,0.091765486,-0.024405695,0.116472684,-0.10353726,-0.2421569,-0.0028839817,-0.07526973,-0.0095816,-0.12989202,0.31386483,-0.18521497,-0.03410539,-0.12207954,0.09197786,0.05319965,-0.074570596,0.19740494,0.11602449,0.095420346,0.12250458,0.21372014,0.1239322,0.0319456,0.017978555,0.071245104,0.08857324,-0.16079336,0.19324006,0.076525494,-0.0384969,-0.036141902,-0.14761168,0.104910925,0.14949995,-0.12054987,-0.20570803,0.0028173367,-0.16017684,-0.02443554,-0.063763395,0.08177622,-0.09336856,0.09956499,-0.2921251,-0.071004316,-0.08489925,-0.06921931,0.18062182,0.07356251,-0.055011712,-0.06241046,0.017691117,-0.110818274,-0.048832607,-0.035435915,-0.06653506,0.033792324,0.032118678,-0.019126743,-0.069809504,-0.031632792,0.15720008,-0.0006702855,-0.06212297,-0.063458025,-0.16985647,0.13785264,-0.23737352,-0.07538813,-0.01937044,-0.021663424,-0.0010406433,-0.0036131355,0.03126302,0.032586407,0.08006038,0.060715877,-0.14976381,0.00085260195,-0.017766643,-0.13772783,0.12018482,0.17588913,0.015325962,0.003108537,0.11094946,0.082131036,0.034913182,0.012011289,-0.047786783,-0.05993986,0.03260958,0.08726119,-0.031071791,-0.07947042,0.043906026,-0.07365323,0.029199256,0.055175707,-0.0364563,0.14139293,0.028042426,-0.08184465,0.019538222,0.023189334,0.1129535,-0.048327263,0.03079737,0.02276583,0.0065417676,0.09403833,0.08653644,0.0037411118,0.089614496,0.12409082,-0.048160065,0.050135363,0.007206673,-0.051807307,-0.078700304,0.07912036,0.0112583665,0.07683136,-0.18499601,0.012183403,-0.050848726
own,0.0013583491,-0.012421476,-0.06641974,0.15261349,0.13435894,-0.09416828,0.103742465,0.2224888,-0.069846906,0.0960436,-0.12946764,-0.06380179,0.024557326,0.061398286,-0.05950924,-0.06303853,0.0055384575,0.072168775,-0.015846469,-0.1765583,0.069075555,-0.099356644,0.04533573,-0.076869026,-0.03345579,-0.028811308,-0.093156524,-0.07593761,-0.13628313,0.073309235,0.091833964,-0.02937826,0.03348132,0.012307901,-0.046791635,0.13415131,0.043670278,-0.06437875,-0.029843466,-0.063670926,-0.07322836,-0.019526336,-0.06144936,0.017990714,0.15047748,-0.029907623,-0.03382274,-0.14020573,0.097905725,0.07357835,0.06183529,-0.05719944,-0.044021584,-0.085499495,0.000976932,0.030666212,-0.06666687,-0.14531724,-0.17493977,-0.0481313,-0.07285734,-0.07511876,0.020041937,-0.075737216,-0.21879369,0.007910836,0.073931776,0.15903008,-0.19123352,0.12506309,-0.06470283,0.03296605,0.08914235,0.022676324,0.06234621,-0.008228571,0.12350326,-0.09426159,-0.18689232,0.0028462496,-0.07663436,-0.02929572,-0.1253563,0.27322385,-0.16112182,-0.026980268,-0.088532396,0.07137842,0.07960668,-0.03707114,0.16498055,0.12769441,0.11097505,0.10309876,0.20091294,0.115502015,0.015647072,0.0052543744,0.07631389,0.053144928,-0.114303,0.18138647,0.0861767,-0.053778674,-0.018678997,-0.15567818,0.085182525,0.14736506,-0.10524488,-0.17817746,0.020052876,-0.17294545,-0.037138846,-0.05746284,0.09886103,-0.08180414,0.10669802,-0.24682419,-0.060111538,-0.061613802,-0.05141303,0.14005777,0.062834345,-0.04892051,-0.06624216,0.006419947,-0.092255615,-0.057816464,-0.05525349,-0.062273655,0.075918436,0.0123408465,-0.020259947,-0.109825134,-0.050170306,0.11399442,-0.00662886,-0.036079936,-0.053010948,-0.18221119,0.15267572,-0.19817936,-0.043913513,-0.040220946,-0.00063202897,0.0411787,-0.0141621195,0.020857818,0.019025365,0.06252189,0.07895856,-0.1320735,-0.008749884,-0.0080363415,-0.1397243,0.12521246,0.12631662,0.02897245,-0.06680472,0.10637963,0.07021923,0.045500644,-0.027898336,-0.06185503,-0.030025283,0.07043277,0.12780455,-0.053142525,-0.046549093,0.021688301,-0.10380795,0.02892966,0.05514736,-0.019394463,0.13818064,0.06263989,-0.111312404,0.03624786,0.035323165,0.097395465,-0.017836874,0.034507234,0.015020917,0.021937622,0.08088522,0.08549987,0.013019122,0.09351975,0.13464233,-0.05028916,0.054999895,0.018344937,-0.0727873,-0.11160754,0.090752356,0.0052623595,0.08411517,-0.19000243,-0.021245485,-0.07768847
dear,0.01571506,-0.032719277,-0.078045905,0.18734449,0.17253226,-0.11481128,0.11610318,0.27597687,-0.09117889,0.11027043,-0.14352241,-0.08206674,0.02683889,0.07724331,-0.07326191,-0.063339904,-0.0046313303,0.06916713,-0.0029895373,-0.1945206,0.056966692,-0.1010762,0.052500695,-0.07748118,-0.026751544,-0.025284491,-0.11102649,-0.0686094,-0.15296526,0.09263413,0.10698604,-0.034063637,0.054251302,0.019167723,-0.06306026,0.16051331,0.054232374,-0.06820825,-0.033126846,-0.08657228,-0.076395564,-0.0294212,-0.05888854,0.018367738,0.18701701,-0.03595672,-0.04240086,-0.17534724,0.107488476,0.08011786,0.068417124,-0.0725806,-0.06319849,-0.099305615,0.013018835,0.03725037,-0.07522133,-0.16869332,-0.20075408,-0.045680247,-0.08923637,-0.08912439,0.022678725,-0.08397806,-0.2630231,0.017776454,0.08532925,0.17910716,-0.20580249,0.15158956,-0.085213505,0.03069125,0.08539131,0.03587338,0.0772896,-0.007458637,0.13477604,-0.10971046,-0.2206837,-0.003787519,-0.07938968,-0.023887979,-0.13646409,0.31717035,-0.1866611,-0.023426348,-0.10567225,0.09188087,0.08780439,-0.053600106,0.19964145,0.13568015,0.11602068,0.117811576,0.22776324,0.13215289,0.021235133,0.008077232,0.086826,0.06663778,-0.14546327,0.19641662,0.09069103,-0.05203057,-0.031893156,-0.17195244,0.10798985,0.16486727,-0.11894267,-0.20848049,0.007049378,-0.18588792,-0.04087179,-0.06519462,0.10542704,-0.09391602,0.11737755,-0.29236865,-0.07107857,-0.082817346,-0.0659423,0.16961914,0.06938685,-0.05463081,-0.06961749,0.003744519,-0.11711048,-0.0681215,-0.048978828,-0.06820477,0.078390464,0.030270642,-0.02682424,-0.10147508,-0.043123044,0.14915249,-0.00031505091,-0.049726836,-0.06624291,-0.19725522,0.16991976,-0.23298873,-0.06942066,-0.03440529,-0.0056350194,0.03251566,-0.01605522,0.03325444,0.029531471,0.086189434,0.08428816,-0.14714299,-0.0059409966,-0.006048483,-0.154054,0.13219082,0.15888129,0.026499713,-0.045489706,0.12164541,0.07515875,0.05555161,-0.01574937,-0.07268734,-0.042414874,0.06235694,0.1312661,-0.05473391,-0.06926174,0.036765747,-0.10638739,0.042082105,0.060126018,-0.025203122,0.1582942,0.049218476,-0.113033086,0.03339917,0.029258145,0.11373692,-0.030416569,0.0429014,0.023180956,0.016861105,0.098846965,0.08527738,0.0047135786,0.09218829,0.15074989,-0.04600771,0.06606301,0.015711164,-0.07285105,-0.11257025,0.10308515,0.011208332,0.098096475,-0.21084245,-0.0053854957,-0.07166712
side,-0.030478228,0.018514812,-0.059981205,0.11858063,0.09891533,-0.044168547,0.11218189,0.20743491,-0.06285662,0.09987294,-0.12378088,-0.04005365,0.033352554,0.03969289,-0.03596392,-0.09967569,0.012221388,0.10346343,-0.030714788,-0.19458538,0.091911554,-0.14192794,0.050716132,-0.09987664,-0.076718874,-0.04132381,-0.07165209,-0.09811292,-0.1590167,0.05893242,0.07280604,-0.007793361,0.0028546106,0.006651091,-0.04430065,0.10385226,0.020073853,-0.070001155,-0.0093443245,-0.054644194,-0.09547355,0.00012871633,-0.09014006,0.019900998,0.1404109,-0.0561638,-0.044816695,-0.09621145,0.12015046,0.07419076,0.0540012,-0.04454017,-0.027383113,-0.078389645,0.011405028,0.019931618,-0.055655282,-0.12869568,-0.15670632,-0.05367927,-0.05199589,-0.083480604,0.024587197,-0.10120367,-0.21265712,-0.005434737,0.06648335,0.16292146,-0.22841717,0.13711557,-0.025198055,0.074459724,0.098945305,0.009331778,0.04020949,0.0018153698,0.14059284,-0.10893286,-0.15080357,0.021401318,-0.087031215,-0.03990194,-0.1312997,0.2667397,-0.14530198,-0.015589368,-0.0510463,0.06521325,0.10676754,-0.01483323,0.12827623,0.13130692,0.12628502,0.10529125,0.2087875,0.108029395,0.0014280303,-0.024174286,0.087652974,0.02124062,-0.102884196,0.17861307,0.09131117,-0.073435694,0.0092316205,-0.1863417,0.07921063,0.15886956,-0.10823363,-0.16180936,0.022935726,-0.19485715,-0.04403065,-0.05845737,0.11515903,-0.06435236,0.1240737,-0.21156082,-0.0665063,-0.049435403,-0.03316552,0.11707549,0.056149043,-0.03813848,-0.08960536,-0.0070790257,-0.0913915,-0.08120301,-0.08270223,-0.06610824,0.13367619,0.0028341082,-0.03407993,-0.14827392,-0.061803784,0.0979551,-0.015540614,-0.02351754,-0.0536805,-0.21118121,0.181085,-0.18714717,-0.02982379,-0.044413876,0.0061828555,0.0808213,-0.025276354,0.030262144,0.0032143584,0.06007944,0.098922014,-0.12874196,-0.003438286,-0.0041503203,-0.17142995,0.13334008,0.09810766,0.057707034,-0.11266075,0.11775489,0.07180764,0.056315426,-0.05134844,-0.07726799,-0.02611487,0.10209292,0.17063548,-0.07794287,-0.019938625,0.010917722,-0.13889769,0.036013603,0.06127053,0.0017411162,0.16905142,0.0893909,-0.1499674,0.068153135,0.043908004,0.082547046,-0.0032206734,0.053666566,0.040405687,0.029633565,0.09561231,0.10083168,0.028510401,0.09619941,0.1659496,-0.059593257,0.075563625,0.024151023,-0.0920666,-0.1509437,0.12383982,0.0075940867,0.09488912,-0.2111763,-0.03188194,-0.10612081
ah,0.014568388,-0.020827904,-0.05952964,0.14753664,0.1397805,-0.088900045,0.0918361,0.21265922,-0.06835304,0.084983066,-0.104258575,-0.066573255,0.02491608,0.06319411,-0.06054737,-0.048890002,-0.0006727208,0.057184212,-0.0003748749,-0.15192291,0.043501567,-0.079574555,0.04175091,-0.07099221,-0.014742838,-0.020794231,-0.08152722,-0.05776302,-0.117638834,0.07219157,0.085888885,-0.021522686,0.040222224,0.009699254,-0.04743198,0.13404189,0.053913843,-0.049502876,-0.026527576,-0.071627684,-0.066902764,-0.022715302,-0.04453332,0.00757742,0.15342036,-0.019666526,-0.040903427,-0.14179344,0.08572551,0.06228326,0.057533287,-0.048912257,-0.051533226,-0.07505457,0.003931541,0.023733022,-0.060685743,-0.13762978,-0.16703814,-0.039567303,-0.07947946,-0.07050145,0.027722752,-0.063833944,-0.21116675,0.01544486,0.063208885,0.14114094,-0.16370043,0.1213423,-0.06858125,0.029830543,0.06497748,0.028481431,0.060475964,-0.017018335,0.111085825,-0.08414067,-0.17350963,0.004456516,-0.06794428,-0.011638736,-0.105895974,0.24651937,-0.14881113,-0.019591782,-0.084131345,0.07435157,0.061549712,-0.042990074,0.154121,0.10731079,0.088647455,0.09744234,0.17134051,0.09972421,0.016218344,0.0021489912,0.06838836,0.058067854,-0.11485921,0.15440124,0.067674905,-0.041880723,-0.018154472,-0.14127047,0.08290932,0.13063656,-0.10424469,-0.16221246,0.0016929283,-0.14870463,-0.03255543,-0.05498413,0.07866427,-0.07021387,0.087997876,-0.22506212,-0.057237066,-0.06728685,-0.049411427,0.13601783,0.0514814,-0.042911913,-0.060236685,0.002387298,-0.08478996,-0.05427345,-0.041572403,-0.056501757,0.056997985,0.024066113,-0.0179955,-0.07806642,-0.035512354,0.122880965,-0.0038561122,-0.04244238,-0.05260537,-0.16292295,0.1353149,-0.18117526,-0.04921072,-0.030059936,-0.0016306466,0.017510956,-0.013394715,0.03223839,0.016543798,0.06186314,0.0687551,-0.123745695,-0.0055715535,-0.01217509,-0.13005206,0.10712718,0.12442541,0.022264566,-0.031555533,0.09074955,0.06304253,0.031944122,-0.012216122,-0.05574752,-0.037211694,0.052743666,0.09714078,-0.03498291,-0.052819885,0.028705314,-0.08464076,0.022261908,0.05094158,-0.025480365,0.1302462,0.03632781,-0.08698349,0.034956194,0.029190069,0.08532686,-0.024007672,0.026957477,0.015155081,0.014931554,0.08145648,0.07362415,0.010115645,0.07542777,0.1221365,-0.04374656,0.049280804,0.017126523,-0.05293479,-0.098229274,0.08345363,0.008377937,0.07842082,-0.16229217,-0.005864263,-0.058017608
open,-0.0053715943,-0.0018392836,-0.068721965,0.1455644,0.13615729,-0.085649826,0.12565428,0.23976691,-0.06729707,0.11150712,-0.1267242,-0.04926203,0.032517683,0.058734223,-0.049362227,-0.09165815,-0.004176957,0.0912013,-0.020487644,-0.19763614,0.08597046,-0.12687595,0.05873683,-0.10486881,-0.056978613,-0.032564864,-0.085176244,-0.09133685,-0.1681179,0.08097466,0.08888658,-0.025071742,0.01881303,-0.0031422982,-0.052544586,0.14182006,0.034900833,-0.07782733,-0.029327868,-0.0715315,-0.09432185,-0.012950601,-0.07894696,0.006546982,0.17742476,-0.051331203,-0.056734774,-0.1452383,0.13098866,0.0900174,0.062407274,-0.057622682,-0.047476742,-0.08168632,0.01757597,0.019620355,-0.06798112,-0.16154282,-0.18660435,-0.054166175,-0.07024291,-0.08866163,0.023052929,-0.09885341,-0.24182707,0.0079906685,0.07416354,0.1727366,-0.22341497,0.15131982,-0.046415757,0.06214138,0.10046935,0.0239767,0.06693927,-0.0030579416,0.14447798,-0.122166045,-0.19025438,0.0043331143,-0.09753688,-0.032930292,-0.13161194,0.2997973,-0.16971456,-0.023775993,-0.08655706,0.07859472,0.10493854,-0.037771154,0.1654053,0.14278445,0.12837932,0.109618194,0.22966477,0.12100823,0.0072844946,-0.0086990455,0.09124824,0.04140203,-0.11235546,0.19416595,0.094588615,-0.07764589,-0.002558589,-0.19531704,0.096654594,0.17012969,-0.12430166,-0.19859028,0.017696915,-0.19740392,-0.05492256,-0.06328375,0.115957074,-0.08058622,0.12811688,-0.24904199,-0.06950039,-0.065844856,-0.052321456,0.14277188,0.07219498,-0.045729764,-0.09200084,-0.007354264,-0.10005897,-0.08532686,-0.070436545,-0.073273666,0.118256986,0.016880715,-0.03336825,-0.14041376,-0.058084786,0.13194133,-0.019701533,-0.032213174,-0.06038679,-0.2184922,0.1898239,-0.22243036,-0.050403398,-0.044664763,0.005182546,0.059976876,-0.024057698,0.039759785,0.013983797,0.07662169,0.09510732,-0.15367006,-0.0032686286,-2.0693777e-05,-0.1769604,0.14949644,0.12298135,0.043704968,-0.08491987,0.12656896,0.07823104,0.05654681,-0.03834365,-0.07641554,-0.032793146,0.088181205,0.16870569,-0.06573966,-0.044159684,0.022823894,-0.13390505,0.041269552,0.069312796,-0.011155102,0.17054322,0.075989425,-0.1401281,0.05083807,0.032491762,0.096494555,-0.018056955,0.050061923,0.02875603,0.019176174,0.10695001,0.10479837,0.014869906,0.100189574,0.16524693,-0.05405975,0.07694442,0.022074206,-0.09268082,-0.15099719,0.12048896,0.011186522,0.11321877,-0.22776498,-0.024805084,-0.09666263
bride,0.0015913986,-0.012243979,-0.061357487,0.13747816,0.1310544,-0.07381682,0.09991408,0.22318497,-0.06654398,0.104607604,-0.120223895,-0.0641066,0.025235835,0.054812826,-0.06134846,-0.07054852,-0.0026813801,0.08595168,-0.018738262,-0.1866015,0.06444053,-0.112018935,0.056816667,-0.08121683,-0.043475464,-0.027801178,-0.08431142,-0.08661548,-0.15044682,0.06824382,0.085537285,-0.02246798,0.024107603,0.004889506,-0.053054146,0.13074374,0.03267443,-0.06952124,-0.027783524,-0.064843796,-0.07710032,-0.016578633,-0.067533836,0.012268621,0.16066794,-0.036956165,-0.041983247,-0.1342458,0.10644153,0.073840775,0.053035747,-0.0489239,-0.037666257,-0.08235018,0.009528394,0.022869108,-0.06240809,-0.15268597,-0.17395525,-0.05142482,-0.070412,-0.08107586,0.024714543,-0.0845022,-0.22486524,0.0074894023,0.067306444,0.15541826,-0.2074385,0.13678421,-0.05174105,0.052022833,0.08069692,0.020795118,0.05890479,-0.006698518,0.13442892,-0.1059847,-0.17303413,0.010112304,-0.07754491,-0.027816985,-0.12289502,0.26589096,-0.16052334,-0.02313619,-0.07799523,0.06843759,0.08361007,-0.033899095,0.1488811,0.12634811,0.11251752,0.10756248,0.2023155,0.10726428,0.013485813,0.0006298318,0.08084613,0.043338116,-0.11305505,0.17520699,0.083800055,-0.06426073,-0.0012563133,-0.16215396,0.084050745,0.14867099,-0.11261578,-0.17121728,0.0117315035,-0.16964488,-0.03673862,-0.05935605,0.100749604,-0.07327762,0.1096704,-0.23024465,-0.060679134,-0.062316284,-0.053420506,0.12969245,0.06519043,-0.045857906,-0.07787714,-0.0066275764,-0.09999072,-0.06951178,-0.066729344,-0.06656524,0.08966091,0.023823813,-0.026496183,-0.12268315,-0.047191285,0.1137747,-0.018673405,-0.03334844,-0.058126293,-0.1929732,0.1697306,-0.19497672,-0.045189485,-0.034315135,-0.0026595967,0.04234195,-0.012560594,0.02940094,0.013346076,0.06703664,0.08323394,-0.13630152,-0.007133962,-0.00033508183,-0.14867021,0.13064021,0.12279743,0.040199034,-0.06495139,0.10635918,0.07424332,0.04248107,-0.0355072,-0.061366666,-0.0403529,0.07673624,0.14139007,-0.058679625,-0.040429767,0.019514695,-0.11008317,0.03748388,0.059377782,-0.014068196,0.15147027,0.06968807,-0.1142878,0.046343338,0.036906645,0.09212839,-0.01819817,0.044772606,0.0329312,0.01392162,0.09814,0.08580746,0.024145719,0.09612583,0.14398338,-0.05114314,0.066952884,0.019282414,-0.07994068,-0.123387344,0.10710227,0.0065569314,0.098258086,-0.20007126,-0.018864993,-0.07962436
hair,-0.0206572,0.007264072,-0.0624614,0.13563454,0.11387374,-0.07210336,0.10763643,0.21765742,-0.07108489,0.10483716,-0.12591042,-0.052859597,0.033447232,0.047838647,-0.041857924,-0.08428847,0.007489174,0.08776949,-0.023272999,-0.18822283,0.08061749,-0.12340352,0.054411262,-0.09185911,-0.063913465,-0.02824401,-0.07156937,-0.09934765,-0.15196589,0.059227563,0.081363864,-0.01663624,0.011424747,0.0038088448,-0.047942787,0.11995505,0.032760557,-0.069089204,-0.020360159,-0.057471536,-0.0807596,-0.012963501,-0.08193598,0.020127593,0.14624535,-0.042460106,-0.037174582,-0.118492976,0.11152096,0.08020903,0.05906007,-0.045447074,-0.03864333,-0.07869436,0.0069463407,0.022804987,-0.06309576,-0.14139691,-0.17837825,-0.05133665,-0.070126414,-0.08261441,0.01877707,-0.08184632,-0.20709598,0.0015511671,0.074581325,0.16064596,-0.2090278,0.13865598,-0.03976452,0.060090955,0.08516979,0.016664514,0.057703946,-0.006028067,0.1339294,-0.1018133,-0.17218943,0.010877501,-0.08604982,-0.037702225,-0.13082916,0.26827356,-0.150499,-0.02636557,-0.07692215,0.07029239,0.09665875,-0.026921673,0.14449817,0.12859333,0.12867826,0.10663099,0.20774627,0.11169001,0.011747064,-0.0011103338,0.08618808,0.036898058,-0.10909663,0.18511516,0.09593725,-0.064375296,-0.0068338006,-0.17595178,0.095413245,0.14797646,-0.106618606,-0.1718629,0.025078522,-0.18446001,-0.038611453,-0.05724119,0.10108759,-0.07413859,0.118184716,-0.22417945,-0.07386298,-0.053473756,-0.04709496,0.12326756,0.060928896,-0.048098348,-0.082170814,-0.00527889,-0.09189734,-0.0709625,-0.068828866,-0.062907666,0.1107159,0.018148053,-0.030838067,-0.12716013,-0.055352435,0.11596832,-0.007010658,-0.02342514,-0.062406987,-0.21118398,0.17308934,-0.19042015,-0.047261856,-0.042061325,-0.002302741,0.052149124,-0.01118004,0.027794767,0.0027787038,0.06847752,0.09294724,-0.12806387,0.0012813617,-0.008928805,-0.15422258,0.13535102,0.10500764,0.044687454,-0.089367844,0.1070068,0.06664926,0.051949188,-0.039581478,-0.07312993,-0.031076843,0.09288268,0.14871714,-0.05816925,-0.034574185,0.018395837,-0.11877643,0.03187412,0.05915925,-0.0068942215,0.15523124,0.08088465,-0.13228756,0.04837057,0.037180834,0.08141487,-0.011343026,0.044559024,0.029167792,0.022038473,0.0901615,0.09487778,0.021380758,0.10067917,0.15781525,-0.04844585,0.06823943,0.02074469,-0.09107122,-0.13650899,0.10826697,0.0008889822,0.10041526,-0.20150489,-0.02673802,-0.092907116
wanted,-0.00942076,0.0025427006,-0.070171446,0.13415031,0.11809502,-0.071750775,0.10375812,0.2174084,-0.06551189,0.096760124,-0.115495,-0.051416006,0.025296086,0.043244716,-0.049273863,-0.07444935,0.0048692725,0.08240419,-0.022634357,-0.18452698,0.07831254,-0.1181885,0.055631798,-0.08858707,-0.06111906,-0.026022734,-0.07712227,-0.0903561,-0.14955518,0.062812835,0.076717645,-0.018515347,0.020825202,-0.003488972,-0.042012278,0.12550598,0.035910178,-0.06453563,-0.020625606,-0.057373375,-0.07001533,-0.016034493,-0.06554866,0.017712472,0.15184854,-0.042466257,-0.041917127,-0.12753443,0.11341882,0.07567874,0.051495977,-0.038194858,-0.034475796,-0.074515454,0.008873138,0.026745008,-0.06269735,-0.14534971,-0.16683474,-0.05347527,-0.06933741,-0.082016,0.030169467,-0.08021456,-0.20418285,0.008207966,0.06985932,0.15458386,-0.19185913,0.12142656,-0.04494621,0.054025274,0.07099372,0.026570007,0.059880838,-0.008853626,0.12411864,-0.10386305,-0.15537058,0.00910999,-0.0820968,-0.03491343,-0.12303175,0.25248924,-0.14561492,-0.02699747,-0.07653192,0.074029475,0.09278661,-0.02472586,0.1440435,0.12280926,0.118844934,0.10127144,0.19077231,0.10317293,0.013898606,-0.006926656,0.08267766,0.03564827,-0.10459327,0.16632721,0.08618205,-0.07094413,-0.0037720853,-0.17164443,0.08903081,0.14247765,-0.107615724,-0.17055786,0.024047364,-0.17480955,-0.037457287,-0.056773625,0.10585435,-0.08039257,0.105218,-0.2205545,-0.06612082,-0.045073096,-0.04279299,0.12473189,0.061925855,-0.039221708,-0.081494495,-0.006879148,-0.08892962,-0.07154091,-0.05766847,-0.065709464,0.096479885,0.020719888,-0.03267111,-0.12736131,-0.050929647,0.11652118,-0.012082177,-0.024991103,-0.050040517,-0.2001947,0.15773632,-0.19546269,-0.04759103,-0.04659939,0.0025432443,0.045663703,-0.010262422,0.028399263,0.012800785,0.058434673,0.081474975,-0.12143564,-0.0018006241,-0.0045428397,-0.15235819,0.12769368,0.10526688,0.035315383,-0.08264687,0.1082504,0.061875463,0.05017303,-0.04042726,-0.072686754,-0.030841945,0.08568467,0.14708397,-0.0543748,-0.032986812,0.031844113,-0.11401567,0.03495613,0.055541664,-0.006617288,0.14772172,0.067762345,-0.123698324,0.054615036,0.037649956,0.08803744,-0.018012835,0.04248123,0.029385278,0.010659778,0.08414117,0.0865662,0.019978324,0.0963088,0.14886804,-0.045075018,0.062014166,0.017600035,-0.07536519,-0.13443376,0.11450229,0.0062807826,0.092900075,-0.20389852,-0.01781463,-0.08714306
knew,0.0014130217,-0.014106347,-0.063301034,0.15048406,0.14097413,-0.08504675,0.09904721,0.22517246,-0.07101949,0.102968365,-0.118131824,-0.06219973,0.022090385,0.053110164,-0.06440034,-0.061001576,-0.006920919,0.06331854,-0.0038239688,-0.16884111,0.04866966,-0.10246668,0.05206263,-0.08622946,-0.028663173,-0.020700037,-0.08773507,-0.076581396,-0.13801304,0.081006534,0.077340655,-0.027956074,0.03372404,0.007981267,-0.052879702,0.13740216,0.04296167,-0.054132544,-0.023017624,-0.067849055,-0.068466425,-0.024916718,-0.05816298,0.013471116,0.16171333,-0.029198145,-0.04278152,-0.14552078,0.096297644,0.070611835,0.057119004,-0.038164895,-0.051751874,-0.08797268,0.015570015,0.024069281,-0.059485912,-0.14591125,-0.16933022,-0.051694363,-0.082722954,-0.08779532,0.026324674,-0.08630485,-0.23463616,0.006931325,0.061481696,0.1553923,-0.19524759,0.13157168,-0.056065246,0.038302112,0.06401585,0.026833776,0.061021347,-0.014224139,0.12501991,-0.096119754,-0.18956158,0.011891554,-0.081916764,-0.022490093,-0.119993135,0.26151,-0.15984449,-0.027853893,-0.08713307,0.07401695,0.076327875,-0.044124935,0.16282402,0.116085745,0.10335909,0.1056014,0.19450285,0.112545565,0.02776994,-0.00085792184,0.077257,0.051137134,-0.11802475,0.17105603,0.07313504,-0.061610572,-0.009125846,-0.15423132,0.08131021,0.13953184,-0.111934304,-0.17915937,0.010082202,-0.17221393,-0.031677373,-0.050947145,0.094875164,-0.088026375,0.09751767,-0.24565202,-0.07108933,-0.06360319,-0.050107393,0.13840215,0.06670974,-0.042714782,-0.07309335,-0.0056113685,-0.09084455,-0.06336135,-0.049556393,-0.06518061,0.07862918,0.023844782,-0.02842299,-0.10717109,-0.04746603,0.12782885,-0.004532584,-0.037722964,-0.053977773,-0.19712365,0.14979495,-0.2026793,-0.059673753,-0.028747885,-0.011324983,0.023061326,-0.011296188,0.02751897,0.015136309,0.0597176,0.077929996,-0.13622811,-0.0007246269,-0.0062472858,-0.1462576,0.11565442,0.13201596,0.034905013,-0.055819172,0.10540957,0.063851565,0.042232115,-0.031208057,-0.060182836,-0.045878418,0.061551586,0.13163054,-0.047376446,-0.048818443,0.03769541,-0.09554156,0.031275388,0.05233385,-0.021186542,0.14655794,0.053630494,-0.10940637,0.04523363,0.023266517,0.08510839,-0.0259452,0.03767301,0.028416092,0.0064138593,0.08925137,0.08777578,0.014963748,0.08869589,0.13607042,-0.055829175,0.05844034,0.011670704,-0.06027557,-0.12158409,0.10836698,0.010349499,0.08258779,-0.20051354,-0.005739061,-0.072985604
care,0.028291054,-0.043941166,-0.06908377,0.1943462,0.17485456,-0.13187031,0.12668015,0.27698788,-0.085801214,0.107448444,-0.13588446,-0.09239016,0.03841539,0.079681315,-0.090006664,-0.045888033,-0.007086369,0.053438816,0.0013926699,-0.18712042,0.04854123,-0.09167835,0.046969995,-0.08586119,-0.022760896,-0.011243356,-0.10882248,-0.058373373,-0.1440277,0.10075226,0.11268917,-0.03508977,0.06940569,0.014702599,-0.06441693,0.17101552,0.06951942,-0.053960722,-0.032314897,-0.08990112,-0.06950924,-0.041487757,-0.049828473,0.006825967,0.18741535,-0.023407316,-0.05093432,-0.17524922,0.098510794,0.0744356,0.08060336,-0.07563264,-0.063927695,-0.10136941,0.0008986203,0.031819895,-0.077066325,-0.17961487,-0.20994338,-0.050024737,-0.09984739,-0.094420396,0.0316873,-0.0819348,-0.25905958,0.023233764,0.074492484,0.17580341,-0.1871683,0.14152057,-0.08897963,0.024203638,0.07634091,0.03732829,0.08108015,-0.016657112,0.12158004,-0.10746484,-0.22725414,0.0031501835,-0.079285696,-0.021607554,-0.13474385,0.3211379,-0.18217883,-0.034045264,-0.11429171,0.093053795,0.067796834,-0.059995506,0.20612238,0.12407808,0.118708774,0.11885353,0.2244193,0.12969524,0.025264792,0.01172747,0.08986762,0.07057873,-0.15482679,0.18946506,0.07853711,-0.053068466,-0.029059732,-0.16503768,0.109653234,0.1568795,-0.13120225,-0.20322752,0.005899849,-0.16819997,-0.033401977,-0.067089505,0.09125001,-0.09194517,0.106434524,-0.28660387,-0.074173,-0.082222015,-0.056150284,0.17484792,0.0608186,-0.059511375,-0.07508218,0.007078761,-0.11779353,-0.05355577,-0.054311033,-0.07856348,0.06343607,0.020777307,-0.029831551,-0.08613353,-0.042375118,0.15702991,0.0049536424,-0.06144601,-0.070438184,-0.20258623,0.14603685,-0.23059,-0.06684861,-0.031250257,-0.014674283,0.017017845,-0.009230496,0.027476018,0.036379214,0.07716045,0.076621264,-0.14818993,-0.007556301,-0.019007647,-0.1506293,0.12740931,0.16029553,0.035145335,-0.02660209,0.11575457,0.07885715,0.039552663,-0.002391916,-0.06882648,-0.046756387,0.04615249,0.11054744,-0.046446543,-0.07452493,0.036847536,-0.102055326,0.033062804,0.06704092,-0.032598507,0.15113637,0.04006853,-0.104685694,0.031830806,0.03166111,0.11286872,-0.039215367,0.03227589,0.023788443,0.020495769,0.08866123,0.084005475,0.016763749,0.08892878,0.14762977,-0.050509494,0.055712648,0.008136455,-0.06122122,-0.109558314,0.08470613,0.008738006,0.09541535,-0.20042367,-0.0023911828,-0.06673777
run,0.0010224234,-0.01287586,-0.07583664,0.15571006,0.1404899,-0.09133767,0.11033351,0.23606397,-0.07540189,0.09874305,-0.1275425,-0.062163673,0.021712257,0.057930704,-0.06400778,-0.068452194,0.0076100063,0.08229878,-0.010097398,-0.18658851,0.07494187,-0.10823912,0.060431477,-0.08612419,-0.051660605,-0.026037732,-0.08993298,-0.08397224,-0.15404354,0.074606605,0.09046618,-0.02938088,0.030785648,0.002059472,-0.050554227,0.13890785,0.0447593,-0.0665192,-0.034846697,-0.06754726,-0.07332159,-0.017787382,-0.065463945,0.009557557,0.16179824,-0.043268565,-0.048683923,-0.13574702,0.11292727,0.08201404,0.055472303,-0.05155567,-0.044083536,-0.0785295,0.0044438303,0.031592008,-0.06537511,-0.15973058,-0.17441444,-0.049693726,-0.08047931,-0.083485916,0.030110663,-0.080257766,-0.21902479,0.009057971,0.06329893,0.1567266,-0.19804054,0.13409935,-0.04964965,0.045080613,0.081681475,0.025407506,0.060733806,-0.013584016,0.13786758,-0.10129952,-0.183594,0.018524121,-0.086403355,-0.034450892,-0.13304019,0.27678788,-0.15965247,-0.030765925,-0.08486648,0.07265323,0.09070471,-0.036966193,0.15782353,0.12911947,0.12039325,0.1093293,0.20221975,0.1158531,0.012943648,-0.008172892,0.07830127,0.05010454,-0.11579204,0.18618989,0.084764704,-0.060149934,-0.004470088,-0.17097038,0.08992914,0.1464949,-0.10482103,-0.17599674,0.025127396,-0.17562413,-0.030181903,-0.057649016,0.09990343,-0.075650275,0.109400555,-0.23603433,-0.07373398,-0.054032367,-0.0535553,0.12836178,0.06580348,-0.044475444,-0.08201449,-0.007229515,-0.09377406,-0.06982487,-0.06306272,-0.06647832,0.09233535,0.021975983,-0.03446513,-0.119848646,-0.05590332,0.12525879,-0.017597979,-0.032994118,-0.052037485,-0.2051299,0.15927446,-0.19831885,-0.055106618,-0.04366195,-0.00740653,0.04389083,-0.012269026,0.025568837,0.008918208,0.070846766,0.08345199,-0.1305119,-0.0018810201,-0.009045718,-0.14917253,0.13182345,0.12102788,0.03566294,-0.07483345,0.112177044,0.06310738,0.050138302,-0.039714888,-0.06545312,-0.030842625,0.08087179,0.13932833,-0.052780114,-0.039650064,0.026162561,-0.11403073,0.034493417,0.057192236,-0.0060322685,0.15244699,0.0655983,-0.12486879,0.04589821,0.02773767,0.08944327,-0.024207002,0.045988485,0.025871608,0.015707882,0.08856682,0.09224952,0.012671137,0.0911817,0.1480223,-0.04575469,0.06740389,0.026404489,-0.083533704,-0.12219576,0.11273238,0.012383805,0.093857534,-0.20752251,-0.015615155,-0.09064908
many,0.004326518,-0.008703465,-0.070748016,0.16921489,0.15234445,-0.1033136,0.12480459,0.26159668,-0.08347236,0.11223021,-0.13378656,-0.07286616,0.036794417,0.060615946,-0.0739204,-0.0702934,-0.0034196698,0.08286338,-0.010678977,-0.20090161,0.060765132,-0.118207105,0.06164773,-0.10021353,-0.03828836,-0.025774645,-0.094948485,-0.0869085,-0.15824887,0.082302086,0.097698994,-0.024089526,0.04317115,0.020098979,-0.06291938,0.15521127,0.050135963,-0.06784187,-0.030398844,-0.08621766,-0.08472511,-0.022823064,-0.06352746,0.007211518,0.17780858,-0.040933907,-0.052988235,-0.15561998,0.111516505,0.080217704,0.07468878,-0.06122137,-0.06038875,-0.088017814,0.014633985,0.025038833,-0.07664278,-0.16304995,-0.19667208,-0.056688767,-0.09305665,-0.102449104,0.031998567,-0.0902048,-0.25734952,0.015657183,0.07463916,0.18361986,-0.22798418,0.15493035,-0.06273916,0.048785433,0.08255141,0.02933956,0.06495337,-0.018746495,0.14501607,-0.114460126,-0.19932339,0.012155173,-0.09797383,-0.029890971,-0.13519011,0.3052717,-0.18188553,-0.029187689,-0.092130646,0.08327547,0.09157693,-0.04872083,0.1782036,0.14003474,0.12746397,0.12773061,0.23030034,0.13044716,0.020760795,0.0054852897,0.08470822,0.047929488,-0.13790268,0.1941101,0.08962702,-0.0642706,-0.014952991,-0.18612517,0.097864255,0.16769639,-0.11914963,-0.20104483,0.008803378,-0.19060223,-0.04007324,-0.07020147,0.101862155,-0.093276136,0.118095346,-0.26729593,-0.07703198,-0.066289,-0.06518175,0.15637437,0.06874682,-0.051163234,-0.086138405,-0.0072812233,-0.11710877,-0.0662453,-0.062059768,-0.07449132,0.08671214,0.032649603,-0.033186108,-0.122878745,-0.049007457,0.13648102,-0.011782307,-0.039719243,-0.0734079,-0.20612454,0.18040763,-0.22413,-0.059136156,-0.04166104,0.0001327645,0.03882517,-0.016953817,0.0308596,0.014716668,0.08125332,0.08985312,-0.15775983,-0.0038104414,-0.00066108356,-0.164322,0.1394863,0.1328874,0.038766854,-0.05588224,0.121540956,0.07630973,0.049129833,-0.03208735,-0.06938754,-0.037646692,0.07853064,0.14356352,-0.060718887,-0.052094657,0.02517621,-0.11784221,0.03395801,0.058797758,-0.016887615,0.17471093,0.072296515,-0.12117013,0.04212796,0.03393885,0.10295025,-0.024926957,0.04453256,0.0299945,0.021229286,0.1033892,0.10111356,0.02137739,0.10275302,0.15392868,-0.053677533,0.07693479,0.014042714,-0.08054538,-0.12748897,0.12107814,0.015715001,0.10382256,-0.21967871,-0.009036764,-0.08391036
say,0.028802218,-0.042930223,-0.07128835,0.19711311,0.18419221,-0.1321034,0.11180959,0.25574195,-0.08774741,0.09789801,-0.12542373,-0.09517698,0.03144083,0.07833046,-0.0826452,-0.04493443,-0.0066757607,0.041487634,-0.000603101,-0.16683586,0.03755575,-0.07794201,0.04398743,-0.073157884,-0.0044169584,-0.008055256,-0.108797394,-0.058572687,-0.13400675,0.09113008,0.106432624,-0.039093357,0.0682931,0.019590141,-0.059614476,0.16332461,0.0751058,-0.052136797,-0.039209962,-0.08863315,-0.06379693,-0.04139665,-0.03659812,0.014470537,0.18405004,-0.022061933,-0.05231269,-0.18000372,0.09093458,0.07551293,0.07180244,-0.06437147,-0.06856812,-0.0916444,-0.0017717612,0.037745003,-0.067355074,-0.162007,-0.19491628,-0.04453556,-0.10402638,-0.08446285,0.029209694,-0.07727998,-0.248688,0.020606732,0.069113456,0.16207099,-0.18095721,0.13241619,-0.09271162,0.011145475,0.07087683,0.04169586,0.07652364,-0.017319571,0.12077112,-0.09797054,-0.22413167,0.0037752776,-0.07398522,-0.014690341,-0.12714648,0.28751,-0.17764214,-0.030342096,-0.11296632,0.093657725,0.05695583,-0.06563679,0.19423012,0.115636036,0.10333711,0.11284786,0.19906045,0.120022036,0.030570066,0.014409178,0.07503539,0.08085238,-0.14013532,0.17652112,0.072250836,-0.042475127,-0.032923263,-0.1467739,0.09448646,0.13441579,-0.1164746,-0.19428657,0.0015668346,-0.15258996,-0.023498178,-0.05770154,0.078565404,-0.08789373,0.09505336,-0.2737067,-0.065664634,-0.08347459,-0.056000642,0.16224065,0.06275353,-0.05002692,-0.06577555,0.009835357,-0.100151196,-0.042865228,-0.034234837,-0.070904806,0.046448737,0.035384405,-0.02127773,-0.079153836,-0.038586933,0.14666827,0.0037727677,-0.05522699,-0.06593629,-0.17801826,0.13986236,-0.217556,-0.072009005,-0.02562955,-0.011369239,0.004641827,0.00043017938,0.025322432,0.031855263,0.075920805,0.066865586,-0.13956578,-0.0062265666,-0.010650049,-0.13555251,0.11648129,0.16319165,0.025376434,-0.010946182,0.105397865,0.0747198,0.03421877,0.00029692656,-0.056810305,-0.05256359,0.037512448,0.09423882,-0.03683683,-0.069856256,0.042316314,-0.083182245,0.024852853,0.047099143,-0.029535346,0.14161424,0.033492185,-0.088957384,0.022655262,0.024319462,0.10495723,-0.038193103,0.028289165,0.015217317,0.009457032,0.08504239,0.07599317,0.0009098469,0.086080864,0.12566262,-0.050007578,0.05215295,0.0093076285,-0.057481762,-0.089131646,0.07991852,0.013609626,0.08042725,-0.17956673,0.007110878,-0.05213921
fine,-0.0024850138,-0.011918143,-0.06602222,0.1571442,0.14262809,-0.09179189,0.10839457,0.23183241,-0.07803579,0.10066082,-0.12153054,-0.068562634,0.030627042,0.055099078,-0.055385042,-0.0719697,-0.00015545805,0.07756397,-0.015880702,-0.18106598,0.061997477,-0.102512315,0.05181367,-0.086985454,-0.037356988,-0.020995097,-0.09157566,-0.07790022,-0.14225584,0.07349138,0.083956234,-0.02293529,0.032516398,0.012795134,-0.04998197,0.13419251,0.039195985,-0.061475705,-0.028281122,-0.067460515,-0.07542924,-0.027933888,-0.06380478,0.0076705413,0.16769192,-0.0387597,-0.046164803,-0.14193311,0.10283143,0.07117589,0.065772705,-0.05222231,-0.0500182,-0.08472689,0.008781862,0.02158084,-0.0676952,-0.15052453,-0.17247212,-0.050099097,-0.07455318,-0.09286515,0.02467537,-0.081347615,-0.2308508,0.01337872,0.066617385,0.15744756,-0.20075484,0.13644022,-0.06217822,0.046165973,0.07588362,0.028971022,0.057924476,-0.009848519,0.1249146,-0.100578144,-0.18039657,0.0061410656,-0.08734038,-0.023599451,-0.12036208,0.281001,-0.16798171,-0.027763698,-0.08705289,0.08406601,0.08124571,-0.034423858,0.158227,0.12920356,0.108881116,0.11499372,0.20158929,0.112028815,0.016473252,0.00077094755,0.0770923,0.046669453,-0.115095206,0.17779471,0.07554674,-0.061058857,-0.007176391,-0.16853893,0.093212135,0.14671789,-0.117380574,-0.17878555,0.008365741,-0.17317548,-0.03634128,-0.060075082,0.09962657,-0.07897633,0.113499925,-0.24122785,-0.065034814,-0.06964898,-0.050632954,0.14194098,0.06175007,-0.052533157,-0.07718547,0.0014814226,-0.108166315,-0.061400563,-0.059526898,-0.07030392,0.0861827,0.026062056,-0.02346548,-0.11597738,-0.04308761,0.121588334,-0.00693518,-0.036129758,-0.057927206,-0.1852564,0.16257201,-0.19758435,-0.050398465,-0.03654233,-0.00012477551,0.04362029,-0.014328346,0.033891562,0.022393845,0.06611241,0.07947984,-0.13525867,-0.003566117,-0.0060601644,-0.15656966,0.1311117,0.13131396,0.04311335,-0.05422682,0.112879224,0.07222033,0.045021955,-0.03030719,-0.07206552,-0.03513078,0.068821386,0.13943869,-0.04968081,-0.047795307,0.028660256,-0.105979286,0.029952032,0.06101794,-0.02029876,0.1570865,0.060737304,-0.11264853,0.041189935,0.035142947,0.097516954,-0.016088707,0.038171455,0.026036294,0.02416695,0.09652447,0.092732325,0.013346288,0.09069749,0.15134142,-0.053170495,0.061847847,0.021486303,-0.066713184,-0.123706274,0.10027059,0.009882754,0.09628135,-0.1966024,-0.00738142,-0.079982415
without,-0.008277915,0.000434505,-0.06856793,0.14419086,0.13263579,-0.08284139,0.11318578,0.23184983,-0.073291235,0.10334481,-0.12512362,-0.05864488,0.024980124,0.05534534,-0.061183795,-0.08203356,0.0074697006,0.09323764,-0.01950263,-0.1907608,0.07647477,-0.118325025,0.053306058,-0.08898805,-0.056328256,-0.02752538,-0.08723772,-0.090182185,-0.15125157,0.07354582,0.091822766,-0.027904239,0.022716507,0.0023589304,-0.051315606,0.13951348,0.040139742,-0.07291877,-0.026289275,-0.06696049,-0.08555326,-0.016602214,-0.07606354,0.014605002,0.16919528,-0.04656175,-0.049147923,-0.1373065,0.113862514,0.08316798,0.060909584,-0.048863813,-0.038717594,-0.07736446,0.015279247,0.02099433,-0.06624675,-0.15678184,-0.18502161,-0.049192164,-0.07356644,-0.0865086,0.027673086,-0.08828365,-0.23173775,0.0056629954,0.07642856,0.16614524,-0.2133767,0.13967413,-0.050690513,0.061602857,0.08736111,0.023348697,0.05990509,-0.005187422,0.13683,-0.11595201,-0.17589745,0.008592097,-0.0874048,-0.02950867,-0.13312857,0.28164425,-0.16554973,-0.031489223,-0.08638008,0.079526044,0.09763195,-0.030482674,0.15652193,0.13123438,0.124290526,0.11363325,0.21814069,0.113325395,0.008151118,-9.404043e-05,0.085656315,0.04840528,-0.11771059,0.186745,0.089182936,-0.066968866,-0.0034498277,-0.17636697,0.09960841,0.15880987,-0.110705726,-0.18293722,0.02252654,-0.19161923,-0.042684857,-0.065146364,0.110049084,-0.083437085,0.11116387,-0.23795883,-0.067074776,-0.062912315,-0.051081106,0.13850625,0.06848114,-0.04234885,-0.08097771,-0.0032027178,-0.09547554,-0.0783359,-0.06429596,-0.0692286,0.104603335,0.01881081,-0.03495787,-0.13003786,-0.05315317,0.12166404,-0.014326556,-0.032405227,-0.058657415,-0.21408644,0.17826375,-0.20564432,-0.048620325,-0.04634896,-0.0016051776,0.043101475,-0.017665338,0.027151562,0.009882423,0.06518336,0.09330136,-0.13400644,-0.00447061,-0.0074465787,-0.16378449,0.14032479,0.123495124,0.04097677,-0.0821618,0.11566961,0.06428686,0.053262968,-0.03185584,-0.07390322,-0.035543233,0.08624733,0.15641816,-0.063303076,-0.041229934,0.01996181,-0.120169684,0.03063388,0.060420126,-0.0140549205,0.16413791,0.075011335,-0.12794927,0.05404222,0.031688098,0.09450764,-0.015612884,0.051507406,0.023524465,0.018575454,0.096316956,0.09494814,0.021349384,0.101076946,0.16382982,-0.0525606,0.07075853,0.027689071,-0.08628587,-0.14250448,0.11545119,0.0063718637,0.100871176,-0.21795776,-0.018740825,-0.0880247
enough,0.026906172,-0.038502645,-0.070405915,0.18402517,0.159861,-0.12144578,0.10420006,0.24598703,-0.08043267,0.099165656,-0.12776232,-0.086072594,0.03153541,0.069874205,-0.07611455,-0.04241629,-0.0040447405,0.05117373,0.001693248,-0.17141575,0.04501913,-0.0834061,0.05104093,-0.07667954,-0.005011865,-0.016870938,-0.0944169,-0.056430504,-0.12986802,0.090992205,0.091966555,-0.036609117,0.052782856,0.018335206,-0.050146453,0.1582366,0.06803911,-0.049787167,-0.037447125,-0.08389836,-0.06301903,-0.035740327,-0.04657235,0.004232615,0.17595595,-0.01760012,-0.0501812,-0.16958663,0.093778506,0.06942206,0.06774226,-0.06530764,-0.05592755,-0.08892547,0.0014425064,0.026833871,-0.066689864,-0.16126037,-0.18282689,-0.04021379,-0.09050252,-0.0897963,0.025511289,-0.07293878,-0.24284928,0.012060952,0.07032074,0.15578566,-0.18409598,0.1293607,-0.08345908,0.018207084,0.06790824,0.033343334,0.06853716,-0.01370385,0.10987668,-0.09199417,-0.20535189,0.005164133,-0.07501587,-0.018114517,-0.122220136,0.27783093,-0.16642413,-0.024867423,-0.10053148,0.08933195,0.06303098,-0.055923235,0.18065438,0.11503589,0.09945308,0.1157677,0.19993669,0.11950328,0.029366065,0.012342513,0.07766526,0.076539904,-0.13610469,0.18111645,0.0738371,-0.042330917,-0.020744884,-0.14901774,0.0954094,0.13478926,-0.11240355,-0.18314743,0.0048331795,-0.16059887,-0.023383534,-0.050169922,0.086692356,-0.08296629,0.098416865,-0.2692267,-0.073562756,-0.07930155,-0.059040297,0.163264,0.06111828,-0.046134748,-0.06861425,0.010752031,-0.10634222,-0.048256047,-0.041220915,-0.06666251,0.059908167,0.03239712,-0.024817536,-0.08052435,-0.038455997,0.13665673,-0.0031294085,-0.05679996,-0.060950413,-0.17274709,0.14524892,-0.21632901,-0.06330545,-0.020490186,-0.018981714,0.013362941,-0.00958849,0.03260019,0.031001113,0.07483266,0.063262925,-0.13701983,-0.0014668574,-0.009834794,-0.14014742,0.12215549,0.14910896,0.031392787,-0.027614111,0.11463079,0.07803095,0.038074024,-0.010930497,-0.061368324,-0.04856788,0.046750452,0.111011215,-0.033824176,-0.06396901,0.035064522,-0.0862382,0.030291185,0.048152167,-0.029104404,0.14167087,0.04037313,-0.08894264,0.031410027,0.022744896,0.09867029,-0.0315662,0.028852176,0.023515135,0.010008114,0.08827437,0.08082726,0.003727305,0.079968035,0.13653962,-0.051821414,0.055547997,0.0073094517,-0.0536439,-0.09498287,0.081976235,0.009099192,0.07896618,-0.18471679,0.0015598347,-0.05810575
full,-0.023851145,0.009635623,-0.054896805,0.13239165,0.10921875,-0.058398265,0.10684328,0.22433975,-0.06607077,0.106573746,-0.11802682,-0.0513895,0.025930835,0.040102955,-0.045223366,-0.0896435,0.0014855268,0.09696742,-0.02640165,-0.18500277,0.08047519,-0.12196257,0.051004656,-0.09305897,-0.05804418,-0.029148117,-0.069303855,-0.087363936,-0.15038042,0.06370413,0.08398442,-0.016958397,0.012865026,0.006548097,-0.048384108,0.1211208,0.0324966,-0.06989825,-0.017980512,-0.06110626,-0.0840744,-0.010522339,-0.0784898,0.01717268,0.14374332,-0.051252093,-0.037524488,-0.11404469,0.114740916,0.072714426,0.06316327,-0.045511186,-0.029888887,-0.07265886,0.017784791,0.024273572,-0.06166331,-0.14438999,-0.16686977,-0.04725408,-0.0684023,-0.080385685,0.020418067,-0.083383344,-0.21370962,0.0030605162,0.06610052,0.15639707,-0.2090945,0.14078109,-0.03833435,0.06706507,0.088865295,0.019693851,0.047862653,-0.0055214497,0.1318696,-0.10403607,-0.1565176,0.011481105,-0.08327737,-0.036227718,-0.13241479,0.2740563,-0.1524508,-0.020949433,-0.0643044,0.06760882,0.10026777,-0.020727623,0.14236239,0.13633145,0.12646742,0.105819516,0.21177152,0.11573968,0.0103306,-0.011337637,0.08389638,0.027475571,-0.10471943,0.18044129,0.09490858,-0.07543912,0.00843505,-0.17877083,0.09207521,0.15560912,-0.112130545,-0.16766286,0.025235932,-0.18638277,-0.040882885,-0.05437669,0.10931348,-0.071599014,0.11670634,-0.21921936,-0.06783276,-0.05840965,-0.042246457,0.12608875,0.06214857,-0.041546267,-0.08101204,-0.009996819,-0.10187214,-0.0729233,-0.06931427,-0.06844374,0.11508622,0.0159831,-0.036369424,-0.13662429,-0.05406798,0.11395578,-0.010362661,-0.026771288,-0.058925834,-0.20013577,0.18315949,-0.18687186,-0.03695413,-0.042176493,0.010544436,0.054889202,-0.023581138,0.03295123,0.01264272,0.06755878,0.0977387,-0.13141397,0.0041777096,-0.00083147106,-0.16355051,0.13563612,0.10595101,0.04568165,-0.09974598,0.11158695,0.065624006,0.052303076,-0.04607554,-0.07939439,-0.023546997,0.08863172,0.1591127,-0.06359908,-0.035165817,0.011626688,-0.121018,0.0358057,0.0659037,-0.0062552067,0.1573026,0.08266462,-0.13227555,0.05082298,0.041195244,0.08410687,-0.0050281663,0.044231836,0.034480136,0.027578246,0.09962313,0.102253556,0.02531451,0.09632229,0.163822,-0.05829019,0.069432266,0.026819928,-0.083869696,-0.14341664,0.11942364,0.008931694,0.097026974,-0.2118711,-0.023520492,-0.09393692
seven,-0.010189688,0.007183485,-0.06447023,0.13658252,0.12771156,-0.065821745,0.109833956,0.22564495,-0.06631036,0.10381831,-0.12147012,-0.053499486,0.023043783,0.051312227,-0.049791243,-0.08432775,0.006431336,0.09392387,-0.023534497,-0.18513457,0.078150995,-0.12537192,0.063284785,-0.09574904,-0.054822177,-0.02851385,-0.07989652,-0.08995886,-0.16101779,0.06511269,0.08239343,-0.012183451,0.010009378,0.004747078,-0.05614901,0.12618195,0.033995394,-0.06902166,-0.022131616,-0.06414537,-0.08591447,-0.011769336,-0.07132409,0.013463596,0.15764952,-0.04974397,-0.049881477,-0.12785009,0.12401548,0.08418979,0.059425227,-0.04075015,-0.03548742,-0.08406908,0.013028892,0.01592518,-0.05937918,-0.15402833,-0.18088736,-0.05529707,-0.071033746,-0.09211212,0.027669894,-0.08764071,-0.2288005,-0.0048381407,0.07020449,0.15976205,-0.21871261,0.14537795,-0.037878837,0.0679901,0.09242287,0.02578935,0.04821146,-0.0062994426,0.14352353,-0.1091953,-0.17256041,0.010511022,-0.0947733,-0.040031444,-0.12984623,0.28483292,-0.16306673,-0.019321771,-0.07121601,0.07609371,0.09192798,-0.025960708,0.14554532,0.13273251,0.124891795,0.111341394,0.21139431,0.11638342,0.007594969,-0.009452548,0.08918683,0.03458251,-0.111637674,0.1869699,0.08655916,-0.07281209,0.0012116588,-0.18521425,0.084794104,0.15511478,-0.11290069,-0.17869684,0.020097844,-0.18954681,-0.050644036,-0.060785167,0.11320335,-0.080041826,0.12306423,-0.23608856,-0.07215151,-0.058373295,-0.04560861,0.13795006,0.0689483,-0.046236943,-0.08535956,-0.0058778985,-0.10425169,-0.082094125,-0.0735735,-0.06372514,0.11429734,0.02257191,-0.028260678,-0.13579158,-0.05839748,0.120054044,-0.020257441,-0.032253787,-0.064593144,-0.21021447,0.18679686,-0.20561984,-0.05026414,-0.0496464,0.0036859068,0.05475131,-0.017476132,0.03728082,0.013329796,0.07291752,0.09620503,-0.1423288,-0.0039862925,-0.0051154327,-0.16168542,0.1409242,0.11556342,0.05107769,-0.08368899,0.1165096,0.07470779,0.04794863,-0.040791564,-0.07512862,-0.033456717,0.09451969,0.16050537,-0.05988218,-0.029702244,0.019126216,-0.124597244,0.03303248,0.065853015,-0.0044452325,0.17031299,0.076148875,-0.134894,0.05184515,0.035016764,0.09226272,-0.009596347,0.048275024,0.028217308,0.019626338,0.09857059,0.09597932,0.026121467,0.09710305,0.15881652,-0.058726363,0.07185963,0.020416781,-0.08176366,-0.13936225,0.121491484,0.010546031,0.09944849,-0.2207447,-0.019245062,-0.09280593
oh,0.016717117,-0.026288126,-0.0648307,0.16024604,0.14388913,-0.10136277,0.10187123,0.2344493,-0.07088049,0.097703986,-0.11584761,-0.07267776,0.03011885,0.0649414,-0.06783716,-0.049105342,-0.0077461554,0.053670738,-0.007902124,-0.16183408,0.048412558,-0.08755965,0.04660883,-0.07239547,-0.022053061,-0.01505844,-0.09112665,-0.05951436,-0.1274246,0.08291421,0.08931539,-0.024664408,0.051846888,0.014921365,-0.05376136,0.14093095,0.057378966,-0.055456687,-0.026401728,-0.07350665,-0.06855199,-0.025817288,-0.050573375,0.007618868,0.16065319,-0.023113595,-0.039845604,-0.15166812,0.09911499,0.07187459,0.06801899,-0.054304317,-0.05237259,-0.08899462,0.0042986665,0.0217903,-0.063071385,-0.15457153,-0.1743772,-0.046113797,-0.08084524,-0.08389078,0.028698761,-0.07380647,-0.23065595,0.010840617,0.07133829,0.15616329,-0.18347552,0.12806559,-0.07311774,0.030370872,0.06494424,0.028631007,0.07122258,-0.013282587,0.12309266,-0.09998388,-0.18795727,0.0016686114,-0.071754515,-0.022697886,-0.11487675,0.2730098,-0.15836127,-0.02062652,-0.08725514,0.076247744,0.066279724,-0.045677356,0.16515896,0.11404166,0.10514459,0.10650895,0.18863207,0.10631043,0.022999234,0.0016652516,0.07019324,0.061346978,-0.12889767,0.17299591,0.078865565,-0.045921296,-0.021441204,-0.14832017,0.087940596,0.13911186,-0.111111425,-0.18221451,0.011511689,-0.15086067,-0.033698473,-0.051628344,0.0874257,-0.07790788,0.1043746,-0.24203417,-0.06139773,-0.065901875,-0.048324913,0.14348063,0.059952524,-0.050911274,-0.06229746,0.007089502,-0.09849594,-0.055081617,-0.04641427,-0.05710371,0.061233625,0.026844293,-0.019764548,-0.08867871,-0.038669426,0.12476256,-0.007834226,-0.044460565,-0.058619328,-0.17539269,0.14016497,-0.19956468,-0.063554525,-0.03254081,-0.0040071863,0.0148685975,-0.00878401,0.0333635,0.022202889,0.07341817,0.066100866,-0.13533767,-0.0028372717,-0.0057339766,-0.13644998,0.11553532,0.13752757,0.03328775,-0.04066167,0.104236595,0.06810758,0.040402364,-0.019331297,-0.053547956,-0.040139217,0.0551226,0.11334442,-0.047266465,-0.05371946,0.035888463,-0.08565547,0.02681779,0.05351183,-0.02600194,0.1374017,0.042060435,-0.09427613,0.039216794,0.031777486,0.091737725,-0.030452188,0.038050234,0.018008424,0.009624952,0.08988316,0.084124684,0.014160454,0.08129581,0.13404752,-0.048642,0.058282934,0.014194172,-0.057369314,-0.10528125,0.09063735,0.00651539,0.083519205,-0.18084072,0.0011306194,-0.062345233
yes,0.018608758,-0.024329387,-0.07057369,0.15474792,0.14563891,-0.09776397,0.103001,0.22217895,-0.06720361,0.09270724,-0.11264135,-0.069665544,0.020088525,0.062377412,-0.07035428,-0.051575433,-0.0057911947,0.056152888,-0.003981122,-0.16848415,0.05361254,-0.090333305,0.04886865,-0.07455813,-0.024460455,-0.024439598,-0.09215185,-0.05763274,-0.13514057,0.07873921,0.08980235,-0.019295521,0.04036611,0.015997011,-0.04904023,0.13566181,0.05135404,-0.06254382,-0.029001549,-0.077220045,-0.06873541,-0.02165822,-0.04965481,0.013617078,0.15772624,-0.0286855,-0.045884028,-0.14696005,0.09882089,0.065921165,0.055119205,-0.05431719,-0.051606238,-0.08936614,0.0063453424,0.021081984,-0.06265232,-0.15113346,-0.1761489,-0.042509228,-0.07715683,-0.07432577,0.022249043,-0.077496424,-0.22334856,0.007847924,0.07273428,0.15133311,-0.18266854,0.1287627,-0.06527444,0.032435488,0.066470094,0.026129987,0.06470042,-0.01647816,0.12153307,-0.09452576,-0.18029164,0.0066597518,-0.07161057,-0.014599339,-0.123933226,0.26876697,-0.16061822,-0.022541456,-0.08887586,0.07159169,0.07173746,-0.043346897,0.1583116,0.11675431,0.094984666,0.10502549,0.18487924,0.10652178,0.013278165,0.0029900058,0.07619317,0.059379388,-0.11639226,0.16516143,0.07038169,-0.048571583,-0.011952227,-0.14708678,0.084896624,0.14014074,-0.10712201,-0.1707945,0.008385568,-0.16103502,-0.03389754,-0.05294118,0.09080339,-0.079207964,0.103993975,-0.24345443,-0.05962886,-0.07032068,-0.049845435,0.13779633,0.06481124,-0.055017978,-0.060392063,9.998473e-05,-0.101515286,-0.058754407,-0.041565586,-0.062961094,0.063740656,0.027146898,-0.025247047,-0.090368405,-0.042025357,0.1283072,-0.007398711,-0.045424342,-0.055887498,-0.16713536,0.14578013,-0.20188498,-0.057564348,-0.02845077,0.0012166875,0.023409486,-0.005736392,0.0333593,0.018121284,0.06987264,0.07290078,-0.12592047,-0.0096225515,-0.009496199,-0.14015345,0.112911776,0.12924297,0.023794098,-0.041064855,0.10088571,0.06679343,0.035969116,-0.012832485,-0.060128175,-0.039108146,0.056620542,0.107840255,-0.043269265,-0.056041308,0.02731776,-0.08335959,0.028447846,0.053453285,-0.01623586,0.13977034,0.04654354,-0.096988976,0.028375104,0.0257892,0.08684205,-0.029280964,0.02984197,0.02544662,0.0126765,0.07807536,0.07780844,0.010905927,0.08042803,0.13342476,-0.04998472,0.051454455,0.011856427,-0.06281337,-0.104043454,0.08927182,0.010951932,0.08285405,-0.18351713,-0.0072665196,-0.06891397
want,0.043407504,-0.06761363,-0.07410879,0.22629519,0.20261157,-0.15600657,0.106022775,0.28494862,-0.100865185,0.10142768,-0.13441373,-0.10777633,0.03641731,0.09085048,-0.09767622,-0.026173318,-0.0083096,0.024569022,0.013754549,-0.16875239,0.013302944,-0.062068716,0.044595346,-0.06721433,0.017792854,-0.0021129993,-0.122313924,-0.033775356,-0.120605245,0.10768406,0.11239834,-0.04851767,0.08717316,0.032608967,-0.062806144,0.18257667,0.08852563,-0.04562957,-0.04262617,-0.09454852,-0.058979344,-0.051194873,-0.0225747,0.011372365,0.19496924,-0.0070407437,-0.04838155,-0.20688118,0.08479504,0.06411517,0.08163227,-0.08155928,-0.08189245,-0.09862636,0.003496188,0.04271576,-0.07923811,-0.1732013,-0.21342884,-0.03752989,-0.116895966,-0.08432586,0.029984523,-0.06571706,-0.26750636,0.025659943,0.080887295,0.16796939,-0.16403723,0.13527039,-0.11299053,-0.008072006,0.054720897,0.04426579,0.09689489,-0.019989584,0.101439506,-0.09397512,-0.2491117,-0.011973581,-0.06007082,0.003397056,-0.1320058,0.30171984,-0.1881599,-0.027567558,-0.12881964,0.09675287,0.052099846,-0.08097129,0.21343927,0.10537899,0.08558309,0.116010584,0.20522846,0.12053782,0.035618827,0.01807777,0.067553125,0.0908434,-0.15917131,0.18095446,0.061859686,-0.03544931,-0.04609941,-0.13426648,0.105786994,0.13320346,-0.12403438,-0.20182335,-0.008018486,-0.14541408,-0.020670002,-0.054796953,0.070789024,-0.090233825,0.08639321,-0.29919764,-0.0652762,-0.09823335,-0.07161136,0.18451248,0.06769441,-0.053861916,-0.051836174,0.017599944,-0.110952914,-0.036978614,-0.028282503,-0.069718115,0.020388423,0.031400673,-0.01416445,-0.049170576,-0.019637236,0.16146897,0.012644029,-0.06529074,-0.07171513,-0.16500683,0.1265317,-0.23967828,-0.08511829,-0.015185008,-0.023660354,-0.020355288,0.0056935707,0.037225403,0.04168247,0.08122681,0.050882634,-0.15206209,-0.0054573994,-0.016590998,-0.13124192,0.11733817,0.1867507,0.009043185,0.018984064,0.10660624,0.07534377,0.031984214,0.015070235,-0.05237565,-0.052141786,0.025719624,0.07368164,-0.023687076,-0.09762477,0.046011515,-0.06177419,0.025766375,0.04716142,-0.051633354,0.12598665,0.018131062,-0.072458774,0.011149671,0.02425903,0.11890954,-0.043583572,0.024478259,0.01364515,0.013431491,0.0831007,0.06953066,-0.00632604,0.08527356,0.11282448,-0.046241097,0.03923554,0.0070598368,-0.03998955,-0.0671268,0.06413405,0.005840571,0.08032382,-0.16674636,0.017472088,-0.037461724
happened,-0.002404981,-0.0076472275,-0.061861977,0.15212749,0.13268954,-0.08686429,0.10461588,0.22348873,-0.07033745,0.10714774,-0.11566698,-0.06790123,0.029407836,0.05417936,-0.057322614,-0.06904518,-0.0065006963,0.074889146,-0.012490979,-0.17395331,0.059248585,-0.10570431,0.053702496,-0.08395762,-0.037406508,-0.025941133,-0.084097974,-0.07786348,-0.14245443,0.07557159,0.073861234,-0.026220541,0.03566612,0.011014075,-0.045487683,0.13993542,0.042291753,-0.063861415,-0.0315131,-0.07360325,-0.073131345,-0.024836162,-0.06263213,0.008495404,0.15943697,-0.030392257,-0.052770086,-0.1425833,0.11058177,0.07198943,0.056241095,-0.049941983,-0.04837771,-0.08453338,0.016793776,0.017090332,-0.057884175,-0.15290125,-0.17828123,-0.043490138,-0.08821588,-0.08170705,0.021651853,-0.08650664,-0.21881592,0.0123697985,0.056644045,0.15863058,-0.20411712,0.12591939,-0.05374674,0.050684385,0.07414731,0.032272324,0.06243111,-0.02216919,0.13212535,-0.10169344,-0.17980549,0.006057007,-0.086657345,-0.03228424,-0.119642876,0.27189615,-0.1636473,-0.022837784,-0.083054624,0.08191681,0.08167852,-0.039461233,0.1501492,0.13105974,0.1143942,0.10581076,0.19576688,0.114859946,0.022904415,-0.00558651,0.07158148,0.053378485,-0.116886444,0.16772634,0.08103635,-0.05768701,-0.005968019,-0.15845951,0.0823359,0.14692052,-0.11057138,-0.17606942,0.014292765,-0.17658943,-0.03340258,-0.05963724,0.09047228,-0.07986192,0.10325642,-0.2314011,-0.068968914,-0.05575282,-0.05194376,0.13972181,0.058029655,-0.047728676,-0.07297287,-0.0008206606,-0.10026893,-0.06792069,-0.06238837,-0.065910235,0.08776251,0.02965812,-0.029775253,-0.11306982,-0.052804906,0.12660974,-0.009043469,-0.033951998,-0.052918352,-0.1914083,0.1606368,-0.19900131,-0.052366212,-0.031804565,-0.0003494847,0.030196158,-0.008678108,0.025146728,0.019990988,0.06315703,0.076706044,-0.13332859,-0.0014667319,-0.0088032,-0.15033957,0.12713586,0.12448659,0.04054357,-0.05253905,0.11713021,0.07155545,0.042075776,-0.026701013,-0.058293164,-0.0432348,0.07420867,0.1310454,-0.047912348,-0.047468636,0.03117927,-0.1050309,0.033370487,0.054447033,-0.011059313,0.15526098,0.06483664,-0.10424119,0.038883794,0.030874284,0.09101734,-0.018758219,0.042645745,0.020320496,0.011455131,0.09177394,0.088210404,0.020068936,0.08793756,0.1375663,-0.051453732,0.06841061,0.0077824774,-0.06242473,-0.12027975,0.10617539,0.014889703,0.09505666,-0.20290336,-0.0025759959,-0.07706027
peasant,-0.0060003735,0.006457885,-0.06338524,0.12430852,0.11543688,-0.06262116,0.10979341,0.21161301,-0.056260146,0.09880203,-0.114321806,-0.044783354,0.026447278,0.047988128,-0.052084833,-0.082631364,0.0052878964,0.08798623,-0.018847262,-0.18297796,0.07266242,-0.11864315,0.05060103,-0.08837336,-0.057648323,-0.029742146,-0.07958672,-0.08762885,-0.15376703,0.061707187,0.07705303,-0.010123562,0.011324742,0.0033535496,-0.047023166,0.1180128,0.027157173,-0.06717516,-0.025376035,-0.059310786,-0.08565211,-0.018890934,-0.0697411,0.010922694,0.15861283,-0.04126821,-0.042322677,-0.124194205,0.11584115,0.07165021,0.05630317,-0.04279295,-0.04015042,-0.083125666,0.011618423,0.019561224,-0.06510205,-0.14468868,-0.16769399,-0.047205288,-0.07064652,-0.078162305,0.023213372,-0.08418489,-0.21581633,-0.0014571054,0.0697577,0.16140911,-0.20603572,0.13835736,-0.037320904,0.05622591,0.08949435,0.023400437,0.05138442,-0.010977218,0.13221455,-0.10508249,-0.16471662,0.014902795,-0.08020277,-0.033650275,-0.12320927,0.25951153,-0.1549091,-0.0262566,-0.069053315,0.07361982,0.09734855,-0.02780009,0.14071466,0.12855147,0.11434282,0.10172456,0.19318941,0.103069894,0.0031621545,-0.009875749,0.08459345,0.033489674,-0.10119398,0.17577022,0.0827519,-0.0693999,-0.0044950424,-0.17397545,0.08808886,0.14862,-0.100499414,-0.17360735,0.023890711,-0.18287495,-0.04549549,-0.054094967,0.10246647,-0.0792455,0.11093315,-0.21874481,-0.06704692,-0.050116923,-0.04645304,0.123354904,0.060826946,-0.044876575,-0.0786322,-0.006470456,-0.09837538,-0.07657163,-0.062274024,-0.057278465,0.10236272,0.02256772,-0.03477137,-0.12662862,-0.05508578,0.11005132,-0.017991636,-0.030787032,-0.051738843,-0.20203443,0.17679216,-0.19684327,-0.047772273,-0.045728542,0.008564264,0.048071187,-0.018175328,0.031332936,0.014251939,0.06966639,0.08835996,-0.13082989,-0.0063798297,-0.0071170344,-0.15631533,0.13922346,0.11241684,0.04558756,-0.0794082,0.10379545,0.0718246,0.046045166,-0.04054508,-0.071225494,-0.03605389,0.08596776,0.14908835,-0.058035634,-0.036178946,0.022850955,-0.11751874,0.034039333,0.05944963,-0.011649826,0.15578647,0.072741546,-0.12286378,0.04781758,0.03626303,0.085698344,-0.01078034,0.04374615,0.02691994,0.015708629,0.09708543,0.09629251,0.023019936,0.09621493,0.15204942,-0.050649635,0.07405424,0.016255548,-0.0784068,-0.1373728,0.112683706,0.009401174,0.10067515,-0.20562576,-0.01992526,-0.08693555
master,-0.0027997417,-0.011804817,-0.066731,0.14072552,0.12569462,-0.082654595,0.10414114,0.21344557,-0.06334397,0.096916966,-0.11325322,-0.06213962,0.022263234,0.052701354,-0.051773585,-0.065574236,-0.00077843934,0.079669215,-0.01533847,-0.16762741,0.06510908,-0.10148449,0.051198155,-0.079395525,-0.039384052,-0.023421036,-0.07984134,-0.07496766,-0.14159757,0.07333081,0.07816088,-0.018044552,0.029619617,0.0061215106,-0.045484744,0.12781963,0.03923176,-0.059373148,-0.023961822,-0.06371012,-0.07468592,-0.022198392,-0.06323721,0.007280396,0.15979098,-0.030972479,-0.046080284,-0.13659708,0.098639555,0.07557192,0.058373503,-0.054650683,-0.039962802,-0.082778424,0.014024544,0.019851727,-0.06137787,-0.14682856,-0.16639148,-0.042629696,-0.073779255,-0.0811931,0.02244684,-0.07469745,-0.21163574,0.01048367,0.07197001,0.14767398,-0.19807045,0.12670991,-0.050971765,0.04372443,0.07849537,0.026347002,0.05796864,-0.009029341,0.12163594,-0.09746863,-0.17529488,0.0054936213,-0.07597117,-0.03205771,-0.11868821,0.2617867,-0.15533991,-0.028849486,-0.0851868,0.06791503,0.07685089,-0.032930624,0.14997627,0.11890186,0.111909345,0.10178018,0.19028439,0.108142614,0.018542351,-0.004227734,0.0711197,0.04408439,-0.10776609,0.17166908,0.07565271,-0.06254022,-0.0077980435,-0.15788142,0.08803142,0.14075628,-0.11076595,-0.16433501,0.010595517,-0.17024311,-0.037156884,-0.056135617,0.09617216,-0.069815256,0.10201576,-0.2329334,-0.062554576,-0.056743294,-0.04567901,0.12526639,0.056082048,-0.047417995,-0.07680161,0.00036696458,-0.09669265,-0.066018656,-0.052311704,-0.057980742,0.083344854,0.023842236,-0.022945719,-0.11250362,-0.04126783,0.1184599,-0.012350997,-0.03812876,-0.050866827,-0.18018524,0.15624723,-0.1863751,-0.049698208,-0.03351605,-0.0021735884,0.032452006,-0.011172526,0.026308766,0.02168908,0.06299322,0.07858815,-0.12650041,-0.00018596862,-0.0019048529,-0.14769006,0.12378429,0.11397864,0.030674838,-0.057330545,0.103599146,0.063364625,0.03871417,-0.03517937,-0.06422377,-0.03045282,0.06926246,0.13158463,-0.047370113,-0.038603242,0.023258802,-0.10639664,0.03473274,0.052108515,-0.015004676,0.14147125,0.056905232,-0.11232389,0.04061619,0.036059696,0.087747395,-0.015135162,0.03906241,0.021731084,0.01432637,0.08319934,0.08191045,0.019511316,0.08971983,0.13951103,-0.051710807,0.060794126,0.01647374,-0.073733665,-0.117125645,0.10518203,0.012852903,0.086186975,-0.18859106,-0.010250054,-0.07912929
wished,-0.0117692435,-0.0040741437,-0.061626475,0.132253,0.11670949,-0.067095384,0.09776595,0.21137945,-0.060694948,0.09737869,-0.11360009,-0.048866678,0.028744625,0.04375813,-0.053696614,-0.07490848,-0.00340093,0.07625149,-0.012648974,-0.17069721,0.06407696,-0.108935036,0.053711418,-0.08117007,-0.0448332,-0.028141176,-0.078247555,-0.0869195,-0.13682124,0.0670297,0.069427304,-0.020352956,0.025134705,0.0027199644,-0.04899196,0.119813755,0.027103443,-0.05464383,-0.026392713,-0.06072983,-0.06826992,-0.016665064,-0.07053943,0.008455521,0.14516994,-0.03872867,-0.03987444,-0.119165994,0.099150166,0.06854212,0.048943777,-0.04038288,-0.04110251,-0.0764569,0.009379663,0.018214727,-0.0525215,-0.13036397,-0.16005988,-0.04145391,-0.072773725,-0.08256963,0.020888826,-0.08033317,-0.20248993,0.0040115793,0.061686512,0.14512575,-0.19540116,0.1266944,-0.046765417,0.051056627,0.07324839,0.026304107,0.04831389,-0.010139795,0.119536154,-0.09906875,-0.15856978,0.015462161,-0.075646095,-0.025345407,-0.114898466,0.2474526,-0.1462864,-0.028121108,-0.06535811,0.07370476,0.08085209,-0.023807216,0.13968696,0.12014626,0.10366643,0.10196599,0.1894755,0.09696544,0.014418951,-0.0051382617,0.07243348,0.04058241,-0.0999489,0.16449624,0.082440615,-0.062090863,0.00020394594,-0.16066131,0.08408661,0.13222495,-0.102160394,-0.15948522,0.013200332,-0.1682909,-0.040972,-0.049563132,0.09583358,-0.069325894,0.09689017,-0.21220724,-0.06481428,-0.04560829,-0.04192933,0.1253863,0.052420534,-0.039806373,-0.07424139,-0.0089265555,-0.09166242,-0.06551293,-0.053056125,-0.060795482,0.09116723,0.018059554,-0.030104058,-0.107710004,-0.04852432,0.111373626,-0.007460346,-0.029271707,-0.051026765,-0.18721981,0.15110424,-0.18507132,-0.042584483,-0.034056433,-0.0043716445,0.047000617,-0.008561969,0.029388651,0.0053052413,0.052548036,0.08193365,-0.12356011,0.0017938974,-0.00559638,-0.14718986,0.11818307,0.100158185,0.03187236,-0.07010109,0.10703223,0.06263714,0.045703843,-0.033389356,-0.0660683,-0.0278463,0.07244945,0.13035998,-0.05891624,-0.033632208,0.026784383,-0.10808492,0.028504351,0.049022455,-0.008832423,0.14772506,0.060221992,-0.105472565,0.04496345,0.029497111,0.07738855,-0.015882691,0.034878645,0.02026067,0.012076481,0.080207966,0.08561223,0.014333244,0.09130963,0.13284172,-0.053284254,0.057700623,0.020447643,-0.0715167,-0.122849666,0.100164816,0.0064684968,0.08722529,-0.18179503,-0.014446921,-0.08202912
better,0.02675368,-0.040031295,-0.07240496,0.20226187,0.18954302,-0.13150112,0.11610756,0.27040195,-0.091699295,0.100471154,-0.1298819,-0.097162165,0.024211865,0.07578046,-0.08505792,-0.043750472,-0.008068017,0.055721086,0.009479581,-0.17745867,0.039029792,-0.07685491,0.04344797,-0.07860572,-0.011486917,-0.018830985,-0.10402817,-0.06344432,-0.14563236,0.089582734,0.10557098,-0.04084924,0.063365966,0.02429257,-0.061545994,0.16491786,0.07387366,-0.05940432,-0.033448786,-0.09431349,-0.07185453,-0.043595508,-0.044269305,0.0075905835,0.1933927,-0.01877129,-0.055685673,-0.18076596,0.09757982,0.0733934,0.07811686,-0.06610557,-0.06816983,-0.09526266,0.00069248275,0.029862743,-0.08053324,-0.17765155,-0.19960037,-0.052162483,-0.09668376,-0.0947015,0.029495366,-0.072384775,-0.2540757,0.02601872,0.07509355,0.17419706,-0.19119674,0.14344479,-0.09499317,0.026378145,0.07240798,0.043701522,0.08338788,-0.018389875,0.119505085,-0.100980535,-0.22666483,-0.0026170928,-0.0821075,-0.017431905,-0.14005011,0.30205712,-0.18545559,-0.021428326,-0.11514185,0.087284885,0.071304694,-0.05868313,0.1861994,0.12508725,0.109248646,0.1272161,0.21529076,0.12048586,0.028825969,0.015092707,0.08117218,0.07796083,-0.14558075,0.19067644,0.07843664,-0.0391927,-0.02682612,-0.1570292,0.102910906,0.14805932,-0.1261985,-0.20157863,-0.0018795693,-0.16481815,-0.025852205,-0.05514433,0.08678694,-0.08717291,0.09824653,-0.28942266,-0.07761425,-0.089882255,-0.06680601,0.170693,0.07261792,-0.061721217,-0.06780995,0.0023310606,-0.11550985,-0.0489572,-0.047937453,-0.06494006,0.052865114,0.029310228,-0.022693051,-0.07970651,-0.043311417,0.1542274,-0.0043300595,-0.05449672,-0.06704293,-0.18152063,0.14809075,-0.23204635,-0.07129593,-0.024919441,-0.00916201,0.0069785896,-0.0072034304,0.030859599,0.026261844,0.075131565,0.07352188,-0.15325186,-0.007212956,-0.018131582,-0.14885698,0.12483977,0.16838269,0.03317462,-0.019365074,0.11034552,0.083130896,0.03860046,-0.002654886,-0.06269271,-0.055474255,0.0460055,0.110009864,-0.036085382,-0.071748175,0.029849414,-0.0912487,0.033367407,0.050463386,-0.034209218,0.15113601,0.035600036,-0.095222235,0.032982457,0.019273514,0.10926723,-0.030278124,0.03415696,0.027101839,0.015945299,0.093633726,0.08663613,0.00296269,0.08712103,0.13876134,-0.050694328,0.055569373,0.0047123292,-0.061388552,-0.095661975,0.08492205,0.016878828,0.0923448,-0.1962572,0.008513887,-0.056963563
third,-0.015000607,0.008455381,-0.060593024,0.12964305,0.1174555,-0.06522176,0.10727029,0.21897699,-0.06504222,0.103302665,-0.12155518,-0.0534009,0.02250953,0.04665027,-0.04292069,-0.084513865,0.00010670204,0.09019069,-0.02369708,-0.18417107,0.08200913,-0.12568136,0.053082526,-0.0947358,-0.053966045,-0.03112946,-0.073930345,-0.09619009,-0.15415525,0.062559515,0.076281175,-0.010917802,0.02243876,0.0023221262,-0.05228197,0.11864592,0.03298617,-0.07597113,-0.02455444,-0.06217951,-0.085885786,-0.015818873,-0.08141815,0.011797386,0.16281766,-0.050271347,-0.05265227,-0.12904586,0.11543814,0.07724518,0.055147827,-0.044413842,-0.037296593,-0.083183184,0.014168389,0.01610647,-0.05772662,-0.14695056,-0.16503854,-0.053475518,-0.068010084,-0.08133537,0.026062338,-0.09085849,-0.22183645,0.0022160963,0.064340994,0.1566424,-0.2211424,0.14154293,-0.037854318,0.06070983,0.095055066,0.024584113,0.048584584,-0.0031687173,0.13879302,-0.10719313,-0.16833498,0.017700925,-0.080989845,-0.03945367,-0.121950366,0.2692413,-0.16209222,-0.016689222,-0.07229202,0.07294264,0.102852225,-0.025360683,0.14794624,0.13463028,0.123794645,0.112344,0.20054923,0.114187315,0.012798796,-0.012007857,0.086801335,0.036914147,-0.101586185,0.17954503,0.08675592,-0.06631533,-0.002971343,-0.17730644,0.08151397,0.15529718,-0.11559303,-0.18067782,0.024348514,-0.18837261,-0.044900224,-0.057256397,0.105184875,-0.08172075,0.12055278,-0.22186863,-0.06839075,-0.05161052,-0.04969549,0.12636088,0.060532086,-0.04218788,-0.08645976,-0.007164276,-0.10612997,-0.07163851,-0.07065565,-0.06758269,0.11010452,0.01669132,-0.03714806,-0.12729864,-0.053235542,0.10940359,-0.009418035,-0.029487042,-0.06004243,-0.2019024,0.17945455,-0.19307353,-0.050226036,-0.0377568,0.0011520745,0.05800886,-0.02357335,0.033387862,0.018770456,0.07414167,0.08627741,-0.13239554,-0.0011650873,-0.0002777027,-0.16201638,0.13772823,0.11074259,0.04666871,-0.081913024,0.11425315,0.069767654,0.056603383,-0.045898136,-0.0664774,-0.031965688,0.09267208,0.15399383,-0.06440043,-0.028525172,0.023368234,-0.12737513,0.04116246,0.06559679,-0.011661802,0.15693654,0.078781255,-0.12706421,0.054376595,0.03821069,0.08568929,-0.0033747922,0.045235496,0.033704344,0.01672978,0.1011121,0.093720645,0.024953315,0.09414408,0.16351087,-0.05300144,0.0739205,0.014653683,-0.08332614,-0.14333405,0.12585227,0.010939292,0.09733293,-0.21890275,-0.014407533,-0.089356095
whole,-0.0133014135,0.0037306792,-0.059217226,0.12462829,0.111090705,-0.069987886,0.10375756,0.21371004,-0.0671507,0.10027334,-0.11692382,-0.04341753,0.023099441,0.041076142,-0.050173324,-0.07307326,0.00978037,0.090780295,-0.017165618,-0.17764288,0.072914116,-0.11903565,0.04905955,-0.08688519,-0.050426867,-0.030583628,-0.07537724,-0.0891777,-0.15278713,0.065758295,0.07692482,-0.010060812,0.018433642,0.007529105,-0.045096662,0.11419134,0.030147899,-0.066658415,-0.023649037,-0.060791552,-0.076282494,-0.008069767,-0.07561938,0.013041786,0.1519246,-0.047577094,-0.042554628,-0.12234438,0.11410186,0.07011605,0.05961444,-0.04967689,-0.03963955,-0.07360625,0.015716247,0.01792082,-0.055511277,-0.14011563,-0.16650827,-0.04947824,-0.0672625,-0.080802694,0.026284434,-0.08597148,-0.21378604,-0.00024955306,0.06510916,0.14946854,-0.2012514,0.13075931,-0.044053428,0.053828735,0.08329256,0.014042431,0.04533846,-0.0052653877,0.13399652,-0.09872905,-0.16357492,0.010697941,-0.08007485,-0.03474398,-0.117560446,0.26316833,-0.14665274,-0.023195291,-0.06639497,0.07566337,0.09295967,-0.026481142,0.13906226,0.12832403,0.11687606,0.09785036,0.19784346,0.1000018,0.011724722,-0.013187925,0.07887299,0.0343929,-0.099587485,0.1742666,0.08553746,-0.06323968,-0.0023037652,-0.16563311,0.07954957,0.15006919,-0.11101731,-0.16481586,0.022552239,-0.1758676,-0.045227148,-0.052287493,0.103267066,-0.07252096,0.11227413,-0.21746583,-0.07043893,-0.047386844,-0.04450099,0.118919075,0.052723974,-0.038556457,-0.07858927,0.00037704653,-0.09221673,-0.073891856,-0.059993442,-0.066672795,0.105625875,0.013560199,-0.030456327,-0.12202426,-0.04523938,0.10508967,-0.017104495,-0.022786606,-0.049076714,-0.19598152,0.1648607,-0.18389352,-0.04040583,-0.038320675,0.007040925,0.051553886,-0.01735605,0.03373705,0.013214872,0.06830372,0.08292149,-0.12807055,0.0008847253,-0.004884653,-0.15429406,0.12613113,0.10534206,0.045876566,-0.08002587,0.11347293,0.07053833,0.05276789,-0.044735443,-0.061517958,-0.034612417,0.08439889,0.15135945,-0.054177232,-0.031287335,0.02141279,-0.11317705,0.035148382,0.061323393,-0.0067247315,0.15344366,0.06498182,-0.12599686,0.050848633,0.028969202,0.08339232,-0.007960862,0.04354796,0.026301078,0.017839892,0.092775084,0.09139949,0.025093714,0.09537978,0.1515888,-0.05272871,0.07381787,0.021540377,-0.07837482,-0.12805697,0.10988425,0.009467344,0.090315886,-0.20725617,-0.020491447,-0.08310503
thing,0.021916475,-0.03937809,-0.0705144,0.1860505,0.1758875,-0.11910194,0.11637099,0.25885397,-0.083188035,0.10118193,-0.12517405,-0.091873,0.028549556,0.0715609,-0.0769507,-0.047292493,0.0005955657,0.05821584,-0.0031883784,-0.18004578,0.0363838,-0.084749535,0.043613188,-0.08126701,-0.0067135277,-0.0105344495,-0.10448866,-0.06068194,-0.13397793,0.08878001,0.10255804,-0.032758977,0.05723684,0.030902106,-0.05991686,0.16794436,0.071121775,-0.053559516,-0.03697961,-0.08555703,-0.067671366,-0.040188644,-0.049333643,0.006864403,0.176483,-0.023206245,-0.04981052,-0.17961574,0.100318804,0.07374905,0.07963381,-0.06558737,-0.060963288,-0.097044036,0.007490781,0.030743249,-0.07880869,-0.16352572,-0.18987733,-0.05123965,-0.09175605,-0.08666718,0.03145769,-0.076232634,-0.24670176,0.018723723,0.07594935,0.16337541,-0.19374573,0.13431607,-0.087731495,0.023809368,0.06854947,0.041897044,0.075285695,-0.014748656,0.11596076,-0.10541981,-0.21472046,-0.0053139455,-0.07663343,-0.012792793,-0.12901494,0.29490155,-0.17334162,-0.019240864,-0.1097486,0.0926788,0.06715434,-0.063408345,0.18380885,0.12322297,0.10516979,0.1215484,0.20889086,0.11616745,0.035194162,0.011530822,0.080971286,0.06502447,-0.13937426,0.17981946,0.0676518,-0.039758824,-0.025927195,-0.15811557,0.09121202,0.14410238,-0.11368547,-0.19263014,-0.0013986437,-0.15885177,-0.036489528,-0.057864405,0.08406586,-0.086954445,0.10524093,-0.27128008,-0.066356964,-0.08418392,-0.06257477,0.16915256,0.06348707,-0.05444461,-0.07106842,0.004410662,-0.10255323,-0.052128952,-0.04090598,-0.06702957,0.053242933,0.031349137,-0.024288008,-0.08495575,-0.036374014,0.14890896,0.0005521568,-0.047618005,-0.061277755,-0.17846349,0.13999917,-0.22279909,-0.06657869,-0.021169646,-0.01333457,0.018626088,-0.007450263,0.028191525,0.02664747,0.07649881,0.07112163,-0.1430896,-0.0063377647,-0.011041748,-0.14083019,0.12562637,0.16049525,0.031004522,-0.02093979,0.10609135,0.08285331,0.04205824,-0.010055866,-0.051530074,-0.046299696,0.05121596,0.10836005,-0.040607944,-0.06812421,0.028675206,-0.08522566,0.035727676,0.048855502,-0.027970128,0.14721365,0.038742788,-0.09736634,0.034223687,0.01892603,0.10343539,-0.025635622,0.036220703,0.026289605,0.016464982,0.093853414,0.08292835,0.0071394867,0.08550347,0.1261231,-0.049306072,0.0589417,0.008191051,-0.05257406,-0.096785404,0.08633592,0.012356131,0.09199331,-0.19253156,0.0032372212,-0.051399067
