term_str,n,p,i,n_chars,max_pos_group,max_pos,porter_stem,stop,df,idf,tfidf_mean,dfidf,dp,di,dh
the,6927,0.0685529362864438,3.86663772836297,3,DT,DT,the,1,62,0.0,0.0,0.0,1.0,0.0,0.0
and,5433,0.0537675909981592,4.2171193551869175,3,CC,CC,and,1,62,0.0,0.0,0.0,1.0,0.0,0.0
to,2662,0.0263444371870237,5.24635783094635,2,TO,TO,to,1,62,0.0,0.0,0.0,1.0,0.0,0.0
he,2093,0.0207133384795043,5.593296090602532,2,PR,PRP,he,1,62,0.0,0.0,0.0,1.0,0.0,0.0
a,1909,0.0188923856461413,5.726051299454304,1,DT,DT,a,1,62,0.0,0.0,0.0,1.0,0.0,0.0
was,1377,0.0136274568018526,6.197339842723277,3,VB,VBD,wa,1,61,0.02345897282398896,0.00031765149242506027,1.4309973422633264,0.9838709677419355,0.02345897282398896,0.02308060229456978
of,1352,0.0133800447321022,6.223773250576057,2,IN,IN,of,1,62,0.0,0.0,0.0,1.0,0.0,0.0
it,1310,0.0129643924549215,6.269301590433429,2,PR,PRP,it,1,61,0.02345897282398896,0.00028846891660326714,1.4309973422633264,0.9838709677419355,0.02345897282398896,0.02308060229456978
she,1232,0.0121924667973002,6.35786614616334,3,PR,PRP,she,1,54,0.19930880822340666,0.0023598902968118432,10.76267564406396,0.8709677419354839,0.19930880822340666,0.1735915426461929
you,1192,0.0117966074856995,6.4054841663960795,3,PR,PRP,you,1,60,0.04730571477835682,0.0005820801706842594,2.838342886701409,0.967741935483871,0.04730571477835652,0.04577972397905469
said,1162,0.011499713001999,6.4422583334537125,4,VB,VBD,said,0,62,0.0,0.0,0.0,1.0,0.0,0.0
that,1151,0.0113908516913089,6.455980568726011,4,IN,IN,that,1,61,0.02345897282398896,0.00026159641474549945,1.4309973422633264,0.9838709677419355,0.02345897282398896,0.02308060229456978
in,1147,0.0113512657601488,6.461003010842417,2,IN,IN,in,1,62,0.0,0.0,0.0,1.0,0.0,0.0
her,1115,0.0110345783108683,6.501824692050574,3,PR,PRP$,her,1,57,0.1213062962221336,0.0012925466854917208,6.914458884661615,0.9193548387096774,0.1213062962221336,0.11152353039776798
i,1103,0.0109158205173881,6.517435611266858,1,PR,PRP,i,1,60,0.04730571477835682,0.0005073415286427464,2.838342886701409,0.967741935483871,0.04730571477835652,0.04577972397905469
his,1032,0.0102131702392969,6.613425431434987,3,PR,PRP$,hi,1,59,0.07155326102503407,0.000709378458772743,4.22164240047701,0.9516129032258065,0.07155326102503376,0.06809100645930632
but,897,0.0088771450626447,6.81568851193898,3,CC,CC,but,1,62,0.0,0.0,0.0,1.0,0.0,0.0
him,881,0.0087188013380044,6.841654477937827,3,PR,PRP,him,1,62,0.0,0.0,0.0,1.0,0.0,0.0
they,842,0.0083328385091938,6.9069762637918455,4,PR,PRP,they,1,59,0.07155326102503407,0.0006104344995482857,4.22164240047701,0.9516129032258065,0.07155326102503376,0.06809100645930632
had,839,0.0083031490608237,6.912125686418418,3,VB,VBD,had,1,62,0.0,0.0,0.0,1.0,0.0,0.0
as,770,0.0076202917483126,7.035938051275978,2,IN,IN,as,1,60,0.04730571477835682,0.0003454906787369032,2.838342886701409,0.967741935483871,0.04730571477835652,0.04577972397905469
not,755,0.0074718445064624,7.0643198526458,3,RB,RB,not,1,61,0.02345897282398896,0.00017621423092636893,1.4309973422633264,0.9838709677419355,0.02345897282398896,0.02308060229456978
for,746,0.0073827761613522,7.081620866603004,3,IN,IN,for,1,61,0.02345897282398896,0.00017272057080089493,1.4309973422633264,0.9838709677419355,0.02345897282398896,0.02308060229456978
so,730,0.0072244324367119,7.112900033090861,2,RB,RB,so,1,59,0.07155326102503407,0.0005101994914509272,4.22164240047701,0.9516129032258065,0.07155326102503376,0.06809100645930632
with,703,0.0069572274013815,7.167271807785706,4,IN,IN,with,1,62,0.0,0.0,0.0,1.0,0.0,0.0
then,674,0.006670229400471,7.228047905676383,4,RB,RB,then,1,62,0.0,0.0,0.0,1.0,0.0,0.0
when,647,0.0064030243651406,7.287030784865734,4,WR,WRB,when,1,62,0.0,0.0,0.0,1.0,0.0,0.0
on,628,0.0062149911921303,7.330031937966615,2,IN,IN,on,1,60,0.04730571477835682,0.00027500803068392543,2.838342886701409,0.967741935483871,0.04730571477835652,0.04577972397905469
at,619,0.0061259228470201,7.350857087643977,2,IN,IN,at,1,61,0.02345897282398896,0.0001485163519631206,1.4309973422633264,0.9838709677419355,0.02345897282398896,0.02308060229456978
all,587,0.0058092353977396,7.427435993748189,3,DT,DT,all,1,60,0.04730571477835682,0.00028363581326025755,2.838342886701409,0.967741935483871,0.04730571477835652,0.04577972397905469
will,570,0.0056409951903093,7.469834577806138,4,MD,MD,will,1,60,0.04730571477835682,0.0002578171737017825,2.838342886701409,0.967741935483871,0.04730571477835652,0.04577972397905469
be,529,0.0052352393959186,7.577528774744216,2,VB,VB,be,1,59,0.07155326102503407,0.000371550852112197,4.22164240047701,0.9516129032258065,0.07155326102503376,0.06809100645930632
have,502,0.0049680343605882,7.65310913290747,4,VB,VBP,have,1,59,0.07155326102503407,0.0003725935174305553,4.22164240047701,0.9516129032258065,0.07155326102503376,0.06809100645930632
into,479,0.0047404152564178,7.720770841122061,4,IN,IN,into,1,58,0.09621531525930298,0.0004495433546523744,5.580488285039572,0.9354838709677419,0.09621531525930327,0.09000787556515466
out,470,0.0046513469113077,7.748135740293241,3,RP,RP,out,1,61,0.02345897282398896,0.00010949300015935574,1.4309973422633264,0.9838709677419355,0.02345897282398896,0.02308060229456978
is,465,0.0046018644973576,7.763565780862847,2,VB,VBZ,is,1,58,0.09621531525930298,0.000439658184716901,5.580488285039572,0.9354838709677419,0.09621531525930327,0.09000787556515466
came,460,0.0045523820834075,7.779162635913866,4,VB,VBD,came,0,60,0.04730571477835682,0.00021184083177600525,2.838342886701409,0.967741935483871,0.04730571477835652,0.04577972397905469
me,455,0.0045028996694574,7.794929951772183,2,PR,PRP,me,1,55,0.17283659686221553,0.00074963288942944,9.506012827421854,0.8870967741935484,0.17283659686221553,0.15332278753906217
went,441,0.0043643489103972,7.84001784130072,4,VB,VBD,went,0,58,0.09621531525930298,0.00038476000982482275,5.580488285039572,0.9354838709677419,0.09621531525930327,0.09000787556515466
what,426,0.0042159016685469,7.889943066632403,4,WP,WP,what,1,61,0.02345897282398896,0.00010661320920609874,1.4309973422633264,0.9838709677419355,0.02345897282398896,0.02308060229456978
one,409,0.0040476614611167,7.948695653916492,3,CD,CD,one,0,59,0.07155326102503407,0.0002940105555581503,4.22164240047701,0.9516129032258065,0.07155326102503376,0.06809100645930632
up,401,0.0039684895987965,7.977194260403321,2,RP,RP,up,1,59,0.07155326102503407,0.0002826014683307204,4.22164240047701,0.9516129032258065,0.07155326102503376,0.06809100645930632
there,395,0.0039091107020564,7.998943843793776,5,EX,EX,there,1,61,0.02345897282398896,9.275369826868477e-05,1.4309973422633264,0.9838709677419355,0.02345897282398896,0.02308060229456978
little,393,0.0038893177364764,8.006267184599634,6,JJ,JJ,littl,0,53,0.226275855823676,0.000831693640577995,11.992620358654827,0.8548387096774194,0.226275855823676,0.19342936062346497
them,377,0.0037309740118361,8.066231973589577,4,PR,PRP,them,1,56,0.14684138832927118,0.0005508820389812029,8.223117746439186,0.9032258064516129,0.14684138832927118,0.13263093139418042
my,371,0.003671595115096,8.089377310237438,2,PR,PRP$,my,1,55,0.17283659686221553,0.000616581204220503,9.506012827421854,0.8870967741935484,0.17283659686221553,0.15332278753906217
s,361,0.0035726302871959,8.12879765997107,1,NN,NN,s,1,57,0.1213062962221336,0.00041223959340697526,6.914458884661615,0.9193548387096774,0.1213062962221336,0.11152353039776798
king,361,0.0035726302871959,8.12879765997107,4,NN,NN,king,0,29,1.096215315259303,0.003474031202064889,31.79024414251979,0.46774193548387094,1.0962153152593033,0.5127458732664483
were,342,0.0033845971141856,8.206800171972343,4,VB,VBD,were,1,57,0.1213062962221336,0.00041669845083447534,6.914458884661615,0.9193548387096774,0.1213062962221336,0.11152353039776798
if,328,0.0032460463551253,8.267100682240157,2,IN,IN,if,1,57,0.1213062962221336,0.00037823896903079325,6.914458884661615,0.9193548387096774,0.1213062962221336,0.11152353039776798
this,327,0.0032361498723353,8.27150586136016,4,DT,DT,thi,1,56,0.14684138832927118,0.00045959345873388617,8.223117746439186,0.9032258064516129,0.14684138832927118,0.13263093139418042
down,324,0.0032064604239653,8.284802683973616,4,RP,RP,down,1,56,0.14684138832927118,0.000465011222141606,8.223117746439186,0.9032258064516129,0.14684138832927118,0.13263093139418042
who,317,0.0031371850444352,8.316313656718833,3,WP,WP,who,1,57,0.1213062962221336,0.0003939600235728483,6.914458884661615,0.9193548387096774,0.1213062962221336,0.11152353039776798
no,310,0.003067909664905,8.348528281584004,2,DT,DT,no,1,59,0.07155326102503407,0.00021842442494021303,4.22164240047701,0.9516129032258065,0.07155326102503376,0.06809100645930632
by,291,0.0028798764918947,8.439777343949958,2,IN,IN,by,1,58,0.09621531525930298,0.00025548179223674507,5.580488285039572,0.9354838709677419,0.09621531525930327,0.09000787556515466
away,291,0.0028798764918947,8.439777343949958,4,RB,RB,away,0,60,0.04730571477835682,0.0001331553966804796,2.838342886701409,0.967741935483871,0.04730571477835652,0.04577972397905469
do,285,0.0028204975951546,8.469834577806138,2,VB,VB,do,1,59,0.07155326102503407,0.00020752501260363836,4.22164240047701,0.9516129032258065,0.07155326102503376,0.06809100645930632
again,282,0.0027908081467846,8.485101334459447,5,RB,RB,again,1,52,0.253756592245783,0.0006083975301917781,13.195342796780716,0.8387096774193549,0.253756592245783,0.21282810962549542
go,278,0.0027512222156245,8.505711614134734,2,VB,VB,go,0,52,0.253756592245783,0.0006112057095098413,13.195342796780716,0.8387096774193549,0.253756592245783,0.21282810962549542
would,265,0.0026225679393543,8.57480413740768,5,MD,MD,would,0,58,0.09621531525930298,0.0002468322434482237,5.580488285039572,0.9354838709677419,0.09621531525930327,0.09000787556515466
could,260,0.0025730855254042,8.602284873829786,5,MD,MD,could,0,54,0.19930880822340666,0.0005052762594020138,10.76267564406396,0.8709677419354839,0.19930880822340666,0.1735915426461929
took,247,0.002444431249134,8.676285455273563,4,VB,VBD,took,0,55,0.17283659686221553,0.00039911785876146254,9.506012827421854,0.8870967741935484,0.17283659686221553,0.15332278753906217
their,237,0.0023454664212338,8.735909437959982,5,PR,PRP$,their,1,50,0.3103401206121505,0.0006929041176919635,15.517006030607524,0.8064516129032258,0.3103401206121505,0.25027429081625036
your,234,0.0023157769728638,8.754287967274838,4,PR,PRP$,your,1,51,0.2817709684153795,0.0006630888832979405,14.370319389184356,0.8225806451612904,0.2817709684153795,0.23177934498684447
very,229,0.0022662945589137,8.785448898761297,4,RB,RB,veri,1,53,0.226275855823676,0.0004928789668790205,11.992620358654827,0.8548387096774194,0.226275855823676,0.19342936062346497
man,226,0.0022366051105437,8.804473724443053,3,NN,NN,man,0,42,0.561878887608115,0.001129464633559907,23.59891327954083,0.6774193548387096,0.561878887608115,0.3806276335409811
now,224,0.0022168121449636,8.817297764800637,3,RB,RB,now,1,55,0.17283659686221553,0.0003757193218018524,9.506012827421854,0.8870967741935484,0.17283659686221553,0.15332278753906217
are,220,0.0021772262138036,8.843292973333583,3,VB,VBP,are,1,55,0.17283659686221553,0.0004313424402339248,9.506012827421854,0.8870967741935484,0.17283659686221553,0.15332278753906217
did,211,0.0020881578686934,8.903553498151057,3,VB,VBD,did,1,54,0.19930880822340666,0.0004556838500041848,10.76267564406396,0.8709677419354839,0.19930880822340666,0.1735915426461929
good,206,0.0020386754547433,8.938152159675022,4,JJ,JJ,good,0,51,0.2817709684153795,0.0007015363303771873,14.370319389184356,0.8225806451612904,0.2817709684153795,0.23177934498684447
can,205,0.0020287789719533,8.945172587352795,3,MD,MD,can,1,52,0.253756592245783,0.0004885209324500965,13.195342796780716,0.8387096774193549,0.253756592245783,0.21282810962549542
old,201,0.0019891930407933,8.973600995679313,3,JJ,JJ,old,0,44,0.49476469174957804,0.0012505140931473064,21.769646436981432,0.7096774193548387,0.4947646917495778,0.35112332962873266
we,200,0.0019792965580032,8.980796497083517,2,PR,PRP,we,1,44,0.49476469174957804,0.0009691215200823349,21.769646436981432,0.7096774193548387,0.4947646917495778,0.35112332962873266
time,200,0.0019792965580032,8.980796497083517,4,NN,NN,time,0,56,0.14684138832927118,0.0002933605013605846,8.223117746439186,0.9032258064516129,0.14684138832927118,0.13263093139418042
upon,198,0.0019595035924232,8.995296066778632,4,IN,IN,upon,0,46,0.4306343543298623,0.0008914260454921711,19.809180299173665,0.7419354838709677,0.4306343543298623,0.31950290805118814
from,197,0.0019496071096332,9.002600867401865,4,IN,IN,from,1,53,0.226275855823676,0.0004462425449132797,11.992620358654827,0.8548387096774194,0.226275855823676,0.19342936062346497
off,196,0.0019397106268432,9.009942842743031,3,RP,RP,off,1,51,0.2817709684153795,0.0005211939142894219,14.370319389184356,0.8225806451612904,0.2817709684153795,0.23177934498684447
which,189,0.0018704352473131,9.062410262637169,5,WD,WDT,which,1,50,0.3103401206121505,0.0005429365952854398,15.517006030607524,0.8064516129032258,0.3103401206121505,0.25027429081625036
come,188,0.001860538764523,9.070063835180605,4,VB,VB,come,0,53,0.226275855823676,0.0004063004671223981,11.992620358654827,0.8548387096774194,0.226275855823676,0.19342936062346497
day,185,0.001830849316153,9.09327122634193,3,NN,NN,day,0,51,0.2817709684153795,0.000540914185326755,14.370319389184356,0.8225806451612904,0.2817709684153795,0.23177934498684447
saw,183,0.001811056350573,9.1089528485742,3,VB,VBD,saw,0,53,0.226275855823676,0.0004091095740679543,11.992620358654827,0.8548387096774194,0.226275855823676,0.19342936062346497
father,183,0.001811056350573,9.1089528485742,6,NN,NN,father,0,29,1.096215315259303,0.0017263611363282747,31.79024414251979,0.46774193548387094,1.0962153152593033,0.5127458732664483
how,180,0.0017813669022029,9.132799590528569,3,WR,WRB,how,1,48,0.3692338096657191,0.0006529585175203967,17.72322286395452,0.7741935483870968,0.3692338096657191,0.285858433289589
home,180,0.0017813669022029,9.132799590528569,4,NN,NN,home,0,50,0.3103401206121505,0.0005509177246977606,15.517006030607524,0.8064516129032258,0.3103401206121505,0.25027429081625036
before,175,0.0017318844882528,9.173441575025912,6,IN,IN,befor,1,53,0.226275855823676,0.00036163716312823303,11.992620358654827,0.8548387096774194,0.226275855823676,0.19342936062346497
should,172,0.0017021950398828,9.198387932156145,6,MD,MD,should,1,51,0.2817709684153795,0.0005085173423106836,14.370319389184356,0.8225806451612904,0.2817709684153795,0.23177934498684447
himself,171,0.0016922985570928,9.206800171972343,7,PR,PRP,himself,1,45,0.46234321405720047,0.0007060446862219475,20.80544463257402,0.7258064516129032,0.46234321405720047,0.33557168762216166
about,170,0.0016824020743027,9.21526175072054,5,IN,IN,about,1,48,0.3692338096657191,0.0005715230948927766,17.72322286395452,0.7741935483870968,0.3692338096657191,0.285858433289589
shall,169,0.0016725055915127,9.223773250576055,5,MD,MD,shall,0,46,0.4306343543298623,0.0006597574532612553,19.809180299173665,0.7419354838709677,0.4306343543298623,0.31950290805118814
take,169,0.0016725055915127,9.223773250576055,4,VB,VB,take,0,47,0.39960745870923775,0.0006275393720732255,18.781550559334175,0.7580645161290323,0.39960745870923775,0.30292823482797054
must,166,0.0016428161431427,9.249613255511315,4,MD,MD,must,0,49,0.33948646627166706,0.0005176233758990478,16.634836847311686,0.7903225806451613,0.33948646627166706,0.2683038201179304
thought,166,0.0016428161431427,9.249613255511315,7,VB,VBD,thought,0,48,0.3692338096657191,0.0005725600014504146,17.72322286395452,0.7741935483870968,0.3692338096657191,0.285858433289589
where,165,0.0016329196603527,9.258330472612425,5,WR,WRB,where,1,48,0.3692338096657191,0.0006268148652808697,17.72322286395452,0.7741935483870968,0.3692338096657191,0.285858433289589
well,164,0.0016230231775626,9.267100682240155,4,RB,RB,well,0,49,0.33948646627166706,0.0005558881327676315,16.634836847311686,0.7903225806451613,0.33948646627166706,0.2683038201179304
let,158,0.0015636442808225,9.32087193868114,3,VB,VB,let,0,51,0.2817709684153795,0.0004601471082335436,14.370319389184356,0.8225806451612904,0.2817709684153795,0.23177934498684447
soon,157,0.0015537477980325,9.330031937966616,4,RB,RB,soon,0,50,0.3103401206121505,0.0004825661003646453,15.517006030607524,0.8064516129032258,0.3103401206121505,0.25027429081625036
see,155,0.0015339548324525,9.348528281584004,3,VB,VB,see,0,48,0.3692338096657191,0.0005189654779393557,17.72322286395452,0.7741935483870968,0.3692338096657191,0.285858433289589
cried,153,0.0015141618668725,9.36726484416559,5,VB,VBD,cri,0,46,0.4306343543298623,0.0006613904851089508,19.809180299173665,0.7419354838709677,0.4306343543298623,0.31950290805118814
mother,152,0.0015042653840824,9.376725173414656,6,NN,NN,mother,0,25,1.3103401206121505,0.0018784790790799255,32.758503015303766,0.4032258064516129,1.3103401206121505,0.5283629518597381
great,152,0.0015042653840824,9.376725173414656,5,JJ,JJ,great,0,44,0.49476469174957804,0.0006350878013843201,21.769646436981432,0.7096774193548387,0.4947646917495778,0.35112332962873266
back,152,0.0015042653840824,9.376725173414656,4,RB,RB,back,0,49,0.33948646627166706,0.00045637834981224917,16.634836847311686,0.7903225806451613,0.33948646627166706,0.2683038201179304
am,151,0.0014943689012924,9.386247947533162,2,VB,VBP,am,1,44,0.49476469174957804,0.0008038361005249677,21.769646436981432,0.7096774193548387,0.4947646917495778,0.35112332962873266
wife,150,0.0014844724185024,9.39583399636236,4,NN,NN,wife,0,33,0.9098021910284219,0.0014043729021986223,30.023472303937922,0.532258064516129,0.9098021910284219,0.4842495532893213
give,148,0.0014646794529224,9.415199321229291,4,VB,VB,give,0,42,0.561878887608115,0.0007735634457752126,23.59891327954083,0.6774193548387096,0.561878887608115,0.3806276335409811
last,147,0.0014547829701324,9.424980342021875,4,JJ,JJ,last,0,48,0.3692338096657191,0.0005498477856052428,17.72322286395452,0.7741935483870968,0.3692338096657191,0.285858433289589
way,146,0.0014448864873423,9.434828127978223,3,NN,NN,way,0,49,0.33948646627166706,0.00048094750041869277,16.634836847311686,0.7903225806451613,0.33948646627166706,0.2683038201179304
over,146,0.0014448864873423,9.434828127978223,4,IN,IN,over,1,46,0.4306343543298623,0.0005578488467818548,19.809180299173665,0.7419354838709677,0.4306343543298623,0.31950290805118814
long,146,0.0014448864873423,9.434828127978223,4,RB,RB,long,0,49,0.33948646627166706,0.0004952606849521481,16.634836847311686,0.7903225806451613,0.33948646627166706,0.2683038201179304
once,145,0.0014349900045523,9.444743596843306,4,RB,RB,onc,1,55,0.17283659686221553,0.00027963703794634984,9.506012827421854,0.8870967741935484,0.17283659686221553,0.15332278753906217
two,144,0.0014250935217623,9.454727685415929,3,CD,CD,two,0,40,0.632268215499513,0.0009138747956000595,25.29072861998052,0.6451612903225806,0.632268215499513,0.4079149777416213
been,144,0.0014250935217623,9.454727685415929,4,VB,VBN,been,1,48,0.3692338096657191,0.0005938736762091646,17.72322286395452,0.7741935483870968,0.3692338096657191,0.285858433289589
after,144,0.0014250935217623,9.454727685415929,5,IN,IN,after,1,51,0.2817709684153795,0.0004039800954005556,14.370319389184356,0.8225806451612904,0.2817709684153795,0.23177934498684447
more,142,0.0014053005561823,9.47490556735356,4,JJ,JJR,more,1,44,0.49476469174957804,0.0006545436299911358,21.769646436981432,0.7096774193548387,0.4947646917495778,0.35112332962873266
some,138,0.0013657146250222,9.516128230080072,4,DT,DT,some,1,51,0.2817709684153795,0.0004290739701294154,14.370319389184356,0.8225806451612904,0.2817709684153795,0.23177934498684447
put,135,0.0013360251766522,9.54783708980741,3,VB,VBD,put,0,44,0.49476469174957804,0.0006199025916742048,21.769646436981432,0.7096774193548387,0.4947646917495778,0.35112332962873266
an,133,0.0013162322110721,9.569370251357052,2,DT,DT,an,1,51,0.2817709684153795,0.0003835597320186111,14.370319389184356,0.8225806451612904,0.2817709684153795,0.23177934498684447
door,132,0.0013063357282821,9.580258567499788,4,NN,NN,door,0,39,0.6687940915246268,0.0009792831019059217,26.082969569460445,0.6290322580645161,0.6687940915246268,0.42069305757194264
has,131,0.0012964392454921,9.59122968532079,3,VB,VBZ,ha,1,45,0.46234321405720047,0.0007293546007698836,20.80544463257402,0.7258064516129032,0.46234321405720047,0.33557168762216166
fell,130,0.0012865427627021,9.602284873829786,4,VB,VBD,fell,0,46,0.4306343543298623,0.0005093545537914032,19.809180299173665,0.7419354838709677,0.4306343543298623,0.31950290805118814
other,130,0.0012865427627021,9.602284873829786,5,JJ,JJ,other,1,48,0.3692338096657191,0.0005074845181242764,17.72322286395452,0.7741935483870968,0.3692338096657191,0.285858433289589
asked,128,0.0012667497971221,9.62465268685824,5,VB,VBD,ask,0,45,0.46234321405720047,0.0005867956086749254,20.80544463257402,0.7258064516129032,0.46234321405720047,0.33557168762216166
still,127,0.001256853314332,9.635968000086075,5,RB,RB,still,0,44,0.49476469174957804,0.0005951307789462279,21.769646436981432,0.7096774193548387,0.4947646917495778,0.35112332962873266
or,126,0.001246956831542,9.647372763358325,2,CC,CC,or,1,47,0.39960745870923775,0.0005295878372799614,18.781550559334175,0.7580645161290323,0.39960745870923775,0.30292823482797054
sat,125,0.001237060348752,9.658868402196154,3,VB,VBD,sat,0,48,0.3692338096657191,0.0004971223950881512,17.72322286395452,0.7741935483870968,0.3692338096657191,0.285858433289589
till,125,0.001237060348752,9.658868402196154,4,NN,NN,till,0,42,0.561878887608115,0.0006878688186482953,23.59891327954083,0.6774193548387096,0.561878887608115,0.3806276335409811
like,125,0.001237060348752,9.658868402196154,4,IN,IN,like,0,41,0.5966443057687916,0.0007357230008430866,24.462416536520454,0.6612903225806451,0.5966443057687916,0.39455510542774924
beautiful,123,0.001217267383172,9.682138181519,9,JJ,JJ,beauti,0,34,0.8667334691365358,0.0009224960531029365,29.468937950642218,0.5483870967741935,0.8667334691365359,0.47530545081680997
nothing,123,0.001217267383172,9.682138181519,7,NN,NN,noth,0,46,0.4306343543298623,0.0005773425737888075,19.809180299173665,0.7419354838709677,0.4306343543298623,0.31950290805118814
get,122,0.001207370900382,9.693915349295354,3,VB,VB,get,0,44,0.49476469174957804,0.0005597036256281428,21.769646436981432,0.7096774193548387,0.4947646917495778,0.35112332962873266
however,121,0.0011974744175919,9.705789449583646,7,RB,RB,howev,0,47,0.39960745870923775,0.0004532657587889654,18.781550559334175,0.7580645161290323,0.39960745870923775,0.30292823482797054
found,119,0.0011776814520119,9.729834923550298,5,VB,VBD,found,0,40,0.632268215499513,0.0007000615695450647,25.29072861998052,0.6451612903225806,0.632268215499513,0.4079149777416213
hans,119,0.0011776814520119,9.729834923550298,4,NN,NNPS,han,0,4,3.9541963103868754,0.006483730476802027,15.816785241547501,0.06451612903225806,3.9541963103868754,0.2551094393797984
ran,119,0.0011776814520119,9.729834923550298,3,VB,VBD,ran,0,41,0.5966443057687916,0.0006555564751256829,24.462416536520454,0.6612903225806451,0.5966443057687916,0.39455510542774924
made,118,0.0011677849692219,9.7420096374964,4,VB,VBD,made,0,43,0.5279315556847771,0.000593728486475175,22.701056894445415,0.6935483870967742,0.5279315556847771,0.36614607894266804
bird,117,0.0011578884864319,9.754287967274838,4,NN,NN,bird,0,19,1.7062687969432897,0.0018100683862444064,32.4191071419225,0.3064516129032258,1.7062687969432897,0.5228888248697178
only,117,0.0011578884864319,9.754287967274838,4,RB,RB,onli,1,49,0.33948646627166706,0.0003936970815557883,16.634836847311686,0.7903225806451613,0.33948646627166706,0.2683038201179304
began,117,0.0011578884864319,9.754287967274838,5,VB,VBD,began,0,48,0.3692338096657191,0.0004715041656094479,17.72322286395452,0.7741935483870968,0.3692338096657191,0.285858433289589
head,117,0.0011578884864319,9.754287967274838,4,NN,NN,head,0,40,0.632268215499513,0.0007213256736815987,25.29072861998052,0.6451612903225806,0.632268215499513,0.4079149777416213
set,116,0.0011479920036419,9.76667169173067,3,VB,VBD,set,0,42,0.561878887608115,0.0006256029282802495,23.59891327954083,0.6774193548387096,0.561878887608115,0.3806276335409811
son,114,0.0011281990380618,9.7917626726935,3,NN,NN,son,0,21,1.561878887608115,0.001637479277424682,32.79945663977042,0.3387096774193548,1.561878887608115,0.5290234941898454
answered,114,0.0011281990380618,9.7917626726935,8,VB,VBD,answer,0,39,0.6687940915246268,0.0008421291081763898,26.082969569460445,0.6290322580645161,0.6687940915246268,0.42069305757194264
looked,113,0.0011183025552718,9.804473724443053,6,VB,VBD,look,0,46,0.4306343543298623,0.0005117122701851249,19.809180299173665,0.7419354838709677,0.4306343543298623,0.31950290805118814
heard,111,0.0010985095896918,9.830236820508135,5,VB,VBD,heard,0,45,0.46234321405720047,0.0005402989074074224,20.80544463257402,0.7258064516129032,0.46234321405720047,0.33557168762216166
got,109,0.0010787166241117,9.856468362081316,3,VB,VBD,got,0,38,0.7062687969432897,0.0007081892062203199,26.83821428384501,0.6129032258064516,0.7062687969432897,0.43287442393298403
water,109,0.0010787166241117,9.856468362081316,5,NN,NN,water,0,32,0.9541963103868752,0.0009728490681811763,30.534281932380008,0.5161290322580645,0.9541963103868752,0.49248841826419365
gave,108,0.0010688201413217,9.869765184694772,4,VB,VBD,gave,0,38,0.7062687969432897,0.0007090096537893304,26.83821428384501,0.6129032258064516,0.7062687969432897,0.43287442393298403
house,108,0.0010688201413217,9.869765184694772,5,NN,NN,hous,0,36,0.784271308944563,0.0007791090813098096,28.233767122004267,0.5806451612903226,0.7842713089445628,0.4553833406774881
too,106,0.0010490271757417,9.896732232295042,3,RB,RB,too,1,44,0.49476469174957804,0.0005080026517181003,21.769646436981432,0.7096774193548387,0.4947646917495778,0.35112332962873266
here,104,0.0010292342101617,9.92421296871715,4,RB,RB,here,1,40,0.632268215499513,0.0006787637683238369,25.29072861998052,0.6451612903225806,0.632268215499513,0.4079149777416213
than,103,0.0010193377273716,9.938152159675022,4,IN,IN,than,1,41,0.5966443057687916,0.0006084892592226238,24.462416536520454,0.6612903225806451,0.5966443057687916,0.39455510542774924
princess,103,0.0010193377273716,9.938152159675022,8,NN,NN,princess,0,16,1.9541963103868751,0.0018060616372880642,31.267140966190002,0.25806451612903225,1.9541963103868751,0.504308725261129
never,102,0.0010094412445816,9.952227344886746,5,RB,RB,never,0,40,0.632268215499513,0.0006714589085969864,25.29072861998052,0.6451612903225806,0.632268215499513,0.4079149777416213
told,100,0.0009896482790016,9.980796497083515,4,VB,VBD,told,0,43,0.5279315556847771,0.0004878770625499497,22.701056894445415,0.6935483870967742,0.5279315556847771,0.36614607894266804
morning,100,0.0009896482790016,9.980796497083515,7,NN,NN,morn,0,38,0.7062687969432897,0.0007152870071553232,26.83821428384501,0.6129032258064516,0.7062687969432897,0.43287442393298403
first,100,0.0009896482790016,9.980796497083515,5,JJ,JJ,first,0,42,0.561878887608115,0.0005873825307418669,23.59891327954083,0.6774193548387096,0.561878887608115,0.3806276335409811
woman,99,0.0009797517962116,9.995296066778632,5,NN,NN,woman,0,19,1.7062687969432897,0.0014357928259984578,32.4191071419225,0.3064516129032258,1.7062687969432897,0.5228888248697178
night,98,0.0009698553134216,10.009942842743031,5,NN,NN,night,0,33,0.9098021910284219,0.0007589634617838274,30.023472303937922,0.532258064516129,0.9098021910284219,0.4842495532893213
much,97,0.0009599588306315,10.024739844671114,4,JJ,JJ,much,0,47,0.39960745870923775,0.00041308086107188043,18.781550559334175,0.7580645161290323,0.39960745870923775,0.30292823482797054
together,97,0.0009599588306315,10.024739844671114,8,RB,RB,togeth,0,43,0.5279315556847771,0.0005888409126234497,22.701056894445415,0.6935483870967742,0.5279315556847771,0.36614607894266804
three,96,0.0009500623478415,10.039690186137085,5,CD,CD,three,0,34,0.8667334691365358,0.0007779188352741197,29.468937950642218,0.5483870967741935,0.8667334691365359,0.47530545081680997
called,96,0.0009500623478415,10.039690186137085,6,VB,VBD,call,0,41,0.5966443057687916,0.0005548885883783125,24.462416536520454,0.6612903225806451,0.5966443057687916,0.39455510542774924
daughter,94,0.0009302693822615,10.070063835180605,8,NN,NN,daughter,0,27,1.1993088082234067,0.0009824481078374366,32.38133782203198,0.43548387096774194,1.1993088082234067,0.5222796422908385
gretel,94,0.0009302693822615,10.070063835180605,6,NN,NNP,gretel,0,3,4.369233809665719,0.005393235856650047,13.107701428997157,0.04838709677419355,4.369233809665719,0.2114145391773735
eat,93,0.0009203728994715,10.08549387575021,3,VB,VB,eat,0,37,0.7447429447579255,0.0008807411455404459,27.55548895604324,0.5967741935483871,0.7447429447579255,0.44444337025876196
brought,91,0.0009005799338914,10.116858046659544,7,VB,VBD,brought,0,43,0.5279315556847771,0.000490756162352692,22.701056894445415,0.6935483870967742,0.5279315556847771,0.36614607894266804
herself,91,0.0009005799338914,10.116858046659544,7,PR,PRP,herself,1,35,0.8249132934419087,0.0007550648119432281,28.871965270466802,0.5645161290322581,0.8249132934419087,0.46567685920107754
know,90,0.0008906834511014,10.132799590528569,4,VB,VB,know,0,44,0.49476469174957804,0.00045846320274363594,21.769646436981432,0.7096774193548387,0.4947646917495778,0.35112332962873266
poor,90,0.0008906834511014,10.132799590528569,4,JJ,JJ,poor,0,42,0.561878887608115,0.000564225156023363,23.59891327954083,0.6774193548387096,0.561878887608115,0.3806276335409811
just,90,0.0008906834511014,10.132799590528569,4,RB,RB,just,1,36,0.784271308944563,0.0007396996618994106,28.233767122004267,0.5806451612903226,0.7842713089445628,0.4553833406774881
gold,89,0.0008807869683114,10.148919255891844,4,NN,NN,gold,0,32,0.9541963103868752,0.0007256949938984334,30.534281932380008,0.5161290322580645,0.9541963103868752,0.49248841826419365
golden,89,0.0008807869683114,10.148919255891844,6,JJ,JJ,golden,0,21,1.561878887608115,0.0009904754120231866,32.79945663977042,0.3387096774193548,1.561878887608115,0.5290234941898454
quite,89,0.0008807869683114,10.148919255891844,5,RB,RB,quit,0,42,0.561878887608115,0.0005419822329854497,23.59891327954083,0.6774193548387096,0.561878887608115,0.3806276335409811
horse,88,0.0008708904855214,10.165221068220944,5,NN,NN,hors,0,14,2.146841388329271,0.0018829625351851678,30.055779436609797,0.22580645161290322,2.146841388329271,0.48477063607435156
tree,88,0.0008708904855214,10.165221068220944,4,NN,NN,tree,0,28,1.1468413883292712,0.0009852653362202876,32.11155887321959,0.45161290322580644,1.1468413883292712,0.5179283689228966
might,86,0.0008510975199414,10.198387932156145,5,MD,MD,might,0,40,0.632268215499513,0.00048766548715471476,25.29072861998052,0.6451612903225806,0.632268215499513,0.4079149777416213
round,85,0.0008412010371513,10.21526175072054,5,NN,NN,round,0,35,0.8249132934419087,0.0006395085698949795,28.871965270466802,0.5645161290322581,0.8249132934419087,0.46567685920107754
forest,85,0.0008412010371513,10.21526175072054,6,NN,NN,forest,0,18,1.784271308944563,0.0013722825681924892,32.11688356100213,0.2903225806451613,1.7842713089445628,0.5180142509839053
next,84,0.0008313045543613,10.23233526407948,4,JJ,JJ,next,0,37,0.7447429447579255,0.0006532160376399716,27.55548895604324,0.5967741935483871,0.7447429447579255,0.44444337025876196
done,84,0.0008313045543613,10.23233526407948,4,VB,VBN,done,0,39,0.6687940915246268,0.0006013761103012725,26.082969569460445,0.6290322580645161,0.6687940915246268,0.42069305757194264
child,83,0.0008214080715713,10.249613255511315,5,NN,NN,child,0,27,1.1993088082234067,0.001081047210901536,32.38133782203198,0.43548387096774194,1.1993088082234067,0.5222796422908385
fox,83,0.0008214080715713,10.249613255511315,3,NN,NN,fox,0,8,2.9541963103868754,0.006123253856956039,23.633570483095003,0.12903225806451613,2.9541963103868754,0.3811866206950807
may,83,0.0008214080715713,10.249613255511315,3,MD,MD,may,0,35,0.8249132934419087,0.0006212591483108861,28.871965270466802,0.5645161290322581,0.8249132934419087,0.46567685920107754
lay,82,0.0008115115887813,10.267100682240155,3,VB,VBD,lay,0,34,0.8667334691365358,0.0006447999768646327,29.468937950642218,0.5483870967741935,0.8667334691365359,0.47530545081680997
castle,82,0.0008115115887813,10.267100682240155,6,NN,NN,castl,0,16,1.9541963103868751,0.0013682966698296125,31.267140966190002,0.25806451612903225,1.9541963103868751,0.504308725261129
left,80,0.0007917186232013,10.30272459197088,4,VB,VBD,left,0,40,0.632268215499513,0.00048498495869142756,25.29072861998052,0.6451612903225806,0.632268215499513,0.4079149777416213
through,80,0.0007917186232013,10.30272459197088,7,IN,IN,through,1,32,0.9541963103868752,0.0006654985854801134,30.534281932380008,0.5161290322580645,0.9541963103868752,0.49248841826419365
wood,80,0.0007917186232013,10.30272459197088,4,NN,NN,wood,0,30,1.0473057147783569,0.000980984717931205,31.419171443350706,0.4838709677419355,1.0473057147783564,0.5067608297314629
any,79,0.0007818221404112,10.32087193868114,3,DT,DT,ani,1,37,0.7447429447579255,0.0005525690536251916,27.55548895604324,0.5967741935483871,0.7447429447579255,0.44444337025876196
make,79,0.0007818221404112,10.32087193868114,4,VB,VB,make,0,38,0.7062687969432897,0.0006042790364555779,26.83821428384501,0.6129032258064516,0.7062687969432897,0.43287442393298403
stood,79,0.0007818221404112,10.32087193868114,5,VB,VBD,stood,0,38,0.7062687969432897,0.0005157508527129691,26.83821428384501,0.6129032258064516,0.7062687969432897,0.43287442393298403
children,78,0.0007719256576212,10.339250467995994,8,NN,NNS,children,0,12,2.3692338096657193,0.0018486901122895664,28.430805715988633,0.1935483870967742,2.3692338096657193,0.45856138251594564
us,78,0.0007719256576212,10.339250467995994,2,PR,PRP,us,0,34,0.8667334691365358,0.000603541862545635,29.468937950642218,0.5483870967741935,0.8667334691365359,0.47530545081680997
cut,78,0.0007719256576212,10.339250467995994,3,VB,VBD,cut,0,35,0.8249132934419087,0.0006580495413643258,28.871965270466802,0.5645161290322581,0.8249132934419087,0.46567685920107754
each,77,0.0007620291748312,10.35786614616334,4,DT,DT,each,1,29,1.096215315259303,0.0009369715502879439,31.79024414251979,0.46774193548387094,1.0962153152593033,0.5127458732664483
young,76,0.0007521326920412,10.376725173414656,5,JJ,JJ,young,0,28,1.1468413883292712,0.0010976321474689384,32.11155887321959,0.45161290322580644,1.1468413883292712,0.5179283689228966
queen,76,0.0007521326920412,10.376725173414656,5,NN,NN,queen,0,14,2.146841388329271,0.0014867999671538696,30.055779436609797,0.22580645161290322,2.146841388329271,0.48477063607435156
such,76,0.0007521326920412,10.376725173414656,4,JJ,JJ,such,1,39,0.6687940915246268,0.00047757776123103917,26.082969569460445,0.6290322580645161,0.6687940915246268,0.42069305757194264
find,76,0.0007521326920412,10.376725173414656,4,VB,VB,find,0,32,0.9541963103868752,0.0006122528377758282,30.534281932380008,0.5161290322580645,0.9541963103868752,0.49248841826419365
going,75,0.0007422362092512,10.39583399636236,5,VB,VBG,go,0,34,0.8667334691365358,0.0005648808268628509,29.468937950642218,0.5483870967741935,0.8667334691365359,0.47530545081680997
hand,74,0.0007323397264612,10.415199321229291,4,NN,NN,hand,0,33,0.9098021910284219,0.0005784361841776342,30.023472303937922,0.532258064516129,0.9098021910284219,0.4842495532893213
bed,74,0.0007323397264612,10.415199321229291,3,NN,NN,bed,0,24,1.369233809665719,0.0008633179533857556,32.86161143197726,0.3870967741935484,1.369233809665719,0.5300259908383429
bring,73,0.0007224432436711,10.434828127978223,5,VB,VB,bring,0,31,1.0,0.0008126168815830286,31.0,0.5,1.0,0.5
another,73,0.0007224432436711,10.434828127978223,7,DT,DT,anoth,0,39,0.6687940915246268,0.0005142712278291667,26.082969569460445,0.6290322580645161,0.6687940915246268,0.42069305757194264
heart,73,0.0007224432436711,10.434828127978223,5,NN,NN,heart,0,36,0.784271308944563,0.0005382085293935347,28.233767122004267,0.5806451612903226,0.7842713089445628,0.4553833406774881
behind,72,0.0007125467608811,10.454727685415929,6,IN,IN,behind,0,37,0.7447429447579255,0.0005756987291591886,27.55548895604324,0.5967741935483871,0.7447429447579255,0.44444337025876196
every,72,0.0007125467608811,10.454727685415929,5,DT,DT,everi,0,35,0.8249132934419087,0.0005886019087674345,28.871965270466802,0.5645161290322581,0.8249132934419087,0.46567685920107754
fast,71,0.0007026502780911,10.47490556735356,4,RB,RB,fast,0,33,0.9098021910284219,0.0007076764127926306,30.023472303937922,0.532258064516129,0.9098021910284219,0.4842495532893213
look,71,0.0007026502780911,10.47490556735356,4,VB,VB,look,0,38,0.7062687969432897,0.00048107903402791344,26.83821428384501,0.6129032258064516,0.7062687969432897,0.43287442393298403
wolf,70,0.0006927537953011,10.495369669913275,4,NN,NN,wolf,0,7,3.146841388329271,0.0031140199398400304,22.0278897183049,0.11290322580645161,3.146841388329271,0.3552885438436274
fire,70,0.0006927537953011,10.495369669913275,4,NN,NN,fire,0,22,1.494764691749578,0.00108059734214824,32.884823218490716,0.3548387096774194,1.4947646917495778,0.5304003744917857
boy,69,0.0006828573125111,10.516128230080072,3,NN,NN,boy,0,12,2.3692338096657193,0.0009869816658245182,28.430805715988633,0.1935483870967742,2.3692338096657193,0.45856138251594564
while,69,0.0006828573125111,10.516128230080072,5,NN,NN,while,1,37,0.7447429447579255,0.0005233234621407749,27.55548895604324,0.5967741935483871,0.7447429447579255,0.44444337025876196
gone,68,0.0006729608297211,10.537189845607902,4,VB,VBN,gone,0,32,0.9541963103868752,0.0005634001598274926,30.534281932380008,0.5161290322580645,0.9541963103868752,0.49248841826419365
evening,68,0.0006729608297211,10.537189845607902,7,NN,NN,even,0,28,1.1468413883292712,0.0008739460593297765,32.11155887321959,0.45161290322580644,1.1468413883292712,0.5179283689228966
cat,68,0.0006729608297211,10.537189845607902,3,NN,NN,cat,0,12,2.3692338096657193,0.003835838322946647,28.430805715988633,0.1935483870967742,2.3692338096657193,0.45856138251594564
tell,68,0.0006729608297211,10.537189845607902,4,VB,VB,tell,0,30,1.0473057147783569,0.0006651034174479592,31.419171443350706,0.4838709677419355,1.0473057147783564,0.5067608297314629
tailor,67,0.0006630643469311,10.558563496400469,6,NN,NN,tailor,0,4,3.9541963103868754,0.0016396665304245232,15.816785241547501,0.06451612903225806,3.9541963103868754,0.2551094393797984
under,67,0.0006630643469311,10.558563496400469,5,IN,IN,under,1,33,0.9098021910284219,0.0005924967086931867,30.023472303937922,0.532258064516129,0.9098021910284219,0.4842495532893213
something,67,0.0006630643469311,10.558563496400469,9,NN,NN,someth,0,32,0.9541963103868752,0.000713935586650138,30.534281932380008,0.5161290322580645,0.9541963103868752,0.49248841826419365
prince,66,0.000653167864141,10.580258567499788,6,NN,NN,princ,0,11,2.494764691749578,0.0011935685933658646,27.442411609245358,0.1774193548387097,2.4947646917495776,0.4426195420846025
work,65,0.000643271381351,10.602284873829786,4,NN,NN,work,0,29,1.096215315259303,0.0008765521444471963,31.79024414251979,0.46774193548387094,1.0962153152593033,0.5127458732664483
laid,65,0.000643271381351,10.602284873829786,4,VB,VBD,laid,0,32,0.9541963103868752,0.000581706501574928,30.534281932380008,0.5161290322580645,0.9541963103868752,0.49248841826419365
white,64,0.000633374898561,10.62465268685824,5,JJ,JJ,white,0,21,1.561878887608115,0.0007803620896343419,32.79945663977042,0.3387096774193548,1.561878887608115,0.5290234941898454
asleep,63,0.000623478415771,10.647372763358325,6,RB,RB,asleep,0,27,1.1993088082234067,0.0006316204667504286,32.38133782203198,0.43548387096774194,1.1993088082234067,0.5222796422908385
world,63,0.000623478415771,10.647372763358325,5,NN,NN,world,0,36,0.784271308944563,0.0004909233311248424,28.233767122004267,0.5806451612903226,0.7842713089445628,0.4553833406774881
eyes,63,0.000623478415771,10.647372763358325,4,NN,NNS,eye,0,34,0.8667334691365358,0.0005985426599632496,29.468937950642218,0.5483870967741935,0.8667334691365359,0.47530545081680997
cook,62,0.000613581932981,10.670456376471366,4,NN,NN,cook,0,16,1.9541963103868751,0.0013393258477303075,31.267140966190002,0.25806451612903225,1.9541963103868751,0.504308725261129
dwarf,62,0.000613581932981,10.670456376471366,5,NN,NN,dwarf,0,10,2.6322682154995127,0.0016204696405257163,26.322682154995128,0.16129032258064516,2.6322682154995127,0.4245593895966956
flew,61,0.000603685450191,10.693915349295354,4,VB,VBD,flew,0,24,1.369233809665719,0.0008547131960391117,32.86161143197726,0.3870967741935484,1.369233809665719,0.5300259908383429
until,60,0.0005937889674009,10.717762091249725,5,IN,IN,until,1,25,1.3103401206121505,0.0008287572477962493,32.758503015303766,0.4032258064516129,1.3103401206121505,0.5283629518597381
sitting,60,0.0005937889674009,10.717762091249725,7,VB,VBG,sit,0,33,0.9098021910284219,0.0006006242404149911,30.023472303937922,0.532258064516129,0.9098021910284219,0.4842495532893213
girl,59,0.0005838924846109,10.7420096374964,4,NN,NN,girl,0,14,2.146841388329271,0.001194871511500761,30.055779436609797,0.22580645161290322,2.146841388329271,0.48477063607435156
own,58,0.0005739960018209,10.76667169173067,3,JJ,JJ,own,1,31,1.0,0.00048473776447646786,31.0,0.5,1.0,0.5
life,58,0.0005739960018209,10.76667169173067,4,NN,NN,life,0,24,1.369233809665719,0.0007985676947713709,32.86161143197726,0.3870967741935484,1.369233809665719,0.5300259908383429
dead,58,0.0005739960018209,10.76667169173067,4,JJ,JJ,dead,0,25,1.3103401206121505,0.0007947744529731193,32.758503015303766,0.4032258064516129,1.3103401206121505,0.5283629518597381
why,58,0.0005739960018209,10.76667169173067,3,WR,WRB,whi,1,35,0.8249132934419087,0.00048479417777035614,28.871965270466802,0.5645161290322581,0.8249132934419087,0.46567685920107754
side,57,0.0005640995190309,10.7917626726935,4,NN,NN,side,0,27,1.1993088082234067,0.0005496162852231467,32.38133782203198,0.43548387096774194,1.1993088082234067,0.5222796422908385
dear,57,0.0005640995190309,10.7917626726935,4,JJ,JJ,dear,0,30,1.0473057147783569,0.000699044490947861,31.419171443350706,0.4838709677419355,1.0473057147783564,0.5067608297314629
wanted,56,0.0005542030362409,10.817297764800635,6,VB,VBD,want,0,24,1.369233809665719,0.0007176186759734549,32.86161143197726,0.3870967741935484,1.369233809665719,0.5300259908383429
hair,56,0.0005542030362409,10.817297764800635,4,NN,NN,hair,0,15,2.0473057147783567,0.0009334083420284969,30.70958572167535,0.24193548387096775,2.0473057147783567,0.4953158987366992
open,56,0.0005542030362409,10.817297764800635,4,JJ,JJ,open,0,27,1.1993088082234067,0.0007388545254734712,32.38133782203198,0.43548387096774194,1.1993088082234067,0.5222796422908385
bride,56,0.0005542030362409,10.817297764800635,5,NN,NN,bride,0,12,2.3692338096657193,0.0011202571695743356,28.430805715988633,0.1935483870967742,2.3692338096657193,0.45856138251594564
ah,56,0.0005542030362409,10.817297764800635,2,NN,NNP,ah,0,26,1.253756592245783,0.0006928332470925373,32.597671398390354,0.41935483870967744,1.253756592245783,0.5257688935224252
care,56,0.0005542030362409,10.817297764800635,4,NN,NN,care,0,32,0.9541963103868752,0.0004955782475174693,30.534281932380008,0.5161290322580645,0.9541963103868752,0.49248841826419365
knew,56,0.0005542030362409,10.817297764800635,4,VB,VBD,knew,0,34,0.8667334691365358,0.0004752322754728559,29.468937950642218,0.5483870967741935,0.8667334691365359,0.47530545081680997
run,55,0.0005443065534509,10.843292973333584,3,VB,VB,run,0,27,1.1993088082234067,0.0006928794175708364,32.38133782203198,0.43548387096774194,1.1993088082234067,0.5222796422908385
many,55,0.0005443065534509,10.843292973333584,4,JJ,JJ,mani,0,32,0.9541963103868752,0.0006246146202236342,30.534281932380008,0.5161290322580645,0.9541963103868752,0.49248841826419365
fine,54,0.0005344100706608,10.869765184694772,4,JJ,JJ,fine,0,32,0.9541963103868752,0.0005117019027741042,30.534281932380008,0.5161290322580645,0.9541963103868752,0.49248841826419365
say,54,0.0005344100706608,10.869765184694772,3,VB,VB,say,0,29,1.096215315259303,0.000543906356992099,31.79024414251979,0.46774193548387094,1.0962153152593033,0.5127458732664483
oh,52,0.0005146171050808,10.92421296871715,2,NN,NNP,oh,0,26,1.253756592245783,0.0007663623263385172,32.597671398390354,0.41935483870967744,1.253756592245783,0.5257688935224252
full,52,0.0005146171050808,10.92421296871715,4,JJ,JJ,full,0,29,1.096215315259303,0.0006449362584597558,31.79024414251979,0.46774193548387094,1.0962153152593033,0.5127458732664483
yes,52,0.0005146171050808,10.92421296871715,3,NN,NNP,ye,0,28,1.1468413883292712,0.0007071574496600273,32.11155887321959,0.45161290322580644,1.1468413883292712,0.5179283689228966
without,52,0.0005146171050808,10.92421296871715,7,IN,IN,without,0,34,0.8667334691365358,0.00043748082324715525,29.468937950642218,0.5483870967741935,0.8667334691365359,0.47530545081680997
enough,52,0.0005146171050808,10.92421296871715,6,RB,RB,enough,0,27,1.1993088082234067,0.000698928726616304,32.38133782203198,0.43548387096774194,1.1993088082234067,0.5222796422908385
want,52,0.0005146171050808,10.92421296871715,4,VB,VBP,want,0,27,1.1993088082234067,0.0006511137735926677,32.38133782203198,0.43548387096774194,1.1993088082234067,0.5222796422908385
seven,52,0.0005146171050808,10.92421296871715,5,CD,CD,seven,0,12,2.3692338096657193,0.001075731442725584,28.430805715988633,0.1935483870967742,2.3692338096657193,0.45856138251594564
happened,51,0.0005047206222908,10.952227344886746,8,VB,VBN,happen,0,30,1.0473057147783569,0.0005106312278721372,31.419171443350706,0.4838709677419355,1.0473057147783564,0.5067608297314629
master,50,0.0004948241395008,10.980796497083515,6,NN,NN,master,0,16,1.9541963103868751,0.0015784163981810058,31.267140966190002,0.25806451612903225,1.9541963103868751,0.504308725261129
thing,50,0.0004948241395008,10.980796497083515,5,NN,NN,thing,0,26,1.253756592245783,0.000584501904358443,32.597671398390354,0.41935483870967744,1.253756592245783,0.5257688935224252
third,50,0.0004948241395008,10.980796497083515,5,JJ,JJ,third,0,28,1.1468413883292712,0.0005652715922068664,32.11155887321959,0.45161290322580644,1.1468413883292712,0.5179283689228966
peasant,50,0.0004948241395008,10.980796497083515,7,NN,NN,peasant,0,4,3.9541963103868754,0.0018760077017476772,15.816785241547501,0.06451612903225806,3.9541963103868754,0.2551094393797984
wished,50,0.0004948241395008,10.980796497083515,6,VB,VBD,wish,0,26,1.253756592245783,0.0005952655115658804,32.597671398390354,0.41935483870967744,1.253756592245783,0.5257688935224252
better,50,0.0004948241395008,10.980796497083515,6,JJ,JJR,better,0,28,1.1468413883292712,0.0006705271742922802,32.11155887321959,0.45161290322580644,1.1468413883292712,0.5179283689228966
whole,50,0.0004948241395008,10.980796497083515,5,JJ,JJ,whole,0,28,1.1468413883292712,0.0005315451505841397,32.11155887321959,0.45161290322580644,1.1468413883292712,0.5179283689228966
longer,49,0.0004849276567108,11.009942842743031,6,RB,RBR,longer,0,29,1.096215315259303,0.0005803086450003926,31.79024414251979,0.46774193548387094,1.0962153152593033,0.5127458732664483
t,49,0.0004849276567108,11.009942842743031,1,NN,NN,t,1,25,1.3103401206121505,0.0005651151455979007,32.758503015303766,0.4032258064516129,1.3103401206121505,0.5283629518597381
leave,49,0.0004849276567108,11.009942842743031,5,VB,VB,leav,0,29,1.096215315259303,0.000532675907919454,31.79024414251979,0.46774193548387094,1.0962153152593033,0.5127458732664483
yet,48,0.0004750311739207,11.039690186137085,3,RB,RB,yet,0,27,1.1993088082234067,0.0006107711901383253,32.38133782203198,0.43548387096774194,1.1993088082234067,0.5222796422908385
thou,48,0.0004750311739207,11.039690186137085,4,NN,NN,thou,0,11,2.494764691749578,0.001178271527703827,27.442411609245358,0.1774193548387097,2.4947646917495776,0.4426195420846025
lived,48,0.0004750311739207,11.039690186137085,5,VB,VBD,live,0,33,0.9098021910284219,0.0004708340569500704,30.023472303937922,0.532258064516129,0.9098021910284219,0.4842495532893213
room,48,0.0004750311739207,11.039690186137085,4,NN,NN,room,0,28,1.1468413883292712,0.0006724949900538581,32.11155887321959,0.45161290322580644,1.1468413883292712,0.5179283689228966
soldier,48,0.0004750311739207,11.039690186137085,7,NN,NN,soldier,0,4,3.9541963103868754,0.0018616831571715224,15.816785241547501,0.06451612903225806,3.9541963103868754,0.2551094393797984
money,48,0.0004750311739207,11.039690186137085,5,NN,NN,money,0,20,1.632268215499513,0.0009090429000491224,32.645364309990256,0.3225806451612903,1.632268215499513,0.5265381340321009
its,47,0.0004651346911307,11.070063835180605,3,PR,PRP$,it,1,24,1.369233809665719,0.0005331255640171425,32.86161143197726,0.3870967741935484,1.369233809665719,0.5300259908383429
window,47,0.0004651346911307,11.070063835180605,6,NN,NN,window,0,25,1.3103401206121505,0.0006068075146788552,32.758503015303766,0.4032258064516129,1.3103401206121505,0.5283629518597381
think,47,0.0004651346911307,11.070063835180605,5,VB,VB,think,0,31,1.0,0.00046093812499482096,31.0,0.5,1.0,0.5
husband,47,0.0004651346911307,11.070063835180605,7,NN,NN,husband,0,16,1.9541963103868751,0.0008839668867273412,31.267140966190002,0.25806451612903225,1.9541963103868751,0.504308725261129
drink,47,0.0004651346911307,11.070063835180605,5,VB,VB,drink,0,19,1.7062687969432897,0.0008106591259868822,32.4191071419225,0.3064516129032258,1.7062687969432897,0.5228888248697178
sun,47,0.0004651346911307,11.070063835180605,3,NN,NN,sun,0,19,1.7062687969432897,0.0006644675169743736,32.4191071419225,0.3064516129032258,1.7062687969432897,0.5228888248697178
thus,46,0.0004552382083407,11.101090730801229,4,RB,RB,thu,0,27,1.1993088082234067,0.000542176775798811,32.38133782203198,0.43548387096774194,1.1993088082234067,0.5222796422908385
our,46,0.0004552382083407,11.101090730801229,3,PR,PRP$,our,1,28,1.1468413883292712,0.0004750209945454188,32.11155887321959,0.45161290322580644,1.1468413883292712,0.5179283689228966
right,46,0.0004552382083407,11.101090730801229,5,JJ,JJ,right,0,24,1.369233809665719,0.0004997023913858832,32.86161143197726,0.3870967741935484,1.369233809665719,0.5300259908383429
help,45,0.0004453417255507,11.132799590528569,4,VB,VB,help,0,24,1.369233809665719,0.0004861215965584187,32.86161143197726,0.3870967741935484,1.369233809665719,0.5300259908383429
garden,45,0.0004453417255507,11.132799590528569,6,NN,NN,garden,0,17,1.8667334691365358,0.000662067031238052,31.734468975321107,0.27419354838709675,1.866733469136536,0.5118462737955017
hansel,45,0.0004453417255507,11.132799590528569,6,NN,NNP,hansel,0,1,5.954196310386875,0.0014679327772583349,5.954196310386875,0.016129032258064516,5.954196310386875,0.09603542436107862
seen,45,0.0004453417255507,11.132799590528569,4,VB,VBN,seen,0,28,1.1468413883292712,0.0004919247342333932,32.11155887321959,0.45161290322580644,1.1468413883292712,0.5179283689228966
anything,45,0.0004453417255507,11.132799590528569,8,NN,NN,anyth,0,24,1.369233809665719,0.0005966172835916916,32.86161143197726,0.3870967741935484,1.369233809665719,0.5300259908383429
sent,44,0.0004354452427607,11.165221068220944,4,VB,VBD,sent,0,24,1.369233809665719,0.0005959337754651591,32.86161143197726,0.3870967741935484,1.369233809665719,0.5300259908383429
given,44,0.0004354452427607,11.165221068220944,5,VB,VBN,given,0,24,1.369233809665719,0.0006669185259409371,32.86161143197726,0.3870967741935484,1.369233809665719,0.5300259908383429
keep,44,0.0004354452427607,11.165221068220944,4,VB,VB,keep,0,26,1.253756592245783,0.0005048313663752241,32.597671398390354,0.41935483870967744,1.253756592245783,0.5257688935224252
replied,44,0.0004354452427607,11.165221068220944,7,VB,VBD,repli,0,24,1.369233809665719,0.0006967236150673806,32.86161143197726,0.3870967741935484,1.369233809665719,0.5300259908383429
rest,44,0.0004354452427607,11.165221068220944,4,NN,NN,rest,0,27,1.1993088082234067,0.0005058179269263421,32.38133782203198,0.43548387096774194,1.1993088082234067,0.5222796422908385
turned,44,0.0004354452427607,11.165221068220944,6,VB,VBD,turn,0,25,1.3103401206121505,0.000669422955294836,32.758503015303766,0.4032258064516129,1.3103401206121505,0.5283629518597381
youth,44,0.0004354452427607,11.165221068220944,5,NN,NN,youth,0,4,3.9541963103868754,0.0011541656680525644,15.816785241547501,0.06451612903225806,3.9541963103868754,0.2551094393797984
sprang,44,0.0004354452427607,11.165221068220944,6,VB,VBD,sprang,0,28,1.1468413883292712,0.0005727296833469708,32.11155887321959,0.45161290322580644,1.1468413883292712,0.5179283689228966
threw,43,0.0004255487599707,11.198387932156145,5,VB,VBD,threw,0,23,1.4306343543298623,0.0005065158442335868,32.90459014958683,0.3709677419354839,1.4306343543298623,0.530719195961078
everything,43,0.0004255487599707,11.198387932156145,10,NN,NN,everyth,0,32,0.9541963103868752,0.00041986991191841086,30.534281932380008,0.5161290322580645,0.9541963103868752,0.49248841826419365
bread,43,0.0004255487599707,11.198387932156145,5,NN,NN,bread,0,17,1.8667334691365358,0.0006122470256782655,31.734468975321107,0.27419354838709675,1.866733469136536,0.5118462737955017
bear,43,0.0004255487599707,11.198387932156145,4,NN,NN,bear,0,10,2.6322682154995127,0.0012911086119163121,26.322682154995128,0.16129032258064516,2.6322682154995127,0.4245593895966956
brother,43,0.0004255487599707,11.198387932156145,7,NN,NN,brother,0,11,2.494764691749578,0.0009511218271106055,27.442411609245358,0.1774193548387097,2.4947646917495776,0.4426195420846025
second,43,0.0004255487599707,11.198387932156145,6,JJ,JJ,second,0,28,1.1468413883292712,0.0005355931409689446,32.11155887321959,0.45161290322580644,1.1468413883292712,0.5179283689228966
carried,43,0.0004255487599707,11.198387932156145,7,VB,VBD,carri,0,25,1.3103401206121505,0.0004773110695211324,32.758503015303766,0.4032258064516129,1.3103401206121505,0.5283629518597381
face,42,0.0004156522771806,11.23233526407948,4,NN,NN,face,0,18,1.784271308944563,0.0006594469315969131,32.11688356100213,0.2903225806451613,1.7842713089445628,0.5180142509839053
wine,42,0.0004156522771806,11.23233526407948,4,NN,NN,wine,0,11,2.494764691749578,0.0009974120568980046,27.442411609245358,0.1774193548387097,2.4947646917495776,0.4426195420846025
people,42,0.0004156522771806,11.23233526407948,6,NN,NNS,peopl,0,27,1.1993088082234067,0.0004951001464323699,32.38133782203198,0.43548387096774194,1.1993088082234067,0.5222796422908385
wish,42,0.0004156522771806,11.23233526407948,4,VB,VB,wish,0,24,1.369233809665719,0.0005174284807505855,32.86161143197726,0.3870967741935484,1.369233809665719,0.5300259908383429
years,42,0.0004156522771806,11.23233526407948,5,NN,NNS,year,0,21,1.561878887608115,0.0007157146706324839,32.79945663977042,0.3387096774193548,1.561878887608115,0.5290234941898454
red,42,0.0004156522771806,11.23233526407948,3,JJ,JJ,red,0,21,1.561878887608115,0.0007089814642609661,32.79945663977042,0.3387096774193548,1.561878887608115,0.5290234941898454
themselves,42,0.0004156522771806,11.23233526407948,10,PR,PRP,themselv,1,25,1.3103401206121505,0.0006309920619711994,32.758503015303766,0.4032258064516129,1.3103401206121505,0.5283629518597381
twelve,41,0.0004057557943906,11.267100682240155,6,NN,NN,twelv,0,10,2.6322682154995127,0.0010180915385851824,26.322682154995128,0.16129032258064516,2.6322682154995127,0.4245593895966956
same,41,0.0004057557943906,11.267100682240155,4,JJ,JJ,same,1,22,1.494764691749578,0.0005241010850682962,32.884823218490716,0.3548387096774194,1.4947646917495778,0.5304003744917857
these,41,0.0004057557943906,11.267100682240155,5,DT,DT,these,1,25,1.3103401206121505,0.0004983803916784484,32.758503015303766,0.4032258064516129,1.3103401206121505,0.5283629518597381
table,41,0.0004057557943906,11.267100682240155,5,NN,NN,tabl,0,22,1.494764691749578,0.0010531389217519197,32.884823218490716,0.3548387096774194,1.4947646917495778,0.5304003744917857
became,41,0.0004057557943906,11.267100682240155,6,VB,VBD,becam,0,34,0.8667334691365358,0.0003838783035637001,29.468937950642218,0.5483870967741935,0.8667334691365359,0.47530545081680997
led,40,0.0003958593116006,11.30272459197088,3,VB,VBD,led,0,25,1.3103401206121505,0.00046834211981841757,32.758503015303766,0.4032258064516129,1.3103401206121505,0.5283629518597381
carry,40,0.0003958593116006,11.30272459197088,5,VB,VB,carri,0,26,1.253756592245783,0.00046890881223563566,32.597671398390354,0.41935483870967744,1.253756592245783,0.5257688935224252
place,40,0.0003958593116006,11.30272459197088,5,NN,NN,place,0,25,1.3103401206121505,0.0004544232318878196,32.758503015303766,0.4032258064516129,1.3103401206121505,0.5283629518597381
always,40,0.0003958593116006,11.30272459197088,6,RB,RB,alway,0,26,1.253756592245783,0.0005092466203049597,32.597671398390354,0.41935483870967744,1.253756592245783,0.5257688935224252
sleep,40,0.0003958593116006,11.30272459197088,5,VB,VB,sleep,0,25,1.3103401206121505,0.0005135675957246952,32.758503015303766,0.4032258064516129,1.3103401206121505,0.5283629518597381
dog,40,0.0003958593116006,11.30272459197088,3,NN,NN,dog,0,11,2.494764691749578,0.001232485935912682,27.442411609245358,0.1774193548387097,2.4947646917495776,0.4426195420846025
also,40,0.0003958593116006,11.30272459197088,4,RB,RB,also,0,26,1.253756592245783,0.0004512465169106768,32.597671398390354,0.41935483870967744,1.253756592245783,0.5257688935224252
standing,40,0.0003958593116006,11.30272459197088,8,VB,VBG,stand,0,23,1.4306343543298623,0.0005922692176847457,32.90459014958683,0.3709677419354839,1.4306343543298623,0.530719195961078
huntsman,39,0.0003859628288106,11.339250467995994,8,NN,NN,huntsman,0,8,2.9541963103868754,0.0008683206023210255,23.633570483095003,0.12903225806451613,2.9541963103868754,0.3811866206950807
true,39,0.0003859628288106,11.339250467995994,4,JJ,JJ,true,0,24,1.369233809665719,0.0004971053285764485,32.86161143197726,0.3870967741935484,1.369233809665719,0.5300259908383429
kingdom,39,0.0003859628288106,11.339250467995994,7,NN,NN,kingdom,0,14,2.146841388329271,0.0006644993561949506,30.055779436609797,0.22580645161290322,2.146841388329271,0.48477063607435156
light,39,0.0003859628288106,11.339250467995994,5,NN,NN,light,0,16,1.9541963103868751,0.0007325937471878287,31.267140966190002,0.25806451612903225,1.9541963103868751,0.504308725261129
end,39,0.0003859628288106,11.339250467995994,3,NN,NN,end,0,25,1.3103401206121505,0.00043597567647262993,32.758503015303766,0.4032258064516129,1.3103401206121505,0.5283629518597381
piece,39,0.0003859628288106,11.339250467995994,5,NN,NN,piec,0,18,1.784271308944563,0.0006384592570520092,32.11688356100213,0.2903225806451613,1.7842713089445628,0.5180142509839053
ate,39,0.0003859628288106,11.339250467995994,3,VB,VB,ate,0,26,1.253756592245783,0.000498912182693916,32.597671398390354,0.41935483870967744,1.253756592245783,0.5257688935224252
live,39,0.0003859628288106,11.339250467995994,4,VB,VB,live,0,21,1.561878887608115,0.0006389642889023578,32.79945663977042,0.3387096774193548,1.561878887608115,0.5290234941898454
met,39,0.0003859628288106,11.339250467995994,3,VB,VBD,met,0,18,1.784271308944563,0.0007566936013820925,32.11688356100213,0.2903225806451613,1.7842713089445628,0.5180142509839053
near,38,0.0003760663460206,11.376725173414656,4,IN,IN,near,0,19,1.7062687969432897,0.000506425493228882,32.4191071419225,0.3064516129032258,1.7062687969432897,0.5228888248697178
try,38,0.0003760663460206,11.376725173414656,3,VB,VB,tri,0,24,1.369233809665719,0.00046227466735977886,32.86161143197726,0.3870967741935484,1.369233809665719,0.5300259908383429
alas,38,0.0003760663460206,11.376725173414656,4,NN,NNP,ala,0,18,1.784271308944563,0.000597793697185391,32.11688356100213,0.2903225806451613,1.7842713089445628,0.5180142509839053
looking,38,0.0003760663460206,11.376725173414656,7,VB,VBG,look,0,24,1.369233809665719,0.0004201389675595413,32.86161143197726,0.3870967741935484,1.369233809665719,0.5300259908383429
fall,38,0.0003760663460206,11.376725173414656,4,VB,VB,fall,0,18,1.784271308944563,0.0005534581548140609,32.11688356100213,0.2903225806451613,1.7842713089445628,0.5180142509839053
black,38,0.0003760663460206,11.376725173414656,5,JJ,JJ,black,0,17,1.8667334691365358,0.0006791853669728855,31.734468975321107,0.27419354838709675,1.866733469136536,0.5118462737955017
large,38,0.0003760663460206,11.376725173414656,5,JJ,JJ,larg,0,22,1.494764691749578,0.0004648367769624272,32.884823218490716,0.3548387096774194,1.4947646917495778,0.5304003744917857
ground,38,0.0003760663460206,11.376725173414656,6,NN,NN,ground,0,22,1.494764691749578,0.0006892641175004104,32.884823218490716,0.3548387096774194,1.4947646917495778,0.5304003744917857
thee,37,0.0003661698632306,11.415199321229291,4,NN,NN,thee,0,10,2.6322682154995127,0.0008269952574491671,26.322682154995128,0.16129032258064516,2.6322682154995127,0.4245593895966956
miller,37,0.0003661698632306,11.415199321229291,6,NN,NN,miller,0,6,3.3692338096657193,0.0012234740589087822,20.215402857994317,0.0967741935483871,3.3692338096657193,0.3260548848063599
ready,37,0.0003661698632306,11.415199321229291,5,JJ,JJ,readi,0,23,1.4306343543298623,0.000610342829653961,32.90459014958683,0.3709677419354839,1.4306343543298623,0.530719195961078
things,37,0.0003661698632306,11.415199321229291,6,NN,NNS,thing,0,24,1.369233809665719,0.0005148761568766308,32.86161143197726,0.3870967741935484,1.369233809665719,0.5300259908383429
already,36,0.0003562733804405,11.454727685415929,7,RB,RB,alreadi,0,19,1.7062687969432897,0.0005783697499008232,32.4191071419225,0.3064516129032258,1.7062687969432897,0.5228888248697178
lady,36,0.0003562733804405,11.454727685415929,4,NN,NN,ladi,0,10,2.6322682154995127,0.0008062822295737607,26.322682154995128,0.16129032258064516,2.6322682154995127,0.4245593895966956
court,36,0.0003562733804405,11.454727685415929,5,NN,NN,court,0,15,2.0473057147783567,0.0006450318094231744,30.70958572167535,0.24193548387096775,2.0473057147783567,0.4953158987366992
fish,36,0.0003562733804405,11.454727685415929,4,NN,NN,fish,0,4,3.9541963103868754,0.001087094827888458,15.816785241547501,0.06451612903225806,3.9541963103868754,0.2551094393797984
drew,36,0.0003562733804405,11.454727685415929,4,VB,VBD,drew,0,22,1.494764691749578,0.00044263252147655935,32.884823218490716,0.3548387096774194,1.4947646917495778,0.5304003744917857
opened,36,0.0003562733804405,11.454727685415929,6,VB,VBD,open,0,24,1.369233809665719,0.0005655415912996814,32.86161143197726,0.3870967741935484,1.369233809665719,0.5300259908383429
both,36,0.0003562733804405,11.454727685415929,4,DT,DT,both,1,27,1.1993088082234067,0.0004361262326694796,32.38133782203198,0.43548387096774194,1.1993088082234067,0.5222796422908385
servant,35,0.0003463768976505,11.495369669913275,7,NN,NN,servant,0,16,1.9541963103868751,0.0010245692227283866,31.267140966190002,0.25806451612903225,1.9541963103868751,0.504308725261129
free,35,0.0003463768976505,11.495369669913275,4,JJ,JJ,free,0,17,1.8667334691365358,0.0005775786328418638,31.734468975321107,0.27419354838709675,1.866733469136536,0.5118462737955017
rode,35,0.0003463768976505,11.495369669913275,4,VB,VB,rode,0,13,2.253756592245783,0.0006027523626344003,29.29883569919518,0.20967741935483872,2.253756592245783,0.47256186611605133
held,35,0.0003463768976505,11.495369669913275,4,VB,VBD,held,0,20,1.632268215499513,0.0004786780438449846,32.645364309990256,0.3225806451612903,1.632268215499513,0.5265381340321009
passed,35,0.0003463768976505,11.495369669913275,6,VB,VBD,pass,0,22,1.494764691749578,0.00043692014361618506,32.884823218490716,0.3548387096774194,1.4947646917495778,0.5304003744917857
shudder,35,0.0003463768976505,11.495369669913275,7,VB,VB,shudder,0,2,4.954196310386875,0.0007685617640192927,9.90839262077375,0.03225806451612903,4.954196310386875,0.1598127842060282
ring,35,0.0003463768976505,11.495369669913275,4,NN,NN,ring,0,11,2.494764691749578,0.0008475343492647918,27.442411609245358,0.1774193548387097,2.4947646917495776,0.4426195420846025
wild,35,0.0003463768976505,11.495369669913275,4,JJ,JJ,wild,0,10,2.6322682154995127,0.0006743098976139741,26.322682154995128,0.16129032258064516,2.6322682154995127,0.4245593895966956
alone,35,0.0003463768976505,11.495369669913275,5,RB,RB,alon,0,26,1.253756592245783,0.0004263692710060121,32.597671398390354,0.41935483870967744,1.253756592245783,0.5257688935224252
finger,35,0.0003463768976505,11.495369669913275,6,NN,NN,finger,0,15,2.0473057147783567,0.0006229016191980466,30.70958572167535,0.24193548387096775,2.0473057147783567,0.4953158987366992
feast,34,0.0003364804148605,11.537189845607902,5,NN,NN,feast,0,14,2.146841388329271,0.0006785037248364327,30.055779436609797,0.22580645161290322,2.146841388329271,0.48477063607435156
grew,34,0.0003364804148605,11.537189845607902,4,VB,VBD,grew,0,23,1.4306343543298623,0.00040235879546274554,32.90459014958683,0.3709677419354839,1.4306343543298623,0.530719195961078
lying,34,0.0003364804148605,11.537189845607902,5,VB,VBG,lie,0,26,1.253756592245783,0.00037292806584115134,32.597671398390354,0.41935483870967744,1.253756592245783,0.5257688935224252
snowdrop,34,0.0003364804148605,11.537189845607902,8,NN,NNP,snowdrop,0,1,5.954196310386875,0.0013684846723707766,5.954196310386875,0.016129032258064516,5.954196310386875,0.09603542436107862
ll,34,0.0003364804148605,11.537189845607902,2,JJ,JJ,ll,1,16,1.9541963103868751,0.0007780807816938245,31.267140966190002,0.25806451612903225,1.9541963103868751,0.504308725261129
forth,34,0.0003364804148605,11.537189845607902,5,NN,NN,forth,0,16,1.9541963103868751,0.0005416654603293801,31.267140966190002,0.25806451612903225,1.9541963103868751,0.504308725261129
brothers,33,0.0003265839320705,11.580258567499788,8,NN,NNS,brother,0,7,3.146841388329271,0.0012223168788417726,22.0278897183049,0.11290322580645161,3.146841388329271,0.3552885438436274
myself,33,0.0003265839320705,11.580258567499788,6,PR,PRP,myself,1,21,1.561878887608115,0.0005793013932284863,32.79945663977042,0.3387096774193548,1.561878887608115,0.5290234941898454
cow,33,0.0003265839320705,11.580258567499788,3,NN,NN,cow,0,3,4.369233809665719,0.000982067487671299,13.107701428997157,0.04838709677419355,4.369233809665719,0.2114145391773735
witch,33,0.0003265839320705,11.580258567499788,5,NN,NN,witch,0,8,2.9541963103868754,0.0008712107227787786,23.633570483095003,0.12903225806451613,2.9541963103868754,0.3811866206950807
stone,33,0.0003265839320705,11.580258567499788,5,NN,NN,stone,0,15,2.0473057147783567,0.0006158537472705519,30.70958572167535,0.24193548387096775,2.0473057147783567,0.4953158987366992
along,33,0.0003265839320705,11.580258567499788,5,RB,RB,along,0,16,1.9541963103868751,0.000586524315311396,31.267140966190002,0.25806451612903225,1.9541963103868751,0.504308725261129
friend,33,0.0003265839320705,11.580258567499788,6,NN,NN,friend,0,19,1.7062687969432897,0.0005682293993819374,32.4191071419225,0.3064516129032258,1.7062687969432897,0.5228888248697178
palace,32,0.0003166874492805,11.62465268685824,6,NN,NN,palac,0,15,2.0473057147783567,0.0006123455460705175,30.70958572167535,0.24193548387096775,2.0473057147783567,0.4953158987366992
chanticleer,32,0.0003166874492805,11.62465268685824,11,NN,NNP,chanticl,0,2,4.954196310386875,0.0014087444682397382,9.90839262077375,0.03225806451612903,4.954196310386875,0.1598127842060282
lie,32,0.0003166874492805,11.62465268685824,3,VB,VB,lie,0,18,1.784271308944563,0.00047776987273577765,32.11688356100213,0.2903225806451613,1.7842713089445628,0.5180142509839053
blood,32,0.0003166874492805,11.62465268685824,5,NN,NN,blood,0,14,2.146841388329271,0.0005427898823298187,30.055779436609797,0.22580645161290322,2.146841388329271,0.48477063607435156
even,32,0.0003166874492805,11.62465268685824,4,RB,RB,even,0,23,1.4306343543298623,0.0004248039236820286,32.90459014958683,0.3709677419354839,1.4306343543298623,0.530719195961078
glass,32,0.0003166874492805,11.62465268685824,5,NN,NN,glass,0,9,2.7842713089445628,0.0007552531363082759,25.058441780501063,0.14516129032258066,2.7842713089445628,0.40416841581453333
eldest,32,0.0003166874492805,11.62465268685824,6,JJ,JJS,eldest,0,9,2.7842713089445628,0.0008513289217254972,25.058441780501063,0.14516129032258066,2.7842713089445628,0.40416841581453333
lost,31,0.0003067909664905,11.670456376471366,4,VB,VBN,lost,0,22,1.494764691749578,0.0005073280201365666,32.884823218490716,0.3548387096774194,1.4947646917495778,0.5304003744917857
taken,31,0.0003067909664905,11.670456376471366,5,VB,VBN,taken,0,22,1.494764691749578,0.0005093822341992909,32.884823218490716,0.3548387096774194,1.4947646917495778,0.5304003744917857
sit,31,0.0003067909664905,11.670456376471366,3,VB,VB,sit,0,21,1.561878887608115,0.0005915951460241759,32.79945663977042,0.3387096774193548,1.561878887608115,0.5290234941898454
felt,31,0.0003067909664905,11.670456376471366,4,VB,VBD,felt,0,20,1.632268215499513,0.00039424336415660826,32.645364309990256,0.3225806451612903,1.632268215499513,0.5265381340321009
killed,31,0.0003067909664905,11.670456376471366,6,VB,VBD,kill,0,16,1.9541963103868751,0.00047391501530608273,31.267140966190002,0.25806451612903225,1.9541963103868751,0.504308725261129
hold,31,0.0003067909664905,11.670456376471366,4,NN,NN,hold,0,20,1.632268215499513,0.0006485306958845124,32.645364309990256,0.3225806451612903,1.632268215499513,0.5265381340321009
most,31,0.0003067909664905,11.670456376471366,4,RB,RBS,most,1,23,1.4306343543298623,0.0004918437915894314,32.90459014958683,0.3709677419354839,1.4306343543298623,0.530719195961078
giant,31,0.0003067909664905,11.670456376471366,5,NN,NN,giant,0,3,4.369233809665719,0.0007368770982802406,13.107701428997157,0.04838709677419355,4.369233809665719,0.2114145391773735
yourself,31,0.0003067909664905,11.670456376471366,8,PR,PRP,yourself,1,23,1.4306343543298623,0.0004957756832755639,32.90459014958683,0.3709677419354839,1.4306343543298623,0.530719195961078
far,30,0.0002968944837004,11.717762091249725,3,RB,RB,far,0,17,1.8667334691365358,0.0004855201304987395,31.734468975321107,0.27419354838709675,1.866733469136536,0.5118462737955017
men,30,0.0002968944837004,11.717762091249725,3,NN,NNS,men,0,13,2.253756592245783,0.0004673189474519049,29.29883569919518,0.20967741935483872,2.253756592245783,0.47256186611605133
forced,30,0.0002968944837004,11.717762091249725,6,VB,VBN,forc,0,23,1.4306343543298623,0.0004154446134356155,32.90459014958683,0.3709677419354839,1.4306343543298623,0.530719195961078
o,30,0.0002968944837004,11.717762091249725,1,NN,NNP,o,1,14,2.146841388329271,0.0004783109024885389,30.055779436609797,0.22580645161290322,2.146841388329271,0.48477063607435156
wind,30,0.0002968944837004,11.717762091249725,4,NN,NN,wind,0,16,1.9541963103868751,0.00046302139295570534,31.267140966190002,0.25806451612903225,1.9541963103868751,0.504308725261129
awoke,30,0.0002968944837004,11.717762091249725,5,VB,VBD,awok,0,19,1.7062687969432897,0.0004037912864723015,32.4191071419225,0.3064516129032258,1.7062687969432897,0.5228888248697178
sister,30,0.0002968944837004,11.717762091249725,6,NN,NN,sister,0,8,2.9541963103868754,0.0006471116269388654,23.633570483095003,0.12903225806451613,2.9541963103868754,0.3811866206950807
clothes,30,0.0002968944837004,11.717762091249725,7,NN,NNS,cloth,0,17,1.8667334691365358,0.0005258215424906144,31.734468975321107,0.27419354838709675,1.866733469136536,0.5118462737955017
four,30,0.0002968944837004,11.717762091249725,4,CD,CD,four,0,14,2.146841388329271,0.0008263651493191802,30.055779436609797,0.22580645161290322,2.146841388329271,0.48477063607435156
land,30,0.0002968944837004,11.717762091249725,4,NN,NN,land,0,15,2.0473057147783567,0.0005202009232962222,30.70958572167535,0.24193548387096775,2.0473057147783567,0.4953158987366992
walked,30,0.0002968944837004,11.717762091249725,6,VB,VBD,walk,0,17,1.8667334691365358,0.0004404132828964326,31.734468975321107,0.27419354838709675,1.866733469136536,0.5118462737955017
does,30,0.0002968944837004,11.717762091249725,4,VB,VBZ,doe,1,24,1.369233809665719,0.00040269918248269835,32.86161143197726,0.3870967741935484,1.369233809665719,0.5300259908383429
mouse,30,0.0002968944837004,11.717762091249725,5,NN,NN,mous,0,6,3.3692338096657193,0.001871718536194044,20.215402857994317,0.0967741935483871,3.3692338096657193,0.3260548848063599
ask,30,0.0002968944837004,11.717762091249725,3,VB,VB,ask,0,22,1.494764691749578,0.00045182682677997164,32.884823218490716,0.3548387096774194,1.4947646917495778,0.5304003744917857
best,29,0.0002869980009104,11.76667169173067,4,JJ,JJS,best,0,19,1.7062687969432897,0.0004626059027737224,32.4191071419225,0.3064516129032258,1.7062687969432897,0.5228888248697178
blow,29,0.0002869980009104,11.76667169173067,4,NN,NN,blow,0,9,2.7842713089445628,0.0005485025950913311,25.058441780501063,0.14516129032258066,2.7842713089445628,0.40416841581453333
joy,29,0.0002869980009104,11.76667169173067,3,NN,NN,joy,0,19,1.7062687969432897,0.0004168099655531765,32.4191071419225,0.3064516129032258,1.7062687969432897,0.5228888248697178
frightened,29,0.0002869980009104,11.76667169173067,10,VB,VBN,frighten,0,19,1.7062687969432897,0.00041607246771124216,32.4191071419225,0.3064516129032258,1.7062687969432897,0.5228888248697178
kill,29,0.0002869980009104,11.76667169173067,4,VB,VB,kill,0,21,1.561878887608115,0.0004620672423939254,32.79945663977042,0.3387096774193548,1.561878887608115,0.5290234941898454
thy,29,0.0002869980009104,11.76667169173067,3,JJ,JJ,thi,0,10,2.6322682154995127,0.0007689501605359722,26.322682154995128,0.16129032258064516,2.6322682154995127,0.4245593895966956
pocket,29,0.0002869980009104,11.76667169173067,6,NN,NN,pocket,0,13,2.253756592245783,0.0005573584579157884,29.29883569919518,0.20967741935483872,2.253756592245783,0.47256186611605133
hard,29,0.0002869980009104,11.76667169173067,4,JJ,JJ,hard,0,19,1.7062687969432897,0.0005820400713604202,32.4191071419225,0.3064516129032258,1.7062687969432897,0.5228888248697178
word,29,0.0002869980009104,11.76667169173067,4,NN,NN,word,0,20,1.632268215499513,0.0004317387758897995,32.645364309990256,0.3225806451612903,1.632268215499513,0.5265381340321009
tired,29,0.0002869980009104,11.76667169173067,5,VB,VBN,tire,0,20,1.632268215499513,0.00039680400112070526,32.645364309990256,0.3225806451612903,1.632268215499513,0.5265381340321009
don,29,0.0002869980009104,11.76667169173067,3,VB,VBP,don,1,15,2.0473057147783567,0.00048234030080746633,30.70958572167535,0.24193548387096775,2.0473057147783567,0.4953158987366992
apple,29,0.0002869980009104,11.76667169173067,5,NN,NN,appl,0,6,3.3692338096657193,0.0006346918823353251,20.215402857994317,0.0967741935483871,3.3692338096657193,0.3260548848063599
sure,28,0.0002771015181204,11.817297764800635,4,JJ,JJ,sure,0,18,1.784271308944563,0.00043210600920921583,32.11688356100213,0.2903225806451613,1.7842713089445628,0.5180142509839053
eaten,28,0.0002771015181204,11.817297764800635,5,VB,VBN,eaten,0,18,1.784271308944563,0.0006100315692640773,32.11688356100213,0.2903225806451613,1.7842713089445628,0.5180142509839053
ever,28,0.0002771015181204,11.817297764800635,4,RB,RB,ever,0,19,1.7062687969432897,0.0005148773892808314,32.4191071419225,0.3064516129032258,1.7062687969432897,0.5228888248697178
mind,28,0.0002771015181204,11.817297764800635,4,NN,NN,mind,0,17,1.8667334691365358,0.0005714738174708608,31.734468975321107,0.27419354838709675,1.866733469136536,0.5118462737955017
length,28,0.0002771015181204,11.817297764800635,6,NN,NN,length,0,19,1.7062687969432897,0.0005801084425008304,32.4191071419225,0.3064516129032258,1.7062687969432897,0.5228888248697178
fetch,28,0.0002771015181204,11.817297764800635,5,VB,VB,fetch,0,18,1.784271308944563,0.0005204415739216161,32.11688356100213,0.2903225806451613,1.7842713089445628,0.5180142509839053
small,28,0.0002771015181204,11.817297764800635,5,JJ,JJ,small,0,12,2.3692338096657193,0.0005805846947103331,28.430805715988633,0.1935483870967742,2.3692338096657193,0.45856138251594564
close,28,0.0002771015181204,11.817297764800635,5,RB,RB,close,0,17,1.8667334691365358,0.0005574016329195899,31.734468975321107,0.27419354838709675,1.866733469136536,0.5118462737955017
shepherd,28,0.0002771015181204,11.817297764800635,8,NN,NN,shepherd,0,7,3.146841388329271,0.0010352488285355582,22.0278897183049,0.11290322580645161,3.146841388329271,0.3552885438436274
big,28,0.0002771015181204,11.817297764800635,3,JJ,JJ,big,0,16,1.9541963103868751,0.0006005829769787564,31.267140966190002,0.25806451612903225,1.9541963103868751,0.504308725261129
goodbye,28,0.0002771015181204,11.817297764800635,7,NN,NNP,goodby,0,5,3.6322682154995127,0.0015596661555062883,18.161341077497564,0.08064516129032258,3.6322682154995127,0.29292485608867036
quickly,28,0.0002771015181204,11.817297764800635,7,RB,RB,quickli,0,19,1.7062687969432897,0.0004912555849743891,32.4191071419225,0.3064516129032258,1.7062687969432897,0.5228888248697178
turn,28,0.0002771015181204,11.817297764800635,4,NN,NN,turn,0,17,1.8667334691365358,0.0005776553439945551,31.734468975321107,0.27419354838709675,1.866733469136536,0.5118462737955017
married,28,0.0002771015181204,11.817297764800635,7,VB,VBN,marri,0,19,1.7062687969432897,0.0004746284807757449,32.4191071419225,0.3064516129032258,1.7062687969432897,0.5228888248697178
road,28,0.0002771015181204,11.817297764800635,4,NN,NN,road,0,13,2.253756592245783,0.00045944641090368404,29.29883569919518,0.20967741935483872,2.253756592245783,0.47256186611605133
sea,28,0.0002771015181204,11.817297764800635,3,NN,NN,sea,0,6,3.3692338096657193,0.0007298614165988131,20.215402857994317,0.0967741935483871,3.3692338096657193,0.3260548848063599
maiden,27,0.0002672050353304,11.869765184694772,6,NN,NN,maiden,0,11,2.494764691749578,0.0006241916880319719,27.442411609245358,0.1774193548387097,2.4947646917495776,0.4426195420846025
kitchen,27,0.0002672050353304,11.869765184694772,7,NN,NN,kitchen,0,13,2.253756592245783,0.0005218437087720783,29.29883569919518,0.20967741935483872,2.253756592245783,0.47256186611605133
seized,27,0.0002672050353304,11.869765184694772,6,VB,VBD,seiz,0,21,1.561878887608115,0.0005149492244097915,32.79945663977042,0.3387096774193548,1.561878887608115,0.5290234941898454
redcap,27,0.0002672050353304,11.869765184694772,6,NN,NNP,redcap,0,1,5.954196310386875,0.0009715086016294954,5.954196310386875,0.016129032258064516,5.954196310386875,0.09603542436107862
youngest,27,0.0002672050353304,11.869765184694772,8,JJ,JJS,youngest,0,9,2.7842713089445628,0.0007830397473425376,25.058441780501063,0.14516129032258066,2.7842713089445628,0.40416841581453333
elsie,27,0.0002672050353304,11.869765184694772,5,NN,NNP,elsi,0,1,5.954196310386875,0.0019379345723087615,5.954196310386875,0.016129032258064516,5.954196310386875,0.09603542436107862
comes,27,0.0002672050353304,11.869765184694772,5,VB,VBZ,come,0,18,1.784271308944563,0.0006861141556366156,32.11688356100213,0.2903225806451613,1.7842713089445628,0.5180142509839053
saying,27,0.0002672050353304,11.869765184694772,6,VB,VBG,say,0,22,1.494764691749578,0.0003280360274085754,32.884823218490716,0.3548387096774194,1.4947646917495778,0.5304003744917857
food,27,0.0002672050353304,11.869765184694772,4,NN,NN,food,0,17,1.8667334691365358,0.0006485347582226477,31.734468975321107,0.27419354838709675,1.866733469136536,0.5118462737955017
wait,27,0.0002672050353304,11.869765184694772,4,VB,VB,wait,0,16,1.9541963103868751,0.0004290325529041356,31.267140966190002,0.25806451612903225,1.9541963103868751,0.504308725261129
merry,27,0.0002672050353304,11.869765184694772,5,NN,NN,merri,0,19,1.7062687969432897,0.0004666823477393456,32.4191071419225,0.3064516129032258,1.7062687969432897,0.5228888248697178
tom,27,0.0002672050353304,11.869765184694772,3,NN,NNP,tom,0,2,4.954196310386875,0.0008872224212203913,9.90839262077375,0.03225806451612903,4.954196310386875,0.1598127842060282
sparrow,27,0.0002672050353304,11.869765184694772,7,NN,NN,sparrow,0,1,5.954196310386875,0.0019235582030779845,5.954196310386875,0.016129032258064516,5.954196310386875,0.09603542436107862
pleased,27,0.0002672050353304,11.869765184694772,7,JJ,JJ,pleas,0,19,1.7062687969432897,0.0005598699573550283,32.4191071419225,0.3064516129032258,1.7062687969432897,0.5228888248697178
afterwards,27,0.0002672050353304,11.869765184694772,10,NN,NNS,afterward,0,22,1.494764691749578,0.00044834766856671955,32.884823218490716,0.3548387096774194,1.4947646917495778,0.5304003744917857
lord,27,0.0002672050353304,11.869765184694772,4,NN,NN,lord,0,10,2.6322682154995127,0.0009284737573649468,26.322682154995128,0.16129032258064516,2.6322682154995127,0.4245593895966956
pray,26,0.0002573085525404,11.92421296871715,4,NN,NNP,pray,0,18,1.784271308944563,0.0004372104994156407,32.11688356100213,0.2903225806451613,1.7842713089445628,0.5180142509839053
able,26,0.0002573085525404,11.92421296871715,4,JJ,JJ,abl,0,19,1.7062687969432897,0.00047945588619747044,32.4191071419225,0.3064516129032258,1.7062687969432897,0.5228888248697178
followed,26,0.0002573085525404,11.92421296871715,8,VB,VBD,follow,0,17,1.8667334691365358,0.0003999979065372034,31.734468975321107,0.27419354838709675,1.866733469136536,0.5118462737955017
wept,26,0.0002573085525404,11.92421296871715,4,VB,NN,wept,0,12,2.3692338096657193,0.00046887762279252326,28.430805715988633,0.1935483870967742,2.3692338096657193,0.45856138251594564
kind,26,0.0002573085525404,11.92421296871715,4,NN,NN,kind,0,20,1.632268215499513,0.00036596041258375365,32.645364309990256,0.3225806451612903,1.632268215499513,0.5265381340321009
country,26,0.0002573085525404,11.92421296871715,7,NN,NN,countri,0,20,1.632268215499513,0.0003990054539238376,32.645364309990256,0.3225806451612903,1.632268215499513,0.5265381340321009
grandmother,26,0.0002573085525404,11.92421296871715,11,NN,NN,grandmoth,0,1,5.954196310386875,0.0009355268015691435,5.954196310386875,0.016129032258064516,5.954196310386875,0.09603542436107862
rose,26,0.0002573085525404,11.92421296871715,4,VB,VBD,rose,0,12,2.3692338096657193,0.0006249114961171203,28.430805715988633,0.1935483870967742,2.3692338096657193,0.45856138251594564
ordered,26,0.0002573085525404,11.92421296871715,7,VB,VBD,order,0,12,2.3692338096657193,0.0005958117216087919,28.430805715988633,0.1935483870967742,2.3692338096657193,0.45856138251594564
therefore,26,0.0002573085525404,11.92421296871715,9,RB,RB,therefor,0,18,1.784271308944563,0.0005696155959971329,32.11688356100213,0.2903225806451613,1.7842713089445628,0.5180142509839053
drove,26,0.0002573085525404,11.92421296871715,5,VB,VBD,drove,0,14,2.146841388329271,0.000594367160167082,30.055779436609797,0.22580645161290322,2.146841388329271,0.48477063607435156
trouble,26,0.0002573085525404,11.92421296871715,7,NN,NN,troubl,0,20,1.632268215499513,0.00048145350773069013,32.645364309990256,0.3225806451612903,1.632268215499513,0.5265381340321009
lion,26,0.0002573085525404,11.92421296871715,4,NN,NN,lion,0,4,3.9541963103868754,0.0017822191208871259,15.816785241547501,0.06451612903225806,3.9541963103868754,0.2551094393797984
towards,26,0.0002573085525404,11.92421296871715,7,IN,IN,toward,0,17,1.8667334691365358,0.0005130879100954249,31.734468975321107,0.27419354838709675,1.866733469136536,0.5118462737955017
pretty,26,0.0002573085525404,11.92421296871715,6,RB,RB,pretti,0,17,1.8667334691365358,0.00047241013996530154,31.734468975321107,0.27419354838709675,1.866733469136536,0.5118462737955017
shoes,26,0.0002573085525404,11.92421296871715,5,NN,NNS,shoe,0,9,2.7842713089445628,0.000768081185554564,25.058441780501063,0.14516129032258066,2.7842713089445628,0.40416841581453333
coming,26,0.0002573085525404,11.92421296871715,6,VB,VBG,come,0,20,1.632268215499513,0.0004373005491348585,32.645364309990256,0.3225806451612903,1.632268215499513,0.5265381340321009
agreed,26,0.0002573085525404,11.92421296871715,6,VB,VBD,agre,0,13,2.253756592245783,0.0005100098424408186,29.29883569919518,0.20967741935483872,2.253756592245783,0.47256186611605133
heavy,26,0.0002573085525404,11.92421296871715,5,JJ,JJ,heavi,0,15,2.0473057147783567,0.0004333110317438544,30.70958572167535,0.24193548387096775,2.0473057147783567,0.4953158987366992
death,26,0.0002573085525404,11.92421296871715,5,NN,NN,death,0,19,1.7062687969432897,0.0004936117276684463,32.4191071419225,0.3064516129032258,1.7062687969432897,0.5228888248697178
fear,26,0.0002573085525404,11.92421296871715,4,NN,NN,fear,0,20,1.632268215499513,0.0003501796223251428,32.645364309990256,0.3225806451612903,1.632268215499513,0.5265381340321009
shut,26,0.0002573085525404,11.92421296871715,4,VB,VBD,shut,0,18,1.784271308944563,0.00042943079071856437,32.11688356100213,0.2903225806451613,1.7842713089445628,0.5180142509839053
fairy,25,0.0002474120697504,11.980796497083515,5,NN,NN,fairi,0,7,3.146841388329271,0.0008075116955337573,22.0278897183049,0.11290322580645161,3.146841388329271,0.3552885438436274
fellow,25,0.0002474120697504,11.980796497083515,6,NN,NN,fellow,0,15,2.0473057147783567,0.0004963579394654885,30.70958572167535,0.24193548387096775,2.0473057147783567,0.4953158987366992
fisherman,25,0.0002474120697504,11.980796497083515,9,NN,NN,fisherman,0,1,5.954196310386875,0.0011298285218950426,5.954196310386875,0.016129032258064516,5.954196310386875,0.09603542436107862
air,25,0.0002474120697504,11.980796497083515,3,NN,NN,air,0,18,1.784271308944563,0.00047453616301122335,32.11688356100213,0.2903225806451613,1.7842713089445628,0.5180142509839053
against,25,0.0002474120697504,11.980796497083515,7,IN,IN,against,1,15,2.0473057147783567,0.0004208956268572498,30.70958572167535,0.24193548387096775,2.0473057147783567,0.4953158987366992
voice,25,0.0002474120697504,11.980796497083515,5,NN,NN,voic,0,14,2.146841388329271,0.0005656946281920517,30.055779436609797,0.22580645161290322,2.146841388329271,0.48477063607435156
fat,25,0.0002474120697504,11.980796497083515,3,NN,NN,fat,0,7,3.146841388329271,0.0009883722599744941,22.0278897183049,0.11290322580645161,3.146841388329271,0.3552885438436274
stay,25,0.0002474120697504,11.980796497083515,4,VB,VB,stay,0,20,1.632268215499513,0.00037671352022854154,32.645364309990256,0.3225806451612903,1.632268215499513,0.5265381340321009
thinking,25,0.0002474120697504,11.980796497083515,8,VB,VBG,think,0,19,1.7062687969432897,0.0004511040419883273,32.4191071419225,0.3064516129032258,1.7062687969432897,0.5228888248697178
begged,25,0.0002474120697504,11.980796497083515,6,VB,VBD,beg,0,16,1.9541963103868751,0.0004129815416540203,31.267140966190002,0.25806451612903225,1.9541963103868751,0.504308725261129
sing,25,0.0002474120697504,11.980796497083515,4,VB,VBG,sing,0,9,2.7842713089445628,0.0005826138190673895,25.058441780501063,0.14516129032258066,2.7842713089445628,0.40416841581453333
hands,25,0.0002474120697504,11.980796497083515,5,NN,NNS,hand,0,18,1.784271308944563,0.0004359757726003534,32.11688356100213,0.2903225806451613,1.7842713089445628,0.5180142509839053
caught,25,0.0002474120697504,11.980796497083515,6,VB,VBD,caught,0,13,2.253756592245783,0.0005060204058560295,29.29883569919518,0.20967741935483872,2.253756592245783,0.47256186611605133
pass,25,0.0002474120697504,11.980796497083515,4,VB,VB,pass,0,19,1.7062687969432897,0.00039784530424040443,32.4191071419225,0.3064516129032258,1.7062687969432897,0.5228888248697178
happy,25,0.0002474120697504,11.980796497083515,5,JJ,JJ,happi,0,15,2.0473057147783567,0.0003727201303719683,30.70958572167535,0.24193548387096775,2.0473057147783567,0.4953158987366992
died,25,0.0002474120697504,11.980796497083515,4,VB,VBD,die,0,17,1.8667334691365358,0.0004866223751395854,31.734468975321107,0.27419354838709675,1.866733469136536,0.5118462737955017
iron,24,0.0002375155869603,12.039690186137085,4,NN,NN,iron,0,8,2.9541963103868754,0.00037248121221985885,23.633570483095003,0.12903225806451613,2.9541963103868754,0.3811866206950807
throw,24,0.0002375155869603,12.039690186137085,5,VB,VB,throw,0,14,2.146841388329271,0.0004657375279243453,30.055779436609797,0.22580645161290322,2.146841388329271,0.48477063607435156
matter,24,0.0002375155869603,12.039690186137085,6,NN,NN,matter,0,17,1.8667334691365358,0.00042819183209301804,31.734468975321107,0.27419354838709675,1.866733469136536,0.5118462737955017
pick,24,0.0002375155869603,12.039690186137085,4,NN,NN,pick,0,6,3.3692338096657193,0.0005404098946512935,20.215402857994317,0.0967741935483871,3.3692338096657193,0.3260548848063599
seemed,24,0.0002375155869603,12.039690186137085,6,VB,VBD,seem,0,19,1.7062687969432897,0.0003645823216178984,32.4191071419225,0.3064516129032258,1.7062687969432897,0.5228888248697178
outside,24,0.0002375155869603,12.039690186137085,7,IN,IN,outsid,0,16,1.9541963103868751,0.0004963423788641322,31.267140966190002,0.25806451612903225,1.9541963103868751,0.504308725261129
dark,24,0.0002375155869603,12.039690186137085,4,JJ,JJ,dark,0,13,2.253756592245783,0.0003944762775774757,29.29883569919518,0.20967741935483872,2.253756592245783,0.47256186611605133
wedding,24,0.0002375155869603,12.039690186137085,7,NN,NN,wed,0,15,2.0473057147783567,0.0005982131272842668,30.70958572167535,0.24193548387096775,2.0473057147783567,0.4953158987366992
because,24,0.0002375155869603,12.039690186137085,7,IN,IN,becaus,1,20,1.632268215499513,0.00048648793365792015,32.645364309990256,0.3225806451612903,1.632268215499513,0.5265381340321009
silver,24,0.0002375155869603,12.039690186137085,6,NN,NN,silver,0,10,2.6322682154995127,0.00042175720312907637,26.322682154995128,0.16129032258064516,2.6322682154995127,0.4245593895966956
rapunzel,24,0.0002375155869603,12.039690186137085,8,NN,NNP,rapunzel,0,1,5.954196310386875,0.0016311749360692761,5.954196310386875,0.016129032258064516,5.954196310386875,0.09603542436107862
use,24,0.0002375155869603,12.039690186137085,3,NN,NN,use,0,18,1.784271308944563,0.0003989146867077256,32.11688356100213,0.2903225806451613,1.7842713089445628,0.5180142509839053
draw,24,0.0002375155869603,12.039690186137085,4,VB,VB,draw,0,14,2.146841388329271,0.000527672562757931,30.055779436609797,0.22580645161290322,2.146841388329271,0.48477063607435156
days,24,0.0002375155869603,12.039690186137085,4,NN,NNS,day,0,17,1.8667334691365358,0.0003978049379299852,31.734468975321107,0.27419354838709675,1.866733469136536,0.5118462737955017
frederick,24,0.0002375155869603,12.039690186137085,9,NN,NNP,frederick,0,1,5.954196310386875,0.001202321431750593,5.954196310386875,0.016129032258064516,5.954196310386875,0.09603542436107862
loved,24,0.0002375155869603,12.039690186137085,5,VB,VBD,love,0,13,2.253756592245783,0.00044558972268928475,29.29883569919518,0.20967741935483872,2.253756592245783,0.47256186611605133
gate,23,0.0002276191041703,12.101090730801229,4,NN,NN,gate,0,11,2.494764691749578,0.0004032033740194999,27.442411609245358,0.1774193548387097,2.4947646917495776,0.4426195420846025
half,23,0.0002276191041703,12.101090730801229,4,NN,NN,half,0,13,2.253756592245783,0.000379944664624876,29.29883569919518,0.20967741935483872,2.253756592245783,0.47256186611605133
danced,23,0.0002276191041703,12.101090730801229,6,VB,VBD,danc,0,10,2.6322682154995127,0.0005998522686647722,26.322682154995128,0.16129032258064516,2.6322682154995127,0.4245593895966956
anyone,23,0.0002276191041703,12.101090730801229,6,NN,NN,anyon,0,13,2.253756592245783,0.00043500309859612757,29.29883569919518,0.20967741935483872,2.253756592245783,0.47256186611605133
feet,23,0.0002276191041703,12.101090730801229,4,NN,NNS,feet,0,14,2.146841388329271,0.0004746811693647029,30.055779436609797,0.22580645161290322,2.146841388329271,0.48477063607435156
walk,23,0.0002276191041703,12.101090730801229,4,VB,VB,walk,0,17,1.8667334691365358,0.0004721936371628599,31.734468975321107,0.27419354838709675,1.866733469136536,0.5118462737955017
luck,23,0.0002276191041703,12.101090730801229,4,NN,NN,luck,0,14,2.146841388329271,0.0004009701912179716,30.055779436609797,0.22580645161290322,2.146841388329271,0.48477063607435156
town,23,0.0002276191041703,12.101090730801229,4,NN,NN,town,0,10,2.6322682154995127,0.0006000985348729581,26.322682154995128,0.16129032258064516,2.6322682154995127,0.4245593895966956
likewise,23,0.0002276191041703,12.101090730801229,8,RB,RB,likewis,0,11,2.494764691749578,0.0006880708394759623,27.442411609245358,0.1774193548387097,2.4947646917495776,0.4426195420846025
speak,23,0.0002276191041703,12.101090730801229,5,VB,VB,speak,0,14,2.146841388329271,0.0004114469504727845,30.055779436609797,0.22580645161290322,2.146841388329271,0.48477063607435156
hear,23,0.0002276191041703,12.101090730801229,4,VB,VB,hear,0,18,1.784271308944563,0.00037739966505456106,32.11688356100213,0.2903225806451613,1.7842713089445628,0.5180142509839053
straight,23,0.0002276191041703,12.101090730801229,8,RB,RB,straight,0,15,2.0473057147783567,0.0005164370499962599,30.70958572167535,0.24193548387096775,2.0473057147783567,0.4953158987366992
others,23,0.0002276191041703,12.101090730801229,6,NN,NNS,other,0,15,2.0473057147783567,0.00044741009057834124,30.70958572167535,0.24193548387096775,2.0473057147783567,0.4953158987366992
huntsmen,23,0.0002276191041703,12.101090730801229,8,NN,NNS,huntsmen,0,6,3.3692338096657193,0.0008122404014737884,20.215402857994317,0.0967741935483871,3.3692338096657193,0.3260548848063599
reached,23,0.0002276191041703,12.101090730801229,7,VB,VBD,reach,0,18,1.784271308944563,0.00039790111974011895,32.11688356100213,0.2903225806451613,1.7842713089445628,0.5180142509839053
birds,23,0.0002276191041703,12.101090730801229,5,NN,NNS,bird,0,13,2.253756592245783,0.0006307968194572296,29.29883569919518,0.20967741935483872,2.253756592245783,0.47256186611605133
learn,23,0.0002276191041703,12.101090730801229,5,VB,VB,learn,0,5,3.6322682154995127,0.0004931330720842487,18.161341077497564,0.08064516129032258,3.6322682154995127,0.29292485608867036
cloak,23,0.0002276191041703,12.101090730801229,5,NN,NN,cloak,0,6,3.3692338096657193,0.0005503877526923024,20.215402857994317,0.0967741935483871,3.3692338096657193,0.3260548848063599
ashes,22,0.0002177226213803,12.165221068220944,5,NN,NNS,ash,0,6,3.3692338096657193,0.0006451461256443033,20.215402857994317,0.0967741935483871,3.3692338096657193,0.3260548848063599
return,22,0.0002177226213803,12.165221068220944,6,VB,VB,return,0,13,2.253756592245783,0.0005405129092221464,29.29883569919518,0.20967741935483872,2.253756592245783,0.47256186611605133
high,22,0.0002177226213803,12.165221068220944,4,JJ,JJ,high,0,15,2.0473057147783567,0.0004604217183313237,30.70958572167535,0.24193548387096775,2.0473057147783567,0.4953158987366992
knocked,22,0.0002177226213803,12.165221068220944,7,VB,VBD,knock,0,16,1.9541963103868751,0.0004631908338574861,31.267140966190002,0.25806451612903225,1.9541963103868751,0.504308725261129
top,22,0.0002177226213803,12.165221068220944,3,NN,NN,top,0,17,1.8667334691365358,0.0005133901387505467,31.734468975321107,0.27419354838709675,1.866733469136536,0.5118462737955017
dummling,22,0.0002177226213803,12.165221068220944,8,NN,NNP,dumml,0,1,5.954196310386875,0.001330465576790762,5.954196310386875,0.016129032258064516,5.954196310386875,0.09603542436107862
goose,22,0.0002177226213803,12.165221068220944,5,NN,NN,goos,0,7,3.146841388329271,0.0005765813688919887,22.0278897183049,0.11290322580645161,3.146841388329271,0.3552885438436274
dance,22,0.0002177226213803,12.165221068220944,5,NN,NN,danc,0,8,2.9541963103868754,0.0005560926961886625,23.633570483095003,0.12903225806451613,2.9541963103868754,0.3811866206950807
jumped,22,0.0002177226213803,12.165221068220944,6,VB,VBD,jump,0,17,1.8667334691365358,0.0004169264509514859,31.734468975321107,0.27419354838709675,1.866733469136536,0.5118462737955017
ball,22,0.0002177226213803,12.165221068220944,4,NN,NN,ball,0,3,4.369233809665719,0.0009178575507513081,13.107701428997157,0.04838709677419355,4.369233809665719,0.2114145391773735
feel,22,0.0002177226213803,12.165221068220944,4,VB,VBP,feel,0,11,2.494764691749578,0.0003914635583273298,27.442411609245358,0.1774193548387097,2.4947646917495776,0.4426195420846025
sleeping,22,0.0002177226213803,12.165221068220944,8,VB,VBG,sleep,0,16,1.9541963103868751,0.00039191147251560195,31.267140966190002,0.25806451612903225,1.9541963103868751,0.504308725261129
hundred,22,0.0002177226213803,12.165221068220944,7,JJ,JJ,hundr,0,10,2.6322682154995127,0.0008638122834642902,26.322682154995128,0.16129032258064516,2.6322682154995127,0.4245593895966956
whom,22,0.0002177226213803,12.165221068220944,4,WP,WP,whom,1,15,2.0473057147783567,0.0005289166829626437,30.70958572167535,0.24193548387096775,2.0473057147783567,0.4953158987366992
pieces,22,0.0002177226213803,12.165221068220944,6,NN,NNS,piec,0,15,2.0473057147783567,0.00044028631090793613,30.70958572167535,0.24193548387096775,2.0473057147783567,0.4953158987366992
corner,22,0.0002177226213803,12.165221068220944,6,NN,NN,corner,0,14,2.146841388329271,0.0004968623864561692,30.055779436609797,0.22580645161290322,2.146841388329271,0.48477063607435156
clever,22,0.0002177226213803,12.165221068220944,6,NN,JJ,clever,0,8,2.9541963103868754,0.000859205054478966,23.633570483095003,0.12903225806451613,2.9541963103868754,0.3811866206950807
afraid,22,0.0002177226213803,12.165221068220944,6,JJ,JJ,afraid,0,16,1.9541963103868751,0.00037702220190217523,31.267140966190002,0.25806451612903225,1.9541963103868751,0.504308725261129
heaven,21,0.0002078261385903,12.23233526407948,6,NN,NNP,heaven,0,12,2.3692338096657193,0.0004575342433808288,28.430805715988633,0.1935483870967742,2.3692338096657193,0.45856138251594564
dish,21,0.0002078261385903,12.23233526407948,4,NN,NN,dish,0,10,2.6322682154995127,0.0006863954130540116,26.322682154995128,0.16129032258064516,2.6322682154995127,0.4245593895966956
cellar,21,0.0002078261385903,12.23233526407948,6,NN,NN,cellar,0,6,3.3692338096657193,0.0007702814426408222,20.215402857994317,0.0967741935483871,3.3692338096657193,0.3260548848063599
straw,21,0.0002078261385903,12.23233526407948,5,NN,NN,straw,0,6,3.3692338096657193,0.0012835022173606132,20.215402857994317,0.0967741935483871,3.3692338096657193,0.3260548848063599
royal,21,0.0002078261385903,12.23233526407948,5,NN,NN,royal,0,8,2.9541963103868754,0.0005252122123807772,23.633570483095003,0.12903225806451613,2.9541963103868754,0.3811866206950807
rich,21,0.0002078261385903,12.23233526407948,4,JJ,JJ,rich,0,15,2.0473057147783567,0.0004445756121375375,30.70958572167535,0.24193548387096775,2.0473057147783567,0.4953158987366992
neck,21,0.0002078261385903,12.23233526407948,4,NN,NN,neck,0,17,1.8667334691365358,0.0003572734184856418,31.734468975321107,0.27419354838709675,1.866733469136536,0.5118462737955017
ill,21,0.0002078261385903,12.23233526407948,3,JJ,JJ,ill,0,12,2.3692338096657193,0.0005576286643042316,28.430805715988633,0.1935483870967742,2.3692338096657193,0.45856138251594564
though,21,0.0002078261385903,12.23233526407948,6,IN,IN,though,0,16,1.9541963103868751,0.00035866536630366257,31.267140966190002,0.25806451612903225,1.9541963103868751,0.504308725261129
tower,21,0.0002078261385903,12.23233526407948,5,NN,NN,tower,0,6,3.3692338096657193,0.000714881457153712,20.215402857994317,0.0967741935483871,3.3692338096657193,0.3260548848063599
struck,21,0.0002078261385903,12.23233526407948,6,VB,VBD,struck,0,13,2.253756592245783,0.00038374666624375994,29.29883569919518,0.20967741935483872,2.253756592245783,0.47256186611605133
become,21,0.0002078261385903,12.23233526407948,6,VB,VB,becom,0,17,1.8667334691365358,0.0005649607462194667,31.734468975321107,0.27419354838709675,1.866733469136536,0.5118462737955017
slept,21,0.0002078261385903,12.23233526407948,5,VB,VBD,slept,0,15,2.0473057147783567,0.00035433476315415184,30.70958572167535,0.24193548387096775,2.0473057147783567,0.4953158987366992
wicked,21,0.0002078261385903,12.23233526407948,6,JJ,JJ,wick,0,15,2.0473057147783567,0.00035786436492657133,30.70958572167535,0.24193548387096775,2.0473057147783567,0.4953158987366992
early,21,0.0002078261385903,12.23233526407948,5,JJ,JJ,earli,0,14,2.146841388329271,0.0004778289761028099,30.055779436609797,0.22580645161290322,2.146841388329271,0.48477063607435156
duck,21,0.0002078261385903,12.23233526407948,4,NN,NN,duck,0,5,3.6322682154995127,0.0006797832070848274,18.161341077497564,0.08064516129032258,3.6322682154995127,0.29292485608867036
die,21,0.0002078261385903,12.23233526407948,3,VB,VB,die,0,13,2.253756592245783,0.0003533401237342635,29.29883569919518,0.20967741935483872,2.253756592245783,0.47256186611605133
nor,21,0.0002078261385903,12.23233526407948,3,CC,CC,nor,1,13,2.253756592245783,0.0005160246806978916,29.29883569919518,0.20967741935483872,2.253756592245783,0.47256186611605133
moment,21,0.0002078261385903,12.23233526407948,6,NN,NN,moment,0,16,1.9541963103868751,0.0004140721635344246,31.267140966190002,0.25806451612903225,1.9541963103868751,0.504308725261129
snowwhite,21,0.0002078261385903,12.23233526407948,9,NN,NNP,snowwhit,0,3,4.369233809665719,0.0006482332604652004,13.107701428997157,0.04838709677419355,4.369233809665719,0.2114145391773735
else,21,0.0002078261385903,12.23233526407948,4,RB,RB,els,0,17,1.8667334691365358,0.0003495200053543439,31.734468975321107,0.27419354838709675,1.866733469136536,0.5118462737955017
remained,21,0.0002078261385903,12.23233526407948,8,VB,VBD,remain,0,13,2.253756592245783,0.0005120885035170995,29.29883569919518,0.20967741935483872,2.253756592245783,0.47256186611605133
safe,21,0.0002078261385903,12.23233526407948,4,JJ,JJ,safe,0,14,2.146841388329271,0.0003664011302846034,30.055779436609797,0.22580645161290322,2.146841388329271,0.48477063607435156
angry,21,0.0002078261385903,12.23233526407948,5,JJ,JJ,angri,0,18,1.784271308944563,0.00034232587036246584,32.11688356100213,0.2903225806451613,1.7842713089445628,0.5180142509839053
wretch,21,0.0002078261385903,12.23233526407948,6,NN,NN,wretch,0,5,3.6322682154995127,0.000859140392854402,18.161341077497564,0.08064516129032258,3.6322682154995127,0.29292485608867036
maid,20,0.0001979296558003,12.30272459197088,4,NN,NN,maid,0,5,3.6322682154995127,0.000962603409193044,18.161341077497564,0.08064516129032258,3.6322682154995127,0.29292485608867036
among,20,0.0001979296558003,12.30272459197088,5,IN,IN,among,0,11,2.494764691749578,0.0004792710886700085,27.442411609245358,0.1774193548387097,2.4947646917495776,0.4426195420846025
flower,20,0.0001979296558003,12.30272459197088,6,NN,NN,flower,0,4,3.9541963103868754,0.0009465664779039095,15.816785241547501,0.06451612903225806,3.9541963103868754,0.2551094393797984
mr,20,0.0001979296558003,12.30272459197088,2,NN,NNP,mr,0,7,3.146841388329271,0.001919664442277196,22.0278897183049,0.11290322580645161,3.146841388329271,0.3552885438436274
doing,20,0.0001979296558003,12.30272459197088,5,VB,VBG,do,1,16,1.9541963103868751,0.0005269751722248312,31.267140966190002,0.25806451612903225,1.9541963103868751,0.504308725261129
sadly,20,0.0001979296558003,12.30272459197088,5,RB,RB,sadli,0,7,3.146841388329271,0.000531352599279659,22.0278897183049,0.11290322580645161,3.146841388329271,0.3552885438436274
name,20,0.0001979296558003,12.30272459197088,4,NN,NN,name,0,10,2.6322682154995127,0.000670102035997593,26.322682154995128,0.16129032258064516,2.6322682154995127,0.4245593895966956
whether,20,0.0001979296558003,12.30272459197088,7,IN,IN,whether,0,16,1.9541963103868751,0.00044079145032578583,31.267140966190002,0.25806451612903225,1.9541963103868751,0.504308725261129
moon,20,0.0001979296558003,12.30272459197088,4,NN,NN,moon,0,6,3.3692338096657193,0.0005237542275067766,20.215402857994317,0.0967741935483871,3.3692338096657193,0.3260548848063599
ass,20,0.0001979296558003,12.30272459197088,3,NN,NN,ass,0,2,4.954196310386875,0.0010807039842692856,9.90839262077375,0.03225806451612903,4.954196310386875,0.1598127842060282
seeing,20,0.0001979296558003,12.30272459197088,6,VB,VBG,see,0,13,2.253756592245783,0.0004149735624007644,29.29883569919518,0.20967741935483872,2.253756592245783,0.47256186611605133
pity,20,0.0001979296558003,12.30272459197088,4,NN,NN,piti,0,16,1.9541963103868751,0.0003277102515904963,31.267140966190002,0.25806451612903225,1.9541963103868751,0.504308725261129
indeed,20,0.0001979296558003,12.30272459197088,6,RB,RB,inde,0,16,1.9541963103868751,0.00032400054681471196,31.267140966190002,0.25806451612903225,1.9541963103868751,0.504308725261129
scarcely,19,0.0001880331730103,12.376725173414656,8,RB,RB,scarc,0,15,2.0473057147783567,0.0003319453751725946,30.70958572167535,0.24193548387096775,2.0473057147783567,0.4953158987366992
rolled,19,0.0001880331730103,12.376725173414656,6,VB,VBD,roll,0,14,2.146841388329271,0.00038304293759231146,30.055779436609797,0.22580645161290322,2.146841388329271,0.48477063607435156
having,19,0.0001880331730103,12.376725173414656,6,VB,VBG,have,1,13,2.253756592245783,0.00047713836460968456,29.29883569919518,0.20967741935483872,2.253756592245783,0.47256186611605133
drank,19,0.0001880331730103,12.376725173414656,5,NN,NN,drank,0,14,2.146841388329271,0.0004087259519271953,30.055779436609797,0.22580645161290322,2.146841388329271,0.48477063607435156
horses,19,0.0001880331730103,12.376725173414656,6,NN,NNS,hors,0,10,2.6322682154995127,0.0005441091826841304,26.322682154995128,0.16129032258064516,2.6322682154995127,0.4245593895966956
show,19,0.0001880331730103,12.376725173414656,4,VB,VB,show,0,14,2.146841388329271,0.0003665770791104507,30.055779436609797,0.22580645161290322,2.146841388329271,0.48477063607435156
pulled,19,0.0001880331730103,12.376725173414656,6,VB,VBD,pull,0,16,1.9541963103868751,0.00035238128688393753,31.267140966190002,0.25806451612903225,1.9541963103868751,0.504308725261129
tried,19,0.0001880331730103,12.376725173414656,5,VB,VBD,tri,0,15,2.0473057147783567,0.00036004480415403786,30.70958572167535,0.24193548387096775,2.0473057147783567,0.4953158987366992
hour,19,0.0001880331730103,12.376725173414656,4,NN,NN,hour,0,11,2.494764691749578,0.0003661339904876697,27.442411609245358,0.1774193548387097,2.4947646917495776,0.4426195420846025
peas,19,0.0001880331730103,12.376725173414656,4,NN,NNS,pea,0,4,3.9541963103868754,0.0008274232650296538,15.816785241547501,0.06451612903225806,3.9541963103868754,0.2551094393797984
words,19,0.0001880331730103,12.376725173414656,5,NN,NNS,word,0,13,2.253756592245783,0.000432693776759389,29.29883569919518,0.20967741935483872,2.253756592245783,0.47256186611605133
foot,19,0.0001880331730103,12.376725173414656,4,NN,NN,foot,0,15,2.0473057147783567,0.00040119735049593984,30.70958572167535,0.24193548387096775,2.0473057147783567,0.4953158987366992
dress,19,0.0001880331730103,12.376725173414656,5,NN,NN,dress,0,9,2.7842713089445628,0.00039899250129783634,25.058441780501063,0.14516129032258066,2.7842713089445628,0.40416841581453333
gardener,19,0.0001880331730103,12.376725173414656,8,NN,NN,garden,0,3,4.369233809665719,0.0006398366924072316,13.107701428997157,0.04838709677419355,4.369233809665719,0.2114145391773735
singing,19,0.0001880331730103,12.376725173414656,7,VB,VBG,sing,0,12,2.3692338096657193,0.0004561397330459417,28.430805715988633,0.1935483870967742,2.3692338096657193,0.45856138251594564
alive,19,0.0001880331730103,12.376725173414656,5,JJ,JJ,aliv,0,11,2.494764691749578,0.00038341975209356985,27.442411609245358,0.1774193548387097,2.4947646917495776,0.4426195420846025
glad,19,0.0001880331730103,12.376725173414656,4,JJ,JJ,glad,0,12,2.3692338096657193,0.00032391595545926263,28.430805715988633,0.1935483870967742,2.3692338096657193,0.45856138251594564
tail,19,0.0001880331730103,12.376725173414656,4,NN,NN,tail,0,8,2.9541963103868754,0.0009021793540189301,23.633570483095003,0.12903225806451613,2.9541963103868754,0.3811866206950807
grieved,19,0.0001880331730103,12.376725173414656,7,VB,VBD,griev,0,10,2.6322682154995127,0.00037152184410860087,26.322682154995128,0.16129032258064516,2.6322682154995127,0.4245593895966956
kept,19,0.0001880331730103,12.376725173414656,4,VB,VBD,kept,0,16,1.9541963103868751,0.0003133974964019341,31.267140966190002,0.25806451612903225,1.9541963103868751,0.504308725261129
stretched,19,0.0001880331730103,12.376725173414656,9,VB,VBD,stretch,0,14,2.146841388329271,0.00042491757807996066,30.055779436609797,0.22580645161290322,2.146841388329271,0.48477063607435156
vain,19,0.0001880331730103,12.376725173414656,4,NN,NN,vain,0,13,2.253756592245783,0.00040045389331976576,29.29883569919518,0.20967741935483872,2.253756592245783,0.47256186611605133
middle,19,0.0001880331730103,12.376725173414656,6,NN,NN,middl,0,17,1.8667334691365358,0.0003997450320553947,31.734468975321107,0.27419354838709675,1.866733469136536,0.5118462737955017
broke,19,0.0001880331730103,12.376725173414656,5,VB,VBD,broke,0,17,1.8667334691365358,0.00047494658078643567,31.734468975321107,0.27419354838709675,1.866733469136536,0.5118462737955017
watch,19,0.0001880331730103,12.376725173414656,5,VB,VB,watch,0,11,2.494764691749578,0.00044892162824954193,27.442411609245358,0.1774193548387097,2.4947646917495776,0.4426195420846025
crept,19,0.0001880331730103,12.376725173414656,5,VB,VBD,crept,0,13,2.253756592245783,0.0004305824010408877,29.29883569919518,0.20967741935483872,2.253756592245783,0.47256186611605133
mountain,19,0.0001880331730103,12.376725173414656,8,NN,NN,mountain,0,8,2.9541963103868754,0.0004047124639847824,23.633570483095003,0.12903225806451613,2.9541963103868754,0.3811866206950807
laughed,19,0.0001880331730103,12.376725173414656,7,VB,VBD,laugh,0,16,1.9541963103868751,0.0003843412772012638,31.267140966190002,0.25806451612903225,1.9541963103868751,0.504308725261129
journey,19,0.0001880331730103,12.376725173414656,7,NN,NN,journey,0,9,2.7842713089445628,0.0004123868588403852,25.058441780501063,0.14516129032258066,2.7842713089445628,0.40416841581453333
bad,19,0.0001880331730103,12.376725173414656,3,JJ,JJ,bad,0,12,2.3692338096657193,0.00030293133419100906,28.430805715988633,0.1935483870967742,2.3692338096657193,0.45856138251594564
partlet,19,0.0001880331730103,12.376725173414656,7,NN,NNP,partlet,0,1,5.954196310386875,0.0009710873139225618,5.954196310386875,0.016129032258064516,5.954196310386875,0.09603542436107862
running,18,0.0001781366902202,12.454727685415929,7,VB,VBG,run,0,13,2.253756592245783,0.0003997014682791252,29.29883569919518,0.20967741935483872,2.253756592245783,0.47256186611605133
someone,18,0.0001781366902202,12.454727685415929,7,NN,NN,someon,0,12,2.3692338096657193,0.00043564694364623275,28.430805715988633,0.1935483870967742,2.3692338096657193,0.45856138251594564
deep,18,0.0001781366902202,12.454727685415929,4,JJ,JJ,deep,0,12,2.3692338096657193,0.00038589797959609316,28.430805715988633,0.1935483870967742,2.3692338096657193,0.45856138251594564
making,18,0.0001781366902202,12.454727685415929,6,VB,VBG,make,0,15,2.0473057147783567,0.000594288944983859,30.70958572167535,0.24193548387096775,2.0473057147783567,0.4953158987366992
ought,18,0.0001781366902202,12.454727685415929,5,MD,MD,ought,0,15,2.0473057147783567,0.00034137745897566186,30.70958572167535,0.24193548387096775,2.0473057147783567,0.4953158987366992
girls,18,0.0001781366902202,12.454727685415929,5,NN,NNS,girl,0,6,3.3692338096657193,0.0006290020570190693,20.215402857994317,0.0967741935483871,3.3692338096657193,0.3260548848063599
showed,18,0.0001781366902202,12.454727685415929,6,VB,VBD,show,0,13,2.253756592245783,0.0003322384965716991,29.29883569919518,0.20967741935483872,2.253756592245783,0.47256186611605133
legs,18,0.0001781366902202,12.454727685415929,4,NN,NNS,leg,0,15,2.0473057147783567,0.00040538222397623765,30.70958572167535,0.24193548387096775,2.0473057147783567,0.4953158987366992
marry,18,0.0001781366902202,12.454727685415929,5,VB,VB,marri,0,12,2.3692338096657193,0.00037808523217079367,28.430805715988633,0.1935483870967742,2.3692338096657193,0.45856138251594564
stones,18,0.0001781366902202,12.454727685415929,6,NN,NNS,stone,0,10,2.6322682154995127,0.00048353915084090986,26.322682154995128,0.16129032258064516,2.6322682154995127,0.4245593895966956
chamber,18,0.0001781366902202,12.454727685415929,7,NN,NN,chamber,0,9,2.7842713089445628,0.0004566457516941036,25.058441780501063,0.14516129032258066,2.7842713089445628,0.40416841581453333
please,18,0.0001781366902202,12.454727685415929,6,VB,VB,pleas,0,12,2.3692338096657193,0.0004874294188015735,28.430805715988633,0.1935483870967742,2.3692338096657193,0.45856138251594564
raven,18,0.0001781366902202,12.454727685415929,5,NN,NN,raven,0,3,4.369233809665719,0.0005579037656835214,13.107701428997157,0.04838709677419355,4.369233809665719,0.2114145391773735
farther,18,0.0001781366902202,12.454727685415929,7,NN,NN,farther,0,14,2.146841388329271,0.00033103812348176135,30.055779436609797,0.22580645161290322,2.146841388329271,0.48477063607435156
cottage,18,0.0001781366902202,12.454727685415929,7,NN,NN,cottag,0,5,3.6322682154995127,0.0004901038637184995,18.161341077497564,0.08064516129032258,3.6322682154995127,0.29292485608867036
falada,18,0.0001781366902202,12.454727685415929,6,NN,NNP,falada,0,1,5.954196310386875,0.000768625006002408,5.954196310386875,0.016129032258064516,5.954196310386875,0.09603542436107862
thither,18,0.0001781366902202,12.454727685415929,7,RB,RB,thither,0,13,2.253756592245783,0.00042294258915596283,29.29883569919518,0.20967741935483872,2.253756592245783,0.47256186611605133
carter,18,0.0001781366902202,12.454727685415929,6,NN,NN,carter,0,2,4.954196310386875,0.0010391683909780967,9.90839262077375,0.03225806451612903,4.954196310386875,0.1598127842060282
learnt,18,0.0001781366902202,12.454727685415929,6,VB,VBN,learnt,0,7,3.146841388329271,0.0008497568741163483,22.0278897183049,0.11290322580645161,3.146841388329271,0.3552885438436274
mouth,18,0.0001781366902202,12.454727685415929,5,NN,NN,mouth,0,16,1.9541963103868751,0.0005532876882769956,31.267140966190002,0.25806451612903225,1.9541963103868751,0.504308725261129
spot,18,0.0001781366902202,12.454727685415929,4,NN,NN,spot,0,15,2.0473057147783567,0.00034423483880347016,30.70958572167535,0.24193548387096775,2.0473057147783567,0.4953158987366992
being,18,0.0001781366902202,12.454727685415929,5,VB,VBG,be,1,15,2.0473057147783567,0.00033215696961996815,30.70958572167535,0.24193548387096775,2.0473057147783567,0.4953158987366992
meantime,18,0.0001781366902202,12.454727685415929,8,NN,NN,meantim,0,17,1.8667334691365358,0.00030178117196184043,31.734468975321107,0.27419354838709675,1.866733469136536,0.5118462737955017
waited,18,0.0001781366902202,12.454727685415929,6,VB,VBD,wait,0,13,2.253756592245783,0.00036877954506410996,29.29883569919518,0.20967741935483872,2.253756592245783,0.47256186611605133
noise,18,0.0001781366902202,12.454727685415929,5,NN,NN,nois,0,11,2.494764691749578,0.00040142958311211894,27.442411609245358,0.1774193548387097,2.4947646917495776,0.4426195420846025
strange,18,0.0001781366902202,12.454727685415929,7,JJ,JJ,strang,0,14,2.146841388329271,0.0003626077015988532,30.055779436609797,0.22580645161290322,2.146841388329271,0.48477063607435156
times,18,0.0001781366902202,12.454727685415929,5,NN,NNS,time,0,14,2.146841388329271,0.00045927137010467925,30.055779436609797,0.22580645161290322,2.146841388329271,0.48477063607435156
lifted,18,0.0001781366902202,12.454727685415929,6,VB,VBD,lift,0,15,2.0473057147783567,0.00029553353104664134,30.70958572167535,0.24193548387096775,2.0473057147783567,0.4953158987366992
bottom,18,0.0001781366902202,12.454727685415929,6,NN,NN,bottom,0,15,2.0473057147783567,0.00037480052633470526,30.70958572167535,0.24193548387096775,2.0473057147783567,0.4953158987366992
love,17,0.0001682402074302,12.537189845607902,4,NN,NN,love,0,11,2.494764691749578,0.0004597992564318553,27.442411609245358,0.1774193548387097,2.4947646917495776,0.4426195420846025
doctor,17,0.0001682402074302,12.537189845607902,6,NN,NN,doctor,0,1,5.954196310386875,0.002095766642026106,5.954196310386875,0.016129032258064516,5.954196310386875,0.09603542436107862
coat,17,0.0001682402074302,12.537189845607902,4,NN,NN,coat,0,9,2.7842713089445628,0.0004041577271976107,25.058441780501063,0.14516129032258066,2.7842713089445628,0.40416841581453333
apples,17,0.0001682402074302,12.537189845607902,6,NN,NNS,appl,0,6,3.3692338096657193,0.0003402361769540137,20.215402857994317,0.0967741935483871,3.3692338096657193,0.3260548848063599
princesses,17,0.0001682402074302,12.537189845607902,10,NN,NNS,princess,0,2,4.954196310386875,0.0008882194717640124,9.90839262077375,0.03225806451612903,4.954196310386875,0.1598127842060282
inside,17,0.0001682402074302,12.537189845607902,6,IN,IN,insid,0,12,2.3692338096657193,0.00038755886236277204,28.430805715988633,0.1935483870967742,2.3692338096657193,0.45856138251594564
faithful,17,0.0001682402074302,12.537189845607902,8,JJ,JJ,faith,0,13,2.253756592245783,0.0005319383840546639,29.29883569919518,0.20967741935483872,2.253756592245783,0.47256186611605133
salad,17,0.0001682402074302,12.537189845607902,5,NN,NN,salad,0,3,4.369233809665719,0.0005683931763587344,13.107701428997157,0.04838709677419355,4.369233809665719,0.2114145391773735
short,17,0.0001682402074302,12.537189845607902,5,JJ,JJ,short,0,15,2.0473057147783567,0.0003327732691419646,30.70958572167535,0.24193548387096775,2.0473057147783567,0.4953158987366992
miser,17,0.0001682402074302,12.537189845607902,5,NN,NN,miser,0,1,5.954196310386875,0.0013859101987591992,5.954196310386875,0.016129032258064516,5.954196310386875,0.09603542436107862
snow,17,0.0001682402074302,12.537189845607902,4,NN,NN,snow,0,6,3.3692338096657193,0.0003626031379941782,20.215402857994317,0.0967741935483871,3.3692338096657193,0.3260548848063599
village,17,0.0001682402074302,12.537189845607902,7,NN,NN,villag,0,8,2.9541963103868754,0.0005389567456133674,23.633570483095003,0.12903225806451613,2.9541963103868754,0.3811866206950807
those,17,0.0001682402074302,12.537189845607902,5,DT,DT,those,1,10,2.6322682154995127,0.00036783217698316376,26.322682154995128,0.16129032258064516,2.6322682154995127,0.4245593895966956
order,17,0.0001682402074302,12.537189845607902,5,NN,NN,order,0,12,2.3692338096657193,0.000372672936617439,28.430805715988633,0.1935483870967742,2.3692338096657193,0.45856138251594564
art,17,0.0001682402074302,12.537189845607902,3,NN,NN,art,0,9,2.7842713089445628,0.0005098540855950595,25.058441780501063,0.14516129032258066,2.7842713089445628,0.40416841581453333
spoke,17,0.0001682402074302,12.537189845607902,5,VB,VBD,spoke,0,11,2.494764691749578,0.00041173183143405136,27.442411609245358,0.1774193548387097,2.4947646917495776,0.4426195420846025
placed,17,0.0001682402074302,12.537189845607902,6,VB,VBD,place,0,14,2.146841388329271,0.00031936913150852484,30.055779436609797,0.22580645161290322,2.146841388329271,0.48477063607435156
pig,17,0.0001682402074302,12.537189845607902,3,NN,NN,pig,0,2,4.954196310386875,0.0005690844544360808,9.90839262077375,0.03225806451612903,4.954196310386875,0.1598127842060282
spring,17,0.0001682402074302,12.537189845607902,6,NN,NN,spring,0,9,2.7842713089445628,0.0006965472692784894,25.058441780501063,0.14516129032258066,2.7842713089445628,0.40416841581453333
touched,17,0.0001682402074302,12.537189845607902,7,VB,VBD,touch,0,11,2.494764691749578,0.00047400307243193883,27.442411609245358,0.1774193548387097,2.4947646917495776,0.4426195420846025
rosered,17,0.0001682402074302,12.537189845607902,7,JJ,JJ,roser,0,1,5.954196310386875,0.0006704731885578384,5.954196310386875,0.016129032258064516,5.954196310386875,0.09603542436107862
crying,17,0.0001682402074302,12.537189845607902,6,VB,VBG,cri,0,15,2.0473057147783567,0.0003073268966504834,30.70958572167535,0.24193548387096775,2.0473057147783567,0.4953158987366992
knife,17,0.0001682402074302,12.537189845607902,5,NN,NN,knife,0,9,2.7842713089445628,0.0005986014919631395,25.058441780501063,0.14516129032258066,2.7842713089445628,0.40416841581453333
fallen,17,0.0001682402074302,12.537189845607902,6,VB,VBN,fallen,0,13,2.253756592245783,0.0003590686318359732,29.29883569919518,0.20967741935483872,2.253756592245783,0.47256186611605133
frog,17,0.0001682402074302,12.537189845607902,4,NN,NN,frog,0,1,5.954196310386875,0.0013593690375839607,5.954196310386875,0.016129032258064516,5.954196310386875,0.09603542436107862
heinel,17,0.0001682402074302,12.537189845607902,6,NN,NNP,heinel,0,1,5.954196310386875,0.0006591046484208061,5.954196310386875,0.016129032258064516,5.954196310386875,0.09603542436107862
cap,17,0.0001682402074302,12.537189845607902,3,NN,NN,cap,0,7,3.146841388329271,0.00032253652838362353,22.0278897183049,0.11290322580645161,3.146841388329271,0.3552885438436274
guest,17,0.0001682402074302,12.537189845607902,5,NN,NN,guest,0,5,3.6322682154995127,0.0011773791950404377,18.161341077497564,0.08064516129032258,3.6322682154995127,0.29292485608867036
dwarfs,17,0.0001682402074302,12.537189845607902,6,NN,NN,dwarf,0,3,4.369233809665719,0.0005665650140075556,13.107701428997157,0.04838709677419355,4.369233809665719,0.2114145391773735
cart,17,0.0001682402074302,12.537189845607902,4,NN,NN,cart,0,6,3.3692338096657193,0.0006223037713255172,20.215402857994317,0.0967741935483871,3.3692338096657193,0.3260548848063599
kywitt,16,0.0001583437246402,12.62465268685824,6,NN,NNP,kywitt,0,1,5.954196310386875,0.0004975928723371949,5.954196310386875,0.016129032258064516,5.954196310386875,0.09603542436107862
wide,16,0.0001583437246402,12.62465268685824,4,JJ,JJ,wide,0,15,2.0473057147783567,0.0003268141302172826,30.70958572167535,0.24193548387096775,2.0473057147783567,0.4953158987366992
beasts,16,0.0001583437246402,12.62465268685824,6,NN,NNS,beast,0,9,2.7842713089445628,0.0004472227575257595,25.058441780501063,0.14516129032258066,2.7842713089445628,0.40416841581453333
bargain,16,0.0001583437246402,12.62465268685824,7,NN,NN,bargain,0,12,2.3692338096657193,0.000505761250833855,28.430805715988633,0.1935483870967742,2.3692338096657193,0.45856138251594564
loud,16,0.0001583437246402,12.62465268685824,4,JJ,JJ,loud,0,8,2.9541963103868754,0.0003434813825291541,23.633570483095003,0.12903225806451613,2.9541963103868754,0.3811866206950807
tomorrow,16,0.0001583437246402,12.62465268685824,8,NN,NN,tomorrow,0,10,2.6322682154995127,0.0004965858941843439,26.322682154995128,0.16129032258064516,2.6322682154995127,0.4245593895966956
neither,16,0.0001583437246402,12.62465268685824,7,DT,DT,neither,0,12,2.3692338096657193,0.0004157777306599446,28.430805715988633,0.1935483870967742,2.3692338096657193,0.45856138251594564
catherine,16,0.0001583437246402,12.62465268685824,9,NN,NNP,catherin,0,1,5.954196310386875,0.000801547621167062,5.954196310386875,0.016129032258064516,5.954196310386875,0.09603542436107862
roof,16,0.0001583437246402,12.62465268685824,4,NN,NN,roof,0,5,3.6322682154995127,0.0003599814068703464,18.161341077497564,0.08064516129032258,3.6322682154995127,0.29292485608867036
earth,16,0.0001583437246402,12.62465268685824,5,NN,NN,earth,0,10,2.6322682154995127,0.00036418498451971763,26.322682154995128,0.16129032258064516,2.6322682154995127,0.4245593895966956
whose,16,0.0001583437246402,12.62465268685824,5,WP,WP$,whose,0,10,2.6322682154995127,0.0006078661531260381,26.322682154995128,0.16129032258064516,2.6322682154995127,0.4245593895966956
none,16,0.0001583437246402,12.62465268685824,4,NN,NN,none,0,13,2.253756592245783,0.0003619530180597392,29.29883569919518,0.20967741935483872,2.253756592245783,0.47256186611605133
peace,16,0.0001583437246402,12.62465268685824,5,NN,NN,peac,0,11,2.494764691749578,0.00031357364193652085,27.442411609245358,0.1774193548387097,2.4947646917495776,0.4426195420846025
really,16,0.0001583437246402,12.62465268685824,6,RB,RB,realli,0,14,2.146841388329271,0.0003578951891905107,30.055779436609797,0.22580645161290322,2.146841388329271,0.48477063607435156
song,16,0.0001583437246402,12.62465268685824,4,NN,NN,song,0,9,2.7842713089445628,0.00033975359883456596,25.058441780501063,0.14516129032258066,2.7842713089445628,0.40416841581453333
stand,16,0.0001583437246402,12.62465268685824,5,VB,VB,stand,0,13,2.253756592245783,0.0002823405640586655,29.29883569919518,0.20967741935483872,2.253756592245783,0.47256186611605133
ashputtel,16,0.0001583437246402,12.62465268685824,9,NN,NNP,ashputtel,0,1,5.954196310386875,0.0005934981806787401,5.954196310386875,0.016129032258064516,5.954196310386875,0.09603542436107862
suddenly,16,0.0001583437246402,12.62465268685824,8,RB,RB,suddenli,0,13,2.253756592245783,0.0003237158219159225,29.29883569919518,0.20967741935483872,2.253756592245783,0.47256186611605133
pope,16,0.0001583437246402,12.62465268685824,4,NN,NN,pope,0,2,4.954196310386875,0.0007887498963832648,9.90839262077375,0.03225806451612903,4.954196310386875,0.1598127842060282
god,16,0.0001583437246402,12.62465268685824,3,NN,NNP,god,0,7,3.146841388329271,0.000449049895416557,22.0278897183049,0.11290322580645161,3.146841388329271,0.3552885438436274
stop,16,0.0001583437246402,12.62465268685824,4,VB,VB,stop,0,14,2.146841388329271,0.0003831984089903349,30.055779436609797,0.22580645161290322,2.146841388329271,0.48477063607435156
within,16,0.0001583437246402,12.62465268685824,6,IN,IN,within,0,11,2.494764691749578,0.0004443040964171883,27.442411609245358,0.1774193548387097,2.4947646917495776,0.4426195420846025
boat,16,0.0001583437246402,12.62465268685824,4,NN,NN,boat,0,3,4.369233809665719,0.0006098102970972869,13.107701428997157,0.04838709677419355,4.369233809665719,0.2114145391773735
stopped,16,0.0001583437246402,12.62465268685824,7,VB,VBD,stop,0,11,2.494764691749578,0.00036428696312762666,27.442411609245358,0.1774193548387097,2.4947646917495776,0.4426195420846025
calf,16,0.0001583437246402,12.62465268685824,4,NN,NN,calf,0,2,4.954196310386875,0.0009133467513048289,9.90839262077375,0.03225806451612903,4.954196310386875,0.1598127842060282
junipertree,16,0.0001583437246402,12.62465268685824,11,JJ,JJ,junipertre,0,1,5.954196310386875,0.0004975928723371949,5.954196310386875,0.016129032258064516,5.954196310386875,0.09603542436107862
giants,16,0.0001583437246402,12.62465268685824,6,NN,NNS,giant,0,3,4.369233809665719,0.0003730935284564726,13.107701428997157,0.04838709677419355,4.369233809665719,0.2114145391773735
cock,16,0.0001583437246402,12.62465268685824,4,NN,NN,cock,0,6,3.3692338096657193,0.0006208026305676379,20.215402857994317,0.0967741935483871,3.3692338096657193,0.3260548848063599
upstairs,16,0.0001583437246402,12.62465268685824,8,NN,NNS,upstair,0,9,2.7842713089445628,0.0006271412585241211,25.058441780501063,0.14516129032258066,2.7842713089445628,0.40416841581453333
dancing,16,0.0001583437246402,12.62465268685824,7,VB,VBG,danc,0,9,2.7842713089445628,0.000657848064030795,25.058441780501063,0.14516129032258066,2.7842713089445628,0.40416841581453333
wants,16,0.0001583437246402,12.62465268685824,5,VB,VBZ,want,0,10,2.6322682154995127,0.00035521083277734546,26.322682154995128,0.16129032258064516,2.6322682154995127,0.4245593895966956
nobody,16,0.0001583437246402,12.62465268685824,6,NN,NN,nobodi,0,12,2.3692338096657193,0.00029179884350239804,28.430805715988633,0.1935483870967742,2.3692338096657193,0.45856138251594564
below,16,0.0001583437246402,12.62465268685824,5,IN,IN,below,1,11,2.494764691749578,0.000508216888629319,27.442411609245358,0.1774193548387097,2.4947646917495776,0.4426195420846025
haste,16,0.0001583437246402,12.62465268685824,5,NN,NN,hast,0,10,2.6322682154995127,0.0003356541429848523,26.322682154995128,0.16129032258064516,2.6322682154995127,0.4245593895966956
beast,15,0.0001484472418502,12.717762091249725,5,NN,NN,beast,0,9,2.7842713089445628,0.00038556967363797276,25.058441780501063,0.14516129032258066,2.7842713089445628,0.40416841581453333
part,15,0.0001484472418502,12.717762091249725,4,NN,NN,part,0,11,2.494764691749578,0.00028107030402897617,27.442411609245358,0.1774193548387097,2.4947646917495776,0.4426195420846025
whatever,15,0.0001484472418502,12.717762091249725,8,WD,WDT,whatev,0,13,2.253756592245783,0.00031689184103494153,29.29883569919518,0.20967741935483872,2.253756592245783,0.47256186611605133
listened,15,0.0001484472418502,12.717762091249725,8,VB,VBD,listen,0,12,2.3692338096657193,0.00035441684621472327,28.430805715988633,0.1935483870967742,2.3692338096657193,0.45856138251594564
around,15,0.0001484472418502,12.717762091249725,6,IN,IN,around,0,8,2.9541963103868754,0.00037138876362512944,23.633570483095003,0.12903225806451613,2.9541963103868754,0.3811866206950807
parson,15,0.0001484472418502,12.717762091249725,6,NN,NN,parson,0,4,3.9541963103868754,0.00046189388489992656,15.816785241547501,0.06451612903225806,3.9541963103868754,0.2551094393797984
river,15,0.0001484472418502,12.717762091249725,5,NN,NN,river,0,5,3.6322682154995127,0.00043022480980127844,18.161341077497564,0.08064516129032258,3.6322682154995127,0.29292485608867036
picked,15,0.0001484472418502,12.717762091249725,6,VB,VBD,pick,0,10,2.6322682154995127,0.0003127022954100308,26.322682154995128,0.16129032258064516,2.6322682154995127,0.4245593895966956
fly,15,0.0001484472418502,12.717762091249725,3,VB,VB,fli,0,12,2.3692338096657193,0.0003910763596547003,28.430805715988633,0.1935483870967742,2.3692338096657193,0.45856138251594564
easy,15,0.0001484472418502,12.717762091249725,4,JJ,JJ,easi,0,10,2.6322682154995127,0.00036711875836673713,26.322682154995128,0.16129032258064516,2.6322682154995127,0.4245593895966956
cage,15,0.0001484472418502,12.717762091249725,4,NN,NN,cage,0,5,3.6322682154995127,0.00041810271186429543,18.161341077497564,0.08064516129032258,3.6322682154995127,0.29292485608867036
handsome,15,0.0001484472418502,12.717762091249725,8,JJ,JJ,handsom,0,12,2.3692338096657193,0.00031538747386883006,28.430805715988633,0.1935483870967742,2.3692338096657193,0.45856138251594564
plenty,15,0.0001484472418502,12.717762091249725,6,NN,NN,plenti,0,11,2.494764691749578,0.0004200119194372896,27.442411609245358,0.1774193548387097,2.4947646917495776,0.4426195420846025
hunger,15,0.0001484472418502,12.717762091249725,6,NN,NN,hunger,0,10,2.6322682154995127,0.0003821990783169986,26.322682154995128,0.16129032258064516,2.6322682154995127,0.4245593895966956
beard,15,0.0001484472418502,12.717762091249725,5,NN,NN,beard,0,3,4.369233809665719,0.00042152705740992175,13.107701428997157,0.04838709677419355,4.369233809665719,0.2114145391773735
move,15,0.0001484472418502,12.717762091249725,4,VB,VB,move,0,10,2.6322682154995127,0.00044026633816040926,26.322682154995128,0.16129032258064516,2.6322682154995127,0.4245593895966956
thrown,15,0.0001484472418502,12.717762091249725,6,VB,VBN,thrown,0,13,2.253756592245783,0.0003050250163984408,29.29883569919518,0.20967741935483872,2.253756592245783,0.47256186611605133
robbers,15,0.0001484472418502,12.717762091249725,7,NN,NNS,robber,0,4,3.9541963103868754,0.0006208262695302356,15.816785241547501,0.06451612903225806,3.9541963103868754,0.2551094393797984
cold,15,0.0001484472418502,12.717762091249725,4,JJ,JJ,cold,0,9,2.7842713089445628,0.0003835186105410013,25.058441780501063,0.14516129032258066,2.7842713089445628,0.40416841581453333
sang,15,0.0001484472418502,12.717762091249725,4,NN,NN,sang,0,7,3.146841388329271,0.00041597208808868654,22.0278897183049,0.11290322580645161,3.146841388329271,0.3552885438436274
servants,15,0.0001484472418502,12.717762091249725,8,NN,NNS,servant,0,7,3.146841388329271,0.0005958069895906158,22.0278897183049,0.11290322580645161,3.146841388329271,0.3552885438436274
need,15,0.0001484472418502,12.717762091249725,4,NN,NN,need,0,11,2.494764691749578,0.0002860123514699856,27.442411609245358,0.1774193548387097,2.4947646917495776,0.4426195420846025
enchantress,15,0.0001484472418502,12.717762091249725,11,NN,NN,enchantress,0,1,5.954196310386875,0.0010194843350432975,5.954196310386875,0.016129032258064516,5.954196310386875,0.09603542436107862
strength,15,0.0001484472418502,12.717762091249725,8,NN,NN,strength,0,9,2.7842713089445628,0.00037747807236727883,25.058441780501063,0.14516129032258066,2.7842713089445628,0.40416841581453333
beer,15,0.0001484472418502,12.717762091249725,4,NN,NN,beer,0,5,3.6322682154995127,0.0006899580209799454,18.161341077497564,0.08064516129032258,3.6322682154995127,0.29292485608867036
draught,15,0.0001484472418502,12.717762091249725,7,NN,NN,draught,0,9,2.7842713089445628,0.0004235516364653923,25.058441780501063,0.14516129032258066,2.7842713089445628,0.40416841581453333
sight,15,0.0001484472418502,12.717762091249725,5,NN,NN,sight,0,14,2.146841388329271,0.0002482196031215942,30.055779436609797,0.22580645161290322,2.146841388329271,0.48477063607435156
warm,15,0.0001484472418502,12.717762091249725,4,JJ,JJ,warm,0,10,2.6322682154995127,0.0003388793939107804,26.322682154995128,0.16129032258064516,2.6322682154995127,0.4245593895966956
save,15,0.0001484472418502,12.717762091249725,4,VB,VB,save,0,12,2.3692338096657193,0.00042404522990044613,28.430805715988633,0.1935483870967742,2.3692338096657193,0.45856138251594564
across,15,0.0001484472418502,12.717762091249725,6,IN,IN,across,0,10,2.6322682154995127,0.00039492690425384805,26.322682154995128,0.16129032258064516,2.6322682154995127,0.4245593895966956
dogs,15,0.0001484472418502,12.717762091249725,4,NN,NNS,dog,0,6,3.3692338096657193,0.0009835998547492902,20.215402857994317,0.0967741935483871,3.3692338096657193,0.3260548848063599
liked,15,0.0001484472418502,12.717762091249725,5,VB,VBD,like,0,13,2.253756592245783,0.0003547066495943619,29.29883569919518,0.20967741935483872,2.253756592245783,0.47256186611605133
perhaps,15,0.0001484472418502,12.717762091249725,7,RB,RB,perhap,0,9,2.7842713089445628,0.00037518005260316946,25.058441780501063,0.14516129032258066,2.7842713089445628,0.40416841581453333
needle,15,0.0001484472418502,12.717762091249725,6,JJ,JJ,needl,0,5,3.6322682154995127,0.0007551192678283734,18.161341077497564,0.08064516129032258,3.6322682154995127,0.29292485608867036
stuck,15,0.0001484472418502,12.717762091249725,5,VB,VBD,stuck,0,9,2.7842713089445628,0.0004842300800752169,25.058441780501063,0.14516129032258066,2.7842713089445628,0.40416841581453333
front,15,0.0001484472418502,12.717762091249725,5,NN,NN,front,0,9,2.7842713089445628,0.00031117846899400575,25.058441780501063,0.14516129032258066,2.7842713089445628,0.40416841581453333
cheese,15,0.0001484472418502,12.717762091249725,6,NN,NN,chees,0,4,3.9541963103868754,0.00042394464690683197,15.816785241547501,0.06451612903225806,3.9541963103868754,0.2551094393797984
slipped,15,0.0001484472418502,12.717762091249725,7,VB,VBD,slip,0,9,2.7842713089445628,0.0004176258285308641,25.058441780501063,0.14516129032258066,2.7842713089445628,0.40416841581453333
stairs,15,0.0001484472418502,12.717762091249725,6,NN,NNS,stair,0,9,2.7842713089445628,0.0004205514829913863,25.058441780501063,0.14516129032258066,2.7842713089445628,0.40416841581453333
clock,15,0.0001484472418502,12.717762091249725,5,NN,NN,clock,0,7,3.146841388329271,0.0003198632235731371,22.0278897183049,0.11290322580645161,3.146841388329271,0.3552885438436274
shoe,15,0.0001484472418502,12.717762091249725,4,NN,NN,shoe,0,2,4.954196310386875,0.0005074263713066233,9.90839262077375,0.03225806451612903,4.954196310386875,0.1598127842060282
trees,15,0.0001484472418502,12.717762091249725,5,NN,NNS,tree,0,10,2.6322682154995127,0.00031176100602371855,26.322682154995128,0.16129032258064516,2.6322682154995127,0.4245593895966956
hill,15,0.0001484472418502,12.717762091249725,4,NN,NN,hill,0,9,2.7842713089445628,0.00036895287855561045,25.058441780501063,0.14516129032258066,2.7842713089445628,0.40416841581453333
listen,15,0.0001484472418502,12.717762091249725,6,VB,VB,listen,0,10,2.6322682154995127,0.0003632589107194276,26.322682154995128,0.16129032258064516,2.6322682154995127,0.4245593895966956
dove,15,0.0001484472418502,12.717762091249725,4,NN,NN,dove,0,4,3.9541963103868754,0.0003936550953495964,15.816785241547501,0.06451612903225806,3.9541963103868754,0.2551094393797984
beneath,14,0.0001385507590602,12.817297764800635,7,IN,IN,beneath,0,12,2.3692338096657193,0.00041210323918363355,28.430805715988633,0.1935483870967742,2.3692338096657193,0.45856138251594564
cup,14,0.0001385507590602,12.817297764800635,3,NN,NN,cup,0,5,3.6322682154995127,0.00041032448216147627,18.161341077497564,0.08064516129032258,3.6322682154995127,0.29292485608867036
roland,14,0.0001385507590602,12.817297764800635,6,NN,NNP,roland,0,1,5.954196310386875,0.0009078298048987852,5.954196310386875,0.016129032258064516,5.954196310386875,0.09603542436107862
hung,14,0.0001385507590602,12.817297764800635,4,VB,VBD,hung,0,11,2.494764691749578,0.0003464086239642491,27.442411609245358,0.1774193548387097,2.4947646917495776,0.4426195420846025
task,14,0.0001385507590602,12.817297764800635,4,NN,NN,task,0,7,3.146841388329271,0.0005028405062461094,22.0278897183049,0.11290322580645161,3.146841388329271,0.3552885438436274
behave,14,0.0001385507590602,12.817297764800635,6,VB,NNP,behav,0,3,4.369233809665719,0.000987553208756271,13.107701428997157,0.04838709677419355,4.369233809665719,0.2114145391773735
step,14,0.0001385507590602,12.817297764800635,4,NN,NN,step,0,10,2.6322682154995127,0.0006038978669861337,26.322682154995128,0.16129032258064516,2.6322682154995127,0.4245593895966956
hole,14,0.0001385507590602,12.817297764800635,4,NN,NN,hole,0,10,2.6322682154995127,0.0003452130263816412,26.322682154995128,0.16129032258064516,2.6322682154995127,0.4245593895966956
late,14,0.0001385507590602,12.817297764800635,4,JJ,JJ,late,0,10,2.6322682154995127,0.0003865021440982733,26.322682154995128,0.16129032258064516,2.6322682154995127,0.4245593895966956
flowers,14,0.0001385507590602,12.817297764800635,7,NN,NNS,flower,0,6,3.3692338096657193,0.00031343240980076026,20.215402857994317,0.0967741935483871,3.3692338096657193,0.3260548848063599
meat,14,0.0001385507590602,12.817297764800635,4,NN,NN,meat,0,9,2.7842713089445628,0.00036772433592537415,25.058441780501063,0.14516129032258066,2.7842713089445628,0.40416841581453333
power,14,0.0001385507590602,12.817297764800635,5,NN,NN,power,0,11,2.494764691749578,0.00029434763453474065,27.442411609245358,0.1774193548387097,2.4947646917495776,0.4426195420846025
skin,14,0.0001385507590602,12.817297764800635,4,NN,NN,skin,0,7,3.146841388329271,0.00047674145208036043,22.0278897183049,0.11290322580645161,3.146841388329271,0.3552885438436274
green,14,0.0001385507590602,12.817297764800635,5,JJ,JJ,green,0,10,2.6322682154995127,0.0003482389465454855,26.322682154995128,0.16129032258064516,2.6322682154995127,0.4245593895966956
sack,14,0.0001385507590602,12.817297764800635,4,NN,NN,sack,0,4,3.9541963103868754,0.0009971196289294602,15.816785241547501,0.06451612903225806,3.9541963103868754,0.2551094393797984
heads,14,0.0001385507590602,12.817297764800635,5,NN,NNS,head,0,7,3.146841388329271,0.00034089623566468935,22.0278897183049,0.11290322580645161,3.146841388329271,0.3552885438436274
catskin,14,0.0001385507590602,12.817297764800635,7,NN,NNP,catskin,0,1,5.954196310386875,0.0006294456652879687,5.954196310386875,0.016129032258064516,5.954196310386875,0.09603542436107862
promised,14,0.0001385507590602,12.817297764800635,8,VB,VBD,promis,0,12,2.3692338096657193,0.00031403298731273846,28.430805715988633,0.1935483870967742,2.3692338096657193,0.45856138251594564
mine,14,0.0001385507590602,12.817297764800635,4,JJ,JJ,mine,0,9,2.7842713089445628,0.00031647027731700417,25.058441780501063,0.14516129032258066,2.7842713089445628,0.40416841581453333
saved,14,0.0001385507590602,12.817297764800635,5,VB,VBN,save,0,10,2.6322682154995127,0.0004716187227906465,26.322682154995128,0.16129032258064516,2.6322682154995127,0.4245593895966956
certainly,14,0.0001385507590602,12.817297764800635,9,RB,RB,certainli,0,11,2.494764691749578,0.00043857867591955336,27.442411609245358,0.1774193548387097,2.4947646917495776,0.4426195420846025
sound,14,0.0001385507590602,12.817297764800635,5,NN,NN,sound,0,11,2.494764691749578,0.00029120435278986534,27.442411609245358,0.1774193548387097,2.4947646917495776,0.4426195420846025
rage,14,0.0001385507590602,12.817297764800635,4,NN,NN,rage,0,9,2.7842713089445628,0.0004162951024450347,25.058441780501063,0.14516129032258066,2.7842713089445628,0.40416841581453333
everyone,14,0.0001385507590602,12.817297764800635,8,NN,NN,everyon,0,13,2.253756592245783,0.00027596294129022283,29.29883569919518,0.20967741935483872,2.253756592245783,0.47256186611605133
bound,14,0.0001385507590602,12.817297764800635,5,VB,VBD,bound,0,12,2.3692338096657193,0.00032676516327715305,28.430805715988633,0.1935483870967742,2.3692338096657193,0.45856138251594564
eating,14,0.0001385507590602,12.817297764800635,6,VB,VBG,eat,0,9,2.7842713089445628,0.00033154292521167186,25.058441780501063,0.14516129032258066,2.7842713089445628,0.40416841581453333
hungry,14,0.0001385507590602,12.817297764800635,6,JJ,JJ,hungri,0,11,2.494764691749578,0.0004088311854796395,27.442411609245358,0.1774193548387097,2.4947646917495776,0.4426195420846025
above,14,0.0001385507590602,12.817297764800635,5,IN,IN,abov,1,13,2.253756592245783,0.00028799502763906913,29.29883569919518,0.20967741935483872,2.253756592245783,0.47256186611605133
search,14,0.0001385507590602,12.817297764800635,6,NN,NN,search,0,8,2.9541963103868754,0.00046451944289548444,23.633570483095003,0.12903225806451613,2.9541963103868754,0.3811866206950807
weep,14,0.0001385507590602,12.817297764800635,4,VB,VB,weep,0,8,2.9541963103868754,0.00043774450034472773,23.633570483095003,0.12903225806451613,2.9541963103868754,0.3811866206950807
sultan,14,0.0001385507590602,12.817297764800635,6,NN,NNP,sultan,0,1,5.954196310386875,0.0015383248753490855,5.954196310386875,0.016129032258064516,5.954196310386875,0.09603542436107862
lucky,14,0.0001385507590602,12.817297764800635,5,JJ,JJ,lucki,0,9,2.7842713089445628,0.0002803027098520119,25.058441780501063,0.14516129032258066,2.7842713089445628,0.40416841581453333
harm,14,0.0001385507590602,12.817297764800635,4,NN,NN,harm,0,11,2.494764691749578,0.00029886949664457616,27.442411609245358,0.1774193548387097,2.4947646917495776,0.4426195420846025
sons,14,0.0001385507590602,12.817297764800635,4,NN,NNS,son,0,8,2.9541963103868754,0.00042348807902229107,23.633570483095003,0.12903225806451613,2.9541963103868754,0.3811866206950807
marleen,14,0.0001385507590602,12.817297764800635,7,NN,NNP,marleen,0,1,5.954196310386875,0.00043539376329504556,5.954196310386875,0.016129032258064516,5.954196310386875,0.09603542436107862
dinner,14,0.0001385507590602,12.817297764800635,6,NN,NN,dinner,0,11,2.494764691749578,0.00038533252640138445,27.442411609245358,0.1774193548387097,2.4947646917495776,0.4426195420846025
paid,14,0.0001385507590602,12.817297764800635,4,VB,VBD,paid,0,11,2.494764691749578,0.00035658067176484894,27.442411609245358,0.1774193548387097,2.4947646917495776,0.4426195420846025
path,14,0.0001385507590602,12.817297764800635,4,NN,NN,path,0,7,3.146841388329271,0.0003777107763328331,22.0278897183049,0.11290322580645161,3.146841388329271,0.3552885438436274
countryman,14,0.0001385507590602,12.817297764800635,10,NN,NN,countryman,0,3,4.369233809665719,0.0006307679185946356,13.107701428997157,0.04838709677419355,4.369233809665719,0.2114145391773735
dragon,14,0.0001385507590602,12.817297764800635,6,NN,NN,dragon,0,2,4.954196310386875,0.0005794310489975513,9.90839262077375,0.03225806451612903,4.954196310386875,0.1598127842060282
year,14,0.0001385507590602,12.817297764800635,4,NN,NN,year,0,7,3.146841388329271,0.0004736170096387181,22.0278897183049,0.11290322580645161,3.146841388329271,0.3552885438436274
pot,14,0.0001385507590602,12.817297764800635,3,NN,NN,pot,0,3,4.369233809665719,0.0009406995029506706,13.107701428997157,0.04838709677419355,4.369233809665719,0.2114145391773735
ale,14,0.0001385507590602,12.817297764800635,3,NN,NN,ale,0,3,4.369233809665719,0.0005365200742059232,13.107701428997157,0.04838709677419355,4.369233809665719,0.2114145391773735
climbed,13,0.0001286542762702,12.92421296871715,7,VB,VBD,climb,0,9,2.7842713089445628,0.0003305390704990907,25.058441780501063,0.14516129032258066,2.7842713089445628,0.40416841581453333
merchant,13,0.0001286542762702,12.92421296871715,8,NN,NN,merchant,0,3,4.369233809665719,0.0003767967458470902,13.107701428997157,0.04838709677419355,4.369233809665719,0.2114145391773735
branches,13,0.0001286542762702,12.92421296871715,8,NN,NNS,branch,0,9,2.7842713089445628,0.0004521249617543146,25.058441780501063,0.14516129032258066,2.7842713089445628,0.40416841581453333
six,13,0.0001286542762702,12.92421296871715,3,CD,CD,six,0,8,2.9541963103868754,0.0003570730211835752,23.633570483095003,0.12903225806451613,2.9541963103868754,0.3811866206950807
thirsty,13,0.0001286542762702,12.92421296871715,7,JJ,JJ,thirsti,0,8,2.9541963103868754,0.0003844535014219565,23.633570483095003,0.12903225806451613,2.9541963103868754,0.3811866206950807
dirty,13,0.0001286542762702,12.92421296871715,5,NN,NN,dirti,0,7,3.146841388329271,0.00029937905188790853,22.0278897183049,0.11290322580645161,3.146841388329271,0.3552885438436274
lives,13,0.0001286542762702,12.92421296871715,5,NN,NNS,live,0,12,2.3692338096657193,0.0003464584803980664,28.430805715988633,0.1935483870967742,2.3692338096657193,0.45856138251594564
willingly,13,0.0001286542762702,12.92421296871715,9,RB,RB,willingli,0,10,2.6322682154995127,0.0003511512588215559,26.322682154995128,0.16129032258064516,2.6322682154995127,0.4245593895966956
pushed,13,0.0001286542762702,12.92421296871715,6,VB,VBD,push,0,10,2.6322682154995127,0.00025879333930023635,26.322682154995128,0.16129032258064516,2.6322682154995127,0.4245593895966956
fair,13,0.0001286542762702,12.92421296871715,4,NN,NN,fair,0,8,2.9541963103868754,0.00031328459309425035,23.633570483095003,0.12903225806451613,2.9541963103868754,0.3811866206950807
seek,13,0.0001286542762702,12.92421296871715,4,VB,VB,seek,0,9,2.7842713089445628,0.0003192801694217553,25.058441780501063,0.14516129032258066,2.7842713089445628,0.40416841581453333
few,13,0.0001286542762702,12.92421296871715,3,JJ,JJ,few,1,9,2.7842713089445628,0.00046496936285081274,25.058441780501063,0.14516129032258066,2.7842713089445628,0.40416841581453333
bones,13,0.0001286542762702,12.92421296871715,5,NN,NNS,bone,0,3,4.369233809665719,0.0003427144569933886,13.107701428997157,0.04838709677419355,4.369233809665719,0.2114145391773735
pearls,13,0.0001286542762702,12.92421296871715,6,NN,NN,pearl,0,6,3.3692338096657193,0.0005093526110390617,20.215402857994317,0.0967741935483871,3.3692338096657193,0.3260548848063599
sorrowful,13,0.0001286542762702,12.92421296871715,9,JJ,JJ,sorrow,0,10,2.6322682154995127,0.00035168666491425244,26.322682154995128,0.16129032258064516,2.6322682154995127,0.4245593895966956
cake,13,0.0001286542762702,12.92421296871715,4,NN,NN,cake,0,2,4.954196310386875,0.0005726247831348563,9.90839262077375,0.03225806451612903,4.954196310386875,0.1598127842060282
obliged,13,0.0001286542762702,12.92421296871715,7,VB,VBN,oblig,0,11,2.494764691749578,0.0002959056228320224,27.442411609245358,0.1774193548387097,2.4947646917495776,0.4426195420846025
burning,13,0.0001286542762702,12.92421296871715,7,VB,VBG,burn,0,11,2.494764691749578,0.0003619761798547971,27.442411609245358,0.1774193548387097,2.4947646917495776,0.4426195420846025
between,13,0.0001286542762702,12.92421296871715,7,IN,IN,between,1,11,2.494764691749578,0.0002629608064947087,27.442411609245358,0.1774193548387097,2.4947646917495776,0.4426195420846025
broken,13,0.0001286542762702,12.92421296871715,6,VB,VBN,broken,0,12,2.3692338096657193,0.00035867607647472135,28.430805715988633,0.1935483870967742,2.3692338096657193,0.45856138251594564
thousand,13,0.0001286542762702,12.92421296871715,8,JJ,JJ,thousand,0,8,2.9541963103868754,0.0003449276332092407,23.633570483095003,0.12903225806451613,2.9541963103868754,0.3811866206950807
thereupon,13,0.0001286542762702,12.92421296871715,9,IN,IN,thereupon,0,9,2.7842713089445628,0.00033277219454644195,25.058441780501063,0.14516129032258066,2.7842713089445628,0.40416841581453333
shake,13,0.0001286542762702,12.92421296871715,5,VB,VB,shake,0,3,4.369233809665719,0.0003494735836244991,13.107701428997157,0.04838709677419355,4.369233809665719,0.2114145391773735
sad,13,0.0001286542762702,12.92421296871715,3,JJ,JJ,sad,0,11,2.494764691749578,0.0003690442760106585,27.442411609245358,0.1774193548387097,2.4947646917495776,0.4426195420846025
curdken,13,0.0001286542762702,12.92421296871715,7,NN,NNP,curdken,0,1,5.954196310386875,0.0005551180598906279,5.954196310386875,0.016129032258064516,5.954196310386875,0.09603542436107862
counsel,13,0.0001286542762702,12.92421296871715,7,NN,NN,counsel,0,6,3.3692338096657193,0.0003264703102186013,20.215402857994317,0.0967741935483871,3.3692338096657193,0.3260548848063599
steps,13,0.0001286542762702,12.92421296871715,5,NN,NNS,step,0,8,2.9541963103868754,0.0003096516930387119,23.633570483095003,0.12903225806451613,2.9541963103868754,0.3811866206950807
shook,13,0.0001286542762702,12.92421296871715,5,VB,VBD,shook,0,12,2.3692338096657193,0.000276005274965118,28.430805715988633,0.1935483870967742,2.3692338096657193,0.45856138251594564
tears,13,0.0001286542762702,12.92421296871715,5,NN,NNS,tear,0,10,2.6322682154995127,0.0004084063743149786,26.322682154995128,0.16129032258064516,2.6322682154995127,0.4245593895966956
empty,13,0.0001286542762702,12.92421296871715,5,JJ,JJ,empti,0,11,2.494764691749578,0.00030278541343987475,27.442411609245358,0.1774193548387097,2.4947646917495776,0.4426195420846025
play,13,0.0001286542762702,12.92421296871715,4,VB,VB,play,0,8,2.9541963103868754,0.00035363820437991553,23.633570483095003,0.12903225806451613,2.9541963103868754,0.3811866206950807
break,13,0.0001286542762702,12.92421296871715,5,VB,VB,break,0,10,2.6322682154995127,0.00025644358203119133,26.322682154995128,0.16129032258064516,2.6322682154995127,0.4245593895966956
gathered,13,0.0001286542762702,12.92421296871715,8,VB,VBD,gather,0,10,2.6322682154995127,0.0002984967998896011,26.322682154995128,0.16129032258064516,2.6322682154995127,0.4245593895966956
carriage,13,0.0001286542762702,12.92421296871715,8,NN,NN,carriag,0,3,4.369233809665719,0.000568327900173328,13.107701428997157,0.04838709677419355,4.369233809665719,0.2114145391773735
whither,13,0.0001286542762702,12.92421296871715,7,NN,NNP,whither,0,5,3.6322682154995127,0.0005585686963598488,18.161341077497564,0.08064516129032258,3.6322682154995127,0.29292485608867036
immediately,13,0.0001286542762702,12.92421296871715,11,RB,RB,immedi,0,10,2.6322682154995127,0.0003624454048464455,26.322682154995128,0.16129032258064516,2.6322682154995127,0.4245593895966956
blue,13,0.0001286542762702,12.92421296871715,4,NN,NN,blue,0,3,4.369233809665719,0.0005031312680307004,13.107701428997157,0.04838709677419355,4.369233809665719,0.2114145391773735
hat,13,0.0001286542762702,12.92421296871715,3,NN,NN,hat,0,5,3.6322682154995127,0.0003124947856967168,18.161341077497564,0.08064516129032258,3.6322682154995127,0.29292485608867036
changed,12,0.0001187577934801,13.039690186137085,7,VB,VBN,chang,0,7,3.146841388329271,0.0003765422230522778,22.0278897183049,0.11290322580645161,3.146841388329271,0.3552885438436274
beside,12,0.0001187577934801,13.039690186137085,6,IN,IN,besid,0,11,2.494764691749578,0.0003066700683745732,27.442411609245358,0.1774193548387097,2.4947646917495776,0.4426195420846025
body,12,0.0001187577934801,13.039690186137085,4,NN,NN,bodi,0,11,2.494764691749578,0.0003012939501144242,27.442411609245358,0.1774193548387097,2.4947646917495776,0.4426195420846025
thieves,12,0.0001187577934801,13.039690186137085,7,NN,NNS,thiev,0,3,4.369233809665719,0.0004398679946634309,13.107701428997157,0.04838709677419355,4.369233809665719,0.2114145391773735
won,12,0.0001187577934801,13.039690186137085,3,VB,VBD,won,1,11,2.494764691749578,0.00038995502704035356,27.442411609245358,0.1774193548387097,2.4947646917495776,0.4426195420846025
quietly,12,0.0001187577934801,13.039690186137085,7,RB,RB,quietli,0,10,2.6322682154995127,0.0003619298266890147,26.322682154995128,0.16129032258064516,2.6322682154995127,0.4245593895966956
mountains,12,0.0001187577934801,13.039690186137085,9,NN,NNS,mountain,0,4,3.9541963103868754,0.0003358616452684861,15.816785241547501,0.06451612903225806,3.9541963103868754,0.2551094393797984
knowing,12,0.0001187577934801,13.039690186137085,7,VB,VBG,know,0,10,2.6322682154995127,0.0002821050745176486,26.322682154995128,0.16129032258064516,2.6322682154995127,0.4245593895966956
ilsabill,12,0.0001187577934801,13.039690186137085,8,NN,NNP,ilsabil,0,1,5.954196310386875,0.0005423176905096206,5.954196310386875,0.016129032258064516,5.954196310386875,0.09603542436107862
softly,12,0.0001187577934801,13.039690186137085,6,RB,RB,softli,0,7,3.146841388329271,0.00023272267988339254,22.0278897183049,0.11290322580645161,3.146841388329271,0.3552885438436274
arms,12,0.0001187577934801,13.039690186137085,4,NN,NNS,arm,0,8,2.9541963103868754,0.00032512469201954577,23.633570483095003,0.12903225806451613,2.9541963103868754,0.3811866206950807
silly,12,0.0001187577934801,13.039690186137085,5,JJ,JJ,silli,0,11,2.494764691749578,0.00026152041461476505,27.442411609245358,0.1774193548387097,2.4947646917495776,0.4426195420846025
swallowed,12,0.0001187577934801,13.039690186137085,9,VB,VBD,swallow,0,8,2.9541963103868754,0.00042469114810154783,23.633570483095003,0.12903225806451613,2.9541963103868754,0.3811866206950807
lina,12,0.0001187577934801,13.039690186137085,4,NN,NNP,lina,0,1,5.954196310386875,0.001227289768192698,5.954196310386875,0.016129032258064516,5.954196310386875,0.09603542436107862
dressed,12,0.0001187577934801,13.039690186137085,7,VB,VBD,dress,0,9,2.7842713089445628,0.00031143319911428627,25.058441780501063,0.14516129032258066,2.7842713089445628,0.40416841581453333
fundevogel,12,0.0001187577934801,13.039690186137085,10,NN,NNP,fundevogel,0,1,5.954196310386875,0.001227289768192698,5.954196310386875,0.016129032258064516,5.954196310386875,0.09603542436107862
happily,12,0.0001187577934801,13.039690186137085,7,RB,RB,happili,0,11,2.494764691749578,0.00026227651219662423,27.442411609245358,0.1774193548387097,2.4947646917495776,0.4426195420846025
deal,12,0.0001187577934801,13.039690186137085,4,NN,NN,deal,0,8,2.9541963103868754,0.0003059265489797977,23.633570483095003,0.12903225806451613,2.9541963103868754,0.3811866206950807
meadow,12,0.0001187577934801,13.039690186137085,6,NN,NN,meadow,0,6,3.3692338096657193,0.0003302014671711735,20.215402857994317,0.0967741935483871,3.3692338096657193,0.3260548848063599
pillow,12,0.0001187577934801,13.039690186137085,6,NN,NN,pillow,0,6,3.3692338096657193,0.0003387126899522505,20.215402857994317,0.0967741935483871,3.3692338096657193,0.3260548848063599
satisfied,12,0.0001187577934801,13.039690186137085,9,VB,VBN,satisfi,0,12,2.3692338096657193,0.00035768823104179734,28.430805715988633,0.1935483870967742,2.3692338096657193,0.45856138251594564
presently,12,0.0001187577934801,13.039690186137085,9,RB,RB,present,0,10,2.6322682154995127,0.0005195649075032068,26.322682154995128,0.16129032258064516,2.6322682154995127,0.4245593895966956
beg,12,0.0001187577934801,13.039690186137085,3,VB,VB,beg,0,5,3.6322682154995127,0.0005153137891247944,18.161341077497564,0.08064516129032258,3.6322682154995127,0.29292485608867036
cask,12,0.0001187577934801,13.039690186137085,4,NN,NN,cask,0,4,3.9541963103868754,0.000492194192634201,15.816785241547501,0.06451612903225806,3.9541963103868754,0.2551094393797984
ears,12,0.0001187577934801,13.039690186137085,4,NN,NNS,ear,0,8,2.9541963103868754,0.0004873651132519119,23.633570483095003,0.12903225806451613,2.9541963103868754,0.3811866206950807
stream,12,0.0001187577934801,13.039690186137085,6,NN,NN,stream,0,7,3.146841388329271,0.00040952020887142365,22.0278897183049,0.11290322580645161,3.146841388329271,0.3552885438436274
hurt,12,0.0001187577934801,13.039690186137085,4,VB,VB,hurt,0,9,2.7842713089445628,0.00032185468368165117,25.058441780501063,0.14516129032258066,2.7842713089445628,0.40416841581453333
sword,12,0.0001187577934801,13.039690186137085,5,NN,NN,sword,0,6,3.3692338096657193,0.00029046545430442443,20.215402857994317,0.0967741935483871,3.3692338096657193,0.3260548848063599
church,12,0.0001187577934801,13.039690186137085,6,NN,NN,church,0,6,3.3692338096657193,0.0005316412552055704,20.215402857994317,0.0967741935483871,3.3692338096657193,0.3260548848063599
whilst,12,0.0001187577934801,13.039690186137085,6,IN,IN,whilst,0,9,2.7842713089445628,0.0003076630604816864,25.058441780501063,0.14516129032258066,2.7842713089445628,0.40416841581453333
knows,12,0.0001187577934801,13.039690186137085,5,VB,VBZ,know,0,8,2.9541963103868754,0.0005631261775687038,23.633570483095003,0.12903225806451613,2.9541963103868754,0.3811866206950807
soup,12,0.0001187577934801,13.039690186137085,4,NN,NN,soup,0,1,5.954196310386875,0.0005395248559611159,5.954196310386875,0.016129032258064516,5.954196310386875,0.09603542436107862
lips,12,0.0001187577934801,13.039690186137085,4,NN,NNS,lip,0,7,3.146841388329271,0.00047790923380859797,22.0278897183049,0.11290322580645161,3.146841388329271,0.3552885438436274
betrothed,12,0.0001187577934801,13.039690186137085,9,VB,VBD,betroth,0,4,3.9541963103868754,0.0005158405549533703,15.816785241547501,0.06451612903225806,3.9541963103868754,0.2551094393797984
returned,12,0.0001187577934801,13.039690186137085,8,VB,VBD,return,0,10,2.6322682154995127,0.0003266246835170334,26.322682154995128,0.16129032258064516,2.6322682154995127,0.4245593895966956
evil,12,0.0001187577934801,13.039690186137085,4,JJ,JJ,evil,0,6,3.3692338096657193,0.00029469808313741116,20.215402857994317,0.0967741935483871,3.3692338096657193,0.3260548848063599
stayed,12,0.0001187577934801,13.039690186137085,6,VB,VBD,stay,0,11,2.494764691749578,0.000356804755436707,27.442411609245358,0.1774193548387097,2.4947646917495776,0.4426195420846025
judge,12,0.0001187577934801,13.039690186137085,5,NN,NN,judg,0,3,4.369233809665719,0.0006271952816973497,13.107701428997157,0.04838709677419355,4.369233809665719,0.2114145391773735
fortune,12,0.0001187577934801,13.039690186137085,7,NN,NN,fortun,0,9,2.7842713089445628,0.00040100087067171104,25.058441780501063,0.14516129032258066,2.7842713089445628,0.40416841581453333
hills,12,0.0001187577934801,13.039690186137085,5,NN,NNS,hill,0,3,4.369233809665719,0.000357822851756216,13.107701428997157,0.04838709677419355,4.369233809665719,0.2114145391773735
advice,12,0.0001187577934801,13.039690186137085,6,NN,NN,advic,0,8,2.9541963103868754,0.00040968016593246557,23.633570483095003,0.12903225806451613,2.9541963103868754,0.3811866206950807
geese,12,0.0001187577934801,13.039690186137085,5,JJ,JJ,gees,0,2,4.954196310386875,0.00042442952506886,9.90839262077375,0.03225806451612903,4.954196310386875,0.1598127842060282
says,12,0.0001187577934801,13.039690186137085,4,VB,VBZ,say,0,6,3.3692338096657193,0.0004546958799449959,20.215402857994317,0.0967741935483871,3.3692338096657193,0.3260548848063599
sell,12,0.0001187577934801,13.039690186137085,4,VB,VB,sell,0,7,3.146841388329271,0.0002927915655582777,22.0278897183049,0.11290322580645161,3.146841388329271,0.3552885438436274
played,12,0.0001187577934801,13.039690186137085,6,VB,VBD,play,0,9,2.7842713089445628,0.0002880424585146469,25.058441780501063,0.14516129032258066,2.7842713089445628,0.40416841581453333
city,11,0.0001088613106901,13.165221068220944,4,NN,NN,citi,0,6,3.3692338096657193,0.00036557621220744167,20.215402857994317,0.0967741935483871,3.3692338096657193,0.3260548848063599
false,11,0.0001088613106901,13.165221068220944,5,JJ,JJ,fals,0,7,3.146841388329271,0.0003540386290728334,22.0278897183049,0.11290322580645161,3.146841388329271,0.3552885438436274
fetched,11,0.0001088613106901,13.165221068220944,7,VB,VBD,fetch,0,8,2.9541963103868754,0.0003412953689748246,23.633570483095003,0.12903225806451613,2.9541963103868754,0.3811866206950807
follow,11,0.0001088613106901,13.165221068220944,6,VB,VB,follow,0,9,2.7842713089445628,0.0002623196857920008,25.058441780501063,0.14516129032258066,2.7842713089445628,0.40416841581453333
buy,11,0.0001088613106901,13.165221068220944,3,VB,VB,buy,0,8,2.9541963103868754,0.00028601213491553576,23.633570483095003,0.12903225806451613,2.9541963103868754,0.3811866206950807
barrel,11,0.0001088613106901,13.165221068220944,6,NN,NN,barrel,0,3,4.369233809665719,0.0004207603926547374,13.107701428997157,0.04838709677419355,4.369233809665719,0.2114145391773735
stomach,11,0.0001088613106901,13.165221068220944,7,NN,NN,stomach,0,5,3.6322682154995127,0.00043014260566731757,18.161341077497564,0.08064516129032258,3.6322682154995127,0.29292485608867036
uneasy,11,0.0001088613106901,13.165221068220944,6,JJ,JJ,uneasi,0,10,2.6322682154995127,0.00035432712079294963,26.322682154995128,0.16129032258064516,2.6322682154995127,0.4245593895966956
sorry,11,0.0001088613106901,13.165221068220944,5,JJ,JJ,sorri,0,11,2.494764691749578,0.000370097433232635,27.442411609245358,0.1774193548387097,2.4947646917495776,0.4426195420846025
shoulders,11,0.0001088613106901,13.165221068220944,9,NN,NNS,shoulder,0,8,2.9541963103868754,0.0003002100275348299,23.633570483095003,0.12903225806451613,2.9541963103868754,0.3811866206950807
earn,11,0.0001088613106901,13.165221068220944,4,VB,VB,earn,0,8,2.9541963103868754,0.0003127276619610201,23.633570483095003,0.12903225806451613,2.9541963103868754,0.3811866206950807
hidden,11,0.0001088613106901,13.165221068220944,6,VB,VBN,hidden,0,10,2.6322682154995127,0.0003371847586372933,26.322682154995128,0.16129032258064516,2.6322682154995127,0.4245593895966956
stars,11,0.0001088613106901,13.165221068220944,5,NN,NNS,star,0,6,3.3692338096657193,0.0003877425468248704,20.215402857994317,0.0967741935483871,3.3692338096657193,0.3260548848063599
sausage,11,0.0001088613106901,13.165221068220944,7,NN,NN,sausag,0,1,5.954196310386875,0.0014984250609529999,5.954196310386875,0.016129032258064516,5.954196310386875,0.09603542436107862
used,11,0.0001088613106901,13.165221068220944,4,VB,VBD,use,0,10,2.6322682154995127,0.000498489935033815,26.322682154995128,0.16129032258064516,2.6322682154995127,0.4245593895966956
wall,11,0.0001088613106901,13.165221068220944,4,NN,NN,wall,0,7,3.146841388329271,0.000362125630561429,22.0278897183049,0.11290322580645161,3.146841388329271,0.3552885438436274
bought,11,0.0001088613106901,13.165221068220944,6,VB,VBD,bought,0,8,2.9541963103868754,0.00039172169675077756,23.633570483095003,0.12903225806451613,2.9541963103868754,0.3811866206950807
plate,11,0.0001088613106901,13.165221068220944,5,NN,NN,plate,0,6,3.3692338096657193,0.0003875038240876202,20.215402857994317,0.0967741935483871,3.3692338096657193,0.3260548848063599
d,11,0.0001088613106901,13.165221068220944,1,NN,NN,d,1,3,4.369233809665719,0.00036876854898262927,13.107701428997157,0.04838709677419355,4.369233809665719,0.2114145391773735
itself,11,0.0001088613106901,13.165221068220944,6,PR,PRP,itself,1,8,2.9541963103868754,0.0003026040912045912,23.633570483095003,0.12903225806451613,2.9541963103868754,0.3811866206950807
dry,11,0.0001088613106901,13.165221068220944,3,JJ,JJ,dri,0,5,3.6322682154995127,0.0003168978266280462,18.161341077497564,0.08064516129032258,3.6322682154995127,0.29292485608867036
desire,11,0.0001088613106901,13.165221068220944,6,VB,NN,desir,0,6,3.3692338096657193,0.0002750824427953806,20.215402857994317,0.0967741935483871,3.3692338096657193,0.3260548848063599
axe,11,0.0001088613106901,13.165221068220944,3,NN,NN,axe,0,7,3.146841388329271,0.0002276546246803753,22.0278897183049,0.11290322580645161,3.146841388329271,0.3552885438436274
hardly,11,0.0001088613106901,13.165221068220944,6,RB,RB,hardli,0,10,2.6322682154995127,0.00040802638994810535,26.322682154995128,0.16129032258064516,2.6322682154995127,0.4245593895966956
dream,11,0.0001088613106901,13.165221068220944,5,NN,NN,dream,0,5,3.6322682154995127,0.0003995763394730537,18.161341077497564,0.08064516129032258,3.6322682154995127,0.29292485608867036
wonderful,11,0.0001088613106901,13.165221068220944,9,JJ,JJ,wonder,0,8,2.9541963103868754,0.00027943237793790523,23.633570483095003,0.12903225806451613,2.9541963103868754,0.3811866206950807
shore,11,0.0001088613106901,13.165221068220944,5,NN,NN,shore,0,7,3.146841388329271,0.00036708411140650874,22.0278897183049,0.11290322580645161,3.146841388329271,0.3552885438436274
mrs,11,0.0001088613106901,13.165221068220944,3,NN,NNP,mr,0,2,4.954196310386875,0.002269099609282257,9.90839262077375,0.03225806451612903,4.954196310386875,0.1598127842060282
entered,11,0.0001088613106901,13.165221068220944,7,VB,VBD,enter,0,9,2.7842713089445628,0.00031001612442615464,25.058441780501063,0.14516129032258066,2.7842713089445628,0.40416841581453333
hid,11,0.0001088613106901,13.165221068220944,3,VB,NN,hid,0,9,2.7842713089445628,0.00034926721279400334,25.058441780501063,0.14516129032258066,2.7842713089445628,0.40416841581453333
manikin,11,0.0001088613106901,13.165221068220944,7,NN,NN,manikin,0,2,4.954196310386875,0.0005264738940573178,9.90839262077375,0.03225806451612903,4.954196310386875,0.1598127842060282
mill,11,0.0001088613106901,13.165221068220944,4,NN,NN,mill,0,6,3.3692338096657193,0.0002704190576290636,20.215402857994317,0.0967741935483871,3.3692338096657193,0.3260548848063599
floor,11,0.0001088613106901,13.165221068220944,5,NN,NN,floor,0,9,2.7842713089445628,0.0003158974715350202,25.058441780501063,0.14516129032258066,2.7842713089445628,0.40416841581453333
taking,11,0.0001088613106901,13.165221068220944,6,VB,VBG,take,0,9,2.7842713089445628,0.0002514380584744657,25.058441780501063,0.14516129032258066,2.7842713089445628,0.40416841581453333
daughters,11,0.0001088613106901,13.165221068220944,9,NN,NNS,daughter,0,7,3.146841388329271,0.00030753090784751844,22.0278897183049,0.11290322580645161,3.146841388329271,0.3552885438436274
cry,11,0.0001088613106901,13.165221068220944,3,VB,VB,cri,0,10,2.6322682154995127,0.0003933707981446417,26.322682154995128,0.16129032258064516,2.6322682154995127,0.4245593895966956
rope,11,0.0001088613106901,13.165221068220944,4,NN,NN,rope,0,5,3.6322682154995127,0.0004889431274375118,18.161341077497564,0.08064516129032258,3.6322682154995127,0.29292485608867036
nuts,11,0.0001088613106901,13.165221068220944,4,NN,NNS,nut,0,3,4.369233809665719,0.0003952680815839132,13.107701428997157,0.04838709677419355,4.369233809665719,0.2114145391773735
sheep,11,0.0001088613106901,13.165221068220944,5,NN,NN,sheep,0,7,3.146841388329271,0.000387676641827991,22.0278897183049,0.11290322580645161,3.146841388329271,0.3552885438436274
field,11,0.0001088613106901,13.165221068220944,5,NN,NN,field,0,7,3.146841388329271,0.0003509899765281437,22.0278897183049,0.11290322580645161,3.146841388329271,0.3552885438436274
bow,11,0.0001088613106901,13.165221068220944,3,NN,NN,bow,0,5,3.6322682154995127,0.00045009186805994864,18.161341077497564,0.08064516129032258,3.6322682154995127,0.29292485608867036
fields,11,0.0001088613106901,13.165221068220944,6,NN,NNS,field,0,9,2.7842713089445628,0.0003421325614122105,25.058441780501063,0.14516129032258066,2.7842713089445628,0.40416841581453333
business,11,0.0001088613106901,13.165221068220944,8,NN,NN,busi,0,10,2.6322682154995127,0.000198243030714735,26.322682154995128,0.16129032258064516,2.6322682154995127,0.4245593895966956
reward,11,0.0001088613106901,13.165221068220944,6,NN,NN,reward,0,10,2.6322682154995127,0.0002718216865359997,26.322682154995128,0.16129032258064516,2.6322682154995127,0.4245593895966956
mayor,11,0.0001088613106901,13.165221068220944,5,NN,NN,mayor,0,1,5.954196310386875,0.0005078796480633966,5.954196310386875,0.016129032258064516,5.954196310386875,0.09603542436107862
feathers,11,0.0001088613106901,13.165221068220944,8,NN,NNS,feather,0,8,2.9541963103868754,0.00029179032148212916,23.633570483095003,0.12903225806451613,2.9541963103868754,0.3811866206950807
forgot,11,0.0001088613106901,13.165221068220944,6,VB,VBD,forgot,0,9,2.7842713089445628,0.00024178233126629132,25.058441780501063,0.14516129032258066,2.7842713089445628,0.40416841581453333
form,11,0.0001088613106901,13.165221068220944,4,NN,NN,form,0,7,3.146841388329271,0.00031885179673817813,22.0278897183049,0.11290322580645161,3.146841388329271,0.3552885438436274
emperor,11,0.0001088613106901,13.165221068220944,7,NN,NN,emperor,0,1,5.954196310386875,0.0004971245496338188,5.954196310386875,0.016129032258064516,5.954196310386875,0.09603542436107862
shone,11,0.0001088613106901,13.165221068220944,5,NN,NN,shone,0,7,3.146841388329271,0.0002445337062310798,22.0278897183049,0.11290322580645161,3.146841388329271,0.3552885438436274
received,10,9.896482790016427e-05,13.30272459197088,8,VB,VBN,receiv,0,9,2.7842713089445628,0.00026100228764023133,25.058441780501063,0.14516129032258066,2.7842713089445628,0.40416841581453333
fond,10,9.896482790016427e-05,13.30272459197088,4,NN,NN,fond,0,10,2.6322682154995127,0.00021921191039836525,26.322682154995128,0.16129032258064516,2.6322682154995127,0.4245593895966956
dearest,10,9.896482790016427e-05,13.30272459197088,7,JJ,JJS,dearest,0,6,3.3692338096657193,0.0003267925629445217,20.215402857994317,0.0967741935483871,3.3692338096657193,0.3260548848063599
wings,10,9.896482790016427e-05,13.30272459197088,5,NN,NNS,wing,0,8,2.9541963103868754,0.00028858916317471014,23.633570483095003,0.12903225806451613,2.9541963103868754,0.3811866206950807
forward,10,9.896482790016427e-05,13.30272459197088,7,RB,RB,forward,0,10,2.6322682154995127,0.0002741600402069675,26.322682154995128,0.16129032258064516,2.6322682154995127,0.4245593895966956
willing,10,9.896482790016427e-05,13.30272459197088,7,JJ,JJ,will,0,9,2.7842713089445628,0.0002702808414730519,25.058441780501063,0.14516129032258066,2.7842713089445628,0.40416841581453333
meal,10,9.896482790016427e-05,13.30272459197088,4,NN,NN,meal,0,6,3.3692338096657193,0.000433067084700215,20.215402857994317,0.0967741935483871,3.3692338096657193,0.3260548848063599
chain,10,9.896482790016427e-05,13.30272459197088,5,NN,NN,chain,0,2,4.954196310386875,0.00026514714361328904,9.90839262077375,0.03225806451612903,4.954196310386875,0.1598127842060282
lies,10,9.896482790016427e-05,13.30272459197088,4,VB,VBZ,lie,0,6,3.3692338096657193,0.00034368629098715625,20.215402857994317,0.0967741935483871,3.3692338096657193,0.3260548848063599
waiting,10,9.896482790016427e-05,13.30272459197088,7,VB,VBG,wait,0,10,2.6322682154995127,0.0002097419677971028,26.322682154995128,0.16129032258064516,2.6322682154995127,0.4245593895966956
covered,10,9.896482790016427e-05,13.30272459197088,7,VB,VBN,cover,0,7,3.146841388329271,0.00029492477030442383,22.0278897183049,0.11290322580645161,3.146841388329271,0.3552885438436274
apron,10,9.896482790016427e-05,13.30272459197088,5,NN,NN,apron,0,5,3.6322682154995127,0.0003091076650075865,18.161341077497564,0.08064516129032258,3.6322682154995127,0.29292485608867036
yellow,10,9.896482790016427e-05,13.30272459197088,6,JJ,JJ,yellow,0,3,4.369233809665719,0.00038604712760364026,13.107701428997157,0.04838709677419355,4.369233809665719,0.2114145391773735
talk,10,9.896482790016427e-05,13.30272459197088,4,VB,VB,talk,0,7,3.146841388329271,0.00030424927757650793,22.0278897183049,0.11290322580645161,3.146841388329271,0.3552885438436274
new,10,9.896482790016427e-05,13.30272459197088,3,JJ,JJ,new,0,10,2.6322682154995127,0.00033409060135988517,26.322682154995128,0.16129032258064516,2.6322682154995127,0.4245593895966956
jorinda,10,9.896482790016427e-05,13.30272459197088,7,NN,NNP,jorinda,0,1,5.954196310386875,0.0008438965233838193,5.954196310386875,0.016129032258064516,5.954196310386875,0.09603542436107862
travelling,10,9.896482790016427e-05,13.30272459197088,10,VB,VBG,travel,0,10,2.6322682154995127,0.0002950433252822844,26.322682154995128,0.16129032258064516,2.6322682154995127,0.4245593895966956
tore,10,9.896482790016427e-05,13.30272459197088,4,VB,VBP,tore,0,8,2.9541963103868754,0.00025808771067604774,23.633570483095003,0.12903225806451613,2.9541963103868754,0.3811866206950807
underneath,10,9.896482790016427e-05,13.30272459197088,10,IN,IN,underneath,0,3,4.369233809665719,0.00024747741420824075,13.107701428997157,0.04838709677419355,4.369233809665719,0.2114145391773735
sought,10,9.896482790016427e-05,13.30272459197088,6,VB,VBD,sought,0,10,2.6322682154995127,0.00026044788605546914,26.322682154995128,0.16129032258064516,2.6322682154995127,0.4245593895966956
fingers,10,9.896482790016427e-05,13.30272459197088,7,NN,NNS,finger,0,9,2.7842713089445628,0.0003222864893784442,25.058441780501063,0.14516129032258066,2.7842713089445628,0.40416841581453333
leg,10,9.896482790016427e-05,13.30272459197088,3,NN,NN,leg,0,7,3.146841388329271,0.00032493556144048356,22.0278897183049,0.11290322580645161,3.146841388329271,0.3552885438436274
butter,10,9.896482790016427e-05,13.30272459197088,6,NN,NN,butter,0,4,3.9541963103868754,0.0004932052396758443,15.816785241547501,0.06451612903225806,3.9541963103868754,0.2551094393797984
rate,10,9.896482790016427e-05,13.30272459197088,4,NN,NN,rate,0,9,2.7842713089445628,0.00024516934233491497,25.058441780501063,0.14516129032258066,2.7842713089445628,0.40416841581453333
woodman,10,9.896482790016427e-05,13.30272459197088,7,NN,NN,woodman,0,1,5.954196310386875,0.00037794342526988837,5.954196310386875,0.016129032258064516,5.954196310386875,0.09603542436107862
princes,10,9.896482790016427e-05,13.30272459197088,7,NN,NNS,princ,0,5,3.6322682154995127,0.0003510971291643953,18.161341077497564,0.08064516129032258,3.6322682154995127,0.29292485608867036
easily,10,9.896482790016427e-05,13.30272459197088,6,RB,RB,easili,0,8,2.9541963103868754,0.00021420486293061635,23.633570483095003,0.12903225806451613,2.9541963103868754,0.3811866206950807
jorindel,10,9.896482790016427e-05,13.30272459197088,8,NN,NNP,jorindel,0,1,5.954196310386875,0.0008438965233838193,5.954196310386875,0.016129032258064516,5.954196310386875,0.09603542436107862
steak,10,9.896482790016427e-05,13.30272459197088,5,NN,NN,steak,0,2,4.954196310386875,0.00045201981635571324,9.90839262077375,0.03225806451612903,4.954196310386875,0.1598127842060282
fur,10,9.896482790016427e-05,13.30272459197088,3,NN,NN,fur,0,3,4.369233809665719,0.0003594202690654129,13.107701428997157,0.04838709677419355,4.369233809665719,0.2114145391773735
talers,10,9.896482790016427e-05,13.30272459197088,6,NN,NNS,taler,0,3,4.369233809665719,0.0003186387420898375,13.107701428997157,0.04838709677419355,4.369233809665719,0.2114145391773735
sexton,10,9.896482790016427e-05,13.30272459197088,6,NN,NN,sexton,0,2,4.954196310386875,0.0002980365299104964,9.90839262077375,0.03225806451612903,4.954196310386875,0.1598127842060282
boar,10,9.896482790016427e-05,13.30272459197088,4,NN,NN,boar,0,2,4.954196310386875,0.0005763580710482179,9.90839262077375,0.03225806451612903,4.954196310386875,0.1598127842060282
sisters,10,9.896482790016427e-05,13.30272459197088,7,NN,NNS,sister,0,3,4.369233809665719,0.0003603228815129312,13.107701428997157,0.04838709677419355,4.369233809665719,0.2114145391773735
finished,10,9.896482790016427e-05,13.30272459197088,8,VB,VBN,finish,0,6,3.3692338096657193,0.0002767974365820725,20.215402857994317,0.0967741935483871,3.3692338096657193,0.3260548848063599
watched,10,9.896482790016427e-05,13.30272459197088,7,VB,VBD,watch,0,8,2.9541963103868754,0.00024656217599912416,23.633570483095003,0.12903225806451613,2.9541963103868754,0.3811866206950807
holle,10,9.896482790016427e-05,13.30272459197088,5,NN,NNP,holl,0,1,5.954196310386875,0.0003598180006035168,5.954196310386875,0.016129032258064516,5.954196310386875,0.09603542436107862
roast,10,9.896482790016427e-05,13.30272459197088,5,NN,NN,roast,0,6,3.3692338096657193,0.00034868064721978295,20.215402857994317,0.0967741935483871,3.3692338096657193,0.3260548848063599
ride,10,9.896482790016427e-05,13.30272459197088,4,VB,VB,ride,0,7,3.146841388329271,0.00022748684363326185,22.0278897183049,0.11290322580645161,3.146841388329271,0.3552885438436274
hanging,10,9.896482790016427e-05,13.30272459197088,7,VB,VBG,hang,0,8,2.9541963103868754,0.0002930230044570705,23.633570483095003,0.12903225806451613,2.9541963103868754,0.3811866206950807
worse,10,9.896482790016427e-05,13.30272459197088,5,JJ,JJR,wors,0,9,2.7842713089445628,0.00028409061422460876,25.058441780501063,0.14516129032258066,2.7842713089445628,0.40416841581453333
understand,10,9.896482790016427e-05,13.30272459197088,10,VB,VB,understand,0,5,3.6322682154995127,0.0005941483926170017,18.161341077497564,0.08064516129032258,3.6322682154995127,0.29292485608867036
answer,10,9.896482790016427e-05,13.30272459197088,6,NN,NN,answer,0,8,2.9541963103868754,0.00034130836813474596,23.633570483095003,0.12903225806451613,2.9541963103868754,0.3811866206950807
fiddler,10,9.896482790016427e-05,13.30272459197088,7,NN,NN,fiddler,0,2,4.954196310386875,0.0005395434983323032,9.90839262077375,0.03225806451612903,4.954196310386875,0.1598127842060282
milk,10,9.896482790016427e-05,13.30272459197088,4,NN,NN,milk,0,3,4.369233809665719,0.0004484398323804629,13.107701428997157,0.04838709677419355,4.369233809665719,0.2114145391773735
grislybeard,10,9.896482790016427e-05,13.30272459197088,11,NN,NNP,grislybeard,0,1,5.954196310386875,0.0006484498606419894,5.954196310386875,0.016129032258064516,5.954196310386875,0.09603542436107862
bade,10,9.896482790016427e-05,13.30272459197088,4,VB,VBD,bade,0,7,3.146841388329271,0.00022721455987662176,22.0278897183049,0.11290322580645161,3.146841388329271,0.3552885438436274
reach,10,9.896482790016427e-05,13.30272459197088,5,VB,VB,reach,0,9,2.7842713089445628,0.00020867820249356487,25.058441780501063,0.14516129032258066,2.7842713089445628,0.40416841581453333
courtyard,10,9.896482790016427e-05,13.30272459197088,9,NN,NN,courtyard,0,7,3.146841388329271,0.00022471577556273326,22.0278897183049,0.11290322580645161,3.146841388329271,0.3552885438436274
pay,10,9.896482790016427e-05,13.30272459197088,3,VB,VB,pay,0,6,3.3692338096657193,0.0003012321845503064,20.215402857994317,0.0967741935483871,3.3692338096657193,0.3260548848063599
hazeltree,10,9.896482790016427e-05,13.30272459197088,9,JJ,JJ,hazeltre,0,1,5.954196310386875,0.00037093636292421253,5.954196310386875,0.016129032258064516,5.954196310386875,0.09603542436107862
nest,10,9.896482790016427e-05,13.30272459197088,4,JJ,JJS,nest,0,7,3.146841388329271,0.00040948999802497356,22.0278897183049,0.11290322580645161,3.146841388329271,0.3552885438436274
pair,10,9.896482790016427e-05,13.30272459197088,4,NN,NN,pair,0,6,3.3692338096657193,0.00044441909936228396,20.215402857994317,0.0967741935483871,3.3692338096657193,0.3260548848063599
grief,10,9.896482790016427e-05,13.30272459197088,5,NN,NN,grief,0,9,2.7842713089445628,0.00024601914564652836,25.058441780501063,0.14516129032258066,2.7842713089445628,0.40416841581453333
following,10,9.896482790016427e-05,13.30272459197088,9,JJ,JJ,follow,0,7,3.146841388329271,0.00046856376872095264,22.0278897183049,0.11290322580645161,3.146841388329271,0.3552885438436274
comforted,10,9.896482790016427e-05,13.30272459197088,9,VB,VBD,comfort,0,6,3.3692338096657193,0.0002274917310203373,20.215402857994317,0.0967741935483871,3.3692338096657193,0.3260548848063599
either,10,9.896482790016427e-05,13.30272459197088,6,RB,RB,either,0,7,3.146841388329271,0.00025191701474605404,22.0278897183049,0.11290322580645161,3.146841388329271,0.3552885438436274
drop,10,9.896482790016427e-05,13.30272459197088,4,NN,NN,drop,0,8,2.9541963103868754,0.00034402096783217937,23.633570483095003,0.12903225806451613,2.9541963103868754,0.3811866206950807
screamed,10,9.896482790016427e-05,13.30272459197088,8,VB,VBD,scream,0,7,3.146841388329271,0.0004067133031263949,22.0278897183049,0.11290322580645161,3.146841388329271,0.3552885438436274
merrily,10,9.896482790016427e-05,13.30272459197088,7,RB,RB,merrili,0,7,3.146841388329271,0.00033572666973575443,22.0278897183049,0.11290322580645161,3.146841388329271,0.3552885438436274
grown,10,9.896482790016427e-05,13.30272459197088,5,VB,VBN,grown,0,8,2.9541963103868754,0.00037015814977644455,23.633570483095003,0.12903225806451613,2.9541963103868754,0.3811866206950807
grey,10,9.896482790016427e-05,13.30272459197088,4,JJ,JJ,grey,0,4,3.9541963103868754,0.0003790577127636854,15.816785241547501,0.06451612903225806,3.9541963103868754,0.2551094393797984
spindle,10,9.896482790016427e-05,13.30272459197088,7,NN,NN,spindl,0,2,4.954196310386875,0.00039018923199266633,9.90839262077375,0.03225806451612903,4.954196310386875,0.1598127842060282
nice,10,9.896482790016427e-05,13.30272459197088,4,JJ,JJ,nice,0,7,3.146841388329271,0.00025466146178864594,22.0278897183049,0.11290322580645161,3.146841388329271,0.3552885438436274
spin,10,9.896482790016427e-05,13.30272459197088,4,VB,VB,spin,0,5,3.6322682154995127,0.00039029171825103636,18.161341077497564,0.08064516129032258,3.6322682154995127,0.29292485608867036
promise,10,9.896482790016427e-05,13.30272459197088,7,VB,VB,promis,0,8,2.9541963103868754,0.00029841936633263715,23.633570483095003,0.12903225806451613,2.9541963103868754,0.3811866206950807
shot,10,9.896482790016427e-05,13.30272459197088,4,VB,VBD,shot,0,6,3.3692338096657193,0.00026052019269259466,20.215402857994317,0.0967741935483871,3.3692338096657193,0.3260548848063599
allowed,10,9.896482790016427e-05,13.30272459197088,7,VB,VBN,allow,0,9,2.7842713089445628,0.00022597061143669604,25.058441780501063,0.14516129032258066,2.7842713089445628,0.40416841581453333
flock,10,9.896482790016427e-05,13.30272459197088,5,NN,NN,flock,0,3,4.369233809665719,0.00032723936476404,13.107701428997157,0.04838709677419355,4.369233809665719,0.2114145391773735
forgotten,9,8.906834511014785e-05,13.454727685415929,9,VB,VBN,forgotten,0,9,2.7842713089445628,0.00031280998458716147,25.058441780501063,0.14516129032258066,2.7842713089445628,0.40416841581453333
cost,9,8.906834511014785e-05,13.454727685415929,4,VB,VB,cost,0,5,3.6322682154995127,0.0003736118289332911,18.161341077497564,0.08064516129032258,3.6322682154995127,0.29292485608867036
getting,9,8.906834511014785e-05,13.454727685415929,7,VB,VBG,get,0,7,3.146841388329271,0.0005769238814376655,22.0278897183049,0.11290322580645161,3.146841388329271,0.3552885438436274
hearing,9,8.906834511014785e-05,13.454727685415929,7,NN,NN,hear,0,7,3.146841388329271,0.00040798234388638344,22.0278897183049,0.11290322580645161,3.146841388329271,0.3552885438436274
enemy,9,8.906834511014785e-05,13.454727685415929,5,NN,NN,enemi,0,5,3.6322682154995127,0.00027167989156087546,18.161341077497564,0.08064516129032258,3.6322682154995127,0.29292485608867036
supper,9,8.906834511014785e-05,13.454727685415929,6,NN,NN,supper,0,6,3.3692338096657193,0.0004022013258556619,20.215402857994317,0.0967741935483871,3.3692338096657193,0.3260548848063599
managed,9,8.906834511014785e-05,13.454727685415929,7,VB,VBD,manag,0,8,2.9541963103868754,0.0003423887190740555,23.633570483095003,0.12903225806451613,2.9541963103868754,0.3811866206950807
midnight,9,8.906834511014785e-05,13.454727685415929,8,NN,NN,midnight,0,5,3.6322682154995127,0.0003023215117170691,18.161341077497564,0.08064516129032258,3.6322682154995127,0.29292485608867036
fifth,9,8.906834511014785e-05,13.454727685415929,5,NN,NN,fifth,0,6,3.3692338096657193,0.00031497390860540036,20.215402857994317,0.0967741935483871,3.3692338096657193,0.3260548848063599
visit,9,8.906834511014785e-05,13.454727685415929,5,NN,NN,visit,0,7,3.146841388329271,0.00023178984875548797,22.0278897183049,0.11290322580645161,3.146841388329271,0.3552885438436274
key,9,8.906834511014785e-05,13.454727685415929,3,NN,NN,key,0,5,3.6322682154995127,0.0003602977523034962,18.161341077497564,0.08064516129032258,3.6322682154995127,0.29292485608867036
makes,9,8.906834511014785e-05,13.454727685415929,5,VB,VBZ,make,0,4,3.9541963103868754,0.00024440654628365315,15.816785241547501,0.06451612903225806,3.9541963103868754,0.2551094393797984
stolen,9,8.906834511014785e-05,13.454727685415929,6,VB,VBN,stolen,0,6,3.3692338096657193,0.0004071278534746551,20.215402857994317,0.0967741935483871,3.3692338096657193,0.3260548848063599
goes,9,8.906834511014785e-05,13.454727685415929,4,VB,VBZ,goe,0,7,3.146841388329271,0.0004161343389753969,22.0278897183049,0.11290322580645161,3.146841388329271,0.3552885438436274
bridegroom,9,8.906834511014785e-05,13.454727685415929,10,NN,NN,bridegroom,0,4,3.9541963103868754,0.00031668959175317764,15.816785241547501,0.06451612903225806,3.9541963103868754,0.2551094393797984
screaming,9,8.906834511014785e-05,13.454727685415929,9,VB,VBG,scream,0,7,3.146841388329271,0.00031279099715240304,22.0278897183049,0.11290322580645161,3.146841388329271,0.3552885438436274
thief,9,8.906834511014785e-05,13.454727685415929,5,NN,NN,thief,0,5,3.6322682154995127,0.00034814939982249376,18.161341077497564,0.08064516129032258,3.6322682154995127,0.29292485608867036
summoned,9,8.906834511014785e-05,13.454727685415929,8,VB,VBD,summon,0,7,3.146841388329271,0.00029990579237470263,22.0278897183049,0.11290322580645161,3.146841388329271,0.3552885438436274
street,9,8.906834511014785e-05,13.454727685415929,6,NN,NN,street,0,5,3.6322682154995127,0.00023727498211321055,18.161341077497564,0.08064516129032258,3.6322682154995127,0.29292485608867036
ship,9,8.906834511014785e-05,13.454727685415929,4,NN,NN,ship,0,4,3.9541963103868754,0.00029687984598211406,15.816785241547501,0.06451612903225806,3.9541963103868754,0.2551094393797984
reason,9,8.906834511014785e-05,13.454727685415929,6,NN,NN,reason,0,6,3.3692338096657193,0.00034241078664237767,20.215402857994317,0.0967741935483871,3.3692338096657193,0.3260548848063599
seem,9,8.906834511014785e-05,13.454727685415929,4,VB,VBP,seem,0,7,3.146841388329271,0.00023347405272322618,22.0278897183049,0.11290322580645161,3.146841388329271,0.3552885438436274
ear,9,8.906834511014785e-05,13.454727685415929,3,NN,NN,ear,0,4,3.9541963103868754,0.0002930787198761727,15.816785241547501,0.06451612903225806,3.9541963103868754,0.2551094393797984
eggs,9,8.906834511014785e-05,13.454727685415929,4,NN,NNS,egg,0,2,4.954196310386875,0.0004687192051271224,9.90839262077375,0.03225806451612903,4.954196310386875,0.1598127842060282
ravens,9,8.906834511014785e-05,13.454727685415929,6,NN,NNS,raven,0,3,4.369233809665719,0.00048242285667436684,13.107701428997157,0.04838709677419355,4.369233809665719,0.2114145391773735
five,9,8.906834511014785e-05,13.454727685415929,4,CD,CD,five,0,7,3.146841388329271,0.00042528859141334344,22.0278897183049,0.11290322580645161,3.146841388329271,0.3552885438436274
since,9,8.906834511014785e-05,13.454727685415929,5,IN,IN,sinc,0,7,3.146841388329271,0.0002990887429215494,22.0278897183049,0.11290322580645161,3.146841388329271,0.3552885438436274
service,9,8.906834511014785e-05,13.454727685415929,7,NN,NN,servic,0,7,3.146841388329271,0.0002283063808467191,22.0278897183049,0.11290322580645161,3.146841388329271,0.3552885438436274
burnt,9,8.906834511014785e-05,13.454727685415929,5,VB,VBN,burnt,0,7,3.146841388329271,0.0002811634317101846,22.0278897183049,0.11290322580645161,3.146841388329271,0.3552885438436274
stable,9,8.906834511014785e-05,13.454727685415929,6,JJ,JJ,stabl,0,4,3.9541963103868754,0.0004542253861382468,15.816785241547501,0.06451612903225806,3.9541963103868754,0.2551094393797984
enchanted,9,8.906834511014785e-05,13.454727685415929,9,JJ,JJ,enchant,0,6,3.3692338096657193,0.00022808454169928472,20.215402857994317,0.0967741935483871,3.3692338096657193,0.3260548848063599
instead,9,8.906834511014785e-05,13.454727685415929,7,RB,RB,instead,0,8,2.9541963103868754,0.0002483556734535881,23.633570483095003,0.12903225806451613,2.9541963103868754,0.3811866206950807
worked,9,8.906834511014785e-05,13.454727685415929,6,VB,VBD,work,0,6,3.3692338096657193,0.0003669286606150598,20.215402857994317,0.0967741935483871,3.3692338096657193,0.3260548848063599
hay,9,8.906834511014785e-05,13.454727685415929,3,NN,NN,hay,0,2,4.954196310386875,0.0002972494406198503,9.90839262077375,0.03225806451612903,4.954196310386875,0.1598127842060282
terrified,9,8.906834511014785e-05,13.454727685415929,9,VB,VBN,terrifi,0,9,2.7842713089445628,0.00022811939339215443,25.058441780501063,0.14516129032258066,2.7842713089445628,0.40416841581453333
goat,9,8.906834511014785e-05,13.454727685415929,4,NN,NN,goat,0,3,4.369233809665719,0.0006182666560148563,13.107701428997157,0.04838709677419355,4.369233809665719,0.2114145391773735
bid,9,8.906834511014785e-05,13.454727685415929,3,NN,NN,bid,0,8,2.9541963103868754,0.000311820213443171,23.633570483095003,0.12903225806451613,2.9541963103868754,0.3811866206950807
peasants,9,8.906834511014785e-05,13.454727685415929,8,NN,NNS,peasant,0,1,5.954196310386875,0.00041553789387005176,5.954196310386875,0.016129032258064516,5.954196310386875,0.09603542436107862
knees,9,8.906834511014785e-05,13.454727685415929,5,NN,NNS,knee,0,7,3.146841388329271,0.00038086134879470175,22.0278897183049,0.11290322580645161,3.146841388329271,0.3552885438436274
kissed,9,8.906834511014785e-05,13.454727685415929,6,VB,VBD,kiss,0,8,2.9541963103868754,0.00023590836866583482,23.633570483095003,0.12903225806451613,2.9541963103868754,0.3811866206950807
taste,9,8.906834511014785e-05,13.454727685415929,5,VB,VB,tast,0,5,3.6322682154995127,0.00025499909315079275,18.161341077497564,0.08064516129032258,3.6322682154995127,0.29292485608867036
game,9,8.906834511014785e-05,13.454727685415929,4,NN,NN,game,0,7,3.146841388329271,0.0002321612380922459,22.0278897183049,0.11290322580645161,3.146841388329271,0.3552885438436274
sort,9,8.906834511014785e-05,13.454727685415929,4,NN,NN,sort,0,7,3.146841388329271,0.00021035988835920802,22.0278897183049,0.11290322580645161,3.146841388329271,0.3552885438436274
shoot,9,8.906834511014785e-05,13.454727685415929,5,VB,VB,shoot,0,7,3.146841388329271,0.00025733538640835174,22.0278897183049,0.11290322580645161,3.146841388329271,0.3552885438436274
hunting,9,8.906834511014785e-05,13.454727685415929,7,VB,VBG,hunt,0,7,3.146841388329271,0.0003440747819060984,22.0278897183049,0.11290322580645161,3.146841388329271,0.3552885438436274
nearer,9,8.906834511014785e-05,13.454727685415929,6,NN,NN,nearer,0,8,2.9541963103868754,0.00022098720032220074,23.633570483095003,0.12903225806451613,2.9541963103868754,0.3811866206950807
unable,9,8.906834511014785e-05,13.454727685415929,6,JJ,JJ,unabl,0,5,3.6322682154995127,0.0004093065017591764,18.161341077497564,0.08064516129032258,3.6322682154995127,0.29292485608867036
flying,9,8.906834511014785e-05,13.454727685415929,6,VB,VBG,fli,0,8,2.9541963103868754,0.00022404397032897594,23.633570483095003,0.12903225806451613,2.9541963103868754,0.3811866206950807
filled,9,8.906834511014785e-05,13.454727685415929,6,VB,VBD,fill,0,7,3.146841388329271,0.00029799802236037993,22.0278897183049,0.11290322580645161,3.146841388329271,0.3552885438436274
surely,9,8.906834511014785e-05,13.454727685415929,6,RB,RB,sure,0,8,2.9541963103868754,0.0002158628331716846,23.633570483095003,0.12903225806451613,2.9541963103868754,0.3811866206950807
shining,9,8.906834511014785e-05,13.454727685415929,7,VB,VBG,shine,0,7,3.146841388329271,0.00019042448069301558,22.0278897183049,0.11290322580645161,3.146841388329271,0.3552885438436274
fiddle,9,8.906834511014785e-05,13.454727685415929,6,NN,NN,fiddl,0,1,5.954196310386875,0.0007337171640489879,5.954196310386875,0.016129032258064516,5.954196310386875,0.09603542436107862
doves,9,8.906834511014785e-05,13.454727685415929,5,NN,NNS,dove,0,3,4.369233809665719,0.00041008017461918934,13.107701428997157,0.04838709677419355,4.369233809665719,0.2114145391773735
travelled,9,8.906834511014785e-05,13.454727685415929,9,VB,VBN,travel,0,9,2.7842713089445628,0.0002466580670596854,25.058441780501063,0.14516129032258066,2.7842713089445628,0.40416841581453333
shoulder,9,8.906834511014785e-05,13.454727685415929,8,NN,NN,shoulder,0,7,3.146841388329271,0.0002578533059016369,22.0278897183049,0.11290322580645161,3.146841388329271,0.3552885438436274
passing,9,8.906834511014785e-05,13.454727685415929,7,VB,VBG,pass,0,8,2.9541963103868754,0.00024332682350755643,23.633570483095003,0.12903225806451613,2.9541963103868754,0.3811866206950807
send,9,8.906834511014785e-05,13.454727685415929,4,VB,VB,send,0,7,3.146841388329271,0.0003845964662337229,22.0278897183049,0.11290322580645161,3.146841388329271,0.3552885438436274
enjoy,9,8.906834511014785e-05,13.454727685415929,5,VB,VB,enjoy,0,5,3.6322682154995127,0.0005251297207928658,18.161341077497564,0.08064516129032258,3.6322682154995127,0.29292485608867036
inn,9,8.906834511014785e-05,13.454727685415929,3,NN,NN,inn,0,6,3.3692338096657193,0.0002416525906359031,20.215402857994317,0.0967741935483871,3.3692338096657193,0.3260548848063599
tongue,9,8.906834511014785e-05,13.454727685415929,6,NN,NN,tongu,0,6,3.3692338096657193,0.00033637525642869054,20.215402857994317,0.0967741935483871,3.3692338096657193,0.3260548848063599
unless,9,8.906834511014785e-05,13.454727685415929,6,IN,IN,unless,0,6,3.3692338096657193,0.00030355797772889067,20.215402857994317,0.0967741935483871,3.3692338096657193,0.3260548848063599
arrived,9,8.906834511014785e-05,13.454727685415929,7,VB,VBD,arriv,0,8,2.9541963103868754,0.00031672871933365396,23.633570483095003,0.12903225806451613,2.9541963103868754,0.3811866206950807
dare,9,8.906834511014785e-05,13.454727685415929,4,VB,VBP,dare,0,7,3.146841388329271,0.00023067950060670406,22.0278897183049,0.11290322580645161,3.146841388329271,0.3552885438436274
wounded,9,8.906834511014785e-05,13.454727685415929,7,VB,VBD,wound,0,7,3.146841388329271,0.0002665656515434179,22.0278897183049,0.11290322580645161,3.146841388329271,0.3552885438436274
greatly,9,8.906834511014785e-05,13.454727685415929,7,RB,RB,greatli,0,8,2.9541963103868754,0.000300988319891133,23.633570483095003,0.12903225806451613,2.9541963103868754,0.3811866206950807
suffer,9,8.906834511014785e-05,13.454727685415929,6,VB,VB,suffer,0,9,2.7842713089445628,0.0003211423350479562,25.058441780501063,0.14516129032258066,2.7842713089445628,0.40416841581453333
spell,9,8.906834511014785e-05,13.454727685415929,5,NN,NN,spell,0,5,3.6322682154995127,0.0002763595063705568,18.161341077497564,0.08064516129032258,3.6322682154995127,0.29292485608867036
served,9,8.906834511014785e-05,13.454727685415929,6,VB,VBN,serv,0,7,3.146841388329271,0.0003536889697500902,22.0278897183049,0.11290322580645161,3.146841388329271,0.3552885438436274
sweet,9,8.906834511014785e-05,13.454727685415929,5,JJ,JJ,sweet,0,8,2.9541963103868754,0.00037019846273328156,23.633570483095003,0.12903225806451613,2.9541963103868754,0.3811866206950807
truth,9,8.906834511014785e-05,13.454727685415929,5,NN,NN,truth,0,8,2.9541963103868754,0.00024943131822397304,23.633570483095003,0.12903225806451613,2.9541963103868754,0.3811866206950807
hither,9,8.906834511014785e-05,13.454727685415929,6,NN,NN,hither,0,2,4.954196310386875,0.0002791697857551788,9.90839262077375,0.03225806451612903,4.954196310386875,0.1598127842060282
shoemaker,9,8.906834511014785e-05,13.454727685415929,9,NN,NN,shoemak,0,2,4.954196310386875,0.000639790200011093,9.90839262077375,0.03225806451612903,4.954196310386875,0.1598127842060282
twice,9,8.906834511014785e-05,13.454727685415929,5,RB,RB,twice,0,7,3.146841388329271,0.00023585080961399332,22.0278897183049,0.11290322580645161,3.146841388329271,0.3552885438436274
lily,9,8.906834511014785e-05,13.454727685415929,4,NN,NNP,lili,0,1,5.954196310386875,0.0003674824911775968,5.954196310386875,0.016129032258064516,5.954196310386875,0.09603542436107862
mercy,9,8.906834511014785e-05,13.454727685415929,5,NN,NN,merci,0,8,2.9541963103868754,0.00034489446991442405,23.633570483095003,0.12903225806451613,2.9541963103868754,0.3811866206950807
further,9,8.906834511014785e-05,13.454727685415929,7,RB,JJ,further,1,8,2.9541963103868754,0.00017315203494508435,23.633570483095003,0.12903225806451613,2.9541963103868754,0.3811866206950807
begin,9,8.906834511014785e-05,13.454727685415929,5,VB,VB,begin,0,7,3.146841388329271,0.00039398509691126825,22.0278897183049,0.11290322580645161,3.146841388329271,0.3552885438436274
stole,9,8.906834511014785e-05,13.454727685415929,5,VB,VBD,stole,0,8,2.9541963103868754,0.0002903949138045998,23.633570483095003,0.12903225806451613,2.9541963103868754,0.3811866206950807
tasted,9,8.906834511014785e-05,13.454727685415929,6,VB,VBD,tast,0,7,3.146841388329271,0.00027062123465797255,22.0278897183049,0.11290322580645161,3.146841388329271,0.3552885438436274
clean,9,8.906834511014785e-05,13.454727685415929,5,JJ,JJ,clean,0,6,3.3692338096657193,0.0003631507174191022,20.215402857994317,0.0967741935483871,3.3692338096657193,0.3260548848063599
laugh,9,8.906834511014785e-05,13.454727685415929,5,NN,NN,laugh,0,6,3.3692338096657193,0.00033064334085322085,20.215402857994317,0.0967741935483871,3.3692338096657193,0.3260548848063599
clear,8,7.917186232013143e-05,13.62465268685824,5,JJ,JJ,clear,0,8,2.9541963103868754,0.00022410766663271748,23.633570483095003,0.12903225806451613,2.9541963103868754,0.3811866206950807
ugly,8,7.917186232013143e-05,13.62465268685824,4,RB,RB,ugli,0,5,3.6322682154995127,0.00020822281808493404,18.161341077497564,0.08064516129032258,3.6322682154995127,0.29292485608867036
housedoor,8,7.917186232013143e-05,13.62465268685824,9,NN,NN,housedoor,0,6,3.3692338096657193,0.000475424973541407,20.215402857994317,0.0967741935483871,3.3692338096657193,0.3260548848063599
eight,8,7.917186232013143e-05,13.62465268685824,5,CD,CD,eight,0,7,3.146841388329271,0.00022308195840863297,22.0278897183049,0.11290322580645161,3.146841388329271,0.3552885438436274
stir,8,7.917186232013143e-05,13.62465268685824,4,VB,VB,stir,0,7,3.146841388329271,0.00021222193336411808,22.0278897183049,0.11290322580645161,3.146841388329271,0.3552885438436274
whistled,8,7.917186232013143e-05,13.62465268685824,8,VB,VBD,whistl,0,4,3.9541963103868754,0.00025765620467549697,15.816785241547501,0.06451612903225806,3.9541963103868754,0.2551094393797984
bit,8,7.917186232013143e-05,13.62465268685824,3,NN,NN,bit,0,7,3.146841388329271,0.00028235947583148195,22.0278897183049,0.11290322580645161,3.146841388329271,0.3552885438436274
tied,8,7.917186232013143e-05,13.62465268685824,4,VB,VBD,tie,0,6,3.3692338096657193,0.00027642791881906525,20.215402857994317,0.0967741935483871,3.3692338096657193,0.3260548848063599
grave,8,7.917186232013143e-05,13.62465268685824,5,NN,NN,grave,0,4,3.9541963103868754,0.000237823305162251,15.816785241547501,0.06451612903225806,3.9541963103868754,0.2551094393797984
although,8,7.917186232013143e-05,13.62465268685824,8,IN,IN,although,0,7,3.146841388329271,0.00022574487458515603,22.0278897183049,0.11290322580645161,3.146841388329271,0.3552885438436274
brook,8,7.917186232013143e-05,13.62465268685824,5,NN,NN,brook,0,5,3.6322682154995127,0.00040218691449025806,18.161341077497564,0.08064516129032258,3.6322682154995127,0.29292485608867036
wand,8,7.917186232013143e-05,13.62465268685824,4,NN,NN,wand,0,3,4.369233809665719,0.00028850072953512656,13.107701428997157,0.04838709677419355,4.369233809665719,0.2114145391773735
perched,8,7.917186232013143e-05,13.62465268685824,7,VB,VBD,perch,0,5,3.6322682154995127,0.00029705700715898785,18.161341077497564,0.08064516129032258,3.6322682154995127,0.29292485608867036
marriage,8,7.917186232013143e-05,13.62465268685824,8,NN,NN,marriag,0,4,3.9541963103868754,0.00034481144142339853,15.816785241547501,0.06451612903225806,3.9541963103868754,0.2551094393797984
pale,8,7.917186232013143e-05,13.62465268685824,4,JJ,JJ,pale,0,7,3.146841388329271,0.00025111611932338604,22.0278897183049,0.11290322580645161,3.146841388329271,0.3552885438436274
ourselves,8,7.917186232013143e-05,13.62465268685824,9,NN,NNS,ourselv,1,7,3.146841388329271,0.00026054766598749765,22.0278897183049,0.11290322580645161,3.146841388329271,0.3552885438436274
today,8,7.917186232013143e-05,13.62465268685824,5,NN,NN,today,0,7,3.146841388329271,0.0002613271814709258,22.0278897183049,0.11290322580645161,3.146841388329271,0.3552885438436274
brown,8,7.917186232013143e-05,13.62465268685824,5,JJ,JJ,brown,0,8,2.9541963103868754,0.00022223430831604595,23.633570483095003,0.12903225806451613,2.9541963103868754,0.3811866206950807
certain,8,7.917186232013143e-05,13.62465268685824,7,JJ,JJ,certain,0,8,2.9541963103868754,0.0003097601565879017,23.633570483095003,0.12903225806451613,2.9541963103868754,0.3811866206950807
helped,8,7.917186232013143e-05,13.62465268685824,6,VB,VBD,help,0,7,3.146841388329271,0.00019207485990718553,22.0278897183049,0.11290322580645161,3.146841388329271,0.3552885438436274
kindly,8,7.917186232013143e-05,13.62465268685824,6,RB,RB,kindli,0,7,3.146841388329271,0.00018710334152152117,22.0278897183049,0.11290322580645161,3.146841388329271,0.3552885438436274
dared,8,7.917186232013143e-05,13.62465268685824,5,VB,VBD,dare,0,7,3.146841388329271,0.00029531448714692715,22.0278897183049,0.11290322580645161,3.146841388329271,0.3552885438436274
sake,8,7.917186232013143e-05,13.62465268685824,4,NN,NN,sake,0,6,3.3692338096657193,0.00028900921253668656,20.215402857994317,0.0967741935483871,3.3692338096657193,0.3260548848063599
usual,8,7.917186232013143e-05,13.62465268685824,5,JJ,JJ,usual,0,7,3.146841388329271,0.000293177504898488,22.0278897183049,0.11290322580645161,3.146841388329271,0.3552885438436274
strong,8,7.917186232013143e-05,13.62465268685824,6,JJ,JJ,strong,0,7,3.146841388329271,0.0001653701721622281,22.0278897183049,0.11290322580645161,3.146841388329271,0.3552885438436274
arose,8,7.917186232013143e-05,13.62465268685824,5,NN,NN,aros,0,7,3.146841388329271,0.00021121614970597127,22.0278897183049,0.11290322580645161,3.146841388329271,0.3552885438436274
fulfilled,8,7.917186232013143e-05,13.62465268685824,9,VB,VBN,fulfil,0,5,3.6322682154995127,0.00035188519756393003,18.161341077497564,0.08064516129032258,3.6322682154995127,0.29292485608867036
fowls,8,7.917186232013143e-05,13.62465268685824,5,NN,NN,fowl,0,1,5.954196310386875,0.000821693470469122,5.954196310386875,0.016129032258064516,5.954196310386875,0.09603542436107862
cakes,8,7.917186232013143e-05,13.62465268685824,5,NN,NNS,cake,0,4,3.9541963103868754,0.00021720279206536973,15.816785241547501,0.06451612903225806,3.9541963103868754,0.2551094393797984
gallows,8,7.917186232013143e-05,13.62465268685824,7,NN,NNS,gallow,0,5,3.6322682154995127,0.00025566966186077634,18.161341077497564,0.08064516129032258,3.6322682154995127,0.29292485608867036
read,8,7.917186232013143e-05,13.62465268685824,4,VB,VB,read,0,4,3.9541963103868754,0.00018929480690885975,15.816785241547501,0.06451612903225806,3.9541963103868754,0.2551094393797984
takes,8,7.917186232013143e-05,13.62465268685824,5,VB,VBZ,take,0,3,4.369233809665719,0.0005355381576719438,13.107701428997157,0.04838709677419355,4.369233809665719,0.2114145391773735
waitingmaid,8,7.917186232013143e-05,13.62465268685824,11,JJ,JJ,waitingmaid,0,2,4.954196310386875,0.00026971961126545245,9.90839262077375,0.03225806451612903,4.954196310386875,0.1598127842060282
venture,8,7.917186232013143e-05,13.62465268685824,7,NN,NN,ventur,0,6,3.3692338096657193,0.00024369372225624167,20.215402857994317,0.0967741935483871,3.3692338096657193,0.3260548848063599
winter,8,7.917186232013143e-05,13.62465268685824,6,NN,NN,winter,0,5,3.6322682154995127,0.00026041593285558906,18.161341077497564,0.08064516129032258,3.6322682154995127,0.29292485608867036
soldiers,8,7.917186232013143e-05,13.62465268685824,8,NN,NNS,soldier,0,5,3.6322682154995127,0.00019625630174706487,18.161341077497564,0.08064516129032258,3.6322682154995127,0.29292485608867036
egg,8,7.917186232013143e-05,13.62465268685824,3,NN,NN,egg,0,3,4.369233809665719,0.00028885385896803287,13.107701428997157,0.04838709677419355,4.369233809665719,0.2114145391773735
unknown,8,7.917186232013143e-05,13.62465268685824,7,JJ,JJ,unknown,0,5,3.6322682154995127,0.0002119177566618129,18.161341077497564,0.08064516129032258,3.6322682154995127,0.29292485608867036
escape,8,7.917186232013143e-05,13.62465268685824,6,VB,VB,escap,0,6,3.3692338096657193,0.0002476770063003766,20.215402857994317,0.0967741935483871,3.3692338096657193,0.3260548848063599
delighted,8,7.917186232013143e-05,13.62465268685824,9,VB,VBN,delight,0,7,3.146841388329271,0.0002639036328677711,22.0278897183049,0.11290322580645161,3.146841388329271,0.3552885438436274
lazy,8,7.917186232013143e-05,13.62465268685824,4,JJ,JJ,lazi,0,3,4.369233809665719,0.0002198644162144827,13.107701428997157,0.04838709677419355,4.369233809665719,0.2114145391773735
flies,8,7.917186232013143e-05,13.62465268685824,5,NN,NNS,fli,0,5,3.6322682154995127,0.0002849524138524054,18.161341077497564,0.08064516129032258,3.6322682154995127,0.29292485608867036
nowhere,8,7.917186232013143e-05,13.62465268685824,7,RB,RB,nowher,0,7,3.146841388329271,0.0003006471604882762,22.0278897183049,0.11290322580645161,3.146841388329271,0.3552885438436274
built,8,7.917186232013143e-05,13.62465268685824,5,VB,VBD,built,0,6,3.3692338096657193,0.00019438756506471105,20.215402857994317,0.0967741935483871,3.3692338096657193,0.3260548848063599
company,8,7.917186232013143e-05,13.62465268685824,7,NN,NN,compani,0,6,3.3692338096657193,0.00022535926393223334,20.215402857994317,0.0967741935483871,3.3692338096657193,0.3260548848063599
scolded,8,7.917186232013143e-05,13.62465268685824,7,VB,VBD,scold,0,7,3.146841388329271,0.00041083813950865936,22.0278897183049,0.11290322580645161,3.146841388329271,0.3552885438436274
kids,8,7.917186232013143e-05,13.62465268685824,4,NN,NNS,kid,0,1,5.954196310386875,0.0006971718646902259,5.954196310386875,0.016129032258064516,5.954196310386875,0.09603542436107862
feather,8,7.917186232013143e-05,13.62465268685824,7,NN,NN,feather,0,3,4.369233809665719,0.00026184350235401206,13.107701428997157,0.04838709677419355,4.369233809665719,0.2114145391773735
pull,8,7.917186232013143e-05,13.62465268685824,4,VB,VB,pull,0,5,3.6322682154995127,0.0002800497276892713,18.161341077497564,0.08064516129032258,3.6322682154995127,0.29292485608867036
cooked,8,7.917186232013143e-05,13.62465268685824,6,VB,VBN,cook,0,5,3.6322682154995127,0.00027952732200001976,18.161341077497564,0.08064516129032258,3.6322682154995127,0.29292485608867036
loaf,8,7.917186232013143e-05,13.62465268685824,4,NN,NN,loaf,0,6,3.3692338096657193,0.0001910492330915099,20.215402857994317,0.0967741935483871,3.3692338096657193,0.3260548848063599
pickaxe,8,7.917186232013143e-05,13.62465268685824,7,NN,NN,pickax,0,1,5.954196310386875,0.0005742028362396331,5.954196310386875,0.016129032258064516,5.954196310386875,0.09603542436107862
beauty,8,7.917186232013143e-05,13.62465268685824,6,NN,NN,beauti,0,6,3.3692338096657193,0.00020801126597071542,20.215402857994317,0.0967741935483871,3.3692338096657193,0.3260548848063599
tap,8,7.917186232013143e-05,13.62465268685824,3,NN,NN,tap,0,3,4.369233809665719,0.0008042847083504011,13.107701428997157,0.04838709677419355,4.369233809665719,0.2114145391773735
kinds,8,7.917186232013143e-05,13.62465268685824,5,NN,NNS,kind,0,7,3.146841388329271,0.000369110956317826,22.0278897183049,0.11290322580645161,3.146841388329271,0.3552885438436274
lighted,8,7.917186232013143e-05,13.62465268685824,7,VB,VBD,light,0,7,3.146841388329271,0.00026645436740967946,22.0278897183049,0.11290322580645161,3.146841388329271,0.3552885438436274
gift,8,7.917186232013143e-05,13.62465268685824,4,NN,NN,gift,0,6,3.3692338096657193,0.00031271259508298976,20.215402857994317,0.0967741935483871,3.3692338096657193,0.3260548848063599
chair,8,7.917186232013143e-05,13.62465268685824,5,NN,NN,chair,0,6,3.3692338096657193,0.00025583976232509856,20.215402857994317,0.0967741935483871,3.3692338096657193,0.3260548848063599
higher,8,7.917186232013143e-05,13.62465268685824,6,JJ,JJR,higher,0,5,3.6322682154995127,0.00038558238482655277,18.161341077497564,0.08064516129032258,3.6322682154995127,0.29292485608867036
lake,8,7.917186232013143e-05,13.62465268685824,4,NN,NN,lake,0,3,4.369233809665719,0.00043098083635339206,13.107701428997157,0.04838709677419355,4.369233809665719,0.2114145391773735
creature,8,7.917186232013143e-05,13.62465268685824,8,NN,NN,creatur,0,6,3.3692338096657193,0.0002143686299766436,20.215402857994317,0.0967741935483871,3.3692338096657193,0.3260548848063599
sudden,8,7.917186232013143e-05,13.62465268685824,6,JJ,JJ,sudden,0,7,3.146841388329271,0.000282188401842798,22.0278897183049,0.11290322580645161,3.146841388329271,0.3552885438436274
wheels,8,7.917186232013143e-05,13.62465268685824,6,NN,NNS,wheel,0,3,4.369233809665719,0.0003125818154414922,13.107701428997157,0.04838709677419355,4.369233809665719,0.2114145391773735
ease,8,7.917186232013143e-05,13.62465268685824,4,NN,NN,eas,0,7,3.146841388329271,0.0002323505675784551,22.0278897183049,0.11290322580645161,3.146841388329271,0.3552885438436274
sits,8,7.917186232013143e-05,13.62465268685824,4,VB,VBZ,sit,0,6,3.3692338096657193,0.0003523712722041617,20.215402857994317,0.0967741935483871,3.3692338096657193,0.3260548848063599
catch,8,7.917186232013143e-05,13.62465268685824,5,VB,VB,catch,0,7,3.146841388329271,0.00019012867863108933,22.0278897183049,0.11290322580645161,3.146841388329271,0.3552885438436274
announced,8,7.917186232013143e-05,13.62465268685824,9,VB,VBN,announc,0,5,3.6322682154995127,0.00027163231382984205,18.161341077497564,0.08064516129032258,3.6322682154995127,0.29292485608867036
looks,8,7.917186232013143e-05,13.62465268685824,5,VB,VBZ,look,0,5,3.6322682154995127,0.0002607459063868959,18.161341077497564,0.08064516129032258,3.6322682154995127,0.29292485608867036
kerchief,8,7.917186232013143e-05,13.62465268685824,8,NN,NN,kerchief,0,1,5.954196310386875,0.00024879643616859746,5.954196310386875,0.016129032258064516,5.954196310386875,0.09603542436107862
caused,8,7.917186232013143e-05,13.62465268685824,6,VB,VBD,caus,0,4,3.9541963103868754,0.0003274249821450868,15.816785241547501,0.06451612903225806,3.9541963103868754,0.2551094393797984
swimming,8,7.917186232013143e-05,13.62465268685824,8,VB,VBG,swim,0,7,3.146841388329271,0.00026679700485927985,22.0278897183049,0.11290322580645161,3.146841388329271,0.3552885438436274
slipper,8,7.917186232013143e-05,13.62465268685824,7,NN,NN,slipper,0,2,4.954196310386875,0.00024192305990337965,9.90839262077375,0.03225806451612903,4.954196310386875,0.1598127842060282
dropped,8,7.917186232013143e-05,13.62465268685824,7,VB,VBD,drop,0,8,2.9541963103868754,0.0002446024266150295,23.633570483095003,0.12903225806451613,2.9541963103868754,0.3811866206950807
settled,8,7.917186232013143e-05,13.62465268685824,7,VB,VBD,settl,0,6,3.3692338096657193,0.00020984367700667108,20.215402857994317,0.0967741935483871,3.3692338096657193,0.3260548848063599
lose,8,7.917186232013143e-05,13.62465268685824,4,VB,VB,lose,0,7,3.146841388329271,0.00018774820438883854,22.0278897183049,0.11290322580645161,3.146841388329271,0.3552885438436274
whoever,8,7.917186232013143e-05,13.62465268685824,7,WP,WP,whoever,0,7,3.146841388329271,0.00019281621182825508,22.0278897183049,0.11290322580645161,3.146841388329271,0.3552885438436274
rejoiced,8,7.917186232013143e-05,13.62465268685824,8,VB,VBD,rejoic,0,8,2.9541963103868754,0.0002029203375288449,23.633570483095003,0.12903225806451613,2.9541963103868754,0.3811866206950807
rock,8,7.917186232013143e-05,13.62465268685824,4,NN,NN,rock,0,3,4.369233809665719,0.0002653827963826082,13.107701428997157,0.04838709677419355,4.369233809665719,0.2114145391773735
known,8,7.917186232013143e-05,13.62465268685824,5,VB,VBN,known,0,8,2.9541963103868754,0.0002692545714794299,23.633570483095003,0.12903225806451613,2.9541963103868754,0.3811866206950807
almost,8,7.917186232013143e-05,13.62465268685824,6,RB,RB,almost,0,8,2.9541963103868754,0.00026103828906309107,23.633570483095003,0.12903225806451613,2.9541963103868754,0.3811866206950807
teeth,8,7.917186232013143e-05,13.62465268685824,5,NN,NNS,teeth,0,7,3.146841388329271,0.00018719804274965767,22.0278897183049,0.11290322580645161,3.146841388329271,0.3552885438436274
bush,8,7.917186232013143e-05,13.62465268685824,4,NN,NN,bush,0,6,3.3692338096657193,0.00035130033512842667,20.215402857994317,0.0967741935483871,3.3692338096657193,0.3260548848063599
hearth,8,7.917186232013143e-05,13.62465268685824,6,NN,NN,hearth,0,6,3.3692338096657193,0.0003080378935235663,20.215402857994317,0.0967741935483871,3.3692338096657193,0.3260548848063599
pecked,8,7.917186232013143e-05,13.62465268685824,6,VB,VBD,peck,0,2,4.954196310386875,0.0004574701929201117,9.90839262077375,0.03225806451612903,4.954196310386875,0.1598127842060282
rid,8,7.917186232013143e-05,13.62465268685824,3,JJ,JJ,rid,0,4,3.9541963103868754,0.0001695334432075635,15.816785241547501,0.06451612903225806,3.9541963103868754,0.2551094393797984
midst,8,7.917186232013143e-05,13.62465268685824,5,NN,NN,midst,0,7,3.146841388329271,0.0002296753915762702,22.0278897183049,0.11290322580645161,3.146841388329271,0.3552885438436274
jug,8,7.917186232013143e-05,13.62465268685824,3,NN,NN,jug,0,3,4.369233809665719,0.0003520252088207597,13.107701428997157,0.04838709677419355,4.369233809665719,0.2114145391773735
loudly,8,7.917186232013143e-05,13.62465268685824,6,RB,RB,loudli,0,6,3.3692338096657193,0.00023615687370257343,20.215402857994317,0.0967741935483871,3.3692338096657193,0.3260548848063599
animals,8,7.917186232013143e-05,13.62465268685824,7,NN,NNS,anim,0,5,3.6322682154995127,0.00039177238458019357,18.161341077497564,0.08064516129032258,3.6322682154995127,0.29292485608867036
closed,7,6.9275379530115e-05,13.817297764800635,6,VB,VBD,close,0,6,3.3692338096657193,0.0001414126757783684,20.215402857994317,0.0967741935483871,3.3692338096657193,0.3260548848063599
seeking,7,6.9275379530115e-05,13.817297764800635,7,VB,VBG,seek,0,6,3.3692338096657193,0.0002814055460995102,20.215402857994317,0.0967741935483871,3.3692338096657193,0.3260548848063599
believe,7,6.9275379530115e-05,13.817297764800635,7,VB,VB,believ,0,5,3.6322682154995127,0.00021061282781689204,18.161341077497564,0.08064516129032258,3.6322682154995127,0.29292485608867036
prayed,7,6.9275379530115e-05,13.817297764800635,6,VB,VBD,pray,0,6,3.3692338096657193,0.000230976200354106,20.215402857994317,0.0967741935483871,3.3692338096657193,0.3260548848063599
willowwren,7,6.9275379530115e-05,13.817297764800635,10,JJ,JJ,willowwren,0,1,5.954196310386875,0.0007330948424509818,5.954196310386875,0.016129032258064516,5.954196310386875,0.09603542436107862
grant,7,6.9275379530115e-05,13.817297764800635,5,VB,VB,grant,0,5,3.6322682154995127,0.0002691769301287369,18.161341077497564,0.08064516129032258,3.6322682154995127,0.29292485608867036
riding,7,6.9275379530115e-05,13.817297764800635,6,VB,VBG,ride,0,6,3.3692338096657193,0.0001551997381631953,20.215402857994317,0.0967741935483871,3.3692338096657193,0.3260548848063599
dragged,7,6.9275379530115e-05,13.817297764800635,7,VB,VBD,drag,0,5,3.6322682154995127,0.00019502948254596956,18.161341077497564,0.08064516129032258,3.6322682154995127,0.29292485608867036
awake,7,6.9275379530115e-05,13.817297764800635,5,VB,NN,awak,0,4,3.9541963103868754,0.0001983535846734526,15.816785241547501,0.06451612903225806,3.9541963103868754,0.2551094393797984
raised,7,6.9275379530115e-05,13.817297764800635,6,VB,VBD,rais,0,7,3.146841388329271,0.00015433380138789288,22.0278897183049,0.11290322580645161,3.146841388329271,0.3552885438436274
ones,7,6.9275379530115e-05,13.817297764800635,4,NN,NNS,one,0,6,3.3692338096657193,0.0002619227939967786,20.215402857994317,0.0967741935483871,3.3692338096657193,0.3260548848063599
jewels,7,6.9275379530115e-05,13.817297764800635,6,NN,NNS,jewel,0,5,3.6322682154995127,0.00021738613615155414,18.161341077497564,0.08064516129032258,3.6322682154995127,0.29292485608867036
quiet,7,6.9275379530115e-05,13.817297764800635,5,JJ,JJ,quiet,0,7,3.146841388329271,0.00016171565410731808,22.0278897183049,0.11290322580645161,3.146841388329271,0.3552885438436274
tale,7,6.9275379530115e-05,13.817297764800635,4,NN,NN,tale,0,5,3.6322682154995127,0.0002258045305053273,18.161341077497564,0.08064516129032258,3.6322682154995127,0.29292485608867036
ye,7,6.9275379530115e-05,13.817297764800635,2,NN,NN,ye,0,4,3.9541963103868754,0.00020531413975455567,15.816785241547501,0.06451612903225806,3.9541963103868754,0.2551094393797984
refused,7,6.9275379530115e-05,13.817297764800635,7,VB,VBD,refus,0,6,3.3692338096657193,0.00024567314646693457,20.215402857994317,0.0967741935483871,3.3692338096657193,0.3260548848063599
cool,7,6.9275379530115e-05,13.817297764800635,4,NN,NN,cool,0,4,3.9541963103868754,0.0002905281737663905,15.816785241547501,0.06451612903225806,3.9541963103868754,0.2551094393797984
driving,7,6.9275379530115e-05,13.817297764800635,7,VB,VBG,drive,0,3,4.369233809665719,0.000210660585469254,13.107701428997157,0.04838709677419355,4.369233809665719,0.2114145391773735
cowherd,7,6.9275379530115e-05,13.817297764800635,7,NN,NN,cowherd,0,1,5.954196310386875,0.00032319613967670693,5.954196310386875,0.016129032258064516,5.954196310386875,0.09603542436107862
overjoyed,7,6.9275379530115e-05,13.817297764800635,9,VB,VBN,overjoy,0,6,3.3692338096657193,0.0001738745655491013,20.215402857994317,0.0967741935483871,3.3692338096657193,0.3260548848063599
playing,7,6.9275379530115e-05,13.817297764800635,7,VB,VBG,play,0,5,3.6322682154995127,0.00022582939419572365,18.161341077497564,0.08064516129032258,3.6322682154995127,0.29292485608867036
dishes,7,6.9275379530115e-05,13.817297764800635,6,NN,NNS,dish,0,3,4.369233809665719,0.00022882497855506828,13.107701428997157,0.04838709677419355,4.369233809665719,0.2114145391773735
snoring,7,6.9275379530115e-05,13.817297764800635,7,VB,VBG,snore,0,5,3.6322682154995127,0.00020169109091917444,18.161341077497564,0.08064516129032258,3.6322682154995127,0.29292485608867036
war,7,6.9275379530115e-05,13.817297764800635,3,NN,NN,war,0,5,3.6322682154995127,0.00028142284728772065,18.161341077497564,0.08064516129032258,3.6322682154995127,0.29292485608867036
carrying,7,6.9275379530115e-05,13.817297764800635,8,VB,VBG,carri,0,5,3.6322682154995127,0.0002124980770376563,18.161341077497564,0.08064516129032258,3.6322682154995127,0.29292485608867036
tune,7,6.9275379530115e-05,13.817297764800635,4,NN,NN,tune,0,4,3.9541963103868754,0.0003320844482477474,15.816785241547501,0.06451612903225806,3.9541963103868754,0.2551094393797984
stands,7,6.9275379530115e-05,13.817297764800635,6,VB,VBZ,stand,0,6,3.3692338096657193,0.00031760895740617743,20.215402857994317,0.0967741935483871,3.3692338096657193,0.3260548848063599
often,7,6.9275379530115e-05,13.817297764800635,5,RB,RB,often,0,7,3.146841388329271,0.00018447557796345216,22.0278897183049,0.11290322580645161,3.146841388329271,0.3552885438436274
beautifully,7,6.9275379530115e-05,13.817297764800635,11,RB,RB,beauti,0,4,3.9541963103868754,0.00021801764260187398,15.816785241547501,0.06451612903225806,3.9541963103868754,0.2551094393797984
astonished,7,6.9275379530115e-05,13.817297764800635,10,VB,VBN,astonish,0,7,3.146841388329271,0.0002024429688484924,22.0278897183049,0.11290322580645161,3.146841388329271,0.3552885438436274
handkerchief,7,6.9275379530115e-05,13.817297764800635,12,NN,NN,handkerchief,0,3,4.369233809665719,0.00018811174270516953,13.107701428997157,0.04838709677419355,4.369233809665719,0.2114145391773735
weather,7,6.9275379530115e-05,13.817297764800635,7,NN,NN,weather,0,7,3.146841388329271,0.0001878234548749539,22.0278897183049,0.11290322580645161,3.146841388329271,0.3552885438436274
beds,7,6.9275379530115e-05,13.817297764800635,4,NN,NNS,bed,0,4,3.9541963103868754,0.0002440322440316217,15.816785241547501,0.06451612903225806,3.9541963103868754,0.2551094393797984
oven,7,6.9275379530115e-05,13.817297764800635,4,NN,NN,oven,0,3,4.369233809665719,0.0001961405027192537,13.107701428997157,0.04838709677419355,4.369233809665719,0.2114145391773735
safely,7,6.9275379530115e-05,13.817297764800635,6,RB,RB,safe,0,7,3.146841388329271,0.00018383843918746173,22.0278897183049,0.11290322580645161,3.146841388329271,0.3552885438436274
fairest,7,6.9275379530115e-05,13.817297764800635,7,JJ,JJS,fairest,0,1,5.954196310386875,0.0002817468443116305,5.954196310386875,0.016129032258064516,5.954196310386875,0.09603542436107862
prize,7,6.9275379530115e-05,13.817297764800635,5,NN,NN,prize,0,6,3.3692338096657193,0.00016647729055423933,20.215402857994317,0.0967741935483871,3.3692338096657193,0.3260548848063599
bottle,7,6.9275379530115e-05,13.817297764800635,6,NN,NN,bottl,0,3,4.369233809665719,0.00026707888942102307,13.107701428997157,0.04838709677419355,4.369233809665719,0.2114145391773735
change,7,6.9275379530115e-05,13.817297764800635,6,VB,VB,chang,0,6,3.3692338096657193,0.00024302097866128034,20.215402857994317,0.0967741935483871,3.3692338096657193,0.3260548848063599
shabby,7,6.9275379530115e-05,13.817297764800635,6,NN,NN,shabbi,0,3,4.369233809665719,0.0001919324843523921,13.107701428997157,0.04838709677419355,4.369233809665719,0.2114145391773735
buttons,7,6.9275379530115e-05,13.817297764800635,7,NN,NNS,button,0,1,5.954196310386875,0.0003506770842605897,5.954196310386875,0.016129032258064516,5.954196310386875,0.09603542436107862
born,7,6.9275379530115e-05,13.817297764800635,4,VB,VBN,born,0,5,3.6322682154995127,0.00015406228052688287,18.161341077497564,0.08064516129032258,3.6322682154995127,0.29292485608867036
seated,7,6.9275379530115e-05,13.817297764800635,6,VB,VBD,seat,0,6,3.3692338096657193,0.00018617502211856,20.215402857994317,0.0967741935483871,3.3692338096657193,0.3260548848063599
flames,7,6.9275379530115e-05,13.817297764800635,6,NN,NNS,flame,0,3,4.369233809665719,0.00021044966120965986,13.107701428997157,0.04838709677419355,4.369233809665719,0.2114145391773735
fare,7,6.9275379530115e-05,13.817297764800635,4,VB,VB,fare,0,5,3.6322682154995127,0.0004131546118874137,18.161341077497564,0.08064516129032258,3.6322682154995127,0.29292485608867036
comb,7,6.9275379530115e-05,13.817297764800635,4,JJ,JJ,comb,0,3,4.369233809665719,0.00021162882451839085,13.107701428997157,0.04838709677419355,4.369233809665719,0.2114145391773735
hit,7,6.9275379530115e-05,13.817297764800635,3,VB,VB,hit,0,7,3.146841388329271,0.0002685378463644076,22.0278897183049,0.11290322580645161,3.146841388329271,0.3552885438436274
homewards,7,6.9275379530115e-05,13.817297764800635,9,NN,NNS,homeward,0,5,3.6322682154995127,0.00017754220113110495,18.161341077497564,0.08064516129032258,3.6322682154995127,0.29292485608867036
grow,7,6.9275379530115e-05,13.817297764800635,4,VB,VB,grow,0,7,3.146841388329271,0.00017730064141041702,22.0278897183049,0.11290322580645161,3.146841388329271,0.3552885438436274
aside,7,6.9275379530115e-05,13.817297764800635,5,RB,RB,asid,0,6,3.3692338096657193,0.0002379928137383579,20.215402857994317,0.0967741935483871,3.3692338096657193,0.3260548848063599
bright,7,6.9275379530115e-05,13.817297764800635,6,JJ,JJ,bright,0,6,3.3692338096657193,0.00017661995034240965,20.215402857994317,0.0967741935483871,3.3692338096657193,0.3260548848063599
lock,7,6.9275379530115e-05,13.817297764800635,4,NN,NN,lock,0,3,4.369233809665719,0.0002162554332961168,13.107701428997157,0.04838709677419355,4.369233809665719,0.2114145391773735
offered,7,6.9275379530115e-05,13.817297764800635,7,VB,VBD,offer,0,6,3.3692338096657193,0.00019838614292065688,20.215402857994317,0.0967741935483871,3.3692338096657193,0.3260548848063599
hath,7,6.9275379530115e-05,13.817297764800635,4,NN,NN,hath,0,2,4.954196310386875,0.0002595918544571109,9.90839262077375,0.03225806451612903,4.954196310386875,0.1598127842060282
weeping,7,6.9275379530115e-05,13.817297764800635,7,VB,VBG,weep,0,6,3.3692338096657193,0.0003223558160867256,20.215402857994317,0.0967741935483871,3.3692338096657193,0.3260548848063599
hastened,7,6.9275379530115e-05,13.817297764800635,8,VB,VBD,hasten,0,7,3.146841388329271,0.00022053589980603201,22.0278897183049,0.11290322580645161,3.146841388329271,0.3552885438436274
wisdom,7,6.9275379530115e-05,13.817297764800635,6,NN,NN,wisdom,0,3,4.369233809665719,0.0003960810351784325,13.107701428997157,0.04838709677419355,4.369233809665719,0.2114145391773735
inquired,7,6.9275379530115e-05,13.817297764800635,8,VB,VBD,inquir,0,7,3.146841388329271,0.00027734828088255833,22.0278897183049,0.11290322580645161,3.146841388329271,0.3552885438436274
bank,7,6.9275379530115e-05,13.817297764800635,4,NN,NN,bank,0,5,3.6322682154995127,0.0002746867432999835,18.161341077497564,0.08064516129032258,3.6322682154995127,0.29292485608867036
consented,7,6.9275379530115e-05,13.817297764800635,9,VB,VBD,consent,0,6,3.3692338096657193,0.0002087063673076411,20.215402857994317,0.0967741935483871,3.3692338096657193,0.3260548848063599
guests,7,6.9275379530115e-05,13.817297764800635,6,NN,NNS,guest,0,4,3.9541963103868754,0.00028174073834430014,15.816785241547501,0.06451612903225806,3.9541963103868754,0.2551094393797984
pin,7,6.9275379530115e-05,13.817297764800635,3,NN,NN,pin,0,1,5.954196310386875,0.0003577690103925228,5.954196310386875,0.016129032258064516,5.954196310386875,0.09603542436107862
loss,7,6.9275379530115e-05,13.817297764800635,4,NN,NN,loss,0,6,3.3692338096657193,0.00026661251400176834,20.215402857994317,0.0967741935483871,3.3692338096657193,0.3260548848063599
chest,7,6.9275379530115e-05,13.817297764800635,5,NN,NN,chest,0,3,4.369233809665719,0.0002608673518923395,13.107701428997157,0.04838709677419355,4.369233809665719,0.2114145391773735
leaves,7,6.9275379530115e-05,13.817297764800635,6,NN,NNS,leav,0,2,4.954196310386875,0.00030734058719050826,9.90839262077375,0.03225806451612903,4.954196310386875,0.1598127842060282
whenever,7,6.9275379530115e-05,13.817297764800635,8,WR,WRB,whenev,0,5,3.6322682154995127,0.00020552062810372016,18.161341077497564,0.08064516129032258,3.6322682154995127,0.29292485608867036
journeyed,7,6.9275379530115e-05,13.817297764800635,9,VB,VBD,journey,0,7,3.146841388329271,0.00018918016760701635,22.0278897183049,0.11290322580645161,3.146841388329271,0.3552885438436274
friendly,7,6.9275379530115e-05,13.817297764800635,8,JJ,JJ,friendli,0,6,3.3692338096657193,0.00039009500584797263,20.215402857994317,0.0967741935483871,3.3692338096657193,0.3260548848063599
belonged,7,6.9275379530115e-05,13.817297764800635,8,VB,VBD,belong,0,7,3.146841388329271,0.00017698313922100926,22.0278897183049,0.11290322580645161,3.146841388329271,0.3552885438436274
pipe,7,6.9275379530115e-05,13.817297764800635,4,NN,NN,pipe,0,3,4.369233809665719,0.0002667008695890298,13.107701428997157,0.04838709677419355,4.369233809665719,0.2114145391773735
account,7,6.9275379530115e-05,13.817297764800635,7,NN,NN,account,0,7,3.146841388329271,0.00020900136147787132,22.0278897183049,0.11290322580645161,3.146841388329271,0.3552885438436274
sharp,7,6.9275379530115e-05,13.817297764800635,5,JJ,JJ,sharp,0,6,3.3692338096657193,0.0001715841610825165,20.215402857994317,0.0967741935483871,3.3692338096657193,0.3260548848063599
welcomed,7,6.9275379530115e-05,13.817297764800635,8,VB,VBD,welcom,0,5,3.6322682154995127,0.00019161526166774196,18.161341077497564,0.08064516129032258,3.6322682154995127,0.29292485608867036
happen,7,6.9275379530115e-05,13.817297764800635,6,VB,VB,happen,0,7,3.146841388329271,0.00020781843372523115,22.0278897183049,0.11290322580645161,3.146841388329271,0.3552885438436274
heavens,7,6.9275379530115e-05,13.817297764800635,7,NN,NNS,heaven,0,6,3.3692338096657193,0.000236983986294178,20.215402857994317,0.0967741935483871,3.3692338096657193,0.3260548848063599
meet,7,6.9275379530115e-05,13.817297764800635,4,VB,VB,meet,0,6,3.3692338096657193,0.00020886777309904895,20.215402857994317,0.0967741935483871,3.3692338096657193,0.3260548848063599
mean,7,6.9275379530115e-05,13.817297764800635,4,VB,VB,mean,0,6,3.3692338096657193,0.00020469126106438195,20.215402857994317,0.0967741935483871,3.3692338096657193,0.3260548848063599
mice,7,6.9275379530115e-05,13.817297764800635,4,NN,NN,mice,0,2,4.954196310386875,0.0003136527483926402,9.90839262077375,0.03225806451612903,4.954196310386875,0.1598127842060282
idle,7,6.9275379530115e-05,13.817297764800635,4,JJ,JJ,idl,0,7,3.146841388329271,0.0002013887850530806,22.0278897183049,0.11290322580645161,3.146841388329271,0.3552885438436274
reigned,7,6.9275379530115e-05,13.817297764800635,7,VB,VBD,reign,0,7,3.146841388329271,0.00017684893642640925,22.0278897183049,0.11290322580645161,3.146841388329271,0.3552885438436274
rampion,7,6.9275379530115e-05,13.817297764800635,7,NN,NN,rampion,0,1,5.954196310386875,0.0004757593563535389,5.954196310386875,0.016129032258064516,5.954196310386875,0.09603542436107862
fairies,7,6.9275379530115e-05,13.817297764800635,7,NN,NNS,fairi,0,1,5.954196310386875,0.0004428511004792822,5.954196310386875,0.016129032258064516,5.954196310386875,0.09603542436107862
washed,7,6.9275379530115e-05,13.817297764800635,6,VB,VBD,wash,0,5,3.6322682154995127,0.00018840055460447733,18.161341077497564,0.08064516129032258,3.6322682154995127,0.29292485608867036
walls,7,6.9275379530115e-05,13.817297764800635,5,NN,NNS,wall,0,5,3.6322682154995127,0.000295107583554058,18.161341077497564,0.08064516129032258,3.6322682154995127,0.29292485608867036
walking,7,6.9275379530115e-05,13.817297764800635,7,VB,VBG,walk,0,6,3.3692338096657193,0.0002158917985197808,20.215402857994317,0.0967741935483871,3.3692338096657193,0.3260548848063599
nut,7,6.9275379530115e-05,13.817297764800635,3,NN,NN,nut,0,2,4.954196310386875,0.00027202549961213065,9.90839262077375,0.03225806451612903,4.954196310386875,0.1598127842060282
prisoner,7,6.9275379530115e-05,13.817297764800635,8,NN,NN,prison,0,5,3.6322682154995127,0.000238542705485765,18.161341077497564,0.08064516129032258,3.6322682154995127,0.29292485608867036
waves,7,6.9275379530115e-05,13.817297764800635,5,NN,NNS,wave,0,2,4.954196310386875,0.0002751570390552863,9.90839262077375,0.03225806451612903,4.954196310386875,0.1598127842060282
drive,7,6.9275379530115e-05,13.817297764800635,5,VB,VB,drive,0,6,3.3692338096657193,0.00020763557290845122,20.215402857994317,0.0967741935483871,3.3692338096657193,0.3260548848063599
amongst,7,6.9275379530115e-05,13.817297764800635,7,IN,IN,amongst,0,7,3.146841388329271,0.0002045697019105487,22.0278897183049,0.11290322580645161,3.146841388329271,0.3552885438436274
hearken,7,6.9275379530115e-05,13.817297764800635,7,NN,NNP,hearken,0,2,4.954196310386875,0.0002466294582574724,9.90839262077375,0.03225806451612903,4.954196310386875,0.1598127842060282
proud,7,6.9275379530115e-05,13.817297764800635,5,JJ,JJ,proud,0,4,3.9541963103868754,0.00024511601451617334,15.816785241547501,0.06451612903225806,3.9541963103868754,0.2551094393797984
smoke,7,6.9275379530115e-05,13.817297764800635,5,NN,NN,smoke,0,3,4.369233809665719,0.0003690205035300574,13.107701428997157,0.04838709677419355,4.369233809665719,0.2114145391773735
boon,7,6.9275379530115e-05,13.817297764800635,4,NN,NN,boon,0,2,4.954196310386875,0.0002795723981240937,9.90839262077375,0.03225806451612903,4.954196310386875,0.1598127842060282
leapt,7,6.9275379530115e-05,13.817297764800635,5,VB,VBD,leapt,0,6,3.3692338096657193,0.0002515467667034953,20.215402857994317,0.0967741935483871,3.3692338096657193,0.3260548848063599
beat,7,6.9275379530115e-05,13.817297764800635,4,VB,VB,beat,0,6,3.3692338096657193,0.0001559412862086414,20.215402857994317,0.0967741935483871,3.3692338096657193,0.3260548848063599
sweetheart,7,6.9275379530115e-05,13.817297764800635,10,NN,NN,sweetheart,0,1,5.954196310386875,0.0004539149024493926,5.954196310386875,0.016129032258064516,5.954196310386875,0.09603542436107862
goods,7,6.9275379530115e-05,13.817297764800635,5,NN,NNS,good,0,4,3.9541963103868754,0.00026801042995101723,15.816785241547501,0.06451612903225806,3.9541963103868754,0.2551094393797984
diamonds,7,6.9275379530115e-05,13.817297764800635,8,NN,NNS,diamond,0,4,3.9541963103868754,0.00020559738286191276,15.816785241547501,0.06451612903225806,3.9541963103868754,0.2551094393797984
spread,7,6.9275379530115e-05,13.817297764800635,6,VB,VBD,spread,0,7,3.146841388329271,0.00019201056531162065,22.0278897183049,0.11290322580645161,3.146841388329271,0.3552885438436274
murderers,7,6.9275379530115e-05,13.817297764800635,9,NN,NNS,murder,0,2,4.954196310386875,0.0003941661274872158,9.90839262077375,0.03225806451612903,4.954196310386875,0.1598127842060282
guards,7,6.9275379530115e-05,13.817297764800635,6,NN,NNS,guard,0,5,3.6322682154995127,0.0001660462433202411,18.161341077497564,0.08064516129032258,3.6322682154995127,0.29292485608867036
mounted,7,6.9275379530115e-05,13.817297764800635,7,VB,VBD,mount,0,4,3.9541963103868754,0.000178927871653008,15.816785241547501,0.06451612903225806,3.9541963103868754,0.2551094393797984
wheel,7,6.9275379530115e-05,13.817297764800635,5,NN,NN,wheel,0,4,3.9541963103868754,0.0003161538998455161,15.816785241547501,0.06451612903225806,3.9541963103868754,0.2551094393797984
overcome,7,6.9275379530115e-05,13.817297764800635,8,JJ,JJ,overcom,0,5,3.6322682154995127,0.000182421563090593,18.161341077497564,0.08064516129032258,3.6322682154995127,0.29292485608867036
honest,7,6.9275379530115e-05,13.817297764800635,6,JJ,JJ,honest,0,6,3.3692338096657193,0.0003104665311239732,20.215402857994317,0.0967741935483871,3.3692338096657193,0.3260548848063599
treasures,7,6.9275379530115e-05,13.817297764800635,9,NN,NNS,treasur,0,4,3.9541963103868754,0.00016832671023630106,15.816785241547501,0.06451612903225806,3.9541963103868754,0.2551094393797984
plucked,7,6.9275379530115e-05,13.817297764800635,7,VB,VBD,pluck,0,6,3.3692338096657193,0.0002706084284450911,20.215402857994317,0.0967741935483871,3.3692338096657193,0.3260548848063599
locks,7,6.9275379530115e-05,13.817297764800635,5,NN,NNS,lock,0,3,4.369233809665719,0.00031943864720756024,13.107701428997157,0.04838709677419355,4.369233809665719,0.2114145391773735
boots,7,6.9275379530115e-05,13.817297764800635,5,NN,NNS,boot,0,4,3.9541963103868754,0.0002272060760926095,15.816785241547501,0.06451612903225806,3.9541963103868754,0.2551094393797984
sir,7,6.9275379530115e-05,13.817297764800635,3,NN,NN,sir,0,6,3.3692338096657193,0.0003049338368470218,20.215402857994317,0.0967741935483871,3.3692338096657193,0.3260548848063599
missed,7,6.9275379530115e-05,13.817297764800635,6,VB,VBD,miss,0,6,3.3692338096657193,0.0002269058072365581,20.215402857994317,0.0967741935483871,3.3692338096657193,0.3260548848063599
larger,7,6.9275379530115e-05,13.817297764800635,6,JJ,JJR,larger,0,5,3.6322682154995127,0.0002977353645164428,18.161341077497564,0.08064516129032258,3.6322682154995127,0.29292485608867036
spit,7,6.9275379530115e-05,13.817297764800635,4,NN,NN,spit,0,3,4.369233809665719,0.0004090732882594521,13.107701428997157,0.04838709677419355,4.369233809665719,0.2114145391773735
thanked,7,6.9275379530115e-05,13.817297764800635,7,VB,VBD,thank,0,6,3.3692338096657193,0.00027138389017957273,20.215402857994317,0.0967741935483871,3.3692338096657193,0.3260548848063599
fighting,7,6.9275379530115e-05,13.817297764800635,8,NN,NN,fight,0,4,3.9541963103868754,0.0002343898295802722,15.816785241547501,0.06451612903225806,3.9541963103868754,0.2551094393797984
bigger,7,6.9275379530115e-05,13.817297764800635,6,JJ,JJR,bigger,0,4,3.9541963103868754,0.00019854622037757068,15.816785241547501,0.06451612903225806,3.9541963103868754,0.2551094393797984
wonder,7,6.9275379530115e-05,13.817297764800635,6,NN,NN,wonder,0,6,3.3692338096657193,0.0002709991154050056,20.215402857994317,0.0967741935483871,3.3692338096657193,0.3260548848063599
box,7,6.9275379530115e-05,13.817297764800635,3,NN,NN,box,0,4,3.9541963103868754,0.0002264884444486241,15.816785241547501,0.06451612903225806,3.9541963103868754,0.2551094393797984
carefully,6,5.937889674009857e-05,14.039690186137085,9,RB,RB,care,0,6,3.3692338096657193,0.0001678814323601268,20.215402857994317,0.0967741935483871,3.3692338096657193,0.3260548848063599
musician,6,5.937889674009857e-05,14.039690186137085,8,JJ,JJ,musician,0,3,4.369233809665719,0.00030975955059278447,13.107701428997157,0.04838709677419355,4.369233809665719,0.2114145391773735
poisoned,6,5.937889674009857e-05,14.039690186137085,8,JJ,JJ,poison,0,1,5.954196310386875,0.00024149729512425473,5.954196310386875,0.016129032258064516,5.954196310386875,0.09603542436107862
glittered,6,5.937889674009857e-05,14.039690186137085,9,VB,VBD,glitter,0,6,3.3692338096657193,0.00014016991983730162,20.215402857994317,0.0967741935483871,3.3692338096657193,0.3260548848063599
worth,6,5.937889674009857e-05,14.039690186137085,5,JJ,JJ,worth,0,6,3.3692338096657193,0.00018770454068062112,20.215402857994317,0.0967741935483871,3.3692338096657193,0.3260548848063599
nightwind,6,5.937889674009857e-05,14.039690186137085,9,JJ,JJ,nightwind,0,1,5.954196310386875,0.00024498832745173117,5.954196310386875,0.016129032258064516,5.954196310386875,0.09603542436107862
briar,6,5.937889674009857e-05,14.039690186137085,5,NN,NNP,briar,0,2,4.954196310386875,0.0003171506347575192,9.90839262077375,0.03225806451612903,4.954196310386875,0.1598127842060282
plan,6,5.937889674009857e-05,14.039690186137085,4,NN,NN,plan,0,4,3.9541963103868754,0.00026534632987378624,15.816785241547501,0.06451612903225806,3.9541963103868754,0.2551094393797984
torn,6,5.937889674009857e-05,14.039690186137085,4,VB,VBN,torn,0,3,4.369233809665719,0.00021622008589744547,13.107701428997157,0.04838709677419355,4.369233809665719,0.2114145391773735
hurry,6,5.937889674009857e-05,14.039690186137085,5,NN,NN,hurri,0,5,3.6322682154995127,0.00026143752103082715,18.161341077497564,0.08064516129032258,3.6322682154995127,0.29292485608867036
chickens,6,5.937889674009857e-05,14.039690186137085,8,NN,NNS,chicken,0,3,4.369233809665719,0.00036460785177941694,13.107701428997157,0.04838709677419355,4.369233809665719,0.2114145391773735
wherever,6,5.937889674009857e-05,14.039690186137085,8,IN,IN,wherev,0,6,3.3692338096657193,0.0002126360308690162,20.215402857994317,0.0967741935483871,3.3692338096657193,0.3260548848063599
branch,6,5.937889674009857e-05,14.039690186137085,6,NN,NN,branch,0,4,3.9541963103868754,0.000163687227403108,15.816785241547501,0.06451612903225806,3.9541963103868754,0.2551094393797984
blew,6,5.937889674009857e-05,14.039690186137085,4,VB,VBD,blew,0,4,3.9541963103868754,0.00014738584548517548,15.816785241547501,0.06451612903225806,3.9541963103868754,0.2551094393797984
cabin,6,5.937889674009857e-05,14.039690186137085,5,NN,NN,cabin,0,1,5.954196310386875,0.00026976242798055795,5.954196310386875,0.016129032258064516,5.954196310386875,0.09603542436107862
miss,6,5.937889674009857e-05,14.039690186137085,4,NN,NNP,miss,0,2,4.954196310386875,0.001014260118804341,9.90839262077375,0.03225806451612903,4.954196310386875,0.1598127842060282
peeped,6,5.937889674009857e-05,14.039690186137085,6,VB,VBD,peep,0,6,3.3692338096657193,0.00018469018548154104,20.215402857994317,0.0967741935483871,3.3692338096657193,0.3260548848063599
fool,6,5.937889674009857e-05,14.039690186137085,4,NN,NN,fool,0,4,3.9541963103868754,0.00040006240648721733,15.816785241547501,0.06451612903225806,3.9541963103868754,0.2551094393797984
noon,6,5.937889674009857e-05,14.039690186137085,4,NN,NN,noon,0,5,3.6322682154995127,0.0001587629443294597,18.161341077497564,0.08064516129032258,3.6322682154995127,0.29292485608867036
wandered,6,5.937889674009857e-05,14.039690186137085,8,VB,VBD,wander,0,6,3.3692338096657193,0.00030984404570121255,20.215402857994317,0.0967741935483871,3.3692338096657193,0.3260548848063599
flesh,6,5.937889674009857e-05,14.039690186137085,5,JJ,JJ,flesh,0,5,3.6322682154995127,0.00017433409978824643,18.161341077497564,0.08064516129032258,3.6322682154995127,0.29292485608867036
doubt,6,5.937889674009857e-05,14.039690186137085,5,NN,NN,doubt,0,6,3.3692338096657193,0.00023639608816341585,20.215402857994317,0.0967741935483871,3.3692338096657193,0.3260548848063599
spun,6,5.937889674009857e-05,14.039690186137085,4,JJ,JJ,spun,0,3,4.369233809665719,0.0003243600970725402,13.107701428997157,0.04838709677419355,4.369233809665719,0.2114145391773735
circle,6,5.937889674009857e-05,14.039690186137085,6,NN,NN,circl,0,3,4.369233809665719,0.00022523201724850735,13.107701428997157,0.04838709677419355,4.369233809665719,0.2114145391773735
arm,6,5.937889674009857e-05,14.039690186137085,3,NN,NN,arm,0,4,3.9541963103868754,0.00017267880441997944,15.816785241547501,0.06451612903225806,3.9541963103868754,0.2551094393797984
heap,6,5.937889674009857e-05,14.039690186137085,4,NN,NN,heap,0,4,3.9541963103868754,0.0003115828990807863,15.816785241547501,0.06451612903225806,3.9541963103868754,0.2551094393797984
thorns,6,5.937889674009857e-05,14.039690186137085,6,NN,NNS,thorn,0,4,3.9541963103868754,0.0002683824358887554,15.816785241547501,0.06451612903225806,3.9541963103868754,0.2551094393797984
parlour,6,5.937889674009857e-05,14.039690186137085,7,NN,NN,parlour,0,5,3.6322682154995127,0.00026121341746713925,18.161341077497564,0.08064516129032258,3.6322682154995127,0.29292485608867036
burst,6,5.937889674009857e-05,14.039690186137085,5,VB,NN,burst,0,5,3.6322682154995127,0.0002795274910856216,18.161341077497564,0.08064516129032258,3.6322682154995127,0.29292485608867036
precious,6,5.937889674009857e-05,14.039690186137085,8,JJ,JJ,preciou,0,5,3.6322682154995127,0.00020120469844971464,18.161341077497564,0.08064516129032258,3.6322682154995127,0.29292485608867036
wear,6,5.937889674009857e-05,14.039690186137085,4,VB,VB,wear,0,5,3.6322682154995127,0.00015696980209348207,18.161341077497564,0.08064516129032258,3.6322682154995127,0.29292485608867036
suppose,6,5.937889674009857e-05,14.039690186137085,7,VB,VB,suppos,0,5,3.6322682154995127,0.00018019432032832856,18.161341077497564,0.08064516129032258,3.6322682154995127,0.29292485608867036
overtook,6,5.937889674009857e-05,14.039690186137085,8,VB,VBD,overtook,0,5,3.6322682154995127,0.00023132733365871942,18.161341077497564,0.08064516129032258,3.6322682154995127,0.29292485608867036
hatchet,6,5.937889674009857e-05,14.039690186137085,7,NN,NN,hatchet,0,2,4.954196310386875,0.00034545860610446576,9.90839262077375,0.03225806451612903,4.954196310386875,0.1598127842060282
bag,6,5.937889674009857e-05,14.039690186137085,3,NN,NN,bag,0,3,4.369233809665719,0.00018741746430355778,13.107701428997157,0.04838709677419355,4.369233809665719,0.2114145391773735
locked,6,5.937889674009857e-05,14.039690186137085,6,VB,VBN,lock,0,5,3.6322682154995127,0.00019414647749389652,18.161341077497564,0.08064516129032258,3.6322682154995127,0.29292485608867036
case,6,5.937889674009857e-05,14.039690186137085,4,NN,NN,case,0,5,3.6322682154995127,0.00028298942074001866,18.161341077497564,0.08064516129032258,3.6322682154995127,0.29292485608867036
real,6,5.937889674009857e-05,14.039690186137085,4,JJ,JJ,real,0,5,3.6322682154995127,0.00016565862996865323,18.161341077497564,0.08064516129032258,3.6322682154995127,0.29292485608867036
unlucky,6,5.937889674009857e-05,14.039690186137085,7,JJ,JJ,unlucki,0,2,4.954196310386875,0.00034501965546175476,9.90839262077375,0.03225806451612903,4.954196310386875,0.1598127842060282
sighed,6,5.937889674009857e-05,14.039690186137085,6,VB,VBD,sigh,0,4,3.9541963103868754,0.0004217241463488603,15.816785241547501,0.06451612903225806,3.9541963103868754,0.2551094393797984
friends,6,5.937889674009857e-05,14.039690186137085,7,NN,NNS,friend,0,5,3.6322682154995127,0.0003146491286225487,18.161341077497564,0.08064516129032258,3.6322682154995127,0.29292485608867036
wash,6,5.937889674009857e-05,14.039690186137085,4,VB,VB,wash,0,6,3.3692338096657193,0.00013181001488531618,20.215402857994317,0.0967741935483871,3.3692338096657193,0.3260548848063599
godmother,6,5.937889674009857e-05,14.039690186137085,9,RB,RB,godmoth,0,1,5.954196310386875,0.0005849873565141845,5.954196310386875,0.016129032258064516,5.954196310386875,0.09603542436107862
cousin,6,5.937889674009857e-05,14.039690186137085,6,NN,NN,cousin,0,2,4.954196310386875,0.00024629212129387594,9.90839262077375,0.03225806451612903,4.954196310386875,0.1598127842060282
student,6,5.937889674009857e-05,14.039690186137085,7,NN,NN,student,0,1,5.954196310386875,0.0004984537596595776,5.954196310386875,0.016129032258064516,5.954196310386875,0.09603542436107862
woods,6,5.937889674009857e-05,14.039690186137085,5,NN,NNS,wood,0,6,3.3692338096657193,0.00016816041222775756,20.215402857994317,0.0967741935483871,3.3692338096657193,0.3260548848063599
celebrated,6,5.937889674009857e-05,14.039690186137085,10,VB,VBN,celebr,0,6,3.3692338096657193,0.00021526577507310508,20.215402857994317,0.0967741935483871,3.3692338096657193,0.3260548848063599
hut,6,5.937889674009857e-05,14.039690186137085,3,NN,NN,hut,0,3,4.369233809665719,0.00028998366216475993,13.107701428997157,0.04838709677419355,4.369233809665719,0.2114145391773735
lap,6,5.937889674009857e-05,14.039690186137085,3,NN,NN,lap,0,5,3.6322682154995127,0.0002026366580794182,18.161341077497564,0.08064516129032258,3.6322682154995127,0.29292485608867036
joke,6,5.937889674009857e-05,14.039690186137085,4,NN,NN,joke,0,6,3.3692338096657193,0.00021236401463941315,20.215402857994317,0.0967741935483871,3.3692338096657193,0.3260548848063599
eleven,6,5.937889674009857e-05,14.039690186137085,6,JJ,JJ,eleven,0,2,4.954196310386875,0.0004037150857830269,9.90839262077375,0.03225806451612903,4.954196310386875,0.1598127842060282
birth,6,5.937889674009857e-05,14.039690186137085,5,NN,NN,birth,0,6,3.3692338096657193,0.00022569626741980839,20.215402857994317,0.0967741935483871,3.3692338096657193,0.3260548848063599
bore,6,5.937889674009857e-05,14.039690186137085,4,VB,VBD,bore,0,5,3.6322682154995127,0.0001852472224828498,18.161341077497564,0.08064516129032258,3.6322682154995127,0.29292485608867036
everywhere,6,5.937889674009857e-05,14.039690186137085,10,RB,RB,everywher,0,5,3.6322682154995127,0.00021824398212503334,18.161341077497564,0.08064516129032258,3.6322682154995127,0.29292485608867036
fresh,6,5.937889674009857e-05,14.039690186137085,5,JJ,JJ,fresh,0,5,3.6322682154995127,0.00020011322811977947,18.161341077497564,0.08064516129032258,3.6322682154995127,0.29292485608867036
revenge,6,5.937889674009857e-05,14.039690186137085,7,NN,NN,reveng,0,6,3.3692338096657193,0.00021626421670760306,20.215402857994317,0.0967741935483871,3.3692338096657193,0.3260548848063599
noble,6,5.937889674009857e-05,14.039690186137085,5,JJ,JJ,nobl,0,5,3.6322682154995127,0.00018278927063110126,18.161341077497564,0.08064516129032258,3.6322682154995127,0.29292485608867036
stronger,6,5.937889674009857e-05,14.039690186137085,8,JJ,JJR,stronger,0,4,3.9541963103868754,0.0003781435623748131,15.816785241547501,0.06451612903225806,3.9541963103868754,0.2551094393797984
throat,6,5.937889674009857e-05,14.039690186137085,6,NN,NN,throat,0,4,3.9541963103868754,0.0002227409545646439,15.816785241547501,0.06451612903225806,3.9541963103868754,0.2551094393797984
daylight,6,5.937889674009857e-05,14.039690186137085,8,NN,NN,daylight,0,6,3.3692338096657193,0.0001412486589410771,20.215402857994317,0.0967741935483871,3.3692338096657193,0.3260548848063599
gazed,6,5.937889674009857e-05,14.039690186137085,5,VB,VBD,gaze,0,6,3.3692338096657193,0.00016987391363548955,20.215402857994317,0.0967741935483871,3.3692338096657193,0.3260548848063599
nevertheless,6,5.937889674009857e-05,14.039690186137085,12,RB,RB,nevertheless,0,5,3.6322682154995127,0.00014953635749987562,18.161341077497564,0.08064516129032258,3.6322682154995127,0.29292485608867036
thank,6,5.937889674009857e-05,14.039690186137085,5,NN,NN,thank,0,6,3.3692338096657193,0.0003779529516903961,20.215402857994317,0.0967741935483871,3.3692338096657193,0.3260548848063599
cord,6,5.937889674009857e-05,14.039690186137085,4,NN,NN,cord,0,2,4.954196310386875,0.00030835043423278974,9.90839262077375,0.03225806451612903,4.954196310386875,0.1598127842060282
butcher,6,5.937889674009857e-05,14.039690186137085,7,NN,NN,butcher,0,2,4.954196310386875,0.00022728949694506852,9.90839262077375,0.03225806451612903,4.954196310386875,0.1598127842060282
weak,6,5.937889674009857e-05,14.039690186137085,4,JJ,JJ,weak,0,4,3.9541963103868754,0.000195566118337416,15.816785241547501,0.06451612903225806,3.9541963103868754,0.2551094393797984
forget,6,5.937889674009857e-05,14.039690186137085,6,VB,VB,forget,0,5,3.6322682154995127,0.0001620556630233692,18.161341077497564,0.08064516129032258,3.6322682154995127,0.29292485608867036
continually,6,5.937889674009857e-05,14.039690186137085,11,RB,RB,continu,0,6,3.3692338096657193,0.0003187596738208405,20.215402857994317,0.0967741935483871,3.3692338096657193,0.3260548848063599
forester,6,5.937889674009857e-05,14.039690186137085,8,NN,NN,forest,0,1,5.954196310386875,0.000613644884096349,5.954196310386875,0.016129032258064516,5.954196310386875,0.09603542436107862
odd,6,5.937889674009857e-05,14.039690186137085,3,JJ,JJ,odd,0,4,3.9541963103868754,0.0003208581936138818,15.816785241547501,0.06451612903225806,3.9541963103868754,0.2551094393797984
quick,6,5.937889674009857e-05,14.039690186137085,5,JJ,JJ,quick,0,5,3.6322682154995127,0.0001991756391180239,18.161341077497564,0.08064516129032258,3.6322682154995127,0.29292485608867036
strike,6,5.937889674009857e-05,14.039690186137085,6,NN,VB,strike,0,5,3.6322682154995127,0.00015677430712525748,18.161341077497564,0.08064516129032258,3.6322682154995127,0.29292485608867036
rather,6,5.937889674009857e-05,14.039690186137085,6,RB,RB,rather,0,5,3.6322682154995127,0.0001848623356745422,18.161341077497564,0.08064516129032258,3.6322682154995127,0.29292485608867036
continued,6,5.937889674009857e-05,14.039690186137085,9,VB,VBD,continu,0,6,3.3692338096657193,0.00019213887836841252,20.215402857994317,0.0967741935483871,3.3692338096657193,0.3260548848063599
dearly,6,5.937889674009857e-05,14.039690186137085,6,RB,RB,dearli,0,5,3.6322682154995127,0.00020822490155514268,18.161341077497564,0.08064516129032258,3.6322682154995127,0.29292485608867036
thrust,6,5.937889674009857e-05,14.039690186137085,6,VB,VBD,thrust,0,5,3.6322682154995127,0.00016272026442299507,18.161341077497564,0.08064516129032258,3.6322682154995127,0.29292485608867036
thicket,6,5.937889674009857e-05,14.039690186137085,7,NN,NN,thicket,0,2,4.954196310386875,0.0002582481005165807,9.90839262077375,0.03225806451612903,4.954196310386875,0.1598127842060282
frock,6,5.937889674009857e-05,14.039690186137085,5,NN,NN,frock,0,2,4.954196310386875,0.00018797390706996775,9.90839262077375,0.03225806451612903,4.954196310386875,0.1598127842060282
during,6,5.937889674009857e-05,14.039690186137085,6,IN,IN,dure,1,6,3.3692338096657193,0.0002180342738591708,20.215402857994317,0.0967741935483871,3.3692338096657193,0.3260548848063599
tails,6,5.937889674009857e-05,14.039690186137085,5,NN,NNS,tail,0,3,4.369233809665719,0.0007913572595448774,13.107701428997157,0.04838709677419355,4.369233809665719,0.2114145391773735
millstone,6,5.937889674009857e-05,14.039690186137085,9,NN,NN,millston,0,2,4.954196310386875,0.00020520732777449784,9.90839262077375,0.03225806451612903,4.954196310386875,0.1598127842060282
enchantment,6,5.937889674009857e-05,14.039690186137085,11,NN,NN,enchant,0,6,3.3692338096657193,0.00016626428790565833,20.215402857994317,0.0967741935483871,3.3692338096657193,0.3260548848063599
coach,6,5.937889674009857e-05,14.039690186137085,5,NN,NN,coach,0,4,3.9541963103868754,0.0002651252082525335,15.816785241547501,0.06451612903225806,3.9541963103868754,0.2551094393797984
afar,6,5.937889674009857e-05,14.039690186137085,4,NN,NN,afar,0,4,3.9541963103868754,0.0002883548088266447,15.816785241547501,0.06451612903225806,3.9541963103868754,0.2551094393797984
possible,6,5.937889674009857e-05,14.039690186137085,8,JJ,JJ,possibl,0,6,3.3692338096657193,0.00021683921285412395,20.215402857994317,0.0967741935483871,3.3692338096657193,0.3260548848063599
single,6,5.937889674009857e-05,14.039690186137085,6,JJ,JJ,singl,0,5,3.6322682154995127,0.00019626559022933217,18.161341077497564,0.08064516129032258,3.6322682154995127,0.29292485608867036
bitterly,6,5.937889674009857e-05,14.039690186137085,8,RB,RB,bitterli,0,5,3.6322682154995127,0.0002071684369850608,18.161341077497564,0.08064516129032258,3.6322682154995127,0.29292485608867036
paws,6,5.937889674009857e-05,14.039690186137085,4,NN,NNS,paw,0,3,4.369233809665719,0.00034587015470958344,13.107701428997157,0.04838709677419355,4.369233809665719,0.2114145391773735
dame,6,5.937889674009857e-05,14.039690186137085,4,NN,NNP,dame,0,3,4.369233809665719,0.0002430621272862774,13.107701428997157,0.04838709677419355,4.369233809665719,0.2114145391773735
bent,6,5.937889674009857e-05,14.039690186137085,4,JJ,JJ,bent,0,5,3.6322682154995127,0.00014756106823066574,18.161341077497564,0.08064516129032258,3.6322682154995127,0.29292485608867036
breezes,6,5.937889674009857e-05,14.039690186137085,7,VB,VBZ,breez,0,1,5.954196310386875,0.00025620833533413596,5.954196310386875,0.016129032258064516,5.954196310386875,0.09603542436107862
click,6,5.937889674009857e-05,14.039690186137085,5,JJ,JJ,click,0,1,5.954196310386875,0.00018659732712644812,5.954196310386875,0.016129032258064516,5.954196310386875,0.09603542436107862
clack,6,5.937889674009857e-05,14.039690186137085,5,NN,NN,clack,0,1,5.954196310386875,0.00018659732712644812,5.954196310386875,0.016129032258064516,5.954196310386875,0.09603542436107862
seems,6,5.937889674009857e-05,14.039690186137085,5,VB,VBZ,seem,0,6,3.3692338096657193,0.0001823196540875444,20.215402857994317,0.0967741935483871,3.3692338096657193,0.3260548848063599
stroke,6,5.937889674009857e-05,14.039690186137085,6,NN,NN,stroke,0,3,4.369233809665719,0.00015332890684380404,13.107701428997157,0.04838709677419355,4.369233809665719,0.2114145391773735
lift,6,5.937889674009857e-05,14.039690186137085,4,NN,NN,lift,0,6,3.3692338096657193,0.00022218574834883376,20.215402857994317,0.0967741935483871,3.3692338096657193,0.3260548848063599
soft,6,5.937889674009857e-05,14.039690186137085,4,JJ,JJ,soft,0,4,3.9541963103868754,0.0002517904279717769,15.816785241547501,0.06451612903225806,3.9541963103868754,0.2551094393797984
faster,6,5.937889674009857e-05,14.039690186137085,6,NN,NN,faster,0,5,3.6322682154995127,0.0001578517506246765,18.161341077497564,0.08064516129032258,3.6322682154995127,0.29292485608867036
believed,6,5.937889674009857e-05,14.039690186137085,8,VB,VBD,believ,0,6,3.3692338096657193,0.0002795964526373104,20.215402857994317,0.0967741935483871,3.3692338096657193,0.3260548848063599
horsemen,6,5.937889674009857e-05,14.039690186137085,8,NN,NNS,horsemen,0,1,5.954196310386875,0.00017195241604490353,5.954196310386875,0.016129032258064516,5.954196310386875,0.09603542436107862
forwards,6,5.937889674009857e-05,14.039690186137085,8,NN,NNS,forward,0,6,3.3692338096657193,0.0001743511733340258,20.215402857994317,0.0967741935483871,3.3692338096657193,0.3260548848063599
sorrowfully,6,5.937889674009857e-05,14.039690186137085,11,RB,RB,sorrow,0,6,3.3692338096657193,0.0001578104341394521,20.215402857994317,0.0967741935483871,3.3692338096657193,0.3260548848063599
terribly,6,5.937889674009857e-05,14.039690186137085,8,RB,RB,terribl,0,5,3.6322682154995127,0.0002768522099051615,18.161341077497564,0.08064516129032258,3.6322682154995127,0.29292485608867036
stove,6,5.937889674009857e-05,14.039690186137085,5,NN,NN,stove,0,4,3.9541963103868754,0.0005380496331430968,15.816785241547501,0.06451612903225806,3.9541963103868754,0.2551094393797984
storm,6,5.937889674009857e-05,14.039690186137085,5,NN,NN,storm,0,3,4.369233809665719,0.0001907888211469455,13.107701428997157,0.04838709677419355,4.369233809665719,0.2114145391773735
wealth,6,5.937889674009857e-05,14.039690186137085,6,NN,NN,wealth,0,5,3.6322682154995127,0.00017609014328485688,18.161341077497564,0.08064516129032258,3.6322682154995127,0.29292485608867036
meaning,6,5.937889674009857e-05,14.039690186137085,7,VB,VBG,mean,0,6,3.3692338096657193,0.0002787389757067328,20.215402857994317,0.0967741935483871,3.3692338096657193,0.3260548848063599
drowned,6,5.937889674009857e-05,14.039690186137085,7,VB,VBN,drown,0,5,3.6322682154995127,0.0002549906721860913,18.161341077497564,0.08064516129032258,3.6322682154995127,0.29292485608867036
otherwise,6,5.937889674009857e-05,14.039690186137085,9,RB,RB,otherwis,0,5,3.6322682154995127,0.0001864801321842385,18.161341077497564,0.08064516129032258,3.6322682154995127,0.29292485608867036
trade,6,5.937889674009857e-05,14.039690186137085,5,NN,NN,trade,0,4,3.9541963103868754,0.00021363901736369136,15.816785241547501,0.06451612903225806,3.9541963103868754,0.2551094393797984
meanwhile,6,5.937889674009857e-05,14.039690186137085,9,RB,RB,meanwhil,0,5,3.6322682154995127,0.00020340083417106633,18.161341077497564,0.08064516129032258,3.6322682154995127,0.29292485608867036
ripe,6,5.937889674009857e-05,14.039690186137085,4,JJ,JJ,ripe,0,5,3.6322682154995127,0.0001397352249745489,18.161341077497564,0.08064516129032258,3.6322682154995127,0.29292485608867036
daybreak,6,5.937889674009857e-05,14.039690186137085,8,NN,NN,daybreak,0,5,3.6322682154995127,0.00026619228806291147,18.161341077497564,0.08064516129032258,3.6322682154995127,0.29292485608867036
coal,6,5.937889674009857e-05,14.039690186137085,4,NN,NN,coal,0,2,4.954196310386875,0.0008716810293563948,9.90839262077375,0.03225806451612903,4.954196310386875,0.1598127842060282
appear,6,5.937889674009857e-05,14.039690186137085,6,VB,VB,appear,0,6,3.3692338096657193,0.00019038448477833256,20.215402857994317,0.0967741935483871,3.3692338096657193,0.3260548848063599
mistress,6,5.937889674009857e-05,14.039690186137085,8,NN,NN,mistress,0,5,3.6322682154995127,0.0004779067802279382,18.161341077497564,0.08064516129032258,3.6322682154995127,0.29292485608867036
stromberg,6,5.937889674009857e-05,14.039690186137085,9,NN,NNP,stromberg,0,1,5.954196310386875,0.00023810435792002968,5.954196310386875,0.016129032258064516,5.954196310386875,0.09603542436107862
knight,6,5.937889674009857e-05,14.039690186137085,6,NN,NN,knight,0,1,5.954196310386875,0.00017839397714132252,5.954196310386875,0.016129032258064516,5.954196310386875,0.09603542436107862
cooking,6,5.937889674009857e-05,14.039690186137085,7,NN,NN,cook,0,6,3.3692338096657193,0.00035542654362124117,20.215402857994317,0.0967741935483871,3.3692338096657193,0.3260548848063599
remain,6,5.937889674009857e-05,14.039690186137085,6,VB,VB,remain,0,4,3.9541963103868754,0.0002323362092363546,15.816785241547501,0.06451612903225806,3.9541963103868754,0.2551094393797984
shame,6,5.937889674009857e-05,14.039690186137085,5,NN,NN,shame,0,5,3.6322682154995127,0.00022487733530039065,18.161341077497564,0.08064516129032258,3.6322682154995127,0.29292485608867036
grass,6,5.937889674009857e-05,14.039690186137085,5,NN,NN,grass,0,6,3.3692338096657193,0.00017592916193459411,20.215402857994317,0.0967741935483871,3.3692338096657193,0.3260548848063599
stargazer,6,5.937889674009857e-05,14.039690186137085,9,NN,NN,stargaz,0,1,5.954196310386875,0.00033855026214246286,5.954196310386875,0.016129032258064516,5.954196310386875,0.09603542436107862
lid,6,5.937889674009857e-05,14.039690186137085,3,NN,NN,lid,0,3,4.369233809665719,0.00015819356111497625,13.107701428997157,0.04838709677419355,4.369233809665719,0.2114145391773735
beloved,6,5.937889674009857e-05,14.039690186137085,7,JJ,JJ,belov,0,5,3.6322682154995127,0.00020390666419630224,18.161341077497564,0.08064516129032258,3.6322682154995127,0.29292485608867036
seventh,6,5.937889674009857e-05,14.039690186137085,7,JJ,JJ,seventh,0,3,4.369233809665719,0.00025172630547684436,13.107701428997157,0.04838709677419355,4.369233809665719,0.2114145391773735
sick,6,5.937889674009857e-05,14.039690186137085,4,JJ,JJ,sick,0,5,3.6322682154995127,0.0001912448991566474,18.161341077497564,0.08064516129032258,3.6322682154995127,0.29292485608867036
backwards,6,5.937889674009857e-05,14.039690186137085,9,NN,NNS,backward,0,6,3.3692338096657193,0.0001743511733340258,20.215402857994317,0.0967741935483871,3.3692338096657193,0.3260548848063599
finding,6,5.937889674009857e-05,14.039690186137085,7,VB,VBG,find,0,6,3.3692338096657193,0.00020489584459516046,20.215402857994317,0.0967741935483871,3.3692338096657193,0.3260548848063599
farmer,6,5.937889674009857e-05,14.039690186137085,6,NN,NN,farmer,0,3,4.369233809665719,0.0005983357989564296,13.107701428997157,0.04838709677419355,4.369233809665719,0.2114145391773735
doors,6,5.937889674009857e-05,14.039690186137085,5,NN,NNS,door,0,6,3.3692338096657193,0.0002638826718795237,20.215402857994317,0.0967741935483871,3.3692338096657193,0.3260548848063599
properly,6,5.937889674009857e-05,14.039690186137085,8,RB,RB,properli,0,5,3.6322682154995127,0.000227039907591786,18.161341077497564,0.08064516129032258,3.6322682154995127,0.29292485608867036
broth,6,5.937889674009857e-05,14.039690186137085,5,NN,NN,broth,0,5,3.6322682154995127,0.000564138088627539,18.161341077497564,0.08064516129032258,3.6322682154995127,0.29292485608867036
pigsty,6,5.937889674009857e-05,14.039690186137085,6,NN,NN,pigsti,0,1,5.954196310386875,0.0002711588452548103,5.954196310386875,0.016129032258064516,5.954196310386875,0.09603542436107862
cloth,6,5.937889674009857e-05,14.039690186137085,5,NN,NN,cloth,0,4,3.9541963103868754,0.000257931800814694,15.816785241547501,0.06451612903225806,3.9541963103868754,0.2551094393797984
shade,6,5.937889674009857e-05,14.039690186137085,5,NN,NN,shade,0,3,4.369233809665719,0.0003157339518340855,13.107701428997157,0.04838709677419355,4.369233809665719,0.2114145391773735
corn,6,5.937889674009857e-05,14.039690186137085,4,NN,NN,corn,0,2,4.954196310386875,0.00035699553097878924,9.90839262077375,0.03225806451612903,4.954196310386875,0.1598127842060282
mighty,6,5.937889674009857e-05,14.039690186137085,6,JJ,JJ,mighti,0,4,3.9541963103868754,0.00014504018296108062,15.816785241547501,0.06451612903225806,3.9541963103868754,0.2551094393797984
least,6,5.937889674009857e-05,14.039690186137085,5,JJ,JJS,least,0,5,3.6322682154995127,0.00015152069212315362,18.161341077497564,0.08064516129032258,3.6322682154995127,0.29292485608867036
sides,6,5.937889674009857e-05,14.039690186137085,5,NN,NNS,side,0,6,3.3692338096657193,0.0002320866323566777,20.215402857994317,0.0967741935483871,3.3692338096657193,0.3260548848063599
misfortune,6,5.937889674009857e-05,14.039690186137085,10,NN,NN,misfortun,0,4,3.9541963103868754,0.00023921963352511796,15.816785241547501,0.06451612903225806,3.9541963103868754,0.2551094393797984
devour,6,5.937889674009857e-05,14.039690186137085,6,VB,VB,devour,0,5,3.6322682154995127,0.0002872052351170076,18.161341077497564,0.08064516129032258,3.6322682154995127,0.29292485608867036
coffin,6,5.937889674009857e-05,14.039690186137085,6,NN,NN,coffin,0,2,4.954196310386875,0.00016350328954318092,9.90839262077375,0.03225806451612903,4.954196310386875,0.1598127842060282
bacon,6,5.937889674009857e-05,14.039690186137085,5,NN,NN,bacon,0,1,5.954196310386875,0.0006359961878217127,5.954196310386875,0.016129032258064516,5.954196310386875,0.09603542436107862
searched,6,5.937889674009857e-05,14.039690186137085,8,VB,VBD,search,0,6,3.3692338096657193,0.00019670834943171314,20.215402857994317,0.0967741935483871,3.3692338096657193,0.3260548848063599
started,6,5.937889674009857e-05,14.039690186137085,7,VB,VBD,start,0,6,3.3692338096657193,0.00022577817027479035,20.215402857994317,0.0967741935483871,3.3692338096657193,0.3260548848063599
rocks,6,5.937889674009857e-05,14.039690186137085,5,NN,NNS,rock,0,3,4.369233809665719,0.0001768296617471666,13.107701428997157,0.04838709677419355,4.369233809665719,0.2114145391773735
meant,6,5.937889674009857e-05,14.039690186137085,5,VB,VBD,meant,0,5,3.6322682154995127,0.00028923995034610785,18.161341077497564,0.08064516129032258,3.6322682154995127,0.29292485608867036
hide,6,5.937889674009857e-05,14.039690186137085,4,VB,VB,hide,0,6,3.3692338096657193,0.00020282953424532598,20.215402857994317,0.0967741935483871,3.3692338096657193,0.3260548848063599
comrade,6,5.937889674009857e-05,14.039690186137085,7,NN,NN,comrad,0,4,3.9541963103868754,0.00019220313708914188,15.816785241547501,0.06451612903225806,3.9541963103868754,0.2551094393797984
elder,6,5.937889674009857e-05,14.039690186137085,5,NN,NN,elder,0,3,4.369233809665719,0.0001873889475126971,13.107701428997157,0.04838709677419355,4.369233809665719,0.2114145391773735
awaken,5,4.9482413950082143e-05,14.30272459197088,6,VB,VB,awaken,0,3,4.369233809665719,0.00016148575961907183,13.107701428997157,0.04838709677419355,4.369233809665719,0.2114145391773735
baker,5,4.9482413950082143e-05,14.30272459197088,5,NN,NN,baker,0,4,3.9541963103868754,0.00023002028085393253,15.816785241547501,0.06451612903225806,3.9541963103868754,0.2551094393797984
greenwood,5,4.9482413950082143e-05,14.30272459197088,9,NN,NN,greenwood,0,2,4.954196310386875,0.000266579020313756,9.90839262077375,0.03225806451612903,4.954196310386875,0.1598127842060282
devoured,5,4.9482413950082143e-05,14.30272459197088,8,VB,VBD,devour,0,3,4.369233809665719,0.00021983412951098467,13.107701428997157,0.04838709677419355,4.369233809665719,0.2114145391773735
sore,5,4.9482413950082143e-05,14.30272459197088,4,NN,NN,sore,0,4,3.9541963103868754,0.0002712073133484221,15.816785241547501,0.06451612903225806,3.9541963103868754,0.2551094393797984
jogged,5,4.9482413950082143e-05,14.30272459197088,6,VB,VBD,jog,0,4,3.9541963103868754,0.00018448187989829787,15.816785241547501,0.06451612903225806,3.9541963103868754,0.2551094393797984
whence,5,4.9482413950082143e-05,14.30272459197088,6,NN,NN,whenc,0,3,4.369233809665719,0.00024464651225998085,13.107701428997157,0.04838709677419355,4.369233809665719,0.2114145391773735
stall,5,4.9482413950082143e-05,14.30272459197088,5,NN,NN,stall,0,3,4.369233809665719,0.00024826810645731215,13.107701428997157,0.04838709677419355,4.369233809665719,0.2114145391773735
driven,5,4.9482413950082143e-05,14.30272459197088,6,VB,VBN,driven,0,5,3.6322682154995127,0.00013189311800232195,18.161341077497564,0.08064516129032258,3.6322682154995127,0.29292485608867036
throne,5,4.9482413950082143e-05,14.30272459197088,6,NN,NN,throne,0,3,4.369233809665719,0.00018190552526888644,13.107701428997157,0.04838709677419355,4.369233809665719,0.2114145391773735
cave,5,4.9482413950082143e-05,14.30272459197088,4,NN,NN,cave,0,4,3.9541963103868754,0.0002698093669634358,15.816785241547501,0.06451612903225806,3.9541963103868754,0.2551094393797984
disappeared,5,4.9482413950082143e-05,14.30272459197088,11,VB,VBD,disappear,0,5,3.6322682154995127,0.00014520861559990013,18.161341077497564,0.08064516129032258,3.6322682154995127,0.29292485608867036
names,5,4.9482413950082143e-05,14.30272459197088,5,NN,NNS,name,0,2,4.954196310386875,0.00035954272539321156,9.90839262077375,0.03225806451612903,4.954196310386875,0.1598127842060282
griffin,5,4.9482413950082143e-05,14.30272459197088,7,NN,NN,griffin,0,1,5.954196310386875,0.00020415693954310934,5.954196310386875,0.016129032258064516,5.954196310386875,0.09603542436107862
story,5,4.9482413950082143e-05,14.30272459197088,5,NN,NN,stori,0,5,3.6322682154995127,0.0001518100858661073,18.161341077497564,0.08064516129032258,3.6322682154995127,0.29292485608867036
quarters,5,4.9482413950082143e-05,14.30272459197088,8,NN,NNS,quarter,0,4,3.9541963103868754,0.00018769485760916407,15.816785241547501,0.06451612903225806,3.9541963103868754,0.2551094393797984
load,5,4.9482413950082143e-05,14.30272459197088,4,NN,NN,load,0,4,3.9541963103868754,0.00020524470485853316,15.816785241547501,0.06451612903225806,3.9541963103868754,0.2551094393797984
oxen,5,4.9482413950082143e-05,14.30272459197088,4,NN,NN,oxen,0,3,4.369233809665719,0.00037970124823428916,13.107701428997157,0.04838709677419355,4.369233809665719,0.2114145391773735
unicorn,5,4.9482413950082143e-05,14.30272459197088,7,JJ,JJ,unicorn,0,1,5.954196310386875,0.00014329368003741962,5.954196310386875,0.016129032258064516,5.954196310386875,0.09603542436107862
stirred,5,4.9482413950082143e-05,14.30272459197088,7,VB,VBD,stir,0,5,3.6322682154995127,0.00032374334361350547,18.161341077497564,0.08064516129032258,3.6322682154995127,0.29292485608867036
heartily,5,4.9482413950082143e-05,14.30272459197088,8,RB,RB,heartili,0,5,3.6322682154995127,0.0003102609838017917,18.161341077497564,0.08064516129032258,3.6322682154995127,0.29292485608867036
living,5,4.9482413950082143e-05,14.30272459197088,6,NN,NN,live,0,5,3.6322682154995127,0.0002241405203031622,18.161341077497564,0.08064516129032258,3.6322682154995127,0.29292485608867036
likely,5,4.9482413950082143e-05,14.30272459197088,6,JJ,JJ,like,0,5,3.6322682154995127,0.0001537528304957832,18.161341077497564,0.08064516129032258,3.6322682154995127,0.29292485608867036
contrive,5,4.9482413950082143e-05,14.30272459197088,8,VB,VB,contriv,0,4,3.9541963103868754,0.00021859494703162016,15.816785241547501,0.06451612903225806,3.9541963103868754,0.2551094393797984
companion,5,4.9482413950082143e-05,14.30272459197088,9,NN,NN,companion,0,4,3.9541963103868754,0.00018940791936703196,15.816785241547501,0.06451612903225806,3.9541963103868754,0.2551094393797984
wiser,5,4.9482413950082143e-05,14.30272459197088,5,JJ,JJR,wiser,0,4,3.9541963103868754,0.0002644986428613735,15.816785241547501,0.06451612903225806,3.9541963103868754,0.2551094393797984
rough,5,4.9482413950082143e-05,14.30272459197088,5,JJ,JJ,rough,0,3,4.369233809665719,0.00025042208003905935,13.107701428997157,0.04838709677419355,4.369233809665719,0.2114145391773735
wishing,5,4.9482413950082143e-05,14.30272459197088,7,NN,NN,wish,0,3,4.369233809665719,0.00025077294845771267,13.107701428997157,0.04838709677419355,4.369233809665719,0.2114145391773735
fill,5,4.9482413950082143e-05,14.30272459197088,4,NN,NN,fill,0,4,3.9541963103868754,0.00027333995970533966,15.816785241547501,0.06451612903225806,3.9541963103868754,0.2551094393797984
deer,5,4.9482413950082143e-05,14.30272459197088,4,NN,NN,deer,0,4,3.9541963103868754,0.00023745979967751423,15.816785241547501,0.06451612903225806,3.9541963103868754,0.2551094393797984
stick,5,4.9482413950082143e-05,14.30272459197088,5,NN,NN,stick,0,2,4.954196310386875,0.00018603103099523713,9.90839262077375,0.03225806451612903,4.954196310386875,0.1598127842060282
cast,5,4.9482413950082143e-05,14.30272459197088,4,VB,VBN,cast,0,5,3.6322682154995127,0.00020814632943117755,18.161341077497564,0.08064516129032258,3.6322682154995127,0.29292485608867036
favour,5,4.9482413950082143e-05,14.30272459197088,6,NN,NN,favour,0,5,3.6322682154995127,0.00020863132198866094,18.161341077497564,0.08064516129032258,3.6322682154995127,0.29292485608867036
thumb,5,4.9482413950082143e-05,14.30272459197088,5,NN,NNP,thumb,0,1,5.954196310386875,0.00018897171263494418,5.954196310386875,0.016129032258064516,5.954196310386875,0.09603542436107862
aloud,5,4.9482413950082143e-05,14.30272459197088,5,NN,NN,aloud,0,5,3.6322682154995127,0.00016238734782051087,18.161341077497564,0.08064516129032258,3.6322682154995127,0.29292485608867036
sky,5,4.9482413950082143e-05,14.30272459197088,3,NN,NN,sky,0,4,3.9541963103868754,0.00014741502565919514,15.816785241547501,0.06451612903225806,3.9541963103868754,0.2551094393797984
troop,5,4.9482413950082143e-05,14.30272459197088,5,NN,NN,troop,0,4,3.9541963103868754,0.00012854499761053893,15.816785241547501,0.06451612903225806,3.9541963103868754,0.2551094393797984
vexed,5,4.9482413950082143e-05,14.30272459197088,5,JJ,JJ,vex,0,4,3.9541963103868754,0.00015405402139979848,15.816785241547501,0.06451612903225806,3.9541963103868754,0.2551094393797984
presents,5,4.9482413950082143e-05,14.30272459197088,8,NN,NNS,present,0,1,5.954196310386875,0.0005299968231847607,5.954196310386875,0.016129032258064516,5.954196310386875,0.09603542436107862
bless,5,4.9482413950082143e-05,14.30272459197088,5,NN,NNP,bless,0,5,3.6322682154995127,0.0001771167692094882,18.161341077497564,0.08064516129032258,3.6322682154995127,0.29292485608867036
m,5,4.9482413950082143e-05,14.30272459197088,1,JJ,JJ,m,1,3,4.369233809665719,0.00030026033359404025,13.107701428997157,0.04838709677419355,4.369233809665719,0.2114145391773735
wares,5,4.9482413950082143e-05,14.30272459197088,5,NN,NNS,ware,0,2,4.954196310386875,0.00018791309602436882,9.90839262077375,0.03225806451612903,4.954196310386875,0.1598127842060282
battle,5,4.9482413950082143e-05,14.30272459197088,6,NN,NN,battl,0,3,4.369233809665719,0.00030282612255233527,13.107701428997157,0.04838709677419355,4.369233809665719,0.2114145391773735
craft,5,4.9482413950082143e-05,14.30272459197088,5,NN,NN,craft,0,1,5.954196310386875,0.0002821252184520524,5.954196310386875,0.016129032258064516,5.954196310386875,0.09603542436107862
missing,5,4.9482413950082143e-05,14.30272459197088,7,VB,VBG,miss,0,5,3.6322682154995127,0.0002184808021177393,18.161341077497564,0.08064516129032258,3.6322682154995127,0.29292485608867036
splendid,5,4.9482413950082143e-05,14.30272459197088,8,JJ,JJ,splendid,0,3,4.369233809665719,0.00014015474568450362,13.107701428997157,0.04838709677419355,4.369233809665719,0.2114145391773735
smaller,5,4.9482413950082143e-05,14.30272459197088,7,JJ,JJR,smaller,0,4,3.9541963103868754,0.00012822929186934366,15.816785241547501,0.06451612903225806,3.9541963103868754,0.2551094393797984
choked,5,4.9482413950082143e-05,14.30272459197088,6,VB,VBN,choke,0,2,4.954196310386875,0.00020359376766117282,9.90839262077375,0.03225806451612903,4.954196310386875,0.1598127842060282
present,5,4.9482413950082143e-05,14.30272459197088,7,JJ,JJ,present,0,4,3.9541963103868754,0.00021269006999512596,15.816785241547501,0.06451612903225806,3.9541963103868754,0.2551094393797984
gently,5,4.9482413950082143e-05,14.30272459197088,6,RB,RB,gentli,0,4,3.9541963103868754,0.00015961902709309898,15.816785241547501,0.06451612903225806,3.9541963103868754,0.2551094393797984
miles,5,4.9482413950082143e-05,14.30272459197088,5,NN,NNS,mile,0,5,3.6322682154995127,0.00012499333377596263,18.161341077497564,0.08064516129032258,3.6322682154995127,0.29292485608867036
broad,5,4.9482413950082143e-05,14.30272459197088,5,JJ,JJ,broad,0,4,3.9541963103868754,0.00013072583593870505,15.816785241547501,0.06451612903225806,3.9541963103868754,0.2551094393797984
chicken,5,4.9482413950082143e-05,14.30272459197088,7,NN,NN,chicken,0,3,4.369233809665719,0.0002928231847604362,13.107701428997157,0.04838709677419355,4.369233809665719,0.2114145391773735
share,5,4.9482413950082143e-05,14.30272459197088,5,NN,NN,share,0,5,3.6322682154995127,0.00014482299530916646,18.161341077497564,0.08064516129032258,3.6322682154995127,0.29292485608867036
drinking,5,4.9482413950082143e-05,14.30272459197088,8,VB,VBG,drink,0,5,3.6322682154995127,0.00016388073343776932,18.161341077497564,0.08064516129032258,3.6322682154995127,0.29292485608867036
serve,5,4.9482413950082143e-05,14.30272459197088,5,VB,VB,serv,0,4,3.9541963103868754,0.00031749191647755643,15.816785241547501,0.06451612903225806,3.9541963103868754,0.2551094393797984
nay,5,4.9482413950082143e-05,14.30272459197088,3,NN,NNP,nay,0,3,4.369233809665719,0.00012753162783790488,13.107701428997157,0.04838709677419355,4.369233809665719,0.2114145391773735
choose,5,4.9482413950082143e-05,14.30272459197088,6,VB,VB,choos,0,5,3.6322682154995127,0.00020072686513556508,18.161341077497564,0.08064516129032258,3.6322682154995127,0.29292485608867036
rue,5,4.9482413950082143e-05,14.30272459197088,3,VB,VB,rue,0,1,5.954196310386875,0.00021350694611177993,5.954196310386875,0.016129032258064516,5.954196310386875,0.09603542436107862
lodging,5,4.9482413950082143e-05,14.30272459197088,7,NN,NN,lodg,0,4,3.9541963103868754,0.0002260747256374542,15.816785241547501,0.06451612903225806,3.9541963103868754,0.2551094393797984
calling,5,4.9482413950082143e-05,14.30272459197088,7,VB,VBG,call,0,5,3.6322682154995127,0.0001527396147800717,18.161341077497564,0.08064516129032258,3.6322682154995127,0.29292485608867036
unwilling,5,4.9482413950082143e-05,14.30272459197088,9,JJ,JJ,unwil,0,5,3.6322682154995127,0.00016506829879454196,18.161341077497564,0.08064516129032258,3.6322682154995127,0.29292485608867036
turtledoves,5,4.9482413950082143e-05,14.30272459197088,11,NN,NNS,turtledov,0,2,4.954196310386875,0.00019367173475167134,9.90839262077375,0.03225806451612903,4.954196310386875,0.1598127842060282
kindness,5,4.9482413950082143e-05,14.30272459197088,8,NN,NN,kind,0,4,3.9541963103868754,0.0001528963369938131,15.816785241547501,0.06451612903225806,3.9541963103868754,0.2551094393797984
spare,5,4.9482413950082143e-05,14.30272459197088,5,VB,VB,spare,0,4,3.9541963103868754,0.0001522061246497555,15.816785241547501,0.06451612903225806,3.9541963103868754,0.2551094393797984
bind,5,4.9482413950082143e-05,14.30272459197088,4,IN,IN,bind,0,4,3.9541963103868754,0.0001895259500463061,15.816785241547501,0.06451612903225806,3.9541963103868754,0.2551094393797984
scratched,5,4.9482413950082143e-05,14.30272459197088,9,VB,VBD,scratch,0,4,3.9541963103868754,0.00026780303457402913,15.816785241547501,0.06451612903225806,3.9541963103868754,0.2551094393797984
rang,5,4.9482413950082143e-05,14.30272459197088,4,VB,NN,rang,0,5,3.6322682154995127,0.00012152496162980402,18.161341077497564,0.08064516129032258,3.6322682154995127,0.29292485608867036
travel,5,4.9482413950082143e-05,14.30272459197088,6,VB,VB,travel,0,5,3.6322682154995127,0.00024249075940257906,18.161341077497564,0.08064516129032258,3.6322682154995127,0.29292485608867036
thine,5,4.9482413950082143e-05,14.30272459197088,5,JJ,JJ,thine,0,3,4.369233809665719,0.0002559912950931258,13.107701428997157,0.04838709677419355,4.369233809665719,0.2114145391773735
closet,5,4.9482413950082143e-05,14.30272459197088,6,NN,NN,closet,0,2,4.954196310386875,0.00018985562783673226,9.90839262077375,0.03225806451612903,4.954196310386875,0.1598127842060282
letting,5,4.9482413950082143e-05,14.30272459197088,7,VB,VBG,let,0,5,3.6322682154995127,0.00017051260794181126,18.161341077497564,0.08064516129032258,3.6322682154995127,0.29292485608867036
thirst,5,4.9482413950082143e-05,14.30272459197088,6,NN,NN,thirst,0,4,3.9541963103868754,0.00020998079314341715,15.816785241547501,0.06451612903225806,3.9541963103868754,0.2551094393797984
awakened,5,4.9482413950082143e-05,14.30272459197088,8,VB,VBN,awaken,0,5,3.6322682154995127,0.00014623989044939366,18.161341077497564,0.08064516129032258,3.6322682154995127,0.29292485608867036
spent,5,4.9482413950082143e-05,14.30272459197088,5,VB,VBD,spent,0,5,3.6322682154995127,0.00017424993978831668,18.161341077497564,0.08064516129032258,3.6322682154995127,0.29292485608867036
giving,5,4.9482413950082143e-05,14.30272459197088,6,VB,VBG,give,0,5,3.6322682154995127,0.00011508969185746472,18.161341077497564,0.08064516129032258,3.6322682154995127,0.29292485608867036
gets,5,4.9482413950082143e-05,14.30272459197088,4,VB,VBZ,get,0,4,3.9541963103868754,0.00021769615697047297,15.816785241547501,0.06451612903225806,3.9541963103868754,0.2551094393797984
alighted,5,4.9482413950082143e-05,14.30272459197088,8,VB,VBD,alight,0,4,3.9541963103868754,0.000149822257808352,15.816785241547501,0.06451612903225806,3.9541963103868754,0.2551094393797984
nine,5,4.9482413950082143e-05,14.30272459197088,4,CD,CD,nine,0,3,4.369233809665719,0.0005673529155596876,13.107701428997157,0.04838709677419355,4.369233809665719,0.2114145391773735
buried,5,4.9482413950082143e-05,14.30272459197088,6,VB,VBN,buri,0,5,3.6322682154995127,0.00013009080539736623,18.161341077497564,0.08064516129032258,3.6322682154995127,0.29292485608867036
means,5,4.9482413950082143e-05,14.30272459197088,5,NN,NNS,mean,0,5,3.6322682154995127,0.0002146052763014196,18.161341077497564,0.08064516129032258,3.6322682154995127,0.29292485608867036
danger,5,4.9482413950082143e-05,14.30272459197088,6,NN,NN,danger,0,5,3.6322682154995127,0.00014139389313621691,18.161341077497564,0.08064516129032258,3.6322682154995127,0.29292485608867036
edge,5,4.9482413950082143e-05,14.30272459197088,4,NN,NN,edg,0,4,3.9541963103868754,0.00019690692163768143,15.816785241547501,0.06451612903225806,3.9541963103868754,0.2551094393797984
cows,5,4.9482413950082143e-05,14.30272459197088,4,NN,NNS,cow,0,3,4.369233809665719,0.0002062254455136338,13.107701428997157,0.04838709677419355,4.369233809665719,0.2114145391773735
threelegged,5,4.9482413950082143e-05,14.30272459197088,11,JJ,JJ,threeleg,0,2,4.954196310386875,0.00019038136225916678,9.90839262077375,0.03225806451612903,4.954196310386875,0.1598127842060282
sleeve,5,4.9482413950082143e-05,14.30272459197088,6,NN,NN,sleev,0,3,4.369233809665719,0.0003545769768725623,13.107701428997157,0.04838709677419355,4.369233809665719,0.2114145391773735
weary,5,4.9482413950082143e-05,14.30272459197088,5,JJ,JJ,weari,0,4,3.9541963103868754,0.0001495690327095331,15.816785241547501,0.06451612903225806,3.9541963103868754,0.2551094393797984
token,5,4.9482413950082143e-05,14.30272459197088,5,NN,NN,token,0,2,4.954196310386875,0.00035252140968077304,9.90839262077375,0.03225806451612903,4.954196310386875,0.1598127842060282
cause,5,4.9482413950082143e-05,14.30272459197088,5,NN,NN,caus,0,4,3.9541963103868754,0.00020147804000071774,15.816785241547501,0.06451612903225806,3.9541963103868754,0.2551094393797984
dig,5,4.9482413950082143e-05,14.30272459197088,3,VB,NN,dig,0,5,3.6322682154995127,0.0001559296991756255,18.161341077497564,0.08064516129032258,3.6322682154995127,0.29292485608867036
warmed,5,4.9482413950082143e-05,14.30272459197088,6,VB,VBD,warm,0,2,4.954196310386875,0.00011686140664385462,9.90839262077375,0.03225806451612903,4.954196310386875,0.1598127842060282
secret,5,4.9482413950082143e-05,14.30272459197088,6,JJ,JJ,secret,0,4,3.9541963103868754,0.00021368910916978455,15.816785241547501,0.06451612903225806,3.9541963103868754,0.2551094393797984
hark,5,4.9482413950082143e-05,14.30272459197088,4,NN,NNP,hark,0,5,3.6322682154995127,0.00017743154926334323,18.161341077497564,0.08064516129032258,3.6322682154995127,0.29292485608867036
bench,5,4.9482413950082143e-05,14.30272459197088,5,NN,NN,bench,0,3,4.369233809665719,0.0004762576221558868,13.107701428997157,0.04838709677419355,4.369233809665719,0.2114145391773735
stupid,5,4.9482413950082143e-05,14.30272459197088,6,JJ,JJ,stupid,0,4,3.9541963103868754,0.0001666188139711103,15.816785241547501,0.06451612903225806,3.9541963103868754,0.2551094393797984
miserable,5,4.9482413950082143e-05,14.30272459197088,9,JJ,JJ,miser,0,4,3.9541963103868754,0.0001794469254209708,15.816785241547501,0.06451612903225806,3.9541963103868754,0.2551094393797984
passion,5,4.9482413950082143e-05,14.30272459197088,7,NN,NN,passion,0,4,3.9541963103868754,0.00018402111514408286,15.816785241547501,0.06451612903225806,3.9541963103868754,0.2551094393797984
stooped,5,4.9482413950082143e-05,14.30272459197088,7,VB,VBD,stoop,0,5,3.6322682154995127,0.00015892037111162033,18.161341077497564,0.08064516129032258,3.6322682154995127,0.29292485608867036
treasure,5,4.9482413950082143e-05,14.30272459197088,8,NN,NN,treasur,0,5,3.6322682154995127,0.00020577229412651788,18.161341077497564,0.08064516129032258,3.6322682154995127,0.29292485608867036
fright,5,4.9482413950082143e-05,14.30272459197088,6,NN,NN,fright,0,4,3.9541963103868754,0.000289501788818796,15.816785241547501,0.06451612903225806,3.9541963103868754,0.2551094393797984
er,5,4.9482413950082143e-05,14.30272459197088,2,NN,NN,er,0,2,4.954196310386875,0.00017379393232657374,9.90839262077375,0.03225806451612903,4.954196310386875,0.1598127842060282
trough,5,4.9482413950082143e-05,14.30272459197088,6,NN,NN,trough,0,2,4.954196310386875,0.00043938037111421326,9.90839262077375,0.03225806451612903,4.954196310386875,0.1598127842060282
parted,5,4.9482413950082143e-05,14.30272459197088,6,VB,VBN,part,0,5,3.6322682154995127,0.00021746637771115186,18.161341077497564,0.08064516129032258,3.6322682154995127,0.29292485608867036
handful,5,4.9482413950082143e-05,14.30272459197088,7,NN,NN,hand,0,4,3.9541963103868754,0.00023283264708922046,15.816785241547501,0.06451612903225806,3.9541963103868754,0.2551094393797984
basket,5,4.9482413950082143e-05,14.30272459197088,6,NN,NN,basket,0,4,3.9541963103868754,0.00017489416485876004,15.816785241547501,0.06451612903225806,3.9541963103868754,0.2551094393797984
rejoicing,5,4.9482413950082143e-05,14.30272459197088,9,NN,NN,rejoic,0,5,3.6322682154995127,0.0002890790407028505,18.161341077497564,0.08064516129032258,3.6322682154995127,0.29292485608867036
younger,5,4.9482413950082143e-05,14.30272459197088,7,JJ,JJR,younger,0,3,4.369233809665719,0.00011718426962246256,13.107701428997157,0.04838709677419355,4.369233809665719,0.2114145391773735
scissors,5,4.9482413950082143e-05,14.30272459197088,8,NN,NNS,scissor,0,4,3.9541963103868754,0.00017928979775470654,15.816785241547501,0.06451612903225806,3.9541963103868754,0.2551094393797984
perform,5,4.9482413950082143e-05,14.30272459197088,7,VB,VB,perform,0,3,4.369233809665719,0.00017391695098615216,13.107701428997157,0.04838709677419355,4.369233809665719,0.2114145391773735
finest,5,4.9482413950082143e-05,14.30272459197088,6,JJ,JJS,finest,0,3,4.369233809665719,0.0001567499296610778,13.107701428997157,0.04838709677419355,4.369233809665719,0.2114145391773735
hope,5,4.9482413950082143e-05,14.30272459197088,4,NN,NN,hope,0,5,3.6322682154995127,0.00012931365333847356,18.161341077497564,0.08064516129032258,3.6322682154995127,0.29292485608867036
trembled,5,4.9482413950082143e-05,14.30272459197088,8,VB,VBD,trembl,0,5,3.6322682154995127,0.0004168352832865664,18.161341077497564,0.08064516129032258,3.6322682154995127,0.29292485608867036
idea,5,4.9482413950082143e-05,14.30272459197088,4,NN,NN,idea,0,4,3.9541963103868754,0.00029609185456880624,15.816785241547501,0.06451612903225806,3.9541963103868754,0.2551094393797984
hedge,5,4.9482413950082143e-05,14.30272459197088,5,NN,NN,hedg,0,4,3.9541963103868754,0.00022085861849703968,15.816785241547501,0.06451612903225806,3.9541963103868754,0.2551094393797984
plates,5,4.9482413950082143e-05,14.30272459197088,6,NN,NNS,plate,0,3,4.369233809665719,0.0002423298906629124,13.107701428997157,0.04838709677419355,4.369233809665719,0.2114145391773735
fate,5,4.9482413950082143e-05,14.30272459197088,4,NN,NN,fate,0,5,3.6322682154995127,0.00028302512845857034,18.161341077497564,0.08064516129032258,3.6322682154995127,0.29292485608867036
hall,5,4.9482413950082143e-05,14.30272459197088,4,NN,NN,hall,0,4,3.9541963103868754,0.00018432372394737152,15.816785241547501,0.06451612903225806,3.9541963103868754,0.2551094393797984
chance,5,4.9482413950082143e-05,14.30272459197088,6,NN,NN,chanc,0,5,3.6322682154995127,0.0002626460723454504,18.161341077497564,0.08064516129032258,3.6322682154995127,0.29292485608867036
spirits,5,4.9482413950082143e-05,14.30272459197088,7,NN,NNS,spirit,0,3,4.369233809665719,0.0001612703811860377,13.107701428997157,0.04838709677419355,4.369233809665719,0.2114145391773735
lions,5,4.9482413950082143e-05,14.30272459197088,5,NN,NNS,lion,0,2,4.954196310386875,0.0001582331817848694,9.90839262077375,0.03225806451612903,4.954196310386875,0.1598127842060282
stepped,5,4.9482413950082143e-05,14.30272459197088,7,VB,VBD,step,0,5,3.6322682154995127,0.00018854872512631194,18.161341077497564,0.08064516129032258,3.6322682154995127,0.29292485608867036
heat,5,4.9482413950082143e-05,14.30272459197088,4,NN,NN,heat,0,5,3.6322682154995127,0.000177420956866515,18.161341077497564,0.08064516129032258,3.6322682154995127,0.29292485608867036
glasses,5,4.9482413950082143e-05,14.30272459197088,7,NN,NNS,glass,0,4,3.9541963103868754,0.00024332350655833056,15.816785241547501,0.06451612903225806,3.9541963103868754,0.2551094393797984
kate,5,4.9482413950082143e-05,14.30272459197088,4,NN,NNP,kate,0,1,5.954196310386875,0.00025048363161470695,5.954196310386875,0.016129032258064516,5.954196310386875,0.09603542436107862
less,5,4.9482413950082143e-05,14.30272459197088,4,JJ,JJR,less,0,5,3.6322682154995127,0.00011625658777955821,18.161341077497564,0.08064516129032258,3.6322682154995127,0.29292485608867036
sprinkled,5,4.9482413950082143e-05,14.30272459197088,9,VB,VBD,sprinkl,0,4,3.9541963103868754,0.00018175204667053452,15.816785241547501,0.06451612903225806,3.9541963103868754,0.2551094393797984
trunk,5,4.9482413950082143e-05,14.30272459197088,5,NN,NN,trunk,0,3,4.369233809665719,0.00017416568856353133,13.107701428997157,0.04838709677419355,4.369233809665719,0.2114145391773735
spinningwheels,5,4.9482413950082143e-05,14.30272459197088,14,NN,NNS,spinningwheel,0,1,5.954196310386875,0.00044834465154565184,5.954196310386875,0.016129032258064516,5.954196310386875,0.09603542436107862
ago,5,4.9482413950082143e-05,14.30272459197088,3,RB,RB,ago,0,4,3.9541963103868754,0.00012475435947215525,15.816785241547501,0.06451612903225806,3.9541963103868754,0.2551094393797984
honey,5,4.9482413950082143e-05,14.30272459197088,5,NN,NN,honey,0,1,5.954196310386875,0.0005596469951111809,5.954196310386875,0.016129032258064516,5.954196310386875,0.09603542436107862
wise,5,4.9482413950082143e-05,14.30272459197088,4,NN,NN,wise,0,4,3.9541963103868754,0.0001804724554342771,15.816785241547501,0.06451612903225806,3.9541963103868754,0.2551094393797984
jumping,5,4.9482413950082143e-05,14.30272459197088,7,VB,VBG,jump,0,2,4.954196310386875,0.0001834993408889497,9.90839262077375,0.03225806451612903,4.954196310386875,0.1598127842060282
windows,5,4.9482413950082143e-05,14.30272459197088,7,NN,NNS,window,0,5,3.6322682154995127,0.00013167483583675482,18.161341077497564,0.08064516129032258,3.6322682154995127,0.29292485608867036
salt,5,4.9482413950082143e-05,14.30272459197088,4,NN,NN,salt,0,4,3.9541963103868754,0.0002143656824288277,15.816785241547501,0.06451612903225806,3.9541963103868754,0.2551094393797984
yard,5,4.9482413950082143e-05,14.30272459197088,4,NN,NN,yard,0,3,4.369233809665719,0.00022121493221206027,13.107701428997157,0.04838709677419355,4.369233809665719,0.2114145391773735
setting,5,4.9482413950082143e-05,14.30272459197088,7,VB,VBG,set,0,4,3.9541963103868754,0.00020340480605107446,15.816785241547501,0.06451612903225806,3.9541963103868754,0.2551094393797984
fifty,5,4.9482413950082143e-05,14.30272459197088,5,JJ,JJ,fifti,0,1,5.954196310386875,0.0001262627193808554,5.954196310386875,0.016129032258064516,5.954196310386875,0.09603542436107862
bury,5,4.9482413950082143e-05,14.30272459197088,4,VB,VB,buri,0,4,3.9541963103868754,0.00014132447814238272,15.816785241547501,0.06451612903225806,3.9541963103868754,0.2551094393797984
tear,5,4.9482413950082143e-05,14.30272459197088,4,VB,VB,tear,0,5,3.6322682154995127,0.00013657740236778498,18.161341077497564,0.08064516129032258,3.6322682154995127,0.29292485608867036
sparkled,5,4.9482413950082143e-05,14.30272459197088,8,VB,VBD,sparkl,0,4,3.9541963103868754,0.00015239084813514872,15.816785241547501,0.06451612903225806,3.9541963103868754,0.2551094393797984
silvery,5,4.9482413950082143e-05,14.30272459197088,7,NN,NN,silveri,0,2,4.954196310386875,0.0001814079483256545,9.90839262077375,0.03225806451612903,4.954196310386875,0.1598127842060282
antechamber,5,4.9482413950082143e-05,14.30272459197088,11,JJ,JJ,antechamb,0,1,5.954196310386875,0.00044834465154565184,5.954196310386875,0.016129032258064516,5.954196310386875,0.09603542436107862
darling,5,4.9482413950082143e-05,14.30272459197088,7,NN,NN,darl,0,2,4.954196310386875,0.0002869118138898848,9.90839262077375,0.03225806451612903,4.954196310386875,0.1598127842060282
escaped,5,4.9482413950082143e-05,14.30272459197088,7,VB,VBD,escap,0,3,4.369233809665719,0.0004911647801974756,13.107701428997157,0.04838709677419355,4.369233809665719,0.2114145391773735
anger,5,4.9482413950082143e-05,14.30272459197088,5,NN,NN,anger,0,4,3.9541963103868754,0.00020472562554257247,15.816785241547501,0.06451612903225806,3.9541963103868754,0.2551094393797984
lightning,5,4.9482413950082143e-05,14.30272459197088,9,VB,VBG,lightn,0,4,3.9541963103868754,0.0002008540754960885,15.816785241547501,0.06451612903225806,3.9541963103868754,0.2551094393797984
grinder,5,4.9482413950082143e-05,14.30272459197088,7,NN,NN,grinder,0,1,5.954196310386875,0.00020192477788283985,5.954196310386875,0.016129032258064516,5.954196310386875,0.09603542436107862
roses,5,4.9482413950082143e-05,14.30272459197088,5,NN,NNS,rose,0,2,4.954196310386875,0.00016755295205357954,9.90839262077375,0.03225806451612903,4.954196310386875,0.1598127842060282
longed,5,4.9482413950082143e-05,14.30272459197088,6,VB,VBD,long,0,3,4.369233809665719,0.0001927007167619262,13.107701428997157,0.04838709677419355,4.369233809665719,0.2114145391773735
dainty,5,4.9482413950082143e-05,14.30272459197088,6,NN,NN,dainti,0,4,3.9541963103868754,0.00024586167772105755,15.816785241547501,0.06451612903225806,3.9541963103868754,0.2551094393797984
grete,5,4.9482413950082143e-05,14.30272459197088,5,NN,NNP,grete,0,1,5.954196310386875,0.00061640195353709,5.954196310386875,0.016129032258064516,5.954196310386875,0.09603542436107862
harnessed,5,4.9482413950082143e-05,14.30272459197088,9,VB,VBD,har,0,4,3.9541963103868754,0.00019162476361473575,15.816785241547501,0.06451612903225806,3.9541963103868754,0.2551094393797984
invited,5,4.9482413950082143e-05,14.30272459197088,7,VB,VBN,invit,0,5,3.6322682154995127,0.00020750215982258302,18.161341077497564,0.08064516129032258,3.6322682154995127,0.29292485608867036
kings,5,4.9482413950082143e-05,14.30272459197088,5,NN,NNS,king,0,5,3.6322682154995127,0.00020350857740198555,18.161341077497564,0.08064516129032258,3.6322682154995127,0.29292485608867036
sewed,5,4.9482413950082143e-05,14.30272459197088,5,VB,VBD,sew,0,4,3.9541963103868754,0.0002599532553304751,15.816785241547501,0.06451612903225806,3.9541963103868754,0.2551094393797984
watching,5,4.9482413950082143e-05,14.30272459197088,8,VB,VBG,watch,0,5,3.6322682154995127,0.00018224802333583758,18.161341077497564,0.08064516129032258,3.6322682154995127,0.29292485608867036
emptied,5,4.9482413950082143e-05,14.30272459197088,7,VB,VBN,empti,0,4,3.9541963103868754,0.00019292815907218731,15.816785241547501,0.06451612903225806,3.9541963103868754,0.2551094393797984
exactly,5,4.9482413950082143e-05,14.30272459197088,7,RB,RB,exactli,0,4,3.9541963103868754,0.0002617507767570814,15.816785241547501,0.06451612903225806,3.9541963103868754,0.2551094393797984
stock,5,4.9482413950082143e-05,14.30272459197088,5,NN,NN,stock,0,2,4.954196310386875,0.0002129262380783352,9.90839262077375,0.03225806451612903,4.954196310386875,0.1598127842060282
month,5,4.9482413950082143e-05,14.30272459197088,5,NN,NN,month,0,3,4.369233809665719,0.00014850329338659944,13.107701428997157,0.04838709677419355,4.369233809665719,0.2114145391773735
boiling,5,4.9482413950082143e-05,14.30272459197088,7,VB,VBG,boil,0,4,3.9541963103868754,0.00034244205250693005,15.816785241547501,0.06451612903225806,3.9541963103868754,0.2551094393797984
kettle,5,4.9482413950082143e-05,14.30272459197088,6,NN,NN,kettl,0,2,4.954196310386875,0.0003209235211044029,9.90839262077375,0.03225806451612903,4.954196310386875,0.1598127842060282
maidens,5,4.9482413950082143e-05,14.30272459197088,7,NN,NNS,maiden,0,3,4.369233809665719,0.0002924880196129796,13.107701428997157,0.04838709677419355,4.369233809665719,0.2114145391773735
worn,5,4.9482413950082143e-05,14.30272459197088,4,VB,VBN,worn,0,3,4.369233809665719,0.0001878167513049048,13.107701428997157,0.04838709677419355,4.369233809665719,0.2114145391773735
hang,5,4.9482413950082143e-05,14.30272459197088,4,VB,VB,hang,0,5,3.6322682154995127,0.00026822488619064703,18.161341077497564,0.08064516129032258,3.6322682154995127,0.29292485608867036
recognized,5,4.9482413950082143e-05,14.30272459197088,10,VB,VBD,recogn,0,5,3.6322682154995127,0.0001869280868788811,18.161341077497564,0.08064516129032258,3.6322682154995127,0.29292485608867036
greatest,5,4.9482413950082143e-05,14.30272459197088,8,JJ,JJS,greatest,0,5,3.6322682154995127,0.00021624596255243104,18.161341077497564,0.08064516129032258,3.6322682154995127,0.29292485608867036
manner,5,4.9482413950082143e-05,14.30272459197088,6,NN,NN,manner,0,5,3.6322682154995127,0.00013450749195480924,18.161341077497564,0.08064516129032258,3.6322682154995127,0.29292485608867036
fiery,5,4.9482413950082143e-05,14.30272459197088,5,JJ,JJ,fieri,0,5,3.6322682154995127,0.00019172337571567757,18.161341077497564,0.08064516129032258,3.6322682154995127,0.29292485608867036
bridge,5,4.9482413950082143e-05,14.30272459197088,6,NN,NN,bridg,0,2,4.954196310386875,0.0005299175200930995,9.90839262077375,0.03225806451612903,4.954196310386875,0.1598127842060282
behold,5,4.9482413950082143e-05,14.30272459197088,6,VB,VB,behold,0,3,4.369233809665719,0.00022736979912315905,13.107701428997157,0.04838709677419355,4.369233809665719,0.2114145391773735
smart,5,4.9482413950082143e-05,14.30272459197088,5,JJ,JJ,smart,0,4,3.9541963103868754,0.0001640217152980318,15.816785241547501,0.06451612903225806,3.9541963103868754,0.2551094393797984
skill,5,4.9482413950082143e-05,14.30272459197088,5,NN,NN,skill,0,2,4.954196310386875,0.0002903697056187932,9.90839262077375,0.03225806451612903,4.954196310386875,0.1598127842060282
everybody,5,4.9482413950082143e-05,14.30272459197088,9,NN,NN,everybodi,0,4,3.9541963103868754,0.00019966682717477546,15.816785241547501,0.06451612903225806,3.9541963103868754,0.2551094393797984
sooner,5,4.9482413950082143e-05,14.30272459197088,6,NN,NN,sooner,0,5,3.6322682154995127,0.00014230535379001103,18.161341077497564,0.08064516129032258,3.6322682154995127,0.29292485608867036
dresses,5,4.9482413950082143e-05,14.30272459197088,7,NN,NNS,dress,0,3,4.369233809665719,0.00015514284309367288,13.107701428997157,0.04838709677419355,4.369233809665719,0.2114145391773735
spoken,5,4.9482413950082143e-05,14.30272459197088,6,VB,VBN,spoken,0,5,3.6322682154995127,0.00019532223249776697,18.161341077497564,0.08064516129032258,3.6322682154995127,0.29292485608867036
fishes,5,4.9482413950082143e-05,14.30272459197088,6,NN,NNS,fish,0,2,4.954196310386875,0.00021916737302430053,9.90839262077375,0.03225806451612903,4.954196310386875,0.1598127842060282
snake,5,4.9482413950082143e-05,14.30272459197088,5,NN,NN,snake,0,3,4.369233809665719,0.00016609793618636333,13.107701428997157,0.04838709677419355,4.369233809665719,0.2114145391773735
korbes,5,4.9482413950082143e-05,14.30272459197088,6,NN,NNP,korb,0,1,5.954196310386875,0.0002555492931375163,5.954196310386875,0.016129032258064516,5.954196310386875,0.09603542436107862
hast,5,4.9482413950082143e-05,14.30272459197088,4,NN,NN,hast,0,3,4.369233809665719,0.0002019887207018465,13.107701428997157,0.04838709677419355,4.369233809665719,0.2114145391773735
pebbles,5,4.9482413950082143e-05,14.30272459197088,7,NN,NNS,pebbl,0,1,5.954196310386875,0.00016310364191759276,5.954196310386875,0.016129032258064516,5.954196310386875,0.09603542436107862
telling,5,4.9482413950082143e-05,14.30272459197088,7,VB,VBG,tell,0,4,3.9541963103868754,0.0002230009336946851,15.816785241547501,0.06451612903225806,3.9541963103868754,0.2551094393797984
charm,5,4.9482413950082143e-05,14.30272459197088,5,NN,NN,charm,0,4,3.9541963103868754,0.00018833575749728273,15.816785241547501,0.06451612903225806,3.9541963103868754,0.2551094393797984
tonight,5,4.9482413950082143e-05,14.30272459197088,7,NN,NN,tonight,0,5,3.6322682154995127,0.00024134927858011763,18.161341077497564,0.08064516129032258,3.6322682154995127,0.29292485608867036
tanheap,5,4.9482413950082143e-05,14.30272459197088,7,JJ,JJ,tanheap,0,1,5.954196310386875,0.0001984202982666914,5.954196310386875,0.016129032258064516,5.954196310386875,0.09603542436107862
grand,4,3.9585931160065715e-05,14.62465268685824,5,JJ,JJ,grand,0,3,4.369233809665719,0.00013874126591747904,13.107701428997157,0.04838709677419355,4.369233809665719,0.2114145391773735
folks,4,3.9585931160065715e-05,14.62465268685824,5,NN,NNS,folk,0,3,4.369233809665719,0.00012348083204327903,13.107701428997157,0.04838709677419355,4.369233809665719,0.2114145391773735
somebody,4,3.9585931160065715e-05,14.62465268685824,8,NN,NN,somebodi,0,3,4.369233809665719,0.00017330717549309698,13.107701428997157,0.04838709677419355,4.369233809665719,0.2114145391773735
troubles,4,3.9585931160065715e-05,14.62465268685824,8,NN,NNS,troubl,0,3,4.369233809665719,0.00018415217359662273,13.107701428997157,0.04838709677419355,4.369233809665719,0.2114145391773735
dawned,4,3.9585931160065715e-05,14.62465268685824,6,VB,VBD,dawn,0,4,3.9541963103868754,0.00010768942926933009,15.816785241547501,0.06451612903225806,3.9541963103868754,0.2551094393797984
lest,4,3.9585931160065715e-05,14.62465268685824,4,JJ,JJS,lest,0,4,3.9541963103868754,0.00021717170210790906,15.816785241547501,0.06451612903225806,3.9541963103868754,0.2551094393797984
valley,4,3.9585931160065715e-05,14.62465268685824,6,NN,NN,valley,0,3,4.369233809665719,0.00013944819408127324,13.107701428997157,0.04838709677419355,4.369233809665719,0.2114145391773735
feed,4,3.9585931160065715e-05,14.62465268685824,4,VB,VB,feed,0,4,3.9541963103868754,0.00013878547393885932,15.816785241547501,0.06451612903225806,3.9541963103868754,0.2551094393797984
stool,4,3.9585931160065715e-05,14.62465268685824,5,NN,NN,stool,0,3,4.369233809665719,0.00019654095670570954,13.107701428997157,0.04838709677419355,4.369233809665719,0.2114145391773735
pricked,4,3.9585931160065715e-05,14.62465268685824,7,VB,VBD,prick,0,4,3.9541963103868754,0.00012763132073037272,15.816785241547501,0.06451612903225806,3.9541963103868754,0.2551094393797984
yourselves,4,3.9585931160065715e-05,14.62465268685824,10,NN,NNS,yourselv,1,4,3.9541963103868754,0.00011544538147719414,15.816785241547501,0.06451612903225806,3.9541963103868754,0.2551094393797984
landlord,4,3.9585931160065715e-05,14.62465268685824,8,NN,NN,landlord,0,2,4.954196310386875,0.00017326496312378563,9.90839262077375,0.03225806451612903,4.954196310386875,0.1598127842060282
price,4,3.9585931160065715e-05,14.62465268685824,5,NN,NN,price,0,4,3.9541963103868754,0.00019196310739863867,15.816785241547501,0.06451612903225806,3.9541963103868754,0.2551094393797984
curl,4,3.9585931160065715e-05,14.62465268685824,4,NN,NN,curl,0,2,4.954196310386875,0.0001380360579761726,9.90839262077375,0.03225806451612903,4.954196310386875,0.1598127842060282
stepmother,4,3.9585931160065715e-05,14.62465268685824,10,NN,NN,stepmoth,0,3,4.369233809665719,0.0001243284989225915,13.107701428997157,0.04838709677419355,4.369233809665719,0.2114145391773735
bitter,4,3.9585931160065715e-05,14.62465268685824,6,JJ,JJ,bitter,0,3,4.369233809665719,9.463012944414072e-05,13.107701428997157,0.04838709677419355,4.369233809665719,0.2114145391773735
throwing,4,3.9585931160065715e-05,14.62465268685824,8,VB,VBG,throw,0,4,3.9541963103868754,0.00013079626506868052,15.816785241547501,0.06451612903225806,3.9541963103868754,0.2551094393797984
tie,4,3.9585931160065715e-05,14.62465268685824,3,VB,VB,tie,0,3,4.369233809665719,0.00035633050110739237,13.107701428997157,0.04838709677419355,4.369233809665719,0.2114145391773735
vanished,4,3.9585931160065715e-05,14.62465268685824,8,VB,VBD,vanish,0,4,3.9541963103868754,0.00013646109784584955,15.816785241547501,0.06451612903225806,3.9541963103868754,0.2551094393797984
dwelt,4,3.9585931160065715e-05,14.62465268685824,5,NN,NN,dwelt,0,4,3.9541963103868754,0.00020068353385307644,15.816785241547501,0.06451612903225806,3.9541963103868754,0.2551094393797984
aid,4,3.9585931160065715e-05,14.62465268685824,3,NN,NN,aid,0,2,4.954196310386875,0.00012425937561862192,9.90839262077375,0.03225806451612903,4.954196310386875,0.1598127842060282
undertake,4,3.9585931160065715e-05,14.62465268685824,9,VB,VBP,undertak,0,3,4.369233809665719,0.0001306886426825639,13.107701428997157,0.04838709677419355,4.369233809665719,0.2114145391773735
furious,4,3.9585931160065715e-05,14.62465268685824,7,JJ,JJ,furiou,0,4,3.9541963103868754,0.00017495578124489326,15.816785241547501,0.06451612903225806,3.9541963103868754,0.2551094393797984
offer,4,3.9585931160065715e-05,14.62465268685824,5,VB,VB,offer,0,4,3.9541963103868754,0.00010040701855264327,15.816785241547501,0.06451612903225806,3.9541963103868754,0.2551094393797984
fastened,4,3.9585931160065715e-05,14.62465268685824,8,VB,VBD,fasten,0,3,4.369233809665719,0.00012668942460089167,13.107701428997157,0.04838709677419355,4.369233809665719,0.2114145391773735
rain,4,3.9585931160065715e-05,14.62465268685824,4,NN,NN,rain,0,3,4.369233809665719,0.00023653147744518734,13.107701428997157,0.04838709677419355,4.369233809665719,0.2114145391773735
purpose,4,3.9585931160065715e-05,14.62465268685824,7,NN,NN,purpos,0,3,4.369233809665719,7.99088121831457e-05,13.107701428997157,0.04838709677419355,4.369233809665719,0.2114145391773735
moss,4,3.9585931160065715e-05,14.62465268685824,4,NN,NN,moss,0,3,4.369233809665719,0.00021502814023563528,13.107701428997157,0.04838709677419355,4.369233809665719,0.2114145391773735
require,4,3.9585931160065715e-05,14.62465268685824,7,VB,VB,requir,0,4,3.9541963103868754,0.00012898919704583503,15.816785241547501,0.06451612903225806,3.9541963103868754,0.2551094393797984
music,4,3.9585931160065715e-05,14.62465268685824,5,NN,NN,music,0,4,3.9541963103868754,0.00013184480983100493,15.816785241547501,0.06451612903225806,3.9541963103868754,0.2551094393797984
beaten,4,3.9585931160065715e-05,14.62465268685824,6,NN,NN,beaten,0,3,4.369233809665719,0.00013537507411238818,13.107701428997157,0.04838709677419355,4.369233809665719,0.2114145391773735
pinched,4,3.9585931160065715e-05,14.62465268685824,7,VB,VBD,pinch,0,2,4.954196310386875,0.0001399884250792564,9.90839262077375,0.03225806451612903,4.954196310386875,0.1598127842060282
adrift,4,3.9585931160065715e-05,14.62465268685824,6,NN,NN,adrift,0,2,4.954196310386875,0.0003873727950969655,9.90839262077375,0.03225806451612903,4.954196310386875,0.1598127842060282
leather,4,3.9585931160065715e-05,14.62465268685824,7,RB,RB,leather,0,1,5.954196310386875,0.0005156264395225697,5.954196310386875,0.016129032258064516,5.954196310386875,0.09603542436107862
keeping,4,3.9585931160065715e-05,14.62465268685824,7,VB,VBG,keep,0,4,3.9541963103868754,0.0001655415365029334,15.816785241547501,0.06451612903225806,3.9541963103868754,0.2551094393797984
pain,4,3.9585931160065715e-05,14.62465268685824,4,NN,NN,pain,0,4,3.9541963103868754,0.00016837364108209977,15.816785241547501,0.06451612903225806,3.9541963103868754,0.2551094393797984
loaves,4,3.9585931160065715e-05,14.62465268685824,6,NN,NNS,loav,0,3,4.369233809665719,0.00010717424863854446,13.107701428997157,0.04838709677419355,4.369233809665719,0.2114145391773735
den,4,3.9585931160065715e-05,14.62465268685824,3,NN,NN,den,0,2,4.954196310386875,0.00032394853021732134,9.90839262077375,0.03225806451612903,4.954196310386875,0.1598127842060282
baked,4,3.9585931160065715e-05,14.62465268685824,5,VB,VBN,bake,0,2,4.954196310386875,0.0001605151747805672,9.90839262077375,0.03225806451612903,4.954196310386875,0.1598127842060282
shape,4,3.9585931160065715e-05,14.62465268685824,5,NN,NN,shape,0,3,4.369233809665719,0.00017179741809276194,13.107701428997157,0.04838709677419355,4.369233809665719,0.2114145391773735
owl,4,3.9585931160065715e-05,14.62465268685824,3,NN,NN,owl,0,2,4.954196310386875,0.00024413922636240884,9.90839262077375,0.03225806451612903,4.954196310386875,0.1598127842060282
fixed,4,3.9585931160065715e-05,14.62465268685824,5,VB,VBN,fix,0,2,4.954196310386875,0.00026482336496921004,9.90839262077375,0.03225806451612903,4.954196310386875,0.1598127842060282
space,4,3.9585931160065715e-05,14.62465268685824,5,NN,NN,space,0,4,3.9541963103868754,0.00017378542519298388,15.816785241547501,0.06451612903225806,3.9541963103868754,0.2551094393797984
cages,4,3.9585931160065715e-05,14.62465268685824,5,NN,NNS,cage,0,1,5.954196310386875,0.00033755860935352766,5.954196310386875,0.016129032258064516,5.954196310386875,0.09603542436107862
plash,4,3.9585931160065715e-05,14.62465268685824,5,NN,NN,plash,0,1,5.954196310386875,0.00031985153825504954,5.954196310386875,0.016129032258064516,5.954196310386875,0.09603542436107862
marble,4,3.9585931160065715e-05,14.62465268685824,6,JJ,JJ,marbl,0,2,4.954196310386875,0.00034592619512056384,9.90839262077375,0.03225806451612903,4.954196310386875,0.1598127842060282
perceived,4,3.9585931160065715e-05,14.62465268685824,9,VB,VBD,perceiv,0,3,4.369233809665719,0.00013333344263183555,13.107701428997157,0.04838709677419355,4.369233809665719,0.2114145391773735
yesterday,4,3.9585931160065715e-05,14.62465268685824,9,NN,NN,yesterday,0,3,4.369233809665719,0.0001360115696125992,13.107701428997157,0.04838709677419355,4.369233809665719,0.2114145391773735
allow,4,3.9585931160065715e-05,14.62465268685824,5,VB,VB,allow,0,4,3.9541963103868754,0.00013682245098338688,15.816785241547501,0.06451612903225806,3.9541963103868754,0.2551094393797984
crawled,4,3.9585931160065715e-05,14.62465268685824,7,VB,VBD,crawl,0,2,4.954196310386875,0.00014128901304429886,9.90839262077375,0.03225806451612903,4.954196310386875,0.1598127842060282
magic,4,3.9585931160065715e-05,14.62465268685824,5,JJ,JJ,magic,0,1,5.954196310386875,0.0002593799442567958,5.954196310386875,0.016129032258064516,5.954196310386875,0.09603542436107862
stepdaughter,4,3.9585931160065715e-05,14.62465268685824,12,NN,NN,stepdaught,0,2,4.954196310386875,0.00019180175017523017,9.90839262077375,0.03225806451612903,4.954196310386875,0.1598127842060282
prevent,4,3.9585931160065715e-05,14.62465268685824,7,VB,VB,prevent,0,4,3.9541963103868754,0.00011592754588913251,15.816785241547501,0.06451612903225806,3.9541963103868754,0.2551094393797984
learning,4,3.9585931160065715e-05,14.62465268685824,8,VB,VBG,learn,0,3,4.369233809665719,0.00016230226076847744,13.107701428997157,0.04838709677419355,4.369233809665719,0.2114145391773735
appeared,4,3.9585931160065715e-05,14.62465268685824,8,VB,VBD,appear,0,3,4.369233809665719,0.0001672460821573514,13.107701428997157,0.04838709677419355,4.369233809665719,0.2114145391773735
twig,4,3.9585931160065715e-05,14.62465268685824,4,NN,NN,twig,0,3,4.369233809665719,0.00013529218691295808,13.107701428997157,0.04838709677419355,4.369233809665719,0.2114145391773735
teach,4,3.9585931160065715e-05,14.62465268685824,5,VB,VB,teach,0,3,4.369233809665719,0.0003426815424290321,13.107701428997157,0.04838709677419355,4.369233809665719,0.2114145391773735
dreadful,4,3.9585931160065715e-05,14.62465268685824,8,JJ,JJ,dread,0,3,4.369233809665719,0.00011397861572356923,13.107701428997157,0.04838709677419355,4.369233809665719,0.2114145391773735
summer,4,3.9585931160065715e-05,14.62465268685824,6,NN,NN,summer,0,3,4.369233809665719,0.00010072994709498332,13.107701428997157,0.04838709677419355,4.369233809665719,0.2114145391773735
galloped,4,3.9585931160065715e-05,14.62465268685824,8,VB,VBD,gallop,0,1,5.954196310386875,0.00011892931809421502,5.954196310386875,0.016129032258064516,5.954196310386875,0.09603542436107862
victory,4,3.9585931160065715e-05,14.62465268685824,7,NN,NN,victori,0,2,4.954196310386875,0.00010819026941982096,9.90839262077375,0.03225806451612903,4.954196310386875,0.1598127842060282
point,4,3.9585931160065715e-05,14.62465268685824,5,NN,NN,point,0,4,3.9541963103868754,0.00010667533680661377,15.816785241547501,0.06451612903225806,3.9541963103868754,0.2551094393797984
beginning,4,3.9585931160065715e-05,14.62465268685824,9,VB,VBG,begin,0,4,3.9541963103868754,0.00013761855739231437,15.816785241547501,0.06451612903225806,3.9541963103868754,0.2551094393797984
ducks,4,3.9585931160065715e-05,14.62465268685824,5,NN,NNS,duck,0,3,4.369233809665719,0.00024112204289273453,13.107701428997157,0.04838709677419355,4.369233809665719,0.2114145391773735
pure,4,3.9585931160065715e-05,14.62465268685824,4,NN,NN,pure,0,4,3.9541963103868754,0.00012073570184965092,15.816785241547501,0.06451612903225806,3.9541963103868754,0.2551094393797984
suit,4,3.9585931160065715e-05,14.62465268685824,4,NN,NN,suit,0,3,4.369233809665719,0.00015084046318884783,13.107701428997157,0.04838709677419355,4.369233809665719,0.2114145391773735
bedchamber,4,3.9585931160065715e-05,14.62465268685824,10,NN,NN,bedchamb,0,3,4.369233809665719,0.00022876692513822843,13.107701428997157,0.04838709677419355,4.369233809665719,0.2114145391773735
knights,4,3.9585931160065715e-05,14.62465268685824,7,NN,NNS,knight,0,3,4.369233809665719,0.00011605074778079498,13.107701428997157,0.04838709677419355,4.369233809665719,0.2114145391773735
linger,4,3.9585931160065715e-05,14.62465268685824,6,NN,NNP,linger,0,2,4.954196310386875,0.00018726029654828202,9.90839262077375,0.03225806451612903,4.954196310386875,0.1598127842060282
seashore,4,3.9585931160065715e-05,14.62465268685824,8,NN,NN,seashor,0,3,4.369233809665719,0.0001557379948543299,13.107701428997157,0.04838709677419355,4.369233809665719,0.2114145391773735
imagine,4,3.9585931160065715e-05,14.62465268685824,7,VB,VB,imagin,0,4,3.9541963103868754,0.00013085482373233434,15.816785241547501,0.06451612903225806,3.9541963103868754,0.2551094393797984
sometimes,4,3.9585931160065715e-05,14.62465268685824,9,RB,RB,sometim,0,4,3.9541963103868754,9.16035094737635e-05,15.816785241547501,0.06451612903225806,3.9541963103868754,0.2551094393797984
befallen,4,3.9585931160065715e-05,14.62465268685824,8,VB,VBN,befallen,0,4,3.9541963103868754,0.00011927343372592458,15.816785241547501,0.06451612903225806,3.9541963103868754,0.2551094393797984
low,4,3.9585931160065715e-05,14.62465268685824,3,JJ,JJ,low,0,4,3.9541963103868754,0.00011068112874653925,15.816785241547501,0.06451612903225806,3.9541963103868754,0.2551094393797984
nights,4,3.9585931160065715e-05,14.62465268685824,6,NN,NNS,night,0,3,4.369233809665719,0.00013956394224083228,13.107701428997157,0.04838709677419355,4.369233809665719,0.2114145391773735
rosy,4,3.9585931160065715e-05,14.62465268685824,4,JJ,JJ,rosi,0,2,4.954196310386875,0.00012761117652617117,9.90839262077375,0.03225806451612903,4.954196310386875,0.1598127842060282
track,4,3.9585931160065715e-05,14.62465268685824,5,NN,NN,track,0,2,4.954196310386875,0.000196338445815057,9.90839262077375,0.03225806451612903,4.954196310386875,0.1598127842060282
streets,4,3.9585931160065715e-05,14.62465268685824,7,NN,NNS,street,0,2,4.954196310386875,0.00018659969763065636,9.90839262077375,0.03225806451612903,4.954196310386875,0.1598127842060282
roguery,4,3.9585931160065715e-05,14.62465268685824,7,NN,NN,rogueri,0,3,4.369233809665719,0.00015252818012396213,13.107701428997157,0.04838709677419355,4.369233809665719,0.2114145391773735
hiding,4,3.9585931160065715e-05,14.62465268685824,6,VB,VBG,hide,0,3,4.369233809665719,0.00014072867290101175,13.107701428997157,0.04838709677419355,4.369233809665719,0.2114145391773735
scent,4,3.9585931160065715e-05,14.62465268685824,5,NN,NN,scent,0,3,4.369233809665719,9.139731216996256e-05,13.107701428997157,0.04838709677419355,4.369233809665719,0.2114145391773735
heir,4,3.9585931160065715e-05,14.62465268685824,4,NN,NN,heir,0,4,3.9541963103868754,0.0001178966872708596,15.816785241547501,0.06451612903225806,3.9541963103868754,0.2551094393797984
besides,4,3.9585931160065715e-05,14.62465268685824,7,IN,IN,besid,0,3,4.369233809665719,0.00016339124419287296,13.107701428997157,0.04838709677419355,4.369233809665719,0.2114145391773735
meadows,4,3.9585931160065715e-05,14.62465268685824,7,NN,NNS,meadow,0,3,4.369233809665719,0.00015798908030771323,13.107701428997157,0.04838709677419355,4.369233809665719,0.2114145391773735
berries,4,3.9585931160065715e-05,14.62465268685824,7,NN,NNS,berri,0,4,3.9541963103868754,0.0001136448654866239,15.816785241547501,0.06451612903225806,3.9541963103868754,0.2551094393797984
thousands,4,3.9585931160065715e-05,14.62465268685824,9,NN,NNS,thousand,0,3,4.369233809665719,0.0001635953385448345,13.107701428997157,0.04838709677419355,4.369233809665719,0.2114145391773735
strewn,4,3.9585931160065715e-05,14.62465268685824,6,VB,VBN,strewn,0,3,4.369233809665719,0.00018447787188648201,13.107701428997157,0.04838709677419355,4.369233809665719,0.2114145391773735
finish,4,3.9585931160065715e-05,14.62465268685824,6,VB,VB,finish,0,3,4.369233809665719,0.0001100862215590053,13.107701428997157,0.04838709677419355,4.369233809665719,0.2114145391773735
market,4,3.9585931160065715e-05,14.62465268685824,6,NN,NN,market,0,1,5.954196310386875,0.0002593799442567958,5.954196310386875,0.016129032258064516,5.954196310386875,0.09603542436107862
deeper,4,3.9585931160065715e-05,14.62465268685824,6,RB,RBR,deeper,0,2,4.954196310386875,0.00011416163511671297,9.90839262077375,0.03225806451612903,4.954196310386875,0.1598127842060282
goodfornothing,4,3.9585931160065715e-05,14.62465268685824,14,JJ,JJ,goodfornoth,0,4,3.9541963103868754,0.00012110590662666083,15.816785241547501,0.06451612903225806,3.9541963103868754,0.2551094393797984
pomp,4,3.9585931160065715e-05,14.62465268685824,4,NN,NN,pomp,0,4,3.9541963103868754,0.0001269226371554811,15.816785241547501,0.06451612903225806,3.9541963103868754,0.2551094393797984
mouthful,4,3.9585931160065715e-05,14.62465268685824,8,NN,NN,mouth,0,3,4.369233809665719,0.00010201215471819806,13.107701428997157,0.04838709677419355,4.369233809665719,0.2114145391773735
silken,4,3.9585931160065715e-05,14.62465268685824,6,JJ,JJ,silken,0,1,5.954196310386875,0.00020443943451001304,5.954196310386875,0.016129032258064516,5.954196310386875,0.09603542436107862
throughout,4,3.9585931160065715e-05,14.62465268685824,10,IN,IN,throughout,0,4,3.9541963103868754,0.00011312285998211341,15.816785241547501,0.06451612903225806,3.9541963103868754,0.2551094393797984
rise,4,3.9585931160065715e-05,14.62465268685824,4,VB,VB,rise,0,4,3.9541963103868754,0.000169138717934369,15.816785241547501,0.06451612903225806,3.9541963103868754,0.2551094393797984
cheeks,4,3.9585931160065715e-05,14.62465268685824,6,NN,NN,cheek,0,2,4.954196310386875,0.00012126360686120383,9.90839262077375,0.03225806451612903,4.954196310386875,0.1598127842060282
enter,4,3.9585931160065715e-05,14.62465268685824,5,VB,VB,enter,0,4,3.9541963103868754,0.00012384648828789,15.816785241547501,0.06451612903225806,3.9541963103868754,0.2551094393797984
scream,4,3.9585931160065715e-05,14.62465268685824,6,NN,NN,scream,0,4,3.9541963103868754,0.00013308310734440887,15.816785241547501,0.06451612903225806,3.9541963103868754,0.2551094393797984
planted,4,3.9585931160065715e-05,14.62465268685824,7,VB,VBN,plant,0,3,4.369233809665719,0.00013747592303642344,13.107701428997157,0.04838709677419355,4.369233809665719,0.2114145391773735
hopped,4,3.9585931160065715e-05,14.62465268685824,6,VB,VBD,hop,0,3,4.369233809665719,0.00026422593165740307,13.107701428997157,0.04838709677419355,4.369233809665719,0.2114145391773735
tall,4,3.9585931160065715e-05,14.62465268685824,4,JJ,JJ,tall,0,3,4.369233809665719,0.00014657050576700876,13.107701428997157,0.04838709677419355,4.369233809665719,0.2114145391773735
happiness,4,3.9585931160065715e-05,14.62465268685824,9,NN,NN,happi,0,4,3.9541963103868754,0.00011021448307879871,15.816785241547501,0.06451612903225806,3.9541963103868754,0.2551094393797984
striding,4,3.9585931160065715e-05,14.62465268685824,8,VB,VBG,stride,0,3,4.369233809665719,0.0001456144238590652,13.107701428997157,0.04838709677419355,4.369233809665719,0.2114145391773735
punish,4,3.9585931160065715e-05,14.62465268685824,6,VB,VB,punish,0,4,3.9541963103868754,0.00016508305879291545,15.816785241547501,0.06451612903225806,3.9541963103868754,0.2551094393797984
unhappy,4,3.9585931160065715e-05,14.62465268685824,7,JJ,JJ,unhappi,0,4,3.9541963103868754,0.0001621294560254319,15.816785241547501,0.06451612903225806,3.9541963103868754,0.2551094393797984
drawn,4,3.9585931160065715e-05,14.62465268685824,5,NN,NN,drawn,0,3,4.369233809665719,0.00013896983883141074,13.107701428997157,0.04838709677419355,4.369233809665719,0.2114145391773735
pleasant,4,3.9585931160065715e-05,14.62465268685824,8,JJ,JJ,pleasant,0,3,4.369233809665719,0.00017923930035844605,13.107701428997157,0.04838709677419355,4.369233809665719,0.2114145391773735
costly,4,3.9585931160065715e-05,14.62465268685824,6,JJ,JJ,costli,0,3,4.369233809665719,0.00018710256189086546,13.107701428997157,0.04838709677419355,4.369233809665719,0.2114145391773735
sorts,4,3.9585931160065715e-05,14.62465268685824,5,NN,NNS,sort,0,4,3.9541963103868754,0.00015883775143482492,15.816785241547501,0.06451612903225806,3.9541963103868754,0.2551094393797984
plot,4,3.9585931160065715e-05,14.62465268685824,4,NN,NN,plot,0,3,4.369233809665719,0.00011822315209974036,13.107701428997157,0.04838709677419355,4.369233809665719,0.2114145391773735
kid,4,3.9585931160065715e-05,14.62465268685824,3,NN,NN,kid,0,1,5.954196310386875,0.00034858593234511295,5.954196310386875,0.016129032258064516,5.954196310386875,0.09603542436107862
bolt,4,3.9585931160065715e-05,14.62465268685824,4,NN,NN,bolt,0,2,4.954196310386875,0.00012558941721507288,9.90839262077375,0.03225806451612903,4.954196310386875,0.1598127842060282
push,4,3.9585931160065715e-05,14.62465268685824,4,NN,NN,push,0,4,3.9541963103868754,0.00010724531895945041,15.816785241547501,0.06451612903225806,3.9541963103868754,0.2551094393797984
forms,4,3.9585931160065715e-05,14.62465268685824,5,NN,NNS,form,0,3,4.369233809665719,0.00020398514500763072,13.107701428997157,0.04838709677419355,4.369233809665719,0.2114145391773735
wooden,4,3.9585931160065715e-05,14.62465268685824,6,JJ,JJ,wooden,0,3,4.369233809665719,0.000371234130107338,13.107701428997157,0.04838709677419355,4.369233809665719,0.2114145391773735
saddle,4,3.9585931160065715e-05,14.62465268685824,6,NN,NN,saddl,0,1,5.954196310386875,0.00015117737010795533,5.954196310386875,0.016129032258064516,5.954196310386875,0.09603542436107862
nimbly,4,3.9585931160065715e-05,14.62465268685824,6,RB,RB,nimbl,0,3,4.369233809665719,0.00031293620843034713,13.107701428997157,0.04838709677419355,4.369233809665719,0.2114145391773735
according,4,3.9585931160065715e-05,14.62465268685824,9,VB,VBG,accord,0,4,3.9541963103868754,0.00015671216454572572,15.816785241547501,0.06451612903225806,3.9541963103868754,0.2551094393797984
stretch,4,3.9585931160065715e-05,14.62465268685824,7,VB,VB,stretch,0,3,4.369233809665719,0.00024251993276514953,13.107701428997157,0.04838709677419355,4.369233809665719,0.2114145391773735
shop,4,3.9585931160065715e-05,14.62465268685824,4,NN,NN,shop,0,1,5.954196310386875,0.0002849715856411829,5.954196310386875,0.016129032258064516,5.954196310386875,0.09603542436107862
madam,4,3.9585931160065715e-05,14.62465268685824,5,NN,NN,madam,0,1,5.954196310386875,0.000334618203348706,5.954196310386875,0.016129032258064516,5.954196310386875,0.09603542436107862
drag,4,3.9585931160065715e-05,14.62465268685824,4,VB,VB,drag,0,4,3.9541963103868754,0.00017374037120317394,15.816785241547501,0.06451612903225806,3.9541963103868754,0.2551094393797984
halfdone,4,3.9585931160065715e-05,14.62465268685824,8,NN,NN,halfdon,0,1,5.954196310386875,0.00038999157100945637,5.954196310386875,0.016129032258064516,5.954196310386875,0.09603542436107862
book,4,3.9585931160065715e-05,14.62465268685824,4,NN,NN,book,0,2,4.954196310386875,0.00034054256563369883,9.90839262077375,0.03225806451612903,4.954196310386875,0.1598127842060282
innocent,4,3.9585931160065715e-05,14.62465268685824,8,JJ,JJ,innoc,0,4,3.9541963103868754,0.00014572866326616882,15.816785241547501,0.06451612903225806,3.9541963103868754,0.2551094393797984
figure,4,3.9585931160065715e-05,14.62465268685824,6,NN,NN,figur,0,2,4.954196310386875,0.0001912411058398737,9.90839262077375,0.03225806451612903,4.954196310386875,0.1598127842060282
monster,4,3.9585931160065715e-05,14.62465268685824,7,NN,NN,monster,0,3,4.369233809665719,0.00024044868680483147,13.107701428997157,0.04838709677419355,4.369233809665719,0.2114145391773735
soul,4,3.9585931160065715e-05,14.62465268685824,4,NN,NN,soul,0,3,4.369233809665719,0.00018925814528227583,13.107701428997157,0.04838709677419355,4.369233809665719,0.2114145391773735
picking,4,3.9585931160065715e-05,14.62465268685824,7,VB,VBG,pick,0,4,3.9541963103868754,0.00016006227559483313,15.816785241547501,0.06451612903225806,3.9541963103868754,0.2551094393797984
whatsoever,4,3.9585931160065715e-05,14.62465268685824,10,NN,NN,whatsoev,0,4,3.9541963103868754,0.00019644056518293998,15.816785241547501,0.06451612903225806,3.9541963103868754,0.2551094393797984
lovely,4,3.9585931160065715e-05,14.62465268685824,6,JJ,JJ,love,0,4,3.9541963103868754,0.0001282807842602544,15.816785241547501,0.06451612903225806,3.9541963103868754,0.2551094393797984
lamb,4,3.9585931160065715e-05,14.62465268685824,4,NN,NN,lamb,0,2,4.954196310386875,0.00012229283662083037,9.90839262077375,0.03225806451612903,4.954196310386875,0.1598127842060282
fit,4,3.9585931160065715e-05,14.62465268685824,3,JJ,JJ,fit,0,4,3.9541963103868754,0.00016655529065431128,15.816785241547501,0.06451612903225806,3.9541963103868754,0.2551094393797984
manage,4,3.9585931160065715e-05,14.62465268685824,6,VB,VB,manag,0,4,3.9541963103868754,0.0001591622338930921,15.816785241547501,0.06451612903225806,3.9541963103868754,0.2551094393797984
crowd,4,3.9585931160065715e-05,14.62465268685824,5,NN,NN,crowd,0,3,4.369233809665719,0.00014444306835753376,13.107701428997157,0.04838709677419355,4.369233809665719,0.2114145391773735
determined,4,3.9585931160065715e-05,14.62465268685824,10,VB,VBD,determin,0,3,4.369233809665719,0.00017773311207459615,13.107701428997157,0.04838709677419355,4.369233809665719,0.2114145391773735
gay,4,3.9585931160065715e-05,14.62465268685824,3,NN,NN,gay,0,3,4.369233809665719,0.00014275132148451622,13.107701428997157,0.04838709677419355,4.369233809665719,0.2114145391773735
likes,4,3.9585931160065715e-05,14.62465268685824,5,VB,VBZ,like,0,4,3.9541963103868754,0.00010475389000603532,15.816785241547501,0.06451612903225806,3.9541963103868754,0.2551094393797984
waggoner,4,3.9585931160065715e-05,14.62465268685824,8,NN,NN,waggon,0,1,5.954196310386875,0.00010101017550468434,5.954196310386875,0.016129032258064516,5.954196310386875,0.09603542436107862
knowall,4,3.9585931160065715e-05,14.62465268685824,7,NN,NNP,knowal,0,1,5.954196310386875,0.000493121562829672,5.954196310386875,0.016129032258064516,5.954196310386875,0.09603542436107862
feeling,4,3.9585931160065715e-05,14.62465268685824,7,NN,NN,feel,0,4,3.9541963103868754,0.00011414206035409595,15.816785241547501,0.06451612903225806,3.9541963103868754,0.2551094393797984
shelter,4,3.9585931160065715e-05,14.62465268685824,7,NN,NN,shelter,0,3,4.369233809665719,0.00023906883642279162,13.107701428997157,0.04838709677419355,4.369233809665719,0.2114145391773735
thrush,4,3.9585931160065715e-05,14.62465268685824,6,NN,NN,thrush,0,2,4.954196310386875,0.0001973921134616509,9.90839262077375,0.03225806451612903,4.954196310386875,0.1598127842060282
thread,4,3.9585931160065715e-05,14.62465268685824,6,JJ,JJ,thread,0,3,4.369233809665719,0.0003725386759035916,13.107701428997157,0.04838709677419355,4.369233809665719,0.2114145391773735
bell,4,3.9585931160065715e-05,14.62465268685824,4,NN,NN,bell,0,1,5.954196310386875,0.00010101017550468434,5.954196310386875,0.016129032258064516,5.954196310386875,0.09603542436107862
gifts,4,3.9585931160065715e-05,14.62465268685824,5,NN,NNS,gift,0,3,4.369233809665719,0.00019304984544528733,13.107701428997157,0.04838709677419355,4.369233809665719,0.2114145391773735
whip,4,3.9585931160065715e-05,14.62465268685824,4,NN,NN,whip,0,3,4.369233809665719,0.00013999848417838723,13.107701428997157,0.04838709677419355,4.369233809665719,0.2114145391773735
riches,4,3.9585931160065715e-05,14.62465268685824,6,NN,NNS,rich,0,4,3.9541963103868754,0.00010777926356108238,15.816785241547501,0.06451612903225806,3.9541963103868754,0.2551094393797984
size,4,3.9585931160065715e-05,14.62465268685824,4,NN,NN,size,0,3,4.369233809665719,0.00022896911800531858,13.107701428997157,0.04838709677419355,4.369233809665719,0.2114145391773735
horseman,4,3.9585931160065715e-05,14.62465268685824,8,NN,NN,horseman,0,2,4.954196310386875,0.0001699302313574478,9.90839262077375,0.03225806451612903,4.954196310386875,0.1598127842060282
gentle,4,3.9585931160065715e-05,14.62465268685824,6,JJ,JJ,gentl,0,4,3.9541963103868754,0.00013012622065745942,15.816785241547501,0.06451612903225806,3.9541963103868754,0.2551094393797984
scattered,4,3.9585931160065715e-05,14.62465268685824,9,VB,VBN,scatter,0,4,3.9541963103868754,0.0001717618731205415,15.816785241547501,0.06451612903225806,3.9541963103868754,0.2551094393797984
growing,4,3.9585931160065715e-05,14.62465268685824,7,VB,VBG,grow,0,4,3.9541963103868754,0.0001425257399077212,15.816785241547501,0.06451612903225806,3.9541963103868754,0.2551094393797984
touch,4,3.9585931160065715e-05,14.62465268685824,5,VB,VB,touch,0,4,3.9541963103868754,0.00019392223863035703,15.816785241547501,0.06451612903225806,3.9541963103868754,0.2551094393797984
roots,4,3.9585931160065715e-05,14.62465268685824,5,NN,NNS,root,0,3,4.369233809665719,0.00016756980963375227,13.107701428997157,0.04838709677419355,4.369233809665719,0.2114145391773735
desired,4,3.9585931160065715e-05,14.62465268685824,7,VB,VBD,desir,0,4,3.9541963103868754,0.0001937218589888683,15.816785241547501,0.06451612903225806,3.9541963103868754,0.2551094393797984
crabb,4,3.9585931160065715e-05,14.62465268685824,5,NN,NNP,crabb,0,1,5.954196310386875,0.000493121562829672,5.954196310386875,0.016129032258064516,5.954196310386875,0.09603542436107862
christening,4,3.9585931160065715e-05,14.62465268685824,11,NN,NN,christen,0,3,4.369233809665719,0.00021710167634810456,13.107701428997157,0.04838709677419355,4.369233809665719,0.2114145391773735
dragging,4,3.9585931160065715e-05,14.62465268685824,8,VB,VBG,drag,0,3,4.369233809665719,0.0002675560696424854,13.107701428997157,0.04838709677419355,4.369233809665719,0.2114145391773735
heels,4,3.9585931160065715e-05,14.62465268685824,5,NN,NNS,heel,0,4,3.9541963103868754,0.0002127084590890016,15.816785241547501,0.06451612903225806,3.9541963103868754,0.2551094393797984
sold,4,3.9585931160065715e-05,14.62465268685824,4,VB,VBD,sold,0,4,3.9541963103868754,0.00016539704910514984,15.816785241547501,0.06451612903225806,3.9541963103868754,0.2551094393797984
devil,4,3.9585931160065715e-05,14.62465268685824,5,NN,NN,devil,0,3,4.369233809665719,0.00013788126336991137,13.107701428997157,0.04838709677419355,4.369233809665719,0.2114145391773735
turnip,4,3.9585931160065715e-05,14.62465268685824,6,NN,NN,turnip,0,1,5.954196310386875,0.0003323025064397184,5.954196310386875,0.016129032258064516,5.954196310386875,0.09603542436107862
distance,4,3.9585931160065715e-05,14.62465268685824,8,NN,NN,distanc,0,4,3.9541963103868754,0.0002014196179845315,15.816785241547501,0.06451612903225806,3.9541963103868754,0.2551094393797984
chandelier,4,3.9585931160065715e-05,14.62465268685824,10,NN,NN,chandeli,0,1,5.954196310386875,0.0004090965893975661,5.954196310386875,0.016129032258064516,5.954196310386875,0.09603542436107862
nearly,4,3.9585931160065715e-05,14.62465268685824,6,RB,RB,nearli,0,4,3.9541963103868754,0.00019487382185890843,15.816785241547501,0.06451612903225806,3.9541963103868754,0.2551094393797984
jip,4,3.9585931160065715e-05,14.62465268685824,3,NN,NNP,jip,0,2,4.954196310386875,0.0003900588127056257,9.90839262077375,0.03225806451612903,4.954196310386875,0.1598127842060282
burn,4,3.9585931160065715e-05,14.62465268685824,4,VB,VB,burn,0,3,4.369233809665719,0.0003907245650756695,13.107701428997157,0.04838709677419355,4.369233809665719,0.2114145391773735
bees,4,3.9585931160065715e-05,14.62465268685824,4,NN,NNS,bee,0,2,4.954196310386875,0.000366531902067116,9.90839262077375,0.03225806451612903,4.954196310386875,0.1598127842060282
ants,4,3.9585931160065715e-05,14.62465268685824,4,NN,NNS,ant,0,2,4.954196310386875,0.0003289319701455911,9.90839262077375,0.03225806451612903,4.954196310386875,0.1598127842060282
darkness,4,3.9585931160065715e-05,14.62465268685824,8,NN,NN,dark,0,4,3.9541963103868754,0.00010332285436867482,15.816785241547501,0.06451612903225806,3.9541963103868754,0.2551094393797984
messengers,4,3.9585931160065715e-05,14.62465268685824,10,NN,NNS,messeng,0,2,4.954196310386875,0.0002140284615373246,9.90839262077375,0.03225806451612903,4.954196310386875,0.1598127842060282
courtiers,4,3.9585931160065715e-05,14.62465268685824,9,NN,NNS,courtier,0,3,4.369233809665719,0.00011184595768433475,13.107701428997157,0.04838709677419355,4.369233809665719,0.2114145391773735
pan,4,3.9585931160065715e-05,14.62465268685824,3,NN,NN,pan,0,2,4.954196310386875,0.0004004549421661598,9.90839262077375,0.03225806451612903,4.954196310386875,0.1598127842060282
trick,4,3.9585931160065715e-05,14.62465268685824,5,NN,NN,trick,0,4,3.9541963103868754,0.0001738051755004577,15.816785241547501,0.06451612903225806,3.9541963103868754,0.2551094393797984
dug,4,3.9585931160065715e-05,14.62465268685824,3,VB,VB,dug,0,4,3.9541963103868754,0.00014911209063843146,15.816785241547501,0.06451612903225806,3.9541963103868754,0.2551094393797984
soot,4,3.9585931160065715e-05,14.62465268685824,4,NN,NN,soot,0,1,5.954196310386875,0.0001798416186537053,5.954196310386875,0.016129032258064516,5.954196310386875,0.09603542436107862
steal,4,3.9585931160065715e-05,14.62465268685824,5,VB,VB,steal,0,4,3.9541963103868754,0.00013269568059961088,15.816785241547501,0.06451612903225806,3.9541963103868754,0.2551094393797984
wrapped,4,3.9585931160065715e-05,14.62465268685824,7,VB,VBD,wrap,0,4,3.9541963103868754,0.00012630993264390377,15.816785241547501,0.06451612903225806,3.9541963103868754,0.2551094393797984
thoughts,4,3.9585931160065715e-05,14.62465268685824,8,NN,NNS,thought,0,4,3.9541963103868754,0.00013604086675822428,15.816785241547501,0.06451612903225806,3.9541963103868754,0.2551094393797984
breast,4,3.9585931160065715e-05,14.62465268685824,6,NN,NN,breast,0,2,4.954196310386875,9.254801883233338e-05,9.90839262077375,0.03225806451612903,4.954196310386875,0.1598127842060282
mantle,4,3.9585931160065715e-05,14.62465268685824,6,NN,NN,mantl,0,1,5.954196310386875,0.0001798416186537053,5.954196310386875,0.016129032258064516,5.954196310386875,0.09603542436107862
grain,4,3.9585931160065715e-05,14.62465268685824,5,NN,NN,grain,0,2,4.954196310386875,0.00016080559226891073,9.90839262077375,0.03225806451612903,4.954196310386875,0.1598127842060282
neat,4,3.9585931160065715e-05,14.62465268685824,4,JJ,JJ,neat,0,4,3.9541963103868754,0.00017179831085042515,15.816785241547501,0.06451612903225806,3.9541963103868754,0.2551094393797984
different,4,3.9585931160065715e-05,14.62465268685824,9,JJ,JJ,differ,0,4,3.9541963103868754,0.00011773782872240262,15.816785241547501,0.06451612903225806,3.9541963103868754,0.2551094393797984
coals,4,3.9585931160065715e-05,14.62465268685824,5,NN,NNS,coal,0,2,4.954196310386875,0.00019108466671649728,9.90839262077375,0.03225806451612903,4.954196310386875,0.1598127842060282
weave,4,3.9585931160065715e-05,14.62465268685824,5,VB,VB,weav,0,3,4.369233809665719,0.00017803343573117794,13.107701428997157,0.04838709677419355,4.369233809665719,0.2114145391773735
bark,4,3.9585931160065715e-05,14.62465268685824,4,NN,NN,bark,0,2,4.954196310386875,0.00029054470944994286,9.90839262077375,0.03225806451612903,4.954196310386875,0.1598127842060282
vinegar,4,3.9585931160065715e-05,14.62465268685824,7,NN,NN,vinegar,0,1,5.954196310386875,0.0002003869052917655,5.954196310386875,0.016129032258064516,5.954196310386875,0.09603542436107862
concealed,4,3.9585931160065715e-05,14.62465268685824,9,VB,VBN,conceal,0,4,3.9541963103868754,0.00040289949363725083,15.816785241547501,0.06451612903225806,3.9541963103868754,0.2551094393797984
fourth,4,3.9585931160065715e-05,14.62465268685824,6,JJ,JJ,fourth,0,4,3.9541963103868754,0.00020953853827735373,15.816785241547501,0.06451612903225806,3.9541963103868754,0.2551094393797984
knock,4,3.9585931160065715e-05,14.62465268685824,5,NN,NN,knock,0,4,3.9541963103868754,0.0002819194823399858,15.816785241547501,0.06451612903225806,3.9541963103868754,0.2551094393797984
seat,4,3.9585931160065715e-05,14.62465268685824,4,NN,NN,seat,0,4,3.9541963103868754,0.00020691535801164996,15.816785241547501,0.06451612903225806,3.9541963103868754,0.2551094393797984
sees,4,3.9585931160065715e-05,14.62465268685824,4,VB,VBZ,see,0,4,3.9541963103868754,0.00016243782071611747,15.816785241547501,0.06451612903225806,3.9541963103868754,0.2551094393797984
happens,4,3.9585931160065715e-05,14.62465268685824,7,VB,VBZ,happen,0,4,3.9541963103868754,0.00015851471093476503,15.816785241547501,0.06451612903225806,3.9541963103868754,0.2551094393797984
ladder,4,3.9585931160065715e-05,14.62465268685824,6,NN,NN,ladder,0,3,4.369233809665719,0.00015725547700590702,13.107701428997157,0.04838709677419355,4.369233809665719,0.2114145391773735
purse,4,3.9585931160065715e-05,14.62465268685824,5,NN,NN,purs,0,1,5.954196310386875,0.0003260965173551057,5.954196310386875,0.016129032258064516,5.954196310386875,0.09603542436107862
ten,4,3.9585931160065715e-05,14.62465268685824,3,JJ,JJ,ten,0,3,4.369233809665719,0.00016573295527550988,13.107701428997157,0.04838709677419355,4.369233809665719,0.2114145391773735
descend,4,3.9585931160065715e-05,14.62465268685824,7,NN,NN,descend,0,2,4.954196310386875,0.00023877581372108955,9.90839262077375,0.03225806451612903,4.954196310386875,0.1598127842060282
allgone,4,3.9585931160065715e-05,14.62465268685824,7,NN,NN,allgon,0,1,5.954196310386875,0.00038999157100945637,5.954196310386875,0.016129032258064516,5.954196310386875,0.09603542436107862
bean,4,3.9585931160065715e-05,14.62465268685824,4,NN,NN,bean,0,1,5.954196310386875,0.0007621859076276081,5.954196310386875,0.016129032258064516,5.954196310386875,0.09603542436107862
whispered,4,3.9585931160065715e-05,14.62465268685824,9,VB,VBD,whisper,0,2,4.954196310386875,0.00014625974231071025,9.90839262077375,0.03225806451612903,4.954196310386875,0.1598127842060282
discover,4,3.9585931160065715e-05,14.62465268685824,8,VB,VB,discov,0,3,4.369233809665719,0.00019419834191993803,13.107701428997157,0.04838709677419355,4.369233809665719,0.2114145391773735
request,4,3.9585931160065715e-05,14.62465268685824,7,NN,NN,request,0,3,4.369233809665719,0.00018436574401663135,13.107701428997157,0.04838709677419355,4.369233809665719,0.2114145391773735
holes,4,3.9585931160065715e-05,14.62465268685824,5,NN,NNS,hole,0,4,3.9541963103868754,0.0001660666744141037,15.816785241547501,0.06451612903225806,3.9541963103868754,0.2551094393797984
cover,4,3.9585931160065715e-05,14.62465268685824,5,NN,NN,cover,0,3,4.369233809665719,0.00022542724270305687,13.107701428997157,0.04838709677419355,4.369233809665719,0.2114145391773735
sweep,4,3.9585931160065715e-05,14.62465268685824,5,VB,VB,sweep,0,3,4.369233809665719,0.00030100143884771925,13.107701428997157,0.04838709677419355,4.369233809665719,0.2114145391773735
clumsy,4,3.9585931160065715e-05,14.62465268685824,6,JJ,JJ,clumsi,0,3,4.369233809665719,0.00012879145085805055,13.107701428997157,0.04838709677419355,4.369233809665719,0.2114145391773735
remember,4,3.9585931160065715e-05,14.62465268685824,8,VB,VB,rememb,0,2,4.954196310386875,0.00021822184346314159,9.90839262077375,0.03225806451612903,4.954196310386875,0.1598127842060282
knocking,4,3.9585931160065715e-05,14.62465268685824,8,VB,VBG,knock,0,3,4.369233809665719,0.00024824251293326154,13.107701428997157,0.04838709677419355,4.369233809665719,0.2114145391773735
dread,4,3.9585931160065715e-05,14.62465268685824,5,NN,NN,dread,0,3,4.369233809665719,0.00014552566204790234,13.107701428997157,0.04838709677419355,4.369233809665719,0.2114145391773735
joyfully,4,3.9585931160065715e-05,14.62465268685824,8,RB,RB,joy,0,4,3.9541963103868754,0.0002776840169522556,15.816785241547501,0.06451612903225806,3.9541963103868754,0.2551094393797984
reel,4,3.9585931160065715e-05,14.62465268685824,4,NN,NNP,reel,0,1,5.954196310386875,0.000334618203348706,5.954196310386875,0.016129032258064516,5.954196310386875,0.09603542436107862
rascal,4,3.9585931160065715e-05,14.62465268685824,6,JJ,JJ,rascal,0,4,3.9541963103868754,0.00020446350926935108,15.816785241547501,0.06451612903225806,3.9541963103868754,0.2551094393797984
greater,4,3.9585931160065715e-05,14.62465268685824,7,JJ,JJR,greater,0,4,3.9541963103868754,0.00012424412371350298,15.816785241547501,0.06451612903225806,3.9541963103868754,0.2551094393797984
hoped,4,3.9585931160065715e-05,14.62465268685824,5,VB,VBD,hope,0,4,3.9541963103868754,0.00013604085791929458,15.816785241547501,0.06451612903225806,3.9541963103868754,0.2551094393797984
several,4,3.9585931160065715e-05,14.62465268685824,7,JJ,JJ,sever,0,4,3.9541963103868754,0.00012318158748227535,15.816785241547501,0.06451612903225806,3.9541963103868754,0.2551094393797984
luckily,4,3.9585931160065715e-05,14.62465268685824,7,RB,RB,luckili,0,4,3.9541963103868754,0.00020734611727869757,15.816785241547501,0.06451612903225806,3.9541963103868754,0.2551094393797984
news,4,3.9585931160065715e-05,14.62465268685824,4,NN,NN,news,0,3,4.369233809665719,0.00020373952930555027,13.107701428997157,0.04838709677419355,4.369233809665719,0.2114145391773735
maps,4,3.9585931160065715e-05,14.62465268685824,4,NN,NNS,map,0,1,5.954196310386875,0.00015873623861335312,5.954196310386875,0.016129032258064516,5.954196310386875,0.09603542436107862
hero,4,3.9585931160065715e-05,14.62465268685824,4,NN,NN,hero,0,1,5.954196310386875,0.0001146349440299357,5.954196310386875,0.016129032258064516,5.954196310386875,0.09603542436107862
drawing,4,3.9585931160065715e-05,14.62465268685824,7,VB,VBG,draw,0,4,3.9541963103868754,0.0001574704460692804,15.816785241547501,0.06451612903225806,3.9541963103868754,0.2551094393797984
collar,4,3.9585931160065715e-05,14.62465268685824,6,NN,NN,collar,0,2,4.954196310386875,0.0001584644623070916,9.90839262077375,0.03225806451612903,4.954196310386875,0.1598127842060282
chimney,4,3.9585931160065715e-05,14.62465268685824,7,NN,NN,chimney,0,4,3.9541963103868754,0.00011038033737415807,15.816785241547501,0.06451612903225806,3.9541963103868754,0.2551094393797984
tender,4,3.9585931160065715e-05,14.62465268685824,6,JJ,JJ,tender,0,4,3.9541963103868754,0.00011997099674282384,15.816785241547501,0.06451612903225806,3.9541963103868754,0.2551094393797984
gentleman,4,3.9585931160065715e-05,14.62465268685824,9,NN,NN,gentleman,0,3,4.369233809665719,0.0004658695917513784,13.107701428997157,0.04838709677419355,4.369233809665719,0.2114145391773735
soundly,4,3.9585931160065715e-05,14.62465268685824,7,RB,RB,soundli,0,4,3.9541963103868754,0.00013561258030691544,15.816785241547501,0.06451612903225806,3.9541963103868754,0.2551094393797984
slyly,4,3.9585931160065715e-05,14.62465268685824,5,JJ,JJ,slyli,0,4,3.9541963103868754,0.00017411671313130115,15.816785241547501,0.06451612903225806,3.9541963103868754,0.2551094393797984
ebony,4,3.9585931160065715e-05,14.62465268685824,5,NN,NN,eboni,0,1,5.954196310386875,0.00016099819674950314,5.954196310386875,0.016129032258064516,5.954196310386875,0.09603542436107862
lovelier,4,3.9585931160065715e-05,14.62465268685824,8,JJ,JJR,loveli,0,1,5.954196310386875,0.00016099819674950314,5.954196310386875,0.016129032258064516,5.954196310386875,0.09603542436107862
alarmed,4,3.9585931160065715e-05,14.62465268685824,7,VB,VBN,alarm,0,4,3.9541963103868754,0.00024259364354338556,15.816785241547501,0.06451612903225806,3.9541963103868754,0.2551094393797984
job,4,3.9585931160065715e-05,14.62465268685824,3,NN,NN,job,0,3,4.369233809665719,0.0003009546831776966,13.107701428997157,0.04838709677419355,4.369233809665719,0.2114145391773735
bells,4,3.9585931160065715e-05,14.62465268685824,5,NN,NNS,bell,0,2,4.954196310386875,0.00020731819577538208,9.90839262077375,0.03225806451612903,4.954196310386875,0.1598127842060282
granted,4,3.9585931160065715e-05,14.62465268685824,7,VB,VBN,grant,0,4,3.9541963103868754,0.00011876903721048941,15.816785241547501,0.06451612903225806,3.9541963103868754,0.2551094393797984
dreadfully,4,3.9585931160065715e-05,14.62465268685824,10,RB,RB,dread,0,4,3.9541963103868754,0.00012599440154505574,15.816785241547501,0.06451612903225806,3.9541963103868754,0.2551094393797984
rooms,4,3.9585931160065715e-05,14.62465268685824,5,NN,NNS,room,0,4,3.9541963103868754,0.00016312980955417956,15.816785241547501,0.06451612903225806,3.9541963103868754,0.2551094393797984
claw,4,3.9585931160065715e-05,14.62465268685824,4,NN,NN,claw,0,1,5.954196310386875,0.00012439821808429873,5.954196310386875,0.016129032258064516,5.954196310386875,0.09603542436107862
squire,4,3.9585931160065715e-05,14.62465268685824,6,NN,NN,squir,0,2,4.954196310386875,0.00012896293644081046,9.90839262077375,0.03225806451612903,4.954196310386875,0.1598127842060282
roaring,4,3.9585931160065715e-05,14.62465268685824,7,VB,VBG,roar,0,4,3.9541963103868754,0.00014786738307480003,15.816785241547501,0.06451612903225806,3.9541963103868754,0.2551094393797984
stables,4,3.9585931160065715e-05,14.62465268685824,7,NN,NNS,stabl,0,3,4.369233809665719,0.00020814553886669413,13.107701428997157,0.04838709677419355,4.369233809665719,0.2114145391773735
turning,4,3.9585931160065715e-05,14.62465268685824,7,VB,VBG,turn,0,4,3.9541963103868754,0.00012712255030083002,15.816785241547501,0.06451612903225806,3.9541963103868754,0.2551094393797984
pulling,4,3.9585931160065715e-05,14.62465268685824,7,VB,VBG,pull,0,4,3.9541963103868754,0.00016623153678994228,15.816785241547501,0.06451612903225806,3.9541963103868754,0.2551094393797984
goldsmith,4,3.9585931160065715e-05,14.62465268685824,9,NN,NN,goldsmith,0,1,5.954196310386875,0.00012439821808429873,5.954196310386875,0.016129032258064516,5.954196310386875,0.09603542436107862
working,4,3.9585931160065715e-05,14.62465268685824,7,VB,VBG,work,0,4,3.9541963103868754,0.00011076689348522484,15.816785241547501,0.06451612903225806,3.9541963103868754,0.2551094393797984
mischief,4,3.9585931160065715e-05,14.62465268685824,8,NN,NN,mischief,0,4,3.9541963103868754,0.0001344653675724385,15.816785241547501,0.06451612903225806,3.9541963103868754,0.2551094393797984
spirit,4,3.9585931160065715e-05,14.62465268685824,6,NN,NN,spirit,0,2,4.954196310386875,9.864067690606574e-05,9.90839262077375,0.03225806451612903,4.954196310386875,0.1598127842060282
couch,4,3.9585931160065715e-05,14.62465268685824,5,JJ,JJ,couch,0,2,4.954196310386875,0.00013710690191404818,9.90839262077375,0.03225806451612903,4.954196310386875,0.1598127842060282
shuddering,4,3.9585931160065715e-05,14.62465268685824,10,NN,NN,shudder,0,2,4.954196310386875,0.0001172080550544129,9.90839262077375,0.03225806451612903,4.954196310386875,0.1598127842060282
sorrow,4,3.9585931160065715e-05,14.62465268685824,6,NN,NN,sorrow,0,4,3.9541963103868754,0.00014056759854587145,15.816785241547501,0.06451612903225806,3.9541963103868754,0.2551094393797984
wherein,4,3.9585931160065715e-05,14.62465268685824,7,NN,NN,wherein,0,4,3.9541963103868754,0.00011967345018171511,15.816785241547501,0.06451612903225806,3.9541963103868754,0.2551094393797984
lonely,4,3.9585931160065715e-05,14.62465268685824,6,JJ,JJ,lone,0,4,3.9541963103868754,0.00022337328862950297,15.816785241547501,0.06451612903225806,3.9541963103868754,0.2551094393797984
invisible,4,3.9585931160065715e-05,14.62465268685824,9,JJ,JJ,invis,0,3,4.369233809665719,0.00014522194401666265,13.107701428997157,0.04838709677419355,4.369233809665719,0.2114145391773735
injury,4,3.9585931160065715e-05,14.62465268685824,6,NN,NN,injuri,0,4,3.9541963103868754,0.00016103775982438274,15.816785241547501,0.06451612903225806,3.9541963103868754,0.2551094393797984
masters,4,3.9585931160065715e-05,14.62465268685824,7,NN,NNS,master,0,3,4.369233809665719,0.00019654095670570954,13.107701428997157,0.04838709677419355,4.369233809665719,0.2114145391773735
girdle,4,3.9585931160065715e-05,14.62465268685824,6,NN,NN,girdl,0,1,5.954196310386875,0.0001146349440299357,5.954196310386875,0.016129032258064516,5.954196310386875,0.09603542436107862
mark,4,3.9585931160065715e-05,14.62465268685824,4,NN,NN,mark,0,2,4.954196310386875,0.0001659012049444575,9.90839262077375,0.03225806451612903,4.954196310386875,0.1598127842060282
silk,4,3.9585931160065715e-05,14.62465268685824,4,NN,NN,silk,0,3,4.369233809665719,0.00012273544184323914,13.107701428997157,0.04838709677419355,4.369233809665719,0.2114145391773735
kiss,4,3.9585931160065715e-05,14.62465268685824,4,NN,NN,kiss,0,3,4.369233809665719,0.0001258287989914754,13.107701428997157,0.04838709677419355,4.369233809665719,0.2114145391773735
rested,4,3.9585931160065715e-05,14.62465268685824,6,VB,VBD,rest,0,3,4.369233809665719,0.00011696571460500936,13.107701428997157,0.04838709677419355,4.369233809665719,0.2114145391773735
penny,4,3.9585931160065715e-05,14.62465268685824,5,NN,NN,penni,0,2,4.954196310386875,0.0002028692059200839,9.90839262077375,0.03225806451612903,4.954196310386875,0.1598127842060282
glittering,4,3.9585931160065715e-05,14.62465268685824,10,NN,NN,glitter,0,4,3.9541963103868754,0.00017079153861287473,15.816785241547501,0.06451612903225806,3.9541963103868754,0.2551094393797984
hot,4,3.9585931160065715e-05,14.62465268685824,3,JJ,JJ,hot,0,4,3.9541963103868754,0.00015389852087235756,15.816785241547501,0.06451612903225806,3.9541963103868754,0.2551094393797984
hours,4,3.9585931160065715e-05,14.62465268685824,5,NN,NNS,hour,0,4,3.9541963103868754,0.00013999849765811083,15.816785241547501,0.06451612903225806,3.9541963103868754,0.2551094393797984
jam,4,3.9585931160065715e-05,14.62465268685824,3,NN,NN,jam,0,1,5.954196310386875,0.0001146349440299357,5.954196310386875,0.016129032258064516,5.954196310386875,0.09603542436107862
wondered,4,3.9585931160065715e-05,14.62465268685824,8,VB,VBD,wonder,0,4,3.9541963103868754,0.00018805159696985013,15.816785241547501,0.06451612903225806,3.9541963103868754,0.2551094393797984
grows,4,3.9585931160065715e-05,14.62465268685824,5,VB,VBZ,grow,0,2,4.954196310386875,0.00021535180330940835,9.90839262077375,0.03225806451612903,4.954196310386875,0.1598127842060282
holding,4,3.9585931160065715e-05,14.62465268685824,7,VB,VBG,hold,0,4,3.9541963103868754,0.00030401971063044245,15.816785241547501,0.06451612903225806,3.9541963103868754,0.2551094393797984
lad,3,2.968944837004929e-05,15.039690186137085,3,NN,NN,lad,0,2,4.954196310386875,0.00014127599935692523,9.90839262077375,0.03225806451612903,4.954196310386875,0.1598127842060282
pigeonhouse,3,2.968944837004929e-05,15.039690186137085,11,NN,NN,pigeonhous,0,1,5.954196310386875,0.00011128090887726377,5.954196310386875,0.016129032258064516,5.954196310386875,0.09603542436107862
squeezed,3,2.968944837004929e-05,15.039690186137085,8,VB,VBD,squeez,0,2,4.954196310386875,8.557314702863977e-05,9.90839262077375,0.03225806451612903,4.954196310386875,0.1598127842060282
industrious,3,2.968944837004929e-05,15.039690186137085,11,JJ,JJ,industri,0,2,4.954196310386875,0.00011959817272851793,9.90839262077375,0.03225806451612903,4.954196310386875,0.1598127842060282
necklace,3,2.968944837004929e-05,15.039690186137085,8,NN,NN,necklac,0,2,4.954196310386875,0.00014442359036745167,9.90839262077375,0.03225806451612903,4.954196310386875,0.1598127842060282
course,3,2.968944837004929e-05,15.039690186137085,6,NN,NN,cours,0,3,4.369233809665719,9.243128898896706e-05,13.107701428997157,0.04838709677419355,4.369233809665719,0.2114145391773735
chairs,3,2.968944837004929e-05,15.039690186137085,6,NN,NNS,chair,0,3,4.369233809665719,0.00014939037692060045,13.107701428997157,0.04838709677419355,4.369233809665719,0.2114145391773735
mad,3,2.968944837004929e-05,15.039690186137085,3,JJ,JJ,mad,0,2,4.954196310386875,0.00015000230674574392,9.90839262077375,0.03225806451612903,4.954196310386875,0.1598127842060282
condition,3,2.968944837004929e-05,15.039690186137085,9,NN,NN,condit,0,3,4.369233809665719,0.0001317560061253759,13.107701428997157,0.04838709677419355,4.369233809665719,0.2114145391773735
named,3,2.968944837004929e-05,15.039690186137085,5,VB,VBN,name,0,3,4.369233809665719,0.00018014794106411015,13.107701428997157,0.04838709677419355,4.369233809665719,0.2114145391773735
force,3,2.968944837004929e-05,15.039690186137085,5,NN,NN,forc,0,2,4.954196310386875,0.00027709990667346867,9.90839262077375,0.03225806451612903,4.954196310386875,0.1598127842060282
flee,3,2.968944837004929e-05,15.039690186137085,4,VB,VB,flee,0,3,4.369233809665719,0.00014644517165666077,13.107701428997157,0.04838709677419355,4.369233809665719,0.2114145391773735
pursued,3,2.968944837004929e-05,15.039690186137085,7,VB,VBD,pursu,0,2,4.954196310386875,8.249681245955069e-05,9.90839262077375,0.03225806451612903,4.954196310386875,0.1598127842060282
hunt,3,2.968944837004929e-05,15.039690186137085,4,VB,VB,hunt,0,3,4.369233809665719,0.00016942815148633103,13.107701428997157,0.04838709677419355,4.369233809665719,0.2114145391773735
wishingcloak,3,2.968944837004929e-05,15.039690186137085,12,JJ,JJ,wishingcloak,0,1,5.954196310386875,0.00013048291353407422,5.954196310386875,0.016129032258064516,5.954196310386875,0.09603542436107862
toes,3,2.968944837004929e-05,15.039690186137085,4,NN,NNS,toe,0,3,4.369233809665719,9.435916724171567e-05,13.107701428997157,0.04838709677419355,4.369233809665719,0.2114145391773735
fight,3,2.968944837004929e-05,15.039690186137085,5,VB,VB,fight,0,2,4.954196310386875,0.00023254518575694733,9.90839262077375,0.03225806451612903,4.954196310386875,0.1598127842060282
hollow,3,2.968944837004929e-05,15.039690186137085,6,JJ,JJ,hollow,0,2,4.954196310386875,0.00016794971232463483,9.90839262077375,0.03225806451612903,4.954196310386875,0.1598127842060282
wore,3,2.968944837004929e-05,15.039690186137085,4,VB,VBD,wore,0,3,4.369233809665719,0.00013402648253765703,13.107701428997157,0.04838709677419355,4.369233809665719,0.2114145391773735
skins,3,2.968944837004929e-05,15.039690186137085,5,NN,NNS,skin,0,2,4.954196310386875,0.00011424242892861066,9.90839262077375,0.03225806451612903,4.954196310386875,0.1598127842060282
gladness,3,2.968944837004929e-05,15.039690186137085,8,NN,NN,glad,0,3,4.369233809665719,0.00014279855741195982,13.107701428997157,0.04838709677419355,4.369233809665719,0.2114145391773735
blows,3,2.968944837004929e-05,15.039690186137085,5,VB,VBZ,blow,0,3,4.369233809665719,0.0001118447018484846,13.107701428997157,0.04838709677419355,4.369233809665719,0.2114145391773735
dim,3,2.968944837004929e-05,15.039690186137085,3,JJ,JJ,dim,0,3,4.369233809665719,0.0003330429747299874,13.107701428997157,0.04838709677419355,4.369233809665719,0.2114145391773735
wanting,3,2.968944837004929e-05,15.039690186137085,7,VB,VBG,want,0,3,4.369233809665719,9.462798255609909e-05,13.107701428997157,0.04838709677419355,4.369233809665719,0.2114145391773735
gaze,3,2.968944837004929e-05,15.039690186137085,4,VB,VB,gaze,0,3,4.369233809665719,0.00011629257874389251,13.107701428997157,0.04838709677419355,4.369233809665719,0.2114145391773735
badly,3,2.968944837004929e-05,15.039690186137085,5,RB,RB,badli,0,3,4.369233809665719,9.164568659106778e-05,13.107701428997157,0.04838709677419355,4.369233809665719,0.2114145391773735
curling,3,2.968944837004929e-05,15.039690186137085,7,VB,VBG,curl,0,2,4.954196310386875,0.00010866249413386106,9.90839262077375,0.03225806451612903,4.954196310386875,0.1598127842060282
attendants,3,2.968944837004929e-05,15.039690186137085,10,NN,NNS,attend,0,3,4.369233809665719,9.395847765014673e-05,13.107701428997157,0.04838709677419355,4.369233809665719,0.2114145391773735
howl,3,2.968944837004929e-05,15.039690186137085,4,VB,VB,howl,0,3,4.369233809665719,0.00015102216336354858,13.107701428997157,0.04838709677419355,4.369233809665719,0.2114145391773735
antking,3,2.968944837004929e-05,15.039690186137085,7,JJ,JJ,antk,0,1,5.954196310386875,0.00017861517240126218,5.954196310386875,0.016129032258064516,5.954196310386875,0.09603542436107862
ashamed,3,2.968944837004929e-05,15.039690186137085,7,VB,VBN,asham,0,3,4.369233809665719,0.0001735770639690246,13.107701428997157,0.04838709677419355,4.369233809665719,0.2114145391773735
pantaloons,3,2.968944837004929e-05,15.039690186137085,10,NN,NNS,pantaloon,0,2,4.954196310386875,0.00015494797472884636,9.90839262077375,0.03225806451612903,4.954196310386875,0.1598127842060282
instant,3,2.968944837004929e-05,15.039690186137085,7,NN,NN,instant,0,3,4.369233809665719,0.00011990403679934676,13.107701428997157,0.04838709677419355,4.369233809665719,0.2114145391773735
stripes,3,2.968944837004929e-05,15.039690186137085,7,VB,VBZ,stripe,0,1,5.954196310386875,0.00013048291353407422,5.954196310386875,0.016129032258064516,5.954196310386875,0.09603542436107862
couple,3,2.968944837004929e-05,15.039690186137085,6,NN,NN,coupl,0,3,4.369233809665719,0.00013415313559220026,13.107701428997157,0.04838709677419355,4.369233809665719,0.2114145391773735
welladay,3,2.968944837004929e-05,15.039690186137085,8,JJ,JJ,welladay,0,1,5.954196310386875,0.00025316895701514575,5.954196310386875,0.016129032258064516,5.954196310386875,0.09603542436107862
forgive,3,2.968944837004929e-05,15.039690186137085,7,VB,VB,forgiv,0,2,4.954196310386875,9.250125246321665e-05,9.90839262077375,0.03225806451612903,4.954196310386875,0.1598127842060282
armour,3,2.968944837004929e-05,15.039690186137085,6,NN,NN,armour,0,2,4.954196310386875,8.173698496396788e-05,9.90839262077375,0.03225806451612903,4.954196310386875,0.1598127842060282
respect,3,2.968944837004929e-05,15.039690186137085,7,NN,NN,respect,0,3,4.369233809665719,0.00010052201710064157,13.107701428997157,0.04838709677419355,4.369233809665719,0.2114145391773735
colours,3,2.968944837004929e-05,15.039690186137085,7,NN,NNS,colour,0,3,4.369233809665719,8.029429941915272e-05,13.107701428997157,0.04838709677419355,4.369233809665719,0.2114145391773735
croaking,3,2.968944837004929e-05,15.039690186137085,8,NN,NN,croak,0,2,4.954196310386875,0.00024229622090495782,9.90839262077375,0.03225806451612903,4.954196310386875,0.1598127842060282
snug,3,2.968944837004929e-05,15.039690186137085,4,JJ,JJ,snug,0,2,4.954196310386875,0.00010665284494505131,9.90839262077375,0.03225806451612903,4.954196310386875,0.1598127842060282
nasty,3,2.968944837004929e-05,15.039690186137085,5,JJ,JJ,nasti,0,2,4.954196310386875,0.00017066943952726842,9.90839262077375,0.03225806451612903,4.954196310386875,0.1598127842060282
tapped,3,2.968944837004929e-05,15.039690186137085,6,VB,VBD,tap,0,3,4.369233809665719,0.00012972310523337235,13.107701428997157,0.04838709677419355,4.369233809665719,0.2114145391773735
fruit,3,2.968944837004929e-05,15.039690186137085,5,NN,NN,fruit,0,3,4.369233809665719,7.107066867434201e-05,13.107701428997157,0.04838709677419355,4.369233809665719,0.2114145391773735
bethought,3,2.968944837004929e-05,15.039690186137085,9,VB,VBD,bethought,0,3,4.369233809665719,0.0001119538894329917,13.107701428997157,0.04838709677419355,4.369233809665719,0.2114145391773735
treat,3,2.968944837004929e-05,15.039690186137085,5,VB,VB,treat,0,2,4.954196310386875,0.00010382580720227631,9.90839262077375,0.03225806451612903,4.954196310386875,0.1598127842060282
entreated,3,2.968944837004929e-05,15.039690186137085,9,VB,VBD,entreat,0,2,4.954196310386875,0.00011663196288654589,9.90839262077375,0.03225806451612903,4.954196310386875,0.1598127842060282
altogether,3,2.968944837004929e-05,15.039690186137085,10,RB,RB,altogeth,0,3,4.369233809665719,0.00010360588754225748,13.107701428997157,0.04838709677419355,4.369233809665719,0.2114145391773735
gloomy,3,2.968944837004929e-05,15.039690186137085,6,JJ,JJ,gloomi,0,2,4.954196310386875,0.00017803603459156002,9.90839262077375,0.03225806451612903,4.954196310386875,0.1598127842060282
pluck,3,2.968944837004929e-05,15.039690186137085,5,VB,VB,pluck,0,2,4.954196310386875,0.00014531805926525004,9.90839262077375,0.03225806451612903,4.954196310386875,0.1598127842060282
fully,3,2.968944837004929e-05,15.039690186137085,5,RB,RB,fulli,0,3,4.369233809665719,0.00010461083804838919,13.107701428997157,0.04838709677419355,4.369233809665719,0.2114145391773735
expected,3,2.968944837004929e-05,15.039690186137085,8,VB,VBD,expect,0,3,4.369233809665719,0.00011380990983440757,13.107701428997157,0.04838709677419355,4.369233809665719,0.2114145391773735
justice,3,2.968944837004929e-05,15.039690186137085,7,NN,NN,justic,0,3,4.369233809665719,0.00024001767231619304,13.107701428997157,0.04838709677419355,4.369233809665719,0.2114145391773735
household,3,2.968944837004929e-05,15.039690186137085,9,NN,NN,household,0,3,4.369233809665719,0.00019160649204354868,13.107701428997157,0.04838709677419355,4.369233809665719,0.2114145391773735
paces,3,2.968944837004929e-05,15.039690186137085,5,NN,NNS,pace,0,2,4.954196310386875,0.0001732487933205013,9.90839262077375,0.03225806451612903,4.954196310386875,0.1598127842060282
rake,3,2.968944837004929e-05,15.039690186137085,4,VB,VB,rake,0,2,4.954196310386875,9.955754028210326e-05,9.90839262077375,0.03225806451612903,4.954196310386875,0.1598127842060282
clouds,3,2.968944837004929e-05,15.039690186137085,6,NN,NNS,cloud,0,3,4.369233809665719,0.00010003588148830005,13.107701428997157,0.04838709677419355,4.369233809665719,0.2114145391773735
understanding,3,2.968944837004929e-05,15.039690186137085,13,VB,VBG,understand,0,3,4.369233809665719,0.00014794869643682275,13.107701428997157,0.04838709677419355,4.369233809665719,0.2114145391773735
messenger,3,2.968944837004929e-05,15.039690186137085,9,NN,NN,messeng,0,2,4.954196310386875,0.00014698812130750728,9.90839262077375,0.03225806451612903,4.954196310386875,0.1598127842060282
cuttingboard,3,2.968944837004929e-05,15.039690186137085,12,NN,NN,cuttingboard,0,1,5.954196310386875,7.575763162851326e-05,5.954196310386875,0.016129032258064516,5.954196310386875,0.09603542436107862
nonsense,3,2.968944837004929e-05,15.039690186137085,8,NN,NN,nonsens,0,2,4.954196310386875,0.00014173923183635005,9.90839262077375,0.03225806451612903,4.954196310386875,0.1598127842060282
heated,3,2.968944837004929e-05,15.039690186137085,6,VB,VBN,heat,0,2,4.954196310386875,9.169359336442397e-05,9.90839262077375,0.03225806451612903,4.954196310386875,0.1598127842060282
glassmountain,3,2.968944837004929e-05,15.039690186137085,13,NN,NN,glassmountain,0,1,5.954196310386875,0.0002846899931652528,5.954196310386875,0.016129032258064516,5.954196310386875,0.09603542436107862
slice,3,2.968944837004929e-05,15.039690186137085,5,NN,NN,slice,0,2,4.954196310386875,0.00011424242892861066,9.90839262077375,0.03225806451612903,4.954196310386875,0.1598127842060282
nicely,3,2.968944837004929e-05,15.039690186137085,6,RB,RB,nice,0,3,4.369233809665719,9.615734820718065e-05,13.107701428997157,0.04838709677419355,4.369233809665719,0.2114145391773735
chamberlain,3,2.968944837004929e-05,15.039690186137085,11,NN,NN,chamberlain,0,1,5.954196310386875,0.00012249416372586558,5.954196310386875,0.016129032258064516,5.954196310386875,0.09603542436107862
felled,3,2.968944837004929e-05,15.039690186137085,6,VB,VBN,fell,0,3,4.369233809665719,9.434859518474616e-05,13.107701428997157,0.04838709677419355,4.369233809665719,0.2114145391773735
anvil,3,2.968944837004929e-05,15.039690186137085,5,NN,NN,anvil,0,1,5.954196310386875,7.575763162851326e-05,5.954196310386875,0.016129032258064516,5.954196310386875,0.09603542436107862
entirely,3,2.968944837004929e-05,15.039690186137085,8,RB,RB,entir,0,3,4.369233809665719,0.00016873309141168577,13.107701428997157,0.04838709677419355,4.369233809665719,0.2114145391773735
sparkling,3,2.968944837004929e-05,15.039690186137085,9,JJ,JJ,sparkl,0,3,4.369233809665719,9.388911773685143e-05,13.107701428997157,0.04838709677419355,4.369233809665719,0.2114145391773735
grandfather,3,2.968944837004929e-05,15.039690186137085,11,NN,NN,grandfath,0,2,4.954196310386875,0.0006918903938089708,9.90839262077375,0.03225806451612903,4.954196310386875,0.1598127842060282
nurse,3,2.968944837004929e-05,15.039690186137085,5,NN,NN,nurs,0,2,4.954196310386875,0.00018340575567105894,9.90839262077375,0.03225806451612903,4.954196310386875,0.1598127842060282
custom,3,2.968944837004929e-05,15.039690186137085,6,NN,NN,custom,0,3,4.369233809665719,0.00014286314019454775,13.107701428997157,0.04838709677419355,4.369233809665719,0.2114145391773735
overset,3,2.968944837004929e-05,15.039690186137085,7,VB,VB,overset,0,3,4.369233809665719,0.00011672262670843257,13.107701428997157,0.04838709677419355,4.369233809665719,0.2114145391773735
thick,3,2.968944837004929e-05,15.039690186137085,5,JJ,JJ,thick,0,3,4.369233809665719,0.00010830274577950537,13.107701428997157,0.04838709677419355,4.369233809665719,0.2114145391773735
fowl,3,2.968944837004929e-05,15.039690186137085,4,NN,NN,fowl,0,2,4.954196310386875,0.00019073989589807292,9.90839262077375,0.03225806451612903,4.954196310386875,0.1598127842060282
meats,3,2.968944837004929e-05,15.039690186137085,5,NN,NNS,meat,0,2,4.954196310386875,0.00013784740034199986,9.90839262077375,0.03225806451612903,4.954196310386875,0.1598127842060282
twelfth,3,2.968944837004929e-05,15.039690186137085,7,NN,NN,twelfth,0,3,4.369233809665719,0.00014067400215687424,13.107701428997157,0.04838709677419355,4.369233809665719,0.2114145391773735
breath,3,2.968944837004929e-05,15.039690186137085,6,NN,NN,breath,0,2,4.954196310386875,0.00011961863008042703,9.90839262077375,0.03225806451612903,4.954196310386875,0.1598127842060282
smiled,3,2.968944837004929e-05,15.039690186137085,6,VB,VBD,smile,0,3,4.369233809665719,8.677223321596313e-05,13.107701428997157,0.04838709677419355,4.369233809665719,0.2114145391773735
horn,3,2.968944837004929e-05,15.039690186137085,4,NN,NN,horn,0,1,5.954196310386875,8.597620802245177e-05,5.954196310386875,0.016129032258064516,5.954196310386875,0.09603542436107862
moved,3,2.968944837004929e-05,15.039690186137085,5,VB,VBD,move,0,3,4.369233809665719,0.00019840199544955315,13.107701428997157,0.04838709677419355,4.369233809665719,0.2114145391773735
hearse,3,2.968944837004929e-05,15.039690186137085,6,NN,NN,hears,0,1,5.954196310386875,0.00015332957588250976,5.954196310386875,0.016129032258064516,5.954196310386875,0.09603542436107862
crowed,3,2.968944837004929e-05,15.039690186137085,6,VB,VBN,crow,0,3,4.369233809665719,0.0001532684831659429,13.107701428997157,0.04838709677419355,4.369233809665719,0.2114145391773735
log,3,2.968944837004929e-05,15.039690186137085,3,NN,NN,log,0,2,4.954196310386875,0.00011807121084719581,9.90839262077375,0.03225806451612903,4.954196310386875,0.1598127842060282
mourned,3,2.968944837004929e-05,15.039690186137085,7,VB,VBD,mourn,0,3,4.369233809665719,0.00014854579850751267,13.107701428997157,0.04838709677419355,4.369233809665719,0.2114145391773735
snored,3,2.968944837004929e-05,15.039690186137085,6,VB,VBD,snore,0,3,4.369233809665719,0.00012880430420033226,13.107701428997157,0.04838709677419355,4.369233809665719,0.2114145391773735
contented,3,2.968944837004929e-05,15.039690186137085,9,VB,VBN,content,0,2,4.954196310386875,0.0001333839483836175,9.90839262077375,0.03225806451612903,4.954196310386875,0.1598127842060282
rosetrees,3,2.968944837004929e-05,15.039690186137085,9,NN,NNS,rosetre,0,1,5.954196310386875,0.00011831879798079504,5.954196310386875,0.016129032258064516,5.954196310386875,0.09603542436107862
cheerful,3,2.968944837004929e-05,15.039690186137085,8,JJ,JJ,cheer,0,3,4.369233809665719,8.492522392910561e-05,13.107701428997157,0.04838709677419355,4.369233809665719,0.2114145391773735
goodness,3,2.968944837004929e-05,15.039690186137085,8,NN,NN,good,0,3,4.369233809665719,0.00010933195443062306,13.107701428997157,0.04838709677419355,4.369233809665719,0.2114145391773735
seeks,3,2.968944837004929e-05,15.039690186137085,5,VB,VBZ,seek,0,3,4.369233809665719,0.00015578672532002303,13.107701428997157,0.04838709677419355,4.369233809665719,0.2114145391773735
safety,3,2.968944837004929e-05,15.039690186137085,6,NN,NN,safeti,0,3,4.369233809665719,0.00011819388915977456,13.107701428997157,0.04838709677419355,4.369233809665719,0.2114145391773735
signal,3,2.968944837004929e-05,15.039690186137085,6,NN,NN,signal,0,3,4.369233809665719,0.00016873221651535314,13.107701428997157,0.04838709677419355,4.369233809665719,0.2114145391773735
catching,3,2.968944837004929e-05,15.039690186137085,8,VB,VBG,catch,0,2,4.954196310386875,0.00016588219825620972,9.90839262077375,0.03225806451612903,4.954196310386875,0.1598127842060282
pierced,3,2.968944837004929e-05,15.039690186137085,7,VB,VBD,pierc,0,3,4.369233809665719,0.00010657530323800753,13.107701428997157,0.04838709677419355,4.369233809665719,0.2114145391773735
beam,3,2.968944837004929e-05,15.039690186137085,4,NN,NN,beam,0,3,4.369233809665719,0.00011191557001882209,13.107701428997157,0.04838709677419355,4.369233809665719,0.2114145391773735
bushes,3,2.968944837004929e-05,15.039690186137085,6,NN,NNS,bush,0,3,4.369233809665719,0.00016817269622548356,13.107701428997157,0.04838709677419355,4.369233809665719,0.2114145391773735
turnips,3,2.968944837004929e-05,15.039690186137085,7,NN,NNS,turnip,0,1,5.954196310386875,0.0002492268798297888,5.954196310386875,0.016129032258064516,5.954196310386875,0.09603542436107862
threatened,3,2.968944837004929e-05,15.039690186137085,10,VB,VBD,threaten,0,3,4.369233809665719,0.00012144823731912973,13.107701428997157,0.04838709677419355,4.369233809665719,0.2114145391773735
harness,3,2.968944837004929e-05,15.039690186137085,7,NN,NN,har,0,3,4.369233809665719,0.000123915931185006,13.107701428997157,0.04838709677419355,4.369233809665719,0.2114145391773735
pointed,3,2.968944837004929e-05,15.039690186137085,7,VB,VBD,point,0,2,4.954196310386875,0.0004488795368365222,9.90839262077375,0.03225806451612903,4.954196310386875,0.1598127842060282
vagabonds,3,2.968944837004929e-05,15.039690186137085,9,NN,NNS,vagabond,0,2,4.954196310386875,0.00011807121084719581,9.90839262077375,0.03225806451612903,4.954196310386875,0.1598127842060282
spinning,3,2.968944837004929e-05,15.039690186137085,8,NN,NN,spin,0,2,4.954196310386875,0.00013672534281781242,9.90839262077375,0.03225806451612903,4.954196310386875,0.1598127842060282
sorely,3,2.968944837004929e-05,15.039690186137085,6,RB,RB,sore,0,3,4.369233809665719,0.00016672537901980545,13.107701428997157,0.04838709677419355,4.369233809665719,0.2114145391773735
staircase,3,2.968944837004929e-05,15.039690186137085,9,NN,NN,staircas,0,3,4.369233809665719,0.00013809356612108533,13.107701428997157,0.04838709677419355,4.369233809665719,0.2114145391773735
train,3,2.968944837004929e-05,15.039690186137085,5,NN,NN,train,0,3,4.369233809665719,9.287041078562444e-05,13.107701428997157,0.04838709677419355,4.369233809665719,0.2114145391773735
unto,3,2.968944837004929e-05,15.039690186137085,4,JJ,JJ,unto,0,3,4.369233809665719,0.0001567236265698091,13.107701428997157,0.04838709677419355,4.369233809665719,0.2114145391773735
fellows,3,2.968944837004929e-05,15.039690186137085,7,NN,NNS,fellow,0,3,4.369233809665719,0.00012183503448216552,13.107701428997157,0.04838709677419355,4.369233809665719,0.2114145391773735
tread,3,2.968944837004929e-05,15.039690186137085,5,VB,VB,tread,0,3,4.369233809665719,9.425264281404934e-05,13.107701428997157,0.04838709677419355,4.369233809665719,0.2114145391773735
minds,3,2.968944837004929e-05,15.039690186137085,5,NN,NNS,mind,0,3,4.369233809665719,0.00010454839682541732,13.107701428997157,0.04838709677419355,4.369233809665719,0.2114145391773735
baby,3,2.968944837004929e-05,15.039690186137085,4,NN,NN,babi,0,1,5.954196310386875,0.00025096365251152955,5.954196310386875,0.016129032258064516,5.954196310386875,0.09603542436107862
grove,3,2.968944837004929e-05,15.039690186137085,5,NN,NN,grove,0,2,4.954196310386875,0.00013335986599586705,9.90839262077375,0.03225806451612903,4.954196310386875,0.1598127842060282
lead,3,2.968944837004929e-05,15.039690186137085,4,VB,VB,lead,0,3,4.369233809665719,0.00013454621814122498,13.107701428997157,0.04838709677419355,4.369233809665719,0.2114145391773735
pigeons,3,2.968944837004929e-05,15.039690186137085,7,NN,NNS,pigeon,0,1,5.954196310386875,0.00018979332877683521,5.954196310386875,0.016129032258064516,5.954196310386875,0.09603542436107862
scythe,3,2.968944837004929e-05,15.039690186137085,6,NN,NN,scyth,0,1,5.954196310386875,0.00011338302758096649,5.954196310386875,0.016129032258064516,5.954196310386875,0.09603542436107862
behaved,3,2.968944837004929e-05,15.039690186137085,7,VB,VBD,behav,0,3,4.369233809665719,0.00026630964559506536,13.107701428997157,0.04838709677419355,4.369233809665719,0.2114145391773735
informed,3,2.968944837004929e-05,15.039690186137085,8,VB,VBN,inform,0,2,4.954196310386875,0.0001223002155304774,9.90839262077375,0.03225806451612903,4.954196310386875,0.1598127842060282
butler,3,2.968944837004929e-05,15.039690186137085,6,NN,NN,butler,0,1,5.954196310386875,0.00018979332877683521,5.954196310386875,0.016129032258064516,5.954196310386875,0.09603542436107862
kitchenmaid,3,2.968944837004929e-05,15.039690186137085,11,NN,NN,kitchenmaid,0,2,4.954196310386875,0.00013877250503649315,9.90839262077375,0.03225806451612903,4.954196310386875,0.1598127842060282
agree,3,2.968944837004929e-05,15.039690186137085,5,VB,VB,agre,0,3,4.369233809665719,0.00016663546294731736,13.107701428997157,0.04838709677419355,4.369233809665719,0.2114145391773735
fireplace,3,2.968944837004929e-05,15.039690186137085,9,NN,NN,fireplac,0,1,5.954196310386875,0.00015332957588250976,5.954196310386875,0.016129032258064516,5.954196310386875,0.09603542436107862
test,3,2.968944837004929e-05,15.039690186137085,4,NN,NN,test,0,2,4.954196310386875,0.000344588437747766,9.90839262077375,0.03225806451612903,4.954196310386875,0.1598127842060282
hare,3,2.968944837004929e-05,15.039690186137085,4,NN,NN,hare,0,3,4.369233809665719,0.00027775164540162664,13.107701428997157,0.04838709677419355,4.369233809665719,0.2114145391773735
animal,3,2.968944837004929e-05,15.039690186137085,6,NN,NN,anim,0,3,4.369233809665719,0.00016367979579264618,13.107701428997157,0.04838709677419355,4.369233809665719,0.2114145391773735
scarlet,3,2.968944837004929e-05,15.039690186137085,7,NN,NN,scarlet,0,1,5.954196310386875,0.00010151736190388861,5.954196310386875,0.016129032258064516,5.954196310386875,0.09603542436107862
hadst,3,2.968944837004929e-05,15.039690186137085,5,NN,NN,hadst,0,1,5.954196310386875,0.00019453495819259683,5.954196310386875,0.016129032258064516,5.954196310386875,0.09603542436107862
henceforth,3,2.968944837004929e-05,15.039690186137085,10,IN,IN,henceforth,0,3,4.369233809665719,0.0003852426618546628,13.107701428997157,0.04838709677419355,4.369233809665719,0.2114145391773735
condemned,3,2.968944837004929e-05,15.039690186137085,9,VB,VBD,condemn,0,3,4.369233809665719,0.00012195029241062822,13.107701428997157,0.04838709677419355,4.369233809665719,0.2114145391773735
boldly,3,2.968944837004929e-05,15.039690186137085,6,RB,RB,boldli,0,2,4.954196310386875,0.00020623550135297124,9.90839262077375,0.03225806451612903,4.954196310386875,0.1598127842060282
halfway,3,2.968944837004929e-05,15.039690186137085,7,JJ,JJ,halfway,0,2,4.954196310386875,9.179314862106976e-05,9.90839262077375,0.03225806451612903,4.954196310386875,0.1598127842060282
sticking,3,2.968944837004929e-05,15.039690186137085,8,VB,VBG,stick,0,2,4.954196310386875,0.00018176101414320872,9.90839262077375,0.03225806451612903,4.954196310386875,0.1598127842060282
yours,3,2.968944837004929e-05,15.039690186137085,5,NN,NNS,your,1,3,4.369233809665719,0.0001558749210590829,13.107701428997157,0.04838709677419355,4.369233809665719,0.2114145391773735
tricks,3,2.968944837004929e-05,15.039690186137085,6,NN,NNS,trick,0,3,4.369233809665719,8.49763755257139e-05,13.107701428997157,0.04838709677419355,4.369233809665719,0.2114145391773735
wooer,3,2.968944837004929e-05,15.039690186137085,5,NN,NN,wooer,0,2,4.954196310386875,0.0004235560704596391,9.90839262077375,0.03225806451612903,4.954196310386875,0.1598127842060282
mousehole,3,2.968944837004929e-05,15.039690186137085,9,JJ,JJ,mousehol,0,1,5.954196310386875,0.00011338302758096649,5.954196310386875,0.016129032258064516,5.954196310386875,0.09603542436107862
peck,3,2.968944837004929e-05,15.039690186137085,4,VB,VB,peck,0,1,5.954196310386875,0.00021372868923088718,5.954196310386875,0.016129032258064516,5.954196310386875,0.09603542436107862
match,3,2.968944837004929e-05,15.039690186137085,5,NN,NN,match,0,2,4.954196310386875,0.0001544026130439052,9.90839262077375,0.03225806451612903,4.954196310386875,0.1598127842060282
shelf,3,2.968944837004929e-05,15.039690186137085,5,NN,NN,shelf,0,2,4.954196310386875,0.0001444319002107993,9.90839262077375,0.03225806451612903,4.954196310386875,0.1598127842060282
twenty,3,2.968944837004929e-05,15.039690186137085,6,CD,CD,twenti,0,2,4.954196310386875,0.00010830372368010073,9.90839262077375,0.03225806451612903,4.954196310386875,0.1598127842060282
stockings,3,2.968944837004929e-05,15.039690186137085,9,NN,NNS,stock,0,2,4.954196310386875,0.00045589780591797984,9.90839262077375,0.03225806451612903,4.954196310386875,0.1598127842060282
trotted,3,2.968944837004929e-05,15.039690186137085,7,VB,VBD,trot,0,3,4.369233809665719,0.00016675265837879513,13.107701428997157,0.04838709677419355,4.369233809665719,0.2114145391773735
beans,3,2.968944837004929e-05,15.039690186137085,5,NN,NNS,bean,0,1,5.954196310386875,0.000571639430720706,5.954196310386875,0.016129032258064516,5.954196310386875,0.09603542436107862
nose,3,2.968944837004929e-05,15.039690186137085,4,JJ,JJ,nose,0,2,4.954196310386875,0.00011790758584869098,9.90839262077375,0.03225806451612903,4.954196310386875,0.1598127842060282
crushed,3,2.968944837004929e-05,15.039690186137085,7,VB,VBN,crush,0,3,4.369233809665719,0.00010283342772697753,13.107701428997157,0.04838709677419355,4.369233809665719,0.2114145391773735
cruel,3,2.968944837004929e-05,15.039690186137085,5,NN,NN,cruel,0,2,4.954196310386875,0.00018508869363704266,9.90839262077375,0.03225806451612903,4.954196310386875,0.1598127842060282
sin,3,2.968944837004929e-05,15.039690186137085,3,NN,NN,sin,0,2,4.954196310386875,0.00020833212345550405,9.90839262077375,0.03225806451612903,4.954196310386875,0.1598127842060282
whu,3,2.968944837004929e-05,15.039690186137085,3,NN,NN,whu,0,1,5.954196310386875,0.00025316895701514575,5.954196310386875,0.016129032258064516,5.954196310386875,0.09603542436107862
tu,3,2.968944837004929e-05,15.039690186137085,2,NN,NNP,tu,0,1,5.954196310386875,0.00025316895701514575,5.954196310386875,0.016129032258064516,5.954196310386875,0.09603542436107862
streamed,3,2.968944837004929e-05,15.039690186137085,8,VB,VBD,stream,0,2,4.954196310386875,8.646643182458947e-05,9.90839262077375,0.03225806451612903,4.954196310386875,0.1598127842060282
dazzling,3,2.968944837004929e-05,15.039690186137085,8,VB,VBG,dazzl,0,3,4.369233809665719,9.428925835519793e-05,13.107701428997157,0.04838709677419355,4.369233809665719,0.2114145391773735
nightingale,3,2.968944837004929e-05,15.039690186137085,11,NN,NN,nightingal,0,1,5.954196310386875,0.00025316895701514575,5.954196310386875,0.016129032258064516,5.954196310386875,0.09603542436107862
traveller,3,2.968944837004929e-05,15.039690186137085,9,NN,NN,travel,0,3,4.369233809665719,8.663722249935602e-05,13.107701428997157,0.04838709677419355,4.369233809665719,0.2114145391773735
skilful,3,2.968944837004929e-05,15.039690186137085,7,JJ,JJ,skil,0,3,4.369233809665719,0.00011337500748139404,13.107701428997157,0.04838709677419355,4.369233809665719,0.2114145391773735
frogs,3,2.968944837004929e-05,15.039690186137085,5,NN,NNS,frog,0,1,5.954196310386875,0.0003042304890002491,5.954196310386875,0.016129032258064516,5.954196310386875,0.09603542436107862
latter,3,2.968944837004929e-05,15.039690186137085,6,NN,NN,latter,0,3,4.369233809665719,0.00012462269804713923,13.107701428997157,0.04838709677419355,4.369233809665719,0.2114145391773735
belongs,3,2.968944837004929e-05,15.039690186137085,7,VB,VBZ,belong,0,2,4.954196310386875,0.00012892010963306966,9.90839262077375,0.03225806451612903,4.954196310386875,0.1598127842060282
prepare,3,2.968944837004929e-05,15.039690186137085,7,VB,VB,prepar,0,3,4.369233809665719,0.0003627544320533118,13.107701428997157,0.04838709677419355,4.369233809665719,0.2114145391773735
misery,3,2.968944837004929e-05,15.039690186137085,6,NN,NN,miseri,0,2,4.954196310386875,0.00013897818042074477,9.90839262077375,0.03225806451612903,4.954196310386875,0.1598127842060282
avail,3,2.968944837004929e-05,15.039690186137085,5,NN,NN,avail,0,3,4.369233809665719,0.0001766637889625714,13.107701428997157,0.04838709677419355,4.369233809665719,0.2114145391773735
commands,3,2.968944837004929e-05,15.039690186137085,8,NN,NNS,command,0,1,5.954196310386875,0.00016472628535347964,5.954196310386875,0.016129032258064516,5.954196310386875,0.09603542436107862
pleasure,3,2.968944837004929e-05,15.039690186137085,8,NN,NN,pleasur,0,3,4.369233809665719,0.00011292325013536368,13.107701428997157,0.04838709677419355,4.369233809665719,0.2114145391773735
sung,3,2.968944837004929e-05,15.039690186137085,4,VB,VBN,sung,0,2,4.954196310386875,0.00013606458130952412,9.90839262077375,0.03225806451612903,4.954196310386875,0.1598127842060282
swam,3,2.968944837004929e-05,15.039690186137085,4,VB,JJ,swam,0,3,4.369233809665719,0.00015897825305241954,13.107701428997157,0.04838709677419355,4.369233809665719,0.2114145391773735
count,3,2.968944837004929e-05,15.039690186137085,5,NN,NN,count,0,2,4.954196310386875,0.00020273070606701644,9.90839262077375,0.03225806451612903,4.954196310386875,0.1598127842060282
refuse,3,2.968944837004929e-05,15.039690186137085,6,VB,VB,refus,0,3,4.369233809665719,0.0001789514355170972,13.107701428997157,0.04838709677419355,4.369233809665719,0.2114145391773735
discovered,3,2.968944837004929e-05,15.039690186137085,10,VB,VBN,discov,0,3,4.369233809665719,0.00010514802306418213,13.107701428997157,0.04838709677419355,4.369233809665719,0.2114145391773735
comfortably,3,2.968944837004929e-05,15.039690186137085,11,RB,RB,comfort,0,2,4.954196310386875,0.0002270585883084009,9.90839262077375,0.03225806451612903,4.954196310386875,0.1598127842060282
crack,3,2.968944837004929e-05,15.039690186137085,5,NN,NN,crack,0,3,4.369233809665719,0.0001052798854035774,13.107701428997157,0.04838709677419355,4.369233809665719,0.2114145391773735
sixth,3,2.968944837004929e-05,15.039690186137085,5,JJ,JJ,sixth,0,3,4.369233809665719,0.00014106789785567868,13.107701428997157,0.04838709677419355,4.369233809665719,0.2114145391773735
spiteful,3,2.968944837004929e-05,15.039690186137085,8,JJ,JJ,spite,0,3,4.369233809665719,0.00013579651950275344,13.107701428997157,0.04838709677419355,4.369233809665719,0.2114145391773735
revealed,3,2.968944837004929e-05,15.039690186137085,8,VB,VBD,reveal,0,3,4.369233809665719,0.00019155806555684596,13.107701428997157,0.04838709677419355,4.369233809665719,0.2114145391773735
entire,3,2.968944837004929e-05,15.039690186137085,6,JJ,JJ,entir,0,3,4.369233809665719,0.00011315060220188048,13.107701428997157,0.04838709677419355,4.369233809665719,0.2114145391773735
wilt,3,2.968944837004929e-05,15.039690186137085,4,NN,NN,wilt,0,2,4.954196310386875,0.00013707078889219578,9.90839262077375,0.03225806451612903,4.954196310386875,0.1598127842060282
benches,3,2.968944837004929e-05,15.039690186137085,7,NN,NNS,bench,0,3,4.369233809665719,0.00016381104798071918,13.107701428997157,0.04838709677419355,4.369233809665719,0.2114145391773735
suitors,3,2.968944837004929e-05,15.039690186137085,7,NN,NNS,suitor,0,3,4.369233809665719,0.00040730996080811196,13.107701428997157,0.04838709677419355,4.369233809665719,0.2114145391773735
jump,3,2.968944837004929e-05,15.039690186137085,4,NN,NN,jump,0,3,4.369233809665719,7.944272137505819e-05,13.107701428997157,0.04838709677419355,4.369233809665719,0.2114145391773735
thoughtful,3,2.968944837004929e-05,15.039690186137085,10,JJ,JJ,thought,0,3,4.369233809665719,0.00017441056823122196,13.107701428997157,0.04838709677419355,4.369233809665719,0.2114145391773735
braids,3,2.968944837004929e-05,15.039690186137085,6,NN,NNS,braid,0,1,5.954196310386875,0.00020389686700865952,5.954196310386875,0.016129032258064516,5.954196310386875,0.09603542436107862
waters,3,2.968944837004929e-05,15.039690186137085,6,NN,NNS,water,0,2,4.954196310386875,0.00010020695512741388,9.90839262077375,0.03225806451612903,4.954196310386875,0.1598127842060282
comrades,3,2.968944837004929e-05,15.039690186137085,8,NN,NNS,comrad,0,3,4.369233809665719,0.00023170657842145313,13.107701428997157,0.04838709677419355,4.369233809665719,0.2114145391773735
climb,3,2.968944837004929e-05,15.039690186137085,5,VB,VB,climb,0,3,4.369233809665719,0.00032033494036769335,13.107701428997157,0.04838709677419355,4.369233809665719,0.2114145391773735
greedy,3,2.968944837004929e-05,15.039690186137085,6,JJ,JJ,greedi,0,3,4.369233809665719,0.00016187209185100878,13.107701428997157,0.04838709677419355,4.369233809665719,0.2114145391773735
unawares,3,2.968944837004929e-05,15.039690186137085,8,NN,NNS,unawar,0,3,4.369233809665719,8.20133658462914e-05,13.107701428997157,0.04838709677419355,4.369233809665719,0.2114145391773735
ha,3,2.968944837004929e-05,15.039690186137085,2,NN,NNP,ha,0,2,4.954196310386875,7.962582798169527e-05,9.90839262077375,0.03225806451612903,4.954196310386875,0.1598127842060282
tight,3,2.968944837004929e-05,15.039690186137085,5,JJ,JJ,tight,0,2,4.954196310386875,9.912122010262168e-05,9.90839262077375,0.03225806451612903,4.954196310386875,0.1598127842060282
overtake,3,2.968944837004929e-05,15.039690186137085,8,VB,VB,overtak,0,3,4.369233809665719,0.0002448363433484485,13.107701428997157,0.04838709677419355,4.369233809665719,0.2114145391773735
deserve,3,2.968944837004929e-05,15.039690186137085,7,VB,VBP,deserv,0,2,4.954196310386875,0.00016868367301208759,9.90839262077375,0.03225806451612903,4.954196310386875,0.1598127842060282
fools,3,2.968944837004929e-05,15.039690186137085,5,VB,VBP,fool,0,3,4.369233809665719,0.00012131381171636275,13.107701428997157,0.04838709677419355,4.369233809665719,0.2114145391773735
lace,3,2.968944837004929e-05,15.039690186137085,4,NN,NN,lace,0,1,5.954196310386875,0.00012074864756212736,5.954196310386875,0.016129032258064516,5.954196310386875,0.09603542436107862
uproar,3,2.968944837004929e-05,15.039690186137085,6,NN,NN,uproar,0,2,4.954196310386875,7.34696487813149e-05,9.90839262077375,0.03225806451612903,4.954196310386875,0.1598127842060282
number,3,2.968944837004929e-05,15.039690186137085,6,NN,NN,number,0,3,4.369233809665719,0.0001692575881049787,13.107701428997157,0.04838709677419355,4.369233809665719,0.2114145391773735
beak,3,2.968944837004929e-05,15.039690186137085,4,NN,NN,beak,0,3,4.369233809665719,0.00017963337481415053,13.107701428997157,0.04838709677419355,4.369233809665719,0.2114145391773735
roll,3,2.968944837004929e-05,15.039690186137085,4,VB,VB,roll,0,3,4.369233809665719,0.00011821077287490613,13.107701428997157,0.04838709677419355,4.369233809665719,0.2114145391773735
chaffinch,3,2.968944837004929e-05,15.039690186137085,9,NN,NN,chaffinch,0,2,4.954196310386875,0.00010867613724007326,9.90839262077375,0.03225806451612903,4.954196310386875,0.1598127842060282
liberty,3,2.968944837004929e-05,15.039690186137085,7,NN,NN,liberti,0,3,4.369233809665719,0.00010858678249688462,13.107701428997157,0.04838709677419355,4.369233809665719,0.2114145391773735
falls,3,2.968944837004929e-05,15.039690186137085,5,VB,VBZ,fall,0,3,4.369233809665719,8.533312364051206e-05,13.107701428997157,0.04838709677419355,4.369233809665719,0.2114145391773735
declared,3,2.968944837004929e-05,15.039690186137085,8,VB,VBD,declar,0,2,4.954196310386875,0.00013749451619375638,9.90839262077375,0.03225806451612903,4.954196310386875,0.1598127842060282
secretly,3,2.968944837004929e-05,15.039690186137085,8,RB,RB,secretli,0,3,4.369233809665719,9.008984486494738e-05,13.107701428997157,0.04838709677419355,4.369233809665719,0.2114145391773735
mass,3,2.968944837004929e-05,15.039690186137085,4,NN,NN,mass,0,2,4.954196310386875,0.00016121151928020575,9.90839262077375,0.03225806451612903,4.954196310386875,0.1598127842060282
aware,3,2.968944837004929e-05,15.039690186137085,5,JJ,JJ,awar,0,3,4.369233809665719,0.0001623016125251174,13.107701428997157,0.04838709677419355,4.369233809665719,0.2114145391773735
accused,3,2.968944837004929e-05,15.039690186137085,7,VB,VBD,accus,0,3,4.369233809665719,0.00013268115808429115,13.107701428997157,0.04838709677419355,4.369233809665719,0.2114145391773735
wages,3,2.968944837004929e-05,15.039690186137085,5,NN,NNS,wage,0,3,4.369233809665719,0.00012975025909131024,13.107701428997157,0.04838709677419355,4.369233809665719,0.2114145391773735
lump,3,2.968944837004929e-05,15.039690186137085,4,NN,NN,lump,0,2,4.954196310386875,0.0001397150408600353,9.90839262077375,0.03225806451612903,4.954196310386875,0.1598127842060282
entice,3,2.968944837004929e-05,15.039690186137085,6,VB,VB,entic,0,3,4.369233809665719,9.792478477529871e-05,13.107701428997157,0.04838709677419355,4.369233809665719,0.2114145391773735
clockcase,3,2.968944837004929e-05,15.039690186137085,9,NN,NN,clockcas,0,1,5.954196310386875,0.00026143944925883475,5.954196310386875,0.016129032258064516,5.954196310386875,0.09603542436107862
dwelling,3,2.968944837004929e-05,15.039690186137085,8,NN,NN,dwell,0,2,4.954196310386875,9.082490938414403e-05,9.90839262077375,0.03225806451612903,4.954196310386875,0.1598127842060282
angrily,3,2.968944837004929e-05,15.039690186137085,7,RB,RB,angrili,0,3,4.369233809665719,0.00010780274460771814,13.107701428997157,0.04838709677419355,4.369233809665719,0.2114145391773735
simpleton,3,2.968944837004929e-05,15.039690186137085,9,NN,NN,simpleton,0,3,4.369233809665719,0.00018816268792982226,13.107701428997157,0.04838709677419355,4.369233809665719,0.2114145391773735
creeping,3,2.968944837004929e-05,15.039690186137085,8,VB,VBG,creep,0,2,4.954196310386875,0.00013505081654927796,9.90839262077375,0.03225806451612903,4.954196310386875,0.1598127842060282
trotting,3,2.968944837004929e-05,15.039690186137085,8,VB,VBG,trot,0,3,4.369233809665719,0.00010295338285549006,13.107701428997157,0.04838709677419355,4.369233809665719,0.2114145391773735
capital,3,2.968944837004929e-05,15.039690186137085,7,NN,NN,capit,0,1,5.954196310386875,0.00012115486672970392,5.954196310386875,0.016129032258064516,5.954196310386875,0.09603542436107862
sour,3,2.968944837004929e-05,15.039690186137085,4,JJ,JJ,sour,0,1,5.954196310386875,0.00018142712410783117,5.954196310386875,0.016129032258064516,5.954196310386875,0.09603542436107862
horseback,3,2.968944837004929e-05,15.039690186137085,9,NN,NN,horseback,0,3,4.369233809665719,9.81558992792906e-05,13.107701428997157,0.04838709677419355,4.369233809665719,0.2114145391773735
host,3,2.968944837004929e-05,15.039690186137085,4,NN,NN,host,0,2,4.954196310386875,9.234170664796244e-05,9.90839262077375,0.03225806451612903,4.954196310386875,0.1598127842060282
opportunity,3,2.968944837004929e-05,15.039690186137085,11,NN,NN,opportun,0,3,4.369233809665719,0.00011068532977353295,13.107701428997157,0.04838709677419355,4.369233809665719,0.2114145391773735
deserves,3,2.968944837004929e-05,15.039690186137085,8,VB,VBZ,deserv,0,2,4.954196310386875,0.0001305248103769426,9.90839262077375,0.03225806451612903,4.954196310386875,0.1598127842060282
instantly,3,2.968944837004929e-05,15.039690186137085,9,RB,RB,instantli,0,3,4.369233809665719,0.00014445107660403022,13.107701428997157,0.04838709677419355,4.369233809665719,0.2114145391773735
delightful,3,2.968944837004929e-05,15.039690186137085,10,JJ,JJ,delight,0,3,4.369233809665719,0.00016861656076486557,13.107701428997157,0.04838709677419355,4.369233809665719,0.2114145391773735
groom,3,2.968944837004929e-05,15.039690186137085,5,NN,NN,groom,0,1,5.954196310386875,0.00011338302758096649,5.954196310386875,0.016129032258064516,5.954196310386875,0.09603542436107862
rushed,3,2.968944837004929e-05,15.039690186137085,6,VB,VBD,rush,0,3,4.369233809665719,0.00010592884603055065,13.107701428997157,0.04838709677419355,4.369233809665719,0.2114145391773735
vegetables,3,2.968944837004929e-05,15.039690186137085,10,NN,NNS,veget,0,2,4.954196310386875,0.00026287428946932835,9.90839262077375,0.03225806451612903,4.954196310386875,0.1598127842060282
fuel,3,2.968944837004929e-05,15.039690186137085,4,NN,NN,fuel,0,2,4.954196310386875,0.00025813162914033546,9.90839262077375,0.03225806451612903,4.954196310386875,0.1598127842060282
pains,3,2.968944837004929e-05,15.039690186137085,5,NN,NNS,pain,0,3,4.369233809665719,0.00011016884601759929,13.107701428997157,0.04838709677419355,4.369233809665719,0.2114145391773735
arrow,3,2.968944837004929e-05,15.039690186137085,5,NN,NN,arrow,0,1,5.954196310386875,0.00011338302758096649,5.954196310386875,0.016129032258064516,5.954196310386875,0.09603542436107862
spend,3,2.968944837004929e-05,15.039690186137085,5,VB,VB,spend,0,3,4.369233809665719,0.00010216887472501569,13.107701428997157,0.04838709677419355,4.369233809665719,0.2114145391773735
dost,3,2.968944837004929e-05,15.039690186137085,4,NN,NN,dost,0,3,4.369233809665719,0.00011486122908734775,13.107701428997157,0.04838709677419355,4.369233809665719,0.2114145391773735
inns,3,2.968944837004929e-05,15.039690186137085,4,NN,JJ,inn,0,1,5.954196310386875,0.00011338302758096649,5.954196310386875,0.016129032258064516,5.954196310386875,0.09603542436107862
bar,3,2.968944837004929e-05,15.039690186137085,3,NN,NN,bar,0,3,4.369233809665719,9.938351679273248e-05,13.107701428997157,0.04838709677419355,4.369233809665719,0.2114145391773735
opposite,3,2.968944837004929e-05,15.039690186137085,8,JJ,JJ,opposit,0,3,4.369233809665719,9.008984486494738e-05,13.107701428997157,0.04838709677419355,4.369233809665719,0.2114145391773735
bodies,3,2.968944837004929e-05,15.039690186137085,6,NN,NNS,bodi,0,3,4.369233809665719,0.00010999751937186962,13.107701428997157,0.04838709677419355,4.369233809665719,0.2114145391773735
complained,3,2.968944837004929e-05,15.039690186137085,10,VB,VBD,complain,0,3,4.369233809665719,0.00018081260411542013,13.107701428997157,0.04838709677419355,4.369233809665719,0.2114145391773735
spite,3,2.968944837004929e-05,15.039690186137085,5,NN,NN,spite,0,3,4.369233809665719,0.00010902744254970809,13.107701428997157,0.04838709677419355,4.369233809665719,0.2114145391773735
creatures,3,2.968944837004929e-05,15.039690186137085,9,NN,NNS,creatur,0,2,4.954196310386875,0.0001318937483062643,9.90839262077375,0.03225806451612903,4.954196310386875,0.1598127842060282
crossed,3,2.968944837004929e-05,15.039690186137085,7,VB,VBD,cross,0,2,4.954196310386875,8.4568611403723e-05,9.90839262077375,0.03225806451612903,4.954196310386875,0.1598127842060282
rags,3,2.968944837004929e-05,15.039690186137085,4,NN,NNS,rag,0,2,4.954196310386875,0.000109855071294011,9.90839262077375,0.03225806451612903,4.954196310386875,0.1598127842060282
miserably,3,2.968944837004929e-05,15.039690186137085,9,RB,RB,miser,0,3,4.369233809665719,0.00013157579274550407,13.107701428997157,0.04838709677419355,4.369233809665719,0.2114145391773735
clatter,3,2.968944837004929e-05,15.039690186137085,7,NN,NN,clatter,0,3,4.369233809665719,0.00011608481149007202,13.107701428997157,0.04838709677419355,4.369233809665719,0.2114145391773735
attempt,3,2.968944837004929e-05,15.039690186137085,7,NN,NN,attempt,0,3,4.369233809665719,9.245348303131616e-05,13.107701428997157,0.04838709677419355,4.369233809665719,0.2114145391773735
murder,3,2.968944837004929e-05,15.039690186137085,6,VB,VB,murder,0,3,4.369233809665719,0.0001367004759327878,13.107701428997157,0.04838709677419355,4.369233809665719,0.2114145391773735
appeased,3,2.968944837004929e-05,15.039690186137085,8,VB,VBN,appeas,0,3,4.369233809665719,8.397452251827822e-05,13.107701428997157,0.04838709677419355,4.369233809665719,0.2114145391773735
flown,3,2.968944837004929e-05,15.039690186137085,5,VB,VBN,flown,0,3,4.369233809665719,0.00025185919643268604,13.107701428997157,0.04838709677419355,4.369233809665719,0.2114145391773735
wishes,3,2.968944837004929e-05,15.039690186137085,6,NN,NNS,wish,0,2,4.954196310386875,0.000179860516052899,9.90839262077375,0.03225806451612903,4.954196310386875,0.1598127842060282
terrible,3,2.968944837004929e-05,15.039690186137085,8,JJ,JJ,terribl,0,3,4.369233809665719,9.271151680550807e-05,13.107701428997157,0.04838709677419355,4.369233809665719,0.2114145391773735
sentenced,3,2.968944837004929e-05,15.039690186137085,9,VB,VBN,sentenc,0,2,4.954196310386875,0.00010131019236110434,9.90839262077375,0.03225806451612903,4.954196310386875,0.1598127842060282
sighing,3,2.968944837004929e-05,15.039690186137085,7,NN,NN,sigh,0,3,4.369233809665719,8.458800268804789e-05,13.107701428997157,0.04838709677419355,4.369233809665719,0.2114145391773735
bedroom,3,2.968944837004929e-05,15.039690186137085,7,NN,NN,bedroom,0,3,4.369233809665719,0.00011789733551944307,13.107701428997157,0.04838709677419355,4.369233809665719,0.2114145391773735
bake,3,2.968944837004929e-05,15.039690186137085,4,NN,NN,bake,0,2,4.954196310386875,0.00012388910493550751,9.90839262077375,0.03225806451612903,4.954196310386875,0.1598127842060282
listening,3,2.968944837004929e-05,15.039690186137085,9,VB,VBG,listen,0,3,4.369233809665719,9.929311056909954e-05,13.107701428997157,0.04838709677419355,4.369233809665719,0.2114145391773735
croaked,3,2.968944837004929e-05,15.039690186137085,7,VB,VBD,croak,0,1,5.954196310386875,0.00013851263129001725,5.954196310386875,0.016129032258064516,5.954196310386875,0.09603542436107862
pitied,3,2.968944837004929e-05,15.039690186137085,6,VB,VBD,piti,0,3,4.369233809665719,0.00012127488270467055,13.107701428997157,0.04838709677419355,4.369233809665719,0.2114145391773735
school,3,2.968944837004929e-05,15.039690186137085,6,NN,NN,school,0,2,4.954196310386875,8.169154530184367e-05,9.90839262077375,0.03225806451612903,4.954196310386875,0.1598127842060282
sugar,3,2.968944837004929e-05,15.039690186137085,5,NN,NN,sugar,0,2,4.954196310386875,0.00014741522689269067,9.90839262077375,0.03225806451612903,4.954196310386875,0.1598127842060282
sausages,3,2.968944837004929e-05,15.039690186137085,8,NN,NNS,sausag,0,2,4.954196310386875,9.347975295032739e-05,9.90839262077375,0.03225806451612903,4.954196310386875,0.1598127842060282
gangest,3,2.968944837004929e-05,15.039690186137085,7,NN,NN,gangest,0,1,5.954196310386875,0.00012810416766706798,5.954196310386875,0.016129032258064516,5.954196310386875,0.09603542436107862
string,3,2.968944837004929e-05,15.039690186137085,6,NN,NN,string,0,2,4.954196310386875,0.0001543436258844458,9.90839262077375,0.03225806451612903,4.954196310386875,0.1598127842060282
misfortunes,3,2.968944837004929e-05,15.039690186137085,11,NN,NNS,misfortun,0,3,4.369233809665719,0.0001167624941245107,13.107701428997157,0.04838709677419355,4.369233809665719,0.2114145391773735
dales,3,2.968944837004929e-05,15.039690186137085,5,NN,NNS,dale,0,1,5.954196310386875,0.00012810416766706798,5.954196310386875,0.016129032258064516,5.954196310386875,0.09603542436107862
risen,3,2.968944837004929e-05,15.039690186137085,5,VB,VBN,risen,0,1,5.954196310386875,9.786218515055566e-05,5.954196310386875,0.016129032258064516,5.954196310386875,0.09603542436107862
whirl,3,2.968944837004929e-05,15.039690186137085,5,JJ,JJ,whirl,0,1,5.954196310386875,0.00012810416766706798,5.954196310386875,0.016129032258064516,5.954196310386875,0.09603542436107862
threshold,3,2.968944837004929e-05,15.039690186137085,9,NN,NN,threshold,0,2,4.954196310386875,8.319967347440133e-05,9.90839262077375,0.03225806451612903,4.954196310386875,0.1598127842060282
weeks,3,2.968944837004929e-05,15.039690186137085,5,NN,NNS,week,0,3,4.369233809665719,7.639320304937134e-05,13.107701428997157,0.04838709677419355,4.369233809665719,0.2114145391773735
workshop,3,2.968944837004929e-05,15.039690186137085,8,NN,NN,workshop,0,2,4.954196310386875,7.356749489030182e-05,9.90839262077375,0.03225806451612903,4.954196310386875,0.1598127842060282
brightly,3,2.968944837004929e-05,15.039690186137085,8,RB,RB,brightli,0,3,4.369233809665719,7.569949355899324e-05,13.107701428997157,0.04838709677419355,4.369233809665719,0.2114145391773735
lighthearted,3,2.968944837004929e-05,15.039690186137085,12,VB,JJ,lightheart,0,1,5.954196310386875,9.329866356322406e-05,5.954196310386875,0.016129032258064516,5.954196310386875,0.09603542436107862
distress,3,2.968944837004929e-05,15.039690186137085,8,NN,NN,distress,0,3,4.369233809665719,7.316213458138892e-05,13.107701428997157,0.04838709677419355,4.369233809665719,0.2114145391773735
ladies,3,2.968944837004929e-05,15.039690186137085,6,NN,NNS,ladi,0,1,5.954196310386875,0.00012074864756212736,5.954196310386875,0.016129032258064516,5.954196310386875,0.09603542436107862
pitch,3,2.968944837004929e-05,15.039690186137085,5,NN,NN,pitch,0,1,5.954196310386875,0.00010794540018105503,5.954196310386875,0.016129032258064516,5.954196310386875,0.09603542436107862
handed,3,2.968944837004929e-05,15.039690186137085,6,VB,VBD,hand,0,3,4.369233809665719,8.397452251827822e-05,13.107701428997157,0.04838709677419355,4.369233809665719,0.2114145391773735
planks,3,2.968944837004929e-05,15.039690186137085,6,NN,NNS,plank,0,2,4.954196310386875,0.00012103916988283387,9.90839262077375,0.03225806451612903,4.954196310386875,0.1598127842060282
pardon,3,2.968944837004929e-05,15.039690186137085,6,NN,NN,pardon,0,1,5.954196310386875,0.0003141835039075637,5.954196310386875,0.016129032258064516,5.954196310386875,0.09603542436107862
swim,3,2.968944837004929e-05,15.039690186137085,4,VB,VB,swim,0,3,4.369233809665719,0.0001042029668904586,13.107701428997157,0.04838709677419355,4.369233809665719,0.2114145391773735
undone,3,2.968944837004929e-05,15.039690186137085,6,JJ,JJ,undon,0,3,4.369233809665719,0.00012019073967782977,13.107701428997157,0.04838709677419355,4.369233809665719,0.2114145391773735
richly,3,2.968944837004929e-05,15.039690186137085,6,RB,RB,richli,0,3,4.369233809665719,8.801712754549098e-05,13.107701428997157,0.04838709677419355,4.369233809665719,0.2114145391773735
envy,3,2.968944837004929e-05,15.039690186137085,4,NN,NN,envi,0,2,4.954196310386875,9.513525473863271e-05,9.90839262077375,0.03225806451612903,4.954196310386875,0.1598127842060282
anxiety,3,2.968944837004929e-05,15.039690186137085,7,NN,NN,anxieti,0,2,4.954196310386875,0.0001267945714271719,9.90839262077375,0.03225806451612903,4.954196310386875,0.1598127842060282
tossed,3,2.968944837004929e-05,15.039690186137085,6,VB,VBN,toss,0,3,4.369233809665719,7.81303945124185e-05,13.107701428997157,0.04838709677419355,4.369233809665719,0.2114145391773735
daily,3,2.968944837004929e-05,15.039690186137085,5,JJ,JJ,daili,0,3,4.369233809665719,0.00014872832754091433,13.107701428997157,0.04838709677419355,4.369233809665719,0.2114145391773735
bite,3,2.968944837004929e-05,15.039690186137085,4,NN,NN,bite,0,3,4.369233809665719,7.390840266831586e-05,13.107701428997157,0.04838709677419355,4.369233809665719,0.2114145391773735
value,3,2.968944837004929e-05,15.039690186137085,5,NN,NN,valu,0,3,4.369233809665719,8.720559098626064e-05,13.107701428997157,0.04838709677419355,4.369233809665719,0.2114145391773735
common,3,2.968944837004929e-05,15.039690186137085,6,JJ,JJ,common,0,3,4.369233809665719,8.057304845771996e-05,13.107701428997157,0.04838709677419355,4.369233809665719,0.2114145391773735
nail,3,2.968944837004929e-05,15.039690186137085,4,NN,NN,nail,0,3,4.369233809665719,0.00010479494939726213,13.107701428997157,0.04838709677419355,4.369233809665719,0.2114145391773735
hangest,3,2.968944837004929e-05,15.039690186137085,7,NN,NN,hangest,0,1,5.954196310386875,0.00012810416766706798,5.954196310386875,0.016129032258064516,5.954196310386875,0.09603542436107862
hick,3,2.968944837004929e-05,15.039690186137085,4,JJ,JJ,hick,0,1,5.954196310386875,9.329866356322406e-05,5.954196310386875,0.016129032258064516,5.954196310386875,0.09603542436107862
hack,3,2.968944837004929e-05,15.039690186137085,4,NN,NN,hack,0,1,5.954196310386875,9.329866356322406e-05,5.954196310386875,0.016129032258064516,5.954196310386875,0.09603542436107862
yielded,3,2.968944837004929e-05,15.039690186137085,7,VB,VBN,yield,0,3,4.369233809665719,7.873111255057683e-05,13.107701428997157,0.04838709677419355,4.369233809665719,0.2114145391773735
approached,3,2.968944837004929e-05,15.039690186137085,10,VB,VBD,approach,0,3,4.369233809665719,9.234152254608545e-05,13.107701428997157,0.04838709677419355,4.369233809665719,0.2114145391773735
wake,3,2.968944837004929e-05,15.039690186137085,4,VB,VB,wake,0,3,4.369233809665719,0.00022666880826357864,13.107701428997157,0.04838709677419355,4.369233809665719,0.2114145391773735
bewitched,3,2.968944837004929e-05,15.039690186137085,9,VB,VBN,bewitch,0,3,4.369233809665719,0.00013109038099129525,13.107701428997157,0.04838709677419355,4.369233809665719,0.2114145391773735
weariness,3,2.968944837004929e-05,15.039690186137085,9,NN,NN,weari,0,3,4.369233809665719,8.497424067252424e-05,13.107701428997157,0.04838709677419355,4.369233809665719,0.2114145391773735
freed,3,2.968944837004929e-05,15.039690186137085,5,VB,VBN,freed,0,3,4.369233809665719,0.00012188711528714312,13.107701428997157,0.04838709677419355,4.369233809665719,0.2114145391773735
morrow,3,2.968944837004929e-05,15.039690186137085,6,NN,NN,morrow,0,3,4.369233809665719,0.00013471083474628546,13.107701428997157,0.04838709677419355,4.369233809665719,0.2114145391773735
wearer,3,2.968944837004929e-05,15.039690186137085,6,NN,NN,wearer,0,2,4.954196310386875,9.75378558803395e-05,9.90839262077375,0.03225806451612903,4.954196310386875,0.1598127842060282
faithfully,3,2.968944837004929e-05,15.039690186137085,10,RB,RB,faith,0,2,4.954196310386875,0.00012131250525302818,9.90839262077375,0.03225806451612903,4.954196310386875,0.1598127842060282
truly,3,2.968944837004929e-05,15.039690186137085,5,RB,RB,truli,0,3,4.369233809665719,0.00012627962498673983,13.107701428997157,0.04838709677419355,4.369233809665719,0.2114145391773735
crumbs,3,2.968944837004929e-05,15.039690186137085,6,NN,NN,crumb,0,1,5.954196310386875,9.786218515055566e-05,5.954196310386875,0.016129032258064516,5.954196310386875,0.09603542436107862
quarter,3,2.968944837004929e-05,15.039690186137085,7,NN,NN,quarter,0,3,4.369233809665719,7.226510904218513e-05,13.107701428997157,0.04838709677419355,4.369233809665719,0.2114145391773735
health,3,2.968944837004929e-05,15.039690186137085,6,NN,NN,health,0,3,4.369233809665719,0.0001093033595529526,13.107701428997157,0.04838709677419355,4.369233809665719,0.2114145391773735
conversation,3,2.968944837004929e-05,15.039690186137085,12,NN,NN,convers,0,3,4.369233809665719,8.615755698152008e-05,13.107701428997157,0.04838709677419355,4.369233809665719,0.2114145391773735
heath,3,2.968944837004929e-05,15.039690186137085,5,NN,NN,heath,0,2,4.954196310386875,9.923388515408604e-05,9.90839262077375,0.03225806451612903,4.954196310386875,0.1598127842060282
marked,3,2.968944837004929e-05,15.039690186137085,6,VB,VBN,mark,0,2,4.954196310386875,0.00010156808362369532,9.90839262077375,0.03225806451612903,4.954196310386875,0.1598127842060282
call,3,2.968944837004929e-05,15.039690186137085,4,NN,NN,call,0,3,4.369233809665719,9.14513434955645e-05,13.107701428997157,0.04838709677419355,4.369233809665719,0.2114145391773735
saving,3,2.968944837004929e-05,15.039690186137085,6,VB,VBG,save,0,3,4.369233809665719,9.716247170613963e-05,13.107701428997157,0.04838709677419355,4.369233809665719,0.2114145391773735
cure,3,2.968944837004929e-05,15.039690186137085,4,NN,NN,cure,0,3,4.369233809665719,9.574902431337204e-05,13.107701428997157,0.04838709677419355,4.369233809665719,0.2114145391773735
yonder,3,2.968944837004929e-05,15.039690186137085,6,NN,NN,yonder,0,3,4.369233809665719,0.00012421256157813006,13.107701428997157,0.04838709677419355,4.369233809665719,0.2114145391773735
leathern,3,2.968944837004929e-05,15.039690186137085,8,JJ,JJ,leathern,0,2,4.954196310386875,9.64960092954427e-05,9.90839262077375,0.03225806451612903,4.954196310386875,0.1598127842060282
trembling,3,2.968944837004929e-05,15.039690186137085,9,VB,VBG,trembl,0,3,4.369233809665719,0.0003581136976549334,13.107701428997157,0.04838709677419355,4.369233809665719,0.2114145391773735
fatigue,3,2.968944837004929e-05,15.039690186137085,7,NN,NN,fatigu,0,3,4.369233809665719,7.408778948520571e-05,13.107701428997157,0.04838709677419355,4.369233809665719,0.2114145391773735
trying,3,2.968944837004929e-05,15.039690186137085,6,VB,VBG,tri,0,3,4.369233809665719,7.918635988906344e-05,13.107701428997157,0.04838709677419355,4.369233809665719,0.2114145391773735
bond,3,2.968944837004929e-05,15.039690186137085,4,NN,NN,bond,0,1,5.954196310386875,0.00011631258501543636,5.954196310386875,0.016129032258064516,5.954196310386875,0.09603542436107862
hence,3,2.968944837004929e-05,15.039690186137085,5,RB,RB,henc,0,2,4.954196310386875,0.0001488971355402223,9.90839262077375,0.03225806451612903,4.954196310386875,0.1598127842060282
suited,3,2.968944837004929e-05,15.039690186137085,6,VB,VBD,suit,0,3,4.369233809665719,0.00015053176951958127,13.107701428997157,0.04838709677419355,4.369233809665719,0.2114145391773735
senseless,3,2.968944837004929e-05,15.039690186137085,9,NN,NN,senseless,0,3,4.369233809665719,8.811127613377021e-05,13.107701428997157,0.04838709677419355,4.369233809665719,0.2114145391773735
drops,3,2.968944837004929e-05,15.039690186137085,5,NN,NNS,drop,0,2,4.954196310386875,0.00012093372292879958,9.90839262077375,0.03225806451612903,4.954196310386875,0.1598127842060282
chirping,3,2.968944837004929e-05,15.039690186137085,8,VB,VBG,chirp,0,2,4.954196310386875,9.79170999171547e-05,9.90839262077375,0.03225806451612903,4.954196310386875,0.1598127842060282
robbed,3,2.968944837004929e-05,15.039690186137085,6,VB,VBN,rob,0,2,4.954196310386875,0.0001638203843646494,9.90839262077375,0.03225806451612903,4.954196310386875,0.1598127842060282
snatched,3,2.968944837004929e-05,15.039690186137085,8,VB,VBD,snatch,0,3,4.369233809665719,0.00011968842641012044,13.107701428997157,0.04838709677419355,4.369233809665719,0.2114145391773735
fared,3,2.968944837004929e-05,15.039690186137085,5,VB,VBD,fare,0,2,4.954196310386875,0.00014459841955197813,9.90839262077375,0.03225806451612903,4.954196310386875,0.1598127842060282
painted,3,2.968944837004929e-05,15.039690186137085,7,VB,VBN,paint,0,3,4.369233809665719,0.00016332221515169795,13.107701428997157,0.04838709677419355,4.369233809665719,0.2114145391773735
huge,3,2.968944837004929e-05,15.039690186137085,4,JJ,JJ,huge,0,2,4.954196310386875,0.00013345354020690732,9.90839262077375,0.03225806451612903,4.954196310386875,0.1598127842060282
smell,3,2.968944837004929e-05,15.039690186137085,5,NN,NN,smell,0,3,4.369233809665719,0.00011706959156131474,13.107701428997157,0.04838709677419355,4.369233809665719,0.2114145391773735
cupboard,3,2.968944837004929e-05,15.039690186137085,8,NN,NN,cupboard,0,3,4.369233809665719,0.00011409919631928065,13.107701428997157,0.04838709677419355,4.369233809665719,0.2114145391773735
violent,3,2.968944837004929e-05,15.039690186137085,7,JJ,JJ,violent,0,3,4.369233809665719,9.680853601162003e-05,13.107701428997157,0.04838709677419355,4.369233809665719,0.2114145391773735
delicate,3,2.968944837004929e-05,15.039690186137085,8,JJ,JJ,delic,0,3,4.369233809665719,0.00014282866715030926,13.107701428997157,0.04838709677419355,4.369233809665719,0.2114145391773735
intended,3,2.968944837004929e-05,15.039690186137085,8,VB,VBN,intend,0,3,4.369233809665719,0.00016217870483475398,13.107701428997157,0.04838709677419355,4.369233809665719,0.2114145391773735
actually,3,2.968944837004929e-05,15.039690186137085,8,RB,RB,actual,0,2,4.954196310386875,0.0002261626092041292,9.90839262077375,0.03225806451612903,4.954196310386875,0.1598127842060282
parents,3,2.968944837004929e-05,15.039690186137085,7,NN,NNS,parent,0,2,4.954196310386875,0.00020729701566239727,9.90839262077375,0.03225806451612903,4.954196310386875,0.1598127842060282
sailed,3,2.968944837004929e-05,15.039690186137085,6,VB,VBD,sail,0,2,4.954196310386875,0.00012205293464308004,9.90839262077375,0.03225806451612903,4.954196310386875,0.1598127842060282
prove,3,2.968944837004929e-05,15.039690186137085,5,VB,VB,prove,0,3,4.369233809665719,0.00013860990873679012,13.107701428997157,0.04838709677419355,4.369233809665719,0.2114145391773735
later,3,2.968944837004929e-05,15.039690186137085,5,RB,RB,later,0,2,4.954196310386875,8.4568611403723e-05,9.90839262077375,0.03225806451612903,4.954196310386875,0.1598127842060282
sunday,3,2.968944837004929e-05,15.039690186137085,6,NN,NNP,sunday,0,2,4.954196310386875,0.0001668442770317296,9.90839262077375,0.03225806451612903,4.954196310386875,0.1598127842060282
therein,3,2.968944837004929e-05,15.039690186137085,7,RB,RB,therein,0,3,4.369233809665719,0.00011476384806290373,13.107701428997157,0.04838709677419355,4.369233809665719,0.2114145391773735
leap,3,2.968944837004929e-05,15.039690186137085,4,VB,VB,leap,0,3,4.369233809665719,6.850157373840677e-05,13.107701428997157,0.04838709677419355,4.369233809665719,0.2114145391773735
brink,3,2.968944837004929e-05,15.039690186137085,5,NN,NN,brink,0,3,4.369233809665719,0.00013711550147469772,13.107701428997157,0.04838709677419355,4.369233809665719,0.2114145391773735
directly,3,2.968944837004929e-05,15.039690186137085,8,RB,RB,directli,0,3,4.369233809665719,0.00015622361332602637,13.107701428997157,0.04838709677419355,4.369233809665719,0.2114145391773735
quarrel,3,2.968944837004929e-05,15.039690186137085,7,NN,NN,quarrel,0,3,4.369233809665719,9.088546267991337e-05,13.107701428997157,0.04838709677419355,4.369233809665719,0.2114145391773735
plump,3,2.968944837004929e-05,15.039690186137085,5,NN,NN,plump,0,3,4.369233809665719,7.997583136145542e-05,13.107701428997157,0.04838709677419355,4.369233809665719,0.2114145391773735
guess,3,2.968944837004929e-05,15.039690186137085,5,VB,VB,guess,0,3,4.369233809665719,0.00019441650975232758,13.107701428997157,0.04838709677419355,4.369233809665719,0.2114145391773735
noticed,3,2.968944837004929e-05,15.039690186137085,7,VB,VBD,notic,0,3,4.369233809665719,0.00012040808682778844,13.107701428997157,0.04838709677419355,4.369233809665719,0.2114145391773735
tablet,3,2.968944837004929e-05,15.039690186137085,6,NN,NN,tablet,0,1,5.954196310386875,0.0003357881970667085,5.954196310386875,0.016129032258064516,5.954196310386875,0.09603542436107862
suitor,3,2.968944837004929e-05,15.039690186137085,6,NN,NN,suitor,0,3,4.369233809665719,0.00027889125056226497,13.107701428997157,0.04838709677419355,4.369233809665719,0.2114145391773735
arts,3,2.968944837004929e-05,15.039690186137085,4,NN,NNS,art,0,1,5.954196310386875,0.000986665318778205,5.954196310386875,0.016129032258064516,5.954196310386875,0.09603542436107862
laces,3,2.968944837004929e-05,15.039690186137085,5,NN,NNS,lace,0,2,4.954196310386875,9.979513987298777e-05,9.90839262077375,0.03225806451612903,4.954196310386875,0.1598127842060282
upper,3,2.968944837004929e-05,15.039690186137085,5,JJ,JJ,upper,0,3,4.369233809665719,7.279215390463717e-05,13.107701428997157,0.04838709677419355,4.369233809665719,0.2114145391773735
thirdly,3,2.968944837004929e-05,15.039690186137085,7,RB,RB,thirdli,0,3,4.369233809665719,0.00018416762455043155,13.107701428997157,0.04838709677419355,4.369233809665719,0.2114145391773735
excuse,3,2.968944837004929e-05,15.039690186137085,6,VB,VB,excus,0,3,4.369233809665719,0.0001085727096703839,13.107701428997157,0.04838709677419355,4.369233809665719,0.2114145391773735
sticks,3,2.968944837004929e-05,15.039690186137085,6,VB,VBZ,stick,0,2,4.954196310386875,0.0002078406304000044,9.90839262077375,0.03225806451612903,4.954196310386875,0.1598127842060282
garland,3,2.968944837004929e-05,15.039690186137085,7,NN,NN,garland,0,2,4.954196310386875,0.0001097908616412186,9.90839262077375,0.03225806451612903,4.954196310386875,0.1598127842060282
wreath,3,2.968944837004929e-05,15.039690186137085,6,NN,NN,wreath,0,2,4.954196310386875,8.229340894646752e-05,9.90839262077375,0.03225806451612903,4.954196310386875,0.1598127842060282
rays,3,2.968944837004929e-05,15.039690186137085,4,NN,NNS,ray,0,3,4.369233809665719,0.00012743328101424574,13.107701428997157,0.04838709677419355,4.369233809665719,0.2114145391773735
leading,3,2.968944837004929e-05,15.039690186137085,7,VB,VBG,lead,0,3,4.369233809665719,0.00011006208707938322,13.107701428997157,0.04838709677419355,4.369233809665719,0.2114145391773735
ties,3,2.968944837004929e-05,15.039690186137085,4,VB,VBZ,tie,0,1,5.954196310386875,0.00031799809391085636,5.954196310386875,0.016129032258064516,5.954196310386875,0.09603542436107862
urchin,3,2.968944837004929e-05,15.039690186137085,6,JJ,JJ,urchin,0,1,5.954196310386875,0.00011338302758096649,5.954196310386875,0.016129032258064516,5.954196310386875,0.09603542436107862
puts,3,2.968944837004929e-05,15.039690186137085,4,VB,VBZ,put,0,2,4.954196310386875,0.00020999615315115652,9.90839262077375,0.03225806451612903,4.954196310386875,0.1598127842060282
thankful,3,2.968944837004929e-05,15.039690186137085,8,JJ,JJ,thank,0,3,4.369233809665719,0.00020295742815859967,13.107701428997157,0.04838709677419355,4.369233809665719,0.2114145391773735
slippers,3,2.968944837004929e-05,15.039690186137085,8,NN,NNS,slipper,0,2,4.954196310386875,8.760403305321721e-05,9.90839262077375,0.03225806451612903,4.954196310386875,0.1598127842060282
pretend,3,2.968944837004929e-05,15.039690186137085,7,VB,VB,pretend,0,3,4.369233809665719,0.00026682328267835356,13.107701428997157,0.04838709677419355,4.369233809665719,0.2114145391773735
kicked,3,2.968944837004929e-05,15.039690186137085,6,VB,VBD,kick,0,3,4.369233809665719,0.00018165138496723941,13.107701428997157,0.04838709677419355,4.369233809665719,0.2114145391773735
impossible,3,2.968944837004929e-05,15.039690186137085,10,JJ,JJ,imposs,0,1,5.954196310386875,0.00011905217896001484,5.954196310386875,0.016129032258064516,5.954196310386875,0.09603542436107862
line,3,2.968944837004929e-05,15.039690186137085,4,NN,NN,line,0,2,4.954196310386875,0.00010323454160331427,9.90839262077375,0.03225806451612903,4.954196310386875,0.1598127842060282
hurried,3,2.968944837004929e-05,15.039690186137085,7,VB,VBD,hurri,0,3,4.369233809665719,0.00014477214413204843,13.107701428997157,0.04838709677419355,4.369233809665719,0.2114145391773735
howling,3,2.968944837004929e-05,15.039690186137085,7,NN,NN,howl,0,3,4.369233809665719,0.00012206650210403297,13.107701428997157,0.04838709677419355,4.369233809665719,0.2114145391773735
presence,3,2.968944837004929e-05,15.039690186137085,8,NN,NN,presenc,0,2,4.954196310386875,0.00011730989352984194,9.90839262077375,0.03225806451612903,4.954196310386875,0.1598127842060282
counted,3,2.968944837004929e-05,15.039690186137085,7,VB,VBN,count,0,3,4.369233809665719,0.00013922783956429145,13.107701428997157,0.04838709677419355,4.369233809665719,0.2114145391773735
content,3,2.968944837004929e-05,15.039690186137085,7,NN,NN,content,0,3,4.369233809665719,0.00013370430008168352,13.107701428997157,0.04838709677419355,4.369233809665719,0.2114145391773735
chanced,3,2.968944837004929e-05,15.039690186137085,7,VB,VBD,chanc,0,3,4.369233809665719,0.00011052174226694361,13.107701428997157,0.04838709677419355,4.369233809665719,0.2114145391773735
b,3,2.968944837004929e-05,15.039690186137085,1,NN,NNP,b,0,2,4.954196310386875,0.00023229331612033746,9.90839262077375,0.03225806451612903,4.954196310386875,0.1598127842060282
cunning,3,2.968944837004929e-05,15.039690186137085,7,NN,NN,cun,0,3,4.369233809665719,0.00035959598622063634,13.107701428997157,0.04838709677419355,4.369233809665719,0.2114145391773735
livelihood,3,2.968944837004929e-05,15.039690186137085,10,NN,NN,livelihood,0,2,4.954196310386875,0.00024134878256469548,9.90839262077375,0.03225806451612903,4.954196310386875,0.1598127842060282
widow,3,2.968944837004929e-05,15.039690186137085,5,NN,NN,widow,0,3,4.369233809665719,0.00022764677519180975,13.107701428997157,0.04838709677419355,4.369233809665719,0.2114145391773735
hanged,3,2.968944837004929e-05,15.039690186137085,6,VB,VBN,hang,0,3,4.369233809665719,0.00013672835028873841,13.107701428997157,0.04838709677419355,4.369233809665719,0.2114145391773735
strangers,3,2.968944837004929e-05,15.039690186137085,9,NN,NNS,stranger,0,1,5.954196310386875,0.00011338302758096649,5.954196310386875,0.016129032258064516,5.954196310386875,0.09603542436107862
downstairs,3,2.968944837004929e-05,15.039690186137085,10,NN,NNS,downstair,0,3,4.369233809665719,0.00024950985666863514,13.107701428997157,0.04838709677419355,4.369233809665719,0.2114145391773735
strewed,3,2.968944837004929e-05,15.039690186137085,7,VB,VBD,strew,0,3,4.369233809665719,0.00012822836636805797,13.107701428997157,0.04838709677419355,4.369233809665719,0.2114145391773735
speaking,3,2.968944837004929e-05,15.039690186137085,8,VB,VBG,speak,0,2,4.954196310386875,0.00015691196776736598,9.90839262077375,0.03225806451612903,4.954196310386875,0.1598127842060282
drunk,3,2.968944837004929e-05,15.039690186137085,5,NN,NN,drunk,0,3,4.369233809665719,0.00015903238753606414,13.107701428997157,0.04838709677419355,4.369233809665719,0.2114145391773735
asks,3,2.968944837004929e-05,15.039690186137085,4,VB,VBZ,ask,0,3,4.369233809665719,0.00013418843144240446,13.107701428997157,0.04838709677419355,4.369233809665719,0.2114145391773735
dangerous,3,2.968944837004929e-05,15.039690186137085,9,JJ,JJ,danger,0,3,4.369233809665719,8.984403757060037e-05,13.107701428997157,0.04838709677419355,4.369233809665719,0.2114145391773735
poodle,3,2.968944837004929e-05,15.039690186137085,6,NN,NN,poodl,0,1,5.954196310386875,0.00015935081475842693,5.954196310386875,0.016129032258064516,5.954196310386875,0.09603542436107862
horror,3,2.968944837004929e-05,15.039690186137085,6,NN,NN,horror,0,3,4.369233809665719,8.930786768594541e-05,13.107701428997157,0.04838709677419355,4.369233809665719,0.2114145391773735
belly,3,2.968944837004929e-05,15.039690186137085,5,RB,RB,belli,0,3,4.369233809665719,0.0001180862269533856,13.107701428997157,0.04838709677419355,4.369233809665719,0.2114145391773735
fountain,3,2.968944837004929e-05,15.039690186137085,8,NN,NN,fountain,0,1,5.954196310386875,0.00023988865369128717,5.954196310386875,0.016129032258064516,5.954196310386875,0.09603542436107862
eagle,3,2.968944837004929e-05,15.039690186137085,5,NN,NN,eagl,0,2,4.954196310386875,9.037035463936154e-05,9.90839262077375,0.03225806451612903,4.954196310386875,0.1598127842060282
hearts,3,2.968944837004929e-05,15.039690186137085,6,NN,NNS,heart,0,3,4.369233809665719,9.154277810398066e-05,13.107701428997157,0.04838709677419355,4.369233809665719,0.2114145391773735
falling,3,2.968944837004929e-05,15.039690186137085,7,VB,VBG,fall,0,3,4.369233809665719,8.367290591402113e-05,13.107701428997157,0.04838709677419355,4.369233809665719,0.2114145391773735
guard,3,2.968944837004929e-05,15.039690186137085,5,NN,NN,guard,0,3,4.369233809665719,0.00011929352870515225,13.107701428997157,0.04838709677419355,4.369233809665719,0.2114145391773735
swung,3,2.968944837004929e-05,15.039690186137085,5,VB,VBD,swung,0,2,4.954196310386875,0.0001710621198968201,9.90839262077375,0.03225806451612903,4.954196310386875,0.1598127842060282
earthenware,3,2.968944837004929e-05,15.039690186137085,11,NN,NN,earthenwar,0,3,4.369233809665719,0.00036623114093078317,13.107701428997157,0.04838709677419355,4.369233809665719,0.2114145391773735
grumbling,3,2.968944837004929e-05,15.039690186137085,9,VB,VBG,grumbl,0,3,4.369233809665719,0.00010224963858806681,13.107701428997157,0.04838709677419355,4.369233809665719,0.2114145391773735
angels,3,2.968944837004929e-05,15.039690186137085,6,NN,NNS,angel,0,1,5.954196310386875,0.00015935081475842693,5.954196310386875,0.016129032258064516,5.954196310386875,0.09603542436107862
aged,3,2.968944837004929e-05,15.039690186137085,4,JJ,JJ,age,0,3,4.369233809665719,0.0001397968574210497,13.107701428997157,0.04838709677419355,4.369233809665719,0.2114145391773735
whosoever,3,2.968944837004929e-05,15.039690186137085,9,NN,NN,whosoev,0,3,4.369233809665719,0.00010860732201101727,13.107701428997157,0.04838709677419355,4.369233809665719,0.2114145391773735
runs,3,2.968944837004929e-05,15.039690186137085,4,VB,VBZ,run,0,3,4.369233809665719,0.00024132394945958953,13.107701428997157,0.04838709677419355,4.369233809665719,0.2114145391773735
lair,3,2.968944837004929e-05,15.039690186137085,4,NN,NN,lair,0,1,5.954196310386875,0.00019532628683609213,5.954196310386875,0.016129032258064516,5.954196310386875,0.09603542436107862
bowl,3,2.968944837004929e-05,15.039690186137085,4,NN,NN,bowl,0,1,5.954196310386875,0.0011524250923329437,5.954196310386875,0.016129032258064516,5.954196310386875,0.09603542436107862
rolling,3,2.968944837004929e-05,15.039690186137085,7,VB,VBG,roll,0,2,4.954196310386875,0.00018572137850029878,9.90839262077375,0.03225806451612903,4.954196310386875,0.1598127842060282
add,3,2.968944837004929e-05,15.039690186137085,3,VB,VB,add,0,3,4.369233809665719,0.0001528380007154505,13.107701428997157,0.04838709677419355,4.369233809665719,0.2114145391773735
rising,3,2.968944837004929e-05,15.039690186137085,6,VB,VBG,rise,0,2,4.954196310386875,0.00010108243841010669,9.90839262077375,0.03225806451612903,4.954196310386875,0.1598127842060282
talking,3,2.968944837004929e-05,15.039690186137085,7,VB,VBG,talk,0,2,4.954196310386875,0.00012942687343558932,9.90839262077375,0.03225806451612903,4.954196310386875,0.1598127842060282
bewailed,3,2.968944837004929e-05,15.039690186137085,8,VB,VBD,bewail,0,3,4.369233809665719,0.00010674328914261323,13.107701428997157,0.04838709677419355,4.369233809665719,0.2114145391773735
assembled,3,2.968944837004929e-05,15.039690186137085,9,VB,VBN,assembl,0,3,4.369233809665719,0.00016360497253649226,13.107701428997157,0.04838709677419355,4.369233809665719,0.2114145391773735
letters,3,2.968944837004929e-05,15.039690186137085,7,NN,NNS,letter,0,2,4.954196310386875,9.082490938414403e-05,9.90839262077375,0.03225806451612903,4.954196310386875,0.1598127842060282
winds,3,2.968944837004929e-05,15.039690186137085,5,NN,NNS,wind,0,3,4.369233809665719,0.0001127417003891181,13.107701428997157,0.04838709677419355,4.369233809665719,0.2114145391773735
army,3,2.968944837004929e-05,15.039690186137085,4,NN,NN,armi,0,3,4.369233809665719,0.00012349927461778482,13.107701428997157,0.04838709677419355,4.369233809665719,0.2114145391773735
cudgel,3,2.968944837004929e-05,15.039690186137085,6,NN,NN,cudgel,0,2,4.954196310386875,0.00018279988249855777,9.90839262077375,0.03225806451612903,4.954196310386875,0.1598127842060282
wrens,3,2.968944837004929e-05,15.039690186137085,5,NN,NNS,wren,0,1,5.954196310386875,0.0003141835039075637,5.954196310386875,0.016129032258064516,5.954196310386875,0.09603542436107862
sank,3,2.968944837004929e-05,15.039690186137085,4,VB,VBD,sank,0,3,4.369233809665719,0.00010664717607231482,13.107701428997157,0.04838709677419355,4.369233809665719,0.2114145391773735
remembered,3,2.968944837004929e-05,15.039690186137085,10,VB,VBD,rememb,0,2,4.954196310386875,0.00010156044365833667,9.90839262077375,0.03225806451612903,4.954196310386875,0.1598127842060282
limped,3,2.968944837004929e-05,15.039690186137085,6,VB,VBD,limp,0,2,4.954196310386875,0.00020759097692666205,9.90839262077375,0.03225806451612903,4.954196310386875,0.1598127842060282
gracious,3,2.968944837004929e-05,15.039690186137085,8,JJ,JJ,graciou,0,1,5.954196310386875,0.00015935081475842693,5.954196310386875,0.016129032258064516,5.954196310386875,0.09603542436107862
majesty,3,2.968944837004929e-05,15.039690186137085,7,JJ,JJ,majesti,0,2,4.954196310386875,0.000157515203222327,9.90839262077375,0.03225806451612903,4.954196310386875,0.1598127842060282
lights,3,2.968944837004929e-05,15.039690186137085,6,NN,NNS,light,0,2,4.954196310386875,0.00015459626149359306,9.90839262077375,0.03225806451612903,4.954196310386875,0.1598127842060282
astonishment,3,2.968944837004929e-05,15.039690186137085,12,NN,NN,astonish,0,3,4.369233809665719,0.00012576876278752328,13.107701428997157,0.04838709677419355,4.369233809665719,0.2114145391773735
jib,3,2.968944837004929e-05,15.039690186137085,3,NN,NN,jib,0,1,5.954196310386875,8.919698857066126e-05,5.954196310386875,0.016129032258064516,5.954196310386875,0.09603542436107862
wrong,3,2.968944837004929e-05,15.039690186137085,5,JJ,JJ,wrong,0,3,4.369233809665719,0.00015582167158109322,13.107701428997157,0.04838709677419355,4.369233809665719,0.2114145391773735
occurred,3,2.968944837004929e-05,15.039690186137085,8,VB,VBD,occur,0,3,4.369233809665719,0.0001407519231300542,13.107701428997157,0.04838709677419355,4.369233809665719,0.2114145391773735
pretended,3,2.968944837004929e-05,15.039690186137085,9,VB,VBD,pretend,0,3,4.369233809665719,0.0001602694532882915,13.107701428997157,0.04838709677419355,4.369233809665719,0.2114145391773735
hobblety,3,2.968944837004929e-05,15.039690186137085,8,NN,NN,hobbleti,0,1,5.954196310386875,8.919698857066126e-05,5.954196310386875,0.016129032258064516,5.954196310386875,0.09603542436107862
build,2,1.9792965580032857e-05,15.62465268685824,5,VB,VB,build,0,2,4.954196310386875,7.397284912644391e-05,9.90839262077375,0.03225806451612903,4.954196310386875,0.1598127842060282
spoon,2,1.9792965580032857e-05,15.62465268685824,5,NN,NN,spoon,0,2,4.954196310386875,0.0003531152549598411,9.90839262077375,0.03225806451612903,4.954196310386875,0.1598127842060282
climbing,2,1.9792965580032857e-05,15.62465268685824,8,VB,VBG,climb,0,2,4.954196310386875,0.00010579436034696265,9.90839262077375,0.03225806451612903,4.954196310386875,0.1598127842060282
hayloft,2,1.9792965580032857e-05,15.62465268685824,7,JJ,JJ,hayloft,0,1,5.954196310386875,7.558868505397766e-05,5.954196310386875,0.016129032258064516,5.954196310386875,0.09603542436107862
grasshopper,2,1.9792965580032857e-05,15.62465268685824,11,NN,NN,grasshopp,0,2,4.954196310386875,5.666130306599331e-05,9.90839262077375,0.03225806451612903,4.954196310386875,0.1598127842060282
smooth,2,1.9792965580032857e-05,15.62465268685824,6,JJ,JJ,smooth,0,2,4.954196310386875,8.235475754184141e-05,9.90839262077375,0.03225806451612903,4.954196310386875,0.1598127842060282
lamps,2,1.9792965580032857e-05,15.62465268685824,5,NN,NNS,lamp,0,1,5.954196310386875,8.049909837475157e-05,5.954196310386875,0.016129032258064516,5.954196310386875,0.09603542436107862
rushes,2,1.9792965580032857e-05,15.62465268685824,6,NN,NNS,rush,0,1,5.954196310386875,7.887919865386335e-05,5.954196310386875,0.016129032258064516,5.954196310386875,0.09603542436107862
wedge,2,1.9792965580032857e-05,15.62465268685824,5,NN,NN,wedg,0,1,5.954196310386875,7.887919865386335e-05,5.954196310386875,0.016129032258064516,5.954196310386875,0.09603542436107862
swallow,2,1.9792965580032857e-05,15.62465268685824,7,VB,VB,swallow,0,2,4.954196310386875,7.534178705576558e-05,9.90839262077375,0.03225806451612903,4.954196310386875,0.1598127842060282
windowbars,2,1.9792965580032857e-05,15.62465268685824,10,NN,NNS,windowbar,0,1,5.954196310386875,7.558868505397766e-05,5.954196310386875,0.016129032258064516,5.954196310386875,0.09603542436107862
squirrel,2,1.9792965580032857e-05,15.62465268685824,8,NN,NN,squirrel,0,2,4.954196310386875,6.637155656692184e-05,9.90839262077375,0.03225806451612903,4.954196310386875,0.1598127842060282
brethren,2,1.9792965580032857e-05,15.62465268685824,8,NN,NNS,brethren,0,2,4.954196310386875,0.00019203411532360627,9.90839262077375,0.03225806451612903,4.954196310386875,0.1598127842060282
impatient,2,1.9792965580032857e-05,15.62465268685824,9,JJ,JJ,impati,0,2,4.954196310386875,6.583493706792023e-05,9.90839262077375,0.03225806451612903,4.954196310386875,0.1598127842060282
reeds,2,1.9792965580032857e-05,15.62465268685824,5,NN,NNS,reed,0,2,4.954196310386875,8.235475754184141e-05,9.90839262077375,0.03225806451612903,4.954196310386875,0.1598127842060282
landmark,2,1.9792965580032857e-05,15.62465268685824,8,NN,NN,landmark,0,1,5.954196310386875,0.0001296899721283979,5.954196310386875,0.016129032258064516,5.954196310386875,0.09603542436107862
rumpelstiltskin,2,1.9792965580032857e-05,15.62465268685824,15,NN,NNP,rumpelstiltskin,0,1,5.954196310386875,0.000167309101674353,5.954196310386875,0.016129032258064516,5.954196310386875,0.09603542436107862
fun,2,1.9792965580032857e-05,15.62465268685824,3,NN,NN,fun,0,2,4.954196310386875,9.061628113648195e-05,9.90839262077375,0.03225806451612903,4.954196310386875,0.1598127842060282
swiftly,2,1.9792965580032857e-05,15.62465268685824,7,RB,RB,swiftli,0,2,4.954196310386875,8.540117868132718e-05,9.90839262077375,0.03225806451612903,4.954196310386875,0.1598127842060282
growling,2,1.9792965580032857e-05,15.62465268685824,8,NN,NN,growl,0,2,4.954196310386875,5.666130306599331e-05,9.90839262077375,0.03225806451612903,4.954196310386875,0.1598127842060282
gaping,2,1.9792965580032857e-05,15.62465268685824,6,VB,VBG,gape,0,2,4.954196310386875,6.097164842048199e-05,9.90839262077375,0.03225806451612903,4.954196310386875,0.1598127842060282
slowly,2,1.9792965580032857e-05,15.62465268685824,6,RB,RB,slowli,0,2,4.954196310386875,8.25087966922283e-05,9.90839262077375,0.03225806451612903,4.954196310386875,0.1598127842060282
bleated,2,1.9792965580032857e-05,15.62465268685824,7,VB,VBD,bleat,0,2,4.954196310386875,0.00010532610443895584,9.90839262077375,0.03225806451612903,4.954196310386875,0.1598127842060282
brilliant,2,1.9792965580032857e-05,15.62465268685824,9,JJ,JJ,brilliant,0,2,4.954196310386875,6.834550982011046e-05,9.90839262077375,0.03225806451612903,4.954196310386875,0.1598127842060282
amuse,2,1.9792965580032857e-05,15.62465268685824,5,VB,VB,amus,0,2,4.954196310386875,6.426259562551538e-05,9.90839262077375,0.03225806451612903,4.954196310386875,0.1598127842060282
moving,2,1.9792965580032857e-05,15.62465268685824,6,VB,VBG,move,0,2,4.954196310386875,0.00012646468749476762,9.90839262077375,0.03225806451612903,4.954196310386875,0.1598127842060282
broom,2,1.9792965580032857e-05,15.62465268685824,5,NN,NN,broom,0,2,4.954196310386875,7.850266906616302e-05,9.90839262077375,0.03225806451612903,4.954196310386875,0.1598127842060282
swept,2,1.9792965580032857e-05,15.62465268685824,5,VB,VBD,swept,0,2,4.954196310386875,8.677011661064886e-05,9.90839262077375,0.03225806451612903,4.954196310386875,0.1598127842060282
lower,2,1.9792965580032857e-05,15.62465268685824,5,JJ,JJR,lower,0,1,5.954196310386875,7.887919865386335e-05,5.954196310386875,0.016129032258064516,5.954196310386875,0.09603542436107862
piteous,2,1.9792965580032857e-05,15.62465268685824,7,JJ,JJ,piteou,0,2,4.954196310386875,0.00010064801813821148,9.90839262077375,0.03225806451612903,4.954196310386875,0.1598127842060282
powerful,2,1.9792965580032857e-05,15.62465268685824,8,JJ,JJ,power,0,2,4.954196310386875,5.733522283635941e-05,9.90839262077375,0.03225806451612903,4.954196310386875,0.1598127842060282
growled,2,1.9792965580032857e-05,15.62465268685824,7,VB,VBD,growl,0,1,5.954196310386875,7.887919865386335e-05,5.954196310386875,0.016129032258064516,5.954196310386875,0.09603542436107862
booty,2,1.9792965580032857e-05,15.62465268685824,5,NN,NN,booti,0,2,4.954196310386875,0.00014615816692353784,9.90839262077375,0.03225806451612903,4.954196310386875,0.1598127842060282
contentedly,2,1.9792965580032857e-05,15.62465268685824,11,RB,RB,contentedli,0,2,4.954196310386875,8.313465349216294e-05,9.90839262077375,0.03225806451612903,4.954196310386875,0.1598127842060282
poison,2,1.9792965580032857e-05,15.62465268685824,6,NN,NN,poison,0,2,4.954196310386875,6.164556819084809e-05,9.90839262077375,0.03225806451612903,4.954196310386875,0.1598127842060282
bedtime,2,1.9792965580032857e-05,15.62465268685824,7,JJ,JJ,bedtim,0,2,4.954196310386875,8.677011661064886e-05,9.90839262077375,0.03225806451612903,4.954196310386875,0.1598127842060282
springs,2,1.9792965580032857e-05,15.62465268685824,7,NN,NNS,spring,0,2,4.954196310386875,8.211023147629379e-05,9.90839262077375,0.03225806451612903,4.954196310386875,0.1598127842060282
continue,2,1.9792965580032857e-05,15.62465268685824,8,VB,VB,continu,0,2,4.954196310386875,8.697352012373203e-05,9.90839262077375,0.03225806451612903,4.954196310386875,0.1598127842060282
perch,2,1.9792965580032857e-05,15.62465268685824,5,NN,NN,perch,0,2,4.954196310386875,9.209350572624205e-05,9.90839262077375,0.03225806451612903,4.954196310386875,0.1598127842060282
lit,2,1.9792965580032857e-05,15.62465268685824,3,VB,VBD,lit,0,2,4.954196310386875,7.850266906616302e-05,9.90839262077375,0.03225806451612903,4.954196310386875,0.1598127842060282
prying,2,1.9792965580032857e-05,15.62465268685824,6,VB,VBG,pri,0,2,4.954196310386875,5.382717674402755e-05,9.90839262077375,0.03225806451612903,4.954196310386875,0.1598127842060282
pantry,2,1.9792965580032857e-05,15.62465268685824,6,NN,NN,pantri,0,1,5.954196310386875,7.558868505397766e-05,5.954196310386875,0.016129032258064516,5.954196310386875,0.09603542436107862
split,2,1.9792965580032857e-05,15.62465268685824,5,VB,VB,split,0,2,4.954196310386875,5.382717674402755e-05,9.90839262077375,0.03225806451612903,4.954196310386875,0.1598127842060282
lover,2,1.9792965580032857e-05,15.62465268685824,5,NN,NN,lover,0,2,4.954196310386875,8.211023147629379e-05,9.90839262077375,0.03225806451612903,4.954196310386875,0.1598127842060282
curiosity,2,1.9792965580032857e-05,15.62465268685824,9,NN,NN,curios,0,2,4.954196310386875,8.302867731220749e-05,9.90839262077375,0.03225806451612903,4.954196310386875,0.1598127842060282
drain,2,1.9792965580032857e-05,15.62465268685824,5,NN,NN,drain,0,1,5.954196310386875,7.558868505397766e-05,5.954196310386875,0.016129032258064516,5.954196310386875,0.09603542436107862
soles,2,1.9792965580032857e-05,15.62465268685824,5,NN,NNS,sole,0,2,4.954196310386875,8.25087966922283e-05,9.90839262077375,0.03225806451612903,4.954196310386875,0.1598127842060282
peacefully,2,1.9792965580032857e-05,15.62465268685824,10,RB,RB,peac,0,2,4.954196310386875,5.666130306599331e-05,9.90839262077375,0.03225806451612903,4.954196310386875,0.1598127842060282
punishment,2,1.9792965580032857e-05,15.62465268685824,10,NN,NN,punish,0,2,4.954196310386875,8.313465349216294e-05,9.90839262077375,0.03225806451612903,4.954196310386875,0.1598127842060282
heed,2,1.9792965580032857e-05,15.62465268685824,4,NN,NN,heed,0,2,4.954196310386875,8.698959193200437e-05,9.90839262077375,0.03225806451612903,4.954196310386875,0.1598127842060282
written,2,1.9792965580032857e-05,15.62465268685824,7,VB,VBN,written,0,2,4.954196310386875,6.574902934270353e-05,9.90839262077375,0.03225806451612903,4.954196310386875,0.1598127842060282
befell,2,1.9792965580032857e-05,15.62465268685824,6,NN,NN,befel,0,2,4.954196310386875,8.540117868132718e-05,9.90839262077375,0.03225806451612903,4.954196310386875,0.1598127842060282
hurrying,2,1.9792965580032857e-05,15.62465268685824,8,VB,VBG,hurri,0,2,4.954196310386875,8.677011661064886e-05,9.90839262077375,0.03225806451612903,4.954196310386875,0.1598127842060282
stag,2,1.9792965580032857e-05,15.62465268685824,4,NN,NN,stag,0,2,4.954196310386875,0.0002453327670513922,9.90839262077375,0.03225806451612903,4.954196310386875,0.1598127842060282
ween,2,1.9792965580032857e-05,15.62465268685824,4,VB,VBP,ween,0,2,4.954196310386875,0.00011244857202507129,9.90839262077375,0.03225806451612903,4.954196310386875,0.1598127842060282
dawn,2,1.9792965580032857e-05,15.62465268685824,4,NN,NN,dawn,0,2,4.954196310386875,5.666130306599331e-05,9.90839262077375,0.03225806451612903,4.954196310386875,0.1598127842060282
unbolted,2,1.9792965580032857e-05,15.62465268685824,8,VB,VBD,unbolt,0,2,4.954196310386875,6.630545332520316e-05,9.90839262077375,0.03225806451612903,4.954196310386875,0.1598127842060282
angel,2,1.9792965580032857e-05,15.62465268685824,5,NN,NN,angel,0,2,4.954196310386875,7.701178010873164e-05,9.90839262077375,0.03225806451612903,4.954196310386875,0.1598127842060282
besought,2,1.9792965580032857e-05,15.62465268685824,8,VB,VBD,besought,0,2,4.954196310386875,6.493651539588148e-05,9.90839262077375,0.03225806451612903,4.954196310386875,0.1598127842060282
warned,2,1.9792965580032857e-05,15.62465268685824,6,VB,VBD,warn,0,1,5.954196310386875,8.049909837475157e-05,5.954196310386875,0.016129032258064516,5.954196310386875,0.09603542436107862
roasted,2,1.9792965580032857e-05,15.62465268685824,7,JJ,JJ,roast,0,2,4.954196310386875,7.338452705299767e-05,9.90839262077375,0.03225806451612903,4.954196310386875,0.1598127842060282
coachman,2,1.9792965580032857e-05,15.62465268685824,8,NN,NN,coachman,0,2,4.954196310386875,7.554519056884876e-05,9.90839262077375,0.03225806451612903,4.954196310386875,0.1598127842060282
granite,2,1.9792965580032857e-05,15.62465268685824,7,NN,NN,granit,0,1,5.954196310386875,8.698860902271614e-05,5.954196310386875,0.016129032258064516,5.954196310386875,0.09603542436107862
considered,2,1.9792965580032857e-05,15.62465268685824,10,VB,VBD,consid,0,1,5.954196310386875,0.00011907678160084144,5.954196310386875,0.016129032258064516,5.954196310386875,0.09603542436107862
bills,2,1.9792965580032857e-05,15.62465268685824,5,NN,NNS,bill,0,2,4.954196310386875,8.57284799415126e-05,9.90839262077375,0.03225806451612903,4.954196310386875,0.1598127842060282
difficult,2,1.9792965580032857e-05,15.62465268685824,9,JJ,JJ,difficult,0,2,4.954196310386875,7.518523512119486e-05,9.90839262077375,0.03225806451612903,4.954196310386875,0.1598127842060282
sleepers,2,1.9792965580032857e-05,15.62465268685824,8,NN,NNS,sleeper,0,2,4.954196310386875,7.801936144316063e-05,9.90839262077375,0.03225806451612903,4.954196310386875,0.1598127842060282
robber,2,1.9792965580032857e-05,15.62465268685824,6,NN,NN,robber,0,2,4.954196310386875,0.00011267045187714377,9.90839262077375,0.03225806451612903,4.954196310386875,0.1598127842060282
clothing,2,1.9792965580032857e-05,15.62465268685824,8,NN,NN,cloth,0,1,5.954196310386875,0.00013021752455739477,5.954196310386875,0.016129032258064516,5.954196310386875,0.09603542436107862
mysterious,2,1.9792965580032857e-05,15.62465268685824,10,JJ,JJ,mysteri,0,1,5.954196310386875,0.00013021752455739477,5.954196310386875,0.016129032258064516,5.954196310386875,0.09603542436107862
grim,2,1.9792965580032857e-05,15.62465268685824,4,JJ,JJ,grim,0,1,5.954196310386875,0.00013021752455739477,5.954196310386875,0.016129032258064516,5.954196310386875,0.09603542436107862
entrance,2,1.9792965580032857e-05,15.62465268685824,8,NN,NN,entranc,0,2,4.954196310386875,7.518523512119486e-05,9.90839262077375,0.03225806451612903,4.954196310386875,0.1598127842060282
lentils,2,1.9792965580032857e-05,15.62465268685824,7,NN,NNS,lentil,0,1,5.954196310386875,0.00013021752455739477,5.954196310386875,0.016129032258064516,5.954196310386875,0.09603542436107862
strew,2,1.9792965580032857e-05,15.62465268685824,5,NN,NNP,strew,0,2,4.954196310386875,0.00012668416281612314,9.90839262077375,0.03225806451612903,4.954196310386875,0.1598127842060282
milletseed,2,1.9792965580032857e-05,15.62465268685824,10,NN,NN,milletse,0,1,5.954196310386875,0.00011907678160084144,5.954196310386875,0.016129032258064516,5.954196310386875,0.09603542436107862
celebrate,2,1.9792965580032857e-05,15.62465268685824,9,VB,VB,celebr,0,2,4.954196310386875,6.117505193356516e-05,9.90839262077375,0.03225806451612903,4.954196310386875,0.1598127842060282
goblet,2,1.9792965580032857e-05,15.62465268685824,6,NN,NN,goblet,0,1,5.954196310386875,7.936811930667656e-05,5.954196310386875,0.016129032258064516,5.954196310386875,0.09603542436107862
map,2,1.9792965580032857e-05,15.62465268685824,3,NN,NN,map,0,1,5.954196310386875,7.936811930667656e-05,5.954196310386875,0.016129032258064516,5.954196310386875,0.09603542436107862
houses,2,1.9792965580032857e-05,15.62465268685824,6,NN,NNS,hous,0,1,5.954196310386875,7.936811930667656e-05,5.954196310386875,0.016129032258064516,5.954196310386875,0.09603542436107862
start,2,1.9792965580032857e-05,15.62465268685824,5,VB,VB,start,0,2,4.954196310386875,8.719299544508755e-05,9.90839262077375,0.03225806451612903,4.954196310386875,0.1598127842060282
chattering,2,1.9792965580032857e-05,15.62465268685824,10,VB,VBG,chatter,0,2,4.954196310386875,8.57284799415126e-05,9.90839262077375,0.03225806451612903,4.954196310386875,0.1598127842060282
cloud,2,1.9792965580032857e-05,15.62465268685824,5,NN,NN,cloud,0,1,5.954196310386875,8.698860902271614e-05,5.954196310386875,0.016129032258064516,5.954196310386875,0.09603542436107862
spurs,2,1.9792965580032857e-05,15.62465268685824,5,NN,NNS,spur,0,2,4.954196310386875,7.397284912644391e-05,9.90839262077375,0.03225806451612903,4.954196310386875,0.1598127842060282
braying,2,1.9792965580032857e-05,15.62465268685824,7,VB,VBG,bray,0,1,5.954196310386875,8.698860902271614e-05,5.954196310386875,0.016129032258064516,5.954196310386875,0.09603542436107862
woo,2,1.9792965580032857e-05,15.62465268685824,3,VB,VB,woo,0,1,5.954196310386875,0.00046961087707128916,5.954196310386875,0.016129032258064516,5.954196310386875,0.09603542436107862
haunted,2,1.9792965580032857e-05,15.62465268685824,7,VB,VBN,haunt,0,1,5.954196310386875,5.050508775234217e-05,5.954196310386875,0.016129032258064516,5.954196310386875,0.09603542436107862
knocks,2,1.9792965580032857e-05,15.62465268685824,6,VB,VBZ,knock,0,2,4.954196310386875,0.000407887152115084,9.90839262077375,0.03225806451612903,4.954196310386875,0.1598127842060282
silent,2,1.9792965580032857e-05,15.62465268685824,6,JJ,JJ,silent,0,1,5.954196310386875,5.050508775234217e-05,5.954196310386875,0.016129032258064516,5.954196310386875,0.09603542436107862
solemnized,2,1.9792965580032857e-05,15.62465268685824,10,VB,VBN,solemn,0,2,4.954196310386875,0.000407887152115084,9.90839262077375,0.03225806451612903,4.954196310386875,0.1598127842060282
moaning,2,1.9792965580032857e-05,15.62465268685824,7,NN,NN,moan,0,2,4.954196310386875,0.0002163815618077193,9.90839262077375,0.03225806451612903,4.954196310386875,0.1598127842060282
ghost,2,1.9792965580032857e-05,15.62465268685824,5,NN,NN,ghost,0,1,5.954196310386875,5.050508775234217e-05,5.954196310386875,0.016129032258064516,5.954196310386875,0.09603542436107862
sounding,2,1.9792965580032857e-05,15.62465268685824,8,NN,NN,sound,0,1,5.954196310386875,5.050508775234217e-05,5.954196310386875,0.016129032258064516,5.954196310386875,0.09603542436107862
bewailing,2,1.9792965580032857e-05,15.62465268685824,9,NN,NNP,bewail,0,1,5.954196310386875,0.0005108267253248863,5.954196310386875,0.016129032258064516,5.954196310386875,0.09603542436107862
hugged,2,1.9792965580032857e-05,15.62465268685824,6,VB,VBD,hug,0,2,4.954196310386875,0.00011040571432538352,9.90839262077375,0.03225806451612903,4.954196310386875,0.1598127842060282
caw,2,1.9792965580032857e-05,15.62465268685824,3,NN,NN,caw,0,1,5.954196310386875,0.00018979332877683521,5.954196310386875,0.016129032258064516,5.954196310386875,0.09603542436107862
trusty,2,1.9792965580032857e-05,15.62465268685824,6,JJ,JJ,trusti,0,1,5.954196310386875,0.00011907678160084144,5.954196310386875,0.016129032258064516,5.954196310386875,0.09603542436107862
star,2,1.9792965580032857e-05,15.62465268685824,4,NN,NN,star,0,1,5.954196310386875,0.00018979332877683521,5.954196310386875,0.016129032258064516,5.954196310386875,0.09603542436107862
innocence,2,1.9792965580032857e-05,15.62465268685824,9,NN,NN,innoc,0,1,5.954196310386875,0.00011907678160084144,5.954196310386875,0.016129032258064516,5.954196310386875,0.09603542436107862
perish,2,1.9792965580032857e-05,15.62465268685824,6,VB,VB,perish,0,1,5.954196310386875,0.00011907678160084144,5.954196310386875,0.016129032258064516,5.954196310386875,0.09603542436107862
asses,2,1.9792965580032857e-05,15.62465268685824,5,NN,NNS,ass,0,2,4.954196310386875,0.0001233284118630375,9.90839262077375,0.03225806451612903,4.954196310386875,0.1598127842060282
servantmaid,2,1.9792965580032857e-05,15.62465268685824,11,JJ,JJ,servantmaid,0,1,5.954196310386875,8.698860902271614e-05,5.954196310386875,0.016129032258064516,5.954196310386875,0.09603542436107862
eager,2,1.9792965580032857e-05,15.62465268685824,5,JJ,JJ,eager,0,2,4.954196310386875,8.271220020531147e-05,9.90839262077375,0.03225806451612903,4.954196310386875,0.1598127842060282
sacks,2,1.9792965580032857e-05,15.62465268685824,5,NN,NNS,sack,0,1,5.954196310386875,0.00011907678160084144,5.954196310386875,0.016129032258064516,5.954196310386875,0.09603542436107862
letter,2,1.9792965580032857e-05,15.62465268685824,6,NN,NN,letter,0,1,5.954196310386875,7.936811930667656e-05,5.954196310386875,0.016129032258064516,5.954196310386875,0.09603542436107862
mournfully,2,1.9792965580032857e-05,15.62465268685824,10,RB,RB,mourn,0,2,4.954196310386875,6.117505193356516e-05,9.90839262077375,0.03225806451612903,4.954196310386875,0.1598127842060282
pink,2,1.9792965580032857e-05,15.62465268685824,4,NN,NN,pink,0,1,5.954196310386875,0.00010623387650561795,5.954196310386875,0.016129032258064516,5.954196310386875,0.09603542436107862
provide,2,1.9792965580032857e-05,15.62465268685824,7,VB,VB,provid,0,2,4.954196310386875,9.3735004095736e-05,9.90839262077375,0.03225806451612903,4.954196310386875,0.1598127842060282
hind,2,1.9792965580032857e-05,15.62465268685824,4,NN,NN,hind,0,2,4.954196310386875,0.00010269264005387104,9.90839262077375,0.03225806451612903,4.954196310386875,0.1598127842060282
peril,2,1.9792965580032857e-05,15.62465268685824,5,NN,NN,peril,0,2,4.954196310386875,0.0001285744632816976,9.90839262077375,0.03225806451612903,4.954196310386875,0.1598127842060282
painter,2,1.9792965580032857e-05,15.62465268685824,7,NN,NN,painter,0,1,5.954196310386875,0.00010623387650561795,5.954196310386875,0.016129032258064516,5.954196310386875,0.09603542436107862
older,2,1.9792965580032857e-05,15.62465268685824,5,JJ,JJR,older,0,2,4.954196310386875,7.721518362181481e-05,9.90839262077375,0.03225806451612903,4.954196310386875,0.1598127842060282
gather,2,1.9792965580032857e-05,15.62465268685824,6,VB,VB,gather,0,2,4.954196310386875,0.00038874874497175726,9.90839262077375,0.03225806451612903,4.954196310386875,0.1598127842060282
insulted,2,1.9792965580032857e-05,15.62465268685824,8,VB,VBN,insult,0,1,5.954196310386875,0.00020945566927170912,5.954196310386875,0.016129032258064516,5.954196310386875,0.09603542436107862
burden,2,1.9792965580032857e-05,15.62465268685824,6,JJ,JJ,burden,0,2,4.954196310386875,0.0001371879364346941,9.90839262077375,0.03225806451612903,4.954196310386875,0.1598127842060282
entreaties,2,1.9792965580032857e-05,15.62465268685824,10,NN,NNS,entreati,0,2,4.954196310386875,0.00010085142165129465,9.90839262077375,0.03225806451612903,4.954196310386875,0.1598127842060282
note,2,1.9792965580032857e-05,15.62465268685824,4,NN,NN,note,0,1,5.954196310386875,0.00016304825867755285,5.954196310386875,0.016129032258064516,5.954196310386875,0.09603542436107862
proposal,2,1.9792965580032857e-05,15.62465268685824,8,NN,NN,propos,0,2,4.954196310386875,9.167778764936774e-05,9.90839262077375,0.03225806451612903,4.954196310386875,0.1598127842060282
florins,2,1.9792965580032857e-05,15.62465268685824,7,NN,NNS,florin,0,1,5.954196310386875,0.00016304825867755285,5.954196310386875,0.016129032258064516,5.954196310386875,0.09603542436107862
brisker,2,1.9792965580032857e-05,15.62465268685824,7,NN,NN,brisker,0,1,5.954196310386875,0.00016304825867755285,5.954196310386875,0.016129032258064516,5.954196310386875,0.09603542436107862
meeting,2,1.9792965580032857e-05,15.62465268685824,7,NN,NN,meet,0,2,4.954196310386875,9.598813300385643e-05,9.90839262077375,0.03225806451612903,4.954196310386875,0.1598127842060282
capering,2,1.9792965580032857e-05,15.62465268685824,8,VB,VBG,caper,0,1,5.954196310386875,0.00016304825867755285,5.954196310386875,0.016129032258064516,5.954196310386875,0.09603542436107862
threepence,2,1.9792965580032857e-05,15.62465268685824,10,NN,NN,threepenc,0,1,5.954196310386875,0.00016304825867755285,5.954196310386875,0.016129032258064516,5.954196310386875,0.09603542436107862
descended,2,1.9792965580032857e-05,15.62465268685824,9,VB,VBD,descend,0,2,4.954196310386875,6.80415496198879e-05,9.90839262077375,0.03225806451612903,4.954196310386875,0.1598127842060282
district,2,1.9792965580032857e-05,15.62465268685824,8,NN,NN,district,0,2,4.954196310386875,0.0001285744632816976,9.90839262077375,0.03225806451612903,4.954196310386875,0.1598127842060282
sixty,2,1.9792965580032857e-05,15.62465268685824,5,JJ,JJ,sixti,0,2,4.954196310386875,0.00020274044210713476,9.90839262077375,0.03225806451612903,4.954196310386875,0.1598127842060282
await,2,1.9792965580032857e-05,15.62465268685824,5,VB,VB,await,0,1,5.954196310386875,7.936811930667656e-05,5.954196310386875,0.016129032258064516,5.954196310386875,0.09603542436107862
approaching,2,1.9792965580032857e-05,15.62465268685824,11,VB,VBG,approach,0,2,4.954196310386875,0.00010762831324382954,9.90839262077375,0.03225806451612903,4.954196310386875,0.1598127842060282
upright,2,1.9792965580032857e-05,15.62465268685824,7,JJ,JJ,upright,0,2,4.954196310386875,9.151579701305962e-05,9.90839262077375,0.03225806451612903,4.954196310386875,0.1598127842060282
support,2,1.9792965580032857e-05,15.62465268685824,7,VB,VB,support,0,2,4.954196310386875,5.403058025711072e-05,9.90839262077375,0.03225806451612903,4.954196310386875,0.1598127842060282
limbs,2,1.9792965580032857e-05,15.62465268685824,5,NN,NN,limb,0,2,4.954196310386875,5.686470657907649e-05,9.90839262077375,0.03225806451612903,4.954196310386875,0.1598127842060282
feared,2,1.9792965580032857e-05,15.62465268685824,6,VB,VBN,fear,0,2,4.954196310386875,6.117505193356516e-05,9.90839262077375,0.03225806451612903,4.954196310386875,0.1598127842060282
accord,2,1.9792965580032857e-05,15.62465268685824,6,NN,NN,accord,0,2,4.954196310386875,5.403058025711072e-05,9.90839262077375,0.03225806451612903,4.954196310386875,0.1598127842060282
resist,2,1.9792965580032857e-05,15.62465268685824,6,VB,VB,resist,0,1,5.954196310386875,7.936811930667656e-05,5.954196310386875,0.016129032258064516,5.954196310386875,0.09603542436107862
assured,2,1.9792965580032857e-05,15.62465268685824,7,VB,VBD,assur,0,2,4.954196310386875,8.719299544508755e-05,9.90839262077375,0.03225806451612903,4.954196310386875,0.1598127842060282
deepest,2,1.9792965580032857e-05,15.62465268685824,7,JJ,JJS,deepest,0,2,4.954196310386875,9.836983848589895e-05,9.90839262077375,0.03225806451612903,4.954196310386875,0.1598127842060282
fail,2,1.9792965580032857e-05,15.62465268685824,4,VB,VB,fail,0,2,4.954196310386875,6.117505193356516e-05,9.90839262077375,0.03225806451612903,4.954196310386875,0.1598127842060282
chestnut,2,1.9792965580032857e-05,15.62465268685824,8,NN,NN,chestnut,0,1,5.954196310386875,7.936811930667656e-05,5.954196310386875,0.016129032258064516,5.954196310386875,0.09603542436107862
alike,2,1.9792965580032857e-05,15.62465268685824,5,IN,IN,alik,0,2,4.954196310386875,0.0001677401360803839,9.90839262077375,0.03225806451612903,4.954196310386875,0.1598127842060282
tiresome,2,1.9792965580032857e-05,15.62465268685824,8,JJ,JJ,tiresom,0,2,4.954196310386875,0.0001293204823041458,9.90839262077375,0.03225806451612903,4.954196310386875,0.1598127842060282
simple,2,1.9792965580032857e-05,15.62465268685824,6,JJ,JJ,simpl,0,2,4.954196310386875,0.00012128687477011954,9.90839262077375,0.03225806451612903,4.954196310386875,0.1598127842060282
foolish,2,1.9792965580032857e-05,15.62465268685824,7,JJ,JJ,foolish,0,2,4.954196310386875,0.0001141424030936651,9.90839262077375,0.03225806451612903,4.954196310386875,0.1598127842060282
equal,2,1.9792965580032857e-05,15.62465268685824,5,JJ,JJ,equal,0,2,4.954196310386875,9.3735004095736e-05,9.90839262077375,0.03225806451612903,4.954196310386875,0.1598127842060282
lathe,2,1.9792965580032857e-05,15.62465268685824,5,NN,NN,lath,0,1,5.954196310386875,5.050508775234217e-05,5.954196310386875,0.016129032258064516,5.954196310386875,0.09603542436107862
cats,2,1.9792965580032857e-05,15.62465268685824,4,NN,NNS,cat,0,1,5.954196310386875,5.050508775234217e-05,5.954196310386875,0.016129032258064516,5.954196310386875,0.09603542436107862
hop,2,1.9792965580032857e-05,15.62465268685824,3,NN,NN,hop,0,1,5.954196310386875,5.050508775234217e-05,5.954196310386875,0.016129032258064516,5.954196310386875,0.09603542436107862
sugarloaf,2,1.9792965580032857e-05,15.62465268685824,9,JJ,JJ,sugarloaf,0,1,5.954196310386875,6.767824126925909e-05,5.954196310386875,0.016129032258064516,5.954196310386875,0.09603542436107862
succeed,2,1.9792965580032857e-05,15.62465268685824,7,VB,VB,succeed,0,2,4.954196310386875,9.923202067923265e-05,9.90839262077375,0.03225806451612903,4.954196310386875,0.1598127842060282
ascend,2,1.9792965580032857e-05,15.62465268685824,6,VB,VB,ascend,0,1,5.954196310386875,0.0001661512532198592,5.954196310386875,0.016129032258064516,5.954196310386875,0.09603542436107862
tarry,2,1.9792965580032857e-05,15.62465268685824,5,VB,VB,tarri,0,2,4.954196310386875,9.727905820276425e-05,9.90839262077375,0.03225806451612903,4.954196310386875,0.1598127842060282
doublet,2,1.9792965580032857e-05,15.62465268685824,7,NN,NN,doublet,0,1,5.954196310386875,5.731747201496785e-05,5.954196310386875,0.016129032258064516,5.954196310386875,0.09603542436107862
unwillingly,2,1.9792965580032857e-05,15.62465268685824,11,RB,RB,unwillingli,0,2,4.954196310386875,9.727905820276425e-05,9.90839262077375,0.03225806451612903,4.954196310386875,0.1598127842060282
patch,2,1.9792965580032857e-05,15.62465268685824,5,VB,VB,patch,0,1,5.954196310386875,5.731747201496785e-05,5.954196310386875,0.016129032258064516,5.954196310386875,0.09603542436107862
rap,2,1.9792965580032857e-05,15.62465268685824,3,VB,VB,rap,0,1,5.954196310386875,5.731747201496785e-05,5.954196310386875,0.016129032258064516,5.954196310386875,0.09603542436107862
blessed,2,1.9792965580032857e-05,15.62465268685824,7,VB,VBD,bless,0,2,4.954196310386875,9.296871284827557e-05,9.90839262077375,0.03225806451612903,4.954196310386875,0.1598127842060282
knowledge,2,1.9792965580032857e-05,15.62465268685824,9,NN,NN,knowledg,0,1,5.954196310386875,0.0001661512532198592,5.954196310386875,0.016129032258064516,5.954196310386875,0.09603542436107862
yardmeasure,2,1.9792965580032857e-05,15.62465268685824,11,NN,NN,yardmeasur,0,1,5.954196310386875,5.731747201496785e-05,5.954196310386875,0.016129032258064516,5.954196310386875,0.09603542436107862
wert,2,1.9792965580032857e-05,15.62465268685824,4,NN,NN,wert,0,1,5.954196310386875,0.0001661512532198592,5.954196310386875,0.016129032258064516,5.954196310386875,0.09603542436107862
mankind,2,1.9792965580032857e-05,15.62465268685824,7,NN,NN,mankind,0,2,4.954196310386875,0.0001416335142212381,9.90839262077375,0.03225806451612903,4.954196310386875,0.1598127842060282
wondrous,2,1.9792965580032857e-05,15.62465268685824,8,JJ,JJ,wondrou,0,2,4.954196310386875,0.00014373231951302862,9.90839262077375,0.03225806451612903,4.954196310386875,0.1598127842060282
nag,2,1.9792965580032857e-05,15.62465268685824,3,NN,NN,nag,0,1,5.954196310386875,0.0001661512532198592,5.954196310386875,0.016129032258064516,5.954196310386875,0.09603542436107862
dangling,2,1.9792965580032857e-05,15.62465268685824,8,NN,NN,dangl,0,1,5.954196310386875,0.0001661512532198592,5.954196310386875,0.016129032258064516,5.954196310386875,0.09603542436107862
resolved,2,1.9792965580032857e-05,15.62465268685824,8,VB,VBD,resolv,0,2,4.954196310386875,9.296871284827557e-05,9.90839262077375,0.03225806451612903,4.954196310386875,0.1598127842060282
wrongs,2,1.9792965580032857e-05,15.62465268685824,6,NN,NNS,wrong,0,2,4.954196310386875,5.200141793163825e-05,9.90839262077375,0.03225806451612903,4.954196310386875,0.1598127842060282
trapdoor,2,1.9792965580032857e-05,15.62465268685824,8,JJ,JJ,trapdoor,0,1,5.954196310386875,0.00011944704522522216,5.954196310386875,0.016129032258064516,5.954196310386875,0.09603542436107862
gown,2,1.9792965580032857e-05,15.62465268685824,4,NN,NN,gown,0,1,5.954196310386875,0.00011944704522522216,5.954196310386875,0.016129032258064516,5.954196310386875,0.09603542436107862
shouting,2,1.9792965580032857e-05,15.62465268685824,8,VB,VBG,shout,0,2,4.954196310386875,8.113985876290664e-05,9.90839262077375,0.03225806451612903,4.954196310386875,0.1598127842060282
cheap,2,1.9792965580032857e-05,15.62465268685824,5,NN,NNS,cheap,0,1,5.954196310386875,5.731747201496785e-05,5.954196310386875,0.016129032258064516,5.954196310386875,0.09603542436107862
tailors,2,1.9792965580032857e-05,15.62465268685824,7,NN,NNS,tailor,0,1,5.954196310386875,5.731747201496785e-05,5.954196310386875,0.016129032258064516,5.954196310386875,0.09603542436107862
inclination,2,1.9792965580032857e-05,15.62465268685824,11,NN,NN,inclin,0,1,5.954196310386875,5.731747201496785e-05,5.954196310386875,0.016129032258064516,5.954196310386875,0.09603542436107862
warrior,2,1.9792965580032857e-05,15.62465268685824,7,JJ,JJ,warrior,0,1,5.954196310386875,5.731747201496785e-05,5.954196310386875,0.016129032258064516,5.954196310386875,0.09603542436107862
nimble,2,1.9792965580032857e-05,15.62465268685824,6,JJ,JJ,nimbl,0,1,5.954196310386875,5.731747201496785e-05,5.954196310386875,0.016129032258064516,5.954196310386875,0.09603542436107862
strikes,2,1.9792965580032857e-05,15.62465268685824,7,NN,NNS,strike,0,2,4.954196310386875,5.200141793163825e-05,9.90839262077375,0.03225806451612903,4.954196310386875,0.1598127842060282
dismissal,2,1.9792965580032857e-05,15.62465268685824,9,NN,NN,dismiss,0,1,5.954196310386875,5.731747201496785e-05,5.954196310386875,0.016129032258064516,5.954196310386875,0.09603542436107862
inspected,2,1.9792965580032857e-05,15.62465268685824,9,VB,VBD,inspect,0,1,5.954196310386875,5.731747201496785e-05,5.954196310386875,0.016129032258064516,5.954196310386875,0.09603542436107862
jams,2,1.9792965580032857e-05,15.62465268685824,4,NN,NNS,jam,0,1,5.954196310386875,5.731747201496785e-05,5.954196310386875,0.016129032258064516,5.954196310386875,0.09603542436107862
approach,2,1.9792965580032857e-05,15.62465268685824,8,NN,NN,approach,0,2,4.954196310386875,7.353856620338457e-05,9.90839262077375,0.03225806451612903,4.954196310386875,0.1598127842060282
dreaming,2,1.9792965580032857e-05,15.62465268685824,8,VB,VBG,dream,0,2,4.954196310386875,5.529236513667165e-05,9.90839262077375,0.03225806451612903,4.954196310386875,0.1598127842060282
pelting,2,1.9792965580032857e-05,15.62465268685824,7,VB,VBG,pelt,0,1,5.954196310386875,5.731747201496785e-05,5.954196310386875,0.016129032258064516,5.954196310386875,0.09603542436107862
firmly,2,1.9792965580032857e-05,15.62465268685824,6,RB,RB,firmli,0,1,5.954196310386875,0.00017933786061826075,5.954196310386875,0.016129032258064516,5.954196310386875,0.09603542436107862
trip,2,1.9792965580032857e-05,15.62465268685824,4,NN,NN,trip,0,2,4.954196310386875,0.00026997929479443815,9.90839262077375,0.03225806451612903,4.954196310386875,0.1598127842060282
required,2,1.9792965580032857e-05,15.62465268685824,8,VB,VBD,requir,0,2,4.954196310386875,0.00012414813371775072,9.90839262077375,0.03225806451612903,4.954196310386875,0.1598127842060282
deny,2,1.9792965580032857e-05,15.62465268685824,4,VB,VB,deni,0,2,4.954196310386875,9.923202067923265e-05,9.90839262077375,0.03225806451612903,4.954196310386875,0.1598127842060282
rowing,2,1.9792965580032857e-05,15.62465268685824,6,VB,VBG,row,0,1,5.954196310386875,0.00011944704522522216,5.954196310386875,0.016129032258064516,5.954196310386875,0.09603542436107862
sickness,2,1.9792965580032857e-05,15.62465268685824,8,NN,NN,sick,0,1,5.954196310386875,6.767824126925909e-05,5.954196310386875,0.016129032258064516,5.954196310386875,0.09603542436107862
compared,2,1.9792965580032857e-05,15.62465268685824,8,VB,VBN,compar,0,1,5.954196310386875,0.0001661512532198592,5.954196310386875,0.016129032258064516,5.954196310386875,0.09603542436107862
deliverer,2,1.9792965580032857e-05,15.62465268685824,9,NN,NN,deliver,0,1,5.954196310386875,6.767824126925909e-05,5.954196310386875,0.016129032258064516,5.954196310386875,0.09603542436107862
seed,2,1.9792965580032857e-05,15.62465268685824,4,NN,NN,seed,0,1,5.954196310386875,0.0001661512532198592,5.954196310386875,0.016129032258064516,5.954196310386875,0.09603542436107862
wagged,2,1.9792965580032857e-05,15.62465268685824,6,VB,VBD,wag,0,2,4.954196310386875,0.00010822398623895926,9.90839262077375,0.03225806451612903,4.954196310386875,0.1598127842060282
mischance,2,1.9792965580032857e-05,15.62465268685824,9,NN,NN,mischanc,0,2,4.954196310386875,0.00020823745869063144,9.90839262077375,0.03225806451612903,4.954196310386875,0.1598127842060282
scorned,2,1.9792965580032857e-05,15.62465268685824,7,VB,VBD,scorn,0,2,4.954196310386875,7.769487240748635e-05,9.90839262077375,0.03225806451612903,4.954196310386875,0.1598127842060282
companions,2,1.9792965580032857e-05,15.62465268685824,10,NN,NNS,companion,0,2,4.954196310386875,0.00021704105549837956,9.90839262077375,0.03225806451612903,4.954196310386875,0.1598127842060282
lent,2,1.9792965580032857e-05,15.62465268685824,4,VB,VBD,lent,0,1,5.954196310386875,6.767824126925909e-05,5.954196310386875,0.016129032258064516,5.954196310386875,0.09603542436107862
seawater,2,1.9792965580032857e-05,15.62465268685824,8,NN,NN,seawat,0,1,5.954196310386875,6.767824126925909e-05,5.954196310386875,0.016129032258064516,5.954196310386875,0.09603542436107862
fortunately,2,1.9792965580032857e-05,15.62465268685824,11,RB,RB,fortun,0,1,5.954196310386875,0.00038109295381380406,5.954196310386875,0.016129032258064516,5.954196310386875,0.09603542436107862
gudgeons,2,1.9792965580032857e-05,15.62465268685824,8,NN,NNS,gudgeon,0,1,5.954196310386875,5.050508775234217e-05,5.954196310386875,0.016129032258064516,5.954196310386875,0.09603542436107862
rubbed,2,1.9792965580032857e-05,15.62465268685824,6,VB,VBD,rub,0,2,4.954196310386875,9.352174762814634e-05,9.90839262077375,0.03225806451612903,4.954196310386875,0.1598127842060282
ninepins,2,1.9792965580032857e-05,15.62465268685824,8,NN,NNS,ninepin,0,1,5.954196310386875,5.050508775234217e-05,5.954196310386875,0.016129032258064516,5.954196310386875,0.09603542436107862
skulls,2,1.9792965580032857e-05,15.62465268685824,6,NN,NNS,skull,0,1,5.954196310386875,5.050508775234217e-05,5.954196310386875,0.016129032258064516,5.954196310386875,0.09603542436107862
hideous,2,1.9792965580032857e-05,15.62465268685824,7,JJ,JJ,hideou,0,2,4.954196310386875,7.950803668916693e-05,9.90839262077375,0.03225806451612903,4.954196310386875,0.1598127842060282
joined,2,1.9792965580032857e-05,15.62465268685824,6,VB,VBD,join,0,2,4.954196310386875,7.950803668916693e-05,9.90839262077375,0.03225806451612903,4.954196310386875,0.1598127842060282
louder,2,1.9792965580032857e-05,15.62465268685824,6,RB,RBR,louder,0,1,5.954196310386875,5.050508775234217e-05,5.954196310386875,0.016129032258064516,5.954196310386875,0.09603542436107862
tumbling,2,1.9792965580032857e-05,15.62465268685824,8,VB,VBG,tumbl,0,2,4.954196310386875,7.950803668916693e-05,9.90839262077375,0.03225806451612903,4.954196310386875,0.1598127842060282
pillows,2,1.9792965580032857e-05,15.62465268685824,7,NN,NNS,pillow,0,2,4.954196310386875,9.352174762814634e-05,9.90839262077375,0.03225806451612903,4.954196310386875,0.1598127842060282
quilts,2,1.9792965580032857e-05,15.62465268685824,6,NN,NNS,quilt,0,2,4.954196310386875,9.352174762814634e-05,9.90839262077375,0.03225806451612903,4.954196310386875,0.1598127842060282
language,2,1.9792965580032857e-05,15.62465268685824,8,NN,NN,languag,0,2,4.954196310386875,0.00013391744071480737,9.90839262077375,0.03225806451612903,4.954196310386875,0.1598127842060282
rome,2,1.9792965580032857e-05,15.62465268685824,4,NN,NNP,rome,0,1,5.954196310386875,0.00020282032600016606,5.954196310386875,0.016129032258064516,5.954196310386875,0.09603542436107862
person,2,1.9792965580032857e-05,15.62465268685824,6,NN,NN,person,0,2,4.954196310386875,0.00013407147986519425,9.90839262077375,0.03225806451612903,4.954196310386875,0.1598127842060282
liking,2,1.9792965580032857e-05,15.62465268685824,6,NN,NN,like,0,2,4.954196310386875,0.00013310576967588578,9.90839262077375,0.03225806451612903,4.954196310386875,0.1598127842060282
illluck,2,1.9792965580032857e-05,15.62465268685824,7,JJ,JJ,illluck,0,2,4.954196310386875,5.960271049116031e-05,9.90839262077375,0.03225806451612903,4.954196310386875,0.1598127842060282
abode,2,1.9792965580032857e-05,15.62465268685824,5,NN,NN,abod,0,2,4.954196310386875,8.665250836562138e-05,9.90839262077375,0.03225806451612903,4.954196310386875,0.1598127842060282
narrower,2,1.9792965580032857e-05,15.62465268685824,8,JJ,JJR,narrow,0,1,5.954196310386875,6.767824126925909e-05,5.954196310386875,0.016129032258064516,5.954196310386875,0.09603542436107862
rings,2,1.9792965580032857e-05,15.62465268685824,5,NN,NNS,ring,0,2,4.954196310386875,0.00024067288191703714,9.90839262077375,0.03225806451612903,4.954196310386875,0.1598127842060282
spat,2,1.9792965580032857e-05,15.62465268685824,4,NN,NN,spat,0,1,5.954196310386875,0.00014060823478928057,5.954196310386875,0.016129032258064516,5.954196310386875,0.09603542436107862
candle,2,1.9792965580032857e-05,15.62465268685824,6,NN,NN,candl,0,2,4.954196310386875,8.994345557065477e-05,9.90839262077375,0.03225806451612903,4.954196310386875,0.1598127842060282
groped,2,1.9792965580032857e-05,15.62465268685824,6,VB,VBD,grope,0,2,4.954196310386875,8.994345557065477e-05,9.90839262077375,0.03225806451612903,4.954196310386875,0.1598127842060282
donkey,2,1.9792965580032857e-05,15.62465268685824,6,NN,NN,donkey,0,1,5.954196310386875,0.00014060823478928057,5.954196310386875,0.016129032258064516,5.954196310386875,0.09603542436107862
chosen,2,1.9792965580032857e-05,15.62465268685824,6,VB,VBN,chosen,0,2,4.954196310386875,0.00013407147986519425,9.90839262077375,0.03225806451612903,4.954196310386875,0.1598127842060282
marched,2,1.9792965580032857e-05,15.62465268685824,7,VB,VBD,march,0,1,5.954196310386875,0.00014060823478928057,5.954196310386875,0.016129032258064516,5.954196310386875,0.09603542436107862
added,2,1.9792965580032857e-05,15.62465268685824,5,VB,VBD,ad,0,2,4.954196310386875,0.00010803561748698078,9.90839262077375,0.03225806451612903,4.954196310386875,0.1598127842060282
gardens,2,1.9792965580032857e-05,15.62465268685824,7,NN,NNS,garden,0,1,5.954196310386875,6.767824126925909e-05,5.954196310386875,0.016129032258064516,5.954196310386875,0.09603542436107862
concert,2,1.9792965580032857e-05,15.62465268685824,7,NN,NN,concert,0,1,5.954196310386875,0.00014060823478928057,5.954196310386875,0.016129032258064516,5.954196310386875,0.09603542436107862
famous,2,1.9792965580032857e-05,15.62465268685824,6,JJ,JJ,famou,0,2,4.954196310386875,8.994345557065477e-05,9.90839262077375,0.03225806451612903,4.954196310386875,0.1598127842060282
useful,2,1.9792965580032857e-05,15.62465268685824,6,JJ,JJ,use,0,2,4.954196310386875,8.234216301113271e-05,9.90839262077375,0.03225806451612903,4.954196310386875,0.1598127842060282
putting,2,1.9792965580032857e-05,15.62465268685824,7,VB,VBG,put,0,2,4.954196310386875,8.234216301113271e-05,9.90839262077375,0.03225806451612903,4.954196310386875,0.1598127842060282
trust,2,1.9792965580032857e-05,15.62465268685824,5,VB,VB,trust,0,2,4.954196310386875,0.00012200607651537879,9.90839262077375,0.03225806451612903,4.954196310386875,0.1598127842060282
sole,2,1.9792965580032857e-05,15.62465268685824,4,JJ,JJ,sole,0,2,4.954196310386875,6.657241630797411e-05,9.90839262077375,0.03225806451612903,4.954196310386875,0.1598127842060282
pressed,2,1.9792965580032857e-05,15.62465268685824,7,VB,VBD,press,0,2,4.954196310386875,6.226207095348542e-05,9.90839262077375,0.03225806451612903,4.954196310386875,0.1598127842060282
tilt,2,1.9792965580032857e-05,15.62465268685824,4,NN,NN,tilt,0,1,5.954196310386875,0.00014248579282059146,5.954196310386875,0.016129032258064516,5.954196310386875,0.09603542436107862
whirlwind,2,1.9792965580032857e-05,15.62465268685824,9,NN,NN,whirlwind,0,2,4.954196310386875,7.379249722556694e-05,9.90839262077375,0.03225806451612903,4.954196310386875,0.1598127842060282
taller,2,1.9792965580032857e-05,15.62465268685824,6,JJ,JJR,taller,0,2,4.954196310386875,5.8614418015086255e-05,9.90839262077375,0.03225806451612903,4.954196310386875,0.1598127842060282
crown,2,1.9792965580032857e-05,15.62465268685824,5,NN,NN,crown,0,1,5.954196310386875,9.038628175160341e-05,5.954196310386875,0.016129032258064516,5.954196310386875,0.09603542436107862
trumpets,2,1.9792965580032857e-05,15.62465268685824,8,NN,NNS,trumpet,0,2,4.954196310386875,8.729603796328701e-05,9.90839262077375,0.03225806451612903,4.954196310386875,0.1598127842060282
foam,2,1.9792965580032857e-05,15.62465268685824,4,NN,NN,foam,0,1,5.954196310386875,9.038628175160341e-05,5.954196310386875,0.016129032258064516,5.954196310386875,0.09603542436107862
fruits,2,1.9792965580032857e-05,15.62465268685824,6,NN,NNS,fruit,0,2,4.954196310386875,7.379249722556694e-05,9.90839262077375,0.03225806451612903,4.954196310386875,0.1598127842060282
wave,2,1.9792965580032857e-05,15.62465268685824,4,NN,NN,wave,0,2,4.954196310386875,6.986235084339611e-05,9.90839262077375,0.03225806451612903,4.954196310386875,0.1598127842060282
streak,2,1.9792965580032857e-05,15.62465268685824,6,NN,NN,streak,0,2,4.954196310386875,8.455153454848551e-05,9.90839262077375,0.03225806451612903,4.954196310386875,0.1598127842060282
eye,2,1.9792965580032857e-05,15.62465268685824,3,NN,NN,eye,0,2,4.954196310386875,0.00013110243844027158,9.90839262077375,0.03225806451612903,4.954196310386875,0.1598127842060282
tapping,2,1.9792965580032857e-05,15.62465268685824,7,NN,NN,tap,0,2,4.954196310386875,0.0001737901178910924,9.90839262077375,0.03225806451612903,4.954196310386875,0.1598127842060282
chatting,2,1.9792965580032857e-05,15.62465268685824,8,VB,VBG,chat,0,2,4.954196310386875,0.00013870373099979363,9.90839262077375,0.03225806451612903,4.954196310386875,0.1598127842060282
betimes,2,1.9792965580032857e-05,15.62465268685824,7,NN,NNS,betim,0,2,4.954196310386875,0.00012826831211830582,9.90839262077375,0.03225806451612903,4.954196310386875,0.1598127842060282
ploughed,2,1.9792965580032857e-05,15.62465268685824,8,JJ,JJ,plough,0,1,5.954196310386875,7.558868505397766e-05,5.954196310386875,0.016129032258064516,5.954196310386875,0.09603542436107862
windowseat,2,1.9792965580032857e-05,15.62465268685824,10,NN,NN,windowseat,0,1,5.954196310386875,0.00014248579282059146,5.954196310386875,0.016129032258064516,5.954196310386875,0.09603542436107862
cruelty,2,1.9792965580032857e-05,15.62465268685824,7,NN,NN,cruelti,0,1,5.954196310386875,0.00014248579282059146,5.954196310386875,0.016129032258064516,5.954196310386875,0.09603542436107862
spilt,2,1.9792965580032857e-05,15.62465268685824,5,NN,NN,spilt,0,2,4.954196310386875,0.00037890330736088,9.90839262077375,0.03225806451612903,4.954196310386875,0.1598127842060282
aimed,2,1.9792965580032857e-05,15.62465268685824,5,VB,VBD,aim,0,2,4.954196310386875,9.072456779692038e-05,9.90839262077375,0.03225806451612903,4.954196310386875,0.1598127842060282
tallest,2,1.9792965580032857e-05,15.62465268685824,7,JJ,JJS,tallest,0,2,4.954196310386875,9.609963477103515e-05,9.90839262077375,0.03225806451612903,4.954196310386875,0.1598127842060282
raging,2,1.9792965580032857e-05,15.62465268685824,6,VB,VBG,rage,0,2,4.954196310386875,6.144854433705202e-05,9.90839262077375,0.03225806451612903,4.954196310386875,0.1598127842060282
ships,2,1.9792965580032857e-05,15.62465268685824,5,NN,NNS,ship,0,2,4.954196310386875,6.986235084339611e-05,9.90839262077375,0.03225806451612903,4.954196310386875,0.1598127842060282
sewn,2,1.9792965580032857e-05,15.62465268685824,4,VB,VBN,sewn,0,1,5.954196310386875,0.00011285008738082094,5.954196310386875,0.016129032258064516,5.954196310386875,0.09603542436107862
cheer,2,1.9792965580032857e-05,15.62465268685824,5,NN,NN,cheer,0,2,4.954196310386875,0.00019444622504406555,9.90839262077375,0.03225806451612903,4.954196310386875,0.1598127842060282
dwell,2,1.9792965580032857e-05,15.62465268685824,5,RB,RB,dwell,0,2,4.954196310386875,0.0002458055047039483,9.90839262077375,0.03225806451612903,4.954196310386875,0.1598127842060282
excellent,2,1.9792965580032857e-05,15.62465268685824,9,JJ,JJ,excel,0,1,5.954196310386875,0.0003880219166104187,5.954196310386875,0.016129032258064516,5.954196310386875,0.09603542436107862
hounds,2,1.9792965580032857e-05,15.62465268685824,6,NN,NNS,hound,0,1,5.954196310386875,0.00065777687918547,5.954196310386875,0.016129032258064516,5.954196310386875,0.09603542436107862
wretched,2,1.9792965580032857e-05,15.62465268685824,8,JJ,JJ,wretch,0,2,4.954196310386875,0.00036079095043599607,9.90839262077375,0.03225806451612903,4.954196310386875,0.1598127842060282
settle,2,1.9792965580032857e-05,15.62465268685824,6,VB,VB,settl,0,2,4.954196310386875,0.00013408744918595608,9.90839262077375,0.03225806451612903,4.954196310386875,0.1598127842060282
stitches,2,1.9792965580032857e-05,15.62465268685824,8,NN,NNS,stitch,0,2,4.954196310386875,7.079406278858309e-05,9.90839262077375,0.03225806451612903,4.954196310386875,0.1598127842060282
learned,2,1.9792965580032857e-05,15.62465268685824,7,VB,VBN,learn,0,2,4.954196310386875,0.00011607170305970908,9.90839262077375,0.03225806451612903,4.954196310386875,0.1598127842060282
crowns,2,1.9792965580032857e-05,15.62465268685824,6,NN,NNS,crown,0,1,5.954196310386875,9.038628175160341e-05,5.954196310386875,0.016129032258064516,5.954196310386875,0.09603542436107862
seam,2,1.9792965580032857e-05,15.62465268685824,4,NN,NN,seam,0,2,4.954196310386875,0.00020549295527582992,9.90839262077375,0.03225806451612903,4.954196310386875,0.1598127842060282
sew,2,1.9792965580032857e-05,15.62465268685824,3,VB,VB,sew,0,1,5.954196310386875,0.00011285008738082094,5.954196310386875,0.016129032258064516,5.954196310386875,0.09603542436107862
tailoring,2,1.9792965580032857e-05,15.62465268685824,9,NN,NN,tailor,0,1,5.954196310386875,0.00011285008738082094,5.954196310386875,0.016129032258064516,5.954196310386875,0.09603542436107862
wakened,2,1.9792965580032857e-05,15.62465268685824,7,VB,VBD,waken,0,2,4.954196310386875,5.8614418015086255e-05,9.90839262077375,0.03225806451612903,4.954196310386875,0.1598127842060282
woke,2,1.9792965580032857e-05,15.62465268685824,4,VB,VBD,woke,0,2,4.954196310386875,5.8614418015086255e-05,9.90839262077375,0.03225806451612903,4.954196310386875,0.1598127842060282
biggest,2,1.9792965580032857e-05,15.62465268685824,7,JJ,JJS,biggest,0,2,4.954196310386875,6.144854433705202e-05,9.90839262077375,0.03225806451612903,4.954196310386875,0.1598127842060282
highest,2,1.9792965580032857e-05,15.62465268685824,7,JJ,JJS,highest,0,2,4.954196310386875,6.144854433705202e-05,9.90839262077375,0.03225806451612903,4.954196310386875,0.1598127842060282
bung,2,1.9792965580032857e-05,15.62465268685824,4,NN,NN,bung,0,1,5.954196310386875,0.00014248579282059146,5.954196310386875,0.016129032258064516,5.954196310386875,0.09603542436107862
worst,2,1.9792965580032857e-05,15.62465268685824,5,JJ,JJS,worst,0,2,4.954196310386875,9.072456779692038e-05,9.90839262077375,0.03225806451612903,4.954196310386875,0.1598127842060282
shalt,2,1.9792965580032857e-05,15.62465268685824,5,NN,NN,shalt,0,2,4.954196310386875,0.00023055023131326465,9.90839262077375,0.03225806451612903,4.954196310386875,0.1598127842060282
deed,2,1.9792965580032857e-05,15.62465268685824,4,NN,NN,deed,0,2,4.954196310386875,8.312327523739831e-05,9.90839262077375,0.03225806451612903,4.954196310386875,0.1598127842060282
cavern,2,1.9792965580032857e-05,15.62465268685824,6,NN,NN,cavern,0,2,4.954196310386875,6.953243857731928e-05,9.90839262077375,0.03225806451612903,4.954196310386875,0.1598127842060282
chop,2,1.9792965580032857e-05,15.62465268685824,4,VB,VB,chop,0,1,5.954196310386875,0.00010981752356898642,5.954196310386875,0.016129032258064516,5.954196310386875,0.09603542436107862
compassionate,2,1.9792965580032857e-05,15.62465268685824,13,JJ,JJ,compassion,0,2,4.954196310386875,0.00020423133106456615,9.90839262077375,0.03225806451612903,4.954196310386875,0.1598127842060282
starve,2,1.9792965580032857e-05,15.62465268685824,6,VB,VB,starv,0,2,4.954196310386875,9.522589305316737e-05,9.90839262077375,0.03225806451612903,4.954196310386875,0.1598127842060282
troubled,2,1.9792965580032857e-05,15.62465268685824,8,JJ,JJ,troubl,0,2,4.954196310386875,0.00011222011802814008,9.90839262077375,0.03225806451612903,4.954196310386875,0.1598127842060282
receive,2,1.9792965580032857e-05,15.62465268685824,7,VB,VB,receiv,0,2,4.954196310386875,6.953243857731928e-05,9.90839262077375,0.03225806451612903,4.954196310386875,0.1598127842060282
cheek,2,1.9792965580032857e-05,15.62465268685824,5,NN,NN,cheek,0,2,4.954196310386875,0.00031617804802839536,9.90839262077375,0.03225806451612903,4.954196310386875,0.1598127842060282
towel,2,1.9792965580032857e-05,15.62465268685824,5,NN,NN,towel,0,1,5.954196310386875,0.00010221971725500652,5.954196310386875,0.016129032258064516,5.954196310386875,0.09603542436107862
sulkily,2,1.9792965580032857e-05,15.62465268685824,7,RB,RB,sulkili,0,2,4.954196310386875,0.00010180375922717057,9.90839262077375,0.03225806451612903,4.954196310386875,0.1598127842060282
blinded,2,1.9792965580032857e-05,15.62465268685824,7,VB,VBD,blind,0,2,4.954196310386875,6.84024425914993e-05,9.90839262077375,0.03225806451612903,4.954196310386875,0.1598127842060282
wipe,2,1.9792965580032857e-05,15.62465268685824,4,VB,VB,wipe,0,1,5.954196310386875,0.00010221971725500652,5.954196310386875,0.016129032258064516,5.954196310386875,0.09603542436107862
stirring,2,1.9792965580032857e-05,15.62465268685824,8,VB,VBG,stir,0,2,4.954196310386875,6.84024425914993e-05,9.90839262077375,0.03225806451612903,4.954196310386875,0.1598127842060282
jollily,2,1.9792965580032857e-05,15.62465268685824,7,NN,NN,jollili,0,2,4.954196310386875,0.00010102264700090497,9.90839262077375,0.03225806451612903,4.954196310386875,0.1598127842060282
laying,2,1.9792965580032857e-05,15.62465268685824,6,VB,VBG,lay,0,1,5.954196310386875,0.00010221971725500652,5.954196310386875,0.016129032258064516,5.954196310386875,0.09603542436107862
respectable,2,1.9792965580032857e-05,15.62465268685824,11,JJ,JJ,respect,0,2,4.954196310386875,0.00012966494296429485,9.90839262077375,0.03225806451612903,4.954196310386875,0.1598127842060282
observing,2,1.9792965580032857e-05,15.62465268685824,9,VB,VBG,observ,0,2,4.954196310386875,0.0002010704490541687,9.90839262077375,0.03225806451612903,4.954196310386875,0.1598127842060282
travellers,2,1.9792965580032857e-05,15.62465268685824,10,NN,NNS,travel,0,2,4.954196310386875,0.00010102264700090497,9.90839262077375,0.03225806451612903,4.954196310386875,0.1598127842060282
collected,2,1.9792965580032857e-05,15.62465268685824,9,VB,VBN,collect,0,2,4.954196310386875,9.60057890034889e-05,9.90839262077375,0.03225806451612903,4.954196310386875,0.1598127842060282
frightfully,2,1.9792965580032857e-05,15.62465268685824,11,RB,RB,fright,0,2,4.954196310386875,0.00013282582497469228,9.90839262077375,0.03225806451612903,4.954196310386875,0.1598127842060282
possession,2,1.9792965580032857e-05,15.62465268685824,10,NN,NN,possess,0,2,4.954196310386875,7.156332460189673e-05,9.90839262077375,0.03225806451612903,4.954196310386875,0.1598127842060282
bundle,2,1.9792965580032857e-05,15.62465268685824,6,NN,NN,bundl,0,2,4.954196310386875,7.713373113684135e-05,9.90839262077375,0.03225806451612903,4.954196310386875,0.1598127842060282
casks,2,1.9792965580032857e-05,15.62465268685824,5,NN,NNS,cask,0,1,5.954196310386875,0.00014248579282059146,5.954196310386875,0.016129032258064516,5.954196310386875,0.09603542436107862
rolls,2,1.9792965580032857e-05,15.62465268685824,5,NN,NNS,roll,0,2,4.954196310386875,0.00010959662566356792,9.90839262077375,0.03225806451612903,4.954196310386875,0.1598127842060282
scrambled,2,1.9792965580032857e-05,15.62465268685824,9,VB,VBD,scrambl,0,2,4.954196310386875,0.00011777436567138144,9.90839262077375,0.03225806451612903,4.954196310386875,0.1598127842060282
snapped,2,1.9792965580032857e-05,15.62465268685824,7,VB,VBD,snap,0,2,4.954196310386875,8.743362059188699e-05,9.90839262077375,0.03225806451612903,4.954196310386875,0.1598127842060282
merely,2,1.9792965580032857e-05,15.62465268685824,6,RB,RB,mere,0,2,4.954196310386875,8.121664533143642e-05,9.90839262077375,0.03225806451612903,4.954196310386875,0.1598127842060282
snailshell,2,1.9792965580032857e-05,15.62465268685824,10,NN,NN,snailshel,0,1,5.954196310386875,7.558868505397766e-05,5.954196310386875,0.016129032258064516,5.954196310386875,0.09603542436107862
command,2,1.9792965580032857e-05,15.62465268685824,7,NN,NN,command,0,2,4.954196310386875,0.00013006535223912896,9.90839262077375,0.03225806451612903,4.954196310386875,0.1598127842060282
dungeon,2,1.9792965580032857e-05,15.62465268685824,7,NN,NN,dungeon,0,2,4.954196310386875,8.98829156200576e-05,9.90839262077375,0.03225806451612903,4.954196310386875,0.1598127842060282
dismissed,2,1.9792965580032857e-05,15.62465268685824,9,VB,VBN,dismiss,0,2,4.954196310386875,9.522589305316737e-05,9.90839262077375,0.03225806451612903,4.954196310386875,0.1598127842060282
chains,2,1.9792965580032857e-05,15.62465268685824,6,NN,NNS,chain,0,2,4.954196310386875,6.669831225535351e-05,9.90839262077375,0.03225806451612903,4.954196310386875,0.1598127842060282
loaded,2,1.9792965580032857e-05,15.62465268685824,6,VB,VBD,load,0,2,4.954196310386875,0.00010496464123756802,9.90839262077375,0.03225806451612903,4.954196310386875,0.1598127842060282
ducat,2,1.9792965580032857e-05,15.62465268685824,5,NN,NN,ducat,0,1,5.954196310386875,0.00010981752356898642,5.954196310386875,0.016129032258064516,5.954196310386875,0.09603542436107862
valuable,2,1.9792965580032857e-05,15.62465268685824,8,JJ,JJ,valuabl,0,2,4.954196310386875,0.00011481007884844528,9.90839262077375,0.03225806451612903,4.954196310386875,0.1598127842060282
flight,2,1.9792965580032857e-05,15.62465268685824,6,NN,NN,flight,0,2,4.954196310386875,7.870607257924619e-05,9.90839262077375,0.03225806451612903,4.954196310386875,0.1598127842060282
compelled,2,1.9792965580032857e-05,15.62465268685824,9,VB,VBN,compel,0,2,4.954196310386875,8.98829156200576e-05,9.90839262077375,0.03225806451612903,4.954196310386875,0.1598127842060282
crafty,2,1.9792965580032857e-05,15.62465268685824,6,JJ,JJ,crafti,0,2,4.954196310386875,0.00013282582497469228,9.90839262077375,0.03225806451612903,4.954196310386875,0.1598127842060282
clapped,2,1.9792965580032857e-05,15.62465268685824,7,VB,VBD,clap,0,2,4.954196310386875,0.00021112008466837363,9.90839262077375,0.03225806451612903,4.954196310386875,0.1598127842060282
bounded,2,1.9792965580032857e-05,15.62465268685824,7,VB,VBD,bound,0,2,4.954196310386875,9.037875202797038e-05,9.90839262077375,0.03225806451612903,4.954196310386875,0.1598127842060282
thence,2,1.9792965580032857e-05,15.62465268685824,6,NN,NN,thenc,0,2,4.954196310386875,5.942794463151965e-05,9.90839262077375,0.03225806451612903,4.954196310386875,0.1598127842060282
overwhelmed,2,1.9792965580032857e-05,15.62465268685824,11,VB,VBN,overwhelm,0,2,4.954196310386875,5.40323039562157e-05,9.90839262077375,0.03225806451612903,4.954196310386875,0.1598127842060282
cheated,2,1.9792965580032857e-05,15.62465268685824,7,VB,VBN,cheat,0,2,4.954196310386875,6.041522443798236e-05,9.90839262077375,0.03225806451612903,4.954196310386875,0.1598127842060282
store,2,1.9792965580032857e-05,15.62465268685824,5,NN,NN,store,0,1,5.954196310386875,7.754172334362424e-05,5.954196310386875,0.016129032258064516,5.954196310386875,0.09603542436107862
richer,2,1.9792965580032857e-05,15.62465268685824,6,JJ,JJR,richer,0,2,4.954196310386875,0.00010138251935461968,9.90839262077375,0.03225806451612903,4.954196310386875,0.1598127842060282
forgetting,2,1.9792965580032857e-05,15.62465268685824,10,VB,VBG,forget,0,1,5.954196310386875,7.754172334362424e-05,5.954196310386875,0.016129032258064516,5.954196310386875,0.09603542436107862
raise,2,1.9792965580032857e-05,15.62465268685824,5,VB,VB,rais,0,2,4.954196310386875,5.6104879083493686e-05,9.90839262077375,0.03225806451612903,4.954196310386875,0.1598127842060282
comfort,2,1.9792965580032857e-05,15.62465268685824,7,NN,NN,comfort,0,2,4.954196310386875,0.0001456017429410382,9.90839262077375,0.03225806451612903,4.954196310386875,0.1598127842060282
roaming,2,1.9792965580032857e-05,15.62465268685824,7,VB,VBG,roam,0,2,4.954196310386875,0.00010009159415571184,9.90839262077375,0.03225806451612903,4.954196310386875,0.1598127842060282
voyage,2,1.9792965580032857e-05,15.62465268685824,6,NN,NN,voyag,0,2,4.954196310386875,6.041522443798236e-05,9.90839262077375,0.03225806451612903,4.954196310386875,0.1598127842060282
chatter,2,1.9792965580032857e-05,15.62465268685824,7,NN,NN,chatter,0,2,4.954196310386875,4.6887832279761257e-05,9.90839262077375,0.03225806451612903,4.954196310386875,0.1598127842060282
sings,2,1.9792965580032857e-05,15.62465268685824,5,NN,NNS,sing,0,2,4.954196310386875,0.00011301534499910002,9.90839262077375,0.03225806451612903,4.954196310386875,0.1598127842060282
sting,2,1.9792965580032857e-05,15.62465268685824,5,NN,NN,sting,0,1,5.954196310386875,0.00020945566927170912,5.954196310386875,0.016129032258064516,5.954196310386875,0.09603542436107862
magnificently,2,1.9792965580032857e-05,15.62465268685824,13,RB,RB,magnific,0,1,5.954196310386875,6.219910904214937e-05,5.954196310386875,0.016129032258064516,5.954196310386875,0.09603542436107862
mist,2,1.9792965580032857e-05,15.62465268685824,4,NN,NN,mist,0,1,5.954196310386875,6.219910904214937e-05,5.954196310386875,0.016129032258064516,5.954196310386875,0.09603542436107862
waved,2,1.9792965580032857e-05,15.62465268685824,5,VB,VBD,wave,0,2,4.954196310386875,4.972195860172703e-05,9.90839262077375,0.03225806451612903,4.954196310386875,0.1598127842060282
pudding,2,1.9792965580032857e-05,15.62465268685824,7,NN,NN,pud,0,1,5.954196310386875,6.219910904214937e-05,5.954196310386875,0.016129032258064516,5.954196310386875,0.09603542436107862
puddings,2,1.9792965580032857e-05,15.62465268685824,8,NN,NNS,pud,0,1,5.954196310386875,6.219910904214937e-05,5.954196310386875,0.016129032258064516,5.954196310386875,0.09603542436107862
silence,2,1.9792965580032857e-05,15.62465268685824,7,NN,NN,silenc,0,2,4.954196310386875,8.005024746773808e-05,9.90839262077375,0.03225806451612903,4.954196310386875,0.1598127842060282
anxious,2,1.9792965580032857e-05,15.62465268685824,7,JJ,JJ,anxiou,0,2,4.954196310386875,8.643316794950474e-05,9.90839262077375,0.03225806451612903,4.954196310386875,0.1598127842060282
gates,2,1.9792965580032857e-05,15.62465268685824,5,NN,NNS,gate,0,2,4.954196310386875,0.00022762949463602918,9.90839262077375,0.03225806451612903,4.954196310386875,0.1598127842060282
wits,2,1.9792965580032857e-05,15.62465268685824,4,NN,NNS,wit,0,2,4.954196310386875,6.370617164301576e-05,9.90839262077375,0.03225806451612903,4.954196310386875,0.1598127842060282
krr,2,1.9792965580032857e-05,15.62465268685824,3,NN,NN,krr,0,1,5.954196310386875,9.234175419334485e-05,5.954196310386875,0.016129032258064516,5.954196310386875,0.09603542436107862
lambs,2,1.9792965580032857e-05,15.62465268685824,5,NN,NN,lamb,0,1,5.954196310386875,9.234175419334485e-05,5.954196310386875,0.016129032258064516,5.954196310386875,0.09603542436107862
retire,2,1.9792965580032857e-05,15.62465268685824,6,VB,VB,retir,0,2,4.954196310386875,0.00015175893481102996,9.90839262077375,0.03225806451612903,4.954196310386875,0.1598127842060282
priest,2,1.9792965580032857e-05,15.62465268685824,6,NN,NN,priest,0,1,5.954196310386875,9.234175419334485e-05,5.954196310386875,0.016129032258064516,5.954196310386875,0.09603542436107862
treachery,2,1.9792965580032857e-05,15.62465268685824,9,NN,NN,treacheri,0,2,4.954196310386875,7.460602384200037e-05,9.90839262077375,0.03225806451612903,4.954196310386875,0.1598127842060282
keys,2,1.9792965580032857e-05,15.62465268685824,4,NN,NN,key,0,1,5.954196310386875,9.234175419334485e-05,5.954196310386875,0.016129032258064516,5.954196310386875,0.09603542436107862
growler,2,1.9792965580032857e-05,15.62465268685824,7,NN,NNP,growler,0,1,5.954196310386875,0.00020945566927170912,5.954196310386875,0.016129032258064516,5.954196310386875,0.09603542436107862
croak,2,1.9792965580032857e-05,15.62465268685824,5,NN,NN,croak,0,2,4.954196310386875,0.00012279498461529513,9.90839262077375,0.03225806451612903,4.954196310386875,0.1598127842060282
foretell,2,1.9792965580032857e-05,15.62465268685824,8,VB,VB,foretel,0,1,5.954196310386875,9.234175419334485e-05,5.954196310386875,0.016129032258064516,5.954196310386875,0.09603542436107862
seize,2,1.9792965580032857e-05,15.62465268685824,5,VB,VB,seiz,0,2,4.954196310386875,5.327075276152791e-05,9.90839262077375,0.03225806451612903,4.954196310386875,0.1598127842060282
porch,2,1.9792965580032857e-05,15.62465268685824,5,NN,NN,porch,0,1,5.954196310386875,9.234175419334485e-05,5.954196310386875,0.016129032258064516,5.954196310386875,0.09603542436107862
fourfooted,2,1.9792965580032857e-05,15.62465268685824,10,JJ,JJ,fourfoot,0,1,5.954196310386875,0.00020945566927170912,5.954196310386875,0.016129032258064516,5.954196310386875,0.09603542436107862
tiled,2,1.9792965580032857e-05,15.62465268685824,5,JJ,JJ,tile,0,1,5.954196310386875,9.234175419334485e-05,5.954196310386875,0.016129032258064516,5.954196310386875,0.09603542436107862
shift,2,1.9792965580032857e-05,15.62465268685824,5,NN,NN,shift,0,2,4.954196310386875,8.795552542933351e-05,9.90839262077375,0.03225806451612903,4.954196310386875,0.1598127842060282
salted,2,1.9792965580032857e-05,15.62465268685824,6,VB,VBD,salt,0,2,4.954196310386875,0.00015175893481102996,9.90839262077375,0.03225806451612903,4.954196310386875,0.1598127842060282
carpenter,2,1.9792965580032857e-05,15.62465268685824,9,NN,NN,carpent,0,1,5.954196310386875,9.234175419334485e-05,5.954196310386875,0.016129032258064516,5.954196310386875,0.09603542436107862
gossip,2,1.9792965580032857e-05,15.62465268685824,6,NN,NN,gossip,0,1,5.954196310386875,9.234175419334485e-05,5.954196310386875,0.016129032258064516,5.954196310386875,0.09603542436107862
drawer,2,1.9792965580032857e-05,15.62465268685824,6,NN,NN,drawer,0,1,5.954196310386875,6.219910904214937e-05,5.954196310386875,0.016129032258064516,5.954196310386875,0.09603542436107862
crash,2,1.9792965580032857e-05,15.62465268685824,5,NN,NN,crash,0,1,5.954196310386875,6.219910904214937e-05,5.954196310386875,0.016129032258064516,5.954196310386875,0.09603542436107862
dived,2,1.9792965580032857e-05,15.62465268685824,5,VB,VBD,dive,0,2,4.954196310386875,0.00015966420886645168,9.90839262077375,0.03225806451612903,4.954196310386875,0.1598127842060282
urged,2,1.9792965580032857e-05,15.62465268685824,5,VB,VBD,urg,0,2,4.954196310386875,5.889559260365393e-05,9.90839262077375,0.03225806451612903,4.954196310386875,0.1598127842060282
cindercake,2,1.9792965580032857e-05,15.62465268685824,10,JJ,JJ,cindercak,0,1,5.954196310386875,0.00012095141607188743,5.954196310386875,0.016129032258064516,5.954196310386875,0.09603542436107862
hew,2,1.9792965580032857e-05,15.62465268685824,3,VB,VB,hew,0,1,5.954196310386875,0.00012095141607188743,5.954196310386875,0.016129032258064516,5.954196310386875,0.09603542436107862
sneered,2,1.9792965580032857e-05,15.62465268685824,7,VB,VBD,sneer,0,2,4.954196310386875,0.00016366128686086373,9.90839262077375,0.03225806451612903,4.954196310386875,0.1598127842060282
mocked,2,1.9792965580032857e-05,15.62465268685824,6,VB,VBN,mock,0,2,4.954196310386875,8.25782295096633e-05,9.90839262077375,0.03225806451612903,4.954196310386875,0.1598127842060282
punished,2,1.9792965580032857e-05,15.62465268685824,8,VB,VBN,punish,0,2,4.954196310386875,0.00011858575153404464,9.90839262077375,0.03225806451612903,4.954196310386875,0.1598127842060282
bestow,2,1.9792965580032857e-05,15.62465268685824,6,VB,VB,bestow,0,2,4.954196310386875,7.564284217940997e-05,9.90839262077375,0.03225806451612903,4.954196310386875,0.1598127842060282
beware,2,1.9792965580032857e-05,15.62465268685824,6,NN,NN,bewar,0,2,4.954196310386875,5.960271049116031e-05,9.90839262077375,0.03225806451612903,4.954196310386875,0.1598127842060282
joyful,2,1.9792965580032857e-05,15.62465268685824,6,JJ,JJ,joy,0,2,4.954196310386875,7.564284217940997e-05,9.90839262077375,0.03225806451612903,4.954196310386875,0.1598127842060282
view,2,1.9792965580032857e-05,15.62465268685824,4,NN,NN,view,0,2,4.954196310386875,8.56206540026827e-05,9.90839262077375,0.03225806451612903,4.954196310386875,0.1598127842060282
judged,2,1.9792965580032857e-05,15.62465268685824,6,VB,VBN,judg,0,2,4.954196310386875,6.697657189078877e-05,9.90839262077375,0.03225806451612903,4.954196310386875,0.1598127842060282
temptation,2,1.9792965580032857e-05,15.62465268685824,10,NN,NN,temptat,0,2,4.954196310386875,6.446599913859854e-05,9.90839262077375,0.03225806451612903,4.954196310386875,0.1598127842060282
tidings,2,1.9792965580032857e-05,15.62465268685824,7,NN,NNS,tide,0,2,4.954196310386875,7.564284217940997e-05,9.90839262077375,0.03225806451612903,4.954196310386875,0.1598127842060282
feasting,2,1.9792965580032857e-05,15.62465268685824,8,NN,NN,feast,0,2,4.954196310386875,6.986336351300749e-05,9.90839262077375,0.03225806451612903,4.954196310386875,0.1598127842060282
rustling,2,1.9792965580032857e-05,15.62465268685824,8,NN,NN,rustl,0,2,4.954196310386875,8.098581961251974e-05,9.90839262077375,0.03225806451612903,4.954196310386875,0.1598127842060282
abide,2,1.9792965580032857e-05,15.62465268685824,5,VB,VB,abid,0,2,4.954196310386875,9.468909738245906e-05,9.90839262077375,0.03225806451612903,4.954196310386875,0.1598127842060282
gazing,2,1.9792965580032857e-05,15.62465268685824,6,VB,VBG,gaze,0,2,4.954196310386875,9.240963805254782e-05,9.90839262077375,0.03225806451612903,4.954196310386875,0.1598127842060282
mistaken,2,1.9792965580032857e-05,15.62465268685824,8,VB,VBN,mistaken,0,2,4.954196310386875,0.00014114235869272344,9.90839262077375,0.03225806451612903,4.954196310386875,0.1598127842060282
curious,2,1.9792965580032857e-05,15.62465268685824,7,JJ,JJ,curiou,0,2,4.954196310386875,8.873542137965503e-05,9.90839262077375,0.03225806451612903,4.954196310386875,0.1598127842060282
intent,2,1.9792965580032857e-05,15.62465268685824,6,NN,NN,intent,0,2,4.954196310386875,7.133029668135343e-05,9.90839262077375,0.03225806451612903,4.954196310386875,0.1598127842060282
hi,2,1.9792965580032857e-05,15.62465268685824,2,NN,NNP,hi,0,2,4.954196310386875,7.41644230033192e-05,9.90839262077375,0.03225806451612903,4.954196310386875,0.1598127842060282
washingbowl,2,1.9792965580032857e-05,15.62465268685824,11,JJ,JJ,washingbowl,0,1,5.954196310386875,0.00017429296617255647,5.954196310386875,0.016129032258064516,5.954196310386875,0.09603542436107862
eagerly,2,1.9792965580032857e-05,15.62465268685824,7,RB,RB,eagerli,0,2,4.954196310386875,5.40323039562157e-05,9.90839262077375,0.03225806451612903,4.954196310386875,0.1598127842060282
firm,2,1.9792965580032857e-05,15.62465268685824,4,JJ,JJ,firm,0,2,4.954196310386875,0.00010048556526648007,9.90839262077375,0.03225806451612903,4.954196310386875,0.1598127842060282
heavily,2,1.9792965580032857e-05,15.62465268685824,7,RB,RB,heavili,0,2,4.954196310386875,5.889559260365393e-05,9.90839262077375,0.03225806451612903,4.954196310386875,0.1598127842060282
nails,2,1.9792965580032857e-05,15.62465268685824,5,NN,NNS,nail,0,2,4.954196310386875,5.654115300930094e-05,9.90839262077375,0.03225806451612903,4.954196310386875,0.1598127842060282
goosegirl,2,1.9792965580032857e-05,15.62465268685824,9,JJ,JJ,goosegirl,0,1,5.954196310386875,8.540277844471198e-05,5.954196310386875,0.016129032258064516,5.954196310386875,0.09603542436107862
hangs,2,1.9792965580032857e-05,15.62465268685824,5,NN,NNS,hang,0,2,4.954196310386875,7.171923221978165e-05,9.90839262077375,0.03225806451612903,4.954196310386875,0.1598127842060282
cries,2,1.9792965580032857e-05,15.62465268685824,5,NN,NNS,cri,0,2,4.954196310386875,8.970356819727777e-05,9.90839262077375,0.03225806451612903,4.954196310386875,0.1598127842060282
sulky,2,1.9792965580032857e-05,15.62465268685824,5,JJ,JJ,sulki,0,2,4.954196310386875,6.697657189078877e-05,9.90839262077375,0.03225806451612903,4.954196310386875,0.1598127842060282
excuses,2,1.9792965580032857e-05,15.62465268685824,7,NN,NNS,excus,0,2,4.954196310386875,9.985787747916727e-05,9.90839262077375,0.03225806451612903,4.954196310386875,0.1598127842060282
combing,2,1.9792965580032857e-05,15.62465268685824,7,NN,NN,comb,0,1,5.954196310386875,8.540277844471198e-05,5.954196310386875,0.016129032258064516,5.954196310386875,0.09603542436107862
haughtily,2,1.9792965580032857e-05,15.62465268685824,9,RB,RB,haughtili,0,2,4.954196310386875,6.368562468575538e-05,9.90839262077375,0.03225806451612903,4.954196310386875,0.1598127842060282
behaviour,2,1.9792965580032857e-05,15.62465268685824,9,NN,NN,behaviour,0,2,4.954196310386875,6.368562468575538e-05,9.90839262077375,0.03225806451612903,4.954196310386875,0.1598127842060282
meek,2,1.9792965580032857e-05,15.62465268685824,4,JJ,JJ,meek,0,1,5.954196310386875,8.540277844471198e-05,5.954196310386875,0.016129032258064516,5.954196310386875,0.09603542436107862
bosom,2,1.9792965580032857e-05,15.62465268685824,5,NN,NN,bosom,0,1,5.954196310386875,8.540277844471198e-05,5.954196310386875,0.016129032258064516,5.954196310386875,0.09603542436107862
sail,2,1.9792965580032857e-05,15.62465268685824,4,VB,VB,sail,0,1,5.954196310386875,0.00012095141607188743,5.954196310386875,0.016129032258064516,5.954196310386875,0.09603542436107862
barrels,2,1.9792965580032857e-05,15.62465268685824,7,NN,NNS,barrel,0,1,5.954196310386875,0.00012095141607188743,5.954196310386875,0.016129032258064516,5.954196310386875,0.09603542436107862
gnat,2,1.9792965580032857e-05,15.62465268685824,4,NN,NN,gnat,0,1,5.954196310386875,0.00020945566927170912,5.954196310386875,0.016129032258064516,5.954196310386875,0.09603542436107862
forthwith,2,1.9792965580032857e-05,15.62465268685824,9,NN,NN,forthwith,0,2,4.954196310386875,0.00010309698272594828,9.90839262077375,0.03225806451612903,4.954196310386875,0.1598127842060282
occasion,2,1.9792965580032857e-05,15.62465268685824,8,NN,NN,occas,0,2,4.954196310386875,7.505770779926889e-05,9.90839262077375,0.03225806451612903,4.954196310386875,0.1598127842060282
shower,2,1.9792965580032857e-05,15.62465268685824,6,NN,NN,shower,0,1,5.954196310386875,7.196360012070336e-05,5.954196310386875,0.016129032258064516,5.954196310386875,0.09603542436107862
pride,2,1.9792965580032857e-05,15.62465268685824,5,NN,NN,pride,0,1,5.954196310386875,0.0001296899721283979,5.954196310386875,0.016129032258064516,5.954196310386875,0.09603542436107862
folly,2,1.9792965580032857e-05,15.62465268685824,5,RB,RB,folli,0,1,5.954196310386875,0.0001296899721283979,5.954196310386875,0.016129032258064516,5.954196310386875,0.09603542436107862
jeered,2,1.9792965580032857e-05,15.62465268685824,6,VB,VBD,jeer,0,2,4.954196310386875,0.00012355922100310324,9.90839262077375,0.03225806451612903,4.954196310386875,0.1598127842060282
humming,2,1.9792965580032857e-05,15.62465268685824,7,NN,NN,hum,0,2,4.954196310386875,0.00013977817967080557,9.90839262077375,0.03225806451612903,4.954196310386875,0.1598127842060282
nodded,2,1.9792965580032857e-05,15.62465268685824,6,VB,VBD,nod,0,2,4.954196310386875,7.978137386767509e-05,9.90839262077375,0.03225806451612903,4.954196310386875,0.1598127842060282
robes,2,1.9792965580032857e-05,15.62465268685824,5,NN,NNS,robe,0,2,4.954196310386875,0.00010364737974804011,9.90839262077375,0.03225806451612903,4.954196310386875,0.1598127842060282
party,2,1.9792965580032857e-05,15.62465268685824,5,NN,NN,parti,0,2,4.954196310386875,0.00011245097655578824,9.90839262077375,0.03225806451612903,4.954196310386875,0.1598127842060282
journeying,2,1.9792965580032857e-05,15.62465268685824,10,VB,VBG,journey,0,2,4.954196310386875,0.00010309698272594828,9.90839262077375,0.03225806451612903,4.954196310386875,0.1598127842060282
summertime,2,1.9792965580032857e-05,15.62465268685824,10,JJ,JJ,summertim,0,2,4.954196310386875,0.00012111272885219527,9.90839262077375,0.03225806451612903,4.954196310386875,0.1598127842060282
dreary,2,1.9792965580032857e-05,15.62465268685824,6,JJ,JJ,dreari,0,2,4.954196310386875,6.62331489611664e-05,9.90839262077375,0.03225806451612903,4.954196310386875,0.1598127842060282
fierce,2,1.9792965580032857e-05,15.62465268685824,6,JJ,JJ,fierc,0,2,4.954196310386875,7.016329534333723e-05,9.90839262077375,0.03225806451612903,4.954196310386875,0.1598127842060282
roared,2,1.9792965580032857e-05,15.62465268685824,6,VB,VBD,roar,0,2,4.954196310386875,6.746349271403212e-05,9.90839262077375,0.03225806451612903,4.954196310386875,0.1598127842060282
meets,2,1.9792965580032857e-05,15.62465268685824,5,NN,NNS,meet,0,2,4.954196310386875,6.62331489611664e-05,9.90839262077375,0.03225806451612903,4.954196310386875,0.1598127842060282
narrow,2,1.9792965580032857e-05,15.62465268685824,6,JJ,JJ,narrow,0,2,4.954196310386875,9.432229929211606e-05,9.90839262077375,0.03225806451612903,4.954196310386875,0.1598127842060282
dale,2,1.9792965580032857e-05,15.62465268685824,4,NN,NN,dale,0,2,4.954196310386875,0.00010381886487079038,9.90839262077375,0.03225806451612903,4.954196310386875,0.1598127842060282
soothe,2,1.9792965580032857e-05,15.62465268685824,6,VB,VB,sooth,0,2,4.954196310386875,6.62331489611664e-05,9.90839262077375,0.03225806451612903,4.954196310386875,0.1598127842060282
months,2,1.9792965580032857e-05,15.62465268685824,6,NN,NNS,month,0,2,4.954196310386875,5.9478773912401234e-05,9.90839262077375,0.03225806451612903,4.954196310386875,0.1598127842060282
tis,2,1.9792965580032857e-05,15.62465268685824,3,NN,NNP,ti,0,2,4.954196310386875,0.00011256123707653567,9.90839262077375,0.03225806451612903,4.954196310386875,0.1598127842060282
ray,2,1.9792965580032857e-05,15.62465268685824,3,NN,NN,ray,0,1,5.954196310386875,8.166277581724373e-05,5.954196310386875,0.016129032258064516,5.954196310386875,0.09603542436107862
chambers,2,1.9792965580032857e-05,15.62465268685824,8,NN,NNS,chamber,0,2,4.954196310386875,8.489859977977668e-05,9.90839262077375,0.03225806451612903,4.954196310386875,0.1598127842060282
unluckily,2,1.9792965580032857e-05,15.62465268685824,9,RB,RB,unluckili,0,2,4.954196310386875,6.678957294366602e-05,9.90839262077375,0.03225806451612903,4.954196310386875,0.1598127842060282
flow,2,1.9792965580032857e-05,15.62465268685824,4,VB,VB,flow,0,2,4.954196310386875,0.00011260349881117464,9.90839262077375,0.03225806451612903,4.954196310386875,0.1598127842060282
worthy,2,1.9792965580032857e-05,15.62465268685824,6,JJ,JJ,worthi,0,2,4.954196310386875,0.00011798080154963349,9.90839262077375,0.03225806451612903,4.954196310386875,0.1598127842060282
weighed,2,1.9792965580032857e-05,15.62465268685824,7,VB,VBD,weigh,0,2,4.954196310386875,8.314134236367187e-05,9.90839262077375,0.03225806451612903,4.954196310386875,0.1598127842060282
re,2,1.9792965580032857e-05,15.62465268685824,2,NN,NNS,re,1,2,4.954196310386875,0.00024611935187322266,9.90839262077375,0.03225806451612903,4.954196310386875,0.1598127842060282
jingling,2,1.9792965580032857e-05,15.62465268685824,8,NN,NN,jingl,0,1,5.954196310386875,0.00014355070905990827,5.954196310386875,0.016129032258064516,5.954196310386875,0.09603542436107862
plague,2,1.9792965580032857e-05,15.62465268685824,6,NN,NN,plagu,0,2,4.954196310386875,9.288009054807253e-05,9.90839262077375,0.03225806451612903,4.954196310386875,0.1598127842060282
lot,2,1.9792965580032857e-05,15.62465268685824,3,NN,NN,lot,0,2,4.954196310386875,0.00021249877860905197,9.90839262077375,0.03225806451612903,4.954196310386875,0.1598127842060282
vowed,2,1.9792965580032857e-05,15.62465268685824,5,VB,VBD,vow,0,2,4.954196310386875,8.621369262814922e-05,9.90839262077375,0.03225806451612903,4.954196310386875,0.1598127842060282
earls,2,1.9792965580032857e-05,15.62465268685824,5,NN,NNS,earl,0,2,4.954196310386875,9.155735788170756e-05,9.90839262077375,0.03225806451612903,4.954196310386875,0.1598127842060282
counts,2,1.9792965580032857e-05,15.62465268685824,6,NN,NNS,count,0,2,4.954196310386875,8.697352012373203e-05,9.90839262077375,0.03225806451612903,4.954196310386875,0.1598127842060282
shared,2,1.9792965580032857e-05,15.62465268685824,6,VB,VBD,share,0,2,4.954196310386875,6.966813716116435e-05,9.90839262077375,0.03225806451612903,4.954196310386875,0.1598127842060282
pigeon,2,1.9792965580032857e-05,15.62465268685824,6,NN,NN,pigeon,0,1,5.954196310386875,6.524145676703711e-05,5.954196310386875,0.016129032258064516,5.954196310386875,0.09603542436107862
morsel,2,1.9792965580032857e-05,15.62465268685824,6,NN,NN,morsel,0,2,4.954196310386875,0.00011856819480388607,9.90839262077375,0.03225806451612903,4.954196310386875,0.1598127842060282
jack,2,1.9792965580032857e-05,15.62465268685824,4,NN,NN,jack,0,1,5.954196310386875,0.0001265288858512235,5.954196310386875,0.016129032258064516,5.954196310386875,0.09603542436107862
pitcher,2,1.9792965580032857e-05,15.62465268685824,7,NN,NN,pitcher,0,2,4.954196310386875,0.00013867965685472621,9.90839262077375,0.03225806451612903,4.954196310386875,0.1598127842060282
briskly,2,1.9792965580032857e-05,15.62465268685824,7,NN,NN,briskli,0,2,4.954196310386875,9.591026055452927e-05,9.90839262077375,0.03225806451612903,4.954196310386875,0.1598127842060282
blowing,2,1.9792965580032857e-05,15.62465268685824,7,VB,VBG,blow,0,2,4.954196310386875,4.8153526849426314e-05,9.90839262077375,0.03225806451612903,4.954196310386875,0.1598127842060282
withered,2,1.9792965580032857e-05,15.62465268685824,8,JJ,JJ,wither,0,2,4.954196310386875,5.995788366023582e-05,9.90839262077375,0.03225806451612903,4.954196310386875,0.1598127842060282
stoop,2,1.9792965580032857e-05,15.62465268685824,5,VB,VB,stoop,0,2,4.954196310386875,9.525051442013145e-05,9.90839262077375,0.03225806451612903,4.954196310386875,0.1598127842060282
brushwood,2,1.9792965580032857e-05,15.62465268685824,9,NN,NN,brushwood,0,1,5.954196310386875,6.524145676703711e-05,5.954196310386875,0.016129032258064516,5.954196310386875,0.09603542436107862
dearth,2,1.9792965580032857e-05,15.62465268685824,6,NN,NN,dearth,0,1,5.954196310386875,6.524145676703711e-05,5.954196310386875,0.016129032258064516,5.954196310386875,0.09603542436107862
lamentations,2,1.9792965580032857e-05,15.62465268685824,12,NN,NNS,lament,0,2,4.954196310386875,0.00011389459653202539,9.90839262077375,0.03225806451612903,4.954196310386875,0.1598127842060282
pile,2,1.9792965580032857e-05,15.62465268685824,4,NN,NN,pile,0,2,4.954196310386875,5.940145967773619e-05,9.90839262077375,0.03225806451612903,4.954196310386875,0.1598127842060282
lamenting,2,1.9792965580032857e-05,15.62465268685824,9,VB,VBG,lament,0,2,4.954196310386875,0.00010925976214186242,9.90839262077375,0.03225806451612903,4.954196310386875,0.1598127842060282
belong,2,1.9792965580032857e-05,15.62465268685824,6,NN,NN,belong,0,1,5.954196310386875,0.0001296899721283979,5.954196310386875,0.016129032258064516,5.954196310386875,0.09603542436107862
staying,2,1.9792965580032857e-05,15.62465268685824,7,VB,VBG,stay,0,2,4.954196310386875,8.56387436053752e-05,9.90839262077375,0.03225806451612903,4.954196310386875,0.1598127842060282
prophecy,2,1.9792965580032857e-05,15.62465268685824,8,NN,NN,propheci,0,2,4.954196310386875,9.105579164976842e-05,9.90839262077375,0.03225806451612903,4.954196310386875,0.1598127842060282
forsake,2,1.9792965580032857e-05,15.62465268685824,7,VB,VB,forsak,0,2,4.954196310386875,5.529799852588076e-05,9.90839262077375,0.03225806451612903,4.954196310386875,0.1598127842060282
prettily,2,1.9792965580032857e-05,15.62465268685824,8,RB,RB,prettili,0,2,4.954196310386875,0.00021118368576067943,9.90839262077375,0.03225806451612903,4.954196310386875,0.1598127842060282
needed,2,1.9792965580032857e-05,15.62465268685824,6,VB,VBN,need,0,2,4.954196310386875,0.00010540767366618404,9.90839262077375,0.03225806451612903,4.954196310386875,0.1598127842060282
procure,2,1.9792965580032857e-05,15.62465268685824,7,VB,VB,procur,0,2,4.954196310386875,7.133813021413041e-05,9.90839262077375,0.03225806451612903,4.954196310386875,0.1598127842060282
pots,2,1.9792965580032857e-05,15.62465268685824,4,NN,NNS,pot,0,2,4.954196310386875,7.779988612180512e-05,9.90839262077375,0.03225806451612903,4.954196310386875,0.1598127842060282
eats,2,1.9792965580032857e-05,15.62465268685824,4,VB,VBZ,eat,0,2,4.954196310386875,7.201888626415964e-05,9.90839262077375,0.03225806451612903,4.954196310386875,0.1598127842060282
shinest,2,1.9792965580032857e-05,15.62465268685824,7,JJ,JJS,shinest,0,1,5.954196310386875,8.166277581724373e-05,5.954196310386875,0.016129032258064516,5.954196310386875,0.09603542436107862
hearty,2,1.9792965580032857e-05,15.62465268685824,6,NN,NN,hearti,0,1,5.954196310386875,0.0002054233676172805,5.954196310386875,0.016129032258064516,5.954196310386875,0.09603542436107862
shaking,2,1.9792965580032857e-05,15.62465268685824,7,VB,VBG,shake,0,2,4.954196310386875,8.411252583012503e-05,9.90839262077375,0.03225806451612903,4.954196310386875,0.1598127842060282
catches,2,1.9792965580032857e-05,15.62465268685824,7,NN,NNS,catch,0,2,4.954196310386875,0.00011260349881117464,9.90839262077375,0.03225806451612903,4.954196310386875,0.1598127842060282
fitted,2,1.9792965580032857e-05,15.62465268685824,6,VB,VBD,fit,0,2,4.954196310386875,5.674022768318473e-05,9.90839262077375,0.03225806451612903,4.954196310386875,0.1598127842060282
quench,2,1.9792965580032857e-05,15.62465268685824,6,JJ,JJ,quench,0,2,4.954196310386875,8.392123831399339e-05,9.90839262077375,0.03225806451612903,4.954196310386875,0.1598127842060282
curtsied,2,1.9792965580032857e-05,15.62465268685824,8,VB,VBD,curtsi,0,2,4.954196310386875,6.827316496882186e-05,9.90839262077375,0.03225806451612903,4.954196310386875,0.1598127842060282
unkindly,2,1.9792965580032857e-05,15.62465268685824,8,RB,RB,unkindli,0,2,4.954196310386875,5.581512298869143e-05,9.90839262077375,0.03225806451612903,4.954196310386875,0.1598127842060282
cross,2,1.9792965580032857e-05,15.62465268685824,5,VB,VB,cross,0,2,4.954196310386875,6.074446848206629e-05,9.90839262077375,0.03225806451612903,4.954196310386875,0.1598127842060282
heel,2,1.9792965580032857e-05,15.62465268685824,4,NN,NN,heel,0,2,4.954196310386875,5.9019687013095954e-05,9.90839262077375,0.03225806451612903,4.954196310386875,0.1598127842060282
direction,2,1.9792965580032857e-05,15.62465268685824,9,NN,NN,direct,0,2,4.954196310386875,6.29578709660409e-05,9.90839262077375,0.03225806451612903,4.954196310386875,0.1598127842060282
cinder,2,1.9792965580032857e-05,15.62465268685824,6,NN,NN,cinder,0,1,5.954196310386875,7.196360012070336e-05,5.954196310386875,0.016129032258064516,5.954196310386875,0.09603542436107862
intention,2,1.9792965580032857e-05,15.62465268685824,9,NN,NN,intent,0,2,4.954196310386875,0.00013114828421710182,9.90839262077375,0.03225806451612903,4.954196310386875,0.1598127842060282
leisure,2,1.9792965580032857e-05,15.62465268685824,7,NN,NN,leisur,0,2,4.954196310386875,0.00019502940635281285,9.90839262077375,0.03225806451612903,4.954196310386875,0.1598127842060282
careful,2,1.9792965580032857e-05,15.62465268685824,7,JJ,JJ,care,0,2,4.954196310386875,8.389305050876953e-05,9.90839262077375,0.03225806451612903,4.954196310386875,0.1598127842060282
gasping,2,1.9792965580032857e-05,15.62465268685824,7,VB,VBG,gasp,0,2,4.954196310386875,0.00010217824774928067,9.90839262077375,0.03225806451612903,4.954196310386875,0.1598127842060282
thoroughly,2,1.9792965580032857e-05,15.62465268685824,10,RB,RB,thoroughli,0,2,4.954196310386875,0.00011431715062592368,9.90839262077375,0.03225806451612903,4.954196310386875,0.1598127842060282
sharpening,2,1.9792965580032857e-05,15.62465268685824,10,NN,NN,sharpen,0,1,5.954196310386875,0.0002054233676172805,5.954196310386875,0.016129032258064516,5.954196310386875,0.09603542436107862
toe,2,1.9792965580032857e-05,15.62465268685824,3,NN,NN,toe,0,1,5.954196310386875,7.418727258484251e-05,5.954196310386875,0.016129032258064516,5.954196310386875,0.09603542436107862
courage,2,1.9792965580032857e-05,15.62465268685824,7,NN,NN,courag,0,2,4.954196310386875,6.29578709660409e-05,9.90839262077375,0.03225806451612903,4.954196310386875,0.1598127842060282
haycart,2,1.9792965580032857e-05,15.62465268685824,7,JJ,JJ,haycart,0,1,5.954196310386875,0.00021199872927390426,5.954196310386875,0.016129032258064516,5.954196310386875,0.09603542436107862
bidding,2,1.9792965580032857e-05,15.62465268685824,7,NN,NN,bid,0,2,4.954196310386875,7.688722717554748e-05,9.90839262077375,0.03225806451612903,4.954196310386875,0.1598127842060282
snowflakes,2,1.9792965580032857e-05,15.62465268685824,10,NN,NNS,snowflak,0,2,4.954196310386875,6.275446745295772e-05,9.90839262077375,0.03225806451612903,4.954196310386875,0.1598127842060282
boiled,2,1.9792965580032857e-05,15.62465268685824,6,VB,VBD,boil,0,1,5.954196310386875,7.196360012070336e-05,5.954196310386875,0.016129032258064516,5.954196310386875,0.09603542436107862
nosegay,2,1.9792965580032857e-05,15.62465268685824,7,NN,NN,nosegay,0,2,4.954196310386875,6.354105227478818e-05,9.90839262077375,0.03225806451612903,4.954196310386875,0.1598127842060282
longing,2,1.9792965580032857e-05,15.62465268685824,7,NN,NN,long,0,2,4.954196310386875,8.648957972933546e-05,9.90839262077375,0.03225806451612903,4.954196310386875,0.1598127842060282
homesick,2,1.9792965580032857e-05,15.62465268685824,8,JJ,JJ,homesick,0,1,5.954196310386875,7.196360012070336e-05,5.954196310386875,0.016129032258064516,5.954196310386875,0.09603542436107862
milking,2,1.9792965580032857e-05,15.62465268685824,7,NN,NN,milk,0,2,4.954196310386875,6.504918044734586e-05,9.90839262077375,0.03225806451612903,4.954196310386875,0.1598127842060282
foretold,2,1.9792965580032857e-05,15.62465268685824,8,VB,VBN,foretold,0,2,4.954196310386875,0.00014577025011191385,9.90839262077375,0.03225806451612903,4.954196310386875,0.1598127842060282
bargains,2,1.9792965580032857e-05,15.62465268685824,8,NN,NNS,bargain,0,1,5.954196310386875,8.076991115313593e-05,5.954196310386875,0.016129032258064516,5.954196310386875,0.09603542436107862
refresh,2,1.9792965580032857e-05,15.62465268685824,7,VB,VB,refresh,0,2,4.954196310386875,6.979184077633872e-05,9.90839262077375,0.03225806451612903,4.954196310386875,0.1598127842060282
smelt,2,1.9792965580032857e-05,15.62465268685824,5,VB,VBD,smelt,0,2,4.954196310386875,0.00011848055221885904,9.90839262077375,0.03225806451612903,4.954196310386875,0.1598127842060282
casket,2,1.9792965580032857e-05,15.62465268685824,6,NN,NN,casket,0,1,5.954196310386875,8.166277581724373e-05,5.954196310386875,0.016129032258064516,5.954196310386875,0.09603542436107862
chat,2,1.9792965580032857e-05,15.62465268685824,4,NN,NNS,chat,0,2,4.954196310386875,6.504918044734586e-05,9.90839262077375,0.03225806451612903,4.954196310386875,0.1598127842060282
enjoyed,2,1.9792965580032857e-05,15.62465268685824,7,VB,VBD,enjoy,0,2,4.954196310386875,0.00011260349881117464,9.90839262077375,0.03225806451612903,4.954196310386875,0.1598127842060282
leaf,2,1.9792965580032857e-05,15.62465268685824,4,NN,NN,leaf,0,2,4.954196310386875,0.00012111272885219527,9.90839262077375,0.03225806451612903,4.954196310386875,0.1598127842060282
south,2,1.9792965580032857e-05,15.62465268685824,5,JJ,JJ,south,0,2,4.954196310386875,7.157681421472472e-05,9.90839262077375,0.03225806451612903,4.954196310386875,0.1598127842060282
somewhere,2,1.9792965580032857e-05,15.62465268685824,9,RB,RB,somewher,0,2,4.954196310386875,0.00012714442423561562,9.90839262077375,0.03225806451612903,4.954196310386875,0.1598127842060282
fled,2,1.9792965580032857e-05,15.62465268685824,4,VB,VBD,fled,0,2,4.954196310386875,5.781934245482228e-05,9.90839262077375,0.03225806451612903,4.954196310386875,0.1598127842060282
separate,2,1.9792965580032857e-05,15.62465268685824,8,VB,VB,separ,0,2,4.954196310386875,6.69929764567492e-05,9.90839262077375,0.03225806451612903,4.954196310386875,0.1598127842060282
eleventh,2,1.9792965580032857e-05,15.62465268685824,8,NN,NN,eleventh,0,1,5.954196310386875,8.166277581724373e-05,5.954196310386875,0.016129032258064516,5.954196310386875,0.09603542436107862
nuttree,2,1.9792965580032857e-05,15.62465268685824,7,JJ,JJ,nuttre,0,1,5.954196310386875,8.166277581724373e-05,5.954196310386875,0.016129032258064516,5.954196310386875,0.09603542436107862
blessing,2,1.9792965580032857e-05,15.62465268685824,8,NN,NN,bless,0,2,4.954196310386875,0.00012176243354455856,9.90839262077375,0.03225806451612903,4.954196310386875,0.1598127842060282
hush,2,1.9792965580032857e-05,15.62465268685824,4,NN,NN,hush,0,1,5.954196310386875,0.0002054233676172805,5.954196310386875,0.016129032258064516,5.954196310386875,0.09603542436107862
rod,2,1.9792965580032857e-05,15.62465268685824,3,NN,NN,rod,0,2,4.954196310386875,7.157681421472472e-05,9.90839262077375,0.03225806451612903,4.954196310386875,0.1598127842060282
smote,2,1.9792965580032857e-05,15.62465268685824,5,VB,VB,smote,0,2,4.954196310386875,5.781934245482228e-05,9.90839262077375,0.03225806451612903,4.954196310386875,0.1598127842060282
neighbours,2,1.9792965580032857e-05,15.62465268685824,10,NN,NNS,neighbour,0,2,4.954196310386875,8.624160858410678e-05,9.90839262077375,0.03225806451612903,4.954196310386875,0.1598127842060282
flask,2,1.9792965580032857e-05,15.62465268685824,5,NN,NN,flask,0,2,4.954196310386875,6.662152188975069e-05,9.90839262077375,0.03225806451612903,4.954196310386875,0.1598127842060282
cease,2,1.9792965580032857e-05,15.62465268685824,5,VB,VB,ceas,0,2,4.954196310386875,0.00012176243354455856,9.90839262077375,0.03225806451612903,4.954196310386875,0.1598127842060282
wheelbarrow,2,1.9792965580032857e-05,15.62465268685824,11,NN,NN,wheelbarrow,0,1,5.954196310386875,8.076991115313593e-05,5.954196310386875,0.016129032258064516,5.954196310386875,0.09603542436107862
troublesome,2,1.9792965580032857e-05,15.62465268685824,11,JJ,JJ,troublesom,0,2,4.954196310386875,6.662152188975069e-05,9.90839262077375,0.03225806451612903,4.954196310386875,0.1598127842060282
courteously,2,1.9792965580032857e-05,15.62465268685824,11,RB,RB,courteous,0,2,4.954196310386875,0.00011943518809460483,9.90839262077375,0.03225806451612903,4.954196310386875,0.1598127842060282
hen,2,1.9792965580032857e-05,15.62465268685824,3,NN,NN,hen,0,2,4.954196310386875,7.816981949756061e-05,9.90839262077375,0.03225806451612903,4.954196310386875,0.1598127842060282
clumsily,2,1.9792965580032857e-05,15.62465268685824,8,RB,RB,clumsili,0,2,4.954196310386875,7.612837187759605e-05,9.90839262077375,0.03225806451612903,4.954196310386875,0.1598127842060282
brood,2,1.9792965580032857e-05,15.62465268685824,5,NN,NN,brood,0,1,5.954196310386875,8.166277581724373e-05,5.954196310386875,0.016129032258064516,5.954196310386875,0.09603542436107862
dukes,2,1.9792965580032857e-05,15.62465268685824,5,NN,NNS,duke,0,2,4.954196310386875,9.155735788170756e-05,9.90839262077375,0.03225806451612903,4.954196310386875,0.1598127842060282
tasting,2,1.9792965580032857e-05,15.62465268685824,7,VB,VBG,tast,0,2,4.954196310386875,0.00010217824774928067,9.90839262077375,0.03225806451612903,4.954196310386875,0.1598127842060282
row,2,1.9792965580032857e-05,15.62465268685824,3,NN,NN,row,0,2,4.954196310386875,9.155735788170756e-05,9.90839262077375,0.03225806451612903,4.954196310386875,0.1598127842060282
family,2,1.9792965580032857e-05,15.62465268685824,6,NN,NN,famili,0,2,4.954196310386875,0.00011106194138925911,9.90839262077375,0.03225806451612903,4.954196310386875,0.1598127842060282
keeps,2,1.9792965580032857e-05,15.62465268685824,5,VB,VBZ,keep,0,2,4.954196310386875,0.00011953977537863056,9.90839262077375,0.03225806451612903,4.954196310386875,0.1598127842060282
naked,2,1.9792965580032857e-05,15.62465268685824,5,JJ,JJ,nake,0,2,4.954196310386875,0.00013199572323622128,9.90839262077375,0.03225806451612903,4.954196310386875,0.1598127842060282
pursue,2,1.9792965580032857e-05,15.62465268685824,6,VB,VB,pursu,0,1,5.954196310386875,5.946465904710751e-05,5.954196310386875,0.016129032258064516,5.954196310386875,0.09603542436107862
betook,2,1.9792965580032857e-05,15.62465268685824,6,VB,VBD,betook,0,2,4.954196310386875,4.858435737309929e-05,9.90839262077375,0.03225806451612903,4.954196310386875,0.1598127842060282
consent,2,1.9792965580032857e-05,15.62465268685824,7,NN,NN,consent,0,2,4.954196310386875,5.6998163879443394e-05,9.90839262077375,0.03225806451612903,4.954196310386875,0.1598127842060282
situation,2,1.9792965580032857e-05,15.62465268685824,9,NN,NN,situat,0,2,4.954196310386875,0.00013808122123064383,9.90839262077375,0.03225806451612903,4.954196310386875,0.1598127842060282
lasted,2,1.9792965580032857e-05,15.62465268685824,6,VB,VBD,last,0,2,4.954196310386875,7.869317091775482e-05,9.90839262077375,0.03225806451612903,4.954196310386875,0.1598127842060282
brooch,2,1.9792965580032857e-05,15.62465268685824,6,NN,NN,brooch,0,1,5.954196310386875,8.992080932685265e-05,5.954196310386875,0.016129032258064516,5.954196310386875,0.09603542436107862
packed,2,1.9792965580032857e-05,15.62465268685824,6,VB,VBD,pack,0,2,4.954196310386875,7.293910264148131e-05,9.90839262077375,0.03225806451612903,4.954196310386875,0.1598127842060282
solitude,2,1.9792965580032857e-05,15.62465268685824,8,NN,NN,solitud,0,2,4.954196310386875,8.128970013832075e-05,9.90839262077375,0.03225806451612903,4.954196310386875,0.1598127842060282
nutshell,2,1.9792965580032857e-05,15.62465268685824,8,NN,NN,nutshel,0,1,5.954196310386875,8.992080932685265e-05,5.954196310386875,0.016129032258064516,5.954196310386875,0.09603542436107862
roe,2,1.9792965580032857e-05,15.62465268685824,3,NN,NN,roe,0,2,4.954196310386875,5.755458786194302e-05,9.90839262077375,0.03225806451612903,4.954196310386875,0.1598127842060282
trinkets,2,1.9792965580032857e-05,15.62465268685824,8,NN,NNS,trinket,0,2,4.954196310386875,7.293910264148131e-05,9.90839262077375,0.03225806451612903,4.954196310386875,0.1598127842060282
midday,2,1.9792965580032857e-05,15.62465268685824,6,JJ,JJ,midday,0,2,4.954196310386875,6.455147648160668e-05,9.90839262077375,0.03225806451612903,4.954196310386875,0.1598127842060282
herbs,2,1.9792965580032857e-05,15.62465268685824,5,NN,NN,herb,0,2,4.954196310386875,9.396023865258564e-05,9.90839262077375,0.03225806451612903,4.954196310386875,0.1598127842060282
familiar,2,1.9792965580032857e-05,15.62465268685824,8,JJ,JJ,familiar,0,2,4.954196310386875,8.369299593661355e-05,9.90839262077375,0.03225806451612903,4.954196310386875,0.1598127842060282
wither,2,1.9792965580032857e-05,15.62465268685824,6,NN,NN,wither,0,2,4.954196310386875,7.359884877587911e-05,9.90839262077375,0.03225806451612903,4.954196310386875,0.1598127842060282
footplank,2,1.9792965580032857e-05,15.62465268685824,9,JJ,JJ,footplank,0,2,4.954196310386875,0.00018568654565863894,9.90839262077375,0.03225806451612903,4.954196310386875,0.1598127842060282
queer,2,1.9792965580032857e-05,15.62465268685824,5,NN,NN,queer,0,2,4.954196310386875,5.618564993262135e-05,9.90839262077375,0.03225806451612903,4.954196310386875,0.1598127842060282
festival,2,1.9792965580032857e-05,15.62465268685824,8,NN,NN,festiv,0,1,5.954196310386875,5.946465904710751e-05,5.954196310386875,0.016129032258064516,5.954196310386875,0.09603542436107862
shown,2,1.9792965580032857e-05,15.62465268685824,5,VB,VBN,shown,0,2,4.954196310386875,9.386199764422528e-05,9.90839262077375,0.03225806451612903,4.954196310386875,0.1598127842060282
pinafore,2,1.9792965580032857e-05,15.62465268685824,8,NN,NN,pinafor,0,1,5.954196310386875,6.524145676703711e-05,5.954196310386875,0.016129032258064516,5.954196310386875,0.09603542436107862
pockets,2,1.9792965580032857e-05,15.62465268685824,7,NN,NNS,pocket,0,2,4.954196310386875,8.131594203740314e-05,9.90839262077375,0.03225806451612903,4.954196310386875,0.1598127842060282
licked,2,1.9792965580032857e-05,15.62465268685824,6,VB,VBD,lick,0,1,5.954196310386875,0.00019499578550472818,5.954196310386875,0.016129032258064516,5.954196310386875,0.09603542436107862
christened,2,1.9792965580032857e-05,15.62465268685824,10,VB,VBD,christen,0,2,4.954196310386875,0.00016008212619100657,9.90839262077375,0.03225806451612903,4.954196310386875,0.1598127842060282
equipped,2,1.9792965580032857e-05,15.62465268685824,8,VB,VBD,equip,0,1,5.954196310386875,5.946465904710751e-05,5.954196310386875,0.016129032258064516,5.954196310386875,0.09603542436107862
chests,2,1.9792965580032857e-05,15.62465268685824,6,NN,NNS,chest,0,2,4.954196310386875,4.8153526849426314e-05,9.90839262077375,0.03225806451612903,4.954196310386875,0.1598127842060282
curled,2,1.9792965580032857e-05,15.62465268685824,6,VB,VBD,curl,0,2,4.954196310386875,0.00011731272989080963,9.90839262077375,0.03225806451612903,4.954196310386875,0.1598127842060282
cleaned,2,1.9792965580032857e-05,15.62465268685824,7,VB,VBD,clean,0,2,4.954196310386875,0.00013507759054695023,9.90839262077375,0.03225806451612903,4.954196310386875,0.1598127842060282
gilded,2,1.9792965580032857e-05,15.62465268685824,6,JJ,JJ,gild,0,1,5.954196310386875,5.946465904710751e-05,5.954196310386875,0.016129032258064516,5.954196310386875,0.09603542436107862
onwards,2,1.9792965580032857e-05,15.62465268685824,7,NN,NNS,onward,0,2,4.954196310386875,4.858435737309929e-05,9.90839262077375,0.03225806451612903,4.954196310386875,0.1598127842060282
cinders,2,1.9792965580032857e-05,15.62465268685824,7,NN,NNS,cinder,0,2,4.954196310386875,7.505770779926889e-05,9.90839262077375,0.03225806451612903,4.954196310386875,0.1598127842060282
notice,2,1.9792965580032857e-05,15.62465268685824,6,NN,NN,notic,0,2,4.954196310386875,5.618564993262135e-05,9.90839262077375,0.03225806451612903,4.954196310386875,0.1598127842060282
violently,2,1.9792965580032857e-05,15.62465268685824,9,RB,RB,violent,0,1,5.954196310386875,5.946465904710751e-05,5.954196310386875,0.016129032258064516,5.954196310386875,0.09603542436107862
plant,2,1.9792965580032857e-05,15.62465268685824,5,NN,NN,plant,0,2,4.954196310386875,9.386199764422528e-05,9.90839262077375,0.03225806451612903,4.954196310386875,0.1598127842060282
polluted,2,1.9792965580032857e-05,15.62465268685824,8,VB,VBN,pollut,0,1,5.954196310386875,5.946465904710751e-05,5.954196310386875,0.016129032258064516,5.954196310386875,0.09603542436107862
flashed,2,1.9792965580032857e-05,15.62465268685824,7,VB,VBD,flash,0,1,5.954196310386875,5.946465904710751e-05,5.954196310386875,0.016129032258064516,5.954196310386875,0.09603542436107862
fieldflowers,2,1.9792965580032857e-05,15.62465268685824,12,NN,NNS,fieldflow,0,1,5.954196310386875,5.946465904710751e-05,5.954196310386875,0.016129032258064516,5.954196310386875,0.09603542436107862
prettiest,2,1.9792965580032857e-05,15.62465268685824,9,JJ,JJ,prettiest,0,2,4.954196310386875,5.871262725077198e-05,9.90839262077375,0.03225806451612903,4.954196310386875,0.1598127842060282
seemly,2,1.9792965580032857e-05,15.62465268685824,6,NN,NN,seemli,0,2,4.954196310386875,7.505770779926889e-05,9.90839262077375,0.03225806451612903,4.954196310386875,0.1598127842060282
restrained,2,1.9792965580032857e-05,15.62465268685824,10,VB,VBN,restrain,0,2,4.954196310386875,9.934796403785232e-05,9.90839262077375,0.03225806451612903,4.954196310386875,0.1598127842060282
ducats,2,1.9792965580032857e-05,15.62465268685824,6,NN,NNS,ducat,0,1,5.954196310386875,5.946465904710751e-05,5.954196310386875,0.016129032258064516,5.954196310386875,0.09603542436107862
shocked,2,1.9792965580032857e-05,15.62465268685824,7,VB,VBN,shock,0,1,5.954196310386875,8.992080932685265e-05,5.954196310386875,0.016129032258064516,5.954196310386875,0.09603542436107862
observed,2,1.9792965580032857e-05,15.62465268685824,8,VB,VBD,observ,0,2,4.954196310386875,4.858435737309929e-05,9.90839262077375,0.03225806451612903,4.954196310386875,0.1598127842060282
cared,2,1.9792965580032857e-05,15.62465268685824,5,VB,VBD,care,0,2,4.954196310386875,5.289470272758795e-05,9.90839262077375,0.03225806451612903,4.954196310386875,0.1598127842060282
forbid,2,1.9792965580032857e-05,15.62465268685824,6,VB,VBD,forbid,0,2,4.954196310386875,9.59059863213473e-05,9.90839262077375,0.03225806451612903,4.954196310386875,0.1598127842060282
opposition,2,1.9792965580032857e-05,15.62465268685824,10,NN,NN,opposit,0,2,4.954196310386875,7.042572337326899e-05,9.90839262077375,0.03225806451612903,4.954196310386875,0.1598127842060282
difficulty,2,1.9792965580032857e-05,15.62465268685824,10,NN,NN,difficulti,0,1,5.954196310386875,5.946465904710751e-05,5.954196310386875,0.016129032258064516,5.954196310386875,0.09603542436107862
wars,2,1.9792965580032857e-05,15.62465268685824,4,NN,NNS,war,0,1,5.954196310386875,5.946465904710751e-05,5.954196310386875,0.016129032258064516,5.954196310386875,0.09603542436107862
outskirts,2,1.9792965580032857e-05,15.62465268685824,9,NN,NNS,outskirt,0,2,4.954196310386875,4.858435737309929e-05,9.90839262077375,0.03225806451612903,4.954196310386875,0.1598127842060282
forbidden,2,1.9792965580032857e-05,15.62465268685824,9,VB,VBN,forbidden,0,2,4.954196310386875,5.467752176006369e-05,9.90839262077375,0.03225806451612903,4.954196310386875,0.1598127842060282
stableboy,2,1.9792965580032857e-05,15.62465268685824,9,JJ,JJ,stableboy,0,1,5.954196310386875,5.946465904710751e-05,5.954196310386875,0.016129032258064516,5.954196310386875,0.09603542436107862
amazed,2,1.9792965580032857e-05,15.62465268685824,6,VB,VBN,amaz,0,2,4.954196310386875,7.427781184894737e-05,9.90839262077375,0.03225806451612903,4.954196310386875,0.1598127842060282
wound,2,1.9792965580032857e-05,15.62465268685824,5,NN,NN,wound,0,2,4.954196310386875,8.128970013832075e-05,9.90839262077375,0.03225806451612903,4.954196310386875,0.1598127842060282
sport,2,1.9792965580032857e-05,15.62465268685824,5,NN,NN,sport,0,1,5.954196310386875,0.0001296899721283979,5.954196310386875,0.016129032258064516,5.954196310386875,0.09603542436107862
sorrowed,2,1.9792965580032857e-05,15.62465268685824,8,VB,VBD,sorrow,0,2,4.954196310386875,9.609293558469364e-05,9.90839262077375,0.03225806451612903,4.954196310386875,0.1598127842060282
reality,2,1.9792965580032857e-05,15.62465268685824,7,NN,NN,realiti,0,2,4.954196310386875,0.00011428103956876507,9.90839262077375,0.03225806451612903,4.954196310386875,0.1598127842060282
slip,2,1.9792965580032857e-05,15.62465268685824,4,VB,VB,slip,0,2,4.954196310386875,6.734806027432857e-05,9.90839262077375,0.03225806451612903,4.954196310386875,0.1598127842060282
supported,2,1.9792965580032857e-05,15.62465268685824,9,VB,VBD,support,0,2,4.954196310386875,7.133813021413041e-05,9.90839262077375,0.03225806451612903,4.954196310386875,0.1598127842060282
barked,2,1.9792965580032857e-05,15.62465268685824,6,VB,VBD,bark,0,2,4.954196310386875,0.00011113588370741571,9.90839262077375,0.03225806451612903,4.954196310386875,0.1598127842060282
willow,2,1.9792965580032857e-05,15.62465268685824,6,NN,NN,willow,0,2,4.954196310386875,0.00011274253354988846,9.90839262077375,0.03225806451612903,4.954196310386875,0.1598127842060282
ended,2,1.9792965580032857e-05,15.62465268685824,5,VB,VBN,end,0,2,4.954196310386875,0.0001228557702563992,9.90839262077375,0.03225806451612903,4.954196310386875,0.1598127842060282
pleases,2,1.9792965580032857e-05,15.62465268685824,7,VB,VBZ,pleas,0,2,4.954196310386875,8.772824631353379e-05,9.90839262077375,0.03225806451612903,4.954196310386875,0.1598127842060282
beheld,2,1.9792965580032857e-05,15.62465268685824,6,VB,VBD,beheld,0,2,4.954196310386875,0.00012676739232533768,9.90839262077375,0.03225806451612903,4.954196310386875,0.1598127842060282
nibble,2,1.9792965580032857e-05,15.62465268685824,6,JJ,JJ,nibbl,0,1,5.954196310386875,6.524145676703711e-05,5.954196310386875,0.016129032258064516,5.954196310386875,0.09603542436107862
loose,2,1.9792965580032857e-05,15.62465268685824,5,JJ,JJ,loos,0,2,4.954196310386875,0.00012560626037474315,9.90839262077375,0.03225806451612903,4.954196310386875,0.1598127842060282
doom,2,1.9792965580032857e-05,15.62465268685824,4,NN,NN,doom,0,2,4.954196310386875,0.0002827335135455151,9.90839262077375,0.03225806451612903,4.954196310386875,0.1598127842060282
hated,2,1.9792965580032857e-05,15.62465268685824,5,JJ,JJ,hate,0,2,4.954196310386875,0.00012417086310477173,9.90839262077375,0.03225806451612903,4.954196310386875,0.1598127842060282
human,2,1.9792965580032857e-05,15.62465268685824,5,JJ,JJ,human,0,2,4.954196310386875,8.109646671604762e-05,9.90839262077375,0.03225806451612903,4.954196310386875,0.1598127842060282
dreamt,2,1.9792965580032857e-05,15.62465268685824,6,VB,VBD,dreamt,0,1,5.954196310386875,0.00016877930467676383,5.954196310386875,0.016129032258064516,5.954196310386875,0.09603542436107862
purple,2,1.9792965580032857e-05,15.62465268685824,6,NN,NN,purpl,0,1,5.954196310386875,0.00016877930467676383,5.954196310386875,0.016129032258064516,5.954196310386875,0.09603542436107862
pearl,2,1.9792965580032857e-05,15.62465268685824,5,NN,NN,pearl,0,1,5.954196310386875,0.00016877930467676383,5.954196310386875,0.016129032258064516,5.954196310386875,0.09603542436107862
disenchanted,2,1.9792965580032857e-05,15.62465268685824,12,VB,VBN,disench,0,2,4.954196310386875,0.00016334750639859747,9.90839262077375,0.03225806451612903,4.954196310386875,0.1598127842060282
bough,2,1.9792965580032857e-05,15.62465268685824,5,NN,NN,bough,0,2,4.954196310386875,6.966813716116435e-05,9.90839262077375,0.03225806451612903,4.954196310386875,0.1598127842060282
yards,2,1.9792965580032857e-05,15.62465268685824,5,NN,NNS,yard,0,2,4.954196310386875,0.00010781952132001863,9.90839262077375,0.03225806451612903,4.954196310386875,0.1598127842060282
wretchedly,2,1.9792965580032857e-05,15.62465268685824,10,RB,RB,wretchedli,0,2,4.954196310386875,9.024226503333501e-05,9.90839262077375,0.03225806451612903,4.954196310386875,0.1598127842060282
chimneys,2,1.9792965580032857e-05,15.62465268685824,8,NN,NNS,chimney,0,2,4.954196310386875,7.978137386767509e-05,9.90839262077375,0.03225806451612903,4.954196310386875,0.1598127842060282
surrounded,2,1.9792965580032857e-05,15.62465268685824,10,VB,VBN,surround,0,2,4.954196310386875,0.00010919013603865405,9.90839262077375,0.03225806451612903,4.954196310386875,0.1598127842060282
mornings,2,1.9792965580032857e-05,15.62465268685824,8,NN,NNS,morn,0,2,4.954196310386875,5.7080817558356486e-05,9.90839262077375,0.03225806451612903,4.954196310386875,0.1598127842060282
east,2,1.9792965580032857e-05,15.62465268685824,4,NN,NN,east,0,2,4.954196310386875,8.792815599947782e-05,9.90839262077375,0.03225806451612903,4.954196310386875,0.1598127842060282
prettier,2,1.9792965580032857e-05,15.62465268685824,8,JJ,JJR,prettier,0,2,4.954196310386875,0.0001001552139470806,9.90839262077375,0.03225806451612903,4.954196310386875,0.1598127842060282
neighbourhood,2,1.9792965580032857e-05,15.62465268685824,13,NN,NN,neighbourhood,0,2,4.954196310386875,6.016128717331899e-05,9.90839262077375,0.03225806451612903,4.954196310386875,0.1598127842060282
enemies,2,1.9792965580032857e-05,15.62465268685824,7,NN,NNS,enemi,0,2,4.954196310386875,0.00011616489900559327,9.90839262077375,0.03225806451612903,4.954196310386875,0.1598127842060282
ceremony,2,1.9792965580032857e-05,15.62465268685824,8,NN,NN,ceremoni,0,2,4.954196310386875,9.724915874606179e-05,9.90839262077375,0.03225806451612903,4.954196310386875,0.1598127842060282
deeds,2,1.9792965580032857e-05,15.62465268685824,5,NN,NNS,deed,0,2,4.954196310386875,7.891264623911034e-05,9.90839262077375,0.03225806451612903,4.954196310386875,0.1598127842060282
rejoice,2,1.9792965580032857e-05,15.62465268685824,7,NN,NN,rejoic,0,2,4.954196310386875,0.00011428103956876507,9.90839262077375,0.03225806451612903,4.954196310386875,0.1598127842060282
godless,2,1.9792965580032857e-05,15.62465268685824,7,NN,NN,godless,0,2,4.954196310386875,8.131594203740314e-05,9.90839262077375,0.03225806451612903,4.954196310386875,0.1598127842060282
horribly,2,1.9792965580032857e-05,15.62465268685824,8,RB,RB,horribl,0,2,4.954196310386875,4.8153526849426314e-05,9.90839262077375,0.03225806451612903,4.954196310386875,0.1598127842060282
creep,2,1.9792965580032857e-05,15.62465268685824,5,NN,NN,creep,0,2,4.954196310386875,4.8153526849426314e-05,9.90839262077375,0.03225806451612903,4.954196310386875,0.1598127842060282
darting,2,1.9792965580032857e-05,15.62465268685824,7,VB,VBG,dart,0,2,4.954196310386875,7.282901917156179e-05,9.90839262077375,0.03225806451612903,4.954196310386875,0.1598127842060282
dough,2,1.9792965580032857e-05,15.62465268685824,5,NN,NN,dough,0,2,4.954196310386875,9.965245454435459e-05,9.90839262077375,0.03225806451612903,4.954196310386875,0.1598127842060282
cauldron,2,1.9792965580032857e-05,15.62465268685824,8,NN,NN,cauldron,0,2,4.954196310386875,8.131594203740314e-05,9.90839262077375,0.03225806451612903,4.954196310386875,0.1598127842060282
lament,2,1.9792965580032857e-05,15.62465268685824,6,JJ,JJ,lament,0,2,4.954196310386875,8.369299593661355e-05,9.90839262077375,0.03225806451612903,4.954196310386875,0.1598127842060282
thin,2,1.9792965580032857e-05,15.62465268685824,4,JJ,JJ,thin,0,2,4.954196310386875,6.966813716116435e-05,9.90839262077375,0.03225806451612903,4.954196310386875,0.1598127842060282
yearning,2,1.9792965580032857e-05,15.62465268685824,8,NN,NN,yearn,0,1,5.954196310386875,0.00019499578550472818,5.954196310386875,0.016129032258064516,5.954196310386875,0.09603542436107862
delight,2,1.9792965580032857e-05,15.62465268685824,7,NN,NN,delight,0,2,4.954196310386875,7.427781184894737e-05,9.90839262077375,0.03225806451612903,4.954196310386875,0.1598127842060282
acquaintance,2,1.9792965580032857e-05,15.62465268685824,12,NN,NN,acquaint,0,2,4.954196310386875,0.00011393900749113843,9.90839262077375,0.03225806451612903,4.954196310386875,0.1598127842060282
bone,2,1.9792965580032857e-05,15.62465268685824,4,NN,NN,bone,0,2,4.954196310386875,8.56387436053752e-05,9.90839262077375,0.03225806451612903,4.954196310386875,0.1598127842060282
stored,2,1.9792965580032857e-05,15.62465268685824,6,VB,VBN,store,0,1,5.954196310386875,0.00019499578550472818,5.954196310386875,0.016129032258064516,5.954196310386875,0.09603542436107862
commanded,2,1.9792965580032857e-05,15.62465268685824,9,VB,VBD,command,0,2,4.954196310386875,7.133813021413041e-05,9.90839262077375,0.03225806451612903,4.954196310386875,0.1598127842060282
peep,2,1.9792965580032857e-05,15.62465268685824,4,NN,NN,peep,0,2,4.954196310386875,6.734806027432857e-05,9.90839262077375,0.03225806451612903,4.954196310386875,0.1598127842060282
muttered,2,1.9792965580032857e-05,15.62465268685824,8,VB,VBD,mutter,0,2,4.954196310386875,6.474512493129452e-05,9.90839262077375,0.03225806451612903,4.954196310386875,0.1598127842060282
mockingly,2,1.9792965580032857e-05,15.62465268685824,9,RB,RB,mockingli,0,2,4.954196310386875,8.369299593661355e-05,9.90839262077375,0.03225806451612903,4.954196310386875,0.1598127842060282
trap,2,1.9792965580032857e-05,15.62465268685824,4,NN,NN,trap,0,2,4.954196310386875,0.0002764933925548302,9.90839262077375,0.03225806451612903,4.954196310386875,0.1598127842060282
provision,2,1.9792965580032857e-05,15.62465268685824,9,NN,NN,provis,0,1,5.954196310386875,0.00019499578550472818,5.954196310386875,0.016129032258064516,5.954196310386875,0.09603542436107862
embraced,2,1.9792965580032857e-05,15.62465268685824,8,VB,VBD,embrac,0,2,4.954196310386875,9.724915874606179e-05,9.90839262077375,0.03225806451612903,4.954196310386875,0.1598127842060282
malice,2,1.9792965580032857e-05,15.62465268685824,6,NN,NN,malic,0,2,4.954196310386875,6.063180343060192e-05,9.90839262077375,0.03225806451612903,4.954196310386875,0.1598127842060282
property,2,1.9792965580032857e-05,15.62465268685824,8,NN,NN,properti,0,2,4.954196310386875,5.061524339767673e-05,9.90839262077375,0.03225806451612903,4.954196310386875,0.1598127842060282
gateway,2,1.9792965580032857e-05,15.62465268685824,7,NN,NN,gateway,0,1,5.954196310386875,7.196360012070336e-05,5.954196310386875,0.016129032258064516,5.954196310386875,0.09603542436107862
scrape,2,1.9792965580032857e-05,15.62465268685824,6,NN,NN,scrape,0,1,5.954196310386875,8.076991115313593e-05,5.954196310386875,0.016129032258064516,5.954196310386875,0.09603542436107862
sanna,2,1.9792965580032857e-05,15.62465268685824,5,NN,NNP,sanna,0,1,5.954196310386875,0.00020454829469878304,5.954196310386875,0.016129032258064516,5.954196310386875,0.09603542436107862
swore,2,1.9792965580032857e-05,15.62465268685824,5,NN,NN,swore,0,2,4.954196310386875,0.00013395209819941584,9.90839262077375,0.03225806451612903,4.954196310386875,0.1598127842060282
confessed,2,1.9792965580032857e-05,15.62465268685824,9,VB,VBD,confess,0,2,4.954196310386875,0.00015226862953356986,9.90839262077375,0.03225806451612903,4.954196310386875,0.1598127842060282
dirt,2,1.9792965580032857e-05,15.62465268685824,4,NN,NN,dirt,0,2,4.954196310386875,6.231063421812934e-05,9.90839262077375,0.03225806451612903,4.954196310386875,0.1598127842060282
lain,2,1.9792965580032857e-05,15.62465268685824,4,VB,VBN,lain,0,2,4.954196310386875,5.9019687013095954e-05,9.90839262077375,0.03225806451612903,4.954196310386875,0.1598127842060282
cracked,2,1.9792965580032857e-05,15.62465268685824,7,VB,VBD,crack,0,2,4.954196310386875,9.288009054807253e-05,9.90839262077375,0.03225806451612903,4.954196310386875,0.1598127842060282
barn,2,1.9792965580032857e-05,15.62465268685824,4,NN,NN,barn,0,2,4.954196310386875,0.00012287290676916564,9.90839262077375,0.03225806451612903,4.954196310386875,0.1598127842060282
ascended,2,1.9792965580032857e-05,15.62465268685824,8,VB,VBD,ascend,0,2,4.954196310386875,0.00010223778134254075,9.90839262077375,0.03225806451612903,4.954196310386875,0.1598127842060282
objection,2,1.9792965580032857e-05,15.62465268685824,9,NN,NN,object,0,2,4.954196310386875,8.009957697216891e-05,9.90839262077375,0.03225806451612903,4.954196310386875,0.1598127842060282
boil,2,1.9792965580032857e-05,15.62465268685824,4,VB,VB,boil,0,1,5.954196310386875,0.00020454829469878304,5.954196310386875,0.016129032258064516,5.954196310386875,0.09603542436107862
buckets,2,1.9792965580032857e-05,15.62465268685824,7,NN,NNS,bucket,0,2,4.954196310386875,0.00010983615026771312,9.90839262077375,0.03225806451612903,4.954196310386875,0.1598127842060282
fork,2,1.9792965580032857e-05,15.62465268685824,4,NN,NN,fork,0,2,4.954196310386875,7.51727288550429e-05,9.90839262077375,0.03225806451612903,4.954196310386875,0.1598127842060282
equally,2,1.9792965580032857e-05,15.62465268685824,7,RB,RB,equal,0,2,4.954196310386875,0.00014510161989710716,9.90839262077375,0.03225806451612903,4.954196310386875,0.1598127842060282
rosetree,2,1.9792965580032857e-05,15.62465268685824,8,JJ,JJ,rosetre,0,1,5.954196310386875,0.00020454829469878304,5.954196310386875,0.016129032258064516,5.954196310386875,0.09603542436107862
treated,2,1.9792965580032857e-05,15.62465268685824,7,VB,VBN,treat,0,2,4.954196310386875,0.00010223778134254075,9.90839262077375,0.03225806451612903,4.954196310386875,0.1598127842060282
rosebush,2,1.9792965580032857e-05,15.62465268685824,8,JJ,JJ,rosebush,0,1,5.954196310386875,0.00020454829469878304,5.954196310386875,0.016129032258064516,5.954196310386875,0.09603542436107862
softened,2,1.9792965580032857e-05,15.62465268685824,8,VB,VBD,soften,0,2,4.954196310386875,0.00012615575022366919,9.90839262077375,0.03225806451612903,4.954196310386875,0.1598127842060282
amid,2,1.9792965580032857e-05,15.62465268685824,4,IN,IN,amid,0,2,4.954196310386875,8.040279613445537e-05,9.90839262077375,0.03225806451612903,4.954196310386875,0.1598127842060282
minute,2,1.9792965580032857e-05,15.62465268685824,6,NN,NN,minut,0,2,4.954196310386875,6.662152188975069e-05,9.90839262077375,0.03225806451612903,4.954196310386875,0.1598127842060282
whistling,2,1.9792965580032857e-05,15.62465268685824,9,NN,NN,whistl,0,2,4.954196310386875,6.757615776549649e-05,9.90839262077375,0.03225806451612903,4.954196310386875,0.1598127842060282
busy,2,1.9792965580032857e-05,15.62465268685824,4,JJ,JJ,busi,0,2,4.954196310386875,0.0001242418446984873,9.90839262077375,0.03225806451612903,4.954196310386875,0.1598127842060282
beings,2,1.9792965580032857e-05,15.62465268685824,6,NN,NNS,be,0,2,4.954196310386875,6.074446848206629e-05,9.90839262077375,0.03225806451612903,4.954196310386875,0.1598127842060282
nudged,2,1.9792965580032857e-05,15.62465268685824,6,VB,VBD,nudg,0,1,5.954196310386875,0.000246560781414836,5.954196310386875,0.016129032258064516,5.954196310386875,0.09603542436107862
boast,2,1.9792965580032857e-05,15.62465268685824,5,IN,IN,boast,0,1,5.954196310386875,0.000167309101674353,5.954196310386875,0.016129032258064516,5.954196310386875,0.09603542436107862
plagued,2,1.9792965580032857e-05,15.62465268685824,7,VB,VBD,plagu,0,2,4.954196310386875,6.639354841272441e-05,9.90839262077375,0.03225806451612903,4.954196310386875,0.1598127842060282
greediness,2,1.9792965580032857e-05,15.62465268685824,10,NN,NN,greedi,0,2,4.954196310386875,0.00014211520883141023,9.90839262077375,0.03225806451612903,4.954196310386875,0.1598127842060282
charming,2,1.9792965580032857e-05,15.62465268685824,8,JJ,JJ,charm,0,2,4.954196310386875,8.799770790189311e-05,9.90839262077375,0.03225806451612903,4.954196310386875,0.1598127842060282
combed,2,1.9792965580032857e-05,15.62465268685824,6,VB,VBD,comb,0,2,4.954196310386875,0.0001249157644688534,9.90839262077375,0.03225806451612903,4.954196310386875,0.1598127842060282
rattled,2,1.9792965580032857e-05,15.62465268685824,7,VB,VBD,rattl,0,2,4.954196310386875,0.00011419337996879557,9.90839262077375,0.03225806451612903,4.954196310386875,0.1598127842060282
matters,2,1.9792965580032857e-05,15.62465268685824,7,NN,NNS,matter,0,2,4.954196310386875,0.00011080621886695906,9.90839262077375,0.03225806451612903,4.954196310386875,0.1598127842060282
fetching,2,1.9792965580032857e-05,15.62465268685824,8,VB,VBG,fetch,0,2,4.954196310386875,0.00012762334946153569,9.90839262077375,0.03225806451612903,4.954196310386875,0.1598127842060282
tresses,2,1.9792965580032857e-05,15.62465268685824,7,NN,NNS,tress,0,1,5.954196310386875,0.0001359312446724397,5.954196310386875,0.016129032258064516,5.954196310386875,0.09603542436107862
linnets,2,1.9792965580032857e-05,15.62465268685824,7,NN,NNS,linnet,0,1,5.954196310386875,7.418727258484251e-05,5.954196310386875,0.016129032258064516,5.954196310386875,0.09603542436107862
tales,2,1.9792965580032857e-05,15.62465268685824,5,NN,NNS,tale,0,2,4.954196310386875,0.00011958195956413225,9.90839262077375,0.03225806451612903,4.954196310386875,0.1598127842060282
breathe,2,1.9792965580032857e-05,15.62465268685824,7,VB,VB,breath,0,2,4.954196310386875,6.342838722332382e-05,9.90839262077375,0.03225806451612903,4.954196310386875,0.1598127842060282
pedlars,2,1.9792965580032857e-05,15.62465268685824,7,NN,NNS,pedlar,0,1,5.954196310386875,0.00010019345264588275,5.954196310386875,0.016129032258064516,5.954196310386875,0.09603542436107862
rogues,2,1.9792965580032857e-05,15.62465268685824,6,NN,NNS,rogu,0,1,5.954196310386875,0.00010019345264588275,5.954196310386875,0.016129032258064516,5.954196310386875,0.09603542436107862
sinner,2,1.9792965580032857e-05,15.62465268685824,6,NN,NN,sinner,0,2,4.954196310386875,7.41347140068523e-05,9.90839262077375,0.03225806451612903,4.954196310386875,0.1598127842060282
snore,2,1.9792965580032857e-05,15.62465268685824,5,VB,VB,snore,0,2,4.954196310386875,7.963173059034896e-05,9.90839262077375,0.03225806451612903,4.954196310386875,0.1598127842060282
lamp,2,1.9792965580032857e-05,15.62465268685824,4,JJ,JJ,lamp,0,2,4.954196310386875,6.827316496882186e-05,9.90839262077375,0.03225806451612903,4.954196310386875,0.1598127842060282
accordingly,2,1.9792965580032857e-05,15.62465268685824,11,RB,RB,accordingli,0,2,4.954196310386875,0.00012444524821157048,9.90839262077375,0.03225806451612903,4.954196310386875,0.1598127842060282
fluttering,2,1.9792965580032857e-05,15.62465268685824,10,NN,NN,flutter,0,2,4.954196310386875,0.00010982269084731916,9.90839262077375,0.03225806451612903,4.954196310386875,0.1598127842060282
brushed,2,1.9792965580032857e-05,15.62465268685824,7,VB,VBD,brush,0,2,4.954196310386875,6.446615696928147e-05,9.90839262077375,0.03225806451612903,4.954196310386875,0.1598127842060282
sorrows,2,1.9792965580032857e-05,15.62465268685824,7,NN,NNS,sorrow,0,2,4.954196310386875,0.00012287290676916564,9.90839262077375,0.03225806451612903,4.954196310386875,0.1598127842060282
snips,2,1.9792965580032857e-05,15.62465268685824,5,NN,NNS,snip,0,1,5.954196310386875,7.196360012070336e-05,5.954196310386875,0.016129032258064516,5.954196310386875,0.09603542436107862
appetite,2,1.9792965580032857e-05,15.62465268685824,8,NN,NN,appetit,0,2,4.954196310386875,0.00010244903833707651,9.90839262077375,0.03225806451612903,4.954196310386875,0.1598127842060282
blackbird,2,1.9792965580032857e-05,15.62465268685824,9,NN,NNP,blackbird,0,1,5.954196310386875,7.418727258484251e-05,5.954196310386875,0.016129032258064516,5.954196310386875,0.09603542436107862
despair,2,1.9792965580032857e-05,15.62465268685824,7,NN,NN,despair,0,2,4.954196310386875,8.799770790189311e-05,9.90839262077375,0.03225806451612903,4.954196310386875,0.1598127842060282
reply,2,1.9792965580032857e-05,15.62465268685824,5,NN,NN,repli,0,2,4.954196310386875,5.095011064214821e-05,9.90839262077375,0.03225806451612903,4.954196310386875,0.1598127842060282
rascals,2,1.9792965580032857e-05,15.62465268685824,7,NN,NNS,rascal,0,2,4.954196310386875,7.312987115535513e-05,9.90839262077375,0.03225806451612903,4.954196310386875,0.1598127842060282
melted,2,1.9792965580032857e-05,15.62465268685824,6,VB,VBD,melt,0,2,4.954196310386875,6.435349191781712e-05,9.90839262077375,0.03225806451612903,4.954196310386875,0.1598127842060282
exchange,2,1.9792965580032857e-05,15.62465268685824,8,NN,NN,exchang,0,2,4.954196310386875,6.662152188975069e-05,9.90839262077375,0.03225806451612903,4.954196310386875,0.1598127842060282
bridle,2,1.9792965580032857e-05,15.62465268685824,6,NN,NN,bridl,0,2,4.954196310386875,6.504918044734586e-05,9.90839262077375,0.03225806451612903,4.954196310386875,0.1598127842060282
blind,2,1.9792965580032857e-05,15.62465268685824,5,JJ,JJ,blind,0,2,4.954196310386875,0.00011582861800261978,9.90839262077375,0.03225806451612903,4.954196310386875,0.1598127842060282
meddle,2,1.9792965580032857e-05,15.62465268685824,6,VB,VB,meddl,0,2,4.954196310386875,8.863156880726656e-05,9.90839262077375,0.03225806451612903,4.954196310386875,0.1598127842060282
repeat,2,1.9792965580032857e-05,15.62465268685824,6,VB,VB,repeat,0,1,5.954196310386875,0.00020454829469878304,5.954196310386875,0.016129032258064516,5.954196310386875,0.09603542436107862
chafed,2,1.9792965580032857e-05,15.62465268685824,6,VB,VBP,chafe,0,1,5.954196310386875,0.00010019345264588275,5.954196310386875,0.016129032258064516,5.954196310386875,0.09603542436107862
surprised,2,1.9792965580032857e-05,15.62465268685824,9,VB,VBD,surpris,0,2,4.954196310386875,6.275446745295772e-05,9.90839262077375,0.03225806451612903,4.954196310386875,0.1598127842060282
curtains,2,1.9792965580032857e-05,15.62465268685824,8,NN,NNS,curtain,0,1,5.954196310386875,7.196360012070336e-05,5.954196310386875,0.016129032258064516,5.954196310386875,0.09603542436107862
latch,2,1.9792965580032857e-05,15.62465268685824,5,NN,NN,latch,0,1,5.954196310386875,7.196360012070336e-05,5.954196310386875,0.016129032258064516,5.954196310386875,0.09603542436107862
cushion,2,1.9792965580032857e-05,15.62465268685824,7,NN,NN,cushion,0,2,4.954196310386875,0.00012368542071598766,9.90839262077375,0.03225806451612903,4.954196310386875,0.1598127842060282
bringing,2,1.9792965580032857e-05,15.62465268685824,8,VB,VBG,bring,0,1,5.954196310386875,7.196360012070336e-05,5.954196310386875,0.016129032258064516,5.954196310386875,0.09603542436107862
fancied,2,1.9792965580032857e-05,15.62465268685824,7,VB,VBD,fanci,0,2,4.954196310386875,8.389305050876953e-05,9.90839262077375,0.03225806451612903,4.954196310386875,0.1598127842060282
popped,2,1.9792965580032857e-05,15.62465268685824,6,VB,VBD,pop,0,1,5.954196310386875,0.00010019345264588275,5.954196310386875,0.016129032258064516,5.954196310386875,0.09603542436107862
desert,2,1.9792965580032857e-05,15.62465268685824,6,NN,NN,desert,0,1,5.954196310386875,0.0001359312446724397,5.954196310386875,0.016129032258064516,5.954196310386875,0.09603542436107862
nobleman,2,1.9792965580032857e-05,15.62465268685824,8,JJ,JJ,nobleman,0,2,4.954196310386875,0.0001467716129500732,9.90839262077375,0.03225806451612903,4.954196310386875,0.1598127842060282
gain,2,1.9792965580032857e-05,15.62465268685824,4,NN,NN,gain,0,2,4.954196310386875,0.0001032072227691219,9.90839262077375,0.03225806451612903,4.954196310386875,0.1598127842060282
c,2,1.9792965580032857e-05,15.62465268685824,1,NN,NNP,c,0,1,5.954196310386875,0.000246560781414836,5.954196310386875,0.016129032258064516,5.954196310386875,0.09603542436107862
lo,2,1.9792965580032857e-05,15.62465268685824,2,NN,NNP,lo,0,1,5.954196310386875,0.000167309101674353,5.954196310386875,0.016129032258064516,5.954196310386875,0.09603542436107862
gothel,2,1.9792965580032857e-05,15.62465268685824,6,NN,NNP,gothel,0,1,5.954196310386875,0.0001359312446724397,5.954196310386875,0.016129032258064516,5.954196310386875,0.09603542436107862
hastily,2,1.9792965580032857e-05,15.62465268685824,7,RB,RB,hastili,0,2,4.954196310386875,0.00011050522888702659,9.90839262077375,0.03225806451612903,4.954196310386875,0.1598127842060282
rack,2,1.9792965580032857e-05,15.62465268685824,4,NN,NN,rack,0,1,5.954196310386875,0.00021199872927390426,5.954196310386875,0.016129032258064516,5.954196310386875,0.09603542436107862
joyously,2,1.9792965580032857e-05,15.62465268685824,8,RB,RB,joyous,0,2,4.954196310386875,7.41347140068523e-05,9.90839262077375,0.03225806451612903,4.954196310386875,0.1598127842060282
clambered,2,1.9792965580032857e-05,15.62465268685824,9,VB,VBD,clamber,0,1,5.954196310386875,0.0001359312446724397,5.954196310386875,0.016129032258064516,5.954196310386875,0.09603542436107862
spoiled,2,1.9792965580032857e-05,15.62465268685824,7,VB,VBN,spoil,0,2,4.954196310386875,6.504918044734586e-05,9.90839262077375,0.03225806451612903,4.954196310386875,0.1598127842060282
pond,2,1.9792965580032857e-05,15.62465268685824,4,NN,NN,pond,0,2,4.954196310386875,0.0001346363199476115,9.90839262077375,0.03225806451612903,4.954196310386875,0.1598127842060282
nigh,2,1.9792965580032857e-05,15.62465268685824,4,JJ,JJ,nigh,0,2,4.954196310386875,7.254684767729077e-05,9.90839262077375,0.03225806451612903,4.954196310386875,0.1598127842060282
betray,2,1.9792965580032857e-05,15.62465268685824,6,VB,VB,betray,0,2,4.954196310386875,7.565684847350576e-05,9.90839262077375,0.03225806451612903,4.954196310386875,0.1598127842060282
fishpond,2,1.9792965580032857e-05,15.62465268685824,8,NN,NN,fishpond,0,2,4.954196310386875,0.00010610873914979765,9.90839262077375,0.03225806451612903,4.954196310386875,0.1598127842060282
prey,2,1.9792965580032857e-05,15.62465268685824,4,NN,NN,prey,0,2,4.954196310386875,0.0001132532108262521,9.90839262077375,0.03225806451612903,4.954196310386875,0.1598127842060282
delay,2,1.9792965580032857e-05,15.62465268685824,5,NN,NN,delay,0,2,4.954196310386875,6.29578709660409e-05,9.90839262077375,0.03225806451612903,4.954196310386875,0.1598127842060282
engaged,2,1.9792965580032857e-05,15.62465268685824,7,VB,VBD,engag,0,2,4.954196310386875,5.809458231860266e-05,9.90839262077375,0.03225806451612903,4.954196310386875,0.1598127842060282
dreaded,2,1.9792965580032857e-05,15.62465268685824,7,VB,VBD,dread,0,2,4.954196310386875,8.039641534237105e-05,9.90839262077375,0.03225806451612903,4.954196310386875,0.1598127842060282
waddling,2,1.9792965580032857e-05,15.62465268685824,8,NN,NN,waddl,0,2,4.954196310386875,0.0001346363199476115,9.90839262077375,0.03225806451612903,4.954196310386875,0.1598127842060282
former,2,1.9792965580032857e-05,15.62465268685824,6,JJ,JJ,former,0,2,4.954196310386875,0.00010547294832336033,9.90839262077375,0.03225806451612903,4.954196310386875,0.1598127842060282
terror,2,1.9792965580032857e-05,15.62465268685824,6,NN,NN,terror,0,2,4.954196310386875,0.00015912647867255637,9.90839262077375,0.03225806451612903,4.954196310386875,0.1598127842060282
ails,2,1.9792965580032857e-05,15.62465268685824,4,IN,IN,ail,0,2,4.954196310386875,8.881022184871515e-05,9.90839262077375,0.03225806451612903,4.954196310386875,0.1598127842060282
hopping,2,1.9792965580032857e-05,15.62465268685824,7,VB,VBG,hop,0,2,4.954196310386875,8.040279613445537e-05,9.90839262077375,0.03225806451612903,4.954196310386875,0.1598127842060282
related,2,1.9792965580032857e-05,15.62465268685824,7,VB,VBD,relat,0,1,5.954196310386875,7.196360012070336e-05,5.954196310386875,0.016129032258064516,5.954196310386875,0.09603542436107862
welcome,2,1.9792965580032857e-05,15.62465268685824,7,NN,NN,welcom,0,2,4.954196310386875,8.921643962436272e-05,9.90839262077375,0.03225806451612903,4.954196310386875,0.1598127842060282
cleverness,2,1.9792965580032857e-05,15.62465268685824,10,NN,NN,clever,0,2,4.954196310386875,6.983892395032173e-05,9.90839262077375,0.03225806451612903,4.954196310386875,0.1598127842060282
cockadoodledoo,2,1.9792965580032857e-05,15.62465268685824,14,JJ,JJ,cockadoodledoo,0,1,5.954196310386875,7.196360012070336e-05,5.954196310386875,0.016129032258064516,5.954196310386875,0.09603542436107862
dinnertime,2,1.9792965580032857e-05,15.62465268685824,10,JJ,JJ,dinnertim,0,2,4.954196310386875,0.00015502544245337758,9.90839262077375,0.03225806451612903,4.954196310386875,0.1598127842060282
partner,2,1.9792965580032857e-05,15.62465268685824,7,NN,NN,partner,0,2,4.954196310386875,8.481815520326283e-05,9.90839262077375,0.03225806451612903,4.954196310386875,0.1598127842060282
industry,2,1.9792965580032857e-05,15.62465268685824,8,NN,NN,industri,0,2,4.954196310386875,7.947769143996207e-05,9.90839262077375,0.03225806451612903,4.954196310386875,0.1598127842060282
cheeses,2,1.9792965580032857e-05,15.62465268685824,7,NN,NNS,chees,0,1,5.954196310386875,0.00010019345264588275,5.954196310386875,0.016129032258064516,5.954196310386875,0.09603542436107862
drown,2,1.9792965580032857e-05,15.62465268685824,5,VB,VB,drown,0,2,4.954196310386875,0.00014359395590574656,9.90839262077375,0.03225806451612903,4.954196310386875,0.1598127842060282
deceived,2,1.9792965580032857e-05,15.62465268685824,8,VB,VBN,deceiv,0,2,4.954196310386875,0.0001311600220071241,9.90839262077375,0.03225806451612903,4.954196310386875,0.1598127842060282
bucketful,2,1.9792965580032857e-05,15.62465268685824,9,NN,NN,bucket,0,2,4.954196310386875,5.095011064214821e-05,9.90839262077375,0.03225806451612903,4.954196310386875,0.1598127842060282
pertains,2,1.9792965580032857e-05,15.62465268685824,8,VB,VBZ,pertain,0,2,4.954196310386875,0.0001467716129500732,9.90839262077375,0.03225806451612903,4.954196310386875,0.1598127842060282
awhile,2,1.9792965580032857e-05,15.62465268685824,6,IN,IN,awhil,0,2,4.954196310386875,0.00013251430029429927,9.90839262077375,0.03225806451612903,4.954196310386875,0.1598127842060282
deeply,2,1.9792965580032857e-05,15.62465268685824,6,RB,RB,deepli,0,2,4.954196310386875,8.881022184871515e-05,9.90839262077375,0.03225806451612903,4.954196310386875,0.1598127842060282
grease,2,1.9792965580032857e-05,15.62465268685824,6,VB,VB,greas,0,1,5.954196310386875,0.00010019345264588275,5.954196310386875,0.016129032258064516,5.954196310386875,0.09603542436107862
fireside,2,1.9792965580032857e-05,15.62465268685824,8,NN,NN,firesid,0,2,4.954196310386875,6.504918044734586e-05,9.90839262077375,0.03225806451612903,4.954196310386875,0.1598127842060282
bewail,2,1.9792965580032857e-05,15.62465268685824,6,VB,VB,bewail,0,2,4.954196310386875,0.00013613808690926852,9.90839262077375,0.03225806451612903,4.954196310386875,0.1598127842060282
boughs,2,1.9792965580032857e-05,15.62465268685824,6,NN,NNS,bough,0,2,4.954196310386875,7.44988090846768e-05,9.90839262077375,0.03225806451612903,4.954196310386875,0.1598127842060282
finer,2,1.9792965580032857e-05,15.62465268685824,5,JJ,JJR,finer,0,1,5.954196310386875,7.418727258484251e-05,5.954196310386875,0.016129032258064516,5.954196310386875,0.09603542436107862
gloom,2,1.9792965580032857e-05,15.62465268685824,5,NN,NN,gloom,0,2,4.954196310386875,0.00025192103089490654,9.90839262077375,0.03225806451612903,4.954196310386875,0.1598127842060282
pockethandkerchief,2,1.9792965580032857e-05,15.62465268685824,18,JJ,JJ,pockethandkerchief,0,2,4.954196310386875,5.834117268377349e-05,9.90839262077375,0.03225806451612903,4.954196310386875,0.1598127842060282
pail,2,1.9792965580032857e-05,15.62465268685824,4,NN,NN,pail,0,2,4.954196310386875,0.00014328110082165852,9.90839262077375,0.03225806451612903,4.954196310386875,0.1598127842060282
nailed,2,1.9792965580032857e-05,15.62465268685824,6,VB,VBD,nail,0,2,4.954196310386875,0.000138105342661452,9.90839262077375,0.03225806451612903,4.954196310386875,0.1598127842060282
league,2,1.9792965580032857e-05,15.62465268685824,6,NN,NN,leagu,0,1,5.954196310386875,7.196360012070336e-05,5.954196310386875,0.016129032258064516,5.954196310386875,0.09603542436107862
sign,2,1.9792965580032857e-05,15.62465268685824,4,NN,NN,sign,0,1,5.954196310386875,0.000246560781414836,5.954196310386875,0.016129032258064516,5.954196310386875,0.09603542436107862
cards,2,1.9792965580032857e-05,15.62465268685824,5,NN,NNS,card,0,2,4.954196310386875,5.461376156585801e-05,9.90839262077375,0.03225806451612903,4.954196310386875,0.1598127842060282
aha,2,1.9792965580032857e-05,15.62465268685824,3,NN,NNP,aha,0,2,4.954196310386875,0.00010223778134254075,9.90839262077375,0.03225806451612903,4.954196310386875,0.1598127842060282
hobgoblin,2,1.9792965580032857e-05,15.62465268685824,9,NN,NN,hobgoblin,0,2,4.954196310386875,0.00012810149789243083,9.90839262077375,0.03225806451612903,4.954196310386875,0.1598127842060282
upset,2,1.9792965580032857e-05,15.62465268685824,5,VB,VBD,upset,0,1,5.954196310386875,0.00010019345264588275,5.954196310386875,0.016129032258064516,5.954196310386875,0.09603542436107862
espied,2,1.9792965580032857e-05,15.62465268685824,6,VB,VBD,espi,0,1,5.954196310386875,0.0002197606964784408,5.954196310386875,0.016129032258064516,5.954196310386875,0.09603542436107862
peartree,2,1.9792965580032857e-05,15.62465268685824,8,JJ,JJ,peartre,0,1,5.954196310386875,7.418727258484251e-05,5.954196310386875,0.016129032258064516,5.954196310386875,0.09603542436107862
roadside,2,1.9792965580032857e-05,15.62465268685824,8,NN,NN,roadsid,0,2,4.954196310386875,9.20989783218069e-05,9.90839262077375,0.03225806451612903,4.954196310386875,0.1598127842060282
clutched,2,1.9792965580032857e-05,15.62465268685824,8,VB,VBD,clutch,0,1,5.954196310386875,0.0001359312446724397,5.954196310386875,0.016129032258064516,5.954196310386875,0.09603542436107862
poured,2,1.9792965580032857e-05,15.62465268685824,6,VB,VBD,pour,0,2,4.954196310386875,6.983892395032173e-05,9.90839262077375,0.03225806451612903,4.954196310386875,0.1598127842060282
gallop,2,1.9792965580032857e-05,15.62465268685824,6,NN,NN,gallop,0,2,4.954196310386875,6.504918044734586e-05,9.90839262077375,0.03225806451612903,4.954196310386875,0.1598127842060282
fry,2,1.9792965580032857e-05,15.62465268685824,3,VB,VB,fri,0,1,5.954196310386875,0.00010019345264588275,5.954196310386875,0.016129032258064516,5.954196310386875,0.09603542436107862
cardplaying,1,9.896482790016429e-06,16.62465268685824,11,NN,NN,cardplay,0,1,5.954196310386875,2.5252543876171084e-05,5.954196310386875,0.016129032258064516,5.954196310386875,0.09603542436107862
tremendous,1,9.896482790016429e-06,16.62465268685824,10,JJ,JJ,tremend,0,1,5.954196310386875,2.5252543876171084e-05,5.954196310386875,0.016129032258064516,5.954196310386875,0.09603542436107862
throats,1,9.896482790016429e-06,16.62465268685824,7,NN,NNS,throat,0,1,5.954196310386875,2.5252543876171084e-05,5.954196310386875,0.016129032258064516,5.954196310386875,0.09603542436107862
suck,1,9.896482790016429e-06,16.62465268685824,4,VB,VB,suck,0,1,5.954196310386875,5.0096726322941376e-05,5.954196310386875,0.016129032258064516,5.954196310386875,0.09603542436107862
fancy,1,9.896482790016429e-06,16.62465268685824,5,NN,NN,fanci,0,1,5.954196310386875,2.5252543876171084e-05,5.954196310386875,0.016129032258064516,5.954196310386875,0.09603542436107862
blackened,1,9.896482790016429e-06,16.62465268685824,9,VB,VBD,blacken,0,1,5.954196310386875,4.4960404663426326e-05,5.954196310386875,0.016129032258064516,5.954196310386875,0.09603542436107862
claws,1,9.896482790016429e-06,16.62465268685824,5,NN,NNS,claw,0,1,5.954196310386875,2.5252543876171084e-05,5.954196310386875,0.016129032258064516,5.954196310386875,0.09603542436107862
screwed,1,9.896482790016429e-06,16.62465268685824,7,VB,VBD,screw,0,1,5.954196310386875,2.5252543876171084e-05,5.954196310386875,0.016129032258064516,5.954196310386875,0.09603542436107862
savagely,1,9.896482790016429e-06,16.62465268685824,8,RB,RB,savag,0,1,5.954196310386875,2.5252543876171084e-05,5.954196310386875,0.016129032258064516,5.954196310386875,0.09603542436107862
finally,1,9.896482790016429e-06,16.62465268685824,7,RB,RB,final,0,1,5.954196310386875,3.968405965333828e-05,5.954196310386875,0.016129032258064516,5.954196310386875,0.09603542436107862
miau,1,9.896482790016429e-06,16.62465268685824,4,NN,NN,miau,0,1,5.954196310386875,2.5252543876171084e-05,5.954196310386875,0.016129032258064516,5.954196310386875,0.09603542436107862
ropemaker,1,9.896482790016429e-06,16.62465268685824,9,NN,NN,ropemak,0,1,5.954196310386875,2.5252543876171084e-05,5.954196310386875,0.016129032258064516,5.954196310386875,0.09603542436107862
stoked,1,9.896482790016429e-06,16.62465268685824,6,VB,VBD,stoke,0,1,5.954196310386875,2.5252543876171084e-05,5.954196310386875,0.016129032258064516,5.954196310386875,0.09603542436107862
deck,1,9.896482790016429e-06,16.62465268685824,4,VB,VB,deck,0,1,5.954196310386875,5.3116938252808974e-05,5.954196310386875,0.016129032258064516,5.954196310386875,0.09603542436107862
unbound,1,9.896482790016429e-06,16.62465268685824,7,IN,IN,unbound,0,1,5.954196310386875,2.5252543876171084e-05,5.954196310386875,0.016129032258064516,5.954196310386875,0.09603542436107862
freeze,1,9.896482790016429e-06,16.62465268685824,6,VB,VB,freez,0,1,5.954196310386875,2.5252543876171084e-05,5.954196310386875,0.016129032258064516,5.954196310386875,0.09603542436107862
shiver,1,9.896482790016429e-06,16.62465268685824,6,VB,VBP,shiver,0,1,5.954196310386875,2.5252543876171084e-05,5.954196310386875,0.016129032258064516,5.954196310386875,0.09603542436107862
endured,1,9.896482790016429e-06,16.62465268685824,7,VB,VBN,endur,0,1,5.954196310386875,5.0096726322941376e-05,5.954196310386875,0.016129032258064516,5.954196310386875,0.09603542436107862
sharply,1,9.896482790016429e-06,16.62465268685824,7,RB,RB,sharpli,0,1,5.954196310386875,2.5252543876171084e-05,5.954196310386875,0.016129032258064516,5.954196310386875,0.09603542436107862
highway,1,9.896482790016429e-06,16.62465268685824,7,NN,NN,highway,0,1,5.954196310386875,2.5252543876171084e-05,5.954196310386875,0.016129032258064516,5.954196310386875,0.09603542436107862
au,1,9.896482790016429e-06,16.62465268685824,2,NN,NNP,au,0,1,5.954196310386875,2.5252543876171084e-05,5.954196310386875,0.016129032258064516,5.954196310386875,0.09603542436107862
unhappiness,1,9.896482790016429e-06,16.62465268685824,11,NN,NN,unhappi,0,1,5.954196310386875,2.5252543876171084e-05,5.954196310386875,0.016129032258064516,5.954196310386875,0.09603542436107862
ballroom,1,9.896482790016429e-06,16.62465268685824,8,NN,NN,ballroom,0,1,5.954196310386875,4.4960404663426326e-05,5.954196310386875,0.016129032258064516,5.954196310386875,0.09603542436107862
cured,1,9.896482790016429e-06,16.62465268685824,5,VB,VBN,cure,0,1,5.954196310386875,5.0096726322941376e-05,5.954196310386875,0.016129032258064516,5.954196310386875,0.09603542436107862
screams,1,9.896482790016429e-06,16.62465268685824,7,NN,NNS,scream,0,1,5.954196310386875,2.5252543876171084e-05,5.954196310386875,0.016129032258064516,5.954196310386875,0.09603542436107862
beyond,1,9.896482790016429e-06,16.62465268685824,6,IN,IN,beyond,0,1,5.954196310386875,4.4960404663426326e-05,5.954196310386875,0.016129032258064516,5.954196310386875,0.09603542436107862
scoundrel,1,9.896482790016429e-06,16.62465268685824,9,NN,NN,scoundrel,0,1,5.954196310386875,2.5252543876171084e-05,5.954196310386875,0.016129032258064516,5.954196310386875,0.09603542436107862
uttered,1,9.896482790016429e-06,16.62465268685824,7,VB,VBD,utter,0,1,5.954196310386875,2.5252543876171084e-05,5.954196310386875,0.016129032258064516,5.954196310386875,0.09603542436107862
carts,1,9.896482790016429e-06,16.62465268685824,5,NN,NNS,cart,0,1,5.954196310386875,5.3116938252808974e-05,5.954196310386875,0.016129032258064516,5.954196310386875,0.09603542436107862
mouths,1,9.896482790016429e-06,16.62465268685824,6,NN,NNS,mouth,0,1,5.954196310386875,2.5252543876171084e-05,5.954196310386875,0.016129032258064516,5.954196310386875,0.09603542436107862
mutter,1,9.896482790016429e-06,16.62465268685824,6,VB,VB,mutter,0,1,5.954196310386875,2.5252543876171084e-05,5.954196310386875,0.016129032258064516,5.954196310386875,0.09603542436107862
sculliongirl,1,9.896482790016429e-06,16.62465268685824,12,JJ,JJ,sculliongirl,0,1,5.954196310386875,4.4960404663426326e-05,5.954196310386875,0.016129032258064516,5.954196310386875,0.09603542436107862
poke,1,9.896482790016429e-06,16.62465268685824,4,VB,VB,poke,0,1,5.954196310386875,2.5252543876171084e-05,5.954196310386875,0.016129032258064516,5.954196310386875,0.09603542436107862
turninglathe,1,9.896482790016429e-06,16.62465268685824,12,NN,NN,turninglath,0,1,5.954196310386875,2.5252543876171084e-05,5.954196310386875,0.016129032258064516,5.954196310386875,0.09603542436107862
confined,1,9.896482790016429e-06,16.62465268685824,8,VB,VBN,confin,0,1,5.954196310386875,5.3116938252808974e-05,5.954196310386875,0.016129032258064516,5.954196310386875,0.09603542436107862
furskin,1,9.896482790016429e-06,16.62465268685824,7,JJ,JJ,furskin,0,1,5.954196310386875,4.4960404663426326e-05,5.954196310386875,0.016129032258064516,5.954196310386875,0.09603542436107862
toasted,1,9.896482790016429e-06,16.62465268685824,7,VB,VBD,toast,0,1,5.954196310386875,4.4960404663426326e-05,5.954196310386875,0.016129032258064516,5.954196310386875,0.09603542436107862
guarded,1,9.896482790016429e-06,16.62465268685824,7,VB,VBN,guard,0,1,5.954196310386875,2.5252543876171084e-05,5.954196310386875,0.016129032258064516,5.954196310386875,0.09603542436107862
slopping,1,9.896482790016429e-06,16.62465268685824,8,VB,VBG,slop,0,1,5.954196310386875,5.0096726322941376e-05,5.954196310386875,0.016129032258064516,5.954196310386875,0.09603542436107862
redhot,1,9.896482790016429e-06,16.62465268685824,6,JJ,JJ,redhot,0,1,5.954196310386875,2.5252543876171084e-05,5.954196310386875,0.016129032258064516,5.954196310386875,0.09603542436107862
liquor,1,9.896482790016429e-06,16.62465268685824,6,NN,NN,liquor,0,1,5.954196310386875,5.0096726322941376e-05,5.954196310386875,0.016129032258064516,5.954196310386875,0.09603542436107862
possibly,1,9.896482790016429e-06,16.62465268685824,8,RB,RB,possibl,0,1,5.954196310386875,5.3116938252808974e-05,5.954196310386875,0.016129032258064516,5.954196310386875,0.09603542436107862
stationed,1,9.896482790016429e-06,16.62465268685824,9,VB,VBD,station,0,1,5.954196310386875,5.3116938252808974e-05,5.954196310386875,0.016129032258064516,5.954196310386875,0.09603542436107862
persons,1,9.896482790016429e-06,16.62465268685824,7,NN,NNS,person,0,1,5.954196310386875,2.5252543876171084e-05,5.954196310386875,0.016129032258064516,5.954196310386875,0.09603542436107862
hostess,1,9.896482790016429e-06,16.62465268685824,7,NN,NN,hostess,0,1,5.954196310386875,2.5252543876171084e-05,5.954196310386875,0.016129032258064516,5.954196310386875,0.09603542436107862
muttering,1,9.896482790016429e-06,16.62465268685824,9,VB,VBG,mutter,0,1,5.954196310386875,2.5252543876171084e-05,5.954196310386875,0.016129032258064516,5.954196310386875,0.09603542436107862
leisurely,1,9.896482790016429e-06,16.62465268685824,9,RB,RB,leisur,0,1,5.954196310386875,5.0096726322941376e-05,5.954196310386875,0.016129032258064516,5.954196310386875,0.09603542436107862
beating,1,9.896482790016429e-06,16.62465268685824,7,NN,NN,beat,0,1,5.954196310386875,4.4960404663426326e-05,5.954196310386875,0.016129032258064516,5.954196310386875,0.09603542436107862
snuff,1,9.896482790016429e-06,16.62465268685824,5,VB,VB,snuff,0,1,5.954196310386875,4.4960404663426326e-05,5.954196310386875,0.016129032258064516,5.954196310386875,0.09603542436107862
cooks,1,9.896482790016429e-06,16.62465268685824,5,NN,NNS,cook,0,1,5.954196310386875,5.3116938252808974e-05,5.954196310386875,0.016129032258064516,5.954196310386875,0.09603542436107862
recover,1,9.896482790016429e-06,16.62465268685824,7,VB,VB,recov,0,1,5.954196310386875,0.00013622046008663637,5.954196310386875,0.016129032258064516,5.954196310386875,0.09603542436107862
alarm,1,9.896482790016429e-06,16.62465268685824,5,NN,NN,alarm,0,1,5.954196310386875,0.00013622046008663637,5.954196310386875,0.016129032258064516,5.954196310386875,0.09603542436107862
flurry,1,9.896482790016429e-06,16.62465268685824,6,NN,NN,flurri,0,1,5.954196310386875,0.00013622046008663637,5.954196310386875,0.016129032258064516,5.954196310386875,0.09603542436107862
sheer,1,9.896482790016429e-06,16.62465268685824,5,NN,NN,sheer,0,1,5.954196310386875,0.00019054647690690203,5.954196310386875,0.016129032258064516,5.954196310386875,0.09603542436107862
image,1,9.896482790016429e-06,16.62465268685824,5,NN,NN,imag,0,1,5.954196310386875,4.4960404663426326e-05,5.954196310386875,0.016129032258064516,5.954196310386875,0.09603542436107862
emptying,1,9.896482790016429e-06,16.62465268685824,8,VB,VBG,empti,0,1,5.954196310386875,0.00019054647690690203,5.954196310386875,0.016129032258064516,5.954196310386875,0.09603542436107862
quicker,1,9.896482790016429e-06,16.62465268685824,7,NN,NN,quicker,0,1,5.954196310386875,0.00019054647690690203,5.954196310386875,0.016129032258064516,5.954196310386875,0.09603542436107862
carelessly,1,9.896482790016429e-06,16.62465268685824,10,RB,RB,carelessli,0,1,5.954196310386875,0.00013622046008663637,5.954196310386875,0.016129032258064516,5.954196310386875,0.09603542436107862
blaze,1,9.896482790016429e-06,16.62465268685824,5,VB,VB,blaze,0,1,5.954196310386875,0.00013622046008663637,5.954196310386875,0.016129032258064516,5.954196310386875,0.09603542436107862
sprawl,1,9.896482790016429e-06,16.62465268685824,6,VB,VB,sprawl,0,1,5.954196310386875,2.5252543876171084e-05,5.954196310386875,0.016129032258064516,5.954196310386875,0.09603542436107862
bucket,1,9.896482790016429e-06,16.62465268685824,6,NN,NN,bucket,0,1,5.954196310386875,2.5252543876171084e-05,5.954196310386875,0.016129032258064516,5.954196310386875,0.09603542436107862
destroyed,1,9.896482790016429e-06,16.62465268685824,9,VB,VBN,destroy,0,1,5.954196310386875,0.00019054647690690203,5.954196310386875,0.016129032258064516,5.954196310386875,0.09603542436107862
workmen,1,9.896482790016429e-06,16.62465268685824,7,NN,NNS,workmen,0,1,5.954196310386875,4.4960404663426326e-05,5.954196310386875,0.016129032258064516,5.954196310386875,0.09603542436107862
flowed,1,9.896482790016429e-06,16.62465268685824,6,VB,VBD,flow,0,1,5.954196310386875,2.5252543876171084e-05,5.954196310386875,0.016129032258064516,5.954196310386875,0.09603542436107862
dull,1,9.896482790016429e-06,16.62465268685824,4,NN,NN,dull,0,1,5.954196310386875,0.00038414169744431455,5.954196310386875,0.016129032258064516,5.954196310386875,0.09603542436107862
tablecloth,1,9.896482790016429e-06,16.62465268685824,10,JJ,JJ,tablecloth,0,1,5.954196310386875,0.00038414169744431455,5.954196310386875,0.016129032258064516,5.954196310386875,0.09603542436107862
angered,1,9.896482790016429e-06,16.62465268685824,7,VB,VBD,anger,0,1,5.954196310386875,2.5252543876171084e-05,5.954196310386875,0.016129032258064516,5.954196310386875,0.09603542436107862
howsoever,1,9.896482790016429e-06,16.62465268685824,9,RB,RB,howsoev,0,1,5.954196310386875,2.5252543876171084e-05,5.954196310386875,0.016129032258064516,5.954196310386875,0.09603542436107862
bearded,1,9.896482790016429e-06,16.62465268685824,7,JJ,JJ,beard,0,1,5.954196310386875,2.5252543876171084e-05,5.954196310386875,0.016129032258064516,5.954196310386875,0.09603542436107862
moaned,1,9.896482790016429e-06,16.62465268685824,6,VB,VBD,moan,0,1,5.954196310386875,2.5252543876171084e-05,5.954196310386875,0.016129032258064516,5.954196310386875,0.09603542436107862
disgusted,1,9.896482790016429e-06,16.62465268685824,9,VB,VBN,disgust,0,1,5.954196310386875,0.00038414169744431455,5.954196310386875,0.016129032258064516,5.954196310386875,0.09603542436107862
purest,1,9.896482790016429e-06,16.62465268685824,6,JJ,JJS,purest,0,1,5.954196310386875,4.4960404663426326e-05,5.954196310386875,0.016129032258064516,5.954196310386875,0.09603542436107862
verily,1,9.896482790016429e-06,16.62465268685824,6,RB,RB,verili,0,1,5.954196310386875,9.749789275236409e-05,5.954196310386875,0.016129032258064516,5.954196310386875,0.09603542436107862
yelled,1,9.896482790016429e-06,16.62465268685824,6,VB,VBD,yell,0,1,5.954196310386875,2.5252543876171084e-05,5.954196310386875,0.016129032258064516,5.954196310386875,0.09603542436107862
regarded,1,9.896482790016429e-06,16.62465268685824,8,VB,VBN,regard,0,1,5.954196310386875,0.00013622046008663637,5.954196310386875,0.016129032258064516,5.954196310386875,0.09603542436107862
prudently,1,9.896482790016429e-06,16.62465268685824,9,RB,RB,prudent,0,1,5.954196310386875,0.00019054647690690203,5.954196310386875,0.016129032258064516,5.954196310386875,0.09603542436107862
breathed,1,9.896482790016429e-06,16.62465268685824,8,VB,VBD,breath,0,1,5.954196310386875,0.00019054647690690203,5.954196310386875,0.016129032258064516,5.954196310386875,0.09603542436107862
hissed,1,9.896482790016429e-06,16.62465268685824,6,VB,VBD,hiss,0,1,5.954196310386875,0.00019054647690690203,5.954196310386875,0.016129032258064516,5.954196310386875,0.09603542436107862
ventured,1,9.896482790016429e-06,16.62465268685824,8,VB,VBD,ventur,0,1,5.954196310386875,0.00019054647690690203,5.954196310386875,0.016129032258064516,5.954196310386875,0.09603542436107862
rushing,1,9.896482790016429e-06,16.62465268685824,7,VB,VBG,rush,0,1,5.954196310386875,0.00019054647690690203,5.954196310386875,0.016129032258064516,5.954196310386875,0.09603542436107862
newlybuilt,1,9.896482790016429e-06,16.62465268685824,10,JJ,JJ,newlybuilt,0,1,5.954196310386875,0.00019054647690690203,5.954196310386875,0.016129032258064516,5.954196310386875,0.09603542436107862
lots,1,9.896482790016429e-06,16.62465268685824,4,NN,NNS,lot,0,1,5.954196310386875,0.00013622046008663637,5.954196310386875,0.016129032258064516,5.954196310386875,0.09603542436107862
print,1,9.896482790016429e-06,16.62465268685824,5,NN,NN,print,0,1,5.954196310386875,9.749789275236409e-05,5.954196310386875,0.016129032258064516,5.954196310386875,0.09603542436107862
tripped,1,9.896482790016429e-06,16.62465268685824,7,VB,VBD,trip,0,1,5.954196310386875,0.00019054647690690203,5.954196310386875,0.016129032258064516,5.954196310386875,0.09603542436107862
legitimate,1,9.896482790016429e-06,16.62465268685824,10,JJ,JJ,legitim,0,1,5.954196310386875,0.00013622046008663637,5.954196310386875,0.016129032258064516,5.954196310386875,0.09603542436107862
office,1,9.896482790016429e-06,16.62465268685824,6,NN,NN,offic,0,1,5.954196310386875,5.0096726322941376e-05,5.954196310386875,0.016129032258064516,5.954196310386875,0.09603542436107862
barefaced,1,9.896482790016429e-06,16.62465268685824,9,JJ,JJ,barefac,0,1,5.954196310386875,0.00013622046008663637,5.954196310386875,0.016129032258064516,5.954196310386875,0.09603542436107862
disposition,1,9.896482790016429e-06,16.62465268685824,11,NN,NN,disposit,0,1,5.954196310386875,0.00019054647690690203,5.954196310386875,0.016129032258064516,5.954196310386875,0.09603542436107862
robbery,1,9.896482790016429e-06,16.62465268685824,7,NN,NN,robberi,0,1,5.954196310386875,0.00013622046008663637,5.954196310386875,0.016129032258064516,5.954196310386875,0.09603542436107862
impetuous,1,9.896482790016429e-06,16.62465268685824,9,JJ,JJ,impetu,0,1,5.954196310386875,0.00019054647690690203,5.954196310386875,0.016129032258064516,5.954196310386875,0.09603542436107862
credentials,1,9.896482790016429e-06,16.62465268685824,11,NN,NNS,credenti,0,1,5.954196310386875,0.00013622046008663637,5.954196310386875,0.016129032258064516,5.954196310386875,0.09603542436107862
forfeited,1,9.896482790016429e-06,16.62465268685824,9,VB,VBN,forfeit,0,1,5.954196310386875,0.00013622046008663637,5.954196310386875,0.016129032258064516,5.954196310386875,0.09603542436107862
proposition,1,9.896482790016429e-06,16.62465268685824,11,NN,NN,proposit,0,1,5.954196310386875,0.00019054647690690203,5.954196310386875,0.016129032258064516,5.954196310386875,0.09603542436107862
foreign,1,9.896482790016429e-06,16.62465268685824,7,JJ,JJ,foreign,0,1,5.954196310386875,0.00019054647690690203,5.954196310386875,0.016129032258064516,5.954196310386875,0.09603542436107862
repair,1,9.896482790016429e-06,16.62465268685824,6,NN,NN,repair,0,1,5.954196310386875,0.00019054647690690203,5.954196310386875,0.016129032258064516,5.954196310386875,0.09603542436107862
hunters,1,9.896482790016429e-06,16.62465268685824,7,NN,NNS,hunter,0,1,5.954196310386875,4.4960404663426326e-05,5.954196310386875,0.016129032258064516,5.954196310386875,0.09603542436107862
forge,1,9.896482790016429e-06,16.62465268685824,5,NN,NN,forg,0,1,5.954196310386875,2.5252543876171084e-05,5.954196310386875,0.016129032258064516,5.954196310386875,0.09603542436107862
smith,1,9.896482790016429e-06,16.62465268685824,5,NN,NN,smith,0,1,5.954196310386875,2.5252543876171084e-05,5.954196310386875,0.016129032258064516,5.954196310386875,0.09603542436107862
shed,1,9.896482790016429e-06,16.62465268685824,4,VB,VBD,shed,0,1,5.954196310386875,5.3116938252808974e-05,5.954196310386875,0.016129032258064516,5.954196310386875,0.09603542436107862
hullo,1,9.896482790016429e-06,16.62465268685824,5,NN,NNP,hullo,0,1,5.954196310386875,2.5252543876171084e-05,5.954196310386875,0.016129032258064516,5.954196310386875,0.09603542436107862
motionless,1,9.896482790016429e-06,16.62465268685824,10,NN,NN,motionless,0,1,5.954196310386875,2.5252543876171084e-05,5.954196310386875,0.016129032258064516,5.954196310386875,0.09603542436107862
poultry,1,9.896482790016429e-06,16.62465268685824,7,NN,NN,poultri,0,1,5.954196310386875,4.4960404663426326e-05,5.954196310386875,0.016129032258064516,5.954196310386875,0.09603542436107862
innkeeper,1,9.896482790016429e-06,16.62465268685824,9,NN,NN,innkeep,0,1,5.954196310386875,2.5252543876171084e-05,5.954196310386875,0.016129032258064516,5.954196310386875,0.09603542436107862
past,1,9.896482790016429e-06,16.62465268685824,4,RB,RB,past,0,1,5.954196310386875,2.5252543876171084e-05,5.954196310386875,0.016129032258064516,5.954196310386875,0.09603542436107862
sift,1,9.896482790016429e-06,16.62465268685824,4,VB,VB,sift,0,1,5.954196310386875,4.4960404663426326e-05,5.954196310386875,0.016129032258064516,5.954196310386875,0.09603542436107862
upside,1,9.896482790016429e-06,16.62465268685824,6,JJ,JJ,upsid,0,1,5.954196310386875,2.5252543876171084e-05,5.954196310386875,0.016129032258064516,5.954196310386875,0.09603542436107862
thresholds,1,9.896482790016429e-06,16.62465268685824,10,NN,NNS,threshold,0,1,5.954196310386875,2.5252543876171084e-05,5.954196310386875,0.016129032258064516,5.954196310386875,0.09603542436107862
plunge,1,9.896482790016429e-06,16.62465268685824,6,NN,NN,plung,0,1,5.954196310386875,5.3116938252808974e-05,5.954196310386875,0.016129032258064516,5.954196310386875,0.09603542436107862
harmed,1,9.896482790016429e-06,16.62465268685824,6,VB,VBN,harm,0,1,5.954196310386875,5.3116938252808974e-05,5.954196310386875,0.016129032258064516,5.954196310386875,0.09603542436107862
passages,1,9.896482790016429e-06,16.62465268685824,8,NN,NNS,passag,0,1,5.954196310386875,2.5252543876171084e-05,5.954196310386875,0.016129032258064516,5.954196310386875,0.09603542436107862
manages,1,9.896482790016429e-06,16.62465268685824,7,VB,VBZ,manag,0,1,5.954196310386875,5.0096726322941376e-05,5.954196310386875,0.016129032258064516,5.954196310386875,0.09603542436107862
quilt,1,9.896482790016429e-06,16.62465268685824,5,NN,NN,quilt,0,1,5.954196310386875,5.3116938252808974e-05,5.954196310386875,0.016129032258064516,5.954196310386875,0.09603542436107862
embers,1,9.896482790016429e-06,16.62465268685824,6,NN,NNS,ember,0,1,5.954196310386875,2.5252543876171084e-05,5.954196310386875,0.016129032258064516,5.954196310386875,0.09603542436107862
fanned,1,9.896482790016429e-06,16.62465268685824,6,VB,VBD,fan,0,1,5.954196310386875,2.5252543876171084e-05,5.954196310386875,0.016129032258064516,5.954196310386875,0.09603542436107862
pronounce,1,9.896482790016429e-06,16.62465268685824,9,VB,VB,pronounc,0,1,5.954196310386875,5.3116938252808974e-05,5.954196310386875,0.016129032258064516,5.954196310386875,0.09603542436107862
vermin,1,9.896482790016429e-06,16.62465268685824,6,FW,FW,vermin,0,1,5.954196310386875,2.5252543876171084e-05,5.954196310386875,0.016129032258064516,5.954196310386875,0.09603542436107862
sentence,1,9.896482790016429e-06,16.62465268685824,8,NN,NN,sentenc,0,1,5.954196310386875,5.3116938252808974e-05,5.954196310386875,0.016129032258064516,5.954196310386875,0.09603542436107862
spoil,1,9.896482790016429e-06,16.62465268685824,5,VB,VB,spoil,0,1,5.954196310386875,5.0096726322941376e-05,5.954196310386875,0.016129032258064516,5.954196310386875,0.09603542436107862
cuttingknife,1,9.896482790016429e-06,16.62465268685824,12,NN,NN,cuttingknif,0,1,5.954196310386875,2.5252543876171084e-05,5.954196310386875,0.016129032258064516,5.954196310386875,0.09603542436107862
stoke,1,9.896482790016429e-06,16.62465268685824,5,VB,VB,stoke,0,1,5.954196310386875,2.5252543876171084e-05,5.954196310386875,0.016129032258064516,5.954196310386875,0.09603542436107862
besmeared,1,9.896482790016429e-06,16.62465268685824,9,VB,VBD,besmear,0,1,5.954196310386875,4.4960404663426326e-05,5.954196310386875,0.016129032258064516,5.954196310386875,0.09603542436107862
walled,1,9.896482790016429e-06,16.62465268685824,6,VB,VBD,wall,0,1,5.954196310386875,5.3116938252808974e-05,5.954196310386875,0.016129032258064516,5.954196310386875,0.09603542436107862
suckle,1,9.896482790016429e-06,16.62465268685824,6,VB,VB,suckl,0,1,5.954196310386875,5.3116938252808974e-05,5.954196310386875,0.016129032258064516,5.954196310386875,0.09603542436107862
fiend,1,9.896482790016429e-06,16.62465268685824,5,NN,NN,fiend,0,1,5.954196310386875,2.5252543876171084e-05,5.954196310386875,0.016129032258064516,5.954196310386875,0.09603542436107862
strangle,1,9.896482790016429e-06,16.62465268685824,8,VB,VB,strangl,0,1,5.954196310386875,2.5252543876171084e-05,5.954196310386875,0.016129032258064516,5.954196310386875,0.09603542436107862
bruised,1,9.896482790016429e-06,16.62465268685824,7,VB,VBN,bruis,0,1,5.954196310386875,5.0096726322941376e-05,5.954196310386875,0.016129032258064516,5.954196310386875,0.09603542436107862
circulate,1,9.896482790016429e-06,16.62465268685824,9,VB,VB,circul,0,1,5.954196310386875,2.5252543876171084e-05,5.954196310386875,0.016129032258064516,5.954196310386875,0.09603542436107862
halfpence,1,9.896482790016429e-06,16.62465268685824,9,NN,NN,halfpenc,0,1,5.954196310386875,0.00038414169744431455,5.954196310386875,0.016129032258064516,5.954196310386875,0.09603542436107862
furs,1,9.896482790016429e-06,16.62465268685824,4,NN,NN,fur,0,1,5.954196310386875,4.4960404663426326e-05,5.954196310386875,0.016129032258064516,5.954196310386875,0.09603542436107862
ice,1,9.896482790016429e-06,16.62465268685824,3,NN,NN,ice,0,1,5.954196310386875,2.5252543876171084e-05,5.954196310386875,0.016129032258064516,5.954196310386875,0.09603542436107862
beckoned,1,9.896482790016429e-06,16.62465268685824,8,VB,VBD,beckon,0,1,5.954196310386875,2.5252543876171084e-05,5.954196310386875,0.016129032258064516,5.954196310386875,0.09603542436107862
grandson,1,9.896482790016429e-06,16.62465268685824,8,NN,NN,grandson,0,1,5.954196310386875,0.00038414169744431455,5.954196310386875,0.016129032258064516,5.954196310386875,0.09603542436107862
shuddered,1,9.896482790016429e-06,16.62465268685824,9,VB,VBD,shudder,0,1,5.954196310386875,2.5252543876171084e-05,5.954196310386875,0.016129032258064516,5.954196310386875,0.09603542436107862
farthings,1,9.896482790016429e-06,16.62465268685824,9,NN,NNS,farth,0,1,5.954196310386875,2.5252543876171084e-05,5.954196310386875,0.016129032258064516,5.954196310386875,0.09603542436107862
inquire,1,9.896482790016429e-06,16.62465268685824,7,VB,VB,inquir,0,1,5.954196310386875,2.5252543876171084e-05,5.954196310386875,0.016129032258064516,5.954196310386875,0.09603542436107862
hurrah,1,9.896482790016429e-06,16.62465268685824,6,NN,NNP,hurrah,0,1,5.954196310386875,2.5252543876171084e-05,5.954196310386875,0.016129032258064516,5.954196310386875,0.09603542436107862
balls,1,9.896482790016429e-06,16.62465268685824,5,NN,NNS,ball,0,1,5.954196310386875,2.5252543876171084e-05,5.954196310386875,0.016129032258064516,5.954196310386875,0.09603542436107862
bits,1,9.896482790016429e-06,16.62465268685824,4,NN,NNS,bit,0,1,5.954196310386875,0.00038414169744431455,5.954196310386875,0.016129032258064516,5.954196310386875,0.09603542436107862
join,1,9.896482790016429e-06,16.62465268685824,4,VB,VB,join,0,1,5.954196310386875,2.5252543876171084e-05,5.954196310386875,0.016129032258064516,5.954196310386875,0.09603542436107862
spill,1,9.896482790016429e-06,16.62465268685824,5,VB,VB,spill,0,1,5.954196310386875,0.00038414169744431455,5.954196310386875,0.016129032258064516,5.954196310386875,0.09603542436107862
fastest,1,9.896482790016429e-06,16.62465268685824,7,JJ,JJS,fastest,0,1,5.954196310386875,5.0096726322941376e-05,5.954196310386875,0.016129032258064516,5.954196310386875,0.09603542436107862
musing,1,9.896482790016429e-06,16.62465268685824,6,VB,VBG,muse,0,1,5.954196310386875,5.0096726322941376e-05,5.954196310386875,0.016129032258064516,5.954196310386875,0.09603542436107862
halfhour,1,9.896482790016429e-06,16.62465268685824,8,JJ,JJ,halfhour,0,1,5.954196310386875,4.4960404663426326e-05,5.954196310386875,0.016129032258064516,5.954196310386875,0.09603542436107862
waitingmaids,1,9.896482790016429e-06,16.62465268685824,12,NN,NNS,waitingmaid,0,1,5.954196310386875,5.3116938252808974e-05,5.954196310386875,0.016129032258064516,5.954196310386875,0.09603542436107862
blacken,1,9.896482790016429e-06,16.62465268685824,7,VB,VB,blacken,0,1,5.954196310386875,4.4960404663426326e-05,5.954196310386875,0.016129032258064516,5.954196310386875,0.09603542436107862
glee,1,9.896482790016429e-06,16.62465268685824,4,NN,NN,glee,0,1,5.954196310386875,0.00010271168380864025,5.954196310386875,0.016129032258064516,5.954196310386875,0.09603542436107862
sprinkle,1,9.896482790016429e-06,16.62465268685824,8,VB,VB,sprinkl,0,1,5.954196310386875,6.510876227869739e-05,5.954196310386875,0.016129032258064516,5.954196310386875,0.09603542436107862
observe,1,9.896482790016429e-06,16.62465268685824,7,VB,VB,observ,0,1,5.954196310386875,0.00010271168380864025,5.954196310386875,0.016129032258064516,5.954196310386875,0.09603542436107862
explain,1,9.896482790016429e-06,16.62465268685824,7,VB,VB,explain,0,1,5.954196310386875,6.510876227869739e-05,5.954196310386875,0.016129032258064516,5.954196310386875,0.09603542436107862
crabs,1,9.896482790016429e-06,16.62465268685824,5,NN,NNS,crab,0,1,5.954196310386875,0.000123280390707418,5.954196310386875,0.016129032258064516,5.954196310386875,0.09603542436107862
mistake,1,9.896482790016429e-06,16.62465268685824,7,VB,VB,mistak,0,1,5.954196310386875,6.510876227869739e-05,5.954196310386875,0.016129032258064516,5.954196310386875,0.09603542436107862
spoilt,1,9.896482790016429e-06,16.62465268685824,6,VB,VBN,spoilt,0,1,5.954196310386875,0.00010271168380864025,5.954196310386875,0.016129032258064516,5.954196310386875,0.09603542436107862
enormous,1,9.896482790016429e-06,16.62465268685824,8,JJ,JJ,enorm,0,1,5.954196310386875,0.00010271168380864025,5.954196310386875,0.016129032258064516,5.954196310386875,0.09603542436107862
inward,1,9.896482790016429e-06,16.62465268685824,6,NN,NN,inward,0,1,5.954196310386875,6.510876227869739e-05,5.954196310386875,0.016129032258064516,5.954196310386875,0.09603542436107862
fault,1,9.896482790016429e-06,16.62465268685824,5,NN,NN,fault,0,1,5.954196310386875,6.510876227869739e-05,5.954196310386875,0.016129032258064516,5.954196310386875,0.09603542436107862
suitable,1,9.896482790016429e-06,16.62465268685824,8,JJ,JJ,suitabl,0,1,5.954196310386875,6.510876227869739e-05,5.954196310386875,0.016129032258064516,5.954196310386875,0.09603542436107862
reaching,1,9.896482790016429e-06,16.62465268685824,8,VB,VBG,reach,0,1,5.954196310386875,6.510876227869739e-05,5.954196310386875,0.016129032258064516,5.954196310386875,0.09603542436107862
provided,1,9.896482790016429e-06,16.62465268685824,8,VB,VBD,provid,0,1,5.954196310386875,6.510876227869739e-05,5.954196310386875,0.016129032258064516,5.954196310386875,0.09603542436107862
wherewith,1,9.896482790016429e-06,16.62465268685824,9,NN,NN,wherewith,0,1,5.954196310386875,0.00010271168380864025,5.954196310386875,0.016129032258064516,5.954196310386875,0.09603542436107862
dismounted,1,9.896482790016429e-06,16.62465268685824,10,VB,VBD,dismount,0,1,5.954196310386875,3.968405965333828e-05,5.954196310386875,0.016129032258064516,5.954196310386875,0.09603542436107862
exclaimed,1,9.896482790016429e-06,16.62465268685824,9,VB,VBD,exclaim,0,1,5.954196310386875,3.968405965333828e-05,5.954196310386875,0.016129032258064516,5.954196310386875,0.09603542436107862
carve,1,9.896482790016429e-06,16.62465268685824,5,VB,VB,carv,0,1,5.954196310386875,0.00010271168380864025,5.954196310386875,0.016129032258064516,5.954196310386875,0.09603542436107862
visible,1,9.896482790016429e-06,16.62465268685824,7,JJ,JJ,visibl,0,1,5.954196310386875,3.968405965333828e-05,5.954196310386875,0.016129032258064516,5.954196310386875,0.09603542436107862
sharpened,1,9.896482790016429e-06,16.62465268685824,9,VB,VBD,sharpen,0,1,5.954196310386875,0.00010271168380864025,5.954196310386875,0.016129032258064516,5.954196310386875,0.09603542436107862
decide,1,9.896482790016429e-06,16.62465268685824,6,VB,VB,decid,0,1,5.954196310386875,3.968405965333828e-05,5.954196310386875,0.016129032258064516,5.954196310386875,0.09603542436107862
obstacle,1,9.896482790016429e-06,16.62465268685824,8,NN,NN,obstacl,0,1,5.954196310386875,3.968405965333828e-05,5.954196310386875,0.016129032258064516,5.954196310386875,0.09603542436107862
proper,1,9.896482790016429e-06,16.62465268685824,6,JJ,JJ,proper,0,1,5.954196310386875,0.00011192939902223616,5.954196310386875,0.016129032258064516,5.954196310386875,0.09603542436107862
darkest,1,9.896482790016429e-06,16.62465268685824,7,JJ,JJS,darkest,0,1,5.954196310386875,6.510876227869739e-05,5.954196310386875,0.016129032258064516,5.954196310386875,0.09603542436107862
rider,1,9.896482790016429e-06,16.62465268685824,5,NN,NN,rider,0,1,5.954196310386875,3.968405965333828e-05,5.954196310386875,0.016129032258064516,5.954196310386875,0.09603542436107862
remaining,1,9.896482790016429e-06,16.62465268685824,9,VB,VBG,remain,0,1,5.954196310386875,6.510876227869739e-05,5.954196310386875,0.016129032258064516,5.954196310386875,0.09603542436107862
sum,1,9.896482790016429e-06,16.62465268685824,3,NN,NN,sum,0,1,5.954196310386875,0.000123280390707418,5.954196310386875,0.016129032258064516,5.954196310386875,0.09603542436107862
daintily,1,9.896482790016429e-06,16.62465268685824,8,RB,RB,daintili,0,1,5.954196310386875,0.00010271168380864025,5.954196310386875,0.016129032258064516,5.954196310386875,0.09603542436107862
scalded,1,9.896482790016429e-06,16.62465268685824,7,VB,VBD,scald,0,1,5.954196310386875,0.00010271168380864025,5.954196310386875,0.016129032258064516,5.954196310386875,0.09603542436107862
fished,1,9.896482790016429e-06,16.62465268685824,6,VB,VBN,fish,0,1,5.954196310386875,0.00011192939902223616,5.954196310386875,0.016129032258064516,5.954196310386875,0.09603542436107862
mixed,1,9.896482790016429e-06,16.62465268685824,5,VB,VBD,mix,0,1,5.954196310386875,6.510876227869739e-05,5.954196310386875,0.016129032258064516,5.954196310386875,0.09603542436107862
ceased,1,9.896482790016429e-06,16.62465268685824,6,VB,VBD,ceas,0,1,5.954196310386875,6.510876227869739e-05,5.954196310386875,0.016129032258064516,5.954196310386875,0.09603542436107862
suppers,1,9.896482790016429e-06,16.62465268685824,7,NN,NNS,supper,0,1,5.954196310386875,6.510876227869739e-05,5.954196310386875,0.016129032258064516,5.954196310386875,0.09603542436107862
juiciest,1,9.896482790016429e-06,16.62465268685824,8,NN,NN,juiciest,0,1,5.954196310386875,0.00010271168380864025,5.954196310386875,0.016129032258064516,5.954196310386875,0.09603542436107862
murdered,1,9.896482790016429e-06,16.62465268685824,8,JJ,JJ,murder,0,1,5.954196310386875,6.510876227869739e-05,5.954196310386875,0.016129032258064516,5.954196310386875,0.09603542436107862
sweat,1,9.896482790016429e-06,16.62465268685824,5,NN,NN,sweat,0,1,5.954196310386875,0.00010271168380864025,5.954196310386875,0.016129032258064516,5.954196310386875,0.09603542436107862
basted,1,9.896482790016429e-06,16.62465268685824,6,VB,VBD,bast,0,1,5.954196310386875,0.00010271168380864025,5.954196310386875,0.016129032258064516,5.954196310386875,0.09603542436107862
crouched,1,9.896482790016429e-06,16.62465268685824,8,VB,VBN,crouch,0,1,5.954196310386875,6.510876227869739e-05,5.954196310386875,0.016129032258064516,5.954196310386875,0.09603542436107862
hardest,1,9.896482790016429e-06,16.62465268685824,7,JJ,JJS,hardest,0,1,5.954196310386875,0.00011192939902223616,5.954196310386875,0.016129032258064516,5.954196310386875,0.09603542436107862
crew,1,9.896482790016429e-06,16.62465268685824,4,NN,NN,crew,0,1,5.954196310386875,6.510876227869739e-05,5.954196310386875,0.016129032258064516,5.954196310386875,0.09603542436107862
switzerland,1,9.896482790016429e-06,16.62465268685824,11,NN,NNP,switzerland,0,1,5.954196310386875,0.00010141016300008303,5.954196310386875,0.016129032258064516,5.954196310386875,0.09603542436107862
eaters,1,9.896482790016429e-06,16.62465268685824,6,NN,NNS,eater,0,1,5.954196310386875,6.510876227869739e-05,5.954196310386875,0.016129032258064516,5.954196310386875,0.09603542436107862
interrupted,1,9.896482790016429e-06,16.62465268685824,11,VB,VBN,interrupt,0,1,5.954196310386875,0.00010271168380864025,5.954196310386875,0.016129032258064516,5.954196310386875,0.09603542436107862
restore,1,9.896482790016429e-06,16.62465268685824,7,VB,VB,restor,0,1,5.954196310386875,0.000123280390707418,5.954196310386875,0.016129032258064516,5.954196310386875,0.09603542436107862
syrup,1,9.896482790016429e-06,16.62465268685824,5,NN,NN,syrup,0,1,5.954196310386875,0.00011192939902223616,5.954196310386875,0.016129032258064516,5.954196310386875,0.09603542436107862
spoonful,1,9.896482790016429e-06,16.62465268685824,8,NN,NN,spoon,0,1,5.954196310386875,0.00011192939902223616,5.954196310386875,0.016129032258064516,5.954196310386875,0.09603542436107862
afternoon,1,9.896482790016429e-06,16.62465268685824,9,NN,NN,afternoon,0,1,5.954196310386875,3.968405965333828e-05,5.954196310386875,0.016129032258064516,5.954196310386875,0.09603542436107862
rendered,1,9.896482790016429e-06,16.62465268685824,8,VB,VBD,render,0,1,5.954196310386875,3.968405965333828e-05,5.954196310386875,0.016129032258064516,5.954196310386875,0.09603542436107862
renewed,1,9.896482790016429e-06,16.62465268685824,7,VB,VBN,renew,0,1,5.954196310386875,6.510876227869739e-05,5.954196310386875,0.016129032258064516,5.954196310386875,0.09603542436107862
previous,1,9.896482790016429e-06,16.62465268685824,8,JJ,JJ,previou,0,1,5.954196310386875,3.968405965333828e-05,5.954196310386875,0.016129032258064516,5.954196310386875,0.09603542436107862
persistent,1,9.896482790016429e-06,16.62465268685824,10,JJ,JJ,persist,0,1,5.954196310386875,3.968405965333828e-05,5.954196310386875,0.016129032258064516,5.954196310386875,0.09603542436107862
ahead,1,9.896482790016429e-06,16.62465268685824,5,RB,RB,ahead,0,1,5.954196310386875,3.968405965333828e-05,5.954196310386875,0.016129032258064516,5.954196310386875,0.09603542436107862
glimmer,1,9.896482790016429e-06,16.62465268685824,7,JJ,JJ,glimmer,0,1,5.954196310386875,3.968405965333828e-05,5.954196310386875,0.016129032258064516,5.954196310386875,0.09603542436107862
calves,1,9.896482790016429e-06,16.62465268685824,6,NN,NNS,calv,0,1,5.954196310386875,0.00010599936463695213,5.954196310386875,0.016129032258064516,5.954196310386875,0.09603542436107862
binds,1,9.896482790016429e-06,16.62465268685824,5,VB,VBZ,bind,0,1,5.954196310386875,0.00010599936463695213,5.954196310386875,0.016129032258064516,5.954196310386875,0.09603542436107862
begun,1,9.896482790016429e-06,16.62465268685824,5,VB,VBN,begun,0,1,5.954196310386875,3.968405965333828e-05,5.954196310386875,0.016129032258064516,5.954196310386875,0.09603542436107862
darker,1,9.896482790016429e-06,16.62465268685824,6,NN,NN,darker,0,1,5.954196310386875,3.968405965333828e-05,5.954196310386875,0.016129032258064516,5.954196310386875,0.09603542436107862
leads,1,9.896482790016429e-06,16.62465268685824,5,VB,VBZ,lead,0,1,5.954196310386875,0.00010599936463695213,5.954196310386875,0.016129032258064516,5.954196310386875,0.09603542436107862
wailing,1,9.896482790016429e-06,16.62465268685824,7,NN,NN,wail,0,1,5.954196310386875,3.968405965333828e-05,5.954196310386875,0.016129032258064516,5.954196310386875,0.09603542436107862
kicks,1,9.896482790016429e-06,16.62465268685824,5,VB,VBZ,kick,0,1,5.954196310386875,0.00010599936463695213,5.954196310386875,0.016129032258064516,5.954196310386875,0.09603542436107862
height,1,9.896482790016429e-06,16.62465268685824,6,NN,NN,height,0,1,5.954196310386875,3.968405965333828e-05,5.954196310386875,0.016129032258064516,5.954196310386875,0.09603542436107862
sadder,1,9.896482790016429e-06,16.62465268685824,6,NN,NN,sadder,0,1,5.954196310386875,3.968405965333828e-05,5.954196310386875,0.016129032258064516,5.954196310386875,0.09603542436107862
fourteen,1,9.896482790016429e-06,16.62465268685824,8,JJ,JJ,fourteen,0,1,5.954196310386875,3.968405965333828e-05,5.954196310386875,0.016129032258064516,5.954196310386875,0.09603542436107862
lamented,1,9.896482790016429e-06,16.62465268685824,8,VB,VBD,lament,0,1,5.954196310386875,0.00010271168380864025,5.954196310386875,0.016129032258064516,5.954196310386875,0.09603542436107862
accomplish,1,9.896482790016429e-06,16.62465268685824,10,VB,VB,accomplish,0,1,5.954196310386875,3.968405965333828e-05,5.954196310386875,0.016129032258064516,5.954196310386875,0.09603542436107862
follows,1,9.896482790016429e-06,16.62465268685824,7,VB,VBZ,follow,0,1,5.954196310386875,0.00010599936463695213,5.954196310386875,0.016129032258064516,5.954196310386875,0.09603542436107862
drags,1,9.896482790016429e-06,16.62465268685824,5,VB,VBZ,drag,0,1,5.954196310386875,0.00010599936463695213,5.954196310386875,0.016129032258064516,5.954196310386875,0.09603542436107862
particulars,1,9.896482790016429e-06,16.62465268685824,11,NN,NNS,particular,0,1,5.954196310386875,3.968405965333828e-05,5.954196310386875,0.016129032258064516,5.954196310386875,0.09603542436107862
suffocated,1,9.896482790016429e-06,16.62465268685824,10,VB,VBN,suffoc,0,1,5.954196310386875,0.00010599936463695213,5.954196310386875,0.016129032258064516,5.954196310386875,0.09603542436107862
efforts,1,9.896482790016429e-06,16.62465268685824,7,NN,NNS,effort,0,1,5.954196310386875,3.968405965333828e-05,5.954196310386875,0.016129032258064516,5.954196310386875,0.09603542436107862
contrast,1,9.896482790016429e-06,16.62465268685824,8,NN,NN,contrast,0,1,5.954196310386875,3.968405965333828e-05,5.954196310386875,0.016129032258064516,5.954196310386875,0.09603542436107862
immense,1,9.896482790016429e-06,16.62465268685824,7,JJ,JJ,immens,0,1,5.954196310386875,3.968405965333828e-05,5.954196310386875,0.016129032258064516,5.954196310386875,0.09603542436107862
dispute,1,9.896482790016429e-06,16.62465268685824,7,NN,NN,disput,0,1,5.954196310386875,3.968405965333828e-05,5.954196310386875,0.016129032258064516,5.954196310386875,0.09603542436107862
politely,1,9.896482790016429e-06,16.62465268685824,8,RB,RB,polit,0,1,5.954196310386875,0.00010271168380864025,5.954196310386875,0.016129032258064516,5.954196310386875,0.09603542436107862
successive,1,9.896482790016429e-06,16.62465268685824,10,JJ,JJ,success,0,1,5.954196310386875,3.968405965333828e-05,5.954196310386875,0.016129032258064516,5.954196310386875,0.09603542436107862
paused,1,9.896482790016429e-06,16.62465268685824,6,VB,VBD,paus,0,1,5.954196310386875,3.968405965333828e-05,5.954196310386875,0.016129032258064516,5.954196310386875,0.09603542436107862
attempted,1,9.896482790016429e-06,16.62465268685824,9,VB,VBD,attempt,0,1,5.954196310386875,3.968405965333828e-05,5.954196310386875,0.016129032258064516,5.954196310386875,0.09603542436107862
slippery,1,9.896482790016429e-06,16.62465268685824,8,JJ,JJ,slipperi,0,1,5.954196310386875,3.968405965333828e-05,5.954196310386875,0.016129032258064516,5.954196310386875,0.09603542436107862
situated,1,9.896482790016429e-06,16.62465268685824,8,VB,VBD,situat,0,1,5.954196310386875,3.968405965333828e-05,5.954196310386875,0.016129032258064516,5.954196310386875,0.09603542436107862
remainder,1,9.896482790016429e-06,16.62465268685824,9,NN,NN,remaind,0,1,5.954196310386875,3.968405965333828e-05,5.954196310386875,0.016129032258064516,5.954196310386875,0.09603542436107862
leagues,1,9.896482790016429e-06,16.62465268685824,7,NN,NNS,leagu,0,1,5.954196310386875,3.968405965333828e-05,5.954196310386875,0.016129032258064516,5.954196310386875,0.09603542436107862
doctored,1,9.896482790016429e-06,16.62465268685824,8,VB,VBN,doctor,0,1,5.954196310386875,0.000123280390707418,5.954196310386875,0.016129032258064516,5.954196310386875,0.09603542436107862
provisions,1,9.896482790016429e-06,16.62465268685824,10,NN,NNS,provis,0,1,5.954196310386875,3.968405965333828e-05,5.954196310386875,0.016129032258064516,5.954196310386875,0.09603542436107862
persuaded,1,9.896482790016429e-06,16.62465268685824,9,VB,VBN,persuad,0,1,5.954196310386875,3.968405965333828e-05,5.954196310386875,0.016129032258064516,5.954196310386875,0.09603542436107862
frontispiece,1,9.896482790016429e-06,16.62465268685824,12,NN,NN,frontispiec,0,1,5.954196310386875,0.000123280390707418,5.954196310386875,0.016129032258064516,5.954196310386875,0.09603542436107862
appointed,1,9.896482790016429e-06,16.62465268685824,9,VB,VBN,appoint,0,1,5.954196310386875,3.968405965333828e-05,5.954196310386875,0.016129032258064516,5.954196310386875,0.09603542436107862
villages,1,9.896482790016429e-06,16.62465268685824,8,NN,NNS,villag,0,1,5.954196310386875,3.968405965333828e-05,5.954196310386875,0.016129032258064516,5.954196310386875,0.09603542436107862
towns,1,9.896482790016429e-06,16.62465268685824,5,NN,NNS,town,0,1,5.954196310386875,3.968405965333828e-05,5.954196310386875,0.016129032258064516,5.954196310386875,0.09603542436107862
medicine,1,9.896482790016429e-06,16.62465268685824,8,VB,VB,medicin,0,1,5.954196310386875,0.000123280390707418,5.954196310386875,0.016129032258064516,5.954196310386875,0.09603542436107862
direct,1,9.896482790016429e-06,16.62465268685824,6,VB,VB,direct,0,1,5.954196310386875,3.968405965333828e-05,5.954196310386875,0.016129032258064516,5.954196310386875,0.09603542436107862
noises,1,9.896482790016429e-06,16.62465268685824,6,NN,NNS,nois,0,1,5.954196310386875,3.968405965333828e-05,5.954196310386875,0.016129032258064516,5.954196310386875,0.09603542436107862
unconsumed,1,9.896482790016429e-06,16.62465268685824,10,JJ,JJ,unconsum,0,1,5.954196310386875,3.968405965333828e-05,5.954196310386875,0.016129032258064516,5.954196310386875,0.09603542436107862
indoors,1,9.896482790016429e-06,16.62465268685824,7,NN,NNS,indoor,0,1,5.954196310386875,3.968405965333828e-05,5.954196310386875,0.016129032258064516,5.954196310386875,0.09603542436107862
satisfy,1,9.896482790016429e-06,16.62465268685824,7,VB,VB,satisfi,0,1,5.954196310386875,3.968405965333828e-05,5.954196310386875,0.016129032258064516,5.954196310386875,0.09603542436107862
succeeded,1,9.896482790016429e-06,16.62465268685824,9,VB,VBD,succeed,0,1,5.954196310386875,0.00011192939902223616,5.954196310386875,0.016129032258064516,5.954196310386875,0.09603542436107862
undertook,1,9.896482790016429e-06,16.62465268685824,9,VB,VBD,undertook,0,1,5.954196310386875,0.00011192939902223616,5.954196310386875,0.016129032258064516,5.954196310386875,0.09603542436107862
insisted,1,9.896482790016429e-06,16.62465268685824,8,VB,VBN,insist,0,1,5.954196310386875,5.3116938252808974e-05,5.954196310386875,0.016129032258064516,5.954196310386875,0.09603542436107862
fortunes,1,9.896482790016429e-06,16.62465268685824,8,NN,NNS,fortun,0,1,5.954196310386875,0.00011192939902223616,5.954196310386875,0.016129032258064516,5.954196310386875,0.09603542436107862
stipulated,1,9.896482790016429e-06,16.62465268685824,10,VB,VBD,stipul,0,1,5.954196310386875,7.177535452995414e-05,5.954196310386875,0.016129032258064516,5.954196310386875,0.09603542436107862
engraved,1,9.896482790016429e-06,16.62465268685824,8,VB,VBN,engrav,0,1,5.954196310386875,3.968405965333828e-05,5.954196310386875,0.016129032258064516,5.954196310386875,0.09603542436107862
mortal,1,9.896482790016429e-06,16.62465268685824,6,JJ,JJ,mortal,0,1,5.954196310386875,9.489666438841761e-05,5.954196310386875,0.016129032258064516,5.954196310386875,0.09603542436107862
sense,1,9.896482790016429e-06,16.62465268685824,5,NN,NN,sens,0,1,5.954196310386875,7.177535452995414e-05,5.954196310386875,0.016129032258064516,5.954196310386875,0.09603542436107862
merciful,1,9.896482790016429e-06,16.62465268685824,8,JJ,JJ,merci,0,1,5.954196310386875,5.3116938252808974e-05,5.954196310386875,0.016129032258064516,5.954196310386875,0.09603542436107862
coughing,1,9.896482790016429e-06,16.62465268685824,8,VB,VBG,cough,0,1,5.954196310386875,7.177535452995414e-05,5.954196310386875,0.016129032258064516,5.954196310386875,0.09603542436107862
unwrapped,1,9.896482790016429e-06,16.62465268685824,9,VB,VBD,unwrap,0,1,5.954196310386875,9.489666438841761e-05,5.954196310386875,0.016129032258064516,5.954196310386875,0.09603542436107862
unlock,1,9.896482790016429e-06,16.62465268685824,6,VB,VB,unlock,0,1,5.954196310386875,9.489666438841761e-05,5.954196310386875,0.016129032258064516,5.954196310386875,0.09603542436107862
consumed,1,9.896482790016429e-06,16.62465268685824,8,VB,VBD,consum,0,1,5.954196310386875,5.3116938252808974e-05,5.954196310386875,0.016129032258064516,5.954196310386875,0.09603542436107862
wasteful,1,9.896482790016429e-06,16.62465268685824,8,JJ,JJ,wast,0,1,5.954196310386875,0.00011192939902223616,5.954196310386875,0.016129032258064516,5.954196310386875,0.09603542436107862
nighttime,1,9.896482790016429e-06,16.62465268685824,9,JJ,JJ,nighttim,0,1,5.954196310386875,2.5252543876171084e-05,5.954196310386875,0.016129032258064516,5.954196310386875,0.09603542436107862
chilly,1,9.896482790016429e-06,16.62465268685824,6,RB,RB,chilli,0,1,5.954196310386875,9.489666438841761e-05,5.954196310386875,0.016129032258064516,5.954196310386875,0.09603542436107862
unexpected,1,9.896482790016429e-06,16.62465268685824,10,JJ,JJ,unexpect,0,1,5.954196310386875,7.177535452995414e-05,5.954196310386875,0.016129032258064516,5.954196310386875,0.09603542436107862
foolishly,1,9.896482790016429e-06,16.62465268685824,9,RB,RB,foolishli,0,1,5.954196310386875,9.489666438841761e-05,5.954196310386875,0.016129032258064516,5.954196310386875,0.09603542436107862
pitchers,1,9.896482790016429e-06,16.62465268685824,8,NN,NNS,pitcher,0,1,5.954196310386875,9.489666438841761e-05,5.954196310386875,0.016129032258064516,5.954196310386875,0.09603542436107862
peering,1,9.896482790016429e-06,16.62465268685824,7,NN,NN,peer,0,1,5.954196310386875,7.177535452995414e-05,5.954196310386875,0.016129032258064516,5.954196310386875,0.09603542436107862
masons,1,9.896482790016429e-06,16.62465268685824,6,NN,NNS,mason,0,1,5.954196310386875,7.177535452995414e-05,5.954196310386875,0.016129032258064516,5.954196310386875,0.09603542436107862
accidentally,1,9.896482790016429e-06,16.62465268685824,12,RB,RB,accident,0,1,5.954196310386875,7.177535452995414e-05,5.954196310386875,0.016129032258064516,5.954196310386875,0.09603542436107862
future,1,9.896482790016429e-06,16.62465268685824,6,NN,NN,futur,0,1,5.954196310386875,7.177535452995414e-05,5.954196310386875,0.016129032258064516,5.954196310386875,0.09603542436107862
insignificant,1,9.896482790016429e-06,16.62465268685824,13,JJ,JJ,insignific,0,1,5.954196310386875,0.00011192939902223616,5.954196310386875,0.016129032258064516,5.954196310386875,0.09603542436107862
sensible,1,9.896482790016429e-06,16.62465268685824,8,JJ,JJ,sensibl,0,1,5.954196310386875,2.5252543876171084e-05,5.954196310386875,0.016129032258064516,5.954196310386875,0.09603542436107862
depended,1,9.896482790016429e-06,16.62465268685824,8,VB,VBD,depend,0,1,5.954196310386875,5.3116938252808974e-05,5.954196310386875,0.016129032258064516,5.954196310386875,0.09603542436107862
outdoing,1,9.896482790016429e-06,16.62465268685824,8,VB,VBG,outdo,0,1,5.954196310386875,7.177535452995414e-05,5.954196310386875,0.016129032258064516,5.954196310386875,0.09603542436107862
formed,1,9.896482790016429e-06,16.62465268685824,6,VB,VBD,form,0,1,5.954196310386875,5.3116938252808974e-05,5.954196310386875,0.016129032258064516,5.954196310386875,0.09603542436107862
principal,1,9.896482790016429e-06,16.62465268685824,9,JJ,JJ,princip,0,1,5.954196310386875,5.3116938252808974e-05,5.954196310386875,0.016129032258064516,5.954196310386875,0.09603542436107862
arise,1,9.896482790016429e-06,16.62465268685824,5,VB,VB,aris,0,1,5.954196310386875,2.5252543876171084e-05,5.954196310386875,0.016129032258064516,5.954196310386875,0.09603542436107862
starry,1,9.896482790016429e-06,16.62465268685824,6,NN,NN,starri,0,1,5.954196310386875,4.4960404663426326e-05,5.954196310386875,0.016129032258064516,5.954196310386875,0.09603542436107862
polish,1,9.896482790016429e-06,16.62465268685824,6,VB,VB,polish,0,1,5.954196310386875,2.5252543876171084e-05,5.954196310386875,0.016129032258064516,5.954196310386875,0.09603542436107862
faring,1,9.896482790016429e-06,16.62465268685824,6,VB,VBG,fare,0,1,5.954196310386875,5.3116938252808974e-05,5.954196310386875,0.016129032258064516,5.954196310386875,0.09603542436107862
wooed,1,9.896482790016429e-06,16.62465268685824,5,VB,VBD,woo,0,1,5.954196310386875,7.177535452995414e-05,5.954196310386875,0.016129032258064516,5.954196310386875,0.09603542436107862
backward,1,9.896482790016429e-06,16.62465268685824,8,RB,RB,backward,0,1,5.954196310386875,2.5252543876171084e-05,5.954196310386875,0.016129032258064516,5.954196310386875,0.09603542436107862
bend,1,9.896482790016429e-06,16.62465268685824,4,VB,VB,bend,0,1,5.954196310386875,2.5252543876171084e-05,5.954196310386875,0.016129032258064516,5.954196310386875,0.09603542436107862
perished,1,9.896482790016429e-06,16.62465268685824,8,VB,VBN,perish,0,1,5.954196310386875,5.3116938252808974e-05,5.954196310386875,0.016129032258064516,5.954196310386875,0.09603542436107862
sickle,1,9.896482790016429e-06,16.62465268685824,6,NN,NN,sickl,0,1,5.954196310386875,2.5252543876171084e-05,5.954196310386875,0.016129032258064516,5.954196310386875,0.09603542436107862
churchyard,1,9.896482790016429e-06,16.62465268685824,10,NN,NN,churchyard,0,1,5.954196310386875,2.5252543876171084e-05,5.954196310386875,0.016129032258064516,5.954196310386875,0.09603542436107862
blockhead,1,9.896482790016429e-06,16.62465268685824,9,NN,NN,blockhead,0,1,5.954196310386875,2.5252543876171084e-05,5.954196310386875,0.016129032258064516,5.954196310386875,0.09603542436107862
marshal,1,9.896482790016429e-06,16.62465268685824,7,NN,NN,marshal,0,1,5.954196310386875,5.3116938252808974e-05,5.954196310386875,0.016129032258064516,5.954196310386875,0.09603542436107862
cur,1,9.896482790016429e-06,16.62465268685824,3,JJ,JJ,cur,0,1,5.954196310386875,5.0096726322941376e-05,5.954196310386875,0.016129032258064516,5.954196310386875,0.09603542436107862
works,1,9.896482790016429e-06,16.62465268685824,5,NN,NNS,work,0,1,5.954196310386875,2.5252543876171084e-05,5.954196310386875,0.016129032258064516,5.954196310386875,0.09603542436107862
listeners,1,9.896482790016429e-06,16.62465268685824,9,NN,NNS,listen,0,1,5.954196310386875,2.5252543876171084e-05,5.954196310386875,0.016129032258064516,5.954196310386875,0.09603542436107862
rascally,1,9.896482790016429e-06,16.62465268685824,8,RB,RB,rascal,0,1,5.954196310386875,5.0096726322941376e-05,5.954196310386875,0.016129032258064516,5.954196310386875,0.09603542436107862
tenderly,1,9.896482790016429e-06,16.62465268685824,8,RB,RB,tenderli,0,1,5.954196310386875,5.3116938252808974e-05,5.954196310386875,0.016129032258064516,5.954196310386875,0.09603542436107862
stories,1,9.896482790016429e-06,16.62465268685824,7,NN,NNS,stori,0,1,5.954196310386875,2.5252543876171084e-05,5.954196310386875,0.016129032258064516,5.954196310386875,0.09603542436107862
dismal,1,9.896482790016429e-06,16.62465268685824,6,JJ,JJ,dismal,0,1,5.954196310386875,2.5252543876171084e-05,5.954196310386875,0.016129032258064516,5.954196310386875,0.09603542436107862
piteously,1,9.896482790016429e-06,16.62465268685824,9,RB,RB,piteous,0,1,5.954196310386875,7.177535452995414e-05,5.954196310386875,0.016129032258064516,5.954196310386875,0.09603542436107862
begins,1,9.896482790016429e-06,16.62465268685824,6,VB,VBZ,begin,0,1,5.954196310386875,4.349430451135807e-05,5.954196310386875,0.016129032258064516,5.954196310386875,0.09603542436107862
sprouted,1,9.896482790016429e-06,16.62465268685824,8,VB,VBN,sprout,0,1,5.954196310386875,6.510876227869739e-05,5.954196310386875,0.016129032258064516,5.954196310386875,0.09603542436107862
recital,1,9.896482790016429e-06,16.62465268685824,7,NN,NN,recit,0,1,5.954196310386875,6.510876227869739e-05,5.954196310386875,0.016129032258064516,5.954196310386875,0.09603542436107862
insects,1,9.896482790016429e-06,16.62465268685824,7,NN,NNS,insect,0,1,5.954196310386875,0.00011192939902223616,5.954196310386875,0.016129032258064516,5.954196310386875,0.09603542436107862
wicket,1,9.896482790016429e-06,16.62465268685824,6,NN,NN,wicket,0,1,5.954196310386875,0.00011192939902223616,5.954196310386875,0.016129032258064516,5.954196310386875,0.09603542436107862
pages,1,9.896482790016429e-06,16.62465268685824,5,NN,NNS,page,0,1,5.954196310386875,0.000123280390707418,5.954196310386875,0.016129032258064516,5.954196310386875,0.09603542436107862
hereupon,1,9.896482790016429e-06,16.62465268685824,8,NN,NNP,hereupon,0,1,5.954196310386875,7.177535452995414e-05,5.954196310386875,0.016129032258064516,5.954196310386875,0.09603542436107862
band,1,9.896482790016429e-06,16.62465268685824,4,NN,NN,band,0,1,5.954196310386875,6.510876227869739e-05,5.954196310386875,0.016129032258064516,5.954196310386875,0.09603542436107862
tablets,1,9.896482790016429e-06,16.62465268685824,7,NN,NNS,tablet,0,1,5.954196310386875,0.00011192939902223616,5.954196310386875,0.016129032258064516,5.954196310386875,0.09603542436107862
murderous,1,9.896482790016429e-06,16.62465268685824,9,JJ,JJ,murder,0,1,5.954196310386875,6.510876227869739e-05,5.954196310386875,0.016129032258064516,5.954196310386875,0.09603542436107862
delivered,1,9.896482790016429e-06,16.62465268685824,9,VB,VBD,deliv,0,1,5.954196310386875,6.510876227869739e-05,5.954196310386875,0.016129032258064516,5.954196310386875,0.09603542436107862
deadly,1,9.896482790016429e-06,16.62465268685824,6,RB,RB,deadli,0,1,5.954196310386875,6.510876227869739e-05,5.954196310386875,0.016129032258064516,5.954196310386875,0.09603542436107862
containing,1,9.896482790016429e-06,16.62465268685824,10,VB,VBG,contain,0,1,5.954196310386875,0.00011192939902223616,5.954196310386875,0.016129032258064516,5.954196310386875,0.09603542436107862
tugging,1,9.896482790016429e-06,16.62465268685824,7,VB,VBG,tug,0,1,5.954196310386875,4.349430451135807e-05,5.954196310386875,0.016129032258064516,5.954196310386875,0.09603542436107862
shewed,1,9.896482790016429e-06,16.62465268685824,6,VB,VBD,shew,0,1,5.954196310386875,6.510876227869739e-05,5.954196310386875,0.016129032258064516,5.954196310386875,0.09603542436107862
denounce,1,9.896482790016429e-06,16.62465268685824,8,VB,VB,denounc,0,1,5.954196310386875,0.000123280390707418,5.954196310386875,0.016129032258064516,5.954196310386875,0.09603542436107862
excites,1,9.896482790016429e-06,16.62465268685824,7,VB,VBZ,excit,0,1,5.954196310386875,0.00010271168380864025,5.954196310386875,0.016129032258064516,5.954196310386875,0.09603542436107862
relations,1,9.896482790016429e-06,16.62465268685824,9,NN,NNS,relat,0,1,5.954196310386875,6.510876227869739e-05,5.954196310386875,0.016129032258064516,5.954196310386875,0.09603542436107862
invite,1,9.896482790016429e-06,16.62465268685824,6,VB,VB,invit,0,1,5.954196310386875,6.510876227869739e-05,5.954196310386875,0.016129032258064516,5.954196310386875,0.09603542436107862
moonlight,1,9.896482790016429e-06,16.62465268685824,9,NN,NN,moonlight,0,1,5.954196310386875,6.510876227869739e-05,5.954196310386875,0.016129032258064516,5.954196310386875,0.09603542436107862
guide,1,9.896482790016429e-06,16.62465268685824,5,VB,VB,guid,0,1,5.954196310386875,6.510876227869739e-05,5.954196310386875,0.016129032258064516,5.954196310386875,0.09603542436107862
sufficiently,1,9.896482790016429e-06,16.62465268685824,12,RB,RB,suffici,0,1,5.954196310386875,6.510876227869739e-05,5.954196310386875,0.016129032258064516,5.954196310386875,0.09603542436107862
belonging,1,9.896482790016429e-06,16.62465268685824,9,NN,NN,belong,0,1,5.954196310386875,0.00011192939902223616,5.954196310386875,0.016129032258064516,5.954196310386875,0.09603542436107862
uncertain,1,9.896482790016429e-06,16.62465268685824,9,JJ,JJ,uncertain,0,1,5.954196310386875,7.177535452995414e-05,5.954196310386875,0.016129032258064516,5.954196310386875,0.09603542436107862
net,1,9.896482790016429e-06,16.62465268685824,3,NN,NN,net,0,1,5.954196310386875,7.177535452995414e-05,5.954196310386875,0.016129032258064516,5.954196310386875,0.09603542436107862
scorches,1,9.896482790016429e-06,16.62465268685824,8,NN,NNS,scorch,0,1,5.954196310386875,4.349430451135807e-05,5.954196310386875,0.016129032258064516,5.954196310386875,0.09603542436107862
cabbages,1,9.896482790016429e-06,16.62465268685824,8,NN,NNS,cabbag,0,1,5.954196310386875,4.349430451135807e-05,5.954196310386875,0.016129032258064516,5.954196310386875,0.09603542436107862
dash,1,9.896482790016429e-06,16.62465268685824,4,VB,VB,dash,0,1,5.954196310386875,7.177535452995414e-05,5.954196310386875,0.016129032258064516,5.954196310386875,0.09603542436107862
stained,1,9.896482790016429e-06,16.62465268685824,7,VB,VBD,stain,0,1,5.954196310386875,4.349430451135807e-05,5.954196310386875,0.016129032258064516,5.954196310386875,0.09603542436107862
wandering,1,9.896482790016429e-06,16.62465268685824,9,VB,VBG,wander,0,1,5.954196310386875,4.349430451135807e-05,5.954196310386875,0.016129032258064516,5.954196310386875,0.09603542436107862
enable,1,9.896482790016429e-06,16.62465268685824,6,VB,VB,enabl,0,1,5.954196310386875,4.349430451135807e-05,5.954196310386875,0.016129032258064516,5.954196310386875,0.09603542436107862
brains,1,9.896482790016429e-06,16.62465268685824,6,NN,NNS,brain,0,1,5.954196310386875,7.177535452995414e-05,5.954196310386875,0.016129032258064516,5.954196310386875,0.09603542436107862
bites,1,9.896482790016429e-06,16.62465268685824,5,NN,NNS,bite,0,1,5.954196310386875,4.349430451135807e-05,5.954196310386875,0.016129032258064516,5.954196310386875,0.09603542436107862
strengthen,1,9.896482790016429e-06,16.62465268685824,10,VB,VB,strengthen,0,1,5.954196310386875,4.349430451135807e-05,5.954196310386875,0.016129032258064516,5.954196310386875,0.09603542436107862
pears,1,9.896482790016429e-06,16.62465268685824,5,NN,NNS,pear,0,1,5.954196310386875,4.349430451135807e-05,5.954196310386875,0.016129032258064516,5.954196310386875,0.09603542436107862
crackle,1,9.896482790016429e-06,16.62465268685824,7,VB,VB,crackl,0,1,5.954196310386875,5.0096726322941376e-05,5.954196310386875,0.016129032258064516,5.954196310386875,0.09603542436107862
greens,1,9.896482790016429e-06,16.62465268685824,6,NN,NNS,green,0,1,5.954196310386875,4.349430451135807e-05,5.954196310386875,0.016129032258064516,5.954196310386875,0.09603542436107862
heaped,1,9.896482790016429e-06,16.62465268685824,6,VB,VBD,heap,0,1,5.954196310386875,4.349430451135807e-05,5.954196310386875,0.016129032258064516,5.954196310386875,0.09603542436107862
worm,1,9.896482790016429e-06,16.62465268685824,4,NN,NN,worm,0,1,5.954196310386875,4.349430451135807e-05,5.954196310386875,0.016129032258064516,5.954196310386875,0.09603542436107862
anthill,1,9.896482790016429e-06,16.62465268685824,7,NN,NN,anthil,0,1,5.954196310386875,0.00011192939902223616,5.954196310386875,0.016129032258064516,5.954196310386875,0.09603542436107862
feigning,1,9.896482790016429e-06,16.62465268685824,8,VB,VBG,feign,0,1,5.954196310386875,4.349430451135807e-05,5.954196310386875,0.016129032258064516,5.954196310386875,0.09603542436107862
tricked,1,9.896482790016429e-06,16.62465268685824,7,VB,VBN,trick,0,1,5.954196310386875,4.349430451135807e-05,5.954196310386875,0.016129032258064516,5.954196310386875,0.09603542436107862
fowler,1,9.896482790016429e-06,16.62465268685824,6,NN,NN,fowler,0,1,5.954196310386875,7.177535452995414e-05,5.954196310386875,0.016129032258064516,5.954196310386875,0.09603542436107862
rare,1,9.896482790016429e-06,16.62465268685824,4,JJ,JJ,rare,0,1,5.954196310386875,4.349430451135807e-05,5.954196310386875,0.016129032258064516,5.954196310386875,0.09603542436107862
brings,1,9.896482790016429e-06,16.62465268685824,6,VB,VBZ,bring,0,1,5.954196310386875,4.349430451135807e-05,5.954196310386875,0.016129032258064516,5.954196310386875,0.09603542436107862
renowned,1,9.896482790016429e-06,16.62465268685824,8,JJ,JJ,renown,0,1,5.954196310386875,0.000123280390707418,5.954196310386875,0.016129032258064516,5.954196310386875,0.09603542436107862
carries,1,9.896482790016429e-06,16.62465268685824,7,VB,VBZ,carri,0,1,5.954196310386875,4.349430451135807e-05,5.954196310386875,0.016129032258064516,5.954196310386875,0.09603542436107862
event,1,9.896482790016429e-06,16.62465268685824,5,NN,NN,event,0,1,5.954196310386875,0.00019054647690690203,5.954196310386875,0.016129032258064516,5.954196310386875,0.09603542436107862
jeremiah,1,9.896482790016429e-06,16.62465268685824,8,NN,NNP,jeremiah,0,1,5.954196310386875,8.36545508371765e-05,5.954196310386875,0.016129032258064516,5.954196310386875,0.09603542436107862
suspicious,1,9.896482790016429e-06,16.62465268685824,10,JJ,JJ,suspici,0,1,5.954196310386875,9.749789275236409e-05,5.954196310386875,0.016129032258064516,5.954196310386875,0.09603542436107862
presented,1,9.896482790016429e-06,16.62465268685824,9,VB,VBD,present,0,1,5.954196310386875,0.00023480543853564458,5.954196310386875,0.016129032258064516,5.954196310386875,0.09603542436107862
limb,1,9.896482790016429e-06,16.62465268685824,4,NN,NN,limb,0,1,5.954196310386875,0.00023480543853564458,5.954196310386875,0.016129032258064516,5.954196310386875,0.09603542436107862
frolick,1,9.896482790016429e-06,16.62465268685824,7,JJ,JJ,frolick,0,1,5.954196310386875,3.383912063462954e-05,5.954196310386875,0.016129032258064516,5.954196310386875,0.09603542436107862
feasted,1,9.896482790016429e-06,16.62465268685824,7,VB,VBD,feast,0,1,5.954196310386875,3.383912063462954e-05,5.954196310386875,0.016129032258064516,5.954196310386875,0.09603542436107862
summons,1,9.896482790016429e-06,16.62465268685824,7,NN,NNS,summon,0,1,5.954196310386875,3.383912063462954e-05,5.954196310386875,0.016129032258064516,5.954196310386875,0.09603542436107862
borne,1,9.896482790016429e-06,16.62465268685824,5,VB,VBN,born,0,1,5.954196310386875,3.383912063462954e-05,5.954196310386875,0.016129032258064516,5.954196310386875,0.09603542436107862
forgiven,1,9.896482790016429e-06,16.62465268685824,8,VB,VBN,forgiven,0,1,5.954196310386875,3.383912063462954e-05,5.954196310386875,0.016129032258064516,5.954196310386875,0.09603542436107862
errand,1,9.896482790016429e-06,16.62465268685824,6,NN,NN,errand,0,1,5.954196310386875,3.383912063462954e-05,5.954196310386875,0.016129032258064516,5.954196310386875,0.09603542436107862
righthand,1,9.896482790016429e-06,16.62465268685824,9,JJ,JJ,righthand,0,1,5.954196310386875,3.383912063462954e-05,5.954196310386875,0.016129032258064516,5.954196310386875,0.09603542436107862
grieves,1,9.896482790016429e-06,16.62465268685824,7,VB,VBZ,griev,0,1,5.954196310386875,3.383912063462954e-05,5.954196310386875,0.016129032258064516,5.954196310386875,0.09603542436107862
guiltless,1,9.896482790016429e-06,16.62465268685824,9,JJ,JJ,guiltless,0,1,5.954196310386875,3.383912063462954e-05,5.954196310386875,0.016129032258064516,5.954196310386875,0.09603542436107862
embassies,1,9.896482790016429e-06,16.62465268685824,9,NN,NNS,embassi,0,1,5.954196310386875,3.383912063462954e-05,5.954196310386875,0.016129032258064516,5.954196310386875,0.09603542436107862
ahunting,1,9.896482790016429e-06,16.62465268685824,8,VB,VBG,ahunt,0,1,5.954196310386875,3.383912063462954e-05,5.954196310386875,0.016129032258064516,5.954196310386875,0.09603542436107862
chief,1,9.896482790016429e-06,16.62465268685824,5,NN,NN,chief,0,1,5.954196310386875,3.383912063462954e-05,5.954196310386875,0.016129032258064516,5.954196310386875,0.09603542436107862
blamed,1,9.896482790016429e-06,16.62465268685824,6,VB,VBD,blame,0,1,5.954196310386875,3.383912063462954e-05,5.954196310386875,0.016129032258064516,5.954196310386875,0.09603542436107862
healed,1,9.896482790016429e-06,16.62465268685824,6,VB,VBN,heal,0,1,5.954196310386875,3.383912063462954e-05,5.954196310386875,0.016129032258064516,5.954196310386875,0.09603542436107862
ruin,1,9.896482790016429e-06,16.62465268685824,4,VB,VB,ruin,0,1,5.954196310386875,3.383912063462954e-05,5.954196310386875,0.016129032258064516,5.954196310386875,0.09603542436107862
countries,1,9.896482790016429e-06,16.62465268685824,9,NN,NNS,countri,0,1,5.954196310386875,3.383912063462954e-05,5.954196310386875,0.016129032258064516,5.954196310386875,0.09603542436107862
befriended,1,9.896482790016429e-06,16.62465268685824,10,VB,VBD,befriend,0,1,5.954196310386875,3.383912063462954e-05,5.954196310386875,0.016129032258064516,5.954196310386875,0.09603542436107862
slew,1,9.896482790016429e-06,16.62465268685824,4,VB,VBD,slew,0,1,5.954196310386875,3.383912063462954e-05,5.954196310386875,0.016129032258064516,5.954196310386875,0.09603542436107862
famine,1,9.896482790016429e-06,16.62465268685824,6,NN,NN,famin,0,1,5.954196310386875,3.383912063462954e-05,5.954196310386875,0.016129032258064516,5.954196310386875,0.09603542436107862
waste,1,9.896482790016429e-06,16.62465268685824,5,NN,NN,wast,0,1,5.954196310386875,3.383912063462954e-05,5.954196310386875,0.016129032258064516,5.954196310386875,0.09603542436107862
illbehaved,1,9.896482790016429e-06,16.62465268685824,10,JJ,JJ,illbehav,0,1,5.954196310386875,3.383912063462954e-05,5.954196310386875,0.016129032258064516,5.954196310386875,0.09603542436107862
armies,1,9.896482790016429e-06,16.62465268685824,6,NN,NNS,armi,0,1,5.954196310386875,3.383912063462954e-05,5.954196310386875,0.016129032258064516,5.954196310386875,0.09603542436107862
slay,1,9.896482790016429e-06,16.62465268685824,4,NN,NN,slay,0,1,5.954196310386875,3.383912063462954e-05,5.954196310386875,0.016129032258064516,5.954196310386875,0.09603542436107862
striking,1,9.896482790016429e-06,16.62465268685824,8,VB,VBG,strike,0,1,5.954196310386875,3.383912063462954e-05,5.954196310386875,0.016129032258064516,5.954196310386875,0.09603542436107862
scenes,1,9.896482790016429e-06,16.62465268685824,6,NN,NNS,scene,0,1,5.954196310386875,3.383912063462954e-05,5.954196310386875,0.016129032258064516,5.954196310386875,0.09603542436107862
shady,1,9.896482790016429e-06,16.62465268685824,5,JJ,JJ,shadi,0,1,5.954196310386875,3.383912063462954e-05,5.954196310386875,0.016129032258064516,5.954196310386875,0.09603542436107862
fits,1,9.896482790016429e-06,16.62465268685824,4,NN,NNS,fit,0,1,5.954196310386875,3.709363629242126e-05,5.954196310386875,0.016129032258064516,5.954196310386875,0.09603542436107862
waking,1,9.896482790016429e-06,16.62465268685824,6,VB,VBG,wake,0,1,5.954196310386875,0.00023480543853564458,5.954196310386875,0.016129032258064516,5.954196310386875,0.09603542436107862
quieted,1,9.896482790016429e-06,16.62465268685824,7,VB,VBN,quiet,0,1,5.954196310386875,3.383912063462954e-05,5.954196310386875,0.016129032258064516,5.954196310386875,0.09603542436107862
_my_,1,9.896482790016429e-06,16.62465268685824,4,JJ,JJ,_my_,0,1,5.954196310386875,3.709363629242126e-05,5.954196310386875,0.016129032258064516,5.954196310386875,0.09603542436107862
amends,1,9.896482790016429e-06,16.62465268685824,6,NN,NNS,amend,0,1,5.954196310386875,5.953839080042072e-05,5.954196310386875,0.016129032258064516,5.954196310386875,0.09603542436107862
fatten,1,9.896482790016429e-06,16.62465268685824,6,VB,VB,fatten,0,1,5.954196310386875,5.953839080042072e-05,5.954196310386875,0.016129032258064516,5.954196310386875,0.09603542436107862
spared,1,9.896482790016429e-06,16.62465268685824,6,VB,VBN,spare,0,1,5.954196310386875,5.953839080042072e-05,5.954196310386875,0.016129032258064516,5.954196310386875,0.09603542436107862
tone,1,9.896482790016429e-06,16.62465268685824,4,NN,NN,tone,0,1,5.954196310386875,5.953839080042072e-05,5.954196310386875,0.016129032258064516,5.954196310386875,0.09603542436107862
pitiful,1,9.896482790016429e-06,16.62465268685824,7,JJ,JJ,piti,0,1,5.954196310386875,5.953839080042072e-05,5.954196310386875,0.016129032258064516,5.954196310386875,0.09603542436107862
places,1,9.896482790016429e-06,16.62465268685824,6,NN,NNS,place,0,1,5.954196310386875,5.953839080042072e-05,5.954196310386875,0.016129032258064516,5.954196310386875,0.09603542436107862
confidential,1,9.896482790016429e-06,16.62465268685824,12,JJ,JJ,confidenti,0,1,5.954196310386875,5.953839080042072e-05,5.954196310386875,0.016129032258064516,5.954196310386875,0.09603542436107862
executed,1,9.896482790016429e-06,16.62465268685824,8,VB,VBD,execut,0,1,5.954196310386875,5.953839080042072e-05,5.954196310386875,0.016129032258064516,5.954196310386875,0.09603542436107862
guilty,1,9.896482790016429e-06,16.62465268685824,6,JJ,JJ,guilti,0,1,5.954196310386875,5.953839080042072e-05,5.954196310386875,0.016129032258064516,5.954196310386875,0.09603542436107862
suspicion,1,9.896482790016429e-06,16.62465268685824,9,NN,NN,suspicion,0,1,5.954196310386875,5.953839080042072e-05,5.954196310386875,0.016129032258064516,5.954196310386875,0.09603542436107862
sparrows,1,9.896482790016429e-06,16.62465268685824,8,NN,NNS,sparrow,0,1,5.954196310386875,5.953839080042072e-05,5.954196310386875,0.016129032258064516,5.954196310386875,0.09603542436107862
voices,1,9.896482790016429e-06,16.62465268685824,6,NN,NNS,voic,0,1,5.954196310386875,5.953839080042072e-05,5.954196310386875,0.016129032258064516,5.954196310386875,0.09603542436107862
whispering,1,9.896482790016429e-06,16.62465268685824,10,NN,NN,whisper,0,1,5.954196310386875,5.953839080042072e-05,5.954196310386875,0.016129032258064516,5.954196310386875,0.09603542436107862
cleared,1,9.896482790016429e-06,16.62465268685824,7,VB,VBN,clear,0,1,5.954196310386875,5.953839080042072e-05,5.954196310386875,0.016129032258064516,5.954196310386875,0.09603542436107862
famed,1,9.896482790016429e-06,16.62465268685824,5,VB,VBN,fame,0,1,5.954196310386875,5.953839080042072e-05,5.954196310386875,0.016129032258064516,5.954196310386875,0.09603542436107862
fling,1,9.896482790016429e-06,16.62465268685824,5,VB,VBG,fling,0,1,5.954196310386875,0.00025541336266244317,5.954196310386875,0.016129032258064516,5.954196310386875,0.09603542436107862
lacking,1,9.896482790016429e-06,16.62465268685824,7,VB,VBG,lack,0,1,5.954196310386875,0.00025541336266244317,5.954196310386875,0.016129032258064516,5.954196310386875,0.09603542436107862
possessed,1,9.896482790016429e-06,16.62465268685824,9,VB,VBN,possess,0,1,5.954196310386875,0.00025541336266244317,5.954196310386875,0.016129032258064516,5.954196310386875,0.09603542436107862
qualities,1,9.896482790016429e-06,16.62465268685824,9,NN,NNS,qualiti,0,1,5.954196310386875,0.00025541336266244317,5.954196310386875,0.016129032258064516,5.954196310386875,0.09603542436107862
lets,1,9.896482790016429e-06,16.62465268685824,4,VB,VBZ,let,0,1,5.954196310386875,0.00025541336266244317,5.954196310386875,0.016129032258064516,5.954196310386875,0.09603542436107862
stair,1,9.896482790016429e-06,16.62465268685824,5,NN,NN,stair,0,1,5.954196310386875,0.00025541336266244317,5.954196310386875,0.016129032258064516,5.954196310386875,0.09603542436107862
sprung,1,9.896482790016429e-06,16.62465268685824,6,VB,VBN,sprung,0,1,5.954196310386875,3.709363629242126e-05,5.954196310386875,0.016129032258064516,5.954196310386875,0.09603542436107862
breaking,1,9.896482790016429e-06,16.62465268685824,8,VB,VBG,break,0,1,5.954196310386875,0.00025541336266244317,5.954196310386875,0.016129032258064516,5.954196310386875,0.09603542436107862
kehrewit,1,9.896482790016429e-06,16.62465268685824,8,NN,NNP,kehrewit,0,1,5.954196310386875,0.00025541336266244317,5.954196310386875,0.016129032258064516,5.954196310386875,0.09603542436107862
greeted,1,9.896482790016429e-06,16.62465268685824,7,VB,VBD,greet,0,1,5.954196310386875,0.00025541336266244317,5.954196310386875,0.016129032258064516,5.954196310386875,0.09603542436107862
rabble,1,9.896482790016429e-06,16.62465268685824,6,JJ,JJ,rabbl,0,1,5.954196310386875,0.00023480543853564458,5.954196310386875,0.016129032258064516,5.954196310386875,0.09603542436107862
cudgelled,1,9.896482790016429e-06,16.62465268685824,9,VB,VBD,cudgel,0,1,5.954196310386875,0.00023480543853564458,5.954196310386875,0.016129032258064516,5.954196310386875,0.09603542436107862
trance,1,9.896482790016429e-06,16.62465268685824,6,NN,NN,tranc,0,1,5.954196310386875,3.383912063462954e-05,5.954196310386875,0.016129032258064516,5.954196310386875,0.09603542436107862
hasten,1,9.896482790016429e-06,16.62465268685824,6,VB,VB,hasten,0,1,5.954196310386875,3.383912063462954e-05,5.954196310386875,0.016129032258064516,5.954196310386875,0.09603542436107862
prisoners,1,9.896482790016429e-06,16.62465268685824,9,NN,NNS,prison,0,1,5.954196310386875,5.953839080042072e-05,5.954196310386875,0.016129032258064516,5.954196310386875,0.09603542436107862
whetted,1,9.896482790016429e-06,16.62465268685824,7,VB,VBD,whet,0,1,5.954196310386875,2.8658736007483925e-05,5.954196310386875,0.016129032258064516,5.954196310386875,0.09603542436107862
havoc,1,9.896482790016429e-06,16.62465268685824,5,NN,NN,havoc,0,1,5.954196310386875,2.8658736007483925e-05,5.954196310386875,0.016129032258064516,5.954196310386875,0.09603542436107862
demand,1,9.896482790016429e-06,16.62465268685824,6,NN,NN,demand,0,1,5.954196310386875,2.8658736007483925e-05,5.954196310386875,0.016129032258064516,5.954196310386875,0.09603542436107862
hewed,1,9.896482790016429e-06,16.62465268685824,5,VB,VBD,hew,0,1,5.954196310386875,2.8658736007483925e-05,5.954196310386875,0.016129032258064516,5.954196310386875,0.09603542436107862
ado,1,9.896482790016429e-06,16.62465268685824,3,NN,NN,ado,0,1,5.954196310386875,2.8658736007483925e-05,5.954196310386875,0.016129032258064516,5.954196310386875,0.09603542436107862
fifteenth,1,9.896482790016429e-06,16.62465268685824,9,JJ,JJ,fifteenth,0,1,5.954196310386875,6.326444292561175e-05,5.954196310386875,0.016129032258064516,5.954196310386875,0.09603542436107862
gore,1,9.896482790016429e-06,16.62465268685824,4,VB,VB,gore,0,1,5.954196310386875,2.8658736007483925e-05,5.954196310386875,0.016129032258064516,5.954196310386875,0.09603542436107862
affair,1,9.896482790016429e-06,16.62465268685824,6,NN,NN,affair,0,1,5.954196310386875,2.8658736007483925e-05,5.954196310386875,0.016129032258064516,5.954196310386875,0.09603542436107862
soften,1,9.896482790016429e-06,16.62465268685824,6,VB,VB,soften,0,1,5.954196310386875,6.326444292561175e-05,5.954196310386875,0.016129032258064516,5.954196310386875,0.09603542436107862
roams,1,9.896482790016429e-06,16.62465268685824,5,VB,VBZ,roam,0,1,5.954196310386875,2.8658736007483925e-05,5.954196310386875,0.016129032258064516,5.954196310386875,0.09603542436107862
heroic,1,9.896482790016429e-06,16.62465268685824,6,NN,NN,heroic,0,1,5.954196310386875,2.8658736007483925e-05,5.954196310386875,0.016129032258064516,5.954196310386875,0.09603542436107862
spindles,1,9.896482790016429e-06,16.62465268685824,8,NN,NNS,spindl,0,1,5.954196310386875,6.326444292561175e-05,5.954196310386875,0.016129032258064516,5.954196310386875,0.09603542436107862
repented,1,9.896482790016429e-06,16.62465268685824,8,VB,VBN,repent,0,1,5.954196310386875,2.8658736007483925e-05,5.954196310386875,0.016129032258064516,5.954196310386875,0.09603542436107862
demanded,1,9.896482790016429e-06,16.62465268685824,8,VB,VBD,demand,0,1,5.954196310386875,2.8658736007483925e-05,5.954196310386875,0.016129032258064516,5.954196310386875,0.09603542436107862
tornup,1,9.896482790016429e-06,16.62465268685824,6,NN,NN,tornup,0,1,5.954196310386875,2.8658736007483925e-05,5.954196310386875,0.016129032258064516,5.954196310386875,0.09603542436107862
concern,1,9.896482790016429e-06,16.62465268685824,7,NN,NN,concern,0,1,5.954196310386875,2.8658736007483925e-05,5.954196310386875,0.016129032258064516,5.954196310386875,0.09603542436107862
defended,1,9.896482790016429e-06,16.62465268685824,8,VB,VBD,defend,0,1,5.954196310386875,2.8658736007483925e-05,5.954196310386875,0.016129032258064516,5.954196310386875,0.09603542436107862
thrusts,1,9.896482790016429e-06,16.62465268685824,7,NN,NNS,thrust,0,1,5.954196310386875,2.8658736007483925e-05,5.954196310386875,0.016129032258064516,5.954196310386875,0.09603542436107862
sprint,1,9.896482790016429e-06,16.62465268685824,6,VB,VB,sprint,0,1,5.954196310386875,2.8658736007483925e-05,5.954196310386875,0.016129032258064516,5.954196310386875,0.09603542436107862
belaboured,1,9.896482790016429e-06,16.62465268685824,10,VB,VBN,belabour,0,1,5.954196310386875,2.8658736007483925e-05,5.954196310386875,0.016129032258064516,5.954196310386875,0.09603542436107862
coin,1,9.896482790016429e-06,16.62465268685824,4,NN,NN,coin,0,1,5.954196310386875,2.8658736007483925e-05,5.954196310386875,0.016129032258064516,5.954196310386875,0.09603542436107862
madman,1,9.896482790016429e-06,16.62465268685824,6,NN,NN,madman,0,1,5.954196310386875,2.8658736007483925e-05,5.954196310386875,0.016129032258064516,5.954196310386875,0.09603542436107862
disputed,1,9.896482790016429e-06,16.62465268685824,8,VB,VBD,disput,0,1,5.954196310386875,2.8658736007483925e-05,5.954196310386875,0.016129032258064516,5.954196310386875,0.09603542436107862
fifteen,1,9.896482790016429e-06,16.62465268685824,7,JJ,JJ,fifteen,0,1,5.954196310386875,6.326444292561175e-05,5.954196310386875,0.016129032258064516,5.954196310386875,0.09603542436107862
roved,1,9.896482790016429e-06,16.62465268685824,5,VB,VBD,rove,0,1,5.954196310386875,6.326444292561175e-05,5.954196310386875,0.016129032258064516,5.954196310386875,0.09603542436107862
pocketsful,1,9.896482790016429e-06,16.62465268685824,10,NN,NN,pockets,0,1,5.954196310386875,2.8658736007483925e-05,5.954196310386875,0.016129032258064516,5.954196310386875,0.09603542436107862
followers,1,9.896482790016429e-06,16.62465268685824,9,NN,NNS,follow,0,1,5.954196310386875,2.8658736007483925e-05,5.954196310386875,0.016129032258064516,5.954196310386875,0.09603542436107862
subdue,1,9.896482790016429e-06,16.62465268685824,6,VB,VB,subdu,0,1,5.954196310386875,2.8658736007483925e-05,5.954196310386875,0.016129032258064516,5.954196310386875,0.09603542436107862
foaming,1,9.896482790016429e-06,16.62465268685824,7,VB,VBG,foam,0,1,5.954196310386875,2.8658736007483925e-05,5.954196310386875,0.016129032258064516,5.954196310386875,0.09603542436107862
tusks,1,9.896482790016429e-06,16.62465268685824,5,NN,NNS,tusk,0,1,5.954196310386875,2.8658736007483925e-05,5.954196310386875,0.016129032258064516,5.954196310386875,0.09603542436107862
trusted,1,9.896482790016429e-06,16.62465268685824,7,VB,VBD,trust,0,1,5.954196310386875,3.383912063462954e-05,5.954196310386875,0.016129032258064516,5.954196310386875,0.09603542436107862
chapel,1,9.896482790016429e-06,16.62465268685824,6,NN,NN,chapel,0,1,5.954196310386875,2.8658736007483925e-05,5.954196310386875,0.016129032258064516,5.954196310386875,0.09603542436107862
scornfully,1,9.896482790016429e-06,16.62465268685824,10,RB,RB,scorn,0,1,5.954196310386875,3.383912063462954e-05,5.954196310386875,0.016129032258064516,5.954196310386875,0.09603542436107862
busybody,1,9.896482790016429e-06,16.62465268685824,8,NN,NN,busybodi,0,1,5.954196310386875,3.383912063462954e-05,5.954196310386875,0.016129032258064516,5.954196310386875,0.09603542436107862
affairs,1,9.896482790016429e-06,16.62465268685824,7,NN,NNS,affair,0,1,5.954196310386875,3.383912063462954e-05,5.954196310386875,0.016129032258064516,5.954196310386875,0.09603542436107862
elf,1,9.896482790016429e-06,16.62465268685824,3,NN,NN,elf,0,1,5.954196310386875,3.383912063462954e-05,5.954196310386875,0.016129032258064516,5.954196310386875,0.09603542436107862
lingering,1,9.896482790016429e-06,16.62465268685824,9,VB,VBG,linger,0,1,5.954196310386875,3.383912063462954e-05,5.954196310386875,0.016129032258064516,5.954196310386875,0.09603542436107862
spellbound,1,9.896482790016429e-06,16.62465268685824,10,NN,NN,spellbound,0,1,5.954196310386875,3.383912063462954e-05,5.954196310386875,0.016129032258064516,5.954196310386875,0.09603542436107862
ringing,1,9.896482790016429e-06,16.62465268685824,7,VB,VBG,ring,0,1,5.954196310386875,3.383912063462954e-05,5.954196310386875,0.016129032258064516,5.954196310386875,0.09603542436107862
straitened,1,9.896482790016429e-06,16.62465268685824,10,JJ,JJ,straiten,0,1,5.954196310386875,3.383912063462954e-05,5.954196310386875,0.016129032258064516,5.954196310386875,0.09603542436107862
kinsmen,1,9.896482790016429e-06,16.62465268685824,7,NN,NNS,kinsmen,0,1,5.954196310386875,6.326444292561175e-05,5.954196310386875,0.016129032258064516,5.954196310386875,0.09603542436107862
enraged,1,9.896482790016429e-06,16.62465268685824,7,VB,VBN,enrag,0,1,5.954196310386875,3.383912063462954e-05,5.954196310386875,0.016129032258064516,5.954196310386875,0.09603542436107862
imp,1,9.896482790016429e-06,16.62465268685824,3,VB,VB,imp,0,1,5.954196310386875,3.383912063462954e-05,5.954196310386875,0.016129032258064516,5.954196310386875,0.09603542436107862
nobles,1,9.896482790016429e-06,16.62465268685824,6,NN,NNS,nobl,0,1,5.954196310386875,6.326444292561175e-05,5.954196310386875,0.016129032258064516,5.954196310386875,0.09603542436107862
overhung,1,9.896482790016429e-06,16.62465268685824,8,NN,NN,overhung,0,1,5.954196310386875,3.383912063462954e-05,5.954196310386875,0.016129032258064516,5.954196310386875,0.09603542436107862
thirteen,1,9.896482790016429e-06,16.62465268685824,8,JJ,JJ,thirteen,0,1,5.954196310386875,6.326444292561175e-05,5.954196310386875,0.016129032258064516,5.954196310386875,0.09603542436107862
pretending,1,9.896482790016429e-06,16.62465268685824,10,VB,VBG,pretend,0,1,5.954196310386875,2.8658736007483925e-05,5.954196310386875,0.016129032258064516,5.954196310386875,0.09603542436107862
screw,1,9.896482790016429e-06,16.62465268685824,5,NN,NN,screw,0,1,5.954196310386875,2.8658736007483925e-05,5.954196310386875,0.016129032258064516,5.954196310386875,0.09603542436107862
armourbearer,1,9.896482790016429e-06,16.62465268685824,12,NN,NN,armourbear,0,1,5.954196310386875,2.8658736007483925e-05,5.954196310386875,0.016129032258064516,5.954196310386875,0.09603542436107862
board,1,9.896482790016429e-06,16.62465268685824,5,NN,NN,board,0,1,5.954196310386875,2.8658736007483925e-05,5.954196310386875,0.016129032258064516,5.954196310386875,0.09603542436107862
asking,1,9.896482790016429e-06,16.62465268685824,6,VB,VBG,ask,0,1,5.954196310386875,6.326444292561175e-05,5.954196310386875,0.016129032258064516,5.954196310386875,0.09603542436107862
state,1,9.896482790016429e-06,16.62465268685824,5,NN,NN,state,0,1,5.954196310386875,2.8658736007483925e-05,5.954196310386875,0.016129032258064516,5.954196310386875,0.09603542436107862
thirteenth,1,9.896482790016429e-06,16.62465268685824,10,JJ,JJ,thirteenth,0,1,5.954196310386875,6.326444292561175e-05,5.954196310386875,0.016129032258064516,5.954196310386875,0.09603542436107862
broomstick,1,9.896482790016429e-06,16.62465268685824,10,NN,NN,broomstick,0,1,5.954196310386875,6.326444292561175e-05,5.954196310386875,0.016129032258064516,5.954196310386875,0.09603542436107862
dininghall,1,9.896482790016429e-06,16.62465268685824,10,NN,NN,dininghal,0,1,5.954196310386875,6.326444292561175e-05,5.954196310386875,0.016129032258064516,5.954196310386875,0.09603542436107862
dreams,1,9.896482790016429e-06,16.62465268685824,6,NN,NN,dream,0,1,5.954196310386875,2.8658736007483925e-05,5.954196310386875,0.016129032258064516,5.954196310386875,0.09603542436107862
magnificence,1,9.896482790016429e-06,16.62465268685824,12,NN,NN,magnific,0,1,5.954196310386875,2.8658736007483925e-05,5.954196310386875,0.016129032258064516,5.954196310386875,0.09603542436107862
warlike,1,9.896482790016429e-06,16.62465268685824,7,NN,NN,warlik,0,1,5.954196310386875,2.8658736007483925e-05,5.954196310386875,0.016129032258064516,5.954196310386875,0.09603542436107862
awkward,1,9.896482790016429e-06,16.62465268685824,7,JJ,JJ,awkward,0,1,5.954196310386875,2.8658736007483925e-05,5.954196310386875,0.016129032258064516,5.954196310386875,0.09603542436107862
dumb,1,9.896482790016429e-06,16.62465268685824,4,JJ,JJ,dumb,0,1,5.954196310386875,5.953839080042072e-05,5.954196310386875,0.016129032258064516,5.954196310386875,0.09603542436107862
repay,1,9.896482790016429e-06,16.62465268685824,5,VB,VB,repay,0,1,5.954196310386875,5.953839080042072e-05,5.954196310386875,0.016129032258064516,5.954196310386875,0.09603542436107862
fortress,1,9.896482790016429e-06,16.62465268685824,8,NN,NN,fortress,0,1,5.954196310386875,0.00010141016300008303,5.954196310386875,0.016129032258064516,5.954196310386875,0.09603542436107862
anybody,1,9.896482790016429e-06,16.62465268685824,7,NN,NN,anybodi,0,1,5.954196310386875,3.779434252698883e-05,5.954196310386875,0.016129032258064516,5.954196310386875,0.09603542436107862
foul,1,9.896482790016429e-06,16.62465268685824,4,NN,NN,foul,0,1,5.954196310386875,3.709363629242126e-05,5.954196310386875,0.016129032258064516,5.954196310386875,0.09603542436107862
rob,1,9.896482790016429e-06,16.62465268685824,3,VB,VB,rob,0,1,5.954196310386875,3.779434252698883e-05,5.954196310386875,0.016129032258064516,5.954196310386875,0.09603542436107862
undoubtedly,1,9.896482790016429e-06,16.62465268685824,11,RB,RB,undoubtedli,0,1,5.954196310386875,3.779434252698883e-05,5.954196310386875,0.016129032258064516,5.954196310386875,0.09603542436107862
clods,1,9.896482790016429e-06,16.62465268685824,5,NN,NNS,clod,0,1,5.954196310386875,3.779434252698883e-05,5.954196310386875,0.016129032258064516,5.954196310386875,0.09603542436107862
hidingplace,1,9.896482790016429e-06,16.62465268685824,11,NN,NN,hidingplac,0,1,5.954196310386875,3.779434252698883e-05,5.954196310386875,0.016129032258064516,5.954196310386875,0.09603542436107862
ends,1,9.896482790016429e-06,16.62465268685824,4,NN,NNS,end,0,1,5.954196310386875,3.779434252698883e-05,5.954196310386875,0.016129032258064516,5.954196310386875,0.09603542436107862
poked,1,9.896482790016429e-06,16.62465268685824,5,VB,VBD,poke,0,1,5.954196310386875,3.779434252698883e-05,5.954196310386875,0.016129032258064516,5.954196310386875,0.09603542436107862
ways,1,9.896482790016429e-06,16.62465268685824,4,NN,NNS,way,0,1,5.954196310386875,3.709363629242126e-05,5.954196310386875,0.016129032258064516,5.954196310386875,0.09603542436107862
furrows,1,9.896482790016429e-06,16.62465268685824,7,NN,NNS,furrow,0,1,5.954196310386875,3.779434252698883e-05,5.954196310386875,0.016129032258064516,5.954196310386875,0.09603542436107862
dusty,1,9.896482790016429e-06,16.62465268685824,5,JJ,JJ,dusti,0,1,5.954196310386875,3.709363629242126e-05,5.954196310386875,0.016129032258064516,5.954196310386875,0.09603542436107862
clod,1,9.896482790016429e-06,16.62465268685824,4,NN,NN,clod,0,1,5.954196310386875,3.779434252698883e-05,5.954196310386875,0.016129032258064516,5.954196310386875,0.09603542436107862
dusky,1,9.896482790016429e-06,16.62465268685824,5,JJ,JJ,duski,0,1,5.954196310386875,3.779434252698883e-05,5.954196310386875,0.016129032258064516,5.954196310386875,0.09603542436107862
gallery,1,9.896482790016429e-06,16.62465268685824,7,NN,NN,galleri,0,1,5.954196310386875,3.779434252698883e-05,5.954196310386875,0.016129032258064516,5.954196310386875,0.09603542436107862
rim,1,9.896482790016429e-06,16.62465268685824,3,NN,NN,rim,0,1,5.954196310386875,3.779434252698883e-05,5.954196310386875,0.016129032258064516,5.954196310386875,0.09603542436107862
dearer,1,9.896482790016429e-06,16.62465268685824,6,JJ,JJR,dearer,0,1,5.954196310386875,3.779434252698883e-05,5.954196310386875,0.016129032258064516,5.954196310386875,0.09603542436107862
brushes,1,9.896482790016429e-06,16.62465268685824,7,NN,NNS,brush,0,1,5.954196310386875,3.709363629242126e-05,5.954196310386875,0.016129032258064516,5.954196310386875,0.09603542436107862
copse,1,9.896482790016429e-06,16.62465268685824,5,NN,NN,cops,0,1,5.954196310386875,3.709363629242126e-05,5.954196310386875,0.016129032258064516,5.954196310386875,0.09603542436107862
thomas,1,9.896482790016429e-06,16.62465268685824,6,NN,NNP,thoma,0,1,5.954196310386875,3.779434252698883e-05,5.954196310386875,0.016129032258064516,5.954196310386875,0.09603542436107862
healthy,1,9.896482790016429e-06,16.62465268685824,7,JJ,JJ,healthi,0,1,5.954196310386875,3.779434252698883e-05,5.954196310386875,0.016129032258064516,5.954196310386875,0.09603542436107862
hazel,1,9.896482790016429e-06,16.62465268685824,5,NN,NN,hazel,0,1,5.954196310386875,3.709363629242126e-05,5.954196310386875,0.016129032258064516,5.954196310386875,0.09603542436107862
puffed,1,9.896482790016429e-06,16.62465268685824,6,VB,VBZ,puf,0,1,5.954196310386875,3.779434252698883e-05,5.954196310386875,0.016129032258064516,5.954196310386875,0.09603542436107862
smoking,1,9.896482790016429e-06,16.62465268685824,7,VB,VBG,smoke,0,1,5.954196310386875,3.779434252698883e-05,5.954196310386875,0.016129032258064516,5.954196310386875,0.09603542436107862
feels,1,9.896482790016429e-06,16.62465268685824,5,VB,VBZ,feel,0,1,5.954196310386875,8.714648308627824e-05,5.954196310386875,0.016129032258064516,5.954196310386875,0.09603542436107862
twas,1,9.896482790016429e-06,16.62465268685824,4,IN,IN,twa,0,1,5.954196310386875,8.714648308627824e-05,5.954196310386875,0.016129032258064516,5.954196310386875,0.09603542436107862
tumbles,1,9.896482790016429e-06,16.62465268685824,7,NN,NNS,tumbl,0,1,5.954196310386875,8.714648308627824e-05,5.954196310386875,0.016129032258064516,5.954196310386875,0.09603542436107862
rumbles,1,9.896482790016429e-06,16.62465268685824,7,NN,NNS,rumbl,0,1,5.954196310386875,8.714648308627824e-05,5.954196310386875,0.016129032258064516,5.954196310386875,0.09603542436107862
speed,1,9.896482790016429e-06,16.62465268685824,5,NN,NN,speed,0,1,5.954196310386875,8.714648308627824e-05,5.954196310386875,0.016129032258064516,5.954196310386875,0.09603542436107862
bawl,1,9.896482790016429e-06,16.62465268685824,4,VB,VB,bawl,0,1,5.954196310386875,3.779434252698883e-05,5.954196310386875,0.016129032258064516,5.954196310386875,0.09603542436107862
bawled,1,9.896482790016429e-06,16.62465268685824,6,VB,VBD,bawl,0,1,5.954196310386875,3.779434252698883e-05,5.954196310386875,0.016129032258064516,5.954196310386875,0.09603542436107862
gorged,1,9.896482790016429e-06,16.62465268685824,6,VB,VBN,gorg,0,1,5.954196310386875,8.714648308627824e-05,5.954196310386875,0.016129032258064516,5.954196310386875,0.09603542436107862
roguish,1,9.896482790016429e-06,16.62465268685824,7,JJ,JJ,roguish,0,1,5.954196310386875,3.779434252698883e-05,5.954196310386875,0.016129032258064516,5.954196310386875,0.09603542436107862
tommy,1,9.896482790016429e-06,16.62465268685824,5,NN,NNP,tommi,0,1,5.954196310386875,3.779434252698883e-05,5.954196310386875,0.016129032258064516,5.954196310386875,0.09603542436107862
praised,1,9.896482790016429e-06,16.62465268685824,7,VB,VBN,prais,0,1,5.954196310386875,3.779434252698883e-05,5.954196310386875,0.016129032258064516,5.954196310386875,0.09603542436107862
rip,1,9.896482790016429e-06,16.62465268685824,3,VB,VB,rip,0,1,5.954196310386875,3.779434252698883e-05,5.954196310386875,0.016129032258064516,5.954196310386875,0.09603542436107862
ve,1,9.896482790016429e-06,16.62465268685824,2,VB,VBG,ve,1,1,5.954196310386875,3.779434252698883e-05,5.954196310386875,0.016129032258064516,5.954196310386875,0.09603542436107862
frolic,1,9.896482790016429e-06,16.62465268685824,6,JJ,JJ,frolic,0,1,5.954196310386875,3.779434252698883e-05,5.954196310386875,0.016129032258064516,5.954196310386875,0.09603542436107862
shout,1,9.896482790016429e-06,16.62465268685824,5,NN,NN,shout,0,1,5.954196310386875,3.779434252698883e-05,5.954196310386875,0.016129032258064516,5.954196310386875,0.09603542436107862
reckoned,1,9.896482790016429e-06,16.62465268685824,8,VB,VBN,reckon,0,1,5.954196310386875,3.779434252698883e-05,5.954196310386875,0.016129032258064516,5.954196310386875,0.09603542436107862
appledumplings,1,9.896482790016429e-06,16.62465268685824,14,NN,NNS,appledumpl,0,1,5.954196310386875,3.779434252698883e-05,5.954196310386875,0.016129032258064516,5.954196310386875,0.09603542436107862
beef,1,9.896482790016429e-06,16.62465268685824,4,NN,NN,beef,0,1,5.954196310386875,3.779434252698883e-05,5.954196310386875,0.016129032258064516,5.954196310386875,0.09603542436107862
ham,1,9.896482790016429e-06,16.62465268685824,3,NN,NN,ham,0,1,5.954196310386875,3.779434252698883e-05,5.954196310386875,0.016129032258064516,5.954196310386875,0.09603542436107862
bedside,1,9.896482790016429e-06,16.62465268685824,7,JJ,JJ,bedsid,0,1,5.954196310386875,3.709363629242126e-05,5.954196310386875,0.016129032258064516,5.954196310386875,0.09603542436107862
covering,1,9.896482790016429e-06,16.62465268685824,8,NN,NN,cover,0,1,5.954196310386875,3.709363629242126e-05,5.954196310386875,0.016129032258064516,5.954196310386875,0.09603542436107862
crawl,1,9.896482790016429e-06,16.62465268685824,5,VB,VB,crawl,0,1,5.954196310386875,3.779434252698883e-05,5.954196310386875,0.016129032258064516,5.954196310386875,0.09603542436107862
describing,1,9.896482790016429e-06,16.62465268685824,10,VB,VBG,describ,0,1,5.954196310386875,3.779434252698883e-05,5.954196310386875,0.016129032258064516,5.954196310386875,0.09603542436107862
dislike,1,9.896482790016429e-06,16.62465268685824,7,VB,VB,dislik,0,1,5.954196310386875,3.779434252698883e-05,5.954196310386875,0.016129032258064516,5.954196310386875,0.09603542436107862
disheartened,1,9.896482790016429e-06,16.62465268685824,12,VB,VBN,dishearten,0,1,5.954196310386875,3.779434252698883e-05,5.954196310386875,0.016129032258064516,5.954196310386875,0.09603542436107862
gulp,1,9.896482790016429e-06,16.62465268685824,4,NN,NN,gulp,0,1,5.954196310386875,3.779434252698883e-05,5.954196310386875,0.016129032258064516,5.954196310386875,0.09603542436107862
dunghill,1,9.896482790016429e-06,16.62465268685824,8,NN,NN,dunghil,0,1,5.954196310386875,3.779434252698883e-05,5.954196310386875,0.016129032258064516,5.954196310386875,0.09603542436107862
cowhouse,1,9.896482790016429e-06,16.62465268685824,8,NN,NN,cowhous,0,1,5.954196310386875,3.779434252698883e-05,5.954196310386875,0.016129032258064516,5.954196310386875,0.09603542436107862
milkpail,1,9.896482790016429e-06,16.62465268685824,8,NN,NN,milkpail,0,1,5.954196310386875,3.779434252698883e-05,5.954196310386875,0.016129032258064516,5.954196310386875,0.09603542436107862
tumble,1,9.896482790016429e-06,16.62465268685824,6,VB,VB,tumbl,0,1,5.954196310386875,3.779434252698883e-05,5.954196310386875,0.016129032258064516,5.954196310386875,0.09603542436107862
lackaday,1,9.896482790016429e-06,16.62465268685824,8,NN,NN,lackaday,0,1,5.954196310386875,3.779434252698883e-05,5.954196310386875,0.016129032258064516,5.954196310386875,0.09603542436107862
rick,1,9.896482790016429e-06,16.62465268685824,4,NN,NN,rick,0,1,5.954196310386875,3.779434252698883e-05,5.954196310386875,0.016129032258064516,5.954196310386875,0.09603542436107862
crosses,1,9.896482790016429e-06,16.62465268685824,7,VB,VBZ,cross,0,1,5.954196310386875,3.779434252698883e-05,5.954196310386875,0.016129032258064516,5.954196310386875,0.09603542436107862
woefully,1,9.896482790016429e-06,16.62465268685824,8,RB,RB,woefulli,0,1,5.954196310386875,3.779434252698883e-05,5.954196310386875,0.016129032258064516,5.954196310386875,0.09603542436107862
plain,1,9.896482790016429e-06,16.62465268685824,5,NN,NN,plain,0,1,5.954196310386875,3.779434252698883e-05,5.954196310386875,0.016129032258064516,5.954196310386875,0.09603542436107862
jokes,1,9.896482790016429e-06,16.62465268685824,5,NN,NNS,joke,0,1,5.954196310386875,3.779434252698883e-05,5.954196310386875,0.016129032258064516,5.954196310386875,0.09603542436107862
suffered,1,9.896482790016429e-06,16.62465268685824,8,VB,VBN,suffer,0,1,5.954196310386875,8.714648308627824e-05,5.954196310386875,0.016129032258064516,5.954196310386875,0.09603542436107862
struggling,1,9.896482790016429e-06,16.62465268685824,10,VB,VBG,struggl,0,1,5.954196310386875,8.714648308627824e-05,5.954196310386875,0.016129032258064516,5.954196310386875,0.09603542436107862
sand,1,9.896482790016429e-06,16.62465268685824,4,NN,NN,sand,0,1,5.954196310386875,5.953839080042072e-05,5.954196310386875,0.016129032258064516,5.954196310386875,0.09603542436107862
contained,1,9.896482790016429e-06,16.62465268685824,9,VB,VBD,contain,0,1,5.954196310386875,0.00010472783463585456,5.954196310386875,0.016129032258064516,5.954196310386875,0.09603542436107862
dying,1,9.896482790016429e-06,16.62465268685824,5,VB,VBG,die,0,1,5.954196310386875,0.00010472783463585456,5.954196310386875,0.016129032258064516,5.954196310386875,0.09603542436107862
willowwrens,1,9.896482790016429e-06,16.62465268685824,11,NN,NNS,willowwren,0,1,5.954196310386875,0.00010472783463585456,5.954196310386875,0.016129032258064516,5.954196310386875,0.09603542436107862
slut,1,9.896482790016429e-06,16.62465268685824,4,VB,VBP,slut,0,1,5.954196310386875,3.709363629242126e-05,5.954196310386875,0.016129032258064516,5.954196310386875,0.09603542436107862
disreputable,1,9.896482790016429e-06,16.62465268685824,12,JJ,JJ,disreput,0,1,5.954196310386875,0.00010472783463585456,5.954196310386875,0.016129032258064516,5.954196310386875,0.09603542436107862
age,1,9.896482790016429e-06,16.62465268685824,3,NN,NN,age,0,1,5.954196310386875,5.953839080042072e-05,5.954196310386875,0.016129032258064516,5.954196310386875,0.09603542436107862
undisturbed,1,9.896482790016429e-06,16.62465268685824,11,JJ,JJ,undisturb,0,1,5.954196310386875,5.953839080042072e-05,5.954196310386875,0.016129032258064516,5.954196310386875,0.09603542436107862
starving,1,9.896482790016429e-06,16.62465268685824,8,VB,VBG,starv,0,1,5.954196310386875,5.953839080042072e-05,5.954196310386875,0.016129032258064516,5.954196310386875,0.09603542436107862
knee,1,9.896482790016429e-06,16.62465268685824,4,NN,NN,knee,0,1,5.954196310386875,5.953839080042072e-05,5.954196310386875,0.016129032258064516,5.954196310386875,0.09603542436107862
kingdoms,1,9.896482790016429e-06,16.62465268685824,8,NN,NNS,kingdom,0,1,5.954196310386875,5.953839080042072e-05,5.954196310386875,0.016129032258064516,5.954196310386875,0.09603542436107862
tasks,1,9.896482790016429e-06,16.62465268685824,5,NN,NNS,task,0,1,5.954196310386875,5.953839080042072e-05,5.954196310386875,0.016129032258064516,5.954196310386875,0.09603542436107862
performed,1,9.896482790016429e-06,16.62465268685824,9,VB,VBN,perform,0,1,5.954196310386875,5.953839080042072e-05,5.954196310386875,0.016129032258064516,5.954196310386875,0.09603542436107862
conquer,1,9.896482790016429e-06,16.62465268685824,7,VB,VB,conquer,0,1,5.954196310386875,5.953839080042072e-05,5.954196310386875,0.016129032258064516,5.954196310386875,0.09603542436107862
grateful,1,9.896482790016429e-06,16.62465268685824,8,JJ,JJ,grate,0,1,5.954196310386875,5.953839080042072e-05,5.954196310386875,0.016129032258064516,5.954196310386875,0.09603542436107862
spangled,1,9.896482790016429e-06,16.62465268685824,8,JJ,JJ,spangl,0,1,5.954196310386875,3.709363629242126e-05,5.954196310386875,0.016129032258064516,5.954196310386875,0.09603542436107862
awaiting,1,9.896482790016429e-06,16.62465268685824,8,VB,VBG,await,0,1,5.954196310386875,5.953839080042072e-05,5.954196310386875,0.016129032258064516,5.954196310386875,0.09603542436107862
sunrise,1,9.896482790016429e-06,16.62465268685824,7,NN,NN,sunris,0,1,5.954196310386875,5.953839080042072e-05,5.954196310386875,0.016129032258064516,5.954196310386875,0.09603542436107862
sacksful,1,9.896482790016429e-06,16.62465268685824,8,JJ,JJ,sacks,0,1,5.954196310386875,5.953839080042072e-05,5.954196310386875,0.016129032258064516,5.954196310386875,0.09603542436107862
shell,1,9.896482790016429e-06,16.62465268685824,5,NN,NN,shell,0,1,5.954196310386875,5.953839080042072e-05,5.954196310386875,0.016129032258064516,5.954196310386875,0.09603542436107862
mussel,1,9.896482790016429e-06,16.62465268685824,6,NN,NN,mussel,0,1,5.954196310386875,5.953839080042072e-05,5.954196310386875,0.016129032258064516,5.954196310386875,0.09603542436107862
leaving,1,9.896482790016429e-06,16.62465268685824,7,VB,VBG,leav,0,1,5.954196310386875,5.953839080042072e-05,5.954196310386875,0.016129032258064516,5.954196310386875,0.09603542436107862
forfeit,1,9.896482790016429e-06,16.62465268685824,7,VB,VB,forfeit,0,1,5.954196310386875,5.953839080042072e-05,5.954196310386875,0.016129032258064516,5.954196310386875,0.09603542436107862
chicks,1,9.896482790016429e-06,16.62465268685824,6,VB,VBZ,chick,0,1,5.954196310386875,5.953839080042072e-05,5.954196310386875,0.016129032258064516,5.954196310386875,0.09603542436107862
helpless,1,9.896482790016429e-06,16.62465268685824,8,JJ,JJ,helpless,0,1,5.954196310386875,5.953839080042072e-05,5.954196310386875,0.016129032258064516,5.954196310386875,0.09603542436107862
flapping,1,9.896482790016429e-06,16.62465268685824,8,VB,VBG,flap,0,1,5.954196310386875,5.953839080042072e-05,5.954196310386875,0.016129032258064516,5.954196310386875,0.09603542436107862
treading,1,9.896482790016429e-06,16.62465268685824,8,VB,VBG,tread,0,1,5.954196310386875,5.953839080042072e-05,5.954196310386875,0.016129032258064516,5.954196310386875,0.09603542436107862
hoofs,1,9.896482790016429e-06,16.62465268685824,5,NN,NN,hoof,0,1,5.954196310386875,5.953839080042072e-05,5.954196310386875,0.016129032258064516,5.954196310386875,0.09603542436107862
complain,1,9.896482790016429e-06,16.62465268685824,8,NN,NN,complain,0,1,5.954196310386875,5.953839080042072e-05,5.954196310386875,0.016129032258064516,5.954196310386875,0.09603542436107862
bloody,1,9.896482790016429e-06,16.62465268685824,6,JJ,JJ,bloodi,0,1,5.954196310386875,0.00010472783463585456,5.954196310386875,0.016129032258064516,5.954196310386875,0.09603542436107862
midges,1,9.896482790016429e-06,16.62465268685824,6,NN,NNS,midg,0,1,5.954196310386875,0.00010472783463585456,5.954196310386875,0.016129032258064516,5.954196310386875,0.09603542436107862
watered,1,9.896482790016429e-06,16.62465268685824,7,VB,VBN,water,0,1,5.954196310386875,3.709363629242126e-05,5.954196310386875,0.016129032258064516,5.954196310386875,0.09603542436107862
hornets,1,9.896482790016429e-06,16.62465268685824,7,NN,NNS,hornet,0,1,5.954196310386875,0.00010472783463585456,5.954196310386875,0.016129032258064516,5.954196310386875,0.09603542436107862
talked,1,9.896482790016429e-06,16.62465268685824,6,VB,VBD,talk,0,1,5.954196310386875,3.709363629242126e-05,5.954196310386875,0.016129032258064516,5.954196310386875,0.09603542436107862
brush,1,9.896482790016429e-06,16.62465268685824,5,VB,VB,brush,0,1,5.954196310386875,3.709363629242126e-05,5.954196310386875,0.016129032258064516,5.954196310386875,0.09603542436107862
deceive,1,9.896482790016429e-06,16.62465268685824,7,VB,VB,deceiv,0,1,5.954196310386875,8.714648308627824e-05,5.954196310386875,0.016129032258064516,5.954196310386875,0.09603542436107862
rub,1,9.896482790016429e-06,16.62465268685824,3,VB,VB,rub,0,1,5.954196310386875,8.714648308627824e-05,5.954196310386875,0.016129032258064516,5.954196310386875,0.09603542436107862
chalk,1,9.896482790016429e-06,16.62465268685824,5,NN,NN,chalk,0,1,5.954196310386875,8.714648308627824e-05,5.954196310386875,0.016129032258064516,5.954196310386875,0.09603542436107862
shopkeeper,1,9.896482790016429e-06,16.62465268685824,10,NN,NN,shopkeep,0,1,5.954196310386875,8.714648308627824e-05,5.954196310386875,0.016129032258064516,5.954196310386875,0.09603542436107862
disguises,1,9.896482790016429e-06,16.62465268685824,9,VB,VBZ,disguis,0,1,5.954196310386875,8.714648308627824e-05,5.954196310386875,0.016129032258064516,5.954196310386875,0.09603542436107862
sashes,1,9.896482790016429e-06,16.62465268685824,6,NN,NNS,sash,0,1,5.954196310386875,3.709363629242126e-05,5.954196310386875,0.016129032258064516,5.954196310386875,0.09603542436107862
rib,1,9.896482790016429e-06,16.62465268685824,3,NN,NN,rib,0,1,5.954196310386875,0.00010472783463585456,5.954196310386875,0.016129032258064516,5.954196310386875,0.09603542436107862
honourable,1,9.896482790016429e-06,16.62465268685824,10,JJ,JJ,honour,0,1,5.954196310386875,0.00010472783463585456,5.954196310386875,0.016129032258064516,5.954196310386875,0.09603542436107862
begging,1,9.896482790016429e-06,16.62465268685824,7,NN,NN,beg,0,1,5.954196310386875,3.709363629242126e-05,5.954196310386875,0.016129032258064516,5.954196310386875,0.09603542436107862
dishful,1,9.896482790016429e-06,16.62465268685824,7,NN,NN,dish,0,1,5.954196310386875,3.709363629242126e-05,5.954196310386875,0.016129032258064516,5.954196310386875,0.09603542436107862
orders,1,9.896482790016429e-06,16.62465268685824,6,NN,NNS,order,0,1,5.954196310386875,0.00010472783463585456,5.954196310386875,0.016129032258064516,5.954196310386875,0.09603542436107862
hornet,1,9.896482790016429e-06,16.62465268685824,6,NN,NN,hornet,0,1,5.954196310386875,0.00010472783463585456,5.954196310386875,0.016129032258064516,5.954196310386875,0.09603542436107862
advanced,1,9.896482790016429e-06,16.62465268685824,8,VB,VBD,advanc,0,1,5.954196310386875,0.00010472783463585456,5.954196310386875,0.016129032258064516,5.954196310386875,0.09603542436107862
swarming,1,9.896482790016429e-06,16.62465268685824,8,VB,VBG,swarm,0,1,5.954196310386875,0.00010472783463585456,5.954196310386875,0.016129032258064516,5.954196310386875,0.09603542436107862
whirring,1,9.896482790016429e-06,16.62465268685824,8,NN,NN,whir,0,1,5.954196310386875,0.00010472783463585456,5.954196310386875,0.016129032258064516,5.954196310386875,0.09603542436107862
detail,1,9.896482790016429e-06,16.62465268685824,6,NN,NN,detail,0,1,5.954196310386875,0.00010472783463585456,5.954196310386875,0.016129032258064516,5.954196310386875,0.09603542436107862
minutest,1,9.896482790016429e-06,16.62465268685824,8,JJ,JJS,minutest,0,1,5.954196310386875,0.00010472783463585456,5.954196310386875,0.016129032258064516,5.954196310386875,0.09603542436107862
charge,1,9.896482790016429e-06,16.62465268685824,6,VB,VB,charg,0,1,5.954196310386875,0.00010472783463585456,5.954196310386875,0.016129032258064516,5.954196310386875,0.09603542436107862
plume,1,9.896482790016429e-06,16.62465268685824,5,NN,NN,plume,0,1,5.954196310386875,0.00010472783463585456,5.954196310386875,0.016129032258064516,5.954196310386875,0.09603542436107862
bushy,1,9.896482790016429e-06,16.62465268685824,5,NN,NN,bushi,0,1,5.954196310386875,0.00010472783463585456,5.954196310386875,0.016129032258064516,5.954196310386875,0.09603542436107862
general,1,9.896482790016429e-06,16.62465268685824,7,JJ,JJ,gener,0,1,5.954196310386875,0.00010472783463585456,5.954196310386875,0.016129032258064516,5.954196310386875,0.09603542436107862
password,1,9.896482790016429e-06,16.62465268685824,8,NN,NN,password,0,1,5.954196310386875,0.00010472783463585456,5.954196310386875,0.016129032258064516,5.954196310386875,0.09603542436107862
ashheap,1,9.896482790016429e-06,16.62465268685824,7,JJ,JJ,ashheap,0,1,5.954196310386875,3.709363629242126e-05,5.954196310386875,0.016129032258064516,5.954196310386875,0.09603542436107862
commanderinchief,1,9.896482790016429e-06,16.62465268685824,16,NN,NN,commanderinchief,0,1,5.954196310386875,0.00010472783463585456,5.954196310386875,0.016129032258064516,5.954196310386875,0.09603542436107862
spies,1,9.896482790016429e-06,16.62465268685824,5,NN,NNS,spi,0,1,5.954196310386875,0.00010472783463585456,5.954196310386875,0.016129032258064516,5.954196310386875,0.09603542436107862
assist,1,9.896482790016429e-06,16.62465268685824,6,VB,VB,assist,0,1,5.954196310386875,2.8658736007483925e-05,5.954196310386875,0.016129032258064516,5.954196310386875,0.09603542436107862
dowry,1,9.896482790016429e-06,16.62465268685824,5,NN,NN,dowri,0,1,5.954196310386875,2.8658736007483925e-05,5.954196310386875,0.016129032258064516,5.954196310386875,0.09603542436107862
conquered,1,9.896482790016429e-06,16.62465268685824,9,VB,VBD,conquer,0,1,5.954196310386875,2.8658736007483925e-05,5.954196310386875,0.016129032258064516,5.954196310386875,0.09603542436107862
cleverly,1,9.896482790016429e-06,16.62465268685824,8,RB,RB,cleverli,0,1,5.954196310386875,8.30756266099296e-05,5.954196310386875,0.016129032258064516,5.954196310386875,0.09603542436107862
untrue,1,9.896482790016429e-06,16.62465268685824,6,JJ,JJ,untru,0,1,5.954196310386875,9.749789275236409e-05,5.954196310386875,0.016129032258064516,5.954196310386875,0.09603542436107862
flocks,1,9.896482790016429e-06,16.62465268685824,6,NN,NNS,flock,0,1,5.954196310386875,8.30756266099296e-05,5.954196310386875,0.016129032258064516,5.954196310386875,0.09603542436107862
lands,1,9.896482790016429e-06,16.62465268685824,5,NN,NNS,land,0,1,5.954196310386875,8.30756266099296e-05,5.954196310386875,0.016129032258064516,5.954196310386875,0.09603542436107862
forgets,1,9.896482790016429e-06,16.62465268685824,7,NN,NNS,forget,0,1,5.954196310386875,8.30756266099296e-05,5.954196310386875,0.016129032258064516,5.954196310386875,0.09603542436107862
tilling,1,9.896482790016429e-06,16.62465268685824,7,VB,VBG,till,0,1,5.954196310386875,8.30756266099296e-05,5.954196310386875,0.016129032258064516,5.954196310386875,0.09603542436107862
lick,1,9.896482790016429e-06,16.62465268685824,4,VB,VB,lick,0,1,5.954196310386875,9.749789275236409e-05,5.954196310386875,0.016129032258064516,5.954196310386875,0.09603542436107862
yoked,1,9.896482790016429e-06,16.62465268685824,5,VB,VBD,yoke,0,1,5.954196310386875,8.30756266099296e-05,5.954196310386875,0.016129032258064516,5.954196310386875,0.09603542436107862
curse,1,9.896482790016429e-06,16.62465268685824,5,NN,NN,curs,0,1,5.954196310386875,8.30756266099296e-05,5.954196310386875,0.016129032258064516,5.954196310386875,0.09603542436107862
roofs,1,9.896482790016429e-06,16.62465268685824,5,NN,NN,roof,0,1,5.954196310386875,9.749789275236409e-05,5.954196310386875,0.016129032258064516,5.954196310386875,0.09603542436107862
sowed,1,9.896482790016429e-06,16.62465268685824,5,VB,VBD,sow,0,1,5.954196310386875,8.30756266099296e-05,5.954196310386875,0.016129032258064516,5.954196310386875,0.09603542436107862
opportunities,1,9.896482790016429e-06,16.62465268685824,13,NN,NNS,opportun,0,1,5.954196310386875,9.749789275236409e-05,5.954196310386875,0.016129032258064516,5.954196310386875,0.09603542436107862
musicians,1,9.896482790016429e-06,16.62465268685824,9,NN,NNS,musician,0,1,5.954196310386875,7.030411739464028e-05,5.954196310386875,0.016129032258064516,5.954196310386875,0.09603542436107862
club,1,9.896482790016429e-06,16.62465268685824,4,NN,NN,club,0,1,5.954196310386875,7.030411739464028e-05,5.954196310386875,0.016129032258064516,5.954196310386875,0.09603542436107862
coolly,1,9.896482790016429e-06,16.62465268685824,6,RB,RB,coolli,0,1,5.954196310386875,9.749789275236409e-05,5.954196310386875,0.016129032258064516,5.954196310386875,0.09603542436107862
stabbed,1,9.896482790016429e-06,16.62465268685824,7,VB,VBD,stab,0,1,5.954196310386875,7.030411739464028e-05,5.954196310386875,0.016129032258064516,5.954196310386875,0.09603542436107862
bony,1,9.896482790016429e-06,16.62465268685824,4,NN,NN,boni,0,1,5.954196310386875,7.030411739464028e-05,5.954196310386875,0.016129032258064516,5.954196310386875,0.09603542436107862
remarks,1,9.896482790016429e-06,16.62465268685824,7,NN,NNS,remark,0,1,5.954196310386875,0.00013622046008663637,5.954196310386875,0.016129032258064516,5.954196310386875,0.09603542436107862
horrid,1,9.896482790016429e-06,16.62465268685824,6,JJ,JJ,horrid,0,1,5.954196310386875,7.030411739464028e-05,5.954196310386875,0.016129032258064516,5.954196310386875,0.09603542436107862
captain,1,9.896482790016429e-06,16.62465268685824,7,NN,NN,captain,0,1,5.954196310386875,7.030411739464028e-05,5.954196310386875,0.016129032258064516,5.954196310386875,0.09603542436107862
crossing,1,9.896482790016429e-06,16.62465268685824,8,VB,VBG,cross,0,1,5.954196310386875,7.030411739464028e-05,5.954196310386875,0.016129032258064516,5.954196310386875,0.09603542436107862
uncommon,1,9.896482790016429e-06,16.62465268685824,8,JJ,JJ,uncommon,0,1,5.954196310386875,9.749789275236409e-05,5.954196310386875,0.016129032258064516,5.954196310386875,0.09603542436107862
mistook,1,9.896482790016429e-06,16.62465268685824,7,VB,VBD,mistook,0,1,5.954196310386875,7.030411739464028e-05,5.954196310386875,0.016129032258064516,5.954196310386875,0.09603542436107862
espying,1,9.896482790016429e-06,16.62465268685824,7,VB,VBG,espi,0,1,5.954196310386875,7.030411739464028e-05,5.954196310386875,0.016129032258064516,5.954196310386875,0.09603542436107862
crumbstealer,1,9.896482790016429e-06,16.62465268685824,12,NN,NNP,crumbsteal,0,1,5.954196310386875,9.749789275236409e-05,5.954196310386875,0.016129032258064516,5.954196310386875,0.09603542436107862
bolder,1,9.896482790016429e-06,16.62465268685824,6,JJ,JJR,bolder,0,1,5.954196310386875,7.030411739464028e-05,5.954196310386875,0.016129032258064516,5.954196310386875,0.09603542436107862
mat,1,9.896482790016429e-06,16.62465268685824,3,NN,NN,mat,0,1,5.954196310386875,7.030411739464028e-05,5.954196310386875,0.016129032258064516,5.954196310386875,0.09603542436107862
godchildren,1,9.896482790016429e-06,16.62465268685824,11,NN,NNS,godchildren,0,1,5.954196310386875,9.749789275236409e-05,5.954196310386875,0.016129032258064516,5.954196310386875,0.09603542436107862
envied,1,9.896482790016429e-06,16.62465268685824,6,VB,VBD,envi,0,1,5.954196310386875,8.30756266099296e-05,5.954196310386875,0.016129032258064516,5.954196310386875,0.09603542436107862
graciously,1,9.896482790016429e-06,16.62465268685824,10,RB,RB,gracious,0,1,5.954196310386875,8.30756266099296e-05,5.954196310386875,0.016129032258064516,5.954196310386875,0.09603542436107862
eagerness,1,9.896482790016429e-06,16.62465268685824,9,NN,NN,eager,0,1,5.954196310386875,7.030411739464028e-05,5.954196310386875,0.016129032258064516,5.954196310386875,0.09603542436107862
vent,1,9.896482790016429e-06,16.62465268685824,4,VB,VB,vent,0,1,5.954196310386875,8.30756266099296e-05,5.954196310386875,0.016129032258064516,5.954196310386875,0.09603542436107862
earnestly,1,9.896482790016429e-06,16.62465268685824,9,RB,RB,earnestli,0,1,5.954196310386875,8.30756266099296e-05,5.954196310386875,0.016129032258064516,5.954196310386875,0.09603542436107862
entreat,1,9.896482790016429e-06,16.62465268685824,7,VB,VB,entreat,0,1,5.954196310386875,8.30756266099296e-05,5.954196310386875,0.016129032258064516,5.954196310386875,0.09603542436107862
friendship,1,9.896482790016429e-06,16.62465268685824,10,NN,NN,friendship,0,1,5.954196310386875,9.749789275236409e-05,5.954196310386875,0.016129032258064516,5.954196310386875,0.09603542436107862
wouldst,1,9.896482790016429e-06,16.62465268685824,7,JJ,JJ,wouldst,0,1,5.954196310386875,8.30756266099296e-05,5.954196310386875,0.016129032258064516,5.954196310386875,0.09603542436107862
consideration,1,9.896482790016429e-06,16.62465268685824,13,NN,NN,consider,0,1,5.954196310386875,9.749789275236409e-05,5.954196310386875,0.016129032258064516,5.954196310386875,0.09603542436107862
simples,1,9.896482790016429e-06,16.62465268685824,7,NN,NNS,simpl,0,1,5.954196310386875,8.30756266099296e-05,5.954196310386875,0.016129032258064516,5.954196310386875,0.09603542436107862
virtues,1,9.896482790016429e-06,16.62465268685824,7,NN,NNS,virtu,0,1,5.954196310386875,8.30756266099296e-05,5.954196310386875,0.016129032258064516,5.954196310386875,0.09603542436107862
healing,1,9.896482790016429e-06,16.62465268685824,7,NN,NN,heal,0,1,5.954196310386875,8.30756266099296e-05,5.954196310386875,0.016129032258064516,5.954196310386875,0.09603542436107862
sands,1,9.896482790016429e-06,16.62465268685824,5,NN,NNS,sand,0,1,5.954196310386875,8.30756266099296e-05,5.954196310386875,0.016129032258064516,5.954196310386875,0.09603542436107862
control,1,9.896482790016429e-06,16.62465268685824,7,VB,VBP,control,0,1,5.954196310386875,8.30756266099296e-05,5.954196310386875,0.016129032258064516,5.954196310386875,0.09603542436107862
laws,1,9.896482790016429e-06,16.62465268685824,4,NN,NNS,law,0,1,5.954196310386875,8.30756266099296e-05,5.954196310386875,0.016129032258064516,5.954196310386875,0.09603542436107862
motions,1,9.896482790016429e-06,16.62465268685824,7,NN,NNS,motion,0,1,5.954196310386875,8.30756266099296e-05,5.954196310386875,0.016129032258064516,5.954196310386875,0.09603542436107862
signs,1,9.896482790016429e-06,16.62465268685824,5,NN,NNS,sign,0,1,5.954196310386875,8.30756266099296e-05,5.954196310386875,0.016129032258064516,5.954196310386875,0.09603542436107862
discern,1,9.896482790016429e-06,16.62465268685824,7,VB,VBP,discern,0,1,5.954196310386875,8.30756266099296e-05,5.954196310386875,0.016129032258064516,5.954196310386875,0.09603542436107862
wisest,1,9.896482790016429e-06,16.62465268685824,6,JJ,JJS,wisest,0,1,5.954196310386875,8.30756266099296e-05,5.954196310386875,0.016129032258064516,5.954196310386875,0.09603542436107862
schools,1,9.896482790016429e-06,16.62465268685824,7,NN,NNS,school,0,1,5.954196310386875,8.30756266099296e-05,5.954196310386875,0.016129032258064516,5.954196310386875,0.09603542436107862
dares,1,9.896482790016429e-06,16.62465268685824,5,NN,NNS,dare,0,1,5.954196310386875,9.749789275236409e-05,5.954196310386875,0.016129032258064516,5.954196310386875,0.09603542436107862
calls,1,9.896482790016429e-06,16.62465268685824,5,VB,VBZ,call,0,1,5.954196310386875,8.30756266099296e-05,5.954196310386875,0.016129032258064516,5.954196310386875,0.09603542436107862
altar,1,9.896482790016429e-06,16.62465268685824,5,NN,NN,altar,0,1,5.954196310386875,9.749789275236409e-05,5.954196310386875,0.016129032258064516,5.954196310386875,0.09603542436107862
proved,1,9.896482790016429e-06,16.62465268685824,6,VB,VBD,prove,0,1,5.954196310386875,8.30756266099296e-05,5.954196310386875,0.016129032258064516,5.954196310386875,0.09603542436107862
spots,1,9.896482790016429e-06,16.62465268685824,5,NN,NNS,spot,0,1,5.954196310386875,9.749789275236409e-05,5.954196310386875,0.016129032258064516,5.954196310386875,0.09603542436107862
trampling,1,9.896482790016429e-06,16.62465268685824,9,NN,NN,trampl,0,1,5.954196310386875,8.30756266099296e-05,5.954196310386875,0.016129032258064516,5.954196310386875,0.09603542436107862
suspicions,1,9.896482790016429e-06,16.62465268685824,10,NN,NNS,suspicion,0,1,5.954196310386875,8.30756266099296e-05,5.954196310386875,0.016129032258064516,5.954196310386875,0.09603542436107862
ambush,1,9.896482790016429e-06,16.62465268685824,6,NN,NN,ambush,0,1,5.954196310386875,8.30756266099296e-05,5.954196310386875,0.016129032258064516,5.954196310386875,0.09603542436107862
villains,1,9.896482790016429e-06,16.62465268685824,8,NN,NNS,villain,0,1,5.954196310386875,8.30756266099296e-05,5.954196310386875,0.016129032258064516,5.954196310386875,0.09603542436107862
hired,1,9.896482790016429e-06,16.62465268685824,5,VB,VBD,hire,0,1,5.954196310386875,8.30756266099296e-05,5.954196310386875,0.016129032258064516,5.954196310386875,0.09603542436107862
font,1,9.896482790016429e-06,16.62465268685824,4,NN,NN,font,0,1,5.954196310386875,9.749789275236409e-05,5.954196310386875,0.016129032258064516,5.954196310386875,0.09603542436107862
restingplace,1,9.896482790016429e-06,16.62465268685824,12,NN,NN,restingplac,0,1,5.954196310386875,7.030411739464028e-05,5.954196310386875,0.016129032258064516,5.954196310386875,0.09603542436107862
dispatched,1,9.896482790016429e-06,16.62465268685824,10,VB,VBD,dispatch,0,1,5.954196310386875,7.030411739464028e-05,5.954196310386875,0.016129032258064516,5.954196310386875,0.09603542436107862
ravaging,1,9.896482790016429e-06,16.62465268685824,8,VB,VBG,ravag,0,1,5.954196310386875,2.8658736007483925e-05,5.954196310386875,0.016129032258064516,5.954196310386875,0.09603542436107862
consecrated,1,9.896482790016429e-06,16.62465268685824,11,VB,VBD,consecr,0,1,5.954196310386875,0.00010141016300008303,5.954196310386875,0.016129032258064516,5.954196310386875,0.09603542436107862
counselled,1,9.896482790016429e-06,16.62465268685824,10,VB,VBD,counsel,0,1,5.954196310386875,0.00010141016300008303,5.954196310386875,0.016129032258064516,5.954196310386875,0.09603542436107862
undecided,1,9.896482790016429e-06,16.62465268685824,9,JJ,JJ,undecid,0,1,5.954196310386875,0.00010141016300008303,5.954196310386875,0.016129032258064516,5.954196310386875,0.09603542436107862
ecclesiastics,1,9.896482790016429e-06,16.62465268685824,13,NN,NNS,ecclesiast,0,1,5.954196310386875,0.00010141016300008303,5.954196310386875,0.016129032258064516,5.954196310386875,0.09603542436107862
decided,1,9.896482790016429e-06,16.62465268685824,7,VB,VBN,decid,0,1,5.954196310386875,0.00010141016300008303,5.954196310386875,0.016129032258064516,5.954196310386875,0.09603542436107862
miraculous,1,9.896482790016429e-06,16.62465268685824,10,JJ,JJ,miracul,0,1,5.954196310386875,0.00010141016300008303,5.954196310386875,0.016129032258064516,5.954196310386875,0.09603542436107862
divine,1,9.896482790016429e-06,16.62465268685824,6,NN,NN,divin,0,1,5.954196310386875,0.00010141016300008303,5.954196310386875,0.016129032258064516,5.954196310386875,0.09603542436107862
distinguished,1,9.896482790016429e-06,16.62465268685824,13,VB,VBN,distinguish,0,1,5.954196310386875,0.00010141016300008303,5.954196310386875,0.016129032258064516,5.954196310386875,0.09603542436107862
exception,1,9.896482790016429e-06,16.62465268685824,9,NN,NN,except,0,1,5.954196310386875,9.749789275236409e-05,5.954196310386875,0.016129032258064516,5.954196310386875,0.09603542436107862
topoff,1,9.896482790016429e-06,16.62465268685824,6,NN,NN,topoff,0,1,5.954196310386875,9.749789275236409e-05,5.954196310386875,0.016129032258064516,5.954196310386875,0.09603542436107862
successor,1,9.896482790016429e-06,16.62465268685824,9,NN,NN,successor,0,1,5.954196310386875,0.00010141016300008303,5.954196310386875,0.016129032258064516,5.954196310386875,0.09603542436107862
appoint,1,9.896482790016429e-06,16.62465268685824,7,VB,VB,appoint,0,1,5.954196310386875,0.00010141016300008303,5.954196310386875,0.016129032258064516,5.954196310386875,0.09603542436107862
cardinals,1,9.896482790016429e-06,16.62465268685824,9,NN,NNS,cardin,0,1,5.954196310386875,0.00010141016300008303,5.954196310386875,0.016129032258064516,5.954196310386875,0.09603542436107862
marsh,1,9.896482790016429e-06,16.62465268685824,5,NN,NN,marsh,0,1,5.954196310386875,0.00010141016300008303,5.954196310386875,0.016129032258064516,5.954196310386875,0.09603542436107862
darkgrey,1,9.896482790016429e-06,16.62465268685824,8,JJ,JJ,darkgrey,0,1,5.954196310386875,9.749789275236409e-05,5.954196310386875,0.016129032258064516,5.954196310386875,0.09603542436107862
successfully,1,9.896482790016429e-06,16.62465268685824,12,RB,RB,success,0,1,5.954196310386875,0.00010141016300008303,5.954196310386875,0.016129032258064516,5.954196310386875,0.09603542436107862
accomplished,1,9.896482790016429e-06,16.62465268685824,12,VB,VBD,accomplish,0,1,5.954196310386875,0.00010141016300008303,5.954196310386875,0.016129032258064516,5.954196310386875,0.09603542436107862
adopt,1,9.896482790016429e-06,16.62465268685824,5,VB,VB,adopt,0,1,5.954196310386875,0.00010141016300008303,5.954196310386875,0.016129032258064516,5.954196310386875,0.09603542436107862
discourse,1,9.896482790016429e-06,16.62465268685824,9,NN,NN,discours,0,1,5.954196310386875,0.00010141016300008303,5.954196310386875,0.016129032258064516,5.954196310386875,0.09603542436107862
fancies,1,9.896482790016429e-06,16.62465268685824,7,NN,NNS,fanci,0,1,5.954196310386875,9.749789275236409e-05,5.954196310386875,0.016129032258064516,5.954196310386875,0.09603542436107862
unharmed,1,9.896482790016429e-06,16.62465268685824,8,JJ,JJ,unharm,0,1,5.954196310386875,0.00010141016300008303,5.954196310386875,0.016129032258064516,5.954196310386875,0.09603542436107862
amicably,1,9.896482790016429e-06,16.62465268685824,8,RB,RB,amic,0,1,5.954196310386875,0.00010141016300008303,5.954196310386875,0.016129032258064516,5.954196310386875,0.09603542436107862
daytime,1,9.896482790016429e-06,16.62465268685824,7,NN,NN,daytim,0,1,5.954196310386875,9.749789275236409e-05,5.954196310386875,0.016129032258064516,5.954196310386875,0.09603542436107862
absence,1,9.896482790016429e-06,16.62465268685824,7,NN,NN,absenc,0,1,5.954196310386875,9.749789275236409e-05,5.954196310386875,0.016129032258064516,5.954196310386875,0.09603542436107862
barking,1,9.896482790016429e-06,16.62465268685824,7,VB,VBG,bark,0,1,5.954196310386875,0.00010141016300008303,5.954196310386875,0.016129032258064516,5.954196310386875,0.09603542436107862
dismay,1,9.896482790016429e-06,16.62465268685824,6,NN,NN,dismay,0,1,5.954196310386875,0.00010141016300008303,5.954196310386875,0.016129032258064516,5.954196310386875,0.09603542436107862
stopping,1,9.896482790016429e-06,16.62465268685824,8,VB,VBG,stop,0,1,5.954196310386875,0.00010141016300008303,5.954196310386875,0.016129032258064516,5.954196310386875,0.09603542436107862
warn,1,9.896482790016429e-06,16.62465268685824,4,VB,VBP,warn,0,1,5.954196310386875,0.00010141016300008303,5.954196310386875,0.016129032258064516,5.954196310386875,0.09603542436107862
anointed,1,9.896482790016429e-06,16.62465268685824,8,VB,VBD,anoint,0,1,5.954196310386875,0.00010141016300008303,5.954196310386875,0.016129032258064516,5.954196310386875,0.09603542436107862
affected,1,9.896482790016429e-06,16.62465268685824,8,JJ,JJ,affect,0,1,5.954196310386875,0.00010141016300008303,5.954196310386875,0.016129032258064516,5.954196310386875,0.09603542436107862
coast,1,9.896482790016429e-06,16.62465268685824,5,NN,NN,coast,0,1,5.954196310386875,7.030411739464028e-05,5.954196310386875,0.016129032258064516,5.954196310386875,0.09603542436107862
holiness,1,9.896482790016429e-06,16.62465268685824,8,NN,NNP,holi,0,1,5.954196310386875,0.00010141016300008303,5.954196310386875,0.016129032258064516,5.954196310386875,0.09603542436107862
scampered,1,9.896482790016429e-06,16.62465268685824,9,VB,VBD,scamper,0,1,5.954196310386875,7.030411739464028e-05,5.954196310386875,0.016129032258064516,5.954196310386875,0.09603542436107862
frightful,1,9.896482790016429e-06,16.62465268685824,9,JJ,JJ,fright,0,1,5.954196310386875,7.030411739464028e-05,5.954196310386875,0.016129032258064516,5.954196310386875,0.09603542436107862
opening,1,9.896482790016429e-06,16.62465268685824,7,NN,NN,open,0,1,5.954196310386875,7.030411739464028e-05,5.954196310386875,0.016129032258064516,5.954196310386875,0.09603542436107862
mewed,1,9.896482790016429e-06,16.62465268685824,5,VB,VBD,mew,0,1,5.954196310386875,7.030411739464028e-05,5.954196310386875,0.016129032258064516,5.954196310386875,0.09603542436107862
brayed,1,9.896482790016429e-06,16.62465268685824,6,NN,NN,bray,0,1,5.954196310386875,7.030411739464028e-05,5.954196310386875,0.016129032258064516,5.954196310386875,0.09603542436107862
resting,1,9.896482790016429e-06,16.62465268685824,7,VB,VBG,rest,0,1,5.954196310386875,7.030411739464028e-05,5.954196310386875,0.016129032258064516,5.954196310386875,0.09603542436107862
forefeet,1,9.896482790016429e-06,16.62465268685824,8,NN,NN,forefeet,0,1,5.954196310386875,7.030411739464028e-05,5.954196310386875,0.016129032258064516,5.954196310386875,0.09603542436107862
consulted,1,9.896482790016429e-06,16.62465268685824,9,VB,VBD,consult,0,1,5.954196310386875,7.030411739464028e-05,5.954196310386875,0.016129032258064516,5.954196310386875,0.09603542436107862
oneself,1,9.896482790016429e-06,16.62465268685824,7,VB,VB,oneself,0,1,5.954196310386875,9.749789275236409e-05,5.954196310386875,0.016129032258064516,5.954196310386875,0.09603542436107862
gang,1,9.896482790016429e-06,16.62465268685824,4,NN,NN,gang,0,1,5.954196310386875,7.030411739464028e-05,5.954196310386875,0.016129032258064516,5.954196310386875,0.09603542436107862
brighter,1,9.896482790016429e-06,16.62465268685824,8,NN,NN,brighter,0,1,5.954196310386875,7.030411739464028e-05,5.954196310386875,0.016129032258064516,5.954196310386875,0.09603542436107862
safer,1,9.896482790016429e-06,16.62465268685824,5,NN,NN,safer,0,1,5.954196310386875,7.030411739464028e-05,5.954196310386875,0.016129032258064516,5.954196310386875,0.09603542436107862
wager,1,9.896482790016429e-06,16.62465268685824,5,NN,NN,wager,0,1,5.954196310386875,9.749789275236409e-05,5.954196310386875,0.016129032258064516,5.954196310386875,0.09603542436107862
threaten,1,9.896482790016429e-06,16.62465268685824,8,VB,VBP,threaten,0,1,5.954196310386875,7.030411739464028e-05,5.954196310386875,0.016129032258064516,5.954196310386875,0.09603542436107862
washingday,1,9.896482790016429e-06,16.62465268685824,10,JJ,JJ,washingday,0,1,5.954196310386875,7.030411739464028e-05,5.954196310386875,0.016129032258064516,5.954196310386875,0.09603542436107862
calendar,1,9.896482790016429e-06,16.62465268685824,8,NN,NN,calendar,0,1,5.954196310386875,9.749789275236409e-05,5.954196310386875,0.016129032258064516,5.954196310386875,0.09603542436107862
bravo,1,9.896482790016429e-06,16.62465268685824,5,NN,NNP,bravo,0,1,5.954196310386875,7.030411739464028e-05,5.954196310386875,0.016129032258064516,5.954196310386875,0.09603542436107862
main,1,9.896482790016429e-06,16.62465268685824,4,JJ,JJ,main,0,1,5.954196310386875,7.030411739464028e-05,5.954196310386875,0.016129032258064516,5.954196310386875,0.09603542436107862
farmyard,1,9.896482790016429e-06,16.62465268685824,8,NN,NN,farmyard,0,1,5.954196310386875,7.030411739464028e-05,5.954196310386875,0.016129032258064516,5.954196310386875,0.09603542436107862
singer,1,9.896482790016429e-06,16.62465268685824,6,NN,NN,singer,0,1,5.954196310386875,7.030411739464028e-05,5.954196310386875,0.016129032258064516,5.954196310386875,0.09603542436107862
rueful,1,9.896482790016429e-06,16.62465268685824,6,JJ,JJ,rueful,0,1,5.954196310386875,7.030411739464028e-05,5.954196310386875,0.016129032258064516,5.954196310386875,0.09603542436107862
licking,1,9.896482790016429e-06,16.62465268685824,7,JJ,JJ,lick,0,1,5.954196310386875,9.749789275236409e-05,5.954196310386875,0.016129032258064516,5.954196310386875,0.09603542436107862
pant,1,9.896482790016429e-06,16.62465268685824,4,VB,VBP,pant,0,1,5.954196310386875,7.030411739464028e-05,5.954196310386875,0.016129032258064516,5.954196310386875,0.09603542436107862
panting,1,9.896482790016429e-06,16.62465268685824,7,NN,NN,pant,0,1,5.954196310386875,7.030411739464028e-05,5.954196310386875,0.016129032258064516,5.954196310386875,0.09603542436107862
spied,1,9.896482790016429e-06,16.62465268685824,5,VB,VBD,spi,0,1,5.954196310386875,7.030411739464028e-05,5.954196310386875,0.016129032258064516,5.954196310386875,0.09603542436107862
threes,1,9.896482790016429e-06,16.62465268685824,6,NN,NNS,three,0,1,5.954196310386875,9.749789275236409e-05,5.954196310386875,0.016129032258064516,5.954196310386875,0.09603542436107862
unfit,1,9.896482790016429e-06,16.62465268685824,5,JJ,JJ,unfit,0,1,5.954196310386875,7.030411739464028e-05,5.954196310386875,0.016129032258064516,5.954196310386875,0.09603542436107862
plucking,1,9.896482790016429e-06,16.62465268685824,8,VB,VBG,pluck,0,1,5.954196310386875,6.326444292561175e-05,5.954196310386875,0.016129032258064516,5.954196310386875,0.09603542436107862
untying,1,9.896482790016429e-06,16.62465268685824,7,VB,VBG,unti,0,1,5.954196310386875,8.30756266099296e-05,5.954196310386875,0.016129032258064516,5.954196310386875,0.09603542436107862
searcher,1,9.896482790016429e-06,16.62465268685824,8,NN,NN,searcher,0,1,5.954196310386875,8.30756266099296e-05,5.954196310386875,0.016129032258064516,5.954196310386875,0.09603542436107862
mite,1,9.896482790016429e-06,16.62465268685824,4,NN,NN,mite,0,1,5.954196310386875,2.8658736007483925e-05,5.954196310386875,0.016129032258064516,5.954196310386875,0.09603542436107862
faith,1,9.896482790016429e-06,16.62465268685824,5,NN,NNP,faith,0,1,5.954196310386875,2.8658736007483925e-05,5.954196310386875,0.016129032258064516,5.954196310386875,0.09603542436107862
liquid,1,9.896482790016429e-06,16.62465268685824,6,NN,NN,liquid,0,1,5.954196310386875,2.8658736007483925e-05,5.954196310386875,0.016129032258064516,5.954196310386875,0.09603542436107862
tiny,1,9.896482790016429e-06,16.62465268685824,4,JJ,JJ,tini,0,1,5.954196310386875,2.8658736007483925e-05,5.954196310386875,0.016129032258064516,5.954196310386875,0.09603542436107862
unbuttoned,1,9.896482790016429e-06,16.62465268685824,10,VB,VBD,unbutton,0,1,5.954196310386875,2.8658736007483925e-05,5.954196310386875,0.016129032258064516,5.954196310386875,0.09603542436107862
ragamuffin,1,9.896482790016429e-06,16.62465268685824,10,VB,VBP,ragamuffin,0,1,5.954196310386875,2.8658736007483925e-05,5.954196310386875,0.016129032258064516,5.954196310386875,0.09603542436107862
contemptuously,1,9.896482790016429e-06,16.62465268685824,14,RB,RB,contemptu,0,1,5.954196310386875,2.8658736007483925e-05,5.954196310386875,0.016129032258064516,5.954196310386875,0.09603542436107862
widespread,1,9.896482790016429e-06,16.62465268685824,10,JJ,JJ,widespread,0,1,5.954196310386875,2.8658736007483925e-05,5.954196310386875,0.016129032258064516,5.954196310386875,0.09603542436107862
overlooking,1,9.896482790016429e-06,16.62465268685824,11,VB,VBG,overlook,0,1,5.954196310386875,2.8658736007483925e-05,5.954196310386875,0.016129032258064516,5.954196310386875,0.09603542436107862
bravely,1,9.896482790016429e-06,16.62465268685824,7,RB,RB,brave,0,1,5.954196310386875,2.8658736007483925e-05,5.954196310386875,0.016129032258064516,5.954196310386875,0.09603542436107862
turns,1,9.896482790016429e-06,16.62465268685824,5,VB,VBZ,turn,0,1,5.954196310386875,6.326444292561175e-05,5.954196310386875,0.016129032258064516,5.954196310386875,0.09603542436107862
valour,1,9.896482790016429e-06,16.62465268685824,6,NN,NN,valour,0,1,5.954196310386875,2.8658736007483925e-05,5.954196310386875,0.016129032258064516,5.954196310386875,0.09603542436107862
embroidered,1,9.896482790016429e-06,16.62465268685824,11,VB,VBD,embroid,0,1,5.954196310386875,2.8658736007483925e-05,5.954196310386875,0.016129032258064516,5.954196310386875,0.09603542436107862
stitched,1,9.896482790016429e-06,16.62465268685824,8,VB,VBD,stitch,0,1,5.954196310386875,2.8658736007483925e-05,5.954196310386875,0.016129032258064516,5.954196310386875,0.09603542436107862
bravery,1,9.896482790016429e-06,16.62465268685824,7,NN,NN,braveri,0,1,5.954196310386875,2.8658736007483925e-05,5.954196310386875,0.016129032258064516,5.954196310386875,0.09603542436107862
admiring,1,9.896482790016429e-06,16.62465268685824,8,VB,VBG,admir,0,1,5.954196310386875,2.8658736007483925e-05,5.954196310386875,0.016129032258064516,5.954196310386875,0.09603542436107862
fewer,1,9.896482790016429e-06,16.62465268685824,5,JJ,JJR,fewer,0,1,5.954196310386875,2.8658736007483925e-05,5.954196310386875,0.016129032258064516,5.954196310386875,0.09603542436107862
mercilessly,1,9.896482790016429e-06,16.62465268685824,11,RB,RB,mercilessli,0,1,5.954196310386875,2.8658736007483925e-05,5.954196310386875,0.016129032258064516,5.954196310386875,0.09603542436107862
worktable,1,9.896482790016429e-06,16.62465268685824,9,JJ,JJ,worktabl,0,1,5.954196310386875,2.8658736007483925e-05,5.954196310386875,0.016129032258064516,5.954196310386875,0.09603542436107862
patience,1,9.896482790016429e-06,16.62465268685824,8,NN,NN,patienc,0,1,5.954196310386875,2.8658736007483925e-05,5.954196310386875,0.016129032258064516,5.954196310386875,0.09603542436107862
companies,1,9.896482790016429e-06,16.62465268685824,9,NN,NNS,compani,0,1,5.954196310386875,2.8658736007483925e-05,5.954196310386875,0.016129032258064516,5.954196310386875,0.09603542436107862
everincreasing,1,9.896482790016429e-06,16.62465268685824,14,JJ,JJ,everincreas,0,1,5.954196310386875,2.8658736007483925e-05,5.954196310386875,0.016129032258064516,5.954196310386875,0.09603542436107862
german,1,9.896482790016429e-06,16.62465268685824,6,JJ,JJ,german,0,1,5.954196310386875,2.8658736007483925e-05,5.954196310386875,0.016129032258064516,5.954196310386875,0.09603542436107862
understood,1,9.896482790016429e-06,16.62465268685824,10,VB,VBD,understood,0,1,5.954196310386875,2.8658736007483925e-05,5.954196310386875,0.016129032258064516,5.954196310386875,0.09603542436107862
unbidden,1,9.896482790016429e-06,16.62465268685824,8,JJ,JJ,unbidden,0,1,5.954196310386875,2.8658736007483925e-05,5.954196310386875,0.016129032258064516,5.954196310386875,0.09603542436107862
hosts,1,9.896482790016429e-06,16.62465268685824,5,NN,NNS,host,0,1,5.954196310386875,2.8658736007483925e-05,5.954196310386875,0.016129032258064516,5.954196310386875,0.09603542436107862
attracted,1,9.896482790016429e-06,16.62465268685824,9,VB,VBN,attract,0,1,5.954196310386875,2.8658736007483925e-05,5.954196310386875,0.016129032258064516,5.954196310386875,0.09603542436107862
numbers,1,9.896482790016429e-06,16.62465268685824,7,NN,NNS,number,0,1,5.954196310386875,2.8658736007483925e-05,5.954196310386875,0.016129032258064516,5.954196310386875,0.09603542436107862
wasn,1,9.896482790016429e-06,16.62465268685824,4,JJ,JJ,wasn,1,1,5.954196310386875,2.8658736007483925e-05,5.954196310386875,0.016129032258064516,5.954196310386875,0.09603542436107862
oak,1,9.896482790016429e-06,16.62465268685824,3,NN,NN,oak,0,1,5.954196310386875,2.8658736007483925e-05,5.954196310386875,0.016129032258064516,5.954196310386875,0.09603542436107862
blazed,1,9.896482790016429e-06,16.62465268685824,6,VB,VBD,blaze,0,1,5.954196310386875,6.326444292561175e-05,5.954196310386875,0.016129032258064516,5.954196310386875,0.09603542436107862
readily,1,9.896482790016429e-06,16.62465268685824,7,NN,NNP,readili,0,1,5.954196310386875,2.8658736007483925e-05,5.954196310386875,0.016129032258064516,5.954196310386875,0.09603542436107862
murdering,1,9.896482790016429e-06,16.62465268685824,9,VB,VBG,murder,0,1,5.954196310386875,2.8658736007483925e-05,5.954196310386875,0.016129032258064516,5.954196310386875,0.09603542436107862
robbing,1,9.896482790016429e-06,16.62465268685824,7,NN,NN,rob,0,1,5.954196310386875,2.8658736007483925e-05,5.954196310386875,0.016129032258064516,5.954196310386875,0.09603542436107862
kills,1,9.896482790016429e-06,16.62465268685824,5,VB,VBZ,kill,0,1,5.954196310386875,2.8658736007483925e-05,5.954196310386875,0.016129032258064516,5.954196310386875,0.09603542436107862
prepared,1,9.896482790016429e-06,16.62465268685824,8,JJ,JJ,prepar,0,1,5.954196310386875,2.8658736007483925e-05,5.954196310386875,0.016129032258064516,5.954196310386875,0.09603542436107862
decision,1,9.896482790016429e-06,16.62465268685824,8,NN,NN,decis,0,1,5.954196310386875,2.8658736007483925e-05,5.954196310386875,0.016129032258064516,5.954196310386875,0.09603542436107862
ending,1,9.896482790016429e-06,16.62465268685824,6,VB,VBG,end,0,1,5.954196310386875,6.326444292561175e-05,5.954196310386875,0.016129032258064516,5.954196310386875,0.09603542436107862
assigned,1,9.896482790016429e-06,16.62465268685824,8,VB,VBN,assign,0,1,5.954196310386875,2.8658736007483925e-05,5.954196310386875,0.016129032258064516,5.954196310386875,0.09603542436107862
special,1,9.896482790016429e-06,16.62465268685824,7,JJ,JJ,special,0,1,5.954196310386875,2.8658736007483925e-05,5.954196310386875,0.016129032258064516,5.954196310386875,0.09603542436107862
honourably,1,9.896482790016429e-06,16.62465268685824,10,RB,RB,honour,0,1,5.954196310386875,2.8658736007483925e-05,5.954196310386875,0.016129032258064516,5.954196310386875,0.09603542436107862
conveyed,1,9.896482790016429e-06,16.62465268685824,8,VB,VBD,convey,0,1,5.954196310386875,2.8658736007483925e-05,5.954196310386875,0.016129032258064516,5.954196310386875,0.09603542436107862
sleeper,1,9.896482790016429e-06,16.62465268685824,7,NN,NN,sleeper,0,1,5.954196310386875,2.8658736007483925e-05,5.954196310386875,0.016129032258064516,5.954196310386875,0.09603542436107862
ambassador,1,9.896482790016429e-06,16.62465268685824,10,NN,NN,ambassador,0,1,5.954196310386875,2.8658736007483925e-05,5.954196310386875,0.016129032258064516,5.954196310386875,0.09603542436107862
military,1,9.896482790016429e-06,16.62465268685824,8,JJ,JJ,militari,0,1,5.954196310386875,2.8658736007483925e-05,5.954196310386875,0.016129032258064516,5.954196310386875,0.09603542436107862
depart,1,9.896482790016429e-06,16.62465268685824,6,VB,VB,depart,0,1,5.954196310386875,2.8658736007483925e-05,5.954196310386875,0.016129032258064516,5.954196310386875,0.09603542436107862
weighty,1,9.896482790016429e-06,16.62465268685824,7,NN,NN,weighti,0,1,5.954196310386875,2.8658736007483925e-05,5.954196310386875,0.016129032258064516,5.954196310386875,0.09603542436107862
opinion,1,9.896482790016429e-06,16.62465268685824,7,NN,NN,opinion,0,1,5.954196310386875,2.8658736007483925e-05,5.954196310386875,0.016129032258064516,5.954196310386875,0.09603542436107862
busily,1,9.896482790016429e-06,16.62465268685824,6,RB,RB,busili,0,1,5.954196310386875,6.326444292561175e-05,5.954196310386875,0.016129032258064516,5.954196310386875,0.09603542436107862
earliest,1,9.896482790016429e-06,16.62465268685824,8,JJ,JJS,earliest,0,1,5.954196310386875,2.8658736007483925e-05,5.954196310386875,0.016129032258064516,5.954196310386875,0.09603542436107862
spacious,1,9.896482790016429e-06,16.62465268685824,8,JJ,JJ,spaciou,0,1,5.954196310386875,2.8658736007483925e-05,5.954196310386875,0.016129032258064516,5.954196310386875,0.09603542436107862
valiant,1,9.896482790016429e-06,16.62465268685824,7,JJ,JJ,valiant,0,1,5.954196310386875,2.8658736007483925e-05,5.954196310386875,0.016129032258064516,5.954196310386875,0.09603542436107862
shooting,1,9.896482790016429e-06,16.62465268685824,8,VB,VBG,shoot,0,1,5.954196310386875,2.8658736007483925e-05,5.954196310386875,0.016129032258064516,5.954196310386875,0.09603542436107862
lack,1,9.896482790016429e-06,16.62465268685824,4,NN,NN,lack,0,1,5.954196310386875,2.8658736007483925e-05,5.954196310386875,0.016129032258064516,5.954196310386875,0.09603542436107862
ripest,1,9.896482790016429e-06,16.62465268685824,6,JJ,JJS,ripest,0,1,5.954196310386875,2.8658736007483925e-05,5.954196310386875,0.016129032258064516,5.954196310386875,0.09603542436107862
cherrytree,1,9.896482790016429e-06,16.62465268685824,10,JJ,JJ,cherrytre,0,1,5.954196310386875,2.8658736007483925e-05,5.954196310386875,0.016129032258064516,5.954196310386875,0.09603542436107862
buzz,1,9.896482790016429e-06,16.62465268685824,4,NN,NN,buzz,0,1,5.954196310386875,6.326444292561175e-05,5.954196310386875,0.016129032258064516,5.954196310386875,0.09603542436107862
heaviest,1,9.896482790016429e-06,16.62465268685824,8,JJ,JJS,heaviest,0,1,5.954196310386875,2.8658736007483925e-05,5.954196310386875,0.016129032258064516,5.954196310386875,0.09603542436107862
twigs,1,9.896482790016429e-06,16.62465268685824,5,NN,NNS,twig,0,1,5.954196310386875,2.8658736007483925e-05,5.954196310386875,0.016129032258064516,5.954196310386875,0.09603542436107862
jacket,1,9.896482790016429e-06,16.62465268685824,6,NN,NN,jacket,0,1,5.954196310386875,2.8658736007483925e-05,5.954196310386875,0.016129032258064516,5.954196310386875,0.09603542436107862
sale,1,9.896482790016429e-06,16.62465268685824,4,NN,NN,sale,0,1,5.954196310386875,2.8658736007483925e-05,5.954196310386875,0.016129032258064516,5.954196310386875,0.09603542436107862
consequence,1,9.896482790016429e-06,16.62465268685824,11,NN,NN,consequ,0,1,5.954196310386875,2.8658736007483925e-05,5.954196310386875,0.016129032258064516,5.954196310386875,0.09603542436107862
pound,1,9.896482790016429e-06,16.62465268685824,5,NN,NN,pound,0,1,5.954196310386875,2.8658736007483925e-05,5.954196310386875,0.016129032258064516,5.954196310386875,0.09603542436107862
proclaimed,1,9.896482790016429e-06,16.62465268685824,10,VB,VBN,proclaim,0,1,5.954196310386875,8.966893030913037e-05,5.954196310386875,0.016129032258064516,5.954196310386875,0.09603542436107862
dangerously,1,9.896482790016429e-06,16.62465268685824,11,RB,RB,danger,0,1,5.954196310386875,8.966893030913037e-05,5.954196310386875,0.016129032258064516,5.954196310386875,0.09603542436107862
remembrance,1,9.896482790016429e-06,16.62465268685824,11,NN,NN,remembr,0,1,5.954196310386875,8.966893030913037e-05,5.954196310386875,0.016129032258064516,5.954196310386875,0.09603542436107862
frighten,1,9.896482790016429e-06,16.62465268685824,8,VB,VB,frighten,0,1,5.954196310386875,6.326444292561175e-05,5.954196310386875,0.016129032258064516,5.954196310386875,0.09603542436107862
declare,1,9.896482790016429e-06,16.62465268685824,7,VB,VB,declar,0,1,5.954196310386875,5.972352261261108e-05,5.954196310386875,0.016129032258064516,5.954196310386875,0.09603542436107862
cups,1,9.896482790016429e-06,16.62465268685824,4,NN,NNS,cup,0,1,5.954196310386875,5.972352261261108e-05,5.954196310386875,0.016129032258064516,5.954196310386875,0.09603542436107862
adventure,1,9.896482790016429e-06,16.62465268685824,9,NN,NN,adventur,0,1,5.954196310386875,5.972352261261108e-05,5.954196310386875,0.016129032258064516,5.954196310386875,0.09603542436107862
undressed,1,9.896482790016429e-06,16.62465268685824,9,VB,VBD,undress,0,1,5.954196310386875,5.972352261261108e-05,5.954196310386875,0.016129032258064516,5.954196310386875,0.09603542436107862
promising,1,9.896482790016429e-06,16.62465268685824,9,VB,VBG,promis,0,1,5.954196310386875,5.972352261261108e-05,5.954196310386875,0.016129032258064516,5.954196310386875,0.09603542436107862
rowed,1,9.896482790016429e-06,16.62465268685824,5,VB,VBD,row,0,1,5.954196310386875,5.972352261261108e-05,5.954196310386875,0.016129032258064516,5.954196310386875,0.09603542436107862
silenced,1,9.896482790016429e-06,16.62465268685824,8,VB,VBD,silenc,0,1,5.954196310386875,5.972352261261108e-05,5.954196310386875,0.016129032258064516,5.954196310386875,0.09603542436107862
landed,1,9.896482790016429e-06,16.62465268685824,6,VB,VBD,land,0,1,5.954196310386875,5.972352261261108e-05,5.954196310386875,0.016129032258064516,5.954196310386875,0.09603542436107862
horns,1,9.896482790016429e-06,16.62465268685824,5,NN,NNS,horn,0,1,5.954196310386875,5.972352261261108e-05,5.954196310386875,0.016129032258064516,5.954196310386875,0.09603542436107862
illuminated,1,9.896482790016429e-06,16.62465268685824,11,JJ,JJ,illumin,0,1,5.954196310386875,5.972352261261108e-05,5.954196310386875,0.016129032258064516,5.954196310386875,0.09603542436107862
hinder,1,9.896482790016429e-06,16.62465268685824,6,VB,VB,hinder,0,1,5.954196310386875,6.326444292561175e-05,5.954196310386875,0.016129032258064516,5.954196310386875,0.09603542436107862
boats,1,9.896482790016429e-06,16.62465268685824,5,NN,NNS,boat,0,1,5.954196310386875,5.972352261261108e-05,5.954196310386875,0.016129032258064516,5.954196310386875,0.09603542436107862
tremble,1,9.896482790016429e-06,16.62465268685824,7,JJ,JJ,trembl,0,1,5.954196310386875,5.972352261261108e-05,5.954196310386875,0.016129032258064516,5.954196310386875,0.09603542436107862
flowering,1,9.896482790016429e-06,16.62465268685824,9,NN,NN,flower,0,1,5.954196310386875,6.326444292561175e-05,5.954196310386875,0.016129032258064516,5.954196310386875,0.09603542436107862
shrubs,1,9.896482790016429e-06,16.62465268685824,6,NN,NN,shrub,0,1,5.954196310386875,6.326444292561175e-05,5.954196310386875,0.016129032258064516,5.954196310386875,0.09603542436107862
trod,1,9.896482790016429e-06,16.62465268685824,4,VB,VBZ,trod,0,1,5.954196310386875,5.972352261261108e-05,5.954196310386875,0.016129032258064516,5.954196310386875,0.09603542436107862
buzzed,1,9.896482790016429e-06,16.62465268685824,6,VB,VBD,buzz,0,1,5.954196310386875,6.326444292561175e-05,5.954196310386875,0.016129032258064516,5.954196310386875,0.09603542436107862
befall,1,9.896482790016429e-06,16.62465268685824,6,VB,VB,befal,0,1,5.954196310386875,5.972352261261108e-05,5.954196310386875,0.016129032258064516,5.954196310386875,0.09603542436107862
skipped,1,9.896482790016429e-06,16.62465268685824,7,VB,VBD,skip,0,1,5.954196310386875,5.972352261261108e-05,5.954196310386875,0.016129032258064516,5.954196310386875,0.09603542436107862
boxes,1,9.896482790016429e-06,16.62465268685824,5,NN,NNS,box,0,1,5.954196310386875,5.972352261261108e-05,5.954196310386875,0.016129032258064516,5.954196310386875,0.09603542436107862
drawers,1,9.896482790016429e-06,16.62465268685824,7,NN,NNS,drawer,0,1,5.954196310386875,5.972352261261108e-05,5.954196310386875,0.016129032258064516,5.954196310386875,0.09603542436107862
outer,1,9.896482790016429e-06,16.62465268685824,5,NN,NN,outer,0,1,5.954196310386875,5.972352261261108e-05,5.954196310386875,0.016129032258064516,5.954196310386875,0.09603542436107862
entertained,1,9.896482790016429e-06,16.62465268685824,11,VB,VBN,entertain,0,1,5.954196310386875,5.972352261261108e-05,5.954196310386875,0.016129032258064516,5.954196310386875,0.09603542436107862
mourning,1,9.896482790016429e-06,16.62465268685824,8,NN,NN,mourn,0,1,5.954196310386875,8.966893030913037e-05,5.954196310386875,0.016129032258064516,5.954196310386875,0.09603542436107862
fretted,1,9.896482790016429e-06,16.62465268685824,7,VB,VBD,fret,0,1,5.954196310386875,8.966893030913037e-05,5.954196310386875,0.016129032258064516,5.954196310386875,0.09603542436107862
faithfulness,1,9.896482790016429e-06,16.62465268685824,12,NN,NN,faith,0,1,5.954196310386875,8.966893030913037e-05,5.954196310386875,0.016129032258064516,5.954196310386875,0.09603542436107862
constraint,1,9.896482790016429e-06,16.62465268685824,10,NN,NN,constraint,0,1,5.954196310386875,8.966893030913037e-05,5.954196310386875,0.016129032258064516,5.954196310386875,0.09603542436107862
ounces,1,9.896482790016429e-06,16.62465268685824,6,NN,NNS,ounc,0,1,5.954196310386875,2.8658736007483925e-05,5.954196310386875,0.016129032258064516,5.954196310386875,0.09603542436107862
weigh,1,9.896482790016429e-06,16.62465268685824,5,JJ,JJ,weigh,0,1,5.954196310386875,2.8658736007483925e-05,5.954196310386875,0.016129032258064516,5.954196310386875,0.09603542436107862
lifeless,1,9.896482790016429e-06,16.62465268685824,8,RB,RB,lifeless,0,1,5.954196310386875,6.326444292561175e-05,5.954196310386875,0.016129032258064516,5.954196310386875,0.09603542436107862
housetop,1,9.896482790016429e-06,16.62465268685824,8,JJ,JJ,housetop,0,1,5.954196310386875,6.326444292561175e-05,5.954196310386875,0.016129032258064516,5.954196310386875,0.09603542436107862
unpack,1,9.896482790016429e-06,16.62465268685824,6,NN,NN,unpack,0,1,5.954196310386875,2.8658736007483925e-05,5.954196310386875,0.016129032258064516,5.954196310386875,0.09603542436107862
pleasantly,1,9.896482790016429e-06,16.62465268685824,10,RB,RB,pleasantli,0,1,5.954196310386875,2.8658736007483925e-05,5.954196310386875,0.016129032258064516,5.954196310386875,0.09603542436107862
blazing,1,9.896482790016429e-06,16.62465268685824,7,NN,NN,blaze,0,1,5.954196310386875,6.326444292561175e-05,5.954196310386875,0.016129032258064516,5.954196310386875,0.09603542436107862
alter,1,9.896482790016429e-06,16.62465268685824,5,VB,VB,alter,0,1,5.954196310386875,8.966893030913037e-05,5.954196310386875,0.016129032258064516,5.954196310386875,0.09603542436107862
glove,1,9.896482790016429e-06,16.62465268685824,5,NN,NN,glove,0,1,5.954196310386875,8.966893030913037e-05,5.954196310386875,0.016129032258064516,5.954196310386875,0.09603542436107862
fainting,1,9.896482790016429e-06,16.62465268685824,8,VB,VBG,faint,0,1,5.954196310386875,8.966893030913037e-05,5.954196310386875,0.016129032258064516,5.954196310386875,0.09603542436107862
increased,1,9.896482790016429e-06,16.62465268685824,9,VB,VBD,increas,0,1,5.954196310386875,8.966893030913037e-05,5.954196310386875,0.016129032258064516,5.954196310386875,0.09603542436107862
chase,1,9.896482790016429e-06,16.62465268685824,5,NN,NN,chase,0,1,5.954196310386875,8.966893030913037e-05,5.954196310386875,0.016129032258064516,5.954196310386875,0.09603542436107862
project,1,9.896482790016429e-06,16.62465268685824,7,NN,NN,project,0,1,5.954196310386875,8.966893030913037e-05,5.954196310386875,0.016129032258064516,5.954196310386875,0.09603542436107862
resembled,1,9.896482790016429e-06,16.62465268685824,9,VB,VBD,resembl,0,1,5.954196310386875,8.966893030913037e-05,5.954196310386875,0.016129032258064516,5.954196310386875,0.09603542436107862
disclosed,1,9.896482790016429e-06,16.62465268685824,9,VB,VBD,disclos,0,1,5.954196310386875,8.966893030913037e-05,5.954196310386875,0.016129032258064516,5.954196310386875,0.09603542436107862
disposed,1,9.896482790016429e-06,16.62465268685824,8,VB,VBN,dispos,0,1,5.954196310386875,8.966893030913037e-05,5.954196310386875,0.016129032258064516,5.954196310386875,0.09603542436107862
kitchenboy,1,9.896482790016429e-06,16.62465268685824,10,NN,NN,kitchenboy,0,1,5.954196310386875,6.326444292561175e-05,5.954196310386875,0.016129032258064516,5.954196310386875,0.09603542436107862
assumed,1,9.896482790016429e-06,16.62465268685824,7,VB,VBN,assum,0,1,5.954196310386875,8.966893030913037e-05,5.954196310386875,0.016129032258064516,5.954196310386875,0.09603542436107862
amiss,1,9.896482790016429e-06,16.62465268685824,5,RB,RB,amiss,0,1,5.954196310386875,6.326444292561175e-05,5.954196310386875,0.016129032258064516,5.954196310386875,0.09603542436107862
lied,1,9.896482790016429e-06,16.62465268685824,4,VB,VBN,lie,0,1,5.954196310386875,8.966893030913037e-05,5.954196310386875,0.016129032258064516,5.954196310386875,0.09603542436107862
repeated,1,9.896482790016429e-06,16.62465268685824,8,VB,VBD,repeat,0,1,5.954196310386875,8.966893030913037e-05,5.954196310386875,0.016129032258064516,5.954196310386875,0.09603542436107862
thicker,1,9.896482790016429e-06,16.62465268685824,7,NN,NN,thicker,0,1,5.954196310386875,6.326444292561175e-05,5.954196310386875,0.016129032258064516,5.954196310386875,0.09603542436107862
favoured,1,9.896482790016429e-06,16.62465268685824,8,VB,VBD,favour,0,1,5.954196310386875,8.966893030913037e-05,5.954196310386875,0.016129032258064516,5.954196310386875,0.09603542436107862
skip,1,9.896482790016429e-06,16.62465268685824,4,NN,NN,skip,0,1,5.954196310386875,8.966893030913037e-05,5.954196310386875,0.016129032258064516,5.954196310386875,0.09603542436107862
report,1,9.896482790016429e-06,16.62465268685824,6,NN,NN,report,0,1,5.954196310386875,6.326444292561175e-05,5.954196310386875,0.016129032258064516,5.954196310386875,0.09603542436107862
suits,1,9.896482790016429e-06,16.62465268685824,5,NN,NNS,suit,0,1,5.954196310386875,8.966893030913037e-05,5.954196310386875,0.016129032258064516,5.954196310386875,0.09603542436107862
arranging,1,9.896482790016429e-06,16.62465268685824,9,VB,VBG,arrang,0,1,5.954196310386875,0.00013622046008663637,5.954196310386875,0.016129032258064516,5.954196310386875,0.09603542436107862
herd,1,9.896482790016429e-06,16.62465268685824,4,NN,NN,herd,0,1,5.954196310386875,4.6170877096672425e-05,5.954196310386875,0.016129032258064516,5.954196310386875,0.09603542436107862
influenced,1,9.896482790016429e-06,16.62465268685824,10,VB,VBN,influenc,0,1,5.954196310386875,0.00013622046008663637,5.954196310386875,0.016129032258064516,5.954196310386875,0.09603542436107862
wounds,1,9.896482790016429e-06,16.62465268685824,6,NN,NNS,wound,0,1,5.954196310386875,5.490876178449321e-05,5.954196310386875,0.016129032258064516,5.954196310386875,0.09603542436107862
earning,1,9.896482790016429e-06,16.62465268685824,7,VB,VBG,earn,0,1,5.954196310386875,6.484498606419895e-05,5.954196310386875,0.016129032258064516,5.954196310386875,0.09603542436107862
payment,1,9.896482790016429e-06,16.62465268685824,7,NN,NN,payment,0,1,5.954196310386875,5.490876178449321e-05,5.954196310386875,0.016129032258064516,5.954196310386875,0.09603542436107862
baskets,1,9.896482790016429e-06,16.62465268685824,7,NN,NNS,basket,0,1,5.954196310386875,6.484498606419895e-05,5.954196310386875,0.016129032258064516,5.954196310386875,0.09603542436107862
laboured,1,9.896482790016429e-06,16.62465268685824,8,VB,VBD,labour,0,1,5.954196310386875,5.490876178449321e-05,5.954196310386875,0.016129032258064516,5.954196310386875,0.09603542436107862
willows,1,9.896482790016429e-06,16.62465268685824,7,NN,NNS,willow,0,1,5.954196310386875,6.484498606419895e-05,5.954196310386875,0.016129032258064516,5.954196310386875,0.09603542436107862
runaway,1,9.896482790016429e-06,16.62465268685824,7,JJ,JJ,runaway,0,1,5.954196310386875,5.490876178449321e-05,5.954196310386875,0.016129032258064516,5.954196310386875,0.09603542436107862
gives,1,9.896482790016429e-06,16.62465268685824,5,VB,VBZ,give,0,1,5.954196310386875,5.490876178449321e-05,5.954196310386875,0.016129032258064516,5.954196310386875,0.09603542436107862
oho,1,9.896482790016429e-06,16.62465268685824,3,NN,NNP,oho,0,1,5.954196310386875,5.490876178449321e-05,5.954196310386875,0.016129032258064516,5.954196310386875,0.09603542436107862
threads,1,9.896482790016429e-06,16.62465268685824,7,NN,NNS,thread,0,1,5.954196310386875,6.484498606419895e-05,5.954196310386875,0.016129032258064516,5.954196310386875,0.09603542436107862
pans,1,9.896482790016429e-06,16.62465268685824,4,NN,NNS,pan,0,1,5.954196310386875,6.484498606419895e-05,5.954196310386875,0.016129032258064516,5.954196310386875,0.09603542436107862
renders,1,9.896482790016429e-06,16.62465268685824,7,VB,VBP,render,0,1,5.954196310386875,5.490876178449321e-05,5.954196310386875,0.016129032258064516,5.954196310386875,0.09603542436107862
receives,1,9.896482790016429e-06,16.62465268685824,8,VB,VBZ,receiv,0,1,5.954196310386875,5.490876178449321e-05,5.954196310386875,0.016129032258064516,5.954196310386875,0.09603542436107862
ware,1,9.896482790016429e-06,16.62465268685824,4,NN,NN,ware,0,1,5.954196310386875,6.484498606419895e-05,5.954196310386875,0.016129032258064516,5.954196310386875,0.09603542436107862
menial,1,9.896482790016429e-06,16.62465268685824,6,JJ,JJ,menial,0,1,5.954196310386875,5.490876178449321e-05,5.954196310386875,0.016129032258064516,5.954196310386875,0.09603542436107862
hillock,1,9.896482790016429e-06,16.62465268685824,7,NN,NN,hillock,0,1,5.954196310386875,5.110985862750326e-05,5.954196310386875,0.016129032258064516,5.954196310386875,0.09603542436107862
mourners,1,9.896482790016429e-06,16.62465268685824,8,NN,NNS,mourner,0,1,5.954196310386875,5.110985862750326e-05,5.954196310386875,0.016129032258064516,5.954196310386875,0.09603542436107862
drunken,1,9.896482790016429e-06,16.62465268685824,7,JJ,JJ,drunken,0,1,5.954196310386875,6.484498606419895e-05,5.954196310386875,0.016129032258064516,5.954196310386875,0.09603542436107862
rapid,1,9.896482790016429e-06,16.62465268685824,5,JJ,JJ,rapid,0,1,5.954196310386875,5.110985862750326e-05,5.954196310386875,0.016129032258064516,5.954196310386875,0.09603542436107862
passes,1,9.896482790016429e-06,16.62465268685824,6,VB,VBZ,pass,0,1,5.954196310386875,6.484498606419895e-05,5.954196310386875,0.016129032258064516,5.954196310386875,0.09603542436107862
dirtiest,1,9.896482790016429e-06,16.62465268685824,8,JJ,JJS,dirtiest,0,1,5.954196310386875,6.484498606419895e-05,5.954196310386875,0.016129032258064516,5.954196310386875,0.09603542436107862
brightness,1,9.896482790016429e-06,16.62465268685824,10,NN,NN,bright,0,1,5.954196310386875,6.484498606419895e-05,5.954196310386875,0.016129032258064516,5.954196310386875,0.09603542436107862
3,1,9.896482790016429e-06,16.62465268685824,1,CD,CD,3,0,1,5.954196310386875,5.110985862750326e-05,5.954196310386875,0.016129032258064516,5.954196310386875,0.09603542436107862
abashed,1,9.896482790016429e-06,16.62465268685824,7,JJ,JJ,abash,0,1,5.954196310386875,6.484498606419895e-05,5.954196310386875,0.016129032258064516,5.954196310386875,0.09603542436107862
illtreatment,1,9.896482790016429e-06,16.62465268685824,12,NN,NN,illtreat,0,1,5.954196310386875,6.484498606419895e-05,5.954196310386875,0.016129032258064516,5.954196310386875,0.09603542436107862
splashed,1,9.896482790016429e-06,16.62465268685824,8,VB,VBD,splash,0,1,5.954196310386875,5.110985862750326e-05,5.954196310386875,0.016129032258064516,5.954196310386875,0.09603542436107862
chamberlains,1,9.896482790016429e-06,16.62465268685824,12,NN,NNS,chamberlain,0,1,5.954196310386875,6.484498606419895e-05,5.954196310386875,0.016129032258064516,5.954196310386875,0.09603542436107862
proposed,1,9.896482790016429e-06,16.62465268685824,8,VB,VBD,propos,0,1,5.954196310386875,5.490876178449321e-05,5.954196310386875,0.016129032258064516,5.954196310386875,0.09603542436107862
trifling,1,9.896482790016429e-06,16.62465268685824,8,JJ,JJ,trifl,0,1,5.954196310386875,5.490876178449321e-05,5.954196310386875,0.016129032258064516,5.954196310386875,0.09603542436107862
burns,1,9.896482790016429e-06,16.62465268685824,5,VB,VBZ,burn,0,1,5.954196310386875,5.490876178449321e-05,5.954196310386875,0.016129032258064516,5.954196310386875,0.09603542436107862
spending,1,9.896482790016429e-06,16.62465268685824,8,VB,VBG,spend,0,1,5.954196310386875,6.484498606419895e-05,5.954196310386875,0.016129032258064516,5.954196310386875,0.09603542436107862
coxcomb,1,9.896482790016429e-06,16.62465268685824,7,NN,NNP,coxcomb,0,1,5.954196310386875,6.484498606419895e-05,5.954196310386875,0.016129032258064516,5.954196310386875,0.09603542436107862
halfshut,1,9.896482790016429e-06,16.62465268685824,8,JJ,JJ,halfshut,0,1,5.954196310386875,5.490876178449321e-05,5.954196310386875,0.016129032258064516,5.954196310386875,0.09603542436107862
silently,1,9.896482790016429e-06,16.62465268685824,8,RB,RB,silent,0,1,5.954196310386875,5.490876178449321e-05,5.954196310386875,0.016129032258064516,5.954196310386875,0.09603542436107862
brighten,1,9.896482790016429e-06,16.62465268685824,8,VB,VB,brighten,0,1,5.954196310386875,5.490876178449321e-05,5.954196310386875,0.016129032258064516,5.954196310386875,0.09603542436107862
mop,1,9.896482790016429e-06,16.62465268685824,3,NN,NN,mop,0,1,5.954196310386875,6.484498606419895e-05,5.954196310386875,0.016129032258064516,5.954196310386875,0.09603542436107862
nickname,1,9.896482790016429e-06,16.62465268685824,8,NN,NN,nicknam,0,1,5.954196310386875,6.484498606419895e-05,5.954196310386875,0.016129032258064516,5.954196310386875,0.09603542436107862
illtreated,1,9.896482790016429e-06,16.62465268685824,10,VB,VBD,illtreat,0,1,5.954196310386875,6.484498606419895e-05,5.954196310386875,0.016129032258064516,5.954196310386875,0.09603542436107862
furnish,1,9.896482790016429e-06,16.62465268685824,7,VB,VBZ,furnish,0,1,5.954196310386875,5.490876178449321e-05,5.954196310386875,0.016129032258064516,5.954196310386875,0.09603542436107862
summon,1,9.896482790016429e-06,16.62465268685824,6,VB,VBP,summon,0,1,5.954196310386875,5.490876178449321e-05,5.954196310386875,0.016129032258064516,5.954196310386875,0.09603542436107862
reappeared,1,9.896482790016429e-06,16.62465268685824,10,VB,VBD,reappear,0,1,5.954196310386875,5.490876178449321e-05,5.954196310386875,0.016129032258064516,5.954196310386875,0.09603542436107862
beggar,1,9.896482790016429e-06,16.62465268685824,6,VB,VB,beggar,0,1,5.954196310386875,6.484498606419895e-05,5.954196310386875,0.016129032258064516,5.954196310386875,0.09603542436107862
tomcat,1,9.896482790016429e-06,16.62465268685824,6,NN,NN,tomcat,0,1,5.954196310386875,5.490876178449321e-05,5.954196310386875,0.016129032258064516,5.954196310386875,0.09603542436107862
alms,1,9.896482790016429e-06,16.62465268685824,4,NN,NNS,alm,0,1,5.954196310386875,6.484498606419895e-05,5.954196310386875,0.016129032258064516,5.954196310386875,0.09603542436107862
dirtylooking,1,9.896482790016429e-06,16.62465268685824,12,JJ,JJ,dirtylook,0,1,5.954196310386875,6.484498606419895e-05,5.954196310386875,0.016129032258064516,5.954196310386875,0.09603542436107862
sworn,1,9.896482790016429e-06,16.62465268685824,5,VB,VBN,sworn,0,1,5.954196310386875,6.484498606419895e-05,5.954196310386875,0.016129032258064516,5.954196310386875,0.09603542436107862
passage,1,9.896482790016429e-06,16.62465268685824,7,NN,NN,passag,0,1,5.954196310386875,5.490876178449321e-05,5.954196310386875,0.016129032258064516,5.954196310386875,0.09603542436107862
underground,1,9.896482790016429e-06,16.62465268685824,11,JJ,JJ,underground,0,1,5.954196310386875,5.490876178449321e-05,5.954196310386875,0.016129032258064516,5.954196310386875,0.09603542436107862
comer,1,9.896482790016429e-06,16.62465268685824,5,NN,NN,comer,0,1,5.954196310386875,6.484498606419895e-05,5.954196310386875,0.016129032258064516,5.954196310386875,0.09603542436107862
circled,1,9.896482790016429e-06,16.62465268685824,7,VB,VBN,circl,0,1,5.954196310386875,5.490876178449321e-05,5.954196310386875,0.016129032258064516,5.954196310386875,0.09603542436107862
paltry,1,9.896482790016429e-06,16.62465268685824,6,NN,NN,paltri,0,1,5.954196310386875,6.484498606419895e-05,5.954196310386875,0.016129032258064516,5.954196310386875,0.09603542436107862
tobacco,1,9.896482790016429e-06,16.62465268685824,7,NN,NN,tobacco,0,1,5.954196310386875,5.490876178449321e-05,5.954196310386875,0.016129032258064516,5.954196310386875,0.09603542436107862
moist,1,9.896482790016429e-06,16.62465268685824,5,NN,NN,moist,0,1,5.954196310386875,5.490876178449321e-05,5.954196310386875,0.016129032258064516,5.954196310386875,0.09603542436107862
perceiving,1,9.896482790016429e-06,16.62465268685824,10,VB,VBG,perceiv,0,1,5.954196310386875,5.490876178449321e-05,5.954196310386875,0.016129032258064516,5.954196310386875,0.09603542436107862
fires,1,9.896482790016429e-06,16.62465268685824,5,NN,NNS,fire,0,1,5.954196310386875,6.484498606419895e-05,5.954196310386875,0.016129032258064516,5.954196310386875,0.09603542436107862
scanty,1,9.896482790016429e-06,16.62465268685824,6,JJ,JJ,scanti,0,1,5.954196310386875,6.484498606419895e-05,5.954196310386875,0.016129032258064516,5.954196310386875,0.09603542436107862
cistern,1,9.896482790016429e-06,16.62465268685824,7,NN,NN,cistern,0,1,5.954196310386875,5.110985862750326e-05,5.954196310386875,0.016129032258064516,5.954196310386875,0.09603542436107862
washing,1,9.896482790016429e-06,16.62465268685824,7,VB,VBG,wash,0,1,5.954196310386875,5.110985862750326e-05,5.954196310386875,0.016129032258064516,5.954196310386875,0.09603542436107862
coachhouse,1,9.896482790016429e-06,16.62465268685824,10,NN,NN,coachhous,0,1,5.954196310386875,5.110985862750326e-05,5.954196310386875,0.016129032258064516,5.954196310386875,0.09603542436107862
repose,1,9.896482790016429e-06,16.62465268685824,6,NN,NN,repos,0,1,5.954196310386875,4.0831387908621866e-05,5.954196310386875,0.016129032258064516,5.954196310386875,0.09603542436107862
lustily,1,9.896482790016429e-06,16.62465268685824,7,RB,RB,lustili,0,1,5.954196310386875,5.110985862750326e-05,5.954196310386875,0.016129032258064516,5.954196310386875,0.09603542436107862
insolence,1,9.896482790016429e-06,16.62465268685824,9,NN,NN,insol,0,1,5.954196310386875,5.110985862750326e-05,5.954196310386875,0.016129032258064516,5.954196310386875,0.09603542436107862
grounds,1,9.896482790016429e-06,16.62465268685824,7,NN,NNS,ground,0,1,5.954196310386875,5.110985862750326e-05,5.954196310386875,0.016129032258064516,5.954196310386875,0.09603542436107862
thieving,1,9.896482790016429e-06,16.62465268685824,8,VB,VBG,thiev,0,1,5.954196310386875,5.110985862750326e-05,5.954196310386875,0.016129032258064516,5.954196310386875,0.09603542436107862
quacking,1,9.896482790016429e-06,16.62465268685824,8,VB,VBG,quack,0,1,5.954196310386875,5.110985862750326e-05,5.954196310386875,0.016129032258064516,5.954196310386875,0.09603542436107862
depth,1,9.896482790016429e-06,16.62465268685824,5,NN,NN,depth,0,1,5.954196310386875,4.0831387908621866e-05,5.954196310386875,0.016129032258064516,5.954196310386875,0.09603542436107862
anywhere,1,9.896482790016429e-06,16.62465268685824,8,RB,RB,anywher,0,1,5.954196310386875,4.0831387908621866e-05,5.954196310386875,0.016129032258064516,5.954196310386875,0.09603542436107862
nutshells,1,9.896482790016429e-06,16.62465268685824,9,NN,NNS,nutshel,0,1,5.954196310386875,5.110985862750326e-05,5.954196310386875,0.016129032258064516,5.954196310386875,0.09603542436107862
eventide,1,9.896482790016429e-06,16.62465268685824,8,VB,VB,eventid,0,1,5.954196310386875,4.0831387908621866e-05,5.954196310386875,0.016129032258064516,5.954196310386875,0.09603542436107862
holiday,1,9.896482790016429e-06,16.62465268685824,7,NN,NN,holiday,0,1,5.954196310386875,5.110985862750326e-05,5.954196310386875,0.016129032258064516,5.954196310386875,0.09603542436107862
blowest,1,9.896482790016429e-06,16.62465268685824,7,JJ,JJS,blowest,0,1,5.954196310386875,4.0831387908621866e-05,5.954196310386875,0.016129032258064516,5.954196310386875,0.09603542436107862
west,1,9.896482790016429e-06,16.62465268685824,4,NN,NN,west,0,1,5.954196310386875,4.0831387908621866e-05,5.954196310386875,0.016129032258064516,5.954196310386875,0.09603542436107862
1,1,9.896482790016429e-06,16.62465268685824,1,CD,CD,1,0,1,5.954196310386875,5.110985862750326e-05,5.954196310386875,0.016129032258064516,5.954196310386875,0.09603542436107862
bridal,1,9.896482790016429e-06,16.62465268685824,6,NN,NN,bridal,0,1,5.954196310386875,6.484498606419895e-05,5.954196310386875,0.016129032258064516,5.954196310386875,0.09603542436107862
honour,1,9.896482790016429e-06,16.62465268685824,6,NN,NN,honour,0,1,5.954196310386875,6.484498606419895e-05,5.954196310386875,0.016129032258064516,5.954196310386875,0.09603542436107862
rods,1,9.896482790016429e-06,16.62465268685824,4,NN,NNS,rod,0,1,5.954196310386875,4.0831387908621866e-05,5.954196310386875,0.016129032258064516,5.954196310386875,0.09603542436107862
deserted,1,9.896482790016429e-06,16.62465268685824,8,VB,VBN,desert,0,1,5.954196310386875,6.484498606419895e-05,5.954196310386875,0.016129032258064516,5.954196310386875,0.09603542436107862
housekeeping,1,9.896482790016429e-06,16.62465268685824,12,NN,NN,housekeep,0,1,5.954196310386875,6.484498606419895e-05,5.954196310386875,0.016129032258064516,5.954196310386875,0.09603542436107862
attended,1,9.896482790016429e-06,16.62465268685824,8,VB,VBN,attend,0,1,5.954196310386875,6.484498606419895e-05,5.954196310386875,0.016129032258064516,5.954196310386875,0.09603542436107862
admitted,1,9.896482790016429e-06,16.62465268685824,8,VB,VBD,admit,0,1,5.954196310386875,6.484498606419895e-05,5.954196310386875,0.016129032258064516,5.954196310386875,0.09603542436107862
transformation,1,9.896482790016429e-06,16.62465268685824,14,NN,NN,transform,0,1,5.954196310386875,6.484498606419895e-05,5.954196310386875,0.016129032258064516,5.954196310386875,0.09603542436107862
comest,1,9.896482790016429e-06,16.62465268685824,6,NN,NN,comest,0,1,5.954196310386875,4.0831387908621866e-05,5.954196310386875,0.016129032258064516,5.954196310386875,0.09603542436107862
smite,1,9.896482790016429e-06,16.62465268685824,5,VB,VB,smite,0,1,5.954196310386875,4.0831387908621866e-05,5.954196310386875,0.016129032258064516,5.954196310386875,0.09603542436107862
attendance,1,9.896482790016429e-06,16.62465268685824,10,NN,NN,attend,0,1,5.954196310386875,6.484498606419895e-05,5.954196310386875,0.016129032258064516,5.954196310386875,0.09603542436107862
conceive,1,9.896482790016429e-06,16.62465268685824,8,VB,VB,conceiv,0,1,5.954196310386875,6.484498606419895e-05,5.954196310386875,0.016129032258064516,5.954196310386875,0.09603542436107862
coward,1,9.896482790016429e-06,16.62465268685824,6,NN,NN,coward,0,1,5.954196310386875,5.110985862750326e-05,5.954196310386875,0.016129032258064516,5.954196310386875,0.09603542436107862
fiercely,1,9.896482790016429e-06,16.62465268685824,8,RB,RB,fierc,0,1,5.954196310386875,5.110985862750326e-05,5.954196310386875,0.016129032258064516,5.954196310386875,0.09603542436107862
steady,1,9.896482790016429e-06,16.62465268685824,6,JJ,JJ,steadi,0,1,5.954196310386875,5.110985862750326e-05,5.954196310386875,0.016129032258064516,5.954196310386875,0.09603542436107862
pace,1,9.896482790016429e-06,16.62465268685824,4,NN,NN,pace,0,1,5.954196310386875,5.110985862750326e-05,5.954196310386875,0.016129032258064516,5.954196310386875,0.09603542436107862
2,1,9.896482790016429e-06,16.62465268685824,1,CD,CD,2,0,1,5.954196310386875,5.110985862750326e-05,5.954196310386875,0.016129032258064516,5.954196310386875,0.09603542436107862
apish,1,9.896482790016429e-06,16.62465268685824,5,JJ,JJ,apish,0,1,5.954196310386875,5.110985862750326e-05,5.954196310386875,0.016129032258064516,5.954196310386875,0.09603542436107862
reckoning,1,9.896482790016429e-06,16.62465268685824,9,NN,NN,reckon,0,1,5.954196310386875,5.110985862750326e-05,5.954196310386875,0.016129032258064516,5.954196310386875,0.09603542436107862
suspecting,1,9.896482790016429e-06,16.62465268685824,10,VB,VBG,suspect,0,1,5.954196310386875,5.110985862750326e-05,5.954196310386875,0.016129032258064516,5.954196310386875,0.09603542436107862
bloom,1,9.896482790016429e-06,16.62465268685824,5,NN,NN,bloom,0,1,5.954196310386875,4.0831387908621866e-05,5.954196310386875,0.016129032258064516,5.954196310386875,0.09603542436107862
design,1,9.896482790016429e-06,16.62465268685824,6,NN,NN,design,0,1,5.954196310386875,5.110985862750326e-05,5.954196310386875,0.016129032258064516,5.954196310386875,0.09603542436107862
eggshells,1,9.896482790016429e-06,16.62465268685824,9,NN,NNS,eggshel,0,1,5.954196310386875,5.110985862750326e-05,5.954196310386875,0.016129032258064516,5.954196310386875,0.09603542436107862
seizing,1,9.896482790016429e-06,16.62465268685824,7,VB,VBG,seiz,0,1,5.954196310386875,5.110985862750326e-05,5.954196310386875,0.016129032258064516,5.954196310386875,0.09603542436107862
shells,1,9.896482790016429e-06,16.62465268685824,6,NN,NNS,shell,0,1,5.954196310386875,5.110985862750326e-05,5.954196310386875,0.016129032258064516,5.954196310386875,0.09603542436107862
loves,1,9.896482790016429e-06,16.62465268685824,5,VB,VBZ,love,0,1,5.954196310386875,4.0831387908621866e-05,5.954196310386875,0.016129032258064516,5.954196310386875,0.09603542436107862
bold,1,9.896482790016429e-06,16.62465268685824,4,JJ,JJ,bold,0,1,5.954196310386875,4.0831387908621866e-05,5.954196310386875,0.016129032258064516,5.954196310386875,0.09603542436107862
bespoke,1,9.896482790016429e-06,16.62465268685824,7,VB,VBD,bespok,0,1,5.954196310386875,5.110985862750326e-05,5.954196310386875,0.016129032258064516,5.954196310386875,0.09603542436107862
weddingfeast,1,9.896482790016429e-06,16.62465268685824,12,NN,NN,weddingfeast,0,1,5.954196310386875,4.0831387908621866e-05,5.954196310386875,0.016129032258064516,5.954196310386875,0.09603542436107862
habit,1,9.896482790016429e-06,16.62465268685824,5,NN,NN,habit,0,1,5.954196310386875,5.110985862750326e-05,5.954196310386875,0.016129032258064516,5.954196310386875,0.09603542436107862
civilly,1,9.896482790016429e-06,16.62465268685824,7,RB,RB,civilli,0,1,5.954196310386875,5.110985862750326e-05,5.954196310386875,0.016129032258064516,5.954196310386875,0.09603542436107862
hazardous,1,9.896482790016429e-06,16.62465268685824,9,JJ,JJ,hazard,0,1,5.954196310386875,4.0831387908621866e-05,5.954196310386875,0.016129032258064516,5.954196310386875,0.09603542436107862
torchlight,1,9.896482790016429e-06,16.62465268685824,10,NN,NN,torchlight,0,1,5.954196310386875,4.0831387908621866e-05,5.954196310386875,0.016129032258064516,5.954196310386875,0.09603542436107862
fix,1,9.896482790016429e-06,16.62465268685824,3,VB,VB,fix,0,1,5.954196310386875,5.110985862750326e-05,5.954196310386875,0.016129032258064516,5.954196310386875,0.09603542436107862
wander,1,9.896482790016429e-06,16.62465268685824,6,VB,VB,wander,0,1,5.954196310386875,4.0831387908621866e-05,5.954196310386875,0.016129032258064516,5.954196310386875,0.09603542436107862
waddled,1,9.896482790016429e-06,16.62465268685824,7,VB,VBD,waddl,0,1,5.954196310386875,5.110985862750326e-05,5.954196310386875,0.016129032258064516,5.954196310386875,0.09603542436107862
chose,1,9.896482790016429e-06,16.62465268685824,5,VB,VBD,chose,0,1,5.954196310386875,4.0831387908621866e-05,5.954196310386875,0.016129032258064516,5.954196310386875,0.09603542436107862
weddingtorches,1,9.896482790016429e-06,16.62465268685824,14,NN,NNS,weddingtorch,0,1,5.954196310386875,4.0831387908621866e-05,5.954196310386875,0.016129032258064516,5.954196310386875,0.09603542436107862
torches,1,9.896482790016429e-06,16.62465268685824,7,NN,NNS,torch,0,1,5.954196310386875,4.0831387908621866e-05,5.954196310386875,0.016129032258064516,5.954196310386875,0.09603542436107862
publichouse,1,9.896482790016429e-06,16.62465268685824,11,NN,NN,publichous,0,1,5.954196310386875,5.110985862750326e-05,5.954196310386875,0.016129032258064516,5.954196310386875,0.09603542436107862
roving,1,9.896482790016429e-06,16.62465268685824,6,VB,VBG,rove,0,1,5.954196310386875,4.0831387908621866e-05,5.954196310386875,0.016129032258064516,5.954196310386875,0.09603542436107862
rapidity,1,9.896482790016429e-06,16.62465268685824,8,NN,NN,rapid,0,1,5.954196310386875,5.490876178449321e-05,5.954196310386875,0.016129032258064516,5.954196310386875,0.09603542436107862
wallface,1,9.896482790016429e-06,16.62465268685824,8,NN,NNP,wallfac,0,1,5.954196310386875,6.484498606419895e-05,5.954196310386875,0.016129032258064516,5.954196310386875,0.09603542436107862
supposed,1,9.896482790016429e-06,16.62465268685824,8,VB,VBD,suppos,0,1,5.954196310386875,5.0096726322941376e-05,5.954196310386875,0.016129032258064516,5.954196310386875,0.09603542436107862
customer,1,9.896482790016429e-06,16.62465268685824,8,NN,NN,custom,0,1,5.954196310386875,0.00012890660988064244,5.954196310386875,0.016129032258064516,5.954196310386875,0.09603542436107862
stitching,1,9.896482790016429e-06,16.62465268685824,9,VB,VBG,stitch,0,1,5.954196310386875,0.00012890660988064244,5.954196310386875,0.016129032258064516,5.954196310386875,0.09603542436107862
ply,1,9.896482790016429e-06,16.62465268685824,3,VB,VB,pli,0,1,5.954196310386875,0.00012890660988064244,5.954196310386875,0.016129032258064516,5.954196310386875,0.09603542436107862
curtain,1,9.896482790016429e-06,16.62465268685824,7,NN,NN,curtain,0,1,5.954196310386875,0.00012890660988064244,5.954196310386875,0.016129032258064516,5.954196310386875,0.09603542436107862
marriagefeast,1,9.896482790016429e-06,16.62465268685824,13,NN,NN,marriagefeast,0,1,5.954196310386875,2.9732329523553754e-05,5.954196310386875,0.016129032258064516,5.954196310386875,0.09603542436107862
christmastime,1,9.896482790016429e-06,16.62465268685824,13,NN,NNP,christmastim,0,1,5.954196310386875,0.00012890660988064244,5.954196310386875,0.016129032258064516,5.954196310386875,0.09603542436107862
thriving,1,9.896482790016429e-06,16.62465268685824,8,JJ,JJ,thrive,0,1,5.954196310386875,0.00012890660988064244,5.954196310386875,0.016129032258064516,5.954196310386875,0.09603542436107862
overnight,1,9.896482790016429e-06,16.62465268685824,9,JJ,JJ,overnight,0,1,5.954196310386875,0.00012890660988064244,5.954196310386875,0.016129032258064516,5.954196310386875,0.09603542436107862
handsomely,1,9.896482790016429e-06,16.62465268685824,10,RB,RB,handsom,0,1,5.954196310386875,0.00012890660988064244,5.954196310386875,0.016129032258064516,5.954196310386875,0.09603542436107862
buyers,1,9.896482790016429e-06,16.62465268685824,6,NN,NNS,buyer,0,1,5.954196310386875,0.00012890660988064244,5.954196310386875,0.016129032258064516,5.954196310386875,0.09603542436107862
stately,1,9.896482790016429e-06,16.62465268685824,7,RB,RB,state,0,1,5.954196310386875,2.9732329523553754e-05,5.954196310386875,0.016129032258064516,5.954196310386875,0.09603542436107862
retinue,1,9.896482790016429e-06,16.62465268685824,7,NN,NN,retinu,0,1,5.954196310386875,2.9732329523553754e-05,5.954196310386875,0.016129032258064516,5.954196310386875,0.09603542436107862
pairs,1,9.896482790016429e-06,16.62465268685824,5,NN,NNS,pair,0,1,5.954196310386875,0.00012890660988064244,5.954196310386875,0.016129032258064516,5.954196310386875,0.09603542436107862
masterpiece,1,9.896482790016429e-06,16.62465268685824,11,NN,NN,masterpiec,0,1,5.954196310386875,0.00012890660988064244,5.954196310386875,0.016129032258064516,5.954196310386875,0.09603542436107862
dumpling,1,9.896482790016429e-06,16.62465268685824,8,NN,NN,dumpl,0,1,5.954196310386875,6.484498606419895e-05,5.954196310386875,0.016129032258064516,5.954196310386875,0.09603542436107862
stitch,1,9.896482790016429e-06,16.62465268685824,6,NN,NN,stitch,0,1,5.954196310386875,0.00012890660988064244,5.954196310386875,0.016129032258064516,5.954196310386875,0.09603542436107862
workmanship,1,9.896482790016429e-06,16.62465268685824,11,NN,NN,workmanship,0,1,5.954196310386875,0.00012890660988064244,5.954196310386875,0.016129032258064516,5.954196310386875,0.09603542436107862
happening,1,9.896482790016429e-06,16.62465268685824,9,VB,VBG,happen,0,1,5.954196310386875,0.00012890660988064244,5.954196310386875,0.016129032258064516,5.954196310386875,0.09603542436107862
prayers,1,9.896482790016429e-06,16.62465268685824,7,NN,NNS,prayer,0,1,5.954196310386875,0.00012890660988064244,5.954196310386875,0.016129032258064516,5.954196310386875,0.09603542436107862
cares,1,9.896482790016429e-06,16.62465268685824,5,NN,NNS,care,0,1,5.954196310386875,0.00012890660988064244,5.954196310386875,0.016129032258064516,5.954196310386875,0.09603542436107862
peaceably,1,9.896482790016429e-06,16.62465268685824,9,RB,RB,peaceabl,0,1,5.954196310386875,0.00012890660988064244,5.954196310386875,0.016129032258064516,5.954196310386875,0.09603542436107862
amidst,1,9.896482790016429e-06,16.62465268685824,6,IN,IN,amidst,0,1,5.954196310386875,0.00012890660988064244,5.954196310386875,0.016129032258064516,5.954196310386875,0.09603542436107862
conscience,1,9.896482790016429e-06,16.62465268685824,10,NN,NN,conscienc,0,1,5.954196310386875,0.00012890660988064244,5.954196310386875,0.016129032258064516,5.954196310386875,0.09603542436107862
possess,1,9.896482790016429e-06,16.62465268685824,7,VB,VBP,possess,0,1,5.954196310386875,2.9732329523553754e-05,5.954196310386875,0.016129032258064516,5.954196310386875,0.09603542436107862
aim,1,9.896482790016429e-06,16.62465268685824,3,NN,NN,aim,0,1,5.954196310386875,7.124289641029573e-05,5.954196310386875,0.016129032258064516,5.954196310386875,0.09603542436107862
flutter,1,9.896482790016429e-06,16.62465268685824,7,VB,VB,flutter,0,1,5.954196310386875,7.124289641029573e-05,5.954196310386875,0.016129032258064516,5.954196310386875,0.09603542436107862
touching,1,9.896482790016429e-06,16.62465268685824,8,VB,VBG,touch,0,1,5.954196310386875,7.124289641029573e-05,5.954196310386875,0.016129032258064516,5.954196310386875,0.09603542436107862
rapping,1,9.896482790016429e-06,16.62465268685824,7,VB,VBG,rap,0,1,5.954196310386875,0.00012890660988064244,5.954196310386875,0.016129032258064516,5.954196310386875,0.09603542436107862
thanks,1,9.896482790016429e-06,16.62465268685824,6,NN,NNS,thank,0,1,5.954196310386875,2.9732329523553754e-05,5.954196310386875,0.016129032258064516,5.954196310386875,0.09603542436107862
bustled,1,9.896482790016429e-06,16.62465268685824,7,VB,VBD,bustl,0,1,5.954196310386875,0.00012890660988064244,5.954196310386875,0.016129032258064516,5.954196310386875,0.09603542436107862
wights,1,9.896482790016429e-06,16.62465268685824,6,NN,NNS,wight,0,1,5.954196310386875,0.00012890660988064244,5.954196310386875,0.016129032258064516,5.954196310386875,0.09603542436107862
proclaim,1,9.896482790016429e-06,16.62465268685824,8,VB,VB,proclaim,0,1,5.954196310386875,2.9732329523553754e-05,5.954196310386875,0.016129032258064516,5.954196310386875,0.09603542436107862
filthy,1,9.896482790016429e-06,16.62465268685824,6,JJ,JJ,filthi,0,1,5.954196310386875,4.5193140875801705e-05,5.954196310386875,0.016129032258064516,5.954196310386875,0.09603542436107862
trim,1,9.896482790016429e-06,16.62465268685824,4,JJ,JJ,trim,0,1,5.954196310386875,4.5193140875801705e-05,5.954196310386875,0.016129032258064516,5.954196310386875,0.09603542436107862
spirited,1,9.896482790016429e-06,16.62465268685824,8,JJ,JJ,spirit,0,1,5.954196310386875,2.9732329523553754e-05,5.954196310386875,0.016129032258064516,5.954196310386875,0.09603542436107862
chestnuthorse,1,9.896482790016429e-06,16.62465268685824,13,NN,NN,chestnuthors,0,1,5.954196310386875,2.9732329523553754e-05,5.954196310386875,0.016129032258064516,5.954196310386875,0.09603542436107862
stab,1,9.896482790016429e-06,16.62465268685824,4,VB,VB,stab,0,1,5.954196310386875,2.9732329523553754e-05,5.954196310386875,0.016129032258064516,5.954196310386875,0.09603542436107862
helmet,1,9.896482790016429e-06,16.62465268685824,6,NN,NN,helmet,0,1,5.954196310386875,2.9732329523553754e-05,5.954196310386875,0.016129032258064516,5.954196310386875,0.09603542436107862
darted,1,9.896482790016429e-06,16.62465268685824,6,VB,VBD,dart,0,1,5.954196310386875,4.5193140875801705e-05,5.954196310386875,0.016129032258064516,5.954196310386875,0.09603542436107862
ho,1,9.896482790016429e-06,16.62465268685824,2,NN,NN,ho,0,1,5.954196310386875,4.5193140875801705e-05,5.954196310386875,0.016129032258064516,5.954196310386875,0.09603542436107862
float,1,9.896482790016429e-06,16.62465268685824,5,NN,NN,float,0,1,5.954196310386875,4.5193140875801705e-05,5.954196310386875,0.016129032258064516,5.954196310386875,0.09603542436107862
afishing,1,9.896482790016429e-06,16.62465268685824,8,NN,NN,afish,0,1,5.954196310386875,4.5193140875801705e-05,5.954196310386875,0.016129032258064516,5.954196310386875,0.09603542436107862
seaside,1,9.896482790016429e-06,16.62465268685824,7,NN,NN,seasid,0,1,5.954196310386875,4.5193140875801705e-05,5.954196310386875,0.016129032258064516,5.954196310386875,0.09603542436107862
proof,1,9.896482790016429e-06,16.62465268685824,5,NN,NN,proof,0,1,5.954196310386875,2.9732329523553754e-05,5.954196310386875,0.016129032258064516,5.954196310386875,0.09603542436107862
capered,1,9.896482790016429e-06,16.62465268685824,7,VB,VBD,caper,0,1,5.954196310386875,0.00012890660988064244,5.954196310386875,0.016129032258064516,5.954196310386875,0.09603542436107862
twinkling,1,9.896482790016429e-06,16.62465268685824,9,NN,NN,twinkl,0,1,5.954196310386875,0.00012890660988064244,5.954196310386875,0.016129032258064516,5.954196310386875,0.09603542436107862
mightily,1,9.896482790016429e-06,16.62465268685824,8,RB,RB,mightili,0,1,5.954196310386875,0.00012890660988064244,5.954196310386875,0.016129032258064516,5.954196310386875,0.09603542436107862
chuckled,1,9.896482790016429e-06,16.62465268685824,8,VB,VBD,chuckl,0,1,5.954196310386875,0.00012890660988064244,5.954196310386875,0.016129032258064516,5.954196310386875,0.09603542436107862
skipping,1,9.896482790016429e-06,16.62465268685824,8,VB,VBG,skip,0,1,5.954196310386875,0.00012890660988064244,5.954196310386875,0.016129032258064516,5.954196310386875,0.09603542436107862
elves,1,9.896482790016429e-06,16.62465268685824,5,NN,NNS,elv,0,1,5.954196310386875,0.00012890660988064244,5.954196310386875,0.016129032258064516,5.954196310386875,0.09603542436107862
cobbler,1,9.896482790016429e-06,16.62465268685824,7,NN,NN,cobbler,0,1,5.954196310386875,0.00012890660988064244,5.954196310386875,0.016129032258064516,5.954196310386875,0.09603542436107862
owe,1,9.896482790016429e-06,16.62465268685824,3,VB,VBP,owe,0,1,5.954196310386875,2.9732329523553754e-05,5.954196310386875,0.016129032258064516,5.954196310386875,0.09603542436107862
waistcoat,1,9.896482790016429e-06,16.62465268685824,9,NN,NN,waistcoat,0,1,5.954196310386875,0.00012890660988064244,5.954196310386875,0.016129032258064516,5.954196310386875,0.09603542436107862
shirt,1,9.896482790016429e-06,16.62465268685824,5,NN,NN,shirt,0,1,5.954196310386875,0.00012890660988064244,5.954196310386875,0.016129032258064516,5.954196310386875,0.09603542436107862
backs,1,9.896482790016429e-06,16.62465268685824,5,NN,NNS,back,0,1,5.954196310386875,0.00012890660988064244,5.954196310386875,0.016129032258064516,5.954196310386875,0.09603542436107862
decent,1,9.896482790016429e-06,16.62465268685824,6,JJ,JJ,decent,0,1,5.954196310386875,0.00012890660988064244,5.954196310386875,0.016129032258064516,5.954196310386875,0.09603542436107862
furniture,1,9.896482790016429e-06,16.62465268685824,9,NN,NN,furnitur,0,1,5.954196310386875,7.124289641029573e-05,5.954196310386875,0.016129032258064516,5.954196310386875,0.09603542436107862
cleft,1,9.896482790016429e-06,16.62465268685824,5,VB,VBD,cleft,0,1,5.954196310386875,7.124289641029573e-05,5.954196310386875,0.016129032258064516,5.954196310386875,0.09603542436107862
stems,1,9.896482790016429e-06,16.62465268685824,5,NN,NN,stem,0,1,5.954196310386875,8.438965233838192e-05,5.954196310386875,0.016129032258064516,5.954196310386875,0.09603542436107862
hie,1,9.896482790016429e-06,16.62465268685824,3,NN,NNP,hie,0,1,5.954196310386875,8.438965233838192e-05,5.954196310386875,0.016129032258064516,5.954196310386875,0.09603542436107862
mood,1,9.896482790016429e-06,16.62465268685824,4,NN,NN,mood,0,1,5.954196310386875,7.124289641029573e-05,5.954196310386875,0.016129032258064516,5.954196310386875,0.09603542436107862
ninth,1,9.896482790016429e-06,16.62465268685824,5,JJ,JJ,ninth,0,1,5.954196310386875,8.438965233838192e-05,5.954196310386875,0.016129032258064516,5.954196310386875,0.09603542436107862
constable,1,9.896482790016429e-06,16.62465268685824,9,JJ,JJ,constabl,0,1,5.954196310386875,5.490876178449321e-05,5.954196310386875,0.016129032258064516,5.954196310386875,0.09603542436107862
dewdrop,1,9.896482790016429e-06,16.62465268685824,7,NN,NN,dewdrop,0,1,5.954196310386875,8.438965233838192e-05,5.954196310386875,0.016129032258064516,5.954196310386875,0.09603542436107862
wreaths,1,9.896482790016429e-06,16.62465268685824,7,NN,NNS,wreath,0,1,5.954196310386875,5.490876178449321e-05,5.954196310386875,0.016129032258064516,5.954196310386875,0.09603542436107862
safeguard,1,9.896482790016429e-06,16.62465268685824,9,NN,NN,safeguard,0,1,5.954196310386875,8.438965233838192e-05,5.954196310386875,0.016129032258064516,5.954196310386875,0.09603542436107862
wheresoever,1,9.896482790016429e-06,16.62465268685824,11,IN,IN,wheresoev,0,1,5.954196310386875,5.490876178449321e-05,5.954196310386875,0.016129032258064516,5.954196310386875,0.09603542436107862
nightingales,1,9.896482790016429e-06,16.62465268685824,12,NN,NNS,nightingal,0,1,5.954196310386875,8.438965233838192e-05,5.954196310386875,0.016129032258064516,5.954196310386875,0.09603542436107862
lads,1,9.896482790016429e-06,16.62465268685824,4,NN,NNS,lad,0,1,5.954196310386875,8.438965233838192e-05,5.954196310386875,0.016129032258064516,5.954196310386875,0.09603542436107862
pane,1,9.896482790016429e-06,16.62465268685824,4,NN,NN,pane,0,1,5.954196310386875,5.490876178449321e-05,5.954196310386875,0.016129032258064516,5.954196310386875,0.09603542436107862
haughty,1,9.896482790016429e-06,16.62465268685824,7,NN,NN,haughti,0,1,5.954196310386875,6.484498606419895e-05,5.954196310386875,0.016129032258064516,5.954196310386875,0.09603542436107862
conceited,1,9.896482790016429e-06,16.62465268685824,9,VB,VBD,conceit,0,1,5.954196310386875,6.484498606419895e-05,5.954196310386875,0.016129032258064516,5.954196310386875,0.09603542436107862
ranged,1,9.896482790016429e-06,16.62465268685824,6,VB,VBD,rang,0,1,5.954196310386875,6.484498606419895e-05,5.954196310386875,0.016129032258064516,5.954196310386875,0.09603542436107862
rank,1,9.896482790016429e-06,16.62465268685824,4,NN,NN,rank,0,1,5.954196310386875,6.484498606419895e-05,5.954196310386875,0.016129032258064516,5.954196310386875,0.09603542436107862
prison,1,9.896482790016429e-06,16.62465268685824,6,NN,NN,prison,0,1,5.954196310386875,5.490876178449321e-05,5.954196310386875,0.016129032258064516,5.954196310386875,0.09603542436107862
entreaty,1,9.896482790016429e-06,16.62465268685824,8,NN,NN,entreati,0,1,5.954196310386875,5.490876178449321e-05,5.954196310386875,0.016129032258064516,5.954196310386875,0.09603542436107862
stratagem,1,9.896482790016429e-06,16.62465268685824,9,NN,NN,stratagem,0,1,5.954196310386875,5.490876178449321e-05,5.954196310386875,0.016129032258064516,5.954196310386875,0.09603542436107862
counteract,1,9.896482790016429e-06,16.62465268685824,10,VB,VB,counteract,0,1,5.954196310386875,5.490876178449321e-05,5.954196310386875,0.016129032258064516,5.954196310386875,0.09603542436107862
expedient,1,9.896482790016429e-06,16.62465268685824,9,NN,NN,expedi,0,1,5.954196310386875,5.490876178449321e-05,5.954196310386875,0.016129032258064516,5.954196310386875,0.09603542436107862
barons,1,9.896482790016429e-06,16.62465268685824,6,NN,NNS,baron,0,1,5.954196310386875,6.484498606419895e-05,5.954196310386875,0.016129032258064516,5.954196310386875,0.09603542436107862
rained,1,9.896482790016429e-06,16.62465268685824,6,VB,VBN,rain,0,1,5.954196310386875,5.490876178449321e-05,5.954196310386875,0.016129032258064516,5.954196310386875,0.09603542436107862
cockcrow,1,9.896482790016429e-06,16.62465268685824,8,JJ,JJ,cockcrow,0,1,5.954196310386875,5.490876178449321e-05,5.954196310386875,0.016129032258064516,5.954196310386875,0.09603542436107862
tub,1,9.896482790016429e-06,16.62465268685824,3,NN,NN,tub,0,1,5.954196310386875,6.484498606419895e-05,5.954196310386875,0.016129032258064516,5.954196310386875,0.09603542436107862
maypole,1,9.896482790016429e-06,16.62465268685824,7,NN,NN,maypol,0,1,5.954196310386875,6.484498606419895e-05,5.954196310386875,0.016129032258064516,5.954196310386875,0.09603542436107862
unseen,1,9.896482790016429e-06,16.62465268685824,6,JJ,JJ,unseen,0,1,5.954196310386875,5.490876178449321e-05,5.954196310386875,0.016129032258064516,5.954196310386875,0.09603542436107862
employed,1,9.896482790016429e-06,16.62465268685824,8,VB,VBD,employ,0,1,5.954196310386875,8.438965233838192e-05,5.954196310386875,0.016129032258064516,5.954196310386875,0.09603542436107862
nap,1,9.896482790016429e-06,16.62465268685824,3,NN,NN,nap,0,1,5.954196310386875,7.124289641029573e-05,5.954196310386875,0.016129032258064516,5.954196310386875,0.09603542436107862
underwood,1,9.896482790016429e-06,16.62465268685824,9,NN,NN,underwood,0,1,5.954196310386875,8.438965233838192e-05,5.954196310386875,0.016129032258064516,5.954196310386875,0.09603542436107862
hoarse,1,9.896482790016429e-06,16.62465268685824,6,JJ,JJ,hoars,0,1,5.954196310386875,8.438965233838192e-05,5.954196310386875,0.016129032258064516,5.954196310386875,0.09603542436107862
birches,1,9.896482790016429e-06,16.62465268685824,7,NN,NNS,birch,0,1,5.954196310386875,8.438965233838192e-05,5.954196310386875,0.016129032258064516,5.954196310386875,0.09603542436107862
loft,1,9.896482790016429e-06,16.62465268685824,4,NN,NN,loft,0,1,5.954196310386875,7.124289641029573e-05,5.954196310386875,0.016129032258064516,5.954196310386875,0.09603542436107862
sunk,1,9.896482790016429e-06,16.62465268685824,4,VB,VBN,sunk,0,1,5.954196310386875,8.438965233838192e-05,5.954196310386875,0.016129032258064516,5.954196310386875,0.09603542436107862
vexation,1,9.896482790016429e-06,16.62465268685824,8,NN,NN,vexat,0,1,5.954196310386875,7.124289641029573e-05,5.954196310386875,0.016129032258064516,5.954196310386875,0.09603542436107862
overflowing,1,9.896482790016429e-06,16.62465268685824,11,VB,VBG,overflow,0,1,5.954196310386875,7.124289641029573e-05,5.954196310386875,0.016129032258064516,5.954196310386875,0.09603542436107862
shrank,1,9.896482790016429e-06,16.62465268685824,6,VB,VBD,shrank,0,1,5.954196310386875,8.438965233838192e-05,5.954196310386875,0.016129032258064516,5.954196310386875,0.09603542436107862
caring,1,9.896482790016429e-06,16.62465268685824,6,VB,VBG,care,0,1,5.954196310386875,7.124289641029573e-05,5.954196310386875,0.016129032258064516,5.954196310386875,0.09603542436107862
fury,1,9.896482790016429e-06,16.62465268685824,4,NN,NN,furi,0,1,5.954196310386875,7.124289641029573e-05,5.954196310386875,0.016129032258064516,5.954196310386875,0.09603542436107862
ringdove,1,9.896482790016429e-06,16.62465268685824,8,JJ,JJ,ringdov,0,1,5.954196310386875,8.438965233838192e-05,5.954196310386875,0.016129032258064516,5.954196310386875,0.09603542436107862
perching,1,9.896482790016429e-06,16.62465268685824,8,VB,VBG,perch,0,1,5.954196310386875,7.124289641029573e-05,5.954196310386875,0.016129032258064516,5.954196310386875,0.09603542436107862
spray,1,9.896482790016429e-06,16.62465268685824,5,NN,NN,spray,0,1,5.954196310386875,8.438965233838192e-05,5.954196310386875,0.016129032258064516,5.954196310386875,0.09603542436107862
mourn,1,9.896482790016429e-06,16.62465268685824,5,MD,MD,mourn,0,1,5.954196310386875,8.438965233838192e-05,5.954196310386875,0.016129032258064516,5.954196310386875,0.09603542436107862
reared,1,9.896482790016429e-06,16.62465268685824,6,VB,VBD,rear,0,1,5.954196310386875,7.124289641029573e-05,5.954196310386875,0.016129032258064516,5.954196310386875,0.09603542436107862
dripping,1,9.896482790016429e-06,16.62465268685824,8,VB,VBG,drip,0,1,5.954196310386875,7.124289641029573e-05,5.954196310386875,0.016129032258064516,5.954196310386875,0.09603542436107862
loosened,1,9.896482790016429e-06,16.62465268685824,8,VB,VBD,loosen,0,1,5.954196310386875,7.124289641029573e-05,5.954196310386875,0.016129032258064516,5.954196310386875,0.09603542436107862
mate,1,9.896482790016429e-06,16.62465268685824,4,NN,NN,mate,0,1,5.954196310386875,8.438965233838192e-05,5.954196310386875,0.016129032258064516,5.954196310386875,0.09603542436107862
brute,1,9.896482790016429e-06,16.62465268685824,5,NN,NN,brute,0,1,5.954196310386875,7.124289641029573e-05,5.954196310386875,0.016129032258064516,5.954196310386875,0.09603542436107862
mournful,1,9.896482790016429e-06,16.62465268685824,8,JJ,JJ,mourn,0,1,5.954196310386875,8.438965233838192e-05,5.954196310386875,0.016129032258064516,5.954196310386875,0.09603542436107862
_jug,1,9.896482790016429e-06,16.62465268685824,4,NN,NN,_jug,0,1,5.954196310386875,8.438965233838192e-05,5.954196310386875,0.016129032258064516,5.954196310386875,0.09603542436107862
jug_,1,9.896482790016429e-06,16.62465268685824,4,NN,NN,jug_,0,1,5.954196310386875,8.438965233838192e-05,5.954196310386875,0.016129032258064516,5.954196310386875,0.09603542436107862
villain,1,9.896482790016429e-06,16.62465268685824,7,NN,NN,villain,0,1,5.954196310386875,7.124289641029573e-05,5.954196310386875,0.016129032258064516,5.954196310386875,0.09603542436107862
meagre,1,9.896482790016429e-06,16.62465268685824,6,NN,NN,meagr,0,1,5.954196310386875,8.438965233838192e-05,5.954196310386875,0.016129032258064516,5.954196310386875,0.09603542436107862
staring,1,9.896482790016429e-06,16.62465268685824,7,VB,VBG,stare,0,1,5.954196310386875,8.438965233838192e-05,5.954196310386875,0.016129032258064516,5.954196310386875,0.09603542436107862
chin,1,9.896482790016429e-06,16.62465268685824,4,NN,NN,chin,0,1,5.954196310386875,8.438965233838192e-05,5.954196310386875,0.016129032258064516,5.954196310386875,0.09603542436107862
mumbled,1,9.896482790016429e-06,16.62465268685824,7,VB,VBD,mumbl,0,1,5.954196310386875,8.438965233838192e-05,5.954196310386875,0.016129032258064516,5.954196310386875,0.09603542436107862
winged,1,9.896482790016429e-06,16.62465268685824,6,VB,VBD,wing,0,1,5.954196310386875,4.0831387908621866e-05,5.954196310386875,0.016129032258064516,5.954196310386875,0.09603542436107862
wanderer,1,9.896482790016429e-06,16.62465268685824,8,NN,NN,wander,0,1,5.954196310386875,4.0831387908621866e-05,5.954196310386875,0.016129032258064516,5.954196310386875,0.09603542436107862
trample,1,9.896482790016429e-06,16.62465268685824,7,VB,VB,trampl,0,1,5.954196310386875,6.484498606419895e-05,5.954196310386875,0.016129032258064516,5.954196310386875,0.09603542436107862
twilight,1,9.896482790016429e-06,16.62465268685824,8,NN,NN,twilight,0,1,5.954196310386875,6.796562233621985e-05,5.954196310386875,0.016129032258064516,5.954196310386875,0.09603542436107862
sleek,1,9.896482790016429e-06,16.62465268685824,5,JJ,JJ,sleek,0,1,5.954196310386875,3.9439599326931677e-05,5.954196310386875,0.016129032258064516,5.954196310386875,0.09603542436107862
challenge,1,9.896482790016429e-06,16.62465268685824,9,VB,VB,challeng,0,1,5.954196310386875,0.0001098803482392204,5.954196310386875,0.016129032258064516,5.954196310386875,0.09603542436107862
cursed,1,9.896482790016429e-06,16.62465268685824,6,JJ,JJ,curs,0,1,5.954196310386875,3.9439599326931677e-05,5.954196310386875,0.016129032258064516,5.954196310386875,0.09603542436107862
grunted,1,9.896482790016429e-06,16.62465268685824,7,VB,VBN,grunt,0,1,5.954196310386875,0.0001098803482392204,5.954196310386875,0.016129032258064516,5.954196310386875,0.09603542436107862
blame,1,9.896482790016429e-06,16.62465268685824,5,VB,VB,blame,0,1,5.954196310386875,0.0001098803482392204,5.954196310386875,0.016129032258064516,5.954196310386875,0.09603542436107862
folk,1,9.896482790016429e-06,16.62465268685824,4,NN,NN,folk,0,1,5.954196310386875,3.9439599326931677e-05,5.954196310386875,0.016129032258064516,5.954196310386875,0.09603542436107862
coarse,1,9.896482790016429e-06,16.62465268685824,6,VB,VBP,coars,0,1,5.954196310386875,3.9439599326931677e-05,5.954196310386875,0.016129032258064516,5.954196310386875,0.09603542436107862
cowardly,1,9.896482790016429e-06,16.62465268685824,8,RB,RB,cowardli,0,1,5.954196310386875,0.0001098803482392204,5.954196310386875,0.016129032258064516,5.954196310386875,0.09603542436107862
logs,1,9.896482790016429e-06,16.62465268685824,4,NN,NNS,log,0,1,5.954196310386875,3.9439599326931677e-05,5.954196310386875,0.016129032258064516,5.954196310386875,0.09603542436107862
pined,1,9.896482790016429e-06,16.62465268685824,5,VB,VBD,pine,0,1,5.954196310386875,6.796562233621985e-05,5.954196310386875,0.016129032258064516,5.954196310386875,0.09603542436107862
glared,1,9.896482790016429e-06,16.62465268685824,6,VB,VBD,glare,0,1,5.954196310386875,3.9439599326931677e-05,5.954196310386875,0.016129032258064516,5.954196310386875,0.09603542436107862
crevice,1,9.896482790016429e-06,16.62465268685824,7,NN,NN,crevic,0,1,5.954196310386875,3.9439599326931677e-05,5.954196310386875,0.016129032258064516,5.954196310386875,0.09603542436107862
firewood,1,9.896482790016429e-06,16.62465268685824,8,NN,NN,firewood,0,1,5.954196310386875,3.9439599326931677e-05,5.954196310386875,0.016129032258064516,5.954196310386875,0.09603542436107862
fascinated,1,9.896482790016429e-06,16.62465268685824,10,VB,VBD,fascin,0,1,5.954196310386875,6.484498606419895e-05,5.954196310386875,0.016129032258064516,5.954196310386875,0.09603542436107862
greedily,1,9.896482790016429e-06,16.62465268685824,8,RB,RB,greedili,0,1,5.954196310386875,6.796562233621985e-05,5.954196310386875,0.016129032258064516,5.954196310386875,0.09603542436107862
hairy,1,9.896482790016429e-06,16.62465268685824,5,NN,NN,hairi,0,1,5.954196310386875,3.9439599326931677e-05,5.954196310386875,0.016129032258064516,5.954196310386875,0.09603542436107862
necessity,1,9.896482790016429e-06,16.62465268685824,9,NN,NN,necess,0,1,5.954196310386875,6.796562233621985e-05,5.954196310386875,0.016129032258064516,5.954196310386875,0.09603542436107862
departure,1,9.896482790016429e-06,16.62465268685824,9,NN,NN,departur,0,1,5.954196310386875,3.9439599326931677e-05,5.954196310386875,0.016129032258064516,5.954196310386875,0.09603542436107862
caves,1,9.896482790016429e-06,16.62465268685824,5,NN,NNS,cave,0,1,5.954196310386875,3.9439599326931677e-05,5.954196310386875,0.016129032258064516,5.954196310386875,0.09603542436107862
pry,1,9.896482790016429e-06,16.62465268685824,3,VB,VB,pri,0,1,5.954196310386875,3.9439599326931677e-05,5.954196310386875,0.016129032258064516,5.954196310386875,0.09603542436107862
thawed,1,9.896482790016429e-06,16.62465268685824,6,VB,VBN,thaw,0,1,5.954196310386875,3.9439599326931677e-05,5.954196310386875,0.016129032258064516,5.954196310386875,0.09603542436107862
frozen,1,9.896482790016429e-06,16.62465268685824,6,JJ,JJ,frozen,0,1,5.954196310386875,3.9439599326931677e-05,5.954196310386875,0.016129032258064516,5.954196310386875,0.09603542436107862
magnificent,1,9.896482790016429e-06,16.62465268685824,11,VB,VBN,magnific,0,1,5.954196310386875,6.796562233621985e-05,5.954196310386875,0.016129032258064516,5.954196310386875,0.09603542436107862
unfastened,1,9.896482790016429e-06,16.62465268685824,10,VB,VBD,unfasten,0,1,5.954196310386875,6.796562233621985e-05,5.954196310386875,0.016129032258064516,5.954196310386875,0.09603542436107862
braided,1,9.896482790016429e-06,16.62465268685824,7,VB,VBD,braid,0,1,5.954196310386875,6.796562233621985e-05,5.954196310386875,0.016129032258064516,5.954196310386875,0.09603542436107862
hooks,1,9.896482790016429e-06,16.62465268685824,5,NN,NN,hook,0,1,5.954196310386875,6.796562233621985e-05,5.954196310386875,0.016129032258064516,5.954196310386875,0.09603542436107862
milkfaced,1,9.896482790016429e-06,16.62465268685824,9,JJ,JJ,milkfac,0,1,5.954196310386875,3.9439599326931677e-05,5.954196310386875,0.016129032258064516,5.954196310386875,0.09603542436107862
ugh,1,9.896482790016429e-06,16.62465268685824,3,NN,NN,ugh,0,1,5.954196310386875,3.9439599326931677e-05,5.954196310386875,0.016129032258064516,5.954196310386875,0.09603542436107862
odious,1,9.896482790016429e-06,16.62465268685824,6,JJ,JJ,odiou,0,1,5.954196310386875,3.9439599326931677e-05,5.954196310386875,0.016129032258064516,5.954196310386875,0.09603542436107862
snarled,1,9.896482790016429e-06,16.62465268685824,7,VB,VBD,snarl,0,1,5.954196310386875,3.9439599326931677e-05,5.954196310386875,0.016129032258064516,5.954196310386875,0.09603542436107862
hovering,1,9.896482790016429e-06,16.62465268685824,8,NN,NN,hover,0,1,5.954196310386875,3.9439599326931677e-05,5.954196310386875,0.016129032258064516,5.954196310386875,0.09603542436107862
sniffed,1,9.896482790016429e-06,16.62465268685824,7,VB,VBD,snif,0,1,5.954196310386875,3.598180006035168e-05,5.954196310386875,0.016129032258064516,5.954196310386875,0.09603542436107862
footing,1,9.896482790016429e-06,16.62465268685824,7,NN,NN,foot,0,1,5.954196310386875,3.598180006035168e-05,5.954196310386875,0.016129032258064516,5.954196310386875,0.09603542436107862
ribbons,1,9.896482790016429e-06,16.62465268685824,7,NN,NNS,ribbon,0,1,5.954196310386875,3.9439599326931677e-05,5.954196310386875,0.016129032258064516,5.954196310386875,0.09603542436107862
tooth,1,9.896482790016429e-06,16.62465268685824,5,NN,NN,tooth,0,1,5.954196310386875,0.0001098803482392204,5.954196310386875,0.016129032258064516,5.954196310386875,0.09603542436107862
needles,1,9.896482790016429e-06,16.62465268685824,7,NN,NNS,needl,0,1,5.954196310386875,3.9439599326931677e-05,5.954196310386875,0.016129032258064516,5.954196310386875,0.09603542436107862
depend,1,9.896482790016429e-06,16.62465268685824,6,VB,VBP,depend,0,1,5.954196310386875,0.0001098803482392204,5.954196310386875,0.016129032258064516,5.954196310386875,0.09603542436107862
clip,1,9.896482790016429e-06,16.62465268685824,4,VB,VB,clip,0,1,5.954196310386875,3.9439599326931677e-05,5.954196310386875,0.016129032258064516,5.954196310386875,0.09603542436107862
disfigure,1,9.896482790016429e-06,16.62465268685824,9,VB,VB,disfigur,0,1,5.954196310386875,3.9439599326931677e-05,5.954196310386875,0.016129032258064516,5.954196310386875,0.09603542436107862
toadstool,1,9.896482790016429e-06,16.62465268685824,9,VB,VBP,toadstool,0,1,5.954196310386875,3.9439599326931677e-05,5.954196310386875,0.016129032258064516,5.954196310386875,0.09603542436107862
civil,1,9.896482790016429e-06,16.62465268685824,5,JJ,JJ,civil,0,1,5.954196310386875,3.9439599326931677e-05,5.954196310386875,0.016129032258064516,5.954196310386875,0.09603542436107862
whereby,1,9.896482790016429e-06,16.62465268685824,7,WR,WRB,wherebi,0,1,5.954196310386875,3.9439599326931677e-05,5.954196310386875,0.016129032258064516,5.954196310386875,0.09603542436107862
entangled,1,9.896482790016429e-06,16.62465268685824,9,VB,VBN,entangl,0,1,5.954196310386875,3.9439599326931677e-05,5.954196310386875,0.016129032258064516,5.954196310386875,0.09603542436107862
urgent,1,9.896482790016429e-06,16.62465268685824,6,JJ,JJ,urgent,0,1,5.954196310386875,3.9439599326931677e-05,5.954196310386875,0.016129032258064516,5.954196310386875,0.09603542436107862
movements,1,9.896482790016429e-06,16.62465268685824,9,NN,NNS,movement,0,1,5.954196310386875,3.9439599326931677e-05,5.954196310386875,0.016129032258064516,5.954196310386875,0.09603542436107862
patted,1,9.896482790016429e-06,16.62465268685824,6,VB,VBD,pat,0,1,5.954196310386875,0.0001098803482392204,5.954196310386875,0.016129032258064516,5.954196310386875,0.09603542436107862
feeble,1,9.896482790016429e-06,16.62465268685824,6,JJ,JJ,feebl,0,1,5.954196310386875,3.9439599326931677e-05,5.954196310386875,0.016129032258064516,5.954196310386875,0.09603542436107862
fishingline,1,9.896482790016429e-06,16.62465268685824,11,NN,NN,fishinglin,0,1,5.954196310386875,3.9439599326931677e-05,5.954196310386875,0.016129032258064516,5.954196310386875,0.09603542436107862
tangled,1,9.896482790016429e-06,16.62465268685824,7,VB,VBN,tangl,0,1,5.954196310386875,3.9439599326931677e-05,5.954196310386875,0.016129032258064516,5.954196310386875,0.09603542436107862
fishing,1,9.896482790016429e-06,16.62465268685824,7,NN,NN,fish,0,1,5.954196310386875,3.9439599326931677e-05,5.954196310386875,0.016129032258064516,5.954196310386875,0.09603542436107862
accursed,1,9.896482790016429e-06,16.62465268685824,8,JJ,JJ,accurs,0,1,5.954196310386875,3.9439599326931677e-05,5.954196310386875,0.016129032258064516,5.954196310386875,0.09603542436107862
stout,1,9.896482790016429e-06,16.62465268685824,5,NN,NN,stout,0,1,5.954196310386875,0.0001098803482392204,5.954196310386875,0.016129032258064516,5.954196310386875,0.09603542436107862
finely,1,9.896482790016429e-06,16.62465268685824,6,RB,RB,fine,0,1,5.954196310386875,0.0001098803482392204,5.954196310386875,0.016129032258064516,5.954196310386875,0.09603542436107862
uncouth,1,9.896482790016429e-06,16.62465268685824,7,NN,NNP,uncouth,0,1,5.954196310386875,3.9439599326931677e-05,5.954196310386875,0.016129032258064516,5.954196310386875,0.09603542436107862
rogue,1,9.896482790016429e-06,16.62465268685824,5,NN,NN,rogu,0,1,5.954196310386875,0.0001098803482392204,5.954196310386875,0.016129032258064516,5.954196310386875,0.09603542436107862
ells,1,9.896482790016429e-06,16.62465268685824,4,VB,VBZ,ell,0,1,5.954196310386875,6.796562233621985e-05,5.954196310386875,0.016129032258064516,5.954196310386875,0.09603542436107862
hazelswitch,1,9.896482790016429e-06,16.62465268685824,11,NN,NN,hazelswitch,0,1,5.954196310386875,3.9439599326931677e-05,5.954196310386875,0.016129032258064516,5.954196310386875,0.09603542436107862
tugged,1,9.896482790016429e-06,16.62465268685824,6,VB,VBD,tug,0,1,5.954196310386875,3.9439599326931677e-05,5.954196310386875,0.016129032258064516,5.954196310386875,0.09603542436107862
butterflies,1,9.896482790016429e-06,16.62465268685824,11,NN,NNS,butterfli,0,1,5.954196310386875,3.9439599326931677e-05,5.954196310386875,0.016129032258064516,5.954196310386875,0.09603542436107862
roamed,1,9.896482790016429e-06,16.62465268685824,6,VB,VBD,roam,0,1,5.954196310386875,6.796562233621985e-05,5.954196310386875,0.016129032258064516,5.954196310386875,0.09603542436107862
twins,1,9.896482790016429e-06,16.62465268685824,5,NN,NNS,twin,0,1,5.954196310386875,6.796562233621985e-05,5.954196310386875,0.016129032258064516,5.954196310386875,0.09603542436107862
wretchedness,1,9.896482790016429e-06,16.62465268685824,12,NN,NN,wretched,0,1,5.954196310386875,6.796562233621985e-05,5.954196310386875,0.016129032258064516,5.954196310386875,0.09603542436107862
wetted,1,9.896482790016429e-06,16.62465268685824,6,VB,VBD,wet,0,1,5.954196310386875,6.796562233621985e-05,5.954196310386875,0.016129032258064516,5.954196310386875,0.09603542436107862
moreover,1,9.896482790016429e-06,16.62465268685824,8,RB,RB,moreov,0,1,5.954196310386875,8.36545508371765e-05,5.954196310386875,0.016129032258064516,5.954196310386875,0.09603542436107862
shrewd,1,9.896482790016429e-06,16.62465268685824,6,JJ,JJ,shrewd,0,1,5.954196310386875,8.36545508371765e-05,5.954196310386875,0.016129032258064516,5.954196310386875,0.09603542436107862
rumplestiltskin,1,9.896482790016429e-06,16.62465268685824,15,NN,NNP,rumplestiltskin,0,1,5.954196310386875,8.36545508371765e-05,5.954196310386875,0.016129032258064516,5.954196310386875,0.09603542436107862
dashed,1,9.896482790016429e-06,16.62465268685824,6,VB,VBD,dash,0,1,5.954196310386875,8.36545508371765e-05,5.954196310386875,0.016129032258064516,5.954196310386875,0.09603542436107862
jemmy,1,9.896482790016429e-06,16.62465268685824,5,NN,NNP,jemmi,0,1,5.954196310386875,8.36545508371765e-05,5.954196310386875,0.016129032258064516,5.954196310386875,0.09603542436107862
spinningwheel,1,9.896482790016429e-06,16.62465268685824,13,NN,NN,spinningwheel,0,1,5.954196310386875,8.36545508371765e-05,5.954196310386875,0.016129032258064516,5.954196310386875,0.09603542436107862
john,1,9.896482790016429e-06,16.62465268685824,4,NN,NNP,john,0,1,5.954196310386875,8.36545508371765e-05,5.954196310386875,0.016129032258064516,5.954196310386875,0.09603542436107862
chuckle,1,9.896482790016429e-06,16.62465268685824,7,VB,VB,chuckl,0,1,5.954196310386875,8.36545508371765e-05,5.954196310386875,0.016129032258064516,5.954196310386875,0.09603542436107862
drolllooking,1,9.896482790016429e-06,16.62465268685824,12,JJ,JJ,drolllook,0,1,5.954196310386875,8.36545508371765e-05,5.954196310386875,0.016129032258064516,5.954196310386875,0.09603542436107862
hobbled,1,9.896482790016429e-06,16.62465268685824,7,VB,VBN,hobbl,0,1,5.954196310386875,8.36545508371765e-05,5.954196310386875,0.016129032258064516,5.954196310386875,0.09603542436107862
lass,1,9.896482790016429e-06,16.62465268685824,4,NN,NN,lass,0,1,5.954196310386875,8.36545508371765e-05,5.954196310386875,0.016129032258064516,5.954196310386875,0.09603542436107862
stranger,1,9.896482790016429e-06,16.62465268685824,8,NN,NN,stranger,0,1,5.954196310386875,8.36545508371765e-05,5.954196310386875,0.016129032258064516,5.954196310386875,0.09603542436107862
brew,1,9.896482790016429e-06,16.62465268685824,4,NN,NN,brew,0,1,5.954196310386875,8.36545508371765e-05,5.954196310386875,0.016129032258064516,5.954196310386875,0.09603542436107862
funny,1,9.896482790016429e-06,16.62465268685824,5,JJ,JJ,funni,0,1,5.954196310386875,8.36545508371765e-05,5.954196310386875,0.016129032258064516,5.954196310386875,0.09603542436107862
grace,1,9.896482790016429e-06,16.62465268685824,5,NN,NN,grace,0,1,5.954196310386875,8.36545508371765e-05,5.954196310386875,0.016129032258064516,5.954196310386875,0.09603542436107862
timothy,1,9.896482790016429e-06,16.62465268685824,7,NN,NNP,timothi,0,1,5.954196310386875,8.36545508371765e-05,5.954196310386875,0.016129032258064516,5.954196310386875,0.09603542436107862
ichabod,1,9.896482790016429e-06,16.62465268685824,7,NN,NNP,ichabod,0,1,5.954196310386875,8.36545508371765e-05,5.954196310386875,0.016129032258064516,5.954196310386875,0.09603542436107862
crookshanks,1,9.896482790016429e-06,16.62465268685824,11,NN,NNP,crookshank,0,1,5.954196310386875,8.36545508371765e-05,5.954196310386875,0.016129032258064516,5.954196310386875,0.09603542436107862
hunchback,1,9.896482790016429e-06,16.62465268685824,9,NN,NNP,hunchback,0,1,5.954196310386875,8.36545508371765e-05,5.954196310386875,0.016129032258064516,5.954196310386875,0.09603542436107862
bandylegs,1,9.896482790016429e-06,16.62465268685824,9,NN,NNP,bandyleg,0,1,5.954196310386875,8.36545508371765e-05,5.954196310386875,0.016129032258064516,5.954196310386875,0.09603542436107862
comical,1,9.896482790016429e-06,16.62465268685824,7,JJ,JJ,comic,0,1,5.954196310386875,8.36545508371765e-05,5.954196310386875,0.016129032258064516,5.954196310386875,0.09603542436107862
naught,1,9.896482790016429e-06,16.62465268685824,6,RB,RB,naught,0,1,5.954196310386875,6.796562233621985e-05,5.954196310386875,0.016129032258064516,5.954196310386875,0.09603542436107862
housework,1,9.896482790016429e-06,16.62465268685824,9,NN,NN,housework,0,1,5.954196310386875,3.9439599326931677e-05,5.954196310386875,0.016129032258064516,5.954196310386875,0.09603542436107862
resound,1,9.896482790016429e-06,16.62465268685824,7,NN,NN,resound,0,1,5.954196310386875,6.796562233621985e-05,5.954196310386875,0.016129032258064516,5.954196310386875,0.09603542436107862
trustfully,1,9.896482790016429e-06,16.62465268685824,10,RB,RB,trust,0,1,5.954196310386875,3.9439599326931677e-05,5.954196310386875,0.016129032258064516,5.954196310386875,0.09603542436107862
mounts,1,9.896482790016429e-06,16.62465268685824,6,NN,NNS,mount,0,1,5.954196310386875,6.796562233621985e-05,5.954196310386875,0.016129032258064516,5.954196310386875,0.09603542436107862
skein,1,9.896482790016429e-06,16.62465268685824,5,NN,NN,skein,0,1,5.954196310386875,6.796562233621985e-05,5.954196310386875,0.016129032258064516,5.954196310386875,0.09603542436107862
byandby,1,9.896482790016429e-06,16.62465268685824,7,VB,VB,byandbi,0,1,5.954196310386875,3.9439599326931677e-05,5.954196310386875,0.016129032258064516,5.954196310386875,0.09603542436107862
remarked,1,9.896482790016429e-06,16.62465268685824,8,VB,VBD,remark,0,1,5.954196310386875,6.796562233621985e-05,5.954196310386875,0.016129032258064516,5.954196310386875,0.09603542436107862
halffrozen,1,9.896482790016429e-06,16.62465268685824,10,JJ,JJ,halffrozen,0,1,5.954196310386875,3.9439599326931677e-05,5.954196310386875,0.016129032258064516,5.954196310386875,0.09603542436107862
fluttered,1,9.896482790016429e-06,16.62465268685824,9,VB,VBD,flutter,0,1,5.954196310386875,3.9439599326931677e-05,5.954196310386875,0.016129032258064516,5.954196310386875,0.09603542436107862
heavier,1,9.896482790016429e-06,16.62465268685824,7,JJ,JJR,heavier,0,1,5.954196310386875,6.796562233621985e-05,5.954196310386875,0.016129032258064516,5.954196310386875,0.09603542436107862
separated,1,9.896482790016429e-06,16.62465268685824,9,VB,VBN,separ,0,1,5.954196310386875,6.796562233621985e-05,5.954196310386875,0.016129032258064516,5.954196310386875,0.09603542436107862
snip,1,9.896482790016429e-06,16.62465268685824,4,NN,NN,snip,0,1,5.954196310386875,6.796562233621985e-05,5.954196310386875,0.016129032258064516,5.954196310386875,0.09603542436107862
snap,1,9.896482790016429e-06,16.62465268685824,4,NN,NN,snap,0,1,5.954196310386875,6.796562233621985e-05,5.954196310386875,0.016129032258064516,5.954196310386875,0.09603542436107862
spectacles,1,9.896482790016429e-06,16.62465268685824,10,NN,NNS,spectacl,0,1,5.954196310386875,3.9439599326931677e-05,5.954196310386875,0.016129032258064516,5.954196310386875,0.09603542436107862
polished,1,9.896482790016429e-06,16.62465268685824,8,VB,VBD,polish,0,1,5.954196310386875,3.9439599326931677e-05,5.954196310386875,0.016129032258064516,5.954196310386875,0.09603542436107862
brass,1,9.896482790016429e-06,16.62465268685824,5,NN,NN,brass,0,1,5.954196310386875,3.9439599326931677e-05,5.954196310386875,0.016129032258064516,5.954196310386875,0.09603542436107862
hob,1,9.896482790016429e-06,16.62465268685824,3,NN,NN,hob,0,1,5.954196310386875,3.9439599326931677e-05,5.954196310386875,0.016129032258064516,5.954196310386875,0.09603542436107862
pitiless,1,9.896482790016429e-06,16.62465268685824,8,JJ,JJ,pitiless,0,1,5.954196310386875,6.796562233621985e-05,5.954196310386875,0.016129032258064516,5.954196310386875,0.09603542436107862
watches,1,9.896482790016429e-06,16.62465268685824,7,VB,VBZ,watch,0,1,5.954196310386875,3.9439599326931677e-05,5.954196310386875,0.016129032258064516,5.954196310386875,0.09603542436107862
hook,1,9.896482790016429e-06,16.62465268685824,4,NN,NN,hook,0,1,5.954196310386875,6.796562233621985e-05,5.954196310386875,0.016129032258064516,5.954196310386875,0.09603542436107862
precipice,1,9.896482790016429e-06,16.62465268685824,9,NN,NN,precipic,0,1,5.954196310386875,3.9439599326931677e-05,5.954196310386875,0.016129032258064516,5.954196310386875,0.09603542436107862
roused,1,9.896482790016429e-06,16.62465268685824,6,VB,VBN,rous,0,1,5.954196310386875,3.9439599326931677e-05,5.954196310386875,0.016129032258064516,5.954196310386875,0.09603542436107862
venomous,1,9.896482790016429e-06,16.62465268685824,8,JJ,JJ,venom,0,1,5.954196310386875,6.796562233621985e-05,5.954196310386875,0.016129032258064516,5.954196310386875,0.09603542436107862
worry,1,9.896482790016429e-06,16.62465268685824,5,VB,VB,worri,0,1,5.954196310386875,3.9439599326931677e-05,5.954196310386875,0.016129032258064516,5.954196310386875,0.09603542436107862
mishap,1,9.896482790016429e-06,16.62465268685824,6,NN,NN,mishap,0,1,5.954196310386875,3.9439599326931677e-05,5.954196310386875,0.016129032258064516,5.954196310386875,0.09603542436107862
scratch,1,9.896482790016429e-06,16.62465268685824,7,VB,VB,scratch,0,1,5.954196310386875,6.796562233621985e-05,5.954196310386875,0.016129032258064516,5.954196310386875,0.09603542436107862
grazed,1,9.896482790016429e-06,16.62465268685824,6,VB,VBN,graze,0,1,5.954196310386875,3.9439599326931677e-05,5.954196310386875,0.016129032258064516,5.954196310386875,0.09603542436107862
cabbageleaf,1,9.896482790016429e-06,16.62465268685824,11,JJ,JJ,cabbageleaf,0,1,5.954196310386875,3.9439599326931677e-05,5.954196310386875,0.016129032258064516,5.954196310386875,0.09603542436107862
intending,1,9.896482790016429e-06,16.62465268685824,9,VB,VBG,intend,0,1,5.954196310386875,3.598180006035168e-05,5.954196310386875,0.016129032258064516,5.954196310386875,0.09603542436107862
thrice,1,9.896482790016429e-06,16.62465268685824,6,NN,NN,thrice,0,1,5.954196310386875,3.598180006035168e-05,5.954196310386875,0.016129032258064516,5.954196310386875,0.09603542436107862
greybeard,1,9.896482790016429e-06,16.62465268685824,9,JJ,JJ,greybeard,0,1,5.954196310386875,3.598180006035168e-05,5.954196310386875,0.016129032258064516,5.954196310386875,0.09603542436107862
deserved,1,9.896482790016429e-06,16.62465268685824,8,VB,VBN,deserv,0,1,5.954196310386875,6.484498606419895e-05,5.954196310386875,0.016129032258064516,5.954196310386875,0.09603542436107862
envious,1,9.896482790016429e-06,16.62465268685824,7,JJ,JJ,enviou,0,1,5.954196310386875,6.484498606419895e-05,5.954196310386875,0.016129032258064516,5.954196310386875,0.09603542436107862
cinderella,1,9.896482790016429e-06,16.62465268685824,10,NN,NN,cinderella,0,1,5.954196310386875,3.598180006035168e-05,5.954196310386875,0.016129032258064516,5.954196310386875,0.09603542436107862
bleed,1,9.896482790016429e-06,16.62465268685824,5,VB,VBP,bleed,0,1,5.954196310386875,3.598180006035168e-05,5.954196310386875,0.016129032258064516,5.954196310386875,0.09603542436107862
harshly,1,9.896482790016429e-06,16.62465268685824,7,NN,NN,harshli,0,1,5.954196310386875,3.598180006035168e-05,5.954196310386875,0.016129032258064516,5.954196310386875,0.09603542436107862
newmade,1,9.896482790016429e-06,16.62465268685824,7,JJ,JJ,newmad,0,1,5.954196310386875,4.0249549187375786e-05,5.954196310386875,0.016129032258064516,5.954196310386875,0.09603542436107862
scolding,1,9.896482790016429e-06,16.62465268685824,8,NN,NN,scold,0,1,5.954196310386875,3.598180006035168e-05,5.954196310386875,0.016129032258064516,5.954196310386875,0.09603542436107862
loveliest,1,9.896482790016429e-06,16.62465268685824,9,JJ,JJS,loveliest,0,1,5.954196310386875,4.0249549187375786e-05,5.954196310386875,0.016129032258064516,5.954196310386875,0.09603542436107862
dressing,1,9.896482790016429e-06,16.62465268685824,8,VB,VBG,dress,0,1,5.954196310386875,4.0249549187375786e-05,5.954196310386875,0.016129032258064516,5.954196310386875,0.09603542436107862
splendour,1,9.896482790016429e-06,16.62465268685824,9,NN,NN,splendour,0,1,5.954196310386875,4.0249549187375786e-05,5.954196310386875,0.016129032258064516,5.954196310386875,0.09603542436107862
sunshine,1,9.896482790016429e-06,16.62465268685824,8,NN,NN,sunshin,0,1,5.954196310386875,3.598180006035168e-05,5.954196310386875,0.016129032258064516,5.954196310386875,0.09603542436107862
countless,1,9.896482790016429e-06,16.62465268685824,9,JJ,JJ,countless,0,1,5.954196310386875,3.598180006035168e-05,5.954196310386875,0.016129032258064516,5.954196310386875,0.09603542436107862
bemoaned,1,9.896482790016429e-06,16.62465268685824,8,VB,VBD,bemoan,0,1,5.954196310386875,4.0249549187375786e-05,5.954196310386875,0.016129032258064516,5.954196310386875,0.09603542436107862
blooming,1,9.896482790016429e-06,16.62465268685824,8,VB,VBG,bloom,0,1,5.954196310386875,3.598180006035168e-05,5.954196310386875,0.016129032258064516,5.954196310386875,0.09603542436107862
wrote,1,9.896482790016429e-06,16.62465268685824,5,VB,VBD,wrote,0,1,5.954196310386875,4.0249549187375786e-05,5.954196310386875,0.016129032258064516,5.954196310386875,0.09603542436107862
bier,1,9.896482790016429e-06,16.62465268685824,4,NN,NN,bier,0,1,5.954196310386875,4.0249549187375786e-05,5.954196310386875,0.016129032258064516,5.954196310386875,0.09603542436107862
tempted,1,9.896482790016429e-06,16.62465268685824,7,VB,VBN,tempt,0,1,5.954196310386875,4.0249549187375786e-05,5.954196310386875,0.016129032258064516,5.954196310386875,0.09603542436107862
tempting,1,9.896482790016429e-06,16.62465268685824,8,JJ,JJ,tempt,0,1,5.954196310386875,4.0249549187375786e-05,5.954196310386875,0.016129032258064516,5.954196310386875,0.09603542436107862
breadshovel,1,9.896482790016429e-06,16.62465268685824,11,JJ,JJ,breadshovel,0,1,5.954196310386875,3.598180006035168e-05,5.954196310386875,0.016129032258064516,5.954196310386875,0.09603542436107862
combs,1,9.896482790016429e-06,16.62465268685824,5,NN,NNS,comb,0,1,5.954196310386875,4.0249549187375786e-05,5.954196310386875,0.016129032258064516,5.954196310386875,0.09603542436107862
ailed,1,9.896482790016429e-06,16.62465268685824,5,VB,VBD,ail,0,1,5.954196310386875,4.0249549187375786e-05,5.954196310386875,0.016129032258064516,5.954196310386875,0.09603542436107862
snowing,1,9.896482790016429e-06,16.62465268685824,7,VB,VBG,snow,0,1,5.954196310386875,3.598180006035168e-05,5.954196310386875,0.016129032258064516,5.954196310386875,0.09603542436107862
laced,1,9.896482790016429e-06,16.62465268685824,5,VB,VBN,lace,0,1,5.954196310386875,4.0249549187375786e-05,5.954196310386875,0.016129032258064516,5.954196310386875,0.09603542436107862
stays,1,9.896482790016429e-06,16.62465268685824,5,NN,NNS,stay,0,1,5.954196310386875,4.0249549187375786e-05,5.954196310386875,0.016129032258064516,5.954196310386875,0.09603542436107862
bobbins,1,9.896482790016429e-06,16.62465268685824,7,NN,NNS,bobbin,0,1,5.954196310386875,4.0249549187375786e-05,5.954196310386875,0.016129032258064516,5.954196310386875,0.09603542436107862
pedlar,1,9.896482790016429e-06,16.62465268685824,6,NN,NN,pedlar,0,1,5.954196310386875,4.0249549187375786e-05,5.954196310386875,0.016129032258064516,5.954196310386875,0.09603542436107862
stepsister,1,9.896482790016429e-06,16.62465268685824,10,NN,NN,stepsist,0,1,5.954196310386875,6.484498606419895e-05,5.954196310386875,0.016129032258064516,5.954196310386875,0.09603542436107862
comely,1,9.896482790016429e-06,16.62465268685824,6,RB,RB,come,0,1,5.954196310386875,4.0831387908621866e-05,5.954196310386875,0.016129032258064516,5.954196310386875,0.09603542436107862
handsomest,1,9.896482790016429e-06,16.62465268685824,10,JJ,JJS,handsomest,0,1,5.954196310386875,4.0249549187375786e-05,5.954196310386875,0.016129032258064516,5.954196310386875,0.09603542436107862
grasped,1,9.896482790016429e-06,16.62465268685824,7,VB,VBD,grasp,0,1,5.954196310386875,6.484498606419895e-05,5.954196310386875,0.016129032258064516,5.954196310386875,0.09603542436107862
snares,1,9.896482790016429e-06,16.62465268685824,6,NN,NNS,snare,0,1,5.954196310386875,6.484498606419895e-05,5.954196310386875,0.016129032258064516,5.954196310386875,0.09603542436107862
recognize,1,9.896482790016429e-06,16.62465268685824,9,VB,VB,recogn,0,1,5.954196310386875,6.484498606419895e-05,5.954196310386875,0.016129032258064516,5.954196310386875,0.09603542436107862
arrange,1,9.896482790016429e-06,16.62465268685824,7,NN,NN,arrang,0,1,5.954196310386875,6.484498606419895e-05,5.954196310386875,0.016129032258064516,5.954196310386875,0.09603542436107862
bled,1,9.896482790016429e-06,16.62465268685824,4,VB,VBD,bled,0,1,5.954196310386875,6.484498606419895e-05,5.954196310386875,0.016129032258064516,5.954196310386875,0.09603542436107862
magical,1,9.896482790016429e-06,16.62465268685824,7,JJ,JJ,magic,0,1,5.954196310386875,6.484498606419895e-05,5.954196310386875,0.016129032258064516,5.954196310386875,0.09603542436107862
perfectly,1,9.896482790016429e-06,16.62465268685824,9,RB,RB,perfectli,0,1,5.954196310386875,6.484498606419895e-05,5.954196310386875,0.016129032258064516,5.954196310386875,0.09603542436107862
released,1,9.896482790016429e-06,16.62465268685824,8,VB,VBN,releas,0,1,5.954196310386875,4.0831387908621866e-05,5.954196310386875,0.016129032258064516,5.954196310386875,0.09603542436107862
shapes,1,9.896482790016429e-06,16.62465268685824,6,NN,NNS,shape,0,1,5.954196310386875,6.484498606419895e-05,5.954196310386875,0.016129032258064516,5.954196310386875,0.09603542436107862
natural,1,9.896482790016429e-06,16.62465268685824,7,JJ,JJ,natur,0,1,5.954196310386875,6.484498606419895e-05,5.954196310386875,0.016129032258064516,5.954196310386875,0.09603542436107862
resumed,1,9.896482790016429e-06,16.62465268685824,7,VB,VBD,resum,0,1,5.954196310386875,6.484498606419895e-05,5.954196310386875,0.016129032258064516,5.954196310386875,0.09603542436107862
enticed,1,9.896482790016429e-06,16.62465268685824,7,VB,VBN,entic,0,1,5.954196310386875,6.484498606419895e-05,5.954196310386875,0.016129032258064516,5.954196310386875,0.09603542436107862
endless,1,9.896482790016429e-06,16.62465268685824,7,VB,VB,endless,0,1,5.954196310386875,6.484498606419895e-05,5.954196310386875,0.016129032258064516,5.954196310386875,0.09603542436107862
breadcrumbs,1,9.896482790016429e-06,16.62465268685824,11,NN,NN,breadcrumb,0,1,5.954196310386875,6.484498606419895e-05,5.954196310386875,0.016129032258064516,5.954196310386875,0.09603542436107862
forsaken,1,9.896482790016429e-06,16.62465268685824,8,JJ,JJ,forsaken,0,1,5.954196310386875,4.0831387908621866e-05,5.954196310386875,0.016129032258064516,5.954196310386875,0.09603542436107862
forlorn,1,9.896482790016429e-06,16.62465268685824,7,JJ,JJ,forlorn,0,1,5.954196310386875,4.0831387908621866e-05,5.954196310386875,0.016129032258064516,5.954196310386875,0.09603542436107862
manyleague,1,9.896482790016429e-06,16.62465268685824,10,JJ,JJ,manyleagu,0,1,5.954196310386875,6.484498606419895e-05,5.954196310386875,0.016129032258064516,5.954196310386875,0.09603542436107862
crows,1,9.896482790016429e-06,16.62465268685824,5,VB,VBZ,crow,0,1,5.954196310386875,4.0831387908621866e-05,5.954196310386875,0.016129032258064516,5.954196310386875,0.09603542436107862
firtrees,1,9.896482790016429e-06,16.62465268685824,8,NN,NNS,firtre,0,1,5.954196310386875,4.0831387908621866e-05,5.954196310386875,0.016129032258064516,5.954196310386875,0.09603542436107862
bathed,1,9.896482790016429e-06,16.62465268685824,6,VB,VBD,bath,0,1,5.954196310386875,6.484498606419895e-05,5.954196310386875,0.016129032258064516,5.954196310386875,0.09603542436107862
warming,1,9.896482790016429e-06,16.62465268685824,7,VB,VBG,warm,0,1,5.954196310386875,6.484498606419895e-05,5.954196310386875,0.016129032258064516,5.954196310386875,0.09603542436107862
sweeping,1,9.896482790016429e-06,16.62465268685824,8,VB,VBG,sweep,0,1,5.954196310386875,6.484498606419895e-05,5.954196310386875,0.016129032258064516,5.954196310386875,0.09603542436107862
pursues,1,9.896482790016429e-06,16.62465268685824,7,VB,VBZ,pursu,0,1,5.954196310386875,6.484498606419895e-05,5.954196310386875,0.016129032258064516,5.954196310386875,0.09603542436107862
nestled,1,9.896482790016429e-06,16.62465268685824,7,VB,VBN,nestl,0,1,5.954196310386875,4.0831387908621866e-05,5.954196310386875,0.016129032258064516,5.954196310386875,0.09603542436107862
woes,1,9.896482790016429e-06,16.62465268685824,4,NN,NNS,woe,0,1,5.954196310386875,4.0831387908621866e-05,5.954196310386875,0.016129032258064516,5.954196310386875,0.09603542436107862
whereon,1,9.896482790016429e-06,16.62465268685824,7,VB,VBZ,whereon,0,1,5.954196310386875,4.0831387908621866e-05,5.954196310386875,0.016129032258064516,5.954196310386875,0.09603542436107862
betrayed,1,9.896482790016429e-06,16.62465268685824,8,VB,VBN,betray,0,1,5.954196310386875,4.0249549187375786e-05,5.954196310386875,0.016129032258064516,5.954196310386875,0.09603542436107862
conscious,1,9.896482790016429e-06,16.62465268685824,9,JJ,JJ,consciou,0,1,5.954196310386875,3.598180006035168e-05,5.954196310386875,0.016129032258064516,5.954196310386875,0.09603542436107862
public,1,9.896482790016429e-06,16.62465268685824,6,JJ,JJ,public,0,1,5.954196310386875,3.598180006035168e-05,5.954196310386875,0.016129032258064516,5.954196310386875,0.09603542436107862
oaktrees,1,9.896482790016429e-06,16.62465268685824,8,NN,NNS,oaktre,0,1,5.954196310386875,3.598180006035168e-05,5.954196310386875,0.016129032258064516,5.954196310386875,0.09603542436107862
nuttrees,1,9.896482790016429e-06,16.62465268685824,8,NN,NNS,nuttre,0,1,5.954196310386875,3.598180006035168e-05,5.954196310386875,0.016129032258064516,5.954196310386875,0.09603542436107862
welldeserved,1,9.896482790016429e-06,16.62465268685824,12,JJ,JJ,welldeserv,0,1,5.954196310386875,3.9439599326931677e-05,5.954196310386875,0.016129032258064516,5.954196310386875,0.09603542436107862
act,1,9.896482790016429e-06,16.62465268685824,3,VB,VB,act,0,1,5.954196310386875,3.598180006035168e-05,5.954196310386875,0.016129032258064516,5.954196310386875,0.09603542436107862
savage,1,9.896482790016429e-06,16.62465268685824,6,NN,NN,savag,0,1,5.954196310386875,3.9439599326931677e-05,5.954196310386875,0.016129032258064516,5.954196310386875,0.09603542436107862
craftily,1,9.896482790016429e-06,16.62465268685824,8,RB,RB,craftili,0,1,5.954196310386875,3.598180006035168e-05,5.954196310386875,0.016129032258064516,5.954196310386875,0.09603542436107862
clothed,1,9.896482790016429e-06,16.62465268685824,7,VB,VBD,cloth,0,1,5.954196310386875,3.9439599326931677e-05,5.954196310386875,0.016129032258064516,5.954196310386875,0.09603542436107862
bearskin,1,9.896482790016429e-06,16.62465268685824,8,NN,NN,bearskin,0,1,5.954196310386875,3.9439599326931677e-05,5.954196310386875,0.016129032258064516,5.954196310386875,0.09603542436107862
paw,1,9.896482790016429e-06,16.62465268685824,3,NN,NN,paw,0,1,5.954196310386875,3.9439599326931677e-05,5.954196310386875,0.016129032258064516,5.954196310386875,0.09603542436107862
sweetly,1,9.896482790016429e-06,16.62465268685824,7,RB,RB,sweetli,0,1,5.954196310386875,3.598180006035168e-05,5.954196310386875,0.016129032258064516,5.954196310386875,0.09603542436107862
gravely,1,9.896482790016429e-06,16.62465268685824,7,RB,RB,grave,0,1,5.954196310386875,3.598180006035168e-05,5.954196310386875,0.016129032258064516,5.954196310386875,0.09603542436107862
quails,1,9.896482790016429e-06,16.62465268685824,6,NN,NNS,quail,0,1,5.954196310386875,3.9439599326931677e-05,5.954196310386875,0.016129032258064516,5.954196310386875,0.09603542436107862
morsels,1,9.896482790016429e-06,16.62465268685824,7,NN,NNS,morsel,0,1,5.954196310386875,3.9439599326931677e-05,5.954196310386875,0.016129032258064516,5.954196310386875,0.09603542436107862
sunbeams,1,9.896482790016429e-06,16.62465268685824,8,NN,NNS,sunbeam,0,1,5.954196310386875,3.598180006035168e-05,5.954196310386875,0.016129032258064516,5.954196310386875,0.09603542436107862
slender,1,9.896482790016429e-06,16.62465268685824,7,NN,NN,slender,0,1,5.954196310386875,3.9439599326931677e-05,5.954196310386875,0.016129032258064516,5.954196310386875,0.09603542436107862
cursing,1,9.896482790016429e-06,16.62465268685824,7,VB,VBG,curs,0,1,5.954196310386875,3.9439599326931677e-05,5.954196310386875,0.016129032258064516,5.954196310386875,0.09603542436107862
copperred,1,9.896482790016429e-06,16.62465268685824,9,JJ,JJ,copper,0,1,5.954196310386875,3.9439599326931677e-05,5.954196310386875,0.016129032258064516,5.954196310386875,0.09603542436107862
ashengrey,1,9.896482790016429e-06,16.62465268685824,9,JJ,JJ,ashengrey,0,1,5.954196310386875,3.9439599326931677e-05,5.954196310386875,0.016129032258064516,5.954196310386875,0.09603542436107862
cottagedoor,1,9.896482790016429e-06,16.62465268685824,11,JJ,JJ,cottagedoor,0,1,5.954196310386875,3.598180006035168e-05,5.954196310386875,0.016129032258064516,5.954196310386875,0.09603542436107862
stared,1,9.896482790016429e-06,16.62465268685824,6,VB,VBN,stare,0,1,5.954196310386875,3.9439599326931677e-05,5.954196310386875,0.016129032258064516,5.954196310386875,0.09603542436107862
hug,1,9.896482790016429e-06,16.62465268685824,3,VB,VB,hug,0,1,5.954196310386875,3.598180006035168e-05,5.954196310386875,0.016129032258064516,5.954196310386875,0.09603542436107862
ingratitude,1,9.896482790016429e-06,16.62465268685824,11,NN,NN,ingratitud,0,1,5.954196310386875,3.9439599326931677e-05,5.954196310386875,0.016129032258064516,5.954196310386875,0.09603542436107862
shrill,1,9.896482790016429e-06,16.62465268685824,6,NN,NN,shrill,0,1,5.954196310386875,3.9439599326931677e-05,5.954196310386875,0.016129032258064516,5.954196310386875,0.09603542436107862
recovered,1,9.896482790016429e-06,16.62465268685824,9,VB,VBN,recov,0,1,5.954196310386875,3.9439599326931677e-05,5.954196310386875,0.016129032258064516,5.954196310386875,0.09603542436107862
collapsed,1,9.896482790016429e-06,16.62465268685824,9,VB,VBD,collaps,0,1,5.954196310386875,3.598180006035168e-05,5.954196310386875,0.016129032258064516,5.954196310386875,0.09603542436107862
revived,1,9.896482790016429e-06,16.62465268685824,7,VB,VBD,reviv,0,1,5.954196310386875,3.598180006035168e-05,5.954196310386875,0.016129032258064516,5.954196310386875,0.09603542436107862
divided,1,9.896482790016429e-06,16.62465268685824,7,VB,VBD,divid,0,1,5.954196310386875,3.9439599326931677e-05,5.954196310386875,0.016129032258064516,5.954196310386875,0.09603542436107862
flakes,1,9.896482790016429e-06,16.62465268685824,6,NN,NNS,flake,0,1,5.954196310386875,4.0249549187375786e-05,5.954196310386875,0.016129032258064516,5.954196310386875,0.09603542436107862
knit,1,9.896482790016429e-06,16.62465268685824,4,NN,NN,knit,0,1,5.954196310386875,4.0249549187375786e-05,5.954196310386875,0.016129032258064516,5.954196310386875,0.09603542436107862
bakingday,1,9.896482790016429e-06,16.62465268685824,9,JJ,JJ,bakingday,0,1,5.954196310386875,3.598180006035168e-05,5.954196310386875,0.016129032258064516,5.954196310386875,0.09603542436107862
clung,1,9.896482790016429e-06,16.62465268685824,5,NN,NN,clung,0,1,5.954196310386875,3.598180006035168e-05,5.954196310386875,0.016129032258064516,5.954196310386875,0.09603542436107862
cutting,1,9.896482790016429e-06,16.62465268685824,7,VB,VBG,cut,0,1,5.954196310386875,4.0249549187375786e-05,5.954196310386875,0.016129032258064516,5.954196310386875,0.09603542436107862
handling,1,9.896482790016429e-06,16.62465268685824,8,VB,VBG,handl,0,1,5.954196310386875,4.0249549187375786e-05,5.954196310386875,0.016129032258064516,5.954196310386875,0.09603542436107862
meddling,1,9.896482790016429e-06,16.62465268685824,8,VB,VBG,meddl,0,1,5.954196310386875,4.0249549187375786e-05,5.954196310386875,0.016129032258064516,5.954196310386875,0.09603542436107862
thornbush,1,9.896482790016429e-06,16.62465268685824,9,JJ,JJ,thornbush,0,1,5.954196310386875,3.598180006035168e-05,5.954196310386875,0.016129032258064516,5.954196310386875,0.09603542436107862
appletree,1,9.896482790016429e-06,16.62465268685824,9,JJ,JJ,appletre,0,1,5.954196310386875,3.598180006035168e-05,5.954196310386875,0.016129032258064516,5.954196310386875,0.09603542436107862
forks,1,9.896482790016429e-06,16.62465268685824,5,NN,NNS,fork,0,1,5.954196310386875,4.0249549187375786e-05,5.954196310386875,0.016129032258064516,5.954196310386875,0.09603542436107862
knives,1,9.896482790016429e-06,16.62465268685824,6,NN,NNS,knive,0,1,5.954196310386875,4.0249549187375786e-05,5.954196310386875,0.016129032258064516,5.954196310386875,0.09603542436107862
obedient,1,9.896482790016429e-06,16.62465268685824,8,JJ,JJ,obedi,0,1,5.954196310386875,3.598180006035168e-05,5.954196310386875,0.016129032258064516,5.954196310386875,0.09603542436107862
exerted,1,9.896482790016429e-06,16.62465268685824,7,VB,VBD,exert,0,1,5.954196310386875,3.598180006035168e-05,5.954196310386875,0.016129032258064516,5.954196310386875,0.09603542436107862
spruce,1,9.896482790016429e-06,16.62465268685824,6,JJ,JJ,spruce,0,1,5.954196310386875,4.0249549187375786e-05,5.954196310386875,0.016129032258064516,5.954196310386875,0.09603542436107862
weight,1,9.896482790016429e-06,16.62465268685824,6,NN,NN,weight,0,1,5.954196310386875,4.0249549187375786e-05,5.954196310386875,0.016129032258064516,5.954196310386875,0.09603542436107862
dawdle,1,9.896482790016429e-06,16.62465268685824,6,VB,VB,dawdl,0,1,5.954196310386875,3.598180006035168e-05,5.954196310386875,0.016129032258064516,5.954196310386875,0.09603542436107862
neglected,1,9.896482790016429e-06,16.62465268685824,9,VB,VBD,neglect,0,1,5.954196310386875,3.598180006035168e-05,5.954196310386875,0.016129032258064516,5.954196310386875,0.09603542436107862
beauteous,1,9.896482790016429e-06,16.62465268685824,9,JJ,JJ,beauteou,0,1,5.954196310386875,4.0249549187375786e-05,5.954196310386875,0.016129032258064516,5.954196310386875,0.09603542436107862
fairer,1,9.896482790016429e-06,16.62465268685824,6,JJ,JJR,fairer,0,1,5.954196310386875,4.0249549187375786e-05,5.954196310386875,0.016129032258064516,5.954196310386875,0.09603542436107862
pouring,1,9.896482790016429e-06,16.62465268685824,7,VB,VBG,pour,0,1,5.954196310386875,3.598180006035168e-05,5.954196310386875,0.016129032258064516,5.954196310386875,0.09603542436107862
services,1,9.896482790016429e-06,16.62465268685824,8,NN,NNS,servic,0,1,5.954196310386875,3.598180006035168e-05,5.954196310386875,0.016129032258064516,5.954196310386875,0.09603542436107862
lookingglass,1,9.896482790016429e-06,16.62465268685824,12,NN,NN,lookingglass,0,1,5.954196310386875,4.0249549187375786e-05,5.954196310386875,0.016129032258064516,5.954196310386875,0.09603542436107862
handsomer,1,9.896482790016429e-06,16.62465268685824,9,JJ,JJR,handsom,0,1,5.954196310386875,4.0249549187375786e-05,5.954196310386875,0.016129032258064516,5.954196310386875,0.09603542436107862
hood,1,9.896482790016429e-06,16.62465268685824,4,NN,NNP,hood,0,1,5.954196310386875,3.598180006035168e-05,5.954196310386875,0.016129032258064516,5.954196310386875,0.09603542436107862
windowframe,1,9.896482790016429e-06,16.62465268685824,11,NN,NN,windowfram,0,1,5.954196310386875,4.0249549187375786e-05,5.954196310386875,0.016129032258064516,5.954196310386875,0.09603542436107862
thoughtfully,1,9.896482790016429e-06,16.62465268685824,12,RB,RB,thought,0,1,5.954196310386875,4.0249549187375786e-05,5.954196310386875,0.016129032258064516,5.954196310386875,0.09603542436107862
velvet,1,9.896482790016429e-06,16.62465268685824,6,NN,NN,velvet,0,1,5.954196310386875,3.598180006035168e-05,5.954196310386875,0.016129032258064516,5.954196310386875,0.09603542436107862
frame,1,9.896482790016429e-06,16.62465268685824,5,NN,NN,frame,0,1,5.954196310386875,4.0249549187375786e-05,5.954196310386875,0.016129032258064516,5.954196310386875,0.09603542436107862
ridiculed,1,9.896482790016429e-06,16.62465268685824,9,JJ,JJ,ridicul,0,1,5.954196310386875,2.9732329523553754e-05,5.954196310386875,0.016129032258064516,5.954196310386875,0.09603542436107862
week,1,9.896482790016429e-06,16.62465268685824,4,NN,NN,week,0,1,5.954196310386875,4.5193140875801705e-05,5.954196310386875,0.016129032258064516,5.954196310386875,0.09603542436107862
mocking,1,9.896482790016429e-06,16.62465268685824,7,VB,VBG,mock,0,1,5.954196310386875,2.9732329523553754e-05,5.954196310386875,0.016129032258064516,5.954196310386875,0.09603542436107862
lighten,1,9.896482790016429e-06,16.62465268685824,7,VB,VB,lighten,0,1,5.954196310386875,3.109955452107468e-05,5.954196310386875,0.016129032258064516,5.954196310386875,0.09603542436107862
managing,1,9.896482790016429e-06,16.62465268685824,8,VB,VBG,manag,0,1,5.954196310386875,4.0384955576567965e-05,5.954196310386875,0.016129032258064516,5.954196310386875,0.09603542436107862
prithee,1,9.896482790016429e-06,16.62465268685824,7,NN,NNP,prithe,0,1,5.954196310386875,3.877086167181212e-05,5.954196310386875,0.016129032258064516,5.954196310386875,0.09603542436107862
roughlooking,1,9.896482790016429e-06,16.62465268685824,12,JJ,JJ,roughlook,0,1,5.954196310386875,3.877086167181212e-05,5.954196310386875,0.016129032258064516,5.954196310386875,0.09603542436107862
study,1,9.896482790016429e-06,16.62465268685824,5,NN,NN,studi,0,1,5.954196310386875,3.877086167181212e-05,5.954196310386875,0.016129032258064516,5.954196310386875,0.09603542436107862
kick,1,9.896482790016429e-06,16.62465268685824,4,NN,NN,kick,0,1,5.954196310386875,4.0384955576567965e-05,5.954196310386875,0.016129032258064516,5.954196310386875,0.09603542436107862
gains,1,9.896482790016429e-06,16.62465268685824,5,NN,NNS,gain,0,1,5.954196310386875,3.877086167181212e-05,5.954196310386875,0.016129032258064516,5.954196310386875,0.09603542436107862
embarked,1,9.896482790016429e-06,16.62465268685824,8,VB,VBN,embark,0,1,5.954196310386875,3.877086167181212e-05,5.954196310386875,0.016129032258064516,5.954196310386875,0.09603542436107862
seas,1,9.896482790016429e-06,16.62465268685824,4,NN,NNS,sea,0,1,5.954196310386875,3.877086167181212e-05,5.954196310386875,0.016129032258064516,5.954196310386875,0.09603542436107862
laden,1,9.896482790016429e-06,16.62465268685824,5,JJ,JJ,laden,0,1,5.954196310386875,3.877086167181212e-05,5.954196310386875,0.016129032258064516,5.954196310386875,0.09603542436107862
barely,1,9.896482790016429e-06,16.62465268685824,6,RB,RB,bare,0,1,5.954196310386875,3.877086167181212e-05,5.954196310386875,0.016129032258064516,5.954196310386875,0.09603542436107862
dinners,1,9.896482790016429e-06,16.62465268685824,7,NN,NNS,dinner,0,1,5.954196310386875,3.109955452107468e-05,5.954196310386875,0.016129032258064516,5.954196310386875,0.09603542436107862
flame,1,9.896482790016429e-06,16.62465268685824,5,NN,NN,flame,0,1,5.954196310386875,3.109955452107468e-05,5.954196310386875,0.016129032258064516,5.954196310386875,0.09603542436107862
sobbed,1,9.896482790016429e-06,16.62465268685824,6,VB,VBD,sob,0,1,5.954196310386875,3.109955452107468e-05,5.954196310386875,0.016129032258064516,5.954196310386875,0.09603542436107862
tease,1,9.896482790016429e-06,16.62465268685824,5,VB,VB,teas,0,1,5.954196310386875,4.270138922235599e-05,5.954196310386875,0.016129032258064516,5.954196310386875,0.09603542436107862
spice,1,9.896482790016429e-06,16.62465268685824,5,NN,NN,spice,0,1,5.954196310386875,3.109955452107468e-05,5.954196310386875,0.016129032258064516,5.954196310386875,0.09603542436107862
delicious,1,9.896482790016429e-06,16.62465268685824,9,JJ,JJ,delici,0,1,5.954196310386875,3.109955452107468e-05,5.954196310386875,0.016129032258064516,5.954196310386875,0.09603542436107862
flashing,1,9.896482790016429e-06,16.62465268685824,8,VB,VBG,flash,0,1,5.954196310386875,3.109955452107468e-05,5.954196310386875,0.016129032258064516,5.954196310386875,0.09603542436107862
wet,1,9.896482790016429e-06,16.62465268685824,3,JJ,JJ,wet,0,1,5.954196310386875,3.109955452107468e-05,5.954196310386875,0.016129032258064516,5.954196310386875,0.09603542436107862
veins,1,9.896482790016429e-06,16.62465268685824,5,NN,NNS,vein,0,1,5.954196310386875,3.109955452107468e-05,5.954196310386875,0.016129032258064516,5.954196310386875,0.09603542436107862
uneasiness,1,9.896482790016429e-06,16.62465268685824,10,NN,NN,uneasi,0,1,5.954196310386875,3.109955452107468e-05,5.954196310386875,0.016129032258064516,5.954196310386875,0.09603542436107862
shines,1,9.896482790016429e-06,16.62465268685824,6,NN,NNS,shine,0,1,5.954196310386875,3.109955452107468e-05,5.954196310386875,0.016129032258064516,5.954196310386875,0.09603542436107862
thunderstorm,1,9.896482790016429e-06,16.62465268685824,12,NN,NN,thunderstorm,0,1,5.954196310386875,3.109955452107468e-05,5.954196310386875,0.016129032258064516,5.954196310386875,0.09603542436107862
slaughterhouse,1,9.896482790016429e-06,16.62465268685824,14,NN,NN,slaughterhous,0,1,5.954196310386875,4.0384955576567965e-05,5.954196310386875,0.016129032258064516,5.954196310386875,0.09603542436107862
millers,1,9.896482790016429e-06,16.62465268685824,7,NN,NNS,miller,0,1,5.954196310386875,3.109955452107468e-05,5.954196310386875,0.016129032258064516,5.954196310386875,0.09603542436107862
limetree,1,9.896482790016429e-06,16.62465268685824,8,JJ,JJ,limetre,0,1,5.954196310386875,3.109955452107468e-05,5.954196310386875,0.016129032258064516,5.954196310386875,0.09603542436107862
hate,1,9.896482790016429e-06,16.62465268685824,4,VB,VBP,hate,0,1,5.954196310386875,4.0384955576567965e-05,5.954196310386875,0.016129032258064516,5.954196310386875,0.09603542436107862
signed,1,9.896482790016429e-06,16.62465268685824,6,VB,VBD,sign,0,1,5.954196310386875,3.877086167181212e-05,5.954196310386875,0.016129032258064516,5.954196310386875,0.09603542436107862
sealed,1,9.896482790016429e-06,16.62465268685824,6,VB,VBD,seal,0,1,5.954196310386875,3.877086167181212e-05,5.954196310386875,0.016129032258064516,5.954196310386875,0.09603542436107862
utterly,1,9.896482790016429e-06,16.62465268685824,7,JJ,JJ,utterli,0,1,5.954196310386875,4.0384955576567965e-05,5.954196310386875,0.016129032258064516,5.954196310386875,0.09603542436107862
bearer,1,9.896482790016429e-06,16.62465268685824,6,NN,NN,bearer,0,1,5.954196310386875,3.877086167181212e-05,5.954196310386875,0.016129032258064516,5.954196310386875,0.09603542436107862
borrowed,1,9.896482790016429e-06,16.62465268685824,8,VB,VBD,borrow,0,1,5.954196310386875,3.877086167181212e-05,5.954196310386875,0.016129032258064516,5.954196310386875,0.09603542436107862
neighbouring,1,9.896482790016429e-06,16.62465268685824,12,NN,NN,neighbour,0,1,5.954196310386875,3.877086167181212e-05,5.954196310386875,0.016129032258064516,5.954196310386875,0.09603542436107862
clad,1,9.896482790016429e-06,16.62465268685824,4,JJ,JJ,clad,0,1,5.954196310386875,3.877086167181212e-05,5.954196310386875,0.016129032258064516,5.954196310386875,0.09603542436107862
strangely,1,9.896482790016429e-06,16.62465268685824,9,RB,RB,strang,0,1,5.954196310386875,3.877086167181212e-05,5.954196310386875,0.016129032258064516,5.954196310386875,0.09603542436107862
smells,1,9.896482790016429e-06,16.62465268685824,6,NN,NNS,smell,0,1,5.954196310386875,4.0384955576567965e-05,5.954196310386875,0.016129032258064516,5.954196310386875,0.09603542436107862
wishingring,1,9.896482790016429e-06,16.62465268685824,11,NN,NN,wishingr,0,1,5.954196310386875,3.877086167181212e-05,5.954196310386875,0.016129032258064516,5.954196310386875,0.09603542436107862
crowned,1,9.896482790016429e-06,16.62465268685824,7,VB,VBN,crown,0,1,5.954196310386875,3.877086167181212e-05,5.954196310386875,0.016129032258064516,5.954196310386875,0.09603542436107862
twentyfour,1,9.896482790016429e-06,16.62465268685824,10,NN,NN,twentyfour,0,1,5.954196310386875,3.877086167181212e-05,5.954196310386875,0.016129032258064516,5.954196310386875,0.09603542436107862
torment,1,9.896482790016429e-06,16.62465268685824,7,NN,NN,torment,0,1,5.954196310386875,3.877086167181212e-05,5.954196310386875,0.016129032258064516,5.954196310386875,0.09603542436107862
prick,1,9.896482790016429e-06,16.62465268685824,5,NN,NN,prick,0,1,5.954196310386875,3.877086167181212e-05,5.954196310386875,0.016129032258064516,5.954196310386875,0.09603542436107862
pinch,1,9.896482790016429e-06,16.62465268685824,5,NN,NN,pinch,0,1,5.954196310386875,3.877086167181212e-05,5.954196310386875,0.016129032258064516,5.954196310386875,0.09603542436107862
faces,1,9.896482790016429e-06,16.62465268685824,5,VB,VBZ,face,0,1,5.954196310386875,3.877086167181212e-05,5.954196310386875,0.016129032258064516,5.954196310386875,0.09603542436107862
coiled,1,9.896482790016429e-06,16.62465268685824,6,VB,VBN,coil,0,1,5.954196310386875,3.877086167181212e-05,5.954196310386875,0.016129032258064516,5.954196310386875,0.09603542436107862
ashore,1,9.896482790016429e-06,16.62465268685824,6,RB,RB,ashor,0,1,5.954196310386875,3.877086167181212e-05,5.954196310386875,0.016129032258064516,5.954196310386875,0.09603542436107862
sink,1,9.896482790016429e-06,16.62465268685824,4,VB,VB,sink,0,1,5.954196310386875,3.877086167181212e-05,5.954196310386875,0.016129032258064516,5.954196310386875,0.09603542436107862
wiped,1,9.896482790016429e-06,16.62465268685824,5,VB,VBD,wipe,0,1,5.954196310386875,4.0384955576567965e-05,5.954196310386875,0.016129032258064516,5.954196310386875,0.09603542436107862
humpbacked,1,9.896482790016429e-06,16.62465268685824,10,JJ,JJ,humpback,0,1,5.954196310386875,3.877086167181212e-05,5.954196310386875,0.016129032258064516,5.954196310386875,0.09603542436107862
terms,1,9.896482790016429e-06,16.62465268685824,5,NN,NNS,term,0,1,5.954196310386875,3.877086167181212e-05,5.954196310386875,0.016129032258064516,5.954196310386875,0.09603542436107862
grinned,1,9.896482790016429e-06,16.62465268685824,7,VB,VBD,grin,0,1,5.954196310386875,3.877086167181212e-05,5.954196310386875,0.016129032258064516,5.954196310386875,0.09603542436107862
halted,1,9.896482790016429e-06,16.62465268685824,6,VB,VBD,halt,0,1,5.954196310386875,4.0384955576567965e-05,5.954196310386875,0.016129032258064516,5.954196310386875,0.09603542436107862
uglylooking,1,9.896482790016429e-06,16.62465268685824,11,JJ,JJ,uglylook,0,1,5.954196310386875,3.877086167181212e-05,5.954196310386875,0.016129032258064516,5.954196310386875,0.09603542436107862
parched,1,9.896482790016429e-06,16.62465268685824,7,VB,VBD,parch,0,1,5.954196310386875,4.0384955576567965e-05,5.954196310386875,0.016129032258064516,5.954196310386875,0.09603542436107862
clave,1,9.896482790016429e-06,16.62465268685824,5,NN,NN,clave,0,1,5.954196310386875,4.0384955576567965e-05,5.954196310386875,0.016129032258064516,5.954196310386875,0.09603542436107862
stump,1,9.896482790016429e-06,16.62465268685824,5,NN,NN,stump,0,1,5.954196310386875,4.0384955576567965e-05,5.954196310386875,0.016129032258064516,5.954196310386875,0.09603542436107862
lumberroom,1,9.896482790016429e-06,16.62465268685824,10,NN,NN,lumberroom,0,1,5.954196310386875,3.877086167181212e-05,5.954196310386875,0.016129032258064516,5.954196310386875,0.09603542436107862
cowbeef,1,9.896482790016429e-06,16.62465268685824,7,JJ,JJ,cowbeef,0,1,5.954196310386875,4.0384955576567965e-05,5.954196310386875,0.016129032258064516,5.954196310386875,0.09603542436107862
hewing,1,9.896482790016429e-06,16.62465268685824,6,VB,VBG,hew,0,1,5.954196310386875,3.109955452107468e-05,5.954196310386875,0.016129032258064516,5.954196310386875,0.09603542436107862
neighbourly,1,9.896482790016429e-06,16.62465268685824,11,JJ,JJ,neighbourli,0,1,5.954196310386875,4.0384955576567965e-05,5.954196310386875,0.016129032258064516,5.954196310386875,0.09603542436107862
cuffings,1,9.896482790016429e-06,16.62465268685824,8,NN,NNS,cuf,0,1,5.954196310386875,3.109955452107468e-05,5.954196310386875,0.016129032258064516,5.954196310386875,0.09603542436107862
blythe,1,9.896482790016429e-06,16.62465268685824,6,RB,RB,blyth,0,1,5.954196310386875,4.0384955576567965e-05,5.954196310386875,0.016129032258064516,5.954196310386875,0.09603542436107862
thriven,1,9.896482790016429e-06,16.62465268685824,7,VB,VBN,thriven,0,1,5.954196310386875,4.0384955576567965e-05,5.954196310386875,0.016129032258064516,5.954196310386875,0.09603542436107862
leaped,1,9.896482790016429e-06,16.62465268685824,6,VB,VBD,leap,0,1,5.954196310386875,3.109955452107468e-05,5.954196310386875,0.016129032258064516,5.954196310386875,0.09603542436107862
blossoms,1,9.896482790016429e-06,16.62465268685824,8,NN,NNS,blossom,0,1,5.954196310386875,3.109955452107468e-05,5.954196310386875,0.016129032258064516,5.954196310386875,0.09603542436107862
intertwined,1,9.896482790016429e-06,16.62465268685824,11,VB,VBN,intertwin,0,1,5.954196310386875,3.109955452107468e-05,5.954196310386875,0.016129032258064516,5.954196310386875,0.09603542436107862
thickly,1,9.896482790016429e-06,16.62465268685824,7,RB,RB,thickli,0,1,5.954196310386875,3.109955452107468e-05,5.954196310386875,0.016129032258064516,5.954196310386875,0.09603542436107862
budded,1,9.896482790016429e-06,16.62465268685824,6,VB,VBN,bud,0,1,5.954196310386875,3.109955452107468e-05,5.954196310386875,0.016129032258064516,5.954196310386875,0.09603542436107862
hitherto,1,9.896482790016429e-06,16.62465268685824,8,NN,NN,hitherto,0,1,5.954196310386875,4.0384955576567965e-05,5.954196310386875,0.016129032258064516,5.954196310386875,0.09603542436107862
grindstone,1,9.896482790016429e-06,16.62465268685824,10,NN,NN,grindston,0,1,5.954196310386875,4.0384955576567965e-05,5.954196310386875,0.016129032258064516,5.954196310386875,0.09603542436107862
peeling,1,9.896482790016429e-06,16.62465268685824,7,VB,VBG,peel,0,1,5.954196310386875,3.109955452107468e-05,5.954196310386875,0.016129032258064516,5.954196310386875,0.09603542436107862
peel,1,9.896482790016429e-06,16.62465268685824,4,VB,VB,peel,0,1,5.954196310386875,3.109955452107468e-05,5.954196310386875,0.016129032258064516,5.954196310386875,0.09603542436107862
happiest,1,9.896482790016429e-06,16.62465268685824,8,JJ,JJS,happiest,0,1,5.954196310386875,4.0384955576567965e-05,5.954196310386875,0.016129032258064516,5.954196310386875,0.09603542436107862
childless,1,9.896482790016429e-06,16.62465268685824,9,NN,NN,childless,0,1,5.954196310386875,3.109955452107468e-05,5.954196310386875,0.016129032258064516,5.954196310386875,0.09603542436107862
restored,1,9.896482790016429e-06,16.62465268685824,8,VB,VBD,restor,0,1,5.954196310386875,4.270138922235599e-05,5.954196310386875,0.016129032258064516,5.954196310386875,0.09603542436107862
thyself,1,9.896482790016429e-06,16.62465268685824,7,PR,PRP,thyself,0,1,5.954196310386875,4.270138922235599e-05,5.954196310386875,0.016129032258064516,5.954196310386875,0.09603542436107862
sinking,1,9.896482790016429e-06,16.62465268685824,7,VB,VBG,sink,0,1,5.954196310386875,4.0384955576567965e-05,5.954196310386875,0.016129032258064516,5.954196310386875,0.09603542436107862
patient,1,9.896482790016429e-06,16.62465268685824,7,JJ,JJ,patient,0,1,5.954196310386875,4.270138922235599e-05,5.954196310386875,0.016129032258064516,5.954196310386875,0.09603542436107862
woodcutter,1,9.896482790016429e-06,16.62465268685824,10,NN,NN,woodcutt,0,1,5.954196310386875,3.2620728383518555e-05,5.954196310386875,0.016129032258064516,5.954196310386875,0.09603542436107862
gale,1,9.896482790016429e-06,16.62465268685824,4,NN,NN,gale,0,1,5.954196310386875,4.270138922235599e-05,5.954196310386875,0.016129032258064516,5.954196310386875,0.09603542436107862
blown,1,9.896482790016429e-06,16.62465268685824,5,VB,VBN,blown,0,1,5.954196310386875,4.270138922235599e-05,5.954196310386875,0.016129032258064516,5.954196310386875,0.09603542436107862
fed,1,9.896482790016429e-06,16.62465268685824,3,NN,NN,fed,0,1,5.954196310386875,4.270138922235599e-05,5.954196310386875,0.016129032258064516,5.954196310386875,0.09603542436107862
answers,1,9.896482790016429e-06,16.62465268685824,7,NN,NNS,answer,0,1,5.954196310386875,4.270138922235599e-05,5.954196310386875,0.016129032258064516,5.954196310386875,0.09603542436107862
groaned,1,9.896482790016429e-06,16.62465268685824,7,VB,VBD,groan,0,1,5.954196310386875,3.2620728383518555e-05,5.954196310386875,0.016129032258064516,5.954196310386875,0.09603542436107862
talks,1,9.896482790016429e-06,16.62465268685824,5,NN,NNS,talk,0,1,5.954196310386875,4.270138922235599e-05,5.954196310386875,0.016129032258064516,5.954196310386875,0.09603542436107862
thickest,1,9.896482790016429e-06,16.62465268685824,8,NN,NN,thickest,0,1,5.954196310386875,3.2620728383518555e-05,5.954196310386875,0.016129032258064516,5.954196310386875,0.09603542436107862
degrees,1,9.896482790016429e-06,16.62465268685824,7,NN,NNS,degre,0,1,5.954196310386875,3.109955452107468e-05,5.954196310386875,0.016129032258064516,5.954196310386875,0.09603542436107862
buffetings,1,9.896482790016429e-06,16.62465268685824,10,NN,NNS,buffet,0,1,5.954196310386875,3.109955452107468e-05,5.954196310386875,0.016129032258064516,5.954196310386875,0.09603542436107862
selfdenial,1,9.896482790016429e-06,16.62465268685824,10,JJ,JJ,selfdeni,0,1,5.954196310386875,4.0384955576567965e-05,5.954196310386875,0.016129032258064516,5.954196310386875,0.09603542436107862
storeroom,1,9.896482790016429e-06,16.62465268685824,9,NN,NN,storeroom,0,1,5.954196310386875,3.109955452107468e-05,5.954196310386875,0.016129032258064516,5.954196310386875,0.09603542436107862
garret,1,9.896482790016429e-06,16.62465268685824,6,NN,NN,garret,0,1,5.954196310386875,3.109955452107468e-05,5.954196310386875,0.016129032258064516,5.954196310386875,0.09603542436107862
burnished,1,9.896482790016429e-06,16.62465268685824,9,VB,VBN,burnish,0,1,5.954196310386875,3.109955452107468e-05,5.954196310386875,0.016129032258064516,5.954196310386875,0.09603542436107862
boys,1,9.896482790016429e-06,16.62465268685824,4,NN,NNS,boy,0,1,5.954196310386875,3.109955452107468e-05,5.954196310386875,0.016129032258064516,5.954196310386875,0.09603542436107862
apprentices,1,9.896482790016429e-06,16.62465268685824,11,NN,NNS,apprentic,0,1,5.954196310386875,3.109955452107468e-05,5.954196310386875,0.016129032258064516,5.954196310386875,0.09603542436107862
repaid,1,9.896482790016429e-06,16.62465268685824,6,VB,VBN,repaid,0,1,5.954196310386875,4.0384955576567965e-05,5.954196310386875,0.016129032258064516,5.954196310386875,0.09603542436107862
shirtsleeves,1,9.896482790016429e-06,16.62465268685824,12,NN,NNS,shirtsleev,0,1,5.954196310386875,3.109955452107468e-05,5.954196310386875,0.016129032258064516,5.954196310386875,0.09603542436107862
pincers,1,9.896482790016429e-06,16.62465268685824,7,NN,NNS,pincer,0,1,5.954196310386875,3.109955452107468e-05,5.954196310386875,0.016129032258064516,5.954196310386875,0.09603542436107862
sock,1,9.896482790016429e-06,16.62465268685824,4,NN,NN,sock,0,1,5.954196310386875,3.109955452107468e-05,5.954196310386875,0.016129032258064516,5.954196310386875,0.09603542436107862
smiling,1,9.896482790016429e-06,16.62465268685824,7,VB,VBG,smile,0,1,5.954196310386875,4.0384955576567965e-05,5.954196310386875,0.016129032258064516,5.954196310386875,0.09603542436107862
roasts,1,9.896482790016429e-06,16.62465268685824,6,NN,NNS,roast,0,1,5.954196310386875,4.0384955576567965e-05,5.954196310386875,0.016129032258064516,5.954196310386875,0.09603542436107862
cheerfully,1,9.896482790016429e-06,16.62465268685824,10,RB,RB,cheer,0,1,5.954196310386875,3.109955452107468e-05,5.954196310386875,0.016129032258064516,5.954196310386875,0.09603542436107862
trifle,1,9.896482790016429e-06,16.62465268685824,6,NN,NN,trifl,0,1,5.954196310386875,4.0384955576567965e-05,5.954196310386875,0.016129032258064516,5.954196310386875,0.09603542436107862
clapping,1,9.896482790016429e-06,16.62465268685824,8,VB,VBG,clap,0,1,5.954196310386875,3.109955452107468e-05,5.954196310386875,0.016129032258064516,5.954196310386875,0.09603542436107862
sty,1,9.896482790016429e-06,16.62465268685824,3,NN,NN,sti,0,1,5.954196310386875,4.0384955576567965e-05,5.954196310386875,0.016129032258064516,5.954196310386875,0.09603542436107862
sadness,1,9.896482790016429e-06,16.62465268685824,7,NN,NN,sad,0,1,5.954196310386875,3.109955452107468e-05,5.954196310386875,0.016129032258064516,5.954196310386875,0.09603542436107862
uncle,1,9.896482790016429e-06,16.62465268685824,5,NN,NN,uncl,0,1,5.954196310386875,3.109955452107468e-05,5.954196310386875,0.016129032258064516,5.954196310386875,0.09603542436107862
ceasing,1,9.896482790016429e-06,16.62465268685824,7,VB,VBG,ceas,0,1,5.954196310386875,3.109955452107468e-05,5.954196310386875,0.016129032258064516,5.954196310386875,0.09603542436107862
horsepond,1,9.896482790016429e-06,16.62465268685824,9,NN,NN,horsepond,0,1,5.954196310386875,4.0384955576567965e-05,5.954196310386875,0.016129032258064516,5.954196310386875,0.09603542436107862
bred,1,9.896482790016429e-06,16.62465268685824,4,VB,VBN,bred,0,1,5.954196310386875,4.0384955576567965e-05,5.954196310386875,0.016129032258064516,5.954196310386875,0.09603542436107862
aught,1,9.896482790016429e-06,16.62465268685824,5,NN,NN,aught,0,1,5.954196310386875,4.0384955576567965e-05,5.954196310386875,0.016129032258064516,5.954196310386875,0.09603542436107862
chap,1,9.896482790016429e-06,16.62465268685824,4,NN,NN,chap,0,1,5.954196310386875,4.0384955576567965e-05,5.954196310386875,0.016129032258064516,5.954196310386875,0.09603542436107862
goosegrease,1,9.896482790016429e-06,16.62465268685824,11,NN,NN,goosegreas,0,1,5.954196310386875,4.0384955576567965e-05,5.954196310386875,0.016129032258064516,5.954196310386875,0.09603542436107862
rocking,1,9.896482790016429e-06,16.62465268685824,7,VB,VBG,rock,0,1,5.954196310386875,4.0384955576567965e-05,5.954196310386875,0.016129032258064516,5.954196310386875,0.09603542436107862
scissorgrinder,1,9.896482790016429e-06,16.62465268685824,14,NN,NN,scissorgrind,0,1,5.954196310386875,4.0384955576567965e-05,5.954196310386875,0.016129032258064516,5.954196310386875,0.09603542436107862
roam,1,9.896482790016429e-06,16.62465268685824,4,VB,VBP,roam,0,1,5.954196310386875,4.0384955576567965e-05,5.954196310386875,0.016129032258064516,5.954196310386875,0.09603542436107862
puddle,1,9.896482790016429e-06,16.62465268685824,6,NN,NN,puddl,0,1,5.954196310386875,4.0384955576567965e-05,5.954196310386875,0.016129032258064516,5.954196310386875,0.09603542436107862
raspberry,1,9.896482790016429e-06,16.62465268685824,9,NN,NN,raspberri,0,1,5.954196310386875,3.877086167181212e-05,5.954196310386875,0.016129032258064516,5.954196310386875,0.09603542436107862
travels,1,9.896482790016429e-06,16.62465268685824,7,VB,VBZ,travel,0,1,5.954196310386875,3.877086167181212e-05,5.954196310386875,0.016129032258064516,5.954196310386875,0.09603542436107862
officers,1,9.896482790016429e-06,16.62465268685824,8,NN,NNS,offic,0,1,5.954196310386875,8.152412933877642e-05,5.954196310386875,0.016129032258064516,5.954196310386875,0.09603542436107862
ponder,1,9.896482790016429e-06,16.62465268685824,6,VB,VB,ponder,0,1,5.954196310386875,8.152412933877642e-05,5.954196310386875,0.016129032258064516,5.954196310386875,0.09603542436107862
plight,1,9.896482790016429e-06,16.62465268685824,6,NN,NN,plight,0,1,5.954196310386875,8.152412933877642e-05,5.954196310386875,0.016129032258064516,5.954196310386875,0.09603542436107862
halfnaked,1,9.896482790016429e-06,16.62465268685824,9,JJ,JJ,halfnak,0,1,5.954196310386875,8.152412933877642e-05,5.954196310386875,0.016129032258064516,5.954196310386875,0.09603542436107862
cheating,1,9.896482790016429e-06,16.62465268685824,8,VB,VBG,cheat,0,1,5.954196310386875,8.152412933877642e-05,5.954196310386875,0.016129032258064516,5.954196310386875,0.09603542436107862
gained,1,9.896482790016429e-06,16.62465268685824,6,VB,VBN,gain,0,1,5.954196310386875,8.152412933877642e-05,5.954196310386875,0.016129032258064516,5.954196310386875,0.09603542436107862
hailing,1,9.896482790016429e-06,16.62465268685824,7,VB,VBG,hail,0,1,5.954196310386875,5.0096726322941376e-05,5.954196310386875,0.016129032258064516,5.954196310386875,0.09603542436107862
dew,1,9.896482790016429e-06,16.62465268685824,3,NN,NN,dew,0,1,5.954196310386875,5.0096726322941376e-05,5.954196310386875,0.016129032258064516,5.954196310386875,0.09603542436107862
shaved,1,9.896482790016429e-06,16.62465268685824,6,VB,VBD,shave,0,1,5.954196310386875,8.152412933877642e-05,5.954196310386875,0.016129032258064516,5.954196310386875,0.09603542436107862
topmost,1,9.896482790016429e-06,16.62465268685824,7,NN,NN,topmost,0,1,5.954196310386875,8.152412933877642e-05,5.954196310386875,0.016129032258064516,5.954196310386875,0.09603542436107862
pails,1,9.896482790016429e-06,16.62465268685824,5,NN,NNS,pail,0,1,5.954196310386875,0.00010227414734939152,5.954196310386875,0.016129032258064516,5.954196310386875,0.09603542436107862
hears,1,9.896482790016429e-06,16.62465268685824,5,NN,NNS,hear,0,1,5.954196310386875,8.152412933877642e-05,5.954196310386875,0.016129032258064516,5.954196310386875,0.09603542436107862
secondly,1,9.896482790016429e-06,16.62465268685824,8,RB,RB,secondli,0,1,5.954196310386875,8.152412933877642e-05,5.954196310386875,0.016129032258064516,5.954196310386875,0.09603542436107862
earnings,1,9.896482790016429e-06,16.62465268685824,8,NN,NNS,earn,0,1,5.954196310386875,8.152412933877642e-05,5.954196310386875,0.016129032258064516,5.954196310386875,0.09603542436107862
downhearted,1,9.896482790016429e-06,16.62465268685824,11,JJ,JJ,downheart,0,1,5.954196310386875,8.152412933877642e-05,5.954196310386875,0.016129032258064516,5.954196310386875,0.09603542436107862
simplehearted,1,9.896482790016429e-06,16.62465268685824,13,JJ,JJ,simpleheart,0,1,5.954196310386875,8.152412933877642e-05,5.954196310386875,0.016129032258064516,5.954196310386875,0.09603542436107862
diligent,1,9.896482790016429e-06,16.62465268685824,8,NN,NN,dilig,0,1,5.954196310386875,8.152412933877642e-05,5.954196310386875,0.016129032258064516,5.954196310386875,0.09603542436107862
simpletons,1,9.896482790016429e-06,16.62465268685824,10,NN,NNS,simpleton,0,1,5.954196310386875,0.00010227414734939152,5.954196310386875,0.016129032258064516,5.954196310386875,0.09603542436107862
plunged,1,9.896482790016429e-06,16.62465268685824,7,VB,VBD,plung,0,1,5.954196310386875,4.6170877096672425e-05,5.954196310386875,0.016129032258064516,5.954196310386875,0.09603542436107862
sounded,1,9.896482790016429e-06,16.62465268685824,7,VB,VBD,sound,0,1,5.954196310386875,4.6170877096672425e-05,5.954196310386875,0.016129032258064516,5.954196310386875,0.09603542436107862
splash,1,9.896482790016429e-06,16.62465268685824,6,NN,NN,splash,0,1,5.954196310386875,4.6170877096672425e-05,5.954196310386875,0.016129032258064516,5.954196310386875,0.09603542436107862
pursuit,1,9.896482790016429e-06,16.62465268685824,7,NN,NN,pursuit,0,1,5.954196310386875,0.00010227414734939152,5.954196310386875,0.016129032258064516,5.954196310386875,0.09603542436107862
whereupon,1,9.896482790016429e-06,16.62465268685824,9,IN,IN,whereupon,0,1,5.954196310386875,4.6170877096672425e-05,5.954196310386875,0.016129032258064516,5.954196310386875,0.09603542436107862
reflected,1,9.896482790016429e-06,16.62465268685824,9,VB,VBN,reflect,0,1,5.954196310386875,4.6170877096672425e-05,5.954196310386875,0.016129032258064516,5.954196310386875,0.09603542436107862
fleecy,1,9.896482790016429e-06,16.62465268685824,6,NN,NN,fleeci,0,1,5.954196310386875,4.6170877096672425e-05,5.954196310386875,0.016129032258064516,5.954196310386875,0.09603542436107862
apiece,1,9.896482790016429e-06,16.62465268685824,6,NN,NN,apiec,0,1,5.954196310386875,4.6170877096672425e-05,5.954196310386875,0.016129032258064516,5.954196310386875,0.09603542436107862
firapples,1,9.896482790016429e-06,16.62465268685824,9,NN,NNS,firappl,0,1,5.954196310386875,5.0096726322941376e-05,5.954196310386875,0.016129032258064516,5.954196310386875,0.09603542436107862
ordering,1,9.896482790016429e-06,16.62465268685824,8,VB,VBG,order,0,1,5.954196310386875,8.152412933877642e-05,5.954196310386875,0.016129032258064516,5.954196310386875,0.09603542436107862
entering,1,9.896482790016429e-06,16.62465268685824,8,VB,VBG,enter,0,1,5.954196310386875,4.6170877096672425e-05,5.954196310386875,0.016129032258064516,5.954196310386875,0.09603542436107862
shakes,1,9.896482790016429e-06,16.62465268685824,6,VB,VBZ,shake,0,1,5.954196310386875,5.0096726322941376e-05,5.954196310386875,0.016129032258064516,5.954196310386875,0.09603542436107862
buttered,1,9.896482790016429e-06,16.62465268685824,8,VB,VBN,butter,0,1,5.954196310386875,0.00013622046008663637,5.954196310386875,0.016129032258064516,5.954196310386875,0.09603542436107862
bolted,1,9.896482790016429e-06,16.62465268685824,6,VB,VBD,bolt,0,1,5.954196310386875,5.0096726322941376e-05,5.954196310386875,0.016129032258064516,5.954196310386875,0.09603542436107862
arrangements,1,9.896482790016429e-06,16.62465268685824,12,NN,NNS,arrang,0,1,5.954196310386875,0.00013622046008663637,5.954196310386875,0.016129032258064516,5.954196310386875,0.09603542436107862
excellence,1,9.896482790016429e-06,16.62465268685824,10,NN,NN,excel,0,1,5.954196310386875,0.00013622046008663637,5.954196310386875,0.016129032258064516,5.954196310386875,0.09603542436107862
expatiated,1,9.896482790016429e-06,16.62465268685824,10,VB,VBD,expati,0,1,5.954196310386875,0.00013622046008663637,5.954196310386875,0.016129032258064516,5.954196310386875,0.09603542436107862
boastfully,1,9.896482790016429e-06,16.62465268685824,10,RB,RB,boast,0,1,5.954196310386875,0.00013622046008663637,5.954196310386875,0.016129032258064516,5.954196310386875,0.09603542436107862
hinges,1,9.896482790016429e-06,16.62465268685824,6,NN,NNS,hing,0,1,5.954196310386875,5.0096726322941376e-05,5.954196310386875,0.016129032258064516,5.954196310386875,0.09603542436107862
duty,1,9.896482790016429e-06,16.62465268685824,4,NN,NN,duti,0,1,5.954196310386875,0.00013622046008663637,5.954196310386875,0.016129032258064516,5.954196310386875,0.09603542436107862
stores,1,9.896482790016429e-06,16.62465268685824,6,NN,NNS,store,0,1,5.954196310386875,0.00013622046008663637,5.954196310386875,0.016129032258064516,5.954196310386875,0.09603542436107862
considerably,1,9.896482790016429e-06,16.62465268685824,12,RB,RB,consider,0,1,5.954196310386875,0.00013622046008663637,5.954196310386875,0.016129032258064516,5.954196310386875,0.09603542436107862
prospered,1,9.896482790016429e-06,16.62465268685824,9,VB,VBD,prosper,0,1,5.954196310386875,0.00013622046008663637,5.954196310386875,0.016129032258064516,5.954196310386875,0.09603542436107862
partnership,1,9.896482790016429e-06,16.62465268685824,11,NN,NN,partnership,0,1,5.954196310386875,0.00013622046008663637,5.954196310386875,0.016129032258064516,5.954196310386875,0.09603542436107862
fasten,1,9.896482790016429e-06,16.62465268685824,6,VB,VB,fasten,0,1,5.954196310386875,5.0096726322941376e-05,5.954196310386875,0.016129032258064516,5.954196310386875,0.09603542436107862
fairly,1,9.896482790016429e-06,16.62465268685824,6,RB,RB,fairli,0,1,5.954196310386875,8.152412933877642e-05,5.954196310386875,0.016129032258064516,5.954196310386875,0.09603542436107862
earned,1,9.896482790016429e-06,16.62465268685824,6,VB,VBD,earn,0,1,5.954196310386875,8.152412933877642e-05,5.954196310386875,0.016129032258064516,5.954196310386875,0.09603542436107862
acknowledge,1,9.896482790016429e-06,16.62465268685824,11,VB,VBP,acknowledg,0,1,5.954196310386875,8.152412933877642e-05,5.954196310386875,0.016129032258064516,5.954196310386875,0.09603542436107862
amusement,1,9.896482790016429e-06,16.62465268685824,9,NN,NN,amus,0,1,5.954196310386875,8.152412933877642e-05,5.954196310386875,0.016129032258064516,5.954196310386875,0.09603542436107862
vagabond,1,9.896482790016429e-06,16.62465268685824,8,VB,VBP,vagabond,0,1,5.954196310386875,8.152412933877642e-05,5.954196310386875,0.016129032258064516,5.954196310386875,0.09603542436107862
whit,1,9.896482790016429e-06,16.62465268685824,4,NN,NN,whit,0,1,5.954196310386875,8.152412933877642e-05,5.954196310386875,0.016129032258064516,5.954196310386875,0.09603542436107862
hangman,1,9.896482790016429e-06,16.62465268685824,7,NN,NN,hangman,0,1,5.954196310386875,8.152412933877642e-05,5.954196310386875,0.016129032258064516,5.954196310386875,0.09603542436107862
motion,1,9.896482790016429e-06,16.62465268685824,6,NN,NN,motion,0,1,5.954196310386875,8.152412933877642e-05,5.954196310386875,0.016129032258064516,5.954196310386875,0.09603542436107862
jailer,1,9.896482790016429e-06,16.62465268685824,6,NN,NN,jailer,0,1,5.954196310386875,8.152412933877642e-05,5.954196310386875,0.016129032258064516,5.954196310386875,0.09603542436107862
clerks,1,9.896482790016429e-06,16.62465268685824,6,NN,NNS,clerk,0,1,5.954196310386875,8.152412933877642e-05,5.954196310386875,0.016129032258064516,5.954196310386875,0.09603542436107862
class,1,9.896482790016429e-06,16.62465268685824,5,NN,NN,class,0,1,5.954196310386875,5.0096726322941376e-05,5.954196310386875,0.016129032258064516,5.954196310386875,0.09603542436107862
fact,1,9.896482790016429e-06,16.62465268685824,4,NN,NN,fact,0,1,5.954196310386875,8.152412933877642e-05,5.954196310386875,0.016129032258064516,5.954196310386875,0.09603542436107862
feeding,1,9.896482790016429e-06,16.62465268685824,7,VB,VBG,feed,0,1,5.954196310386875,4.6170877096672425e-05,5.954196310386875,0.016129032258064516,5.954196310386875,0.09603542436107862
intend,1,9.896482790016429e-06,16.62465268685824,6,VB,VBP,intend,0,1,5.954196310386875,4.6170877096672425e-05,5.954196310386875,0.016129032258064516,5.954196310386875,0.09603542436107862
sorcerer,1,9.896482790016429e-06,16.62465268685824,8,NN,NN,sorcer,0,1,5.954196310386875,3.877086167181212e-05,5.954196310386875,0.016129032258064516,5.954196310386875,0.09603542436107862
concerned,1,9.896482790016429e-06,16.62465268685824,9,JJ,JJ,concern,0,1,5.954196310386875,4.6170877096672425e-05,5.954196310386875,0.016129032258064516,5.954196310386875,0.09603542436107862
hurts,1,9.896482790016429e-06,16.62465268685824,5,VB,VBZ,hurt,0,1,5.954196310386875,4.0384955576567965e-05,5.954196310386875,0.016129032258064516,5.954196310386875,0.09603542436107862
smack,1,9.896482790016429e-06,16.62465268685824,5,VB,VB,smack,0,1,5.954196310386875,4.0384955576567965e-05,5.954196310386875,0.016129032258064516,5.954196310386875,0.09603542436107862
squared,1,9.896482790016429e-06,16.62465268685824,7,VB,VBD,squar,0,1,5.954196310386875,4.0384955576567965e-05,5.954196310386875,0.016129032258064516,5.954196310386875,0.09603542436107862
proceeds,1,9.896482790016429e-06,16.62465268685824,8,NN,NNS,proce,0,1,5.954196310386875,4.6170877096672425e-05,5.954196310386875,0.016129032258064516,5.954196310386875,0.09603542436107862
elbows,1,9.896482790016429e-06,16.62465268685824,6,NN,NNS,elbow,0,1,5.954196310386875,4.0384955576567965e-05,5.954196310386875,0.016129032258064516,5.954196310386875,0.09603542436107862
carelessness,1,9.896482790016429e-06,16.62465268685824,12,NN,NN,careless,0,1,5.954196310386875,4.6170877096672425e-05,5.954196310386875,0.016129032258064516,5.954196310386875,0.09603542436107862
benjamin,1,9.896482790016429e-06,16.62465268685824,8,NN,NNP,benjamin,0,1,5.954196310386875,8.36545508371765e-05,5.954196310386875,0.016129032258064516,5.954196310386875,0.09603542436107862
pasture,1,9.896482790016429e-06,16.62465268685824,7,NN,NN,pastur,0,1,5.954196310386875,4.6170877096672425e-05,5.954196310386875,0.016129032258064516,5.954196310386875,0.09603542436107862
planed,1,9.896482790016429e-06,16.62465268685824,6,VB,VBD,plane,0,1,5.954196310386875,4.6170877096672425e-05,5.954196310386875,0.016129032258064516,5.954196310386875,0.09603542436107862
paint,1,9.896482790016429e-06,16.62465268685824,5,VB,VB,paint,0,1,5.954196310386875,4.6170877096672425e-05,5.954196310386875,0.016129032258064516,5.954196310386875,0.09603542436107862
fig,1,9.896482790016429e-06,16.62465268685824,3,NN,NN,fig,0,1,5.954196310386875,4.0384955576567965e-05,5.954196310386875,0.016129032258064516,5.954196310386875,0.09603542436107862
neigh,1,9.896482790016429e-06,16.62465268685824,5,JJ,JJ,neigh,0,1,5.954196310386875,4.0384955576567965e-05,5.954196310386875,0.016129032258064516,5.954196310386875,0.09603542436107862
derry,1,9.896482790016429e-06,16.62465268685824,5,NN,NN,derri,0,1,5.954196310386875,4.0384955576567965e-05,5.954196310386875,0.016129032258064516,5.954196310386875,0.09603542436107862
traitors,1,9.896482790016429e-06,16.62465268685824,8,NN,NNS,traitor,0,1,5.954196310386875,3.877086167181212e-05,5.954196310386875,0.016129032258064516,5.954196310386875,0.09603542436107862
smacked,1,9.896482790016429e-06,16.62465268685824,7,VB,VBD,smack,0,1,5.954196310386875,4.0384955576567965e-05,5.954196310386875,0.016129032258064516,5.954196310386875,0.09603542436107862
parley,1,9.896482790016429e-06,16.62465268685824,6,NN,NN,parley,0,1,5.954196310386875,3.877086167181212e-05,5.954196310386875,0.016129032258064516,5.954196310386875,0.09603542436107862
peers,1,9.896482790016429e-06,16.62465268685824,5,NN,NNS,peer,0,1,5.954196310386875,3.877086167181212e-05,5.954196310386875,0.016129032258064516,5.954196310386875,0.09603542436107862
treatment,1,9.896482790016429e-06,16.62465268685824,9,NN,NN,treatment,0,1,5.954196310386875,3.877086167181212e-05,5.954196310386875,0.016129032258064516,5.954196310386875,0.09603542436107862
fickle,1,9.896482790016429e-06,16.62465268685824,6,VB,VB,fickl,0,1,5.954196310386875,3.877086167181212e-05,5.954196310386875,0.016129032258064516,5.954196310386875,0.09603542436107862
remorse,1,9.896482790016429e-06,16.62465268685824,7,NN,NN,remors,0,1,5.954196310386875,3.877086167181212e-05,5.954196310386875,0.016129032258064516,5.954196310386875,0.09603542436107862
charging,1,9.896482790016429e-06,16.62465268685824,8,VB,VBG,charg,0,1,5.954196310386875,3.877086167181212e-05,5.954196310386875,0.016129032258064516,5.954196310386875,0.09603542436107862
owner,1,9.896482790016429e-06,16.62465268685824,5,NN,NN,owner,0,1,5.954196310386875,3.877086167181212e-05,5.954196310386875,0.016129032258064516,5.954196310386875,0.09603542436107862
stumbles,1,9.896482790016429e-06,16.62465268685824,8,VB,VBZ,stumbl,0,1,5.954196310386875,4.0384955576567965e-05,5.954196310386875,0.016129032258064516,5.954196310386875,0.09603542436107862
sharing,1,9.896482790016429e-06,16.62465268685824,7,VB,VBG,share,0,1,5.954196310386875,3.877086167181212e-05,5.954196310386875,0.016129032258064516,5.954196310386875,0.09603542436107862
flings,1,9.896482790016429e-06,16.62465268685824,6,NN,NNS,fling,0,1,5.954196310386875,4.0384955576567965e-05,5.954196310386875,0.016129032258064516,5.954196310386875,0.09603542436107862
knave,1,9.896482790016429e-06,16.62465268685824,5,NN,NN,knave,0,1,5.954196310386875,4.6170877096672425e-05,5.954196310386875,0.016129032258064516,5.954196310386875,0.09603542436107862
soothsayer,1,9.896482790016429e-06,16.62465268685824,10,NN,NN,soothsay,0,1,5.954196310386875,4.6170877096672425e-05,5.954196310386875,0.016129032258064516,5.954196310386875,0.09603542436107862
needful,1,9.896482790016429e-06,16.62465268685824,7,JJ,JJ,need,0,1,5.954196310386875,4.6170877096672425e-05,5.954196310386875,0.016129032258064516,5.954196310386875,0.09603542436107862
shoeleather,1,9.896482790016429e-06,16.62465268685824,11,NN,NN,shoeleath,0,1,5.954196310386875,4.0384955576567965e-05,5.954196310386875,0.016129032258064516,5.954196310386875,0.09603542436107862
insists,1,9.896482790016429e-06,16.62465268685824,7,VB,VBZ,insist,0,1,5.954196310386875,4.6170877096672425e-05,5.954196310386875,0.016129032258064516,5.954196310386875,0.09603542436107862
swans,1,9.896482790016429e-06,16.62465268685824,5,NN,NNS,swan,0,1,5.954196310386875,4.0384955576567965e-05,5.954196310386875,0.016129032258064516,5.954196310386875,0.09603542436107862
trumps,1,9.896482790016429e-06,16.62465268685824,6,NN,NNS,trump,0,1,5.954196310386875,4.0384955576567965e-05,5.954196310386875,0.016129032258064516,5.954196310386875,0.09603542436107862
toss,1,9.896482790016429e-06,16.62465268685824,4,IN,IN,toss,0,1,5.954196310386875,4.0384955576567965e-05,5.954196310386875,0.016129032258064516,5.954196310386875,0.09603542436107862
puss,1,9.896482790016429e-06,16.62465268685824,4,NN,NN,puss,0,1,5.954196310386875,4.0384955576567965e-05,5.954196310386875,0.016129032258064516,5.954196310386875,0.09603542436107862
unanimously,1,9.896482790016429e-06,16.62465268685824,11,RB,RB,unanim,0,1,5.954196310386875,4.6170877096672425e-05,5.954196310386875,0.016129032258064516,5.954196310386875,0.09603542436107862
alight,1,9.896482790016429e-06,16.62465268685824,6,RB,RB,alight,0,1,5.954196310386875,4.0384955576567965e-05,5.954196310386875,0.016129032258064516,5.954196310386875,0.09603542436107862
neighbour,1,9.896482790016429e-06,16.62465268685824,9,JJ,JJ,neighbour,0,1,5.954196310386875,4.0384955576567965e-05,5.954196310386875,0.016129032258064516,5.954196310386875,0.09603542436107862
vengeance,1,9.896482790016429e-06,16.62465268685824,9,NN,NN,vengeanc,0,1,5.954196310386875,4.6170877096672425e-05,5.954196310386875,0.016129032258064516,5.954196310386875,0.09603542436107862
outwitted,1,9.896482790016429e-06,16.62465268685824,9,VB,VBN,outwit,0,1,5.954196310386875,4.6170877096672425e-05,5.954196310386875,0.016129032258064516,5.954196310386875,0.09603542436107862
advantage,1,9.896482790016429e-06,16.62465268685824,9,NN,NN,advantag,0,1,5.954196310386875,4.6170877096672425e-05,5.954196310386875,0.016129032258064516,5.954196310386875,0.09603542436107862
stripped,1,9.896482790016429e-06,16.62465268685824,8,VB,VBD,strip,0,1,5.954196310386875,4.6170877096672425e-05,5.954196310386875,0.016129032258064516,5.954196310386875,0.09603542436107862
profit,1,9.896482790016429e-06,16.62465268685824,6,NN,NN,profit,0,1,5.954196310386875,4.6170877096672425e-05,5.954196310386875,0.016129032258064516,5.954196310386875,0.09603542436107862
bidden,1,9.896482790016429e-06,16.62465268685824,6,NN,NN,bidden,0,1,5.954196310386875,4.6170877096672425e-05,5.954196310386875,0.016129032258064516,5.954196310386875,0.09603542436107862
shovels,1,9.896482790016429e-06,16.62465268685824,7,NN,NNS,shovel,0,1,5.954196310386875,4.6170877096672425e-05,5.954196310386875,0.016129032258064516,5.954196310386875,0.09603542436107862
launched,1,9.896482790016429e-06,16.62465268685824,8,VB,VBD,launch,0,1,5.954196310386875,4.6170877096672425e-05,5.954196310386875,0.016129032258064516,5.954196310386875,0.09603542436107862
gradually,1,9.896482790016429e-06,16.62465268685824,9,RB,RB,gradual,0,1,5.954196310386875,4.6170877096672425e-05,5.954196310386875,0.016129032258064516,5.954196310386875,0.09603542436107862
unlocked,1,9.896482790016429e-06,16.62465268685824,8,VB,VBD,unlock,0,1,5.954196310386875,4.6170877096672425e-05,5.954196310386875,0.016129032258064516,5.954196310386875,0.09603542436107862
lazily,1,9.896482790016429e-06,16.62465268685824,6,RB,RB,lazili,0,1,5.954196310386875,4.0384955576567965e-05,5.954196310386875,0.016129032258064516,5.954196310386875,0.09603542436107862
bargained,1,9.896482790016429e-06,16.62465268685824,9,VB,VBD,bargain,0,1,5.954196310386875,4.6170877096672425e-05,5.954196310386875,0.016129032258064516,5.954196310386875,0.09603542436107862
gaily,1,9.896482790016429e-06,16.62465268685824,5,RB,RB,gaili,0,1,5.954196310386875,4.0384955576567965e-05,5.954196310386875,0.016129032258064516,5.954196310386875,0.09603542436107862
fourthly,1,9.896482790016429e-06,16.62465268685824,8,NN,NNP,fourthli,0,1,5.954196310386875,4.6170877096672425e-05,5.954196310386875,0.016129032258064516,5.954196310386875,0.09603542436107862
prophesy,1,9.896482790016429e-06,16.62465268685824,8,NN,NN,prophesi,0,1,5.954196310386875,4.6170877096672425e-05,5.954196310386875,0.016129032258064516,5.954196310386875,0.09603542436107862
trips,1,9.896482790016429e-06,16.62465268685824,5,VB,VBZ,trip,0,1,5.954196310386875,4.0384955576567965e-05,5.954196310386875,0.016129032258064516,5.954196310386875,0.09603542436107862
saves,1,9.896482790016429e-06,16.62465268685824,5,VB,VBZ,save,0,1,5.954196310386875,4.0384955576567965e-05,5.954196310386875,0.016129032258064516,5.954196310386875,0.09603542436107862
plane,1,9.896482790016429e-06,16.62465268685824,5,IN,IN,plane,0,1,5.954196310386875,3.2620728383518555e-05,5.954196310386875,0.016129032258064516,5.954196310386875,0.09603542436107862
coffins,1,9.896482790016429e-06,16.62465268685824,7,NN,NNS,coffin,0,1,5.954196310386875,3.2620728383518555e-05,5.954196310386875,0.016129032258064516,5.954196310386875,0.09603542436107862
calm,1,9.896482790016429e-06,16.62465268685824,4,JJ,JJ,calm,0,1,5.954196310386875,4.5193140875801705e-05,5.954196310386875,0.016129032258064516,5.954196310386875,0.09603542436107862
neatly,1,9.896482790016429e-06,16.62465268685824,6,RB,RB,neatli,0,1,5.954196310386875,5.642504369041047e-05,5.954196310386875,0.016129032258064516,5.954196310386875,0.09603542436107862
tacked,1,9.896482790016429e-06,16.62465268685824,6,VB,VBD,tack,0,1,5.954196310386875,5.642504369041047e-05,5.954196310386875,0.016129032258064516,5.954196310386875,0.09603542436107862
pounce,1,9.896482790016429e-06,16.62465268685824,6,VB,VB,pounc,0,1,5.954196310386875,5.642504369041047e-05,5.954196310386875,0.016129032258064516,5.954196310386875,0.09603542436107862
involuntarily,1,9.896482790016429e-06,16.62465268685824,13,RB,RB,involuntarili,0,1,5.954196310386875,2.9732329523553754e-05,5.954196310386875,0.016129032258064516,5.954196310386875,0.09603542436107862
dipped,1,9.896482790016429e-06,16.62465268685824,6,VB,VBN,dip,0,1,5.954196310386875,2.9732329523553754e-05,5.954196310386875,0.016129032258064516,5.954196310386875,0.09603542436107862
guarding,1,9.896482790016429e-06,16.62465268685824,8,VB,VBG,guard,0,1,5.954196310386875,5.642504369041047e-05,5.954196310386875,0.016129032258064516,5.954196310386875,0.09603542436107862
spy,1,9.896482790016429e-06,16.62465268685824,3,VB,VB,spi,0,1,5.954196310386875,5.642504369041047e-05,5.954196310386875,0.016129032258064516,5.954196310386875,0.09603542436107862
bustle,1,9.896482790016429e-06,16.62465268685824,6,NN,NN,bustl,0,1,5.954196310386875,5.642504369041047e-05,5.954196310386875,0.016129032258064516,5.954196310386875,0.09603542436107862
unhappily,1,9.896482790016429e-06,16.62465268685824,9,RB,RB,unhappili,0,1,5.954196310386875,2.9732329523553754e-05,5.954196310386875,0.016129032258064516,5.954196310386875,0.09603542436107862
necks,1,9.896482790016429e-06,16.62465268685824,5,NN,NNS,neck,0,1,5.954196310386875,5.642504369041047e-05,5.954196310386875,0.016129032258064516,5.954196310386875,0.09603542436107862
reflection,1,9.896482790016429e-06,16.62465268685824,10,NN,NN,reflect,0,1,5.954196310386875,2.9732329523553754e-05,5.954196310386875,0.016129032258064516,5.954196310386875,0.09603542436107862
hatched,1,9.896482790016429e-06,16.62465268685824,7,VB,VBD,hatch,0,1,5.954196310386875,5.642504369041047e-05,5.954196310386875,0.016129032258064516,5.954196310386875,0.09603542436107862
surface,1,9.896482790016429e-06,16.62465268685824,7,NN,NN,surfac,0,1,5.954196310386875,2.9732329523553754e-05,5.954196310386875,0.016129032258064516,5.954196310386875,0.09603542436107862
trial,1,9.896482790016429e-06,16.62465268685824,5,NN,NN,trial,0,1,5.954196310386875,2.9732329523553754e-05,5.954196310386875,0.016129032258064516,5.954196310386875,0.09603542436107862
pennies,1,9.896482790016429e-06,16.62465268685824,7,NN,NNS,penni,0,1,5.954196310386875,3.2620728383518555e-05,5.954196310386875,0.016129032258064516,5.954196310386875,0.09603542436107862
poverty,1,9.896482790016429e-06,16.62465268685824,7,NN,NN,poverti,0,1,5.954196310386875,2.9732329523553754e-05,5.954196310386875,0.016129032258064516,5.954196310386875,0.09603542436107862
hatching,1,9.896482790016429e-06,16.62465268685824,8,VB,VBG,hatch,0,1,5.954196310386875,5.642504369041047e-05,5.954196310386875,0.016129032258064516,5.954196310386875,0.09603542436107862
abundance,1,9.896482790016429e-06,16.62465268685824,9,NN,NN,abund,0,1,5.954196310386875,2.9732329523553754e-05,5.954196310386875,0.016129032258064516,5.954196310386875,0.09603542436107862
unbeaten,1,9.896482790016429e-06,16.62465268685824,8,JJ,JJ,unbeaten,0,1,5.954196310386875,2.9732329523553754e-05,5.954196310386875,0.016129032258064516,5.954196310386875,0.09603542436107862
crossroads,1,9.896482790016429e-06,16.62465268685824,10,NN,NNS,crossroad,0,1,5.954196310386875,5.642504369041047e-05,5.954196310386875,0.016129032258064516,5.954196310386875,0.09603542436107862
paths,1,9.896482790016429e-06,16.62465268685824,5,NN,NNS,path,0,1,5.954196310386875,2.9732329523553754e-05,5.954196310386875,0.016129032258064516,5.954196310386875,0.09603542436107862
joint,1,9.896482790016429e-06,16.62465268685824,5,NN,NN,joint,0,1,5.954196310386875,5.642504369041047e-05,5.954196310386875,0.016129032258064516,5.954196310386875,0.09603542436107862
steel,1,9.896482790016429e-06,16.62465268685824,5,NN,NN,steel,0,1,5.954196310386875,5.642504369041047e-05,5.954196310386875,0.016129032258064516,5.954196310386875,0.09603542436107862
crosslegged,1,9.896482790016429e-06,16.62465268685824,11,JJ,JJ,crossleg,0,1,5.954196310386875,5.642504369041047e-05,5.954196310386875,0.016129032258064516,5.954196310386875,0.09603542436107862
exchanged,1,9.896482790016429e-06,16.62465268685824,9,VB,VBD,exchang,0,1,5.954196310386875,2.9732329523553754e-05,5.954196310386875,0.016129032258064516,5.954196310386875,0.09603542436107862
taught,1,9.896482790016429e-06,16.62465268685824,6,VB,VBD,taught,0,1,5.954196310386875,5.642504369041047e-05,5.954196310386875,0.016129032258064516,5.954196310386875,0.09603542436107862
hoe,1,9.896482790016429e-06,16.62465268685824,3,NN,NN,hoe,0,1,5.954196310386875,2.9732329523553754e-05,5.954196310386875,0.016129032258064516,5.954196310386875,0.09603542436107862
obeyed,1,9.896482790016429e-06,16.62465268685824,6,VB,VBN,obey,0,1,5.954196310386875,2.9732329523553754e-05,5.954196310386875,0.016129032258064516,5.954196310386875,0.09603542436107862
quarrelling,1,9.896482790016429e-06,16.62465268685824,11,VB,VBG,quarrel,0,1,5.954196310386875,5.642504369041047e-05,5.954196310386875,0.016129032258064516,5.954196310386875,0.09603542436107862
marrying,1,9.896482790016429e-06,16.62465268685824,8,VB,VBG,marri,0,1,5.954196310386875,5.642504369041047e-05,5.954196310386875,0.016129032258064516,5.954196310386875,0.09603542436107862
craftsmen,1,9.896482790016429e-06,16.62465268685824,9,NN,NNS,craftsmen,0,1,5.954196310386875,5.642504369041047e-05,5.954196310386875,0.016129032258064516,5.954196310386875,0.09603542436107862
roar,1,9.896482790016429e-06,16.62465268685824,4,VB,VB,roar,0,1,5.954196310386875,0.00019401095830520935,5.954196310386875,0.016129032258064516,5.954196310386875,0.09603542436107862
dobbin,1,9.896482790016429e-06,16.62465268685824,6,NN,NN,dobbin,0,1,5.954196310386875,0.00019401095830520935,5.954196310386875,0.016129032258064516,5.954196310386875,0.09603542436107862
rusty,1,9.896482790016429e-06,16.62465268685824,5,JJ,JJ,rusti,0,1,5.954196310386875,2.9732329523553754e-05,5.954196310386875,0.016129032258064516,5.954196310386875,0.09603542436107862
cords,1,9.896482790016429e-06,16.62465268685824,5,NN,NNS,cord,0,1,5.954196310386875,2.9732329523553754e-05,5.954196310386875,0.016129032258064516,5.954196310386875,0.09603542436107862
carcase,1,9.896482790016429e-06,16.62465268685824,7,NN,NN,carcas,0,1,5.954196310386875,0.00019401095830520935,5.954196310386875,0.016129032258064516,5.954196310386875,0.09603542436107862
stiff,1,9.896482790016429e-06,16.62465268685824,5,JJ,JJ,stiff,0,1,5.954196310386875,0.00019401095830520935,5.954196310386875,0.016129032258064516,5.954196310386875,0.09603542436107862
forbade,1,9.896482790016429e-06,16.62465268685824,7,VB,VBD,forbad,0,1,5.954196310386875,2.9732329523553754e-05,5.954196310386875,0.016129032258064516,5.954196310386875,0.09603542436107862
avarice,1,9.896482790016429e-06,16.62465268685824,7,NN,NN,avaric,0,1,5.954196310386875,0.00019401095830520935,5.954196310386875,0.016129032258064516,5.954196310386875,0.09603542436107862
woebegone,1,9.896482790016429e-06,16.62465268685824,9,NN,NN,woebegon,0,1,5.954196310386875,0.00019401095830520935,5.954196310386875,0.016129032258064516,5.954196310386875,0.09603542436107862
melancholy,1,9.896482790016429e-06,16.62465268685824,10,JJ,JJ,melancholi,0,1,5.954196310386875,0.00019401095830520935,5.954196310386875,0.016129032258064516,5.954196310386875,0.09603542436107862
ridden,1,9.896482790016429e-06,16.62465268685824,6,VB,VBN,ridden,0,1,5.954196310386875,2.9732329523553754e-05,5.954196310386875,0.016129032258064516,5.954196310386875,0.09603542436107862
hasty,1,9.896482790016429e-06,16.62465268685824,5,JJ,JJ,hasti,0,1,5.954196310386875,2.9732329523553754e-05,5.954196310386875,0.016129032258064516,5.954196310386875,0.09603542436107862
lurch,1,9.896482790016429e-06,16.62465268685824,5,NN,NN,lurch,0,1,5.954196310386875,0.000328888439592735,5.954196310386875,0.016129032258064516,5.954196310386875,0.09603542436107862
foliage,1,9.896482790016429e-06,16.62465268685824,7,VB,VB,foliag,0,1,5.954196310386875,0.000328888439592735,5.954196310386875,0.016129032258064516,5.954196310386875,0.09603542436107862
hunter,1,9.896482790016429e-06,16.62465268685824,6,NN,NN,hunter,0,1,5.954196310386875,0.000328888439592735,5.954196310386875,0.016129032258064516,5.954196310386875,0.09603542436107862
sackful,1,9.896482790016429e-06,16.62465268685824,7,NN,NN,sack,0,1,5.954196310386875,0.000328888439592735,5.954196310386875,0.016129032258064516,5.954196310386875,0.09603542436107862
modestly,1,9.896482790016429e-06,16.62465268685824,8,RB,RB,modestli,0,1,5.954196310386875,0.000328888439592735,5.954196310386875,0.016129032258064516,5.954196310386875,0.09603542436107862
compassion,1,9.896482790016429e-06,16.62465268685824,10,NN,NN,compass,0,1,5.954196310386875,2.9732329523553754e-05,5.954196310386875,0.016129032258064516,5.954196310386875,0.09603542436107862
mousehunter,1,9.896482790016429e-06,16.62465268685824,11,NN,NN,mousehunt,0,1,5.954196310386875,0.000328888439592735,5.954196310386875,0.016129032258064516,5.954196310386875,0.09603542436107862
piebald,1,9.896482790016429e-06,16.62465268685824,7,VB,VBP,piebald,0,1,5.954196310386875,0.000328888439592735,5.954196310386875,0.016129032258064516,5.954196310386875,0.09603542436107862
beardcleaner,1,9.896482790016429e-06,16.62465268685824,12,NN,NN,beardclean,0,1,5.954196310386875,0.000328888439592735,5.954196310386875,0.016129032258064516,5.954196310386875,0.09603542436107862
crystal,1,9.896482790016429e-06,16.62465268685824,7,NN,NN,crystal,0,1,5.954196310386875,2.9732329523553754e-05,5.954196310386875,0.016129032258064516,5.954196310386875,0.09603542436107862
arrogance,1,9.896482790016429e-06,16.62465268685824,9,NN,NN,arrog,0,1,5.954196310386875,0.000328888439592735,5.954196310386875,0.016129032258064516,5.954196310386875,0.09603542436107862
esteemed,1,9.896482790016429e-06,16.62465268685824,8,VB,VBN,esteem,0,1,5.954196310386875,0.000328888439592735,5.954196310386875,0.016129032258064516,5.954196310386875,0.09603542436107862
experience,1,9.896482790016429e-06,16.62465268685824,10,NN,NN,experi,0,1,5.954196310386875,0.000328888439592735,5.954196310386875,0.016129032258064516,5.954196310386875,0.09603542436107862
cunningest,1,9.896482790016429e-06,16.62465268685824,10,JJ,JJS,cunningest,0,1,5.954196310386875,5.642504369041047e-05,5.954196310386875,0.016129032258064516,5.954196310386875,0.09603542436107862
ascending,1,9.896482790016429e-06,16.62465268685824,9,VB,VBG,ascend,0,1,5.954196310386875,2.9732329523553754e-05,5.954196310386875,0.016129032258064516,5.954196310386875,0.09603542436107862
hastening,1,9.896482790016429e-06,16.62465268685824,9,VB,VBG,hasten,0,1,5.954196310386875,5.642504369041047e-05,5.954196310386875,0.016129032258064516,5.954196310386875,0.09603542436107862
swords,1,9.896482790016429e-06,16.62465268685824,6,NN,NNS,sword,0,1,5.954196310386875,2.9732329523553754e-05,5.954196310386875,0.016129032258064516,5.954196310386875,0.09603542436107862
lofty,1,9.896482790016429e-06,16.62465268685824,5,JJ,JJ,lofti,0,1,5.954196310386875,4.5193140875801705e-05,5.954196310386875,0.016129032258064516,5.954196310386875,0.09603542436107862
battlefield,1,9.896482790016429e-06,16.62465268685824,11,NN,NN,battlefield,0,1,5.954196310386875,2.9732329523553754e-05,5.954196310386875,0.016129032258064516,5.954196310386875,0.09603542436107862
muddy,1,9.896482790016429e-06,16.62465268685824,5,JJ,JJ,muddi,0,1,5.954196310386875,4.5193140875801705e-05,5.954196310386875,0.016129032258064516,5.954196310386875,0.09603542436107862
slave,1,9.896482790016429e-06,16.62465268685824,5,NN,NN,slave,0,1,5.954196310386875,4.5193140875801705e-05,5.954196310386875,0.016129032258064516,5.954196310386875,0.09603542436107862
hurricane,1,9.896482790016429e-06,16.62465268685824,9,NN,NN,hurrican,0,1,5.954196310386875,2.9732329523553754e-05,5.954196310386875,0.016129032258064516,5.954196310386875,0.09603542436107862
opposed,1,9.896482790016429e-06,16.62465268685824,7,VB,VBD,oppos,0,1,5.954196310386875,2.9732329523553754e-05,5.954196310386875,0.016129032258064516,5.954196310386875,0.09603542436107862
returning,1,9.896482790016429e-06,16.62465268685824,9,VB,VBG,return,0,1,5.954196310386875,2.9732329523553754e-05,5.954196310386875,0.016129032258064516,5.954196310386875,0.09603542436107862
conducted,1,9.896482790016429e-06,16.62465268685824,9,VB,VBD,conduct,0,1,5.954196310386875,2.9732329523553754e-05,5.954196310386875,0.016129032258064516,5.954196310386875,0.09603542436107862
drums,1,9.896482790016429e-06,16.62465268685824,5,NN,NNS,drum,0,1,5.954196310386875,4.5193140875801705e-05,5.954196310386875,0.016129032258064516,5.954196310386875,0.09603542436107862
byways,1,9.896482790016429e-06,16.62465268685824,6,NN,NNS,byway,0,1,5.954196310386875,2.9732329523553754e-05,5.954196310386875,0.016129032258064516,5.954196310386875,0.09603542436107862
ridges,1,9.896482790016429e-06,16.62465268685824,6,NN,NNS,ridg,0,1,5.954196310386875,4.5193140875801705e-05,5.954196310386875,0.016129032258064516,5.954196310386875,0.09603542436107862
troops,1,9.896482790016429e-06,16.62465268685824,6,NN,NNS,troop,0,1,5.954196310386875,2.9732329523553754e-05,5.954196310386875,0.016129032258064516,5.954196310386875,0.09603542436107862
overspread,1,9.896482790016429e-06,16.62465268685824,10,VB,VBN,overspread,0,1,5.954196310386875,4.5193140875801705e-05,5.954196310386875,0.016129032258064516,5.954196310386875,0.09603542436107862
colour,1,9.896482790016429e-06,16.62465268685824,6,NN,NN,colour,0,1,5.954196310386875,4.5193140875801705e-05,5.954196310386875,0.016129032258064516,5.954196310386875,0.09603542436107862
bestir,1,9.896482790016429e-06,16.62465268685824,6,VB,VB,bestir,0,1,5.954196310386875,4.5193140875801705e-05,5.954196310386875,0.016129032258064516,5.954196310386875,0.09603542436107862
elbow,1,9.896482790016429e-06,16.62465268685824,5,NN,NN,elbow,0,1,5.954196310386875,4.5193140875801705e-05,5.954196310386875,0.016129032258064516,5.954196310386875,0.09603542436107862
cowhouses,1,9.896482790016429e-06,16.62465268685824,9,NN,NNS,cowhous,0,1,5.954196310386875,4.5193140875801705e-05,5.954196310386875,0.016129032258064516,5.954196310386875,0.09603542436107862
assistance,1,9.896482790016429e-06,16.62465268685824,10,NN,NN,assist,0,1,5.954196310386875,2.9732329523553754e-05,5.954196310386875,0.016129032258064516,5.954196310386875,0.09603542436107862
hares,1,9.896482790016429e-06,16.62465268685824,5,NN,NNS,hare,0,1,5.954196310386875,4.5193140875801705e-05,5.954196310386875,0.016129032258064516,5.954196310386875,0.09603542436107862
goats,1,9.896482790016429e-06,16.62465268685824,5,NN,NNS,goat,0,1,5.954196310386875,4.5193140875801705e-05,5.954196310386875,0.016129032258064516,5.954196310386875,0.09603542436107862
mile,1,9.896482790016429e-06,16.62465268685824,4,NN,NN,mile,0,1,5.954196310386875,4.5193140875801705e-05,5.954196310386875,0.016129032258064516,5.954196310386875,0.09603542436107862
park,1,9.896482790016429e-06,16.62465268685824,4,NN,NN,park,0,1,5.954196310386875,4.5193140875801705e-05,5.954196310386875,0.016129032258064516,5.954196310386875,0.09603542436107862
tables,1,9.896482790016429e-06,16.62465268685824,6,NN,NNS,tabl,0,1,5.954196310386875,4.5193140875801705e-05,5.954196310386875,0.016129032258064516,5.954196310386875,0.09603542436107862
furnished,1,9.896482790016429e-06,16.62465268685824,9,VB,VBN,furnish,0,1,5.954196310386875,4.5193140875801705e-05,5.954196310386875,0.016129032258064516,5.954196310386875,0.09603542436107862
dolefully,1,9.896482790016429e-06,16.62465268685824,9,RB,RB,dole,0,1,5.954196310386875,4.5193140875801705e-05,5.954196310386875,0.016129032258064516,5.954196310386875,0.09603542436107862
solid,1,9.896482790016429e-06,16.62465268685824,5,JJ,JJ,solid,0,1,5.954196310386875,4.5193140875801705e-05,5.954196310386875,0.016129032258064516,5.954196310386875,0.09603542436107862
warriors,1,9.896482790016429e-06,16.62465268685824,8,NN,NNS,warrior,0,1,5.954196310386875,2.9732329523553754e-05,5.954196310386875,0.016129032258064516,5.954196310386875,0.09603542436107862
crossways,1,9.896482790016429e-06,16.62465268685824,9,NN,NNS,crossway,0,1,5.954196310386875,5.642504369041047e-05,5.954196310386875,0.016129032258064516,5.954196310386875,0.09603542436107862
christendom,1,9.896482790016429e-06,16.62465268685824,11,NN,NNP,christendom,0,1,5.954196310386875,4.5193140875801705e-05,5.954196310386875,0.016129032258064516,5.954196310386875,0.09603542436107862
bundles,1,9.896482790016429e-06,16.62465268685824,7,NN,NNS,bundl,0,1,5.954196310386875,5.642504369041047e-05,5.954196310386875,0.016129032258064516,5.954196310386875,0.09603542436107862
walkingsticks,1,9.896482790016429e-06,16.62465268685824,13,NN,NNS,walkingstick,0,1,5.954196310386875,5.642504369041047e-05,5.954196310386875,0.016129032258064516,5.954196310386875,0.09603542436107862
rarest,1,9.896482790016429e-06,16.62465268685824,6,NN,NN,rarest,0,1,5.954196310386875,2.9732329523553754e-05,5.954196310386875,0.016129032258064516,5.954196310386875,0.09603542436107862
swelling,1,9.896482790016429e-06,16.62465268685824,8,VB,VBG,swell,0,1,5.954196310386875,4.5193140875801705e-05,5.954196310386875,0.016129032258064516,5.954196310386875,0.09603542436107862
thunders,1,9.896482790016429e-06,16.62465268685824,8,NN,NNS,thunder,0,1,5.954196310386875,4.5193140875801705e-05,5.954196310386875,0.016129032258064516,5.954196310386875,0.09603542436107862
lightnings,1,9.896482790016429e-06,16.62465268685824,10,NN,NNS,lightn,0,1,5.954196310386875,4.5193140875801705e-05,5.954196310386875,0.016129032258064516,5.954196310386875,0.09603542436107862
stormy,1,9.896482790016429e-06,16.62465268685824,6,NN,NN,stormi,0,1,5.954196310386875,4.5193140875801705e-05,5.954196310386875,0.016129032258064516,5.954196310386875,0.09603542436107862
departed,1,9.896482790016429e-06,16.62465268685824,8,VB,VBD,depart,0,1,5.954196310386875,2.9732329523553754e-05,5.954196310386875,0.016129032258064516,5.954196310386875,0.09603542436107862
shivering,1,9.896482790016429e-06,16.62465268685824,9,VB,VBG,shiver,0,1,5.954196310386875,4.5193140875801705e-05,5.954196310386875,0.016129032258064516,5.954196310386875,0.09603542436107862
playthings,1,9.896482790016429e-06,16.62465268685824,10,NN,NNS,playth,0,1,5.954196310386875,2.9732329523553754e-05,5.954196310386875,0.016129032258064516,5.954196310386875,0.09603542436107862
overrun,1,9.896482790016429e-06,16.62465268685824,7,VB,VBN,overrun,0,1,5.954196310386875,2.9732329523553754e-05,5.954196310386875,0.016129032258064516,5.954196310386875,0.09603542436107862
dropping,1,9.896482790016429e-06,16.62465268685824,8,VB,VBG,drop,0,1,5.954196310386875,4.5193140875801705e-05,5.954196310386875,0.016129032258064516,5.954196310386875,0.09603542436107862
greatness,1,9.896482790016429e-06,16.62465268685824,9,NN,NN,great,0,1,5.954196310386875,4.5193140875801705e-05,5.954196310386875,0.016129032258064516,5.954196310386875,0.09603542436107862
rushlight,1,9.896482790016429e-06,16.62465268685824,9,NN,NN,rushlight,0,1,5.954196310386875,4.5193140875801705e-05,5.954196310386875,0.016129032258064516,5.954196310386875,0.09603542436107862
superior,1,9.896482790016429e-06,16.62465268685824,8,JJ,JJ,superior,0,1,5.954196310386875,2.9732329523553754e-05,5.954196310386875,0.016129032258064516,5.954196310386875,0.09603542436107862
sizes,1,9.896482790016429e-06,16.62465268685824,5,NN,NNS,size,0,1,5.954196310386875,4.5193140875801705e-05,5.954196310386875,0.016129032258064516,5.954196310386875,0.09603542436107862
lame,1,9.896482790016429e-06,16.62465268685824,4,NN,NN,lame,0,1,5.954196310386875,2.9732329523553754e-05,5.954196310386875,0.016129032258064516,5.954196310386875,0.09603542436107862
rows,1,9.896482790016429e-06,16.62465268685824,4,NN,NNS,row,0,1,5.954196310386875,4.5193140875801705e-05,5.954196310386875,0.016129032258064516,5.954196310386875,0.09603542436107862
echoed,1,9.896482790016429e-06,16.62465268685824,6,VB,VBD,echo,0,1,5.954196310386875,2.9732329523553754e-05,5.954196310386875,0.016129032258064516,5.954196310386875,0.09603542436107862
steed,1,9.896482790016429e-06,16.62465268685824,5,NN,NN,steed,0,1,5.954196310386875,2.9732329523553754e-05,5.954196310386875,0.016129032258064516,5.954196310386875,0.09603542436107862
billows,1,9.896482790016429e-06,16.62465268685824,7,NN,NNS,billow,0,1,5.954196310386875,4.5193140875801705e-05,5.954196310386875,0.016129032258064516,5.954196310386875,0.09603542436107862
tops,1,9.896482790016429e-06,16.62465268685824,4,NN,NNS,top,0,1,5.954196310386875,4.5193140875801705e-05,5.954196310386875,0.016129032258064516,5.954196310386875,0.09603542436107862
fearfully,1,9.896482790016429e-06,16.62465268685824,9,RB,RB,fear,0,1,5.954196310386875,4.5193140875801705e-05,5.954196310386875,0.016129032258064516,5.954196310386875,0.09603542436107862
snorted,1,9.896482790016429e-06,16.62465268685824,7,VB,VBD,snort,0,1,5.954196310386875,2.9732329523553754e-05,5.954196310386875,0.016129032258064516,5.954196310386875,0.09603542436107862
nostrils,1,9.896482790016429e-06,16.62465268685824,8,NN,NNS,nostril,0,1,5.954196310386875,2.9732329523553754e-05,5.954196310386875,0.016129032258064516,5.954196310386875,0.09603542436107862
bellow,1,9.896482790016429e-06,16.62465268685824,6,VB,VB,bellow,0,1,5.954196310386875,0.00019401095830520935,5.954196310386875,0.016129032258064516,5.954196310386875,0.09603542436107862
relented,1,9.896482790016429e-06,16.62465268685824,8,VB,VBD,relent,0,1,5.954196310386875,0.00019401095830520935,5.954196310386875,0.016129032258064516,5.954196310386875,0.09603542436107862
bale,1,9.896482790016429e-06,16.62465268685824,4,NN,NN,bale,0,1,5.954196310386875,2.9732329523553754e-05,5.954196310386875,0.016129032258064516,5.954196310386875,0.09603542436107862
flour,1,9.896482790016429e-06,16.62465268685824,5,NN,NN,flour,0,1,5.954196310386875,6.047570803594372e-05,5.954196310386875,0.016129032258064516,5.954196310386875,0.09603542436107862
ovenful,1,9.896482790016429e-06,16.62465268685824,7,NN,NN,oven,0,1,5.954196310386875,6.047570803594372e-05,5.954196310386875,0.016129032258064516,5.954196310386875,0.09603542436107862
awful,1,9.896482790016429e-06,16.62465268685824,5,JJ,JJ,aw,0,1,5.954196310386875,6.047570803594372e-05,5.954196310386875,0.016129032258064516,5.954196310386875,0.09603542436107862
strap,1,9.896482790016429e-06,16.62465268685824,5,NN,NN,strap,0,1,5.954196310386875,6.047570803594372e-05,5.954196310386875,0.016129032258064516,5.954196310386875,0.09603542436107862
tying,1,9.896482790016429e-06,16.62465268685824,5,VB,VBG,tie,0,1,5.954196310386875,6.047570803594372e-05,5.954196310386875,0.016129032258064516,5.954196310386875,0.09603542436107862
loins,1,9.896482790016429e-06,16.62465268685824,5,NN,NNS,loin,0,1,5.954196310386875,6.047570803594372e-05,5.954196310386875,0.016129032258064516,5.954196310386875,0.09603542436107862
cellarful,1,9.896482790016429e-06,16.62465268685824,9,NN,NN,cellar,0,1,5.954196310386875,6.047570803594372e-05,5.954196310386875,0.016129032258064516,5.954196310386875,0.09603542436107862
produce,1,9.896482790016429e-06,16.62465268685824,7,VB,VB,produc,0,1,5.954196310386875,6.047570803594372e-05,5.954196310386875,0.016129032258064516,5.954196310386875,0.09603542436107862
soninlaw,1,9.896482790016429e-06,16.62465268685824,8,NN,NN,soninlaw,0,1,5.954196310386875,6.047570803594372e-05,5.954196310386875,0.016129032258064516,5.954196310386875,0.09603542436107862
decree,1,9.896482790016429e-06,16.62465268685824,6,NN,NN,decre,0,1,5.954196310386875,6.047570803594372e-05,5.954196310386875,0.016129032258064516,5.954196310386875,0.09603542436107862
serious,1,9.896482790016429e-06,16.62465268685824,7,JJ,JJ,seriou,0,1,5.954196310386875,6.047570803594372e-05,5.954196310386875,0.016129032258064516,5.954196310386875,0.09603542436107862
ruled,1,9.896482790016429e-06,16.62465268685824,5,VB,VBN,rule,0,1,5.954196310386875,6.047570803594372e-05,5.954196310386875,0.016129032258064516,5.954196310386875,0.09603542436107862
hoes,1,9.896482790016429e-06,16.62465268685824,4,NN,NNS,hoe,0,1,5.954196310386875,6.047570803594372e-05,5.954196310386875,0.016129032258064516,5.954196310386875,0.09603542436107862
labourers,1,9.896482790016429e-06,16.62465268685824,9,NN,NNS,labour,0,1,5.954196310386875,6.047570803594372e-05,5.954196310386875,0.016129032258064516,5.954196310386875,0.09603542436107862
reverence,1,9.896482790016429e-06,16.62465268685824,9,NN,NN,rever,0,1,5.954196310386875,6.047570803594372e-05,5.954196310386875,0.016129032258064516,5.954196310386875,0.09603542436107862
delightfully,1,9.896482790016429e-06,16.62465268685824,12,RB,RB,delight,0,1,5.954196310386875,3.2620728383518555e-05,5.954196310386875,0.016129032258064516,5.954196310386875,0.09603542436107862
leant,1,9.896482790016429e-06,16.62465268685824,5,NN,NN,leant,0,1,5.954196310386875,3.2620728383518555e-05,5.954196310386875,0.016129032258064516,5.954196310386875,0.09603542436107862
procession,1,9.896482790016429e-06,16.62465268685824,10,NN,NN,process,0,1,5.954196310386875,6.047570803594372e-05,5.954196310386875,0.016129032258064516,5.954196310386875,0.09603542436107862
nibbled,1,9.896482790016429e-06,16.62465268685824,7,VB,VBN,nibbl,0,1,5.954196310386875,3.2620728383518555e-05,5.954196310386875,0.016129032258064516,5.954196310386875,0.09603542436107862
troubling,1,9.896482790016429e-06,16.62465268685824,9,VB,VBG,troubl,0,1,5.954196310386875,6.047570803594372e-05,5.954196310386875,0.016129032258064516,5.954196310386875,0.09603542436107862
panes,1,9.896482790016429e-06,16.62465268685824,5,NN,NNS,pane,0,1,5.954196310386875,3.2620728383518555e-05,5.954196310386875,0.016129032258064516,5.954196310386875,0.09603542436107862
wing,1,9.896482790016429e-06,16.62465268685824,4,NN,NN,wing,0,1,5.954196310386875,6.047570803594372e-05,5.954196310386875,0.016129032258064516,5.954196310386875,0.09603542436107862
gnaw,1,9.896482790016429e-06,16.62465268685824,4,JJ,JJ,gnaw,0,1,5.954196310386875,3.2620728383518555e-05,5.954196310386875,0.016129032258064516,5.954196310386875,0.09603542436107862
nibbling,1,9.896482790016429e-06,16.62465268685824,8,VB,VBG,nibbl,0,1,5.954196310386875,3.2620728383518555e-05,5.954196310386875,0.016129032258064516,5.954196310386875,0.09603542436107862
divide,1,9.896482790016429e-06,16.62465268685824,6,VB,VB,divid,0,1,5.954196310386875,6.047570803594372e-05,5.954196310386875,0.016129032258064516,5.954196310386875,0.09603542436107862
heavenborn,1,9.896482790016429e-06,16.62465268685824,10,JJ,JJ,heavenborn,0,1,5.954196310386875,3.2620728383518555e-05,5.954196310386875,0.016129032258064516,5.954196310386875,0.09603542436107862
remains,1,9.896482790016429e-06,16.62465268685824,7,VB,VBZ,remain,0,1,5.954196310386875,6.047570803594372e-05,5.954196310386875,0.016129032258064516,5.954196310386875,0.09603542436107862
rises,1,9.896482790016429e-06,16.62465268685824,5,VB,VBZ,rise,0,1,5.954196310386875,3.2620728383518555e-05,5.954196310386875,0.016129032258064516,5.954196310386875,0.09603542436107862
disturbing,1,9.896482790016429e-06,16.62465268685824,10,VB,VBG,disturb,0,1,5.954196310386875,3.2620728383518555e-05,5.954196310386875,0.016129032258064516,5.954196310386875,0.09603542436107862
sailing,1,9.896482790016429e-06,16.62465268685824,7,VB,VBG,sail,0,1,5.954196310386875,6.047570803594372e-05,5.954196310386875,0.016129032258064516,5.954196310386875,0.09603542436107862
stuffed,1,9.896482790016429e-06,16.62465268685824,7,VB,VBD,stuf,0,1,5.954196310386875,3.2620728383518555e-05,5.954196310386875,0.016129032258064516,5.954196310386875,0.09603542436107862
sluggards,1,9.896482790016429e-06,16.62465268685824,9,VB,VBP,sluggard,0,1,5.954196310386875,3.2620728383518555e-05,5.954196310386875,0.016129032258064516,5.954196310386875,0.09603542436107862
glitter,1,9.896482790016429e-06,16.62465268685824,7,RB,RBR,glitter,0,1,5.954196310386875,4.270138922235599e-05,5.954196310386875,0.016129032258064516,5.954196310386875,0.09603542436107862
waving,1,9.896482790016429e-06,16.62465268685824,6,VB,VBG,wave,0,1,5.954196310386875,4.270138922235599e-05,5.954196310386875,0.016129032258064516,5.954196310386875,0.09603542436107862
attention,1,9.896482790016429e-06,16.62465268685824,9,NN,NN,attent,0,1,5.954196310386875,3.2620728383518555e-05,5.954196310386875,0.016129032258064516,5.954196310386875,0.09603542436107862
constantly,1,9.896482790016429e-06,16.62465268685824,10,RB,RB,constantli,0,1,5.954196310386875,3.2620728383518555e-05,5.954196310386875,0.016129032258064516,5.954196310386875,0.09603542436107862
slaughterer,1,9.896482790016429e-06,16.62465268685824,11,NN,NN,slaughter,0,1,5.954196310386875,4.270138922235599e-05,5.954196310386875,0.016129032258064516,5.954196310386875,0.09603542436107862
pebblestones,1,9.896482790016429e-06,16.62465268685824,12,NN,NNS,pebbleston,0,1,5.954196310386875,3.2620728383518555e-05,5.954196310386875,0.016129032258064516,5.954196310386875,0.09603542436107862
unruly,1,9.896482790016429e-06,16.62465268685824,6,JJ,JJ,unruli,0,1,5.954196310386875,4.270138922235599e-05,5.954196310386875,0.016129032258064516,5.954196310386875,0.09603542436107862
slaughterers,1,9.896482790016429e-06,16.62465268685824,12,NN,NNS,slaughter,0,1,5.954196310386875,4.270138922235599e-05,5.954196310386875,0.016129032258064516,5.954196310386875,0.09603542436107862
amused,1,9.896482790016429e-06,16.62465268685824,6,VB,VBD,amus,0,1,5.954196310386875,4.270138922235599e-05,5.954196310386875,0.016129032258064516,5.954196310386875,0.09603542436107862
treacherous,1,9.896482790016429e-06,16.62465268685824,11,JJ,JJ,treacher,0,1,5.954196310386875,4.270138922235599e-05,5.954196310386875,0.016129032258064516,5.954196310386875,0.09603542436107862
floated,1,9.896482790016429e-06,16.62465268685824,7,VB,VBD,float,0,1,5.954196310386875,4.270138922235599e-05,5.954196310386875,0.016129032258064516,5.954196310386875,0.09603542436107862
leaned,1,9.896482790016429e-06,16.62465268685824,6,VB,VBD,lean,0,1,5.954196310386875,4.270138922235599e-05,5.954196310386875,0.016129032258064516,5.954196310386875,0.09603542436107862
strokes,1,9.896482790016429e-06,16.62465268685824,7,NN,NNS,stroke,0,1,5.954196310386875,3.2620728383518555e-05,5.954196310386875,0.016129032258064516,5.954196310386875,0.09603542436107862
speech,1,9.896482790016429e-06,16.62465268685824,6,NN,NN,speech,0,1,5.954196310386875,4.270138922235599e-05,5.954196310386875,0.016129032258064516,5.954196310386875,0.09603542436107862
rude,1,9.896482790016429e-06,16.62465268685824,4,NN,NN,rude,0,1,5.954196310386875,4.270138922235599e-05,5.954196310386875,0.016129032258064516,5.954196310386875,0.09603542436107862
scorching,1,9.896482790016429e-06,16.62465268685824,9,JJ,JJ,scorch,0,1,5.954196310386875,4.270138922235599e-05,5.954196310386875,0.016129032258064516,5.954196310386875,0.09603542436107862
woodaxe,1,9.896482790016429e-06,16.62465268685824,7,NN,NN,woodax,0,1,5.954196310386875,3.2620728383518555e-05,5.954196310386875,0.016129032258064516,5.954196310386875,0.09603542436107862
knelt,1,9.896482790016429e-06,16.62465268685824,5,VB,VBD,knelt,0,1,5.954196310386875,4.270138922235599e-05,5.954196310386875,0.016129032258064516,5.954196310386875,0.09603542436107862
newlycoined,1,9.896482790016429e-06,16.62465268685824,11,JJ,JJ,newlycoin,0,1,5.954196310386875,3.2620728383518555e-05,5.954196310386875,0.016129032258064516,5.954196310386875,0.09603542436107862
naughty,1,9.896482790016429e-06,16.62465268685824,7,VB,VBP,naughti,0,1,5.954196310386875,3.2620728383518555e-05,5.954196310386875,0.016129032258064516,5.954196310386875,0.09603542436107862
reproached,1,9.896482790016429e-06,16.62465268685824,10,VB,VBD,reproach,0,1,5.954196310386875,3.2620728383518555e-05,5.954196310386875,0.016129032258064516,5.954196310386875,0.09603542436107862
crumbled,1,9.896482790016429e-06,16.62465268685824,8,VB,VBD,crumbl,0,1,5.954196310386875,3.2620728383518555e-05,5.954196310386875,0.016129032258064516,5.954196310386875,0.09603542436107862
inherited,1,9.896482790016429e-06,16.62465268685824,9,VB,VBN,inherit,0,1,5.954196310386875,6.047570803594372e-05,5.954196310386875,0.016129032258064516,5.954196310386875,0.09603542436107862
greeting,1,9.896482790016429e-06,16.62465268685824,8,VB,VBG,greet,0,1,5.954196310386875,6.047570803594372e-05,5.954196310386875,0.016129032258064516,5.954196310386875,0.09603542436107862
hurting,1,9.896482790016429e-06,16.62465268685824,7,VB,VBG,hurt,0,1,5.954196310386875,6.047570803594372e-05,5.954196310386875,0.016129032258064516,5.954196310386875,0.09603542436107862
bonnet,1,9.896482790016429e-06,16.62465268685824,6,NN,NN,bonnet,0,1,5.954196310386875,7.996288456376238e-05,5.954196310386875,0.016129032258064516,5.954196310386875,0.09603542436107862
droll,1,9.896482790016429e-06,16.62465268685824,5,JJ,JJ,droll,0,1,5.954196310386875,3.779434252698883e-05,5.954196310386875,0.016129032258064516,5.954196310386875,0.09603542436107862
withstand,1,9.896482790016429e-06,16.62465268685824,9,VB,VB,withstand,0,1,5.954196310386875,3.779434252698883e-05,5.954196310386875,0.016129032258064516,5.954196310386875,0.09603542436107862
merrymaking,1,9.896482790016429e-06,16.62465268685824,11,NN,NN,merrymak,0,1,5.954196310386875,3.779434252698883e-05,5.954196310386875,0.016129032258064516,5.954196310386875,0.09603542436107862
embrace,1,9.896482790016429e-06,16.62465268685824,7,NN,NN,embrac,0,1,5.954196310386875,3.2620728383518555e-05,5.954196310386875,0.016129032258064516,5.954196310386875,0.09603542436107862
ferry,1,9.896482790016429e-06,16.62465268685824,5,NN,NN,ferri,0,1,5.954196310386875,3.2620728383518555e-05,5.954196310386875,0.016129032258064516,5.954196310386875,0.09603542436107862
council,1,9.896482790016429e-06,16.62465268685824,7,NN,NN,council,0,1,5.954196310386875,3.779434252698883e-05,5.954196310386875,0.016129032258064516,5.954196310386875,0.09603542436107862
plank,1,9.896482790016429e-06,16.62465268685824,5,NN,NN,plank,0,1,5.954196310386875,3.2620728383518555e-05,5.954196310386875,0.016129032258064516,5.954196310386875,0.09603542436107862
snapping,1,9.896482790016429e-06,16.62465268685824,8,VB,VBG,snap,0,1,5.954196310386875,3.779434252698883e-05,5.954196310386875,0.016129032258064516,5.954196310386875,0.09603542436107862
merriment,1,9.896482790016429e-06,16.62465268685824,9,NN,NN,merriment,0,1,5.954196310386875,7.996288456376238e-05,5.954196310386875,0.016129032258064516,5.954196310386875,0.09603542436107862
perfect,1,9.896482790016429e-06,16.62465268685824,7,JJ,JJ,perfect,0,1,5.954196310386875,3.2620728383518555e-05,5.954196310386875,0.016129032258064516,5.954196310386875,0.09603542436107862
wellnigh,1,9.896482790016429e-06,16.62465268685824,8,JJ,JJ,wellnigh,0,1,5.954196310386875,7.996288456376238e-05,5.954196310386875,0.016129032258064516,5.954196310386875,0.09603542436107862
heinrich,1,9.896482790016429e-06,16.62465268685824,8,NN,NNP,heinrich,0,1,5.954196310386875,7.996288456376238e-05,5.954196310386875,0.016129032258064516,5.954196310386875,0.09603542436107862
plumes,1,9.896482790016429e-06,16.62465268685824,6,NN,NNS,plume,0,1,5.954196310386875,7.996288456376238e-05,5.954196310386875,0.016129032258064516,5.954196310386875,0.09603542436107862
decked,1,9.896482790016429e-06,16.62465268685824,6,VB,VBN,deck,0,1,5.954196310386875,7.996288456376238e-05,5.954196310386875,0.016129032258064516,5.954196310386875,0.09603542436107862
accident,1,9.896482790016429e-06,16.62465268685824,8,NN,NN,accid,0,1,5.954196310386875,2.9732329523553754e-05,5.954196310386875,0.016129032258064516,5.954196310386875,0.09603542436107862
fated,1,9.896482790016429e-06,16.62465268685824,5,VB,VBN,fate,0,1,5.954196310386875,7.996288456376238e-05,5.954196310386875,0.016129032258064516,5.954196310386875,0.09603542436107862
scour,1,9.896482790016429e-06,16.62465268685824,5,NN,NNP,scour,0,1,5.954196310386875,2.9732329523553754e-05,5.954196310386875,0.016129032258064516,5.954196310386875,0.09603542436107862
stillness,1,9.896482790016429e-06,16.62465268685824,9,NN,NN,still,0,1,5.954196310386875,2.9732329523553754e-05,5.954196310386875,0.016129032258064516,5.954196310386875,0.09603542436107862
shutting,1,9.896482790016429e-06,16.62465268685824,8,VB,VBG,shut,0,1,5.954196310386875,7.996288456376238e-05,5.954196310386875,0.016129032258064516,5.954196310386875,0.09603542436107862
hawk,1,9.896482790016429e-06,16.62465268685824,4,NN,NN,hawk,0,1,5.954196310386875,2.9732329523553754e-05,5.954196310386875,0.016129032258064516,5.954196310386875,0.09603542436107862
risk,1,9.896482790016429e-06,16.62465268685824,4,NN,NN,risk,0,1,5.954196310386875,2.9732329523553754e-05,5.954196310386875,0.016129032258064516,5.954196310386875,0.09603542436107862
pool,1,9.896482790016429e-06,16.62465268685824,4,NN,NN,pool,0,1,5.954196310386875,2.9732329523553754e-05,5.954196310386875,0.016129032258064516,5.954196310386875,0.09603542436107862
tossing,1,9.896482790016429e-06,16.62465268685824,7,VB,VBG,toss,0,1,5.954196310386875,7.996288456376238e-05,5.954196310386875,0.016129032258064516,5.954196310386875,0.09603542436107862
plaything,1,9.896482790016429e-06,16.62465268685824,9,NN,NN,playth,0,1,5.954196310386875,7.996288456376238e-05,5.954196310386875,0.016129032258064516,5.954196310386875,0.09603542436107862
favourite,1,9.896482790016429e-06,16.62465268685824,9,JJ,JJ,favourit,0,1,5.954196310386875,7.996288456376238e-05,5.954196310386875,0.016129032258064516,5.954196310386875,0.09603542436107862
clogs,1,9.896482790016429e-06,16.62465268685824,5,NN,NNS,clog,0,1,5.954196310386875,7.996288456376238e-05,5.954196310386875,0.016129032258064516,5.954196310386875,0.09603542436107862
repent,1,9.896482790016429e-06,16.62465268685824,6,VB,VB,repent,0,1,5.954196310386875,3.779434252698883e-05,5.954196310386875,0.016129032258064516,5.954196310386875,0.09603542436107862
kneaded,1,9.896482790016429e-06,16.62465268685824,7,VB,VBD,knead,0,1,5.954196310386875,3.2620728383518555e-05,5.954196310386875,0.016129032258064516,5.954196310386875,0.09603542436107862
windowpane,1,9.896482790016429e-06,16.62465268685824,10,NN,NN,windowpan,0,1,5.954196310386875,3.2620728383518555e-05,5.954196310386875,0.016129032258064516,5.954196310386875,0.09603542436107862
lean,1,9.896482790016429e-06,16.62465268685824,4,JJ,JJ,lean,0,1,5.954196310386875,3.2620728383518555e-05,5.954196310386875,0.016129032258064516,5.954196310386875,0.09603542436107862
delayed,1,9.896482790016429e-06,16.62465268685824,7,VB,VBN,delay,0,1,5.954196310386875,6.047570803594372e-05,5.954196310386875,0.016129032258064516,5.954196310386875,0.09603542436107862
sensibly,1,9.896482790016429e-06,16.62465268685824,8,RB,RB,sensibl,0,1,5.954196310386875,6.047570803594372e-05,5.954196310386875,0.016129032258064516,5.954196310386875,0.09603542436107862
greyhaired,1,9.896482790016429e-06,16.62465268685824,10,JJ,JJ,greyhair,0,1,5.954196310386875,6.047570803594372e-05,5.954196310386875,0.016129032258064516,5.954196310386875,0.09603542436107862
crutches,1,9.896482790016429e-06,16.62465268685824,8,NN,NNS,crutch,0,1,5.954196310386875,3.2620728383518555e-05,5.954196310386875,0.016129032258064516,5.954196310386875,0.09603542436107862
pancakes,1,9.896482790016429e-06,16.62465268685824,8,NN,NNS,pancak,0,1,5.954196310386875,3.2620728383518555e-05,5.954196310386875,0.016129032258064516,5.954196310386875,0.09603542436107862
linen,1,9.896482790016429e-06,16.62465268685824,5,NN,NN,linen,0,1,5.954196310386875,3.2620728383518555e-05,5.954196310386875,0.016129032258064516,5.954196310386875,0.09603542436107862
despised,1,9.896482790016429e-06,16.62465268685824,8,VB,VBN,despis,0,1,5.954196310386875,6.047570803594372e-05,5.954196310386875,0.016129032258064516,5.954196310386875,0.09603542436107862
witches,1,9.896482790016429e-06,16.62465268685824,7,NN,NNS,witch,0,1,5.954196310386875,3.2620728383518555e-05,5.954196310386875,0.016129032258064516,5.954196310386875,0.09603542436107862
keen,1,9.896482790016429e-06,16.62465268685824,4,JJ,JJ,keen,0,1,5.954196310386875,3.2620728383518555e-05,5.954196310386875,0.016129032258064516,5.954196310386875,0.09603542436107862
steep,1,9.896482790016429e-06,16.62465268685824,5,JJ,JJ,steep,0,1,5.954196310386875,3.779434252698883e-05,5.954196310386875,0.016129032258064516,5.954196310386875,0.09603542436107862
labour,1,9.896482790016429e-06,16.62465268685824,6,NN,NN,labour,0,1,5.954196310386875,3.779434252698883e-05,5.954196310386875,0.016129032258064516,5.954196310386875,0.09603542436107862
suspected,1,9.896482790016429e-06,16.62465268685824,9,VB,VBD,suspect,0,1,5.954196310386875,3.779434252698883e-05,5.954196310386875,0.016129032258064516,5.954196310386875,0.09603542436107862
shrivelled,1,9.896482790016429e-06,16.62465268685824,10,JJ,JJ,shrivel,0,1,5.954196310386875,3.2620728383518555e-05,5.954196310386875,0.016129032258064516,5.954196310386875,0.09603542436107862
grated,1,9.896482790016429e-06,16.62465268685824,6,JJ,JJ,grate,0,1,5.954196310386875,3.2620728383518555e-05,5.954196310386875,0.016129032258064516,5.954196310386875,0.09603542436107862
ransom,1,9.896482790016429e-06,16.62465268685824,6,NN,NN,ransom,0,1,5.954196310386875,3.779434252698883e-05,5.954196310386875,0.016129032258064516,5.954196310386875,0.09603542436107862
crabshells,1,9.896482790016429e-06,16.62465268685824,10,NN,NNS,crabshel,0,1,5.954196310386875,3.2620728383518555e-05,5.954196310386875,0.016129032258064516,5.954196310386875,0.09603542436107862
clap,1,9.896482790016429e-06,16.62465268685824,4,VB,VB,clap,0,1,5.954196310386875,3.779434252698883e-05,5.954196310386875,0.016129032258064516,5.954196310386875,0.09603542436107862
mount,1,9.896482790016429e-06,16.62465268685824,5,VB,VB,mount,0,1,5.954196310386875,3.779434252698883e-05,5.954196310386875,0.016129032258064516,5.954196310386875,0.09603542436107862
removed,1,9.896482790016429e-06,16.62465268685824,7,VB,VBN,remov,0,1,5.954196310386875,3.779434252698883e-05,5.954196310386875,0.016129032258064516,5.954196310386875,0.09603542436107862
fattening,1,9.896482790016429e-06,16.62465268685824,9,VB,VBG,fatten,0,1,5.954196310386875,3.2620728383518555e-05,5.954196310386875,0.016129032258064516,5.954196310386875,0.09603542436107862
stops,1,9.896482790016429e-06,16.62465268685824,5,VB,VBZ,stop,0,1,5.954196310386875,3.779434252698883e-05,5.954196310386875,0.016129032258064516,5.954196310386875,0.09603542436107862
bath,1,9.896482790016429e-06,16.62465268685824,4,NN,NN,bath,0,1,5.954196310386875,3.779434252698883e-05,5.954196310386875,0.016129032258064516,5.954196310386875,0.09603542436107862
bathinghouse,1,9.896482790016429e-06,16.62465268685824,12,NN,NN,bathinghous,0,1,5.954196310386875,3.779434252698883e-05,5.954196310386875,0.016129032258064516,5.954196310386875,0.09603542436107862
arrive,1,9.896482790016429e-06,16.62465268685824,6,VB,VB,arriv,0,1,5.954196310386875,3.779434252698883e-05,5.954196310386875,0.016129032258064516,5.954196310386875,0.09603542436107862
impatience,1,9.896482790016429e-06,16.62465268685824,10,NN,NN,impati,0,1,5.954196310386875,3.2620728383518555e-05,5.954196310386875,0.016129032258064516,5.954196310386875,0.09603542436107862
fears,1,9.896482790016429e-06,16.62465268685824,5,VB,VBZ,fear,0,1,5.954196310386875,3.779434252698883e-05,5.954196310386875,0.016129032258064516,5.954196310386875,0.09603542436107862
