term_str,n,p,i,n_chars,max_pos_group,max_pos,porter_stem,stop,df,idf,tfidf_mean,dfidf,dp,di,dh,anger,anticipation,disgust,fear,joy,negative,positive,sadness,surprise,trust,sentiment
the,6927,0.0685529362864438,3.86663772836297,3,DT,DT,the,1,62,0.0,0.0,0.0,1.0,0.0,0.0,,,,,,,,,,,
and,5433,0.0537675909981592,4.2171193551869175,3,CC,CC,and,1,62,0.0,0.0,0.0,1.0,0.0,0.0,,,,,,,,,,,
to,2662,0.0263444371870237,5.24635783094635,2,TO,TO,to,1,62,0.0,0.0,0.0,1.0,0.0,0.0,,,,,,,,,,,
he,2093,0.0207133384795043,5.593296090602532,2,PR,PRP,he,1,62,0.0,0.0,0.0,1.0,0.0,0.0,,,,,,,,,,,
a,1909,0.0188923856461413,5.726051299454304,1,DT,DT,a,1,62,0.0,0.0,0.0,1.0,0.0,0.0,,,,,,,,,,,
was,1377,0.0136274568018526,6.197339842723277,3,VB,VBD,wa,1,61,0.0234589728239889,0.000317651492425,1.4309973422633264,0.9838709677419356,0.0234589728239889,0.0230806022945697,,,,,,,,,,,
of,1352,0.0133800447321022,6.223773250576057,2,IN,IN,of,1,62,0.0,0.0,0.0,1.0,0.0,0.0,,,,,,,,,,,
it,1310,0.0129643924549215,6.269301590433429,2,PR,PRP,it,1,61,0.0234589728239889,0.0002884689166032,1.4309973422633264,0.9838709677419356,0.0234589728239889,0.0230806022945697,,,,,,,,,,,
she,1232,0.0121924667973002,6.35786614616334,3,PR,PRP,she,1,54,0.1993088082234066,0.0023598902968118,10.76267564406396,0.8709677419354839,0.1993088082234066,0.1735915426461929,,,,,,,,,,,
you,1192,0.0117966074856995,6.4054841663960795,3,PR,PRP,you,1,60,0.0473057147783568,0.0005820801706842,2.838342886701409,0.967741935483871,0.0473057147783565,0.0457797239790546,,,,,,,,,,,
said,1162,0.011499713001999,6.4422583334537125,4,VB,VBD,said,0,62,0.0,0.0,0.0,1.0,0.0,0.0,,,,,,,,,,,
that,1151,0.0113908516913089,6.455980568726011,4,IN,IN,that,1,61,0.0234589728239889,0.0002615964147454,1.4309973422633264,0.9838709677419356,0.0234589728239889,0.0230806022945697,,,,,,,,,,,
in,1147,0.0113512657601488,6.461003010842417,2,IN,IN,in,1,62,0.0,0.0,0.0,1.0,0.0,0.0,,,,,,,,,,,
her,1115,0.0110345783108683,6.501824692050574,3,PR,PRP$,her,1,57,0.1213062962221336,0.0012925466854917,6.914458884661615,0.9193548387096774,0.1213062962221336,0.1115235303977679,,,,,,,,,,,
i,1103,0.0109158205173881,6.517435611266858,1,PR,PRP,i,1,60,0.0473057147783568,0.0005073415286427,2.838342886701409,0.967741935483871,0.0473057147783565,0.0457797239790546,,,,,,,,,,,
his,1032,0.0102131702392969,6.613425431434987,3,PR,PRP$,hi,1,59,0.071553261025034,0.0007093784587727,4.22164240047701,0.9516129032258064,0.0715532610250337,0.0680910064593063,,,,,,,,,,,
but,897,0.0088771450626447,6.81568851193898,3,CC,CC,but,1,62,0.0,0.0,0.0,1.0,0.0,0.0,,,,,,,,,,,
him,881,0.0087188013380044,6.841654477937827,3,PR,PRP,him,1,62,0.0,0.0,0.0,1.0,0.0,0.0,,,,,,,,,,,
they,842,0.0083328385091938,6.9069762637918455,4,PR,PRP,they,1,59,0.071553261025034,0.0006104344995482,4.22164240047701,0.9516129032258064,0.0715532610250337,0.0680910064593063,,,,,,,,,,,
had,839,0.0083031490608237,6.912125686418418,3,VB,VBD,had,1,62,0.0,0.0,0.0,1.0,0.0,0.0,,,,,,,,,,,
as,770,0.0076202917483126,7.035938051275978,2,IN,IN,as,1,60,0.0473057147783568,0.0003454906787369,2.838342886701409,0.967741935483871,0.0473057147783565,0.0457797239790546,,,,,,,,,,,
not,755,0.0074718445064624,7.0643198526458,3,RB,RB,not,1,61,0.0234589728239889,0.0001762142309263,1.4309973422633264,0.9838709677419356,0.0234589728239889,0.0230806022945697,,,,,,,,,,,
for,746,0.0073827761613522,7.081620866603004,3,IN,IN,for,1,61,0.0234589728239889,0.0001727205708008,1.4309973422633264,0.9838709677419356,0.0234589728239889,0.0230806022945697,,,,,,,,,,,
so,730,0.0072244324367119,7.112900033090861,2,RB,RB,so,1,59,0.071553261025034,0.0005101994914509,4.22164240047701,0.9516129032258064,0.0715532610250337,0.0680910064593063,,,,,,,,,,,
with,703,0.0069572274013815,7.167271807785706,4,IN,IN,with,1,62,0.0,0.0,0.0,1.0,0.0,0.0,,,,,,,,,,,
then,674,0.006670229400471,7.228047905676383,4,RB,RB,then,1,62,0.0,0.0,0.0,1.0,0.0,0.0,,,,,,,,,,,
when,647,0.0064030243651406,7.287030784865734,4,WR,WRB,when,1,62,0.0,0.0,0.0,1.0,0.0,0.0,,,,,,,,,,,
on,628,0.0062149911921303,7.330031937966615,2,IN,IN,on,1,60,0.0473057147783568,0.0002750080306839,2.838342886701409,0.967741935483871,0.0473057147783565,0.0457797239790546,,,,,,,,,,,
at,619,0.0061259228470201,7.350857087643977,2,IN,IN,at,1,61,0.0234589728239889,0.0001485163519631,1.4309973422633264,0.9838709677419356,0.0234589728239889,0.0230806022945697,,,,,,,,,,,
all,587,0.0058092353977396,7.427435993748189,3,DT,DT,all,1,60,0.0473057147783568,0.0002836358132602,2.838342886701409,0.967741935483871,0.0473057147783565,0.0457797239790546,,,,,,,,,,,
will,570,0.0056409951903093,7.469834577806138,4,MD,MD,will,1,60,0.0473057147783568,0.0002578171737017,2.838342886701409,0.967741935483871,0.0473057147783565,0.0457797239790546,,,,,,,,,,,
be,529,0.0052352393959186,7.577528774744216,2,VB,VB,be,1,59,0.071553261025034,0.0003715508521121,4.22164240047701,0.9516129032258064,0.0715532610250337,0.0680910064593063,,,,,,,,,,,
have,502,0.0049680343605882,7.65310913290747,4,VB,VBP,have,1,59,0.071553261025034,0.0003725935174305,4.22164240047701,0.9516129032258064,0.0715532610250337,0.0680910064593063,,,,,,,,,,,
into,479,0.0047404152564178,7.720770841122061,4,IN,IN,into,1,58,0.0962153152593029,0.0004495433546523,5.580488285039572,0.935483870967742,0.0962153152593032,0.0900078755651546,,,,,,,,,,,
out,470,0.0046513469113077,7.748135740293241,3,RP,RP,out,1,61,0.0234589728239889,0.0001094930001593,1.4309973422633264,0.9838709677419356,0.0234589728239889,0.0230806022945697,,,,,,,,,,,
is,465,0.0046018644973576,7.763565780862847,2,VB,VBZ,is,1,58,0.0962153152593029,0.0004396581847169,5.580488285039572,0.935483870967742,0.0962153152593032,0.0900078755651546,,,,,,,,,,,
came,460,0.0045523820834075,7.779162635913866,4,VB,VBD,came,0,60,0.0473057147783568,0.000211840831776,2.838342886701409,0.967741935483871,0.0473057147783565,0.0457797239790546,,,,,,,,,,,
me,455,0.0045028996694574,7.794929951772183,2,PR,PRP,me,1,55,0.1728365968622155,0.0007496328894294,9.506012827421854,0.8870967741935484,0.1728365968622155,0.1533227875390621,,,,,,,,,,,
went,441,0.0043643489103972,7.84001784130072,4,VB,VBD,went,0,58,0.0962153152593029,0.0003847600098248,5.580488285039572,0.935483870967742,0.0962153152593032,0.0900078755651546,,,,,,,,,,,
what,426,0.0042159016685469,7.889943066632403,4,WP,WP,what,1,61,0.0234589728239889,0.000106613209206,1.4309973422633264,0.9838709677419356,0.0234589728239889,0.0230806022945697,,,,,,,,,,,
one,409,0.0040476614611167,7.948695653916492,3,CD,CD,one,0,59,0.071553261025034,0.0002940105555581,4.22164240047701,0.9516129032258064,0.0715532610250337,0.0680910064593063,,,,,,,,,,,
up,401,0.0039684895987965,7.977194260403321,2,RP,RP,up,1,59,0.071553261025034,0.0002826014683307,4.22164240047701,0.9516129032258064,0.0715532610250337,0.0680910064593063,,,,,,,,,,,
there,395,0.0039091107020564,7.998943843793776,5,EX,EX,there,1,61,0.0234589728239889,9.275369826868476e-05,1.4309973422633264,0.9838709677419356,0.0234589728239889,0.0230806022945697,,,,,,,,,,,
little,393,0.0038893177364764,8.006267184599634,6,JJ,JJ,littl,0,53,0.226275855823676,0.0008316936405779,11.992620358654827,0.8548387096774194,0.226275855823676,0.1934293606234649,,,,,,,,,,,
them,377,0.0037309740118361,8.066231973589577,4,PR,PRP,them,1,56,0.1468413883292711,0.0005508820389812,8.223117746439186,0.9032258064516128,0.1468413883292711,0.1326309313941804,,,,,,,,,,,
my,371,0.003671595115096,8.089377310237438,2,PR,PRP$,my,1,55,0.1728365968622155,0.0006165812042205,9.506012827421854,0.8870967741935484,0.1728365968622155,0.1533227875390621,,,,,,,,,,,
s,361,0.0035726302871959,8.12879765997107,1,NN,NN,s,1,57,0.1213062962221336,0.0004122395934069,6.914458884661615,0.9193548387096774,0.1213062962221336,0.1115235303977679,,,,,,,,,,,
king,361,0.0035726302871959,8.12879765997107,4,NN,NN,king,0,29,1.096215315259303,0.0034740312020648,31.79024414251979,0.4677419354838709,1.0962153152593033,0.5127458732664483,,,,,,,,,,,
were,342,0.0033845971141856,8.206800171972343,4,VB,VBD,were,1,57,0.1213062962221336,0.0004166984508344,6.914458884661615,0.9193548387096774,0.1213062962221336,0.1115235303977679,,,,,,,,,,,
if,328,0.0032460463551253,8.267100682240157,2,IN,IN,if,1,57,0.1213062962221336,0.0003782389690307,6.914458884661615,0.9193548387096774,0.1213062962221336,0.1115235303977679,,,,,,,,,,,
this,327,0.0032361498723353,8.27150586136016,4,DT,DT,thi,1,56,0.1468413883292711,0.0004595934587338,8.223117746439186,0.9032258064516128,0.1468413883292711,0.1326309313941804,,,,,,,,,,,
down,324,0.0032064604239653,8.284802683973616,4,RP,RP,down,1,56,0.1468413883292711,0.0004650112221416,8.223117746439186,0.9032258064516128,0.1468413883292711,0.1326309313941804,,,,,,,,,,,
who,317,0.0031371850444352,8.316313656718833,3,WP,WP,who,1,57,0.1213062962221336,0.0003939600235728,6.914458884661615,0.9193548387096774,0.1213062962221336,0.1115235303977679,,,,,,,,,,,
no,310,0.003067909664905,8.348528281584004,2,DT,DT,no,1,59,0.071553261025034,0.0002184244249402,4.22164240047701,0.9516129032258064,0.0715532610250337,0.0680910064593063,,,,,,,,,,,
by,291,0.0028798764918947,8.439777343949958,2,IN,IN,by,1,58,0.0962153152593029,0.0002554817922367,5.580488285039572,0.935483870967742,0.0962153152593032,0.0900078755651546,,,,,,,,,,,
away,291,0.0028798764918947,8.439777343949958,4,RB,RB,away,0,60,0.0473057147783568,0.0001331553966804,2.838342886701409,0.967741935483871,0.0473057147783565,0.0457797239790546,,,,,,,,,,,
do,285,0.0028204975951546,8.469834577806138,2,VB,VB,do,1,59,0.071553261025034,0.0002075250126036,4.22164240047701,0.9516129032258064,0.0715532610250337,0.0680910064593063,,,,,,,,,,,
again,282,0.0027908081467846,8.485101334459447,5,RB,RB,again,1,52,0.253756592245783,0.0006083975301917,13.195342796780716,0.8387096774193549,0.253756592245783,0.2128281096254954,,,,,,,,,,,
go,278,0.0027512222156245,8.505711614134734,2,VB,VB,go,0,52,0.253756592245783,0.0006112057095098,13.195342796780716,0.8387096774193549,0.253756592245783,0.2128281096254954,,,,,,,,,,,
would,265,0.0026225679393543,8.57480413740768,5,MD,MD,would,0,58,0.0962153152593029,0.0002468322434482,5.580488285039572,0.935483870967742,0.0962153152593032,0.0900078755651546,,,,,,,,,,,
could,260,0.0025730855254042,8.602284873829786,5,MD,MD,could,0,54,0.1993088082234066,0.000505276259402,10.76267564406396,0.8709677419354839,0.1993088082234066,0.1735915426461929,,,,,,,,,,,
took,247,0.002444431249134,8.676285455273563,4,VB,VBD,took,0,55,0.1728365968622155,0.0003991178587614,9.506012827421854,0.8870967741935484,0.1728365968622155,0.1533227875390621,,,,,,,,,,,
their,237,0.0023454664212338,8.735909437959982,5,PR,PRP$,their,1,50,0.3103401206121505,0.0006929041176919,15.517006030607524,0.8064516129032258,0.3103401206121505,0.2502742908162503,,,,,,,,,,,
your,234,0.0023157769728638,8.754287967274838,4,PR,PRP$,your,1,51,0.2817709684153795,0.0006630888832979,14.370319389184356,0.8225806451612904,0.2817709684153795,0.2317793449868444,,,,,,,,,,,
very,229,0.0022662945589137,8.785448898761297,4,RB,RB,veri,1,53,0.226275855823676,0.000492878966879,11.992620358654827,0.8548387096774194,0.226275855823676,0.1934293606234649,,,,,,,,,,,
man,226,0.0022366051105437,8.804473724443053,3,NN,NN,man,0,42,0.561878887608115,0.0011294646335599,23.59891327954083,0.6774193548387096,0.561878887608115,0.3806276335409811,,,,,,,,,,,
now,224,0.0022168121449636,8.817297764800637,3,RB,RB,now,1,55,0.1728365968622155,0.0003757193218018,9.506012827421854,0.8870967741935484,0.1728365968622155,0.1533227875390621,,,,,,,,,,,
are,220,0.0021772262138036,8.843292973333583,3,VB,VBP,are,1,55,0.1728365968622155,0.0004313424402339,9.506012827421854,0.8870967741935484,0.1728365968622155,0.1533227875390621,,,,,,,,,,,
did,211,0.0020881578686934,8.903553498151057,3,VB,VBD,did,1,54,0.1993088082234066,0.0004556838500041,10.76267564406396,0.8709677419354839,0.1993088082234066,0.1735915426461929,,,,,,,,,,,
good,206,0.0020386754547433,8.938152159675022,4,JJ,JJ,good,0,51,0.2817709684153795,0.0007015363303771,14.370319389184356,0.8225806451612904,0.2817709684153795,0.2317793449868444,0.0,1.0,0.0,0.0,1.0,0.0,1.0,0.0,1.0,1.0,1.0
can,205,0.0020287789719533,8.945172587352795,3,MD,MD,can,1,52,0.253756592245783,0.00048852093245,13.195342796780716,0.8387096774193549,0.253756592245783,0.2128281096254954,,,,,,,,,,,
old,201,0.0019891930407933,8.973600995679313,3,JJ,JJ,old,0,44,0.494764691749578,0.0012505140931473,21.769646436981432,0.7096774193548387,0.4947646917495778,0.3511233296287326,,,,,,,,,,,
we,200,0.0019792965580032,8.980796497083517,2,PR,PRP,we,1,44,0.494764691749578,0.0009691215200823,21.769646436981432,0.7096774193548387,0.4947646917495778,0.3511233296287326,,,,,,,,,,,
time,200,0.0019792965580032,8.980796497083517,4,NN,NN,time,0,56,0.1468413883292711,0.0002933605013605,8.223117746439186,0.9032258064516128,0.1468413883292711,0.1326309313941804,,,,,,,,,,,
upon,198,0.0019595035924232,8.995296066778632,4,IN,IN,upon,0,46,0.4306343543298623,0.0008914260454921,19.809180299173665,0.7419354838709677,0.4306343543298623,0.3195029080511881,,,,,,,,,,,
from,197,0.0019496071096332,9.002600867401865,4,IN,IN,from,1,53,0.226275855823676,0.0004462425449132,11.992620358654827,0.8548387096774194,0.226275855823676,0.1934293606234649,,,,,,,,,,,
off,196,0.0019397106268432,9.009942842743031,3,RP,RP,off,1,51,0.2817709684153795,0.0005211939142894,14.370319389184356,0.8225806451612904,0.2817709684153795,0.2317793449868444,,,,,,,,,,,
which,189,0.0018704352473131,9.062410262637169,5,WD,WDT,which,1,50,0.3103401206121505,0.0005429365952854,15.517006030607524,0.8064516129032258,0.3103401206121505,0.2502742908162503,,,,,,,,,,,
come,188,0.001860538764523,9.070063835180605,4,VB,VB,come,0,53,0.226275855823676,0.0004063004671223,11.992620358654827,0.8548387096774194,0.226275855823676,0.1934293606234649,,,,,,,,,,,
day,185,0.001830849316153,9.09327122634193,3,NN,NN,day,0,51,0.2817709684153795,0.0005409141853267,14.370319389184356,0.8225806451612904,0.2817709684153795,0.2317793449868444,,,,,,,,,,,
saw,183,0.001811056350573,9.1089528485742,3,VB,VBD,saw,0,53,0.226275855823676,0.0004091095740679,11.992620358654827,0.8548387096774194,0.226275855823676,0.1934293606234649,,,,,,,,,,,
father,183,0.001811056350573,9.1089528485742,6,NN,NN,father,0,29,1.096215315259303,0.0017263611363282,31.79024414251979,0.4677419354838709,1.0962153152593033,0.5127458732664483,,,,,,,,,,,
how,180,0.0017813669022029,9.132799590528569,3,WR,WRB,how,1,48,0.3692338096657191,0.0006529585175203,17.72322286395452,0.7741935483870968,0.3692338096657191,0.285858433289589,,,,,,,,,,,
home,180,0.0017813669022029,9.132799590528569,4,NN,NN,home,0,50,0.3103401206121505,0.0005509177246977,15.517006030607524,0.8064516129032258,0.3103401206121505,0.2502742908162503,,,,,,,,,,,
before,175,0.0017318844882528,9.173441575025912,6,IN,IN,befor,1,53,0.226275855823676,0.0003616371631282,11.992620358654827,0.8548387096774194,0.226275855823676,0.1934293606234649,,,,,,,,,,,
should,172,0.0017021950398828,9.198387932156145,6,MD,MD,should,1,51,0.2817709684153795,0.0005085173423106,14.370319389184356,0.8225806451612904,0.2817709684153795,0.2317793449868444,,,,,,,,,,,
himself,171,0.0016922985570928,9.206800171972343,7,PR,PRP,himself,1,45,0.4623432140572004,0.0007060446862219,20.80544463257402,0.7258064516129032,0.4623432140572004,0.3355716876221616,,,,,,,,,,,
about,170,0.0016824020743027,9.21526175072054,5,IN,IN,about,1,48,0.3692338096657191,0.0005715230948927,17.72322286395452,0.7741935483870968,0.3692338096657191,0.285858433289589,,,,,,,,,,,
shall,169,0.0016725055915127,9.223773250576055,5,MD,MD,shall,0,46,0.4306343543298623,0.0006597574532612,19.809180299173665,0.7419354838709677,0.4306343543298623,0.3195029080511881,,,,,,,,,,,
take,169,0.0016725055915127,9.223773250576055,4,VB,VB,take,0,47,0.3996074587092377,0.0006275393720732,18.781550559334175,0.7580645161290323,0.3996074587092377,0.3029282348279705,,,,,,,,,,,
must,166,0.0016428161431427,9.249613255511315,4,MD,MD,must,0,49,0.339486466271667,0.000517623375899,16.634836847311686,0.7903225806451613,0.339486466271667,0.2683038201179304,,,,,,,,,,,
thought,166,0.0016428161431427,9.249613255511315,7,VB,VBD,thought,0,48,0.3692338096657191,0.0005725600014504,17.72322286395452,0.7741935483870968,0.3692338096657191,0.285858433289589,,,,,,,,,,,
where,165,0.0016329196603527,9.258330472612425,5,WR,WRB,where,1,48,0.3692338096657191,0.0006268148652808,17.72322286395452,0.7741935483870968,0.3692338096657191,0.285858433289589,,,,,,,,,,,
well,164,0.0016230231775626,9.267100682240155,4,RB,RB,well,0,49,0.339486466271667,0.0005558881327676,16.634836847311686,0.7903225806451613,0.339486466271667,0.2683038201179304,,,,,,,,,,,
let,158,0.0015636442808225,9.32087193868114,3,VB,VB,let,0,51,0.2817709684153795,0.0004601471082335,14.370319389184356,0.8225806451612904,0.2817709684153795,0.2317793449868444,,,,,,,,,,,
soon,157,0.0015537477980325,9.330031937966616,4,RB,RB,soon,0,50,0.3103401206121505,0.0004825661003646,15.517006030607524,0.8064516129032258,0.3103401206121505,0.2502742908162503,,,,,,,,,,,
see,155,0.0015339548324525,9.348528281584004,3,VB,VB,see,0,48,0.3692338096657191,0.0005189654779393,17.72322286395452,0.7741935483870968,0.3692338096657191,0.285858433289589,,,,,,,,,,,
cried,153,0.0015141618668725,9.36726484416559,5,VB,VBD,cri,0,46,0.4306343543298623,0.0006613904851089,19.809180299173665,0.7419354838709677,0.4306343543298623,0.3195029080511881,,,,,,,,,,,
mother,152,0.0015042653840824,9.376725173414656,6,NN,NN,mother,0,25,1.3103401206121503,0.0018784790790799,32.758503015303766,0.4032258064516129,1.3103401206121503,0.5283629518597381,0.0,1.0,0.0,0.0,1.0,1.0,1.0,1.0,0.0,1.0,0.0
great,152,0.0015042653840824,9.376725173414656,5,JJ,JJ,great,0,44,0.494764691749578,0.0006350878013843,21.769646436981432,0.7096774193548387,0.4947646917495778,0.3511233296287326,,,,,,,,,,,
back,152,0.0015042653840824,9.376725173414656,4,RB,RB,back,0,49,0.339486466271667,0.0004563783498122,16.634836847311686,0.7903225806451613,0.339486466271667,0.2683038201179304,,,,,,,,,,,
am,151,0.0014943689012924,9.386247947533162,2,VB,VBP,am,1,44,0.494764691749578,0.0008038361005249,21.769646436981432,0.7096774193548387,0.4947646917495778,0.3511233296287326,,,,,,,,,,,
wife,150,0.0014844724185024,9.39583399636236,4,NN,NN,wife,0,33,0.909802191028422,0.0014043729021986,30.02347230393792,0.532258064516129,0.909802191028422,0.4842495532893213,,,,,,,,,,,
give,148,0.0014646794529224,9.415199321229291,4,VB,VB,give,0,42,0.561878887608115,0.0007735634457752,23.59891327954083,0.6774193548387096,0.561878887608115,0.3806276335409811,,,,,,,,,,,
last,147,0.0014547829701324,9.424980342021875,4,JJ,JJ,last,0,48,0.3692338096657191,0.0005498477856052,17.72322286395452,0.7741935483870968,0.3692338096657191,0.285858433289589,,,,,,,,,,,
way,146,0.0014448864873423,9.434828127978223,3,NN,NN,way,0,49,0.339486466271667,0.0004809475004186,16.634836847311686,0.7903225806451613,0.339486466271667,0.2683038201179304,,,,,,,,,,,
over,146,0.0014448864873423,9.434828127978223,4,IN,IN,over,1,46,0.4306343543298623,0.0005578488467818,19.809180299173665,0.7419354838709677,0.4306343543298623,0.3195029080511881,,,,,,,,,,,
long,146,0.0014448864873423,9.434828127978223,4,RB,RB,long,0,49,0.339486466271667,0.0004952606849521,16.634836847311686,0.7903225806451613,0.339486466271667,0.2683038201179304,,,,,,,,,,,
once,145,0.0014349900045523,9.444743596843306,4,RB,RB,onc,1,55,0.1728365968622155,0.0002796370379463,9.506012827421854,0.8870967741935484,0.1728365968622155,0.1533227875390621,,,,,,,,,,,
two,144,0.0014250935217623,9.454727685415929,3,CD,CD,two,0,40,0.632268215499513,0.0009138747956,25.29072861998052,0.6451612903225806,0.632268215499513,0.4079149777416213,,,,,,,,,,,
been,144,0.0014250935217623,9.454727685415929,4,VB,VBN,been,1,48,0.3692338096657191,0.0005938736762091,17.72322286395452,0.7741935483870968,0.3692338096657191,0.285858433289589,,,,,,,,,,,
after,144,0.0014250935217623,9.454727685415929,5,IN,IN,after,1,51,0.2817709684153795,0.0004039800954005,14.370319389184356,0.8225806451612904,0.2817709684153795,0.2317793449868444,,,,,,,,,,,
more,142,0.0014053005561823,9.47490556735356,4,JJ,JJR,more,1,44,0.494764691749578,0.0006545436299911,21.769646436981432,0.7096774193548387,0.4947646917495778,0.3511233296287326,,,,,,,,,,,
some,138,0.0013657146250222,9.516128230080072,4,DT,DT,some,1,51,0.2817709684153795,0.0004290739701294,14.370319389184356,0.8225806451612904,0.2817709684153795,0.2317793449868444,,,,,,,,,,,
put,135,0.0013360251766522,9.54783708980741,3,VB,VBD,put,0,44,0.494764691749578,0.0006199025916742,21.769646436981432,0.7096774193548387,0.4947646917495778,0.3511233296287326,,,,,,,,,,,
an,133,0.0013162322110721,9.569370251357052,2,DT,DT,an,1,51,0.2817709684153795,0.0003835597320186,14.370319389184356,0.8225806451612904,0.2817709684153795,0.2317793449868444,,,,,,,,,,,
door,132,0.0013063357282821,9.580258567499788,4,NN,NN,door,0,39,0.6687940915246268,0.0009792831019059,26.082969569460445,0.6290322580645161,0.6687940915246268,0.4206930575719426,,,,,,,,,,,
has,131,0.0012964392454921,9.59122968532079,3,VB,VBZ,ha,1,45,0.4623432140572004,0.0007293546007698,20.80544463257402,0.7258064516129032,0.4623432140572004,0.3355716876221616,,,,,,,,,,,
fell,130,0.0012865427627021,9.602284873829786,4,VB,VBD,fell,0,46,0.4306343543298623,0.0005093545537914,19.809180299173665,0.7419354838709677,0.4306343543298623,0.3195029080511881,0.0,0.0,0.0,0.0,0.0,1.0,0.0,1.0,0.0,0.0,-1.0
other,130,0.0012865427627021,9.602284873829786,5,JJ,JJ,other,1,48,0.3692338096657191,0.0005074845181242,17.72322286395452,0.7741935483870968,0.3692338096657191,0.285858433289589,,,,,,,,,,,
asked,128,0.0012667497971221,9.62465268685824,5,VB,VBD,ask,0,45,0.4623432140572004,0.0005867956086749,20.80544463257402,0.7258064516129032,0.4623432140572004,0.3355716876221616,,,,,,,,,,,
still,127,0.001256853314332,9.635968000086075,5,RB,RB,still,0,44,0.494764691749578,0.0005951307789462,21.769646436981432,0.7096774193548387,0.4947646917495778,0.3511233296287326,,,,,,,,,,,
or,126,0.001246956831542,9.647372763358325,2,CC,CC,or,1,47,0.3996074587092377,0.0005295878372799,18.781550559334175,0.7580645161290323,0.3996074587092377,0.3029282348279705,,,,,,,,,,,
sat,125,0.001237060348752,9.658868402196154,3,VB,VBD,sat,0,48,0.3692338096657191,0.0004971223950881,17.72322286395452,0.7741935483870968,0.3692338096657191,0.285858433289589,,,,,,,,,,,
till,125,0.001237060348752,9.658868402196154,4,NN,NN,till,0,42,0.561878887608115,0.0006878688186482,23.59891327954083,0.6774193548387096,0.561878887608115,0.3806276335409811,,,,,,,,,,,
like,125,0.001237060348752,9.658868402196154,4,IN,IN,like,0,41,0.5966443057687916,0.000735723000843,24.462416536520458,0.6612903225806451,0.5966443057687916,0.3945551054277492,,,,,,,,,,,
beautiful,123,0.001217267383172,9.682138181519,9,JJ,JJ,beauti,0,34,0.8667334691365358,0.0009224960531029,29.468937950642218,0.5483870967741935,0.8667334691365359,0.4753054508168099,0.0,0.0,0.0,0.0,1.0,0.0,1.0,0.0,0.0,0.0,1.0
nothing,123,0.001217267383172,9.682138181519,7,NN,NN,noth,0,46,0.4306343543298623,0.0005773425737888,19.809180299173665,0.7419354838709677,0.4306343543298623,0.3195029080511881,,,,,,,,,,,
get,122,0.001207370900382,9.693915349295354,3,VB,VB,get,0,44,0.494764691749578,0.0005597036256281,21.769646436981432,0.7096774193548387,0.4947646917495778,0.3511233296287326,,,,,,,,,,,
however,121,0.0011974744175919,9.705789449583646,7,RB,RB,howev,0,47,0.3996074587092377,0.0004532657587889,18.781550559334175,0.7580645161290323,0.3996074587092377,0.3029282348279705,,,,,,,,,,,
found,119,0.0011776814520119,9.729834923550298,5,VB,VBD,found,0,40,0.632268215499513,0.000700061569545,25.29072861998052,0.6451612903225806,0.632268215499513,0.4079149777416213,0.0,0.0,0.0,0.0,1.0,0.0,1.0,0.0,0.0,1.0,1.0
hans,119,0.0011776814520119,9.729834923550298,4,NN,NNPS,han,0,4,3.9541963103868754,0.006483730476802,15.8167852415475,0.064516129032258,3.9541963103868754,0.2551094393797984,,,,,,,,,,,
ran,119,0.0011776814520119,9.729834923550298,3,VB,VBD,ran,0,41,0.5966443057687916,0.0006555564751256,24.462416536520458,0.6612903225806451,0.5966443057687916,0.3945551054277492,,,,,,,,,,,
made,118,0.0011677849692219,9.7420096374964,4,VB,VBD,made,0,43,0.5279315556847771,0.0005937284864751,22.701056894445415,0.6935483870967742,0.5279315556847771,0.366146078942668,,,,,,,,,,,
bird,117,0.0011578884864319,9.754287967274838,4,NN,NN,bird,0,19,1.7062687969432897,0.0018100683862444,32.4191071419225,0.3064516129032258,1.7062687969432897,0.5228888248697178,,,,,,,,,,,
only,117,0.0011578884864319,9.754287967274838,4,RB,RB,onli,1,49,0.339486466271667,0.0003936970815557,16.634836847311686,0.7903225806451613,0.339486466271667,0.2683038201179304,,,,,,,,,,,
began,117,0.0011578884864319,9.754287967274838,5,VB,VBD,began,0,48,0.3692338096657191,0.0004715041656094,17.72322286395452,0.7741935483870968,0.3692338096657191,0.285858433289589,,,,,,,,,,,
head,117,0.0011578884864319,9.754287967274838,4,NN,NN,head,0,40,0.632268215499513,0.0007213256736815,25.29072861998052,0.6451612903225806,0.632268215499513,0.4079149777416213,,,,,,,,,,,
set,116,0.0011479920036419,9.76667169173067,3,VB,VBD,set,0,42,0.561878887608115,0.0006256029282802,23.59891327954083,0.6774193548387096,0.561878887608115,0.3806276335409811,,,,,,,,,,,
son,114,0.0011281990380618,9.7917626726935,3,NN,NN,son,0,21,1.561878887608115,0.0016374792774246,32.79945663977042,0.3387096774193548,1.561878887608115,0.5290234941898454,,,,,,,,,,,
answered,114,0.0011281990380618,9.7917626726935,8,VB,VBD,answer,0,39,0.6687940915246268,0.0008421291081763,26.082969569460445,0.6290322580645161,0.6687940915246268,0.4206930575719426,,,,,,,,,,,
looked,113,0.0011183025552718,9.804473724443053,6,VB,VBD,look,0,46,0.4306343543298623,0.0005117122701851,19.809180299173665,0.7419354838709677,0.4306343543298623,0.3195029080511881,,,,,,,,,,,
heard,111,0.0010985095896918,9.830236820508135,5,VB,VBD,heard,0,45,0.4623432140572004,0.0005402989074074,20.80544463257402,0.7258064516129032,0.4623432140572004,0.3355716876221616,,,,,,,,,,,
got,109,0.0010787166241117,9.856468362081316,3,VB,VBD,got,0,38,0.7062687969432897,0.0007081892062203,26.83821428384501,0.6129032258064516,0.7062687969432897,0.432874423932984,,,,,,,,,,,
water,109,0.0010787166241117,9.856468362081316,5,NN,NN,water,0,32,0.9541963103868752,0.0009728490681811,30.534281932380008,0.5161290322580645,0.9541963103868752,0.4924884182641936,,,,,,,,,,,
gave,108,0.0010688201413217,9.869765184694772,4,VB,VBD,gave,0,38,0.7062687969432897,0.0007090096537893,26.83821428384501,0.6129032258064516,0.7062687969432897,0.432874423932984,,,,,,,,,,,
house,108,0.0010688201413217,9.869765184694772,5,NN,NN,hous,0,36,0.784271308944563,0.0007791090813098,28.233767122004267,0.5806451612903226,0.7842713089445628,0.4553833406774881,,,,,,,,,,,
too,106,0.0010490271757417,9.896732232295042,3,RB,RB,too,1,44,0.494764691749578,0.0005080026517181,21.769646436981432,0.7096774193548387,0.4947646917495778,0.3511233296287326,,,,,,,,,,,
here,104,0.0010292342101617,9.92421296871715,4,RB,RB,here,1,40,0.632268215499513,0.0006787637683238,25.29072861998052,0.6451612903225806,0.632268215499513,0.4079149777416213,,,,,,,,,,,
than,103,0.0010193377273716,9.938152159675022,4,IN,IN,than,1,41,0.5966443057687916,0.0006084892592226,24.462416536520458,0.6612903225806451,0.5966443057687916,0.3945551054277492,,,,,,,,,,,
princess,103,0.0010193377273716,9.938152159675022,8,NN,NN,princess,0,16,1.9541963103868751,0.001806061637288,31.26714096619,0.2580645161290322,1.9541963103868751,0.504308725261129,,,,,,,,,,,
never,102,0.0010094412445816,9.952227344886746,5,RB,RB,never,0,40,0.632268215499513,0.0006714589085969,25.29072861998052,0.6451612903225806,0.632268215499513,0.4079149777416213,,,,,,,,,,,
told,100,0.0009896482790016,9.980796497083515,4,VB,VBD,told,0,43,0.5279315556847771,0.0004878770625499,22.701056894445415,0.6935483870967742,0.5279315556847771,0.366146078942668,,,,,,,,,,,
morning,100,0.0009896482790016,9.980796497083515,7,NN,NN,morn,0,38,0.7062687969432897,0.0007152870071553,26.83821428384501,0.6129032258064516,0.7062687969432897,0.432874423932984,,,,,,,,,,,
first,100,0.0009896482790016,9.980796497083515,5,JJ,JJ,first,0,42,0.561878887608115,0.0005873825307418,23.59891327954083,0.6774193548387096,0.561878887608115,0.3806276335409811,,,,,,,,,,,
woman,99,0.0009797517962116,9.995296066778632,5,NN,NN,woman,0,19,1.7062687969432897,0.0014357928259984,32.4191071419225,0.3064516129032258,1.7062687969432897,0.5228888248697178,,,,,,,,,,,
night,98,0.0009698553134216,10.009942842743031,5,NN,NN,night,0,33,0.909802191028422,0.0007589634617838,30.02347230393792,0.532258064516129,0.909802191028422,0.4842495532893213,,,,,,,,,,,
much,97,0.0009599588306315,10.024739844671114,4,JJ,JJ,much,0,47,0.3996074587092377,0.0004130808610718,18.781550559334175,0.7580645161290323,0.3996074587092377,0.3029282348279705,,,,,,,,,,,
together,97,0.0009599588306315,10.024739844671114,8,RB,RB,togeth,0,43,0.5279315556847771,0.0005888409126234,22.701056894445415,0.6935483870967742,0.5279315556847771,0.366146078942668,,,,,,,,,,,
three,96,0.0009500623478415,10.039690186137085,5,CD,CD,three,0,34,0.8667334691365358,0.0007779188352741,29.468937950642218,0.5483870967741935,0.8667334691365359,0.4753054508168099,,,,,,,,,,,
called,96,0.0009500623478415,10.039690186137085,6,VB,VBD,call,0,41,0.5966443057687916,0.0005548885883783,24.462416536520458,0.6612903225806451,0.5966443057687916,0.3945551054277492,,,,,,,,,,,
daughter,94,0.0009302693822615,10.070063835180605,8,NN,NN,daughter,0,27,1.199308808223407,0.0009824481078374,32.38133782203198,0.4354838709677419,1.199308808223407,0.5222796422908385,0.0,0.0,0.0,0.0,1.0,0.0,1.0,0.0,0.0,0.0,1.0
gretel,94,0.0009302693822615,10.070063835180605,6,NN,NNP,gretel,0,3,4.369233809665719,0.00539323585665,13.107701428997157,0.0483870967741935,4.369233809665719,0.2114145391773735,,,,,,,,,,,
eat,93,0.0009203728994715,10.08549387575021,3,VB,VB,eat,0,37,0.7447429447579255,0.0008807411455404,27.55548895604324,0.5967741935483871,0.7447429447579255,0.4444433702587619,,,,,,,,,,,
brought,91,0.0009005799338914,10.116858046659544,7,VB,VBD,brought,0,43,0.5279315556847771,0.0004907561623526,22.701056894445415,0.6935483870967742,0.5279315556847771,0.366146078942668,,,,,,,,,,,
herself,91,0.0009005799338914,10.116858046659544,7,PR,PRP,herself,1,35,0.8249132934419087,0.0007550648119432,28.8719652704668,0.5645161290322581,0.8249132934419087,0.4656768592010775,,,,,,,,,,,
know,90,0.0008906834511014,10.132799590528569,4,VB,VB,know,0,44,0.494764691749578,0.0004584632027436,21.769646436981432,0.7096774193548387,0.4947646917495778,0.3511233296287326,,,,,,,,,,,
poor,90,0.0008906834511014,10.132799590528569,4,JJ,JJ,poor,0,42,0.561878887608115,0.0005642251560233,23.59891327954083,0.6774193548387096,0.561878887608115,0.3806276335409811,,,,,,,,,,,
just,90,0.0008906834511014,10.132799590528569,4,RB,RB,just,1,36,0.784271308944563,0.0007396996618994,28.233767122004267,0.5806451612903226,0.7842713089445628,0.4553833406774881,,,,,,,,,,,
gold,89,0.0008807869683114,10.148919255891844,4,NN,NN,gold,0,32,0.9541963103868752,0.0007256949938984,30.534281932380008,0.5161290322580645,0.9541963103868752,0.4924884182641936,,,,,,,,,,,
golden,89,0.0008807869683114,10.148919255891844,6,JJ,JJ,golden,0,21,1.561878887608115,0.0009904754120231,32.79945663977042,0.3387096774193548,1.561878887608115,0.5290234941898454,,,,,,,,,,,
quite,89,0.0008807869683114,10.148919255891844,5,RB,RB,quit,0,42,0.561878887608115,0.0005419822329854,23.59891327954083,0.6774193548387096,0.561878887608115,0.3806276335409811,,,,,,,,,,,
horse,88,0.0008708904855214,10.165221068220944,5,NN,NN,hors,0,14,2.146841388329271,0.0018829625351851,30.055779436609797,0.2258064516129032,2.146841388329271,0.4847706360743515,,,,,,,,,,,
tree,88,0.0008708904855214,10.165221068220944,4,NN,NN,tree,0,28,1.1468413883292712,0.0009852653362202,32.11155887321959,0.4516129032258064,1.1468413883292712,0.5179283689228966,1.0,1.0,1.0,0.0,1.0,0.0,1.0,0.0,1.0,1.0,1.0
might,86,0.0008510975199414,10.198387932156145,5,MD,MD,might,0,40,0.632268215499513,0.0004876654871547,25.29072861998052,0.6451612903225806,0.632268215499513,0.4079149777416213,,,,,,,,,,,
round,85,0.0008412010371513,10.21526175072054,5,NN,NN,round,0,35,0.8249132934419087,0.0006395085698949,28.8719652704668,0.5645161290322581,0.8249132934419087,0.4656768592010775,,,,,,,,,,,
forest,85,0.0008412010371513,10.21526175072054,6,NN,NN,forest,0,18,1.784271308944563,0.0013722825681924,32.11688356100213,0.2903225806451613,1.7842713089445628,0.5180142509839053,,,,,,,,,,,
next,84,0.0008313045543613,10.23233526407948,4,JJ,JJ,next,0,37,0.7447429447579255,0.0006532160376399,27.55548895604324,0.5967741935483871,0.7447429447579255,0.4444433702587619,,,,,,,,,,,
done,84,0.0008313045543613,10.23233526407948,4,VB,VBN,done,0,39,0.6687940915246268,0.0006013761103012,26.082969569460445,0.6290322580645161,0.6687940915246268,0.4206930575719426,,,,,,,,,,,
child,83,0.0008214080715713,10.249613255511315,5,NN,NN,child,0,27,1.199308808223407,0.0010810472109015,32.38133782203198,0.4354838709677419,1.199308808223407,0.5222796422908385,0.0,1.0,0.0,0.0,1.0,0.0,1.0,0.0,0.0,0.0,1.0
fox,83,0.0008214080715713,10.249613255511315,3,NN,NN,fox,0,8,2.9541963103868754,0.006123253856956,23.633570483095003,0.1290322580645161,2.9541963103868754,0.3811866206950807,,,,,,,,,,,
may,83,0.0008214080715713,10.249613255511315,3,MD,MD,may,0,35,0.8249132934419087,0.0006212591483108,28.8719652704668,0.5645161290322581,0.8249132934419087,0.4656768592010775,,,,,,,,,,,
lay,82,0.0008115115887813,10.267100682240155,3,VB,VBD,lay,0,34,0.8667334691365358,0.0006447999768646,29.468937950642218,0.5483870967741935,0.8667334691365359,0.4753054508168099,,,,,,,,,,,
castle,82,0.0008115115887813,10.267100682240155,6,NN,NN,castl,0,16,1.9541963103868751,0.0013682966698296,31.26714096619,0.2580645161290322,1.9541963103868751,0.504308725261129,,,,,,,,,,,
left,80,0.0007917186232013,10.30272459197088,4,VB,VBD,left,0,40,0.632268215499513,0.0004849849586914,25.29072861998052,0.6451612903225806,0.632268215499513,0.4079149777416213,,,,,,,,,,,
through,80,0.0007917186232013,10.30272459197088,7,IN,IN,through,1,32,0.9541963103868752,0.0006654985854801,30.534281932380008,0.5161290322580645,0.9541963103868752,0.4924884182641936,,,,,,,,,,,
wood,80,0.0007917186232013,10.30272459197088,4,NN,NN,wood,0,30,1.0473057147783569,0.0009809847179312,31.419171443350702,0.4838709677419355,1.0473057147783564,0.5067608297314629,,,,,,,,,,,
any,79,0.0007818221404112,10.32087193868114,3,DT,DT,ani,1,37,0.7447429447579255,0.0005525690536251,27.55548895604324,0.5967741935483871,0.7447429447579255,0.4444433702587619,,,,,,,,,,,
make,79,0.0007818221404112,10.32087193868114,4,VB,VB,make,0,38,0.7062687969432897,0.0006042790364555,26.83821428384501,0.6129032258064516,0.7062687969432897,0.432874423932984,,,,,,,,,,,
stood,79,0.0007818221404112,10.32087193868114,5,VB,VBD,stood,0,38,0.7062687969432897,0.0005157508527129,26.83821428384501,0.6129032258064516,0.7062687969432897,0.432874423932984,,,,,,,,,,,
children,78,0.0007719256576212,10.339250467995994,8,NN,NNS,children,0,12,2.3692338096657193,0.0018486901122895,28.430805715988633,0.1935483870967742,2.3692338096657193,0.4585613825159456,,,,,,,,,,,
us,78,0.0007719256576212,10.339250467995994,2,PR,PRP,us,0,34,0.8667334691365358,0.0006035418625456,29.468937950642218,0.5483870967741935,0.8667334691365359,0.4753054508168099,,,,,,,,,,,
cut,78,0.0007719256576212,10.339250467995994,3,VB,VBD,cut,0,35,0.8249132934419087,0.0006580495413643,28.8719652704668,0.5645161290322581,0.8249132934419087,0.4656768592010775,,,,,,,,,,,
each,77,0.0007620291748312,10.35786614616334,4,DT,DT,each,1,29,1.096215315259303,0.0009369715502879,31.79024414251979,0.4677419354838709,1.0962153152593033,0.5127458732664483,,,,,,,,,,,
young,76,0.0007521326920412,10.376725173414656,5,JJ,JJ,young,0,28,1.1468413883292712,0.0010976321474689,32.11155887321959,0.4516129032258064,1.1468413883292712,0.5179283689228966,0.0,1.0,0.0,0.0,1.0,0.0,1.0,0.0,1.0,0.0,1.0
queen,76,0.0007521326920412,10.376725173414656,5,NN,NN,queen,0,14,2.146841388329271,0.0014867999671538,30.055779436609797,0.2258064516129032,2.146841388329271,0.4847706360743515,,,,,,,,,,,
such,76,0.0007521326920412,10.376725173414656,4,JJ,JJ,such,1,39,0.6687940915246268,0.000477577761231,26.082969569460445,0.6290322580645161,0.6687940915246268,0.4206930575719426,,,,,,,,,,,
find,76,0.0007521326920412,10.376725173414656,4,VB,VB,find,0,32,0.9541963103868752,0.0006122528377758,30.534281932380008,0.5161290322580645,0.9541963103868752,0.4924884182641936,,,,,,,,,,,
going,75,0.0007422362092512,10.39583399636236,5,VB,VBG,go,0,34,0.8667334691365358,0.0005648808268628,29.468937950642218,0.5483870967741935,0.8667334691365359,0.4753054508168099,,,,,,,,,,,
hand,74,0.0007323397264612,10.415199321229291,4,NN,NN,hand,0,33,0.909802191028422,0.0005784361841776,30.02347230393792,0.532258064516129,0.909802191028422,0.4842495532893213,,,,,,,,,,,
bed,74,0.0007323397264612,10.415199321229291,3,NN,NN,bed,0,24,1.369233809665719,0.0008633179533857,32.86161143197726,0.3870967741935484,1.369233809665719,0.5300259908383429,,,,,,,,,,,
bring,73,0.0007224432436711,10.434828127978223,5,VB,VB,bring,0,31,1.0,0.000812616881583,31.0,0.5,1.0,0.5,,,,,,,,,,,
another,73,0.0007224432436711,10.434828127978223,7,DT,DT,anoth,0,39,0.6687940915246268,0.0005142712278291,26.082969569460445,0.6290322580645161,0.6687940915246268,0.4206930575719426,,,,,,,,,,,
heart,73,0.0007224432436711,10.434828127978223,5,NN,NN,heart,0,36,0.784271308944563,0.0005382085293935,28.233767122004267,0.5806451612903226,0.7842713089445628,0.4553833406774881,,,,,,,,,,,
behind,72,0.0007125467608811,10.454727685415929,6,IN,IN,behind,0,37,0.7447429447579255,0.0005756987291591,27.55548895604324,0.5967741935483871,0.7447429447579255,0.4444433702587619,,,,,,,,,,,
every,72,0.0007125467608811,10.454727685415929,5,DT,DT,everi,0,35,0.8249132934419087,0.0005886019087674,28.8719652704668,0.5645161290322581,0.8249132934419087,0.4656768592010775,,,,,,,,,,,
fast,71,0.0007026502780911,10.47490556735356,4,RB,RB,fast,0,33,0.909802191028422,0.0007076764127926,30.02347230393792,0.532258064516129,0.909802191028422,0.4842495532893213,,,,,,,,,,,
look,71,0.0007026502780911,10.47490556735356,4,VB,VB,look,0,38,0.7062687969432897,0.0004810790340279,26.83821428384501,0.6129032258064516,0.7062687969432897,0.432874423932984,,,,,,,,,,,
wolf,70,0.0006927537953011,10.495369669913275,4,NN,NN,wolf,0,7,3.146841388329271,0.00311401993984,22.0278897183049,0.1129032258064516,3.146841388329271,0.3552885438436274,,,,,,,,,,,
fire,70,0.0006927537953011,10.495369669913275,4,NN,NN,fire,0,22,1.494764691749578,0.0010805973421482,32.884823218490716,0.3548387096774194,1.4947646917495778,0.5304003744917857,,,,,,,,,,,
boy,69,0.0006828573125111,10.516128230080072,3,NN,NN,boy,0,12,2.3692338096657193,0.0009869816658245,28.430805715988633,0.1935483870967742,2.3692338096657193,0.4585613825159456,0.0,0.0,1.0,0.0,0.0,1.0,0.0,0.0,0.0,0.0,-1.0
while,69,0.0006828573125111,10.516128230080072,5,NN,NN,while,1,37,0.7447429447579255,0.0005233234621407,27.55548895604324,0.5967741935483871,0.7447429447579255,0.4444433702587619,,,,,,,,,,,
gone,68,0.0006729608297211,10.537189845607902,4,VB,VBN,gone,0,32,0.9541963103868752,0.0005634001598274,30.534281932380008,0.5161290322580645,0.9541963103868752,0.4924884182641936,,,,,,,,,,,
evening,68,0.0006729608297211,10.537189845607902,7,NN,NN,even,0,28,1.1468413883292712,0.0008739460593297,32.11155887321959,0.4516129032258064,1.1468413883292712,0.5179283689228966,,,,,,,,,,,
cat,68,0.0006729608297211,10.537189845607902,3,NN,NN,cat,0,12,2.3692338096657193,0.0038358383229466,28.430805715988633,0.1935483870967742,2.3692338096657193,0.4585613825159456,,,,,,,,,,,
tell,68,0.0006729608297211,10.537189845607902,4,VB,VB,tell,0,30,1.0473057147783569,0.0006651034174479,31.419171443350702,0.4838709677419355,1.0473057147783564,0.5067608297314629,,,,,,,,,,,
tailor,67,0.0006630643469311,10.558563496400469,6,NN,NN,tailor,0,4,3.9541963103868754,0.0016396665304245,15.8167852415475,0.064516129032258,3.9541963103868754,0.2551094393797984,,,,,,,,,,,
under,67,0.0006630643469311,10.558563496400469,5,IN,IN,under,1,33,0.909802191028422,0.0005924967086931,30.02347230393792,0.532258064516129,0.909802191028422,0.4842495532893213,,,,,,,,,,,
something,67,0.0006630643469311,10.558563496400469,9,NN,NN,someth,0,32,0.9541963103868752,0.0007139355866501,30.534281932380008,0.5161290322580645,0.9541963103868752,0.4924884182641936,,,,,,,,,,,
prince,66,0.000653167864141,10.580258567499788,6,NN,NN,princ,0,11,2.494764691749578,0.0011935685933658,27.44241160924536,0.1774193548387097,2.4947646917495776,0.4426195420846025,,,,,,,,,,,
work,65,0.000643271381351,10.602284873829786,4,NN,NN,work,0,29,1.096215315259303,0.0008765521444471,31.79024414251979,0.4677419354838709,1.0962153152593033,0.5127458732664483,,,,,,,,,,,
laid,65,0.000643271381351,10.602284873829786,4,VB,VBD,laid,0,32,0.9541963103868752,0.0005817065015749,30.534281932380008,0.5161290322580645,0.9541963103868752,0.4924884182641936,,,,,,,,,,,
white,64,0.000633374898561,10.62465268685824,5,JJ,JJ,white,0,21,1.561878887608115,0.0007803620896343,32.79945663977042,0.3387096774193548,1.561878887608115,0.5290234941898454,0.0,1.0,0.0,0.0,1.0,0.0,1.0,0.0,0.0,1.0,1.0
asleep,63,0.000623478415771,10.647372763358325,6,RB,RB,asleep,0,27,1.199308808223407,0.0006316204667504,32.38133782203198,0.4354838709677419,1.199308808223407,0.5222796422908385,,,,,,,,,,,
world,63,0.000623478415771,10.647372763358325,5,NN,NN,world,0,36,0.784271308944563,0.0004909233311248,28.233767122004267,0.5806451612903226,0.7842713089445628,0.4553833406774881,,,,,,,,,,,
eyes,63,0.000623478415771,10.647372763358325,4,NN,NNS,eye,0,34,0.8667334691365358,0.0005985426599632,29.468937950642218,0.5483870967741935,0.8667334691365359,0.4753054508168099,,,,,,,,,,,
cook,62,0.000613581932981,10.670456376471366,4,NN,NN,cook,0,16,1.9541963103868751,0.0013393258477303,31.26714096619,0.2580645161290322,1.9541963103868751,0.504308725261129,,,,,,,,,,,
dwarf,62,0.000613581932981,10.670456376471366,5,NN,NN,dwarf,0,10,2.6322682154995127,0.0016204696405257,26.322682154995128,0.1612903225806451,2.6322682154995127,0.4245593895966956,,,,,,,,,,,
flew,61,0.000603685450191,10.693915349295354,4,VB,VBD,flew,0,24,1.369233809665719,0.0008547131960391,32.86161143197726,0.3870967741935484,1.369233809665719,0.5300259908383429,,,,,,,,,,,
until,60,0.0005937889674009,10.717762091249725,5,IN,IN,until,1,25,1.3103401206121503,0.0008287572477962,32.758503015303766,0.4032258064516129,1.3103401206121503,0.5283629518597381,,,,,,,,,,,
sitting,60,0.0005937889674009,10.717762091249725,7,VB,VBG,sit,0,33,0.909802191028422,0.0006006242404149,30.02347230393792,0.532258064516129,0.909802191028422,0.4842495532893213,,,,,,,,,,,
girl,59,0.0005838924846109,10.7420096374964,4,NN,NN,girl,0,14,2.146841388329271,0.0011948715115007,30.055779436609797,0.2258064516129032,2.146841388329271,0.4847706360743515,,,,,,,,,,,
own,58,0.0005739960018209,10.76667169173067,3,JJ,JJ,own,1,31,1.0,0.0004847377644764,31.0,0.5,1.0,0.5,,,,,,,,,,,
life,58,0.0005739960018209,10.76667169173067,4,NN,NN,life,0,24,1.369233809665719,0.0007985676947713,32.86161143197726,0.3870967741935484,1.369233809665719,0.5300259908383429,,,,,,,,,,,
dead,58,0.0005739960018209,10.76667169173067,4,JJ,JJ,dead,0,25,1.3103401206121503,0.0007947744529731,32.758503015303766,0.4032258064516129,1.3103401206121503,0.5283629518597381,,,,,,,,,,,
why,58,0.0005739960018209,10.76667169173067,3,WR,WRB,whi,1,35,0.8249132934419087,0.0004847941777703,28.8719652704668,0.5645161290322581,0.8249132934419087,0.4656768592010775,,,,,,,,,,,
side,57,0.0005640995190309,10.7917626726935,4,NN,NN,side,0,27,1.199308808223407,0.0005496162852231,32.38133782203198,0.4354838709677419,1.199308808223407,0.5222796422908385,,,,,,,,,,,
dear,57,0.0005640995190309,10.7917626726935,4,JJ,JJ,dear,0,30,1.0473057147783569,0.0006990444909478,31.419171443350702,0.4838709677419355,1.0473057147783564,0.5067608297314629,,,,,,,,,,,
wanted,56,0.0005542030362409,10.817297764800635,6,VB,VBD,want,0,24,1.369233809665719,0.0007176186759734,32.86161143197726,0.3870967741935484,1.369233809665719,0.5300259908383429,,,,,,,,,,,
hair,56,0.0005542030362409,10.817297764800635,4,NN,NN,hair,0,15,2.0473057147783567,0.0009334083420284,30.70958572167535,0.2419354838709677,2.0473057147783567,0.4953158987366992,,,,,,,,,,,
open,56,0.0005542030362409,10.817297764800635,4,JJ,JJ,open,0,27,1.199308808223407,0.0007388545254734,32.38133782203198,0.4354838709677419,1.199308808223407,0.5222796422908385,,,,,,,,,,,
bride,56,0.0005542030362409,10.817297764800635,5,NN,NN,bride,0,12,2.3692338096657193,0.0011202571695743,28.430805715988633,0.1935483870967742,2.3692338096657193,0.4585613825159456,0.0,1.0,0.0,0.0,1.0,0.0,1.0,0.0,0.0,1.0,1.0
ah,56,0.0005542030362409,10.817297764800635,2,NN,NNP,ah,0,26,1.253756592245783,0.0006928332470925,32.597671398390354,0.4193548387096774,1.253756592245783,0.5257688935224252,,,,,,,,,,,
care,56,0.0005542030362409,10.817297764800635,4,NN,NN,care,0,32,0.9541963103868752,0.0004955782475174,30.534281932380008,0.5161290322580645,0.9541963103868752,0.4924884182641936,,,,,,,,,,,
knew,56,0.0005542030362409,10.817297764800635,4,VB,VBD,knew,0,34,0.8667334691365358,0.0004752322754728,29.468937950642218,0.5483870967741935,0.8667334691365359,0.4753054508168099,,,,,,,,,,,
run,55,0.0005443065534509,10.843292973333584,3,VB,VB,run,0,27,1.199308808223407,0.0006928794175708,32.38133782203198,0.4354838709677419,1.199308808223407,0.5222796422908385,,,,,,,,,,,
many,55,0.0005443065534509,10.843292973333584,4,JJ,JJ,mani,0,32,0.9541963103868752,0.0006246146202236,30.534281932380008,0.5161290322580645,0.9541963103868752,0.4924884182641936,,,,,,,,,,,
fine,54,0.0005344100706608,10.869765184694772,4,JJ,JJ,fine,0,32,0.9541963103868752,0.0005117019027741,30.534281932380008,0.5161290322580645,0.9541963103868752,0.4924884182641936,,,,,,,,,,,
say,54,0.0005344100706608,10.869765184694772,3,VB,VB,say,0,29,1.096215315259303,0.000543906356992,31.79024414251979,0.4677419354838709,1.0962153152593033,0.5127458732664483,,,,,,,,,,,
oh,52,0.0005146171050808,10.92421296871715,2,NN,NNP,oh,0,26,1.253756592245783,0.0007663623263385,32.597671398390354,0.4193548387096774,1.253756592245783,0.5257688935224252,,,,,,,,,,,
full,52,0.0005146171050808,10.92421296871715,4,JJ,JJ,full,0,29,1.096215315259303,0.0006449362584597,31.79024414251979,0.4677419354838709,1.0962153152593033,0.5127458732664483,,,,,,,,,,,
yes,52,0.0005146171050808,10.92421296871715,3,NN,NNP,ye,0,28,1.1468413883292712,0.00070715744966,32.11155887321959,0.4516129032258064,1.1468413883292712,0.5179283689228966,,,,,,,,,,,
without,52,0.0005146171050808,10.92421296871715,7,IN,IN,without,0,34,0.8667334691365358,0.0004374808232471,29.468937950642218,0.5483870967741935,0.8667334691365359,0.4753054508168099,,,,,,,,,,,
enough,52,0.0005146171050808,10.92421296871715,6,RB,RB,enough,0,27,1.199308808223407,0.0006989287266163,32.38133782203198,0.4354838709677419,1.199308808223407,0.5222796422908385,,,,,,,,,,,
want,52,0.0005146171050808,10.92421296871715,4,VB,VBP,want,0,27,1.199308808223407,0.0006511137735926,32.38133782203198,0.4354838709677419,1.199308808223407,0.5222796422908385,,,,,,,,,,,
seven,52,0.0005146171050808,10.92421296871715,5,CD,CD,seven,0,12,2.3692338096657193,0.0010757314427255,28.430805715988633,0.1935483870967742,2.3692338096657193,0.4585613825159456,,,,,,,,,,,
happened,51,0.0005047206222908,10.952227344886746,8,VB,VBN,happen,0,30,1.0473057147783569,0.0005106312278721,31.419171443350702,0.4838709677419355,1.0473057147783564,0.5067608297314629,,,,,,,,,,,
master,50,0.0004948241395008,10.980796497083515,6,NN,NN,master,0,16,1.9541963103868751,0.001578416398181,31.26714096619,0.2580645161290322,1.9541963103868751,0.504308725261129,,,,,,,,,,,
thing,50,0.0004948241395008,10.980796497083515,5,NN,NN,thing,0,26,1.253756592245783,0.0005845019043584,32.597671398390354,0.4193548387096774,1.253756592245783,0.5257688935224252,,,,,,,,,,,
third,50,0.0004948241395008,10.980796497083515,5,JJ,JJ,third,0,28,1.1468413883292712,0.0005652715922068,32.11155887321959,0.4516129032258064,1.1468413883292712,0.5179283689228966,,,,,,,,,,,
peasant,50,0.0004948241395008,10.980796497083515,7,NN,NN,peasant,0,4,3.9541963103868754,0.0018760077017476,15.8167852415475,0.064516129032258,3.9541963103868754,0.2551094393797984,,,,,,,,,,,
wished,50,0.0004948241395008,10.980796497083515,6,VB,VBD,wish,0,26,1.253756592245783,0.0005952655115658,32.597671398390354,0.4193548387096774,1.253756592245783,0.5257688935224252,,,,,,,,,,,
better,50,0.0004948241395008,10.980796497083515,6,JJ,JJR,better,0,28,1.1468413883292712,0.0006705271742922,32.11155887321959,0.4516129032258064,1.1468413883292712,0.5179283689228966,,,,,,,,,,,
whole,50,0.0004948241395008,10.980796497083515,5,JJ,JJ,whole,0,28,1.1468413883292712,0.0005315451505841,32.11155887321959,0.4516129032258064,1.1468413883292712,0.5179283689228966,,,,,,,,,,,
longer,49,0.0004849276567108,11.009942842743031,6,RB,RBR,longer,0,29,1.096215315259303,0.0005803086450003,31.79024414251979,0.4677419354838709,1.0962153152593033,0.5127458732664483,,,,,,,,,,,
t,49,0.0004849276567108,11.009942842743031,1,NN,NN,t,1,25,1.3103401206121503,0.0005651151455979,32.758503015303766,0.4032258064516129,1.3103401206121503,0.5283629518597381,,,,,,,,,,,
leave,49,0.0004849276567108,11.009942842743031,5,VB,VB,leav,0,29,1.096215315259303,0.0005326759079194,31.79024414251979,0.4677419354838709,1.0962153152593033,0.5127458732664483,0.0,0.0,0.0,0.0,0.0,1.0,0.0,1.0,1.0,0.0,-1.0
yet,48,0.0004750311739207,11.039690186137085,3,RB,RB,yet,0,27,1.199308808223407,0.0006107711901383,32.38133782203198,0.4354838709677419,1.199308808223407,0.5222796422908385,,,,,,,,,,,
thou,48,0.0004750311739207,11.039690186137085,4,NN,NN,thou,0,11,2.494764691749578,0.0011782715277038,27.44241160924536,0.1774193548387097,2.4947646917495776,0.4426195420846025,,,,,,,,,,,
lived,48,0.0004750311739207,11.039690186137085,5,VB,VBD,live,0,33,0.909802191028422,0.00047083405695,30.02347230393792,0.532258064516129,0.909802191028422,0.4842495532893213,,,,,,,,,,,
room,48,0.0004750311739207,11.039690186137085,4,NN,NN,room,0,28,1.1468413883292712,0.0006724949900538,32.11155887321959,0.4516129032258064,1.1468413883292712,0.5179283689228966,,,,,,,,,,,
soldier,48,0.0004750311739207,11.039690186137085,7,NN,NN,soldier,0,4,3.9541963103868754,0.0018616831571715,15.8167852415475,0.064516129032258,3.9541963103868754,0.2551094393797984,1.0,0.0,0.0,0.0,0.0,0.0,1.0,1.0,0.0,0.0,1.0
money,48,0.0004750311739207,11.039690186137085,5,NN,NN,money,0,20,1.632268215499513,0.0009090429000491,32.645364309990256,0.3225806451612903,1.632268215499513,0.5265381340321009,1.0,1.0,0.0,0.0,1.0,0.0,1.0,0.0,1.0,1.0,1.0
its,47,0.0004651346911307,11.070063835180605,3,PR,PRP$,it,1,24,1.369233809665719,0.0005331255640171,32.86161143197726,0.3870967741935484,1.369233809665719,0.5300259908383429,,,,,,,,,,,
window,47,0.0004651346911307,11.070063835180605,6,NN,NN,window,0,25,1.3103401206121503,0.0006068075146788,32.758503015303766,0.4032258064516129,1.3103401206121503,0.5283629518597381,,,,,,,,,,,
think,47,0.0004651346911307,11.070063835180605,5,VB,VB,think,0,31,1.0,0.0004609381249948,31.0,0.5,1.0,0.5,,,,,,,,,,,
husband,47,0.0004651346911307,11.070063835180605,7,NN,NN,husband,0,16,1.9541963103868751,0.0008839668867273,31.26714096619,0.2580645161290322,1.9541963103868751,0.504308725261129,,,,,,,,,,,
drink,47,0.0004651346911307,11.070063835180605,5,VB,VB,drink,0,19,1.7062687969432897,0.0008106591259868,32.4191071419225,0.3064516129032258,1.7062687969432897,0.5228888248697178,,,,,,,,,,,
sun,47,0.0004651346911307,11.070063835180605,3,NN,NN,sun,0,19,1.7062687969432897,0.0006644675169743,32.4191071419225,0.3064516129032258,1.7062687969432897,0.5228888248697178,0.0,1.0,0.0,0.0,1.0,0.0,1.0,0.0,1.0,1.0,1.0
thus,46,0.0004552382083407,11.101090730801229,4,RB,RB,thu,0,27,1.199308808223407,0.0005421767757988,32.38133782203198,0.4354838709677419,1.199308808223407,0.5222796422908385,,,,,,,,,,,
our,46,0.0004552382083407,11.101090730801229,3,PR,PRP$,our,1,28,1.1468413883292712,0.0004750209945454,32.11155887321959,0.4516129032258064,1.1468413883292712,0.5179283689228966,,,,,,,,,,,
right,46,0.0004552382083407,11.101090730801229,5,JJ,JJ,right,0,24,1.369233809665719,0.0004997023913858,32.86161143197726,0.3870967741935484,1.369233809665719,0.5300259908383429,,,,,,,,,,,
help,45,0.0004453417255507,11.132799590528569,4,VB,VB,help,0,24,1.369233809665719,0.0004861215965584,32.86161143197726,0.3870967741935484,1.369233809665719,0.5300259908383429,,,,,,,,,,,
garden,45,0.0004453417255507,11.132799590528569,6,NN,NN,garden,0,17,1.866733469136536,0.000662067031238,31.734468975321107,0.2741935483870967,1.866733469136536,0.5118462737955017,0.0,0.0,0.0,0.0,1.0,0.0,1.0,0.0,0.0,0.0,1.0
hansel,45,0.0004453417255507,11.132799590528569,6,NN,NNP,hansel,0,1,5.954196310386875,0.0014679327772583,5.954196310386875,0.0161290322580645,5.954196310386875,0.0960354243610786,,,,,,,,,,,
seen,45,0.0004453417255507,11.132799590528569,4,VB,VBN,seen,0,28,1.1468413883292712,0.0004919247342333,32.11155887321959,0.4516129032258064,1.1468413883292712,0.5179283689228966,,,,,,,,,,,
anything,45,0.0004453417255507,11.132799590528569,8,NN,NN,anyth,0,24,1.369233809665719,0.0005966172835916,32.86161143197726,0.3870967741935484,1.369233809665719,0.5300259908383429,,,,,,,,,,,
sent,44,0.0004354452427607,11.165221068220944,4,VB,VBD,sent,0,24,1.369233809665719,0.0005959337754651,32.86161143197726,0.3870967741935484,1.369233809665719,0.5300259908383429,,,,,,,,,,,
given,44,0.0004354452427607,11.165221068220944,5,VB,VBN,given,0,24,1.369233809665719,0.0006669185259409,32.86161143197726,0.3870967741935484,1.369233809665719,0.5300259908383429,,,,,,,,,,,
keep,44,0.0004354452427607,11.165221068220944,4,VB,VB,keep,0,26,1.253756592245783,0.0005048313663752,32.597671398390354,0.4193548387096774,1.253756592245783,0.5257688935224252,,,,,,,,,,,
replied,44,0.0004354452427607,11.165221068220944,7,VB,VBD,repli,0,24,1.369233809665719,0.0006967236150673,32.86161143197726,0.3870967741935484,1.369233809665719,0.5300259908383429,,,,,,,,,,,
rest,44,0.0004354452427607,11.165221068220944,4,NN,NN,rest,0,27,1.199308808223407,0.0005058179269263,32.38133782203198,0.4354838709677419,1.199308808223407,0.5222796422908385,,,,,,,,,,,
turned,44,0.0004354452427607,11.165221068220944,6,VB,VBD,turn,0,25,1.3103401206121503,0.0006694229552948,32.758503015303766,0.4032258064516129,1.3103401206121503,0.5283629518597381,,,,,,,,,,,
youth,44,0.0004354452427607,11.165221068220944,5,NN,NN,youth,0,4,3.9541963103868754,0.0011541656680525,15.8167852415475,0.064516129032258,3.9541963103868754,0.2551094393797984,1.0,1.0,0.0,1.0,1.0,0.0,1.0,0.0,1.0,0.0,1.0
sprang,44,0.0004354452427607,11.165221068220944,6,VB,VBD,sprang,0,28,1.1468413883292712,0.0005727296833469,32.11155887321959,0.4516129032258064,1.1468413883292712,0.5179283689228966,,,,,,,,,,,
threw,43,0.0004255487599707,11.198387932156145,5,VB,VBD,threw,0,23,1.4306343543298623,0.0005065158442335,32.90459014958683,0.3709677419354839,1.4306343543298623,0.530719195961078,,,,,,,,,,,
everything,43,0.0004255487599707,11.198387932156145,10,NN,NN,everyth,0,32,0.9541963103868752,0.0004198699119184,30.534281932380008,0.5161290322580645,0.9541963103868752,0.4924884182641936,,,,,,,,,,,
bread,43,0.0004255487599707,11.198387932156145,5,NN,NN,bread,0,17,1.866733469136536,0.0006122470256782,31.734468975321107,0.2741935483870967,1.866733469136536,0.5118462737955017,,,,,,,,,,,
bear,43,0.0004255487599707,11.198387932156145,4,NN,NN,bear,0,10,2.6322682154995127,0.0012911086119163,26.322682154995128,0.1612903225806451,2.6322682154995127,0.4245593895966956,1.0,0.0,0.0,1.0,0.0,0.0,0.0,0.0,0.0,0.0,0.0
brother,43,0.0004255487599707,11.198387932156145,7,NN,NN,brother,0,11,2.494764691749578,0.0009511218271106,27.44241160924536,0.1774193548387097,2.4947646917495776,0.4426195420846025,0.0,0.0,0.0,0.0,0.0,0.0,1.0,0.0,0.0,1.0,1.0
second,43,0.0004255487599707,11.198387932156145,6,JJ,JJ,second,0,28,1.1468413883292712,0.0005355931409689,32.11155887321959,0.4516129032258064,1.1468413883292712,0.5179283689228966,,,,,,,,,,,
carried,43,0.0004255487599707,11.198387932156145,7,VB,VBD,carri,0,25,1.3103401206121503,0.0004773110695211,32.758503015303766,0.4032258064516129,1.3103401206121503,0.5283629518597381,,,,,,,,,,,
face,42,0.0004156522771806,11.23233526407948,4,NN,NN,face,0,18,1.784271308944563,0.0006594469315969,32.11688356100213,0.2903225806451613,1.7842713089445628,0.5180142509839053,,,,,,,,,,,
wine,42,0.0004156522771806,11.23233526407948,4,NN,NN,wine,0,11,2.494764691749578,0.000997412056898,27.44241160924536,0.1774193548387097,2.4947646917495776,0.4426195420846025,,,,,,,,,,,
people,42,0.0004156522771806,11.23233526407948,6,NN,NNS,peopl,0,27,1.199308808223407,0.0004951001464323,32.38133782203198,0.4354838709677419,1.199308808223407,0.5222796422908385,,,,,,,,,,,
wish,42,0.0004156522771806,11.23233526407948,4,VB,VB,wish,0,24,1.369233809665719,0.0005174284807505,32.86161143197726,0.3870967741935484,1.369233809665719,0.5300259908383429,,,,,,,,,,,
years,42,0.0004156522771806,11.23233526407948,5,NN,NNS,year,0,21,1.561878887608115,0.0007157146706324,32.79945663977042,0.3387096774193548,1.561878887608115,0.5290234941898454,,,,,,,,,,,
red,42,0.0004156522771806,11.23233526407948,3,JJ,JJ,red,0,21,1.561878887608115,0.0007089814642609,32.79945663977042,0.3387096774193548,1.561878887608115,0.5290234941898454,,,,,,,,,,,
themselves,42,0.0004156522771806,11.23233526407948,10,PR,PRP,themselv,1,25,1.3103401206121503,0.0006309920619711,32.758503015303766,0.4032258064516129,1.3103401206121503,0.5283629518597381,,,,,,,,,,,
twelve,41,0.0004057557943906,11.267100682240155,6,NN,NN,twelv,0,10,2.6322682154995127,0.0010180915385851,26.322682154995128,0.1612903225806451,2.6322682154995127,0.4245593895966956,,,,,,,,,,,
same,41,0.0004057557943906,11.267100682240155,4,JJ,JJ,same,1,22,1.494764691749578,0.0005241010850682,32.884823218490716,0.3548387096774194,1.4947646917495778,0.5304003744917857,,,,,,,,,,,
these,41,0.0004057557943906,11.267100682240155,5,DT,DT,these,1,25,1.3103401206121503,0.0004983803916784,32.758503015303766,0.4032258064516129,1.3103401206121503,0.5283629518597381,,,,,,,,,,,
table,41,0.0004057557943906,11.267100682240155,5,NN,NN,tabl,0,22,1.494764691749578,0.0010531389217519,32.884823218490716,0.3548387096774194,1.4947646917495778,0.5304003744917857,,,,,,,,,,,
became,41,0.0004057557943906,11.267100682240155,6,VB,VBD,becam,0,34,0.8667334691365358,0.0003838783035637,29.468937950642218,0.5483870967741935,0.8667334691365359,0.4753054508168099,,,,,,,,,,,
led,40,0.0003958593116006,11.30272459197088,3,VB,VBD,led,0,25,1.3103401206121503,0.0004683421198184,32.758503015303766,0.4032258064516129,1.3103401206121503,0.5283629518597381,,,,,,,,,,,
carry,40,0.0003958593116006,11.30272459197088,5,VB,VB,carri,0,26,1.253756592245783,0.0004689088122356,32.597671398390354,0.4193548387096774,1.253756592245783,0.5257688935224252,,,,,,,,,,,
place,40,0.0003958593116006,11.30272459197088,5,NN,NN,place,0,25,1.3103401206121503,0.0004544232318878,32.758503015303766,0.4032258064516129,1.3103401206121503,0.5283629518597381,,,,,,,,,,,
always,40,0.0003958593116006,11.30272459197088,6,RB,RB,alway,0,26,1.253756592245783,0.0005092466203049,32.597671398390354,0.4193548387096774,1.253756592245783,0.5257688935224252,,,,,,,,,,,
sleep,40,0.0003958593116006,11.30272459197088,5,VB,VB,sleep,0,25,1.3103401206121503,0.0005135675957246,32.758503015303766,0.4032258064516129,1.3103401206121503,0.5283629518597381,,,,,,,,,,,
dog,40,0.0003958593116006,11.30272459197088,3,NN,NN,dog,0,11,2.494764691749578,0.0012324859359126,27.44241160924536,0.1774193548387097,2.4947646917495776,0.4426195420846025,,,,,,,,,,,
also,40,0.0003958593116006,11.30272459197088,4,RB,RB,also,0,26,1.253756592245783,0.0004512465169106,32.597671398390354,0.4193548387096774,1.253756592245783,0.5257688935224252,,,,,,,,,,,
standing,40,0.0003958593116006,11.30272459197088,8,VB,VBG,stand,0,23,1.4306343543298623,0.0005922692176847,32.90459014958683,0.3709677419354839,1.4306343543298623,0.530719195961078,,,,,,,,,,,
huntsman,39,0.0003859628288106,11.339250467995994,8,NN,NN,huntsman,0,8,2.9541963103868754,0.000868320602321,23.633570483095003,0.1290322580645161,2.9541963103868754,0.3811866206950807,,,,,,,,,,,
true,39,0.0003859628288106,11.339250467995994,4,JJ,JJ,true,0,24,1.369233809665719,0.0004971053285764,32.86161143197726,0.3870967741935484,1.369233809665719,0.5300259908383429,0.0,0.0,0.0,0.0,1.0,0.0,1.0,0.0,0.0,1.0,1.0
kingdom,39,0.0003859628288106,11.339250467995994,7,NN,NN,kingdom,0,14,2.146841388329271,0.0006644993561949,30.055779436609797,0.2258064516129032,2.146841388329271,0.4847706360743515,,,,,,,,,,,
light,39,0.0003859628288106,11.339250467995994,5,NN,NN,light,0,16,1.9541963103868751,0.0007325937471878,31.26714096619,0.2580645161290322,1.9541963103868751,0.504308725261129,,,,,,,,,,,
end,39,0.0003859628288106,11.339250467995994,3,NN,NN,end,0,25,1.3103401206121503,0.0004359756764726,32.758503015303766,0.4032258064516129,1.3103401206121503,0.5283629518597381,,,,,,,,,,,
piece,39,0.0003859628288106,11.339250467995994,5,NN,NN,piec,0,18,1.784271308944563,0.000638459257052,32.11688356100213,0.2903225806451613,1.7842713089445628,0.5180142509839053,,,,,,,,,,,
ate,39,0.0003859628288106,11.339250467995994,3,VB,VB,ate,0,26,1.253756592245783,0.0004989121826939,32.597671398390354,0.4193548387096774,1.253756592245783,0.5257688935224252,,,,,,,,,,,
live,39,0.0003859628288106,11.339250467995994,4,VB,VB,live,0,21,1.561878887608115,0.0006389642889023,32.79945663977042,0.3387096774193548,1.561878887608115,0.5290234941898454,,,,,,,,,,,
met,39,0.0003859628288106,11.339250467995994,3,VB,VBD,met,0,18,1.784271308944563,0.000756693601382,32.11688356100213,0.2903225806451613,1.7842713089445628,0.5180142509839053,,,,,,,,,,,
near,38,0.0003760663460206,11.376725173414656,4,IN,IN,near,0,19,1.7062687969432897,0.0005064254932288,32.4191071419225,0.3064516129032258,1.7062687969432897,0.5228888248697178,,,,,,,,,,,
try,38,0.0003760663460206,11.376725173414656,3,VB,VB,tri,0,24,1.369233809665719,0.0004622746673597,32.86161143197726,0.3870967741935484,1.369233809665719,0.5300259908383429,,,,,,,,,,,
alas,38,0.0003760663460206,11.376725173414656,4,NN,NNP,ala,0,18,1.784271308944563,0.0005977936971853,32.11688356100213,0.2903225806451613,1.7842713089445628,0.5180142509839053,,,,,,,,,,,
looking,38,0.0003760663460206,11.376725173414656,7,VB,VBG,look,0,24,1.369233809665719,0.0004201389675595,32.86161143197726,0.3870967741935484,1.369233809665719,0.5300259908383429,,,,,,,,,,,
fall,38,0.0003760663460206,11.376725173414656,4,VB,VB,fall,0,18,1.784271308944563,0.000553458154814,32.11688356100213,0.2903225806451613,1.7842713089445628,0.5180142509839053,0.0,0.0,0.0,0.0,0.0,1.0,0.0,1.0,0.0,0.0,-1.0
black,38,0.0003760663460206,11.376725173414656,5,JJ,JJ,black,0,17,1.866733469136536,0.0006791853669728,31.734468975321107,0.2741935483870967,1.866733469136536,0.5118462737955017,0.0,0.0,0.0,0.0,0.0,1.0,0.0,1.0,0.0,0.0,-1.0
large,38,0.0003760663460206,11.376725173414656,5,JJ,JJ,larg,0,22,1.494764691749578,0.0004648367769624,32.884823218490716,0.3548387096774194,1.4947646917495778,0.5304003744917857,,,,,,,,,,,
ground,38,0.0003760663460206,11.376725173414656,6,NN,NN,ground,0,22,1.494764691749578,0.0006892641175004,32.884823218490716,0.3548387096774194,1.4947646917495778,0.5304003744917857,,,,,,,,,,,
thee,37,0.0003661698632306,11.415199321229291,4,NN,NN,thee,0,10,2.6322682154995127,0.0008269952574491,26.322682154995128,0.1612903225806451,2.6322682154995127,0.4245593895966956,,,,,,,,,,,
miller,37,0.0003661698632306,11.415199321229291,6,NN,NN,miller,0,6,3.3692338096657193,0.0012234740589087,20.215402857994317,0.0967741935483871,3.3692338096657193,0.3260548848063599,,,,,,,,,,,
ready,37,0.0003661698632306,11.415199321229291,5,JJ,JJ,readi,0,23,1.4306343543298623,0.0006103428296539,32.90459014958683,0.3709677419354839,1.4306343543298623,0.530719195961078,,,,,,,,,,,
things,37,0.0003661698632306,11.415199321229291,6,NN,NNS,thing,0,24,1.369233809665719,0.0005148761568766,32.86161143197726,0.3870967741935484,1.369233809665719,0.5300259908383429,,,,,,,,,,,
already,36,0.0003562733804405,11.454727685415929,7,RB,RB,alreadi,0,19,1.7062687969432897,0.0005783697499008,32.4191071419225,0.3064516129032258,1.7062687969432897,0.5228888248697178,,,,,,,,,,,
lady,36,0.0003562733804405,11.454727685415929,4,NN,NN,ladi,0,10,2.6322682154995127,0.0008062822295737,26.322682154995128,0.1612903225806451,2.6322682154995127,0.4245593895966956,,,,,,,,,,,
court,36,0.0003562733804405,11.454727685415929,5,NN,NN,court,0,15,2.0473057147783567,0.0006450318094231,30.70958572167535,0.2419354838709677,2.0473057147783567,0.4953158987366992,1.0,1.0,0.0,1.0,0.0,0.0,0.0,0.0,0.0,0.0,0.0
fish,36,0.0003562733804405,11.454727685415929,4,NN,NN,fish,0,4,3.9541963103868754,0.0010870948278884,15.8167852415475,0.064516129032258,3.9541963103868754,0.2551094393797984,,,,,,,,,,,
drew,36,0.0003562733804405,11.454727685415929,4,VB,VBD,drew,0,22,1.494764691749578,0.0004426325214765,32.884823218490716,0.3548387096774194,1.4947646917495778,0.5304003744917857,,,,,,,,,,,
opened,36,0.0003562733804405,11.454727685415929,6,VB,VBD,open,0,24,1.369233809665719,0.0005655415912996,32.86161143197726,0.3870967741935484,1.369233809665719,0.5300259908383429,,,,,,,,,,,
both,36,0.0003562733804405,11.454727685415929,4,DT,DT,both,1,27,1.199308808223407,0.0004361262326694,32.38133782203198,0.4354838709677419,1.199308808223407,0.5222796422908385,,,,,,,,,,,
servant,35,0.0003463768976505,11.495369669913275,7,NN,NN,servant,0,16,1.9541963103868751,0.0010245692227283,31.26714096619,0.2580645161290322,1.9541963103868751,0.504308725261129,0.0,0.0,0.0,0.0,0.0,1.0,0.0,0.0,0.0,1.0,-1.0
free,35,0.0003463768976505,11.495369669913275,4,JJ,JJ,free,0,17,1.866733469136536,0.0005775786328418,31.734468975321107,0.2741935483870967,1.866733469136536,0.5118462737955017,,,,,,,,,,,
rode,35,0.0003463768976505,11.495369669913275,4,VB,VB,rode,0,13,2.253756592245783,0.0006027523626344,29.29883569919518,0.2096774193548387,2.253756592245783,0.4725618661160513,,,,,,,,,,,
held,35,0.0003463768976505,11.495369669913275,4,VB,VBD,held,0,20,1.632268215499513,0.0004786780438449,32.645364309990256,0.3225806451612903,1.632268215499513,0.5265381340321009,,,,,,,,,,,
passed,35,0.0003463768976505,11.495369669913275,6,VB,VBD,pass,0,22,1.494764691749578,0.0004369201436161,32.884823218490716,0.3548387096774194,1.4947646917495778,0.5304003744917857,,,,,,,,,,,
shudder,35,0.0003463768976505,11.495369669913275,7,VB,VB,shudder,0,2,4.954196310386875,0.0007685617640192,9.90839262077375,0.032258064516129,4.954196310386875,0.1598127842060282,0.0,0.0,0.0,1.0,0.0,1.0,0.0,0.0,0.0,0.0,-1.0
ring,35,0.0003463768976505,11.495369669913275,4,NN,NN,ring,0,11,2.494764691749578,0.0008475343492647,27.44241160924536,0.1774193548387097,2.4947646917495776,0.4426195420846025,,,,,,,,,,,
wild,35,0.0003463768976505,11.495369669913275,4,JJ,JJ,wild,0,10,2.6322682154995127,0.0006743098976139,26.322682154995128,0.1612903225806451,2.6322682154995127,0.4245593895966956,0.0,0.0,0.0,0.0,0.0,1.0,0.0,0.0,1.0,0.0,-1.0
alone,35,0.0003463768976505,11.495369669913275,5,RB,RB,alon,0,26,1.253756592245783,0.000426369271006,32.597671398390354,0.4193548387096774,1.253756592245783,0.5257688935224252,,,,,,,,,,,
finger,35,0.0003463768976505,11.495369669913275,6,NN,NN,finger,0,15,2.0473057147783567,0.000622901619198,30.70958572167535,0.2419354838709677,2.0473057147783567,0.4953158987366992,,,,,,,,,,,
feast,34,0.0003364804148605,11.537189845607902,5,NN,NN,feast,0,14,2.146841388329271,0.0006785037248364,30.055779436609797,0.2258064516129032,2.146841388329271,0.4847706360743515,,,,,,,,,,,
grew,34,0.0003364804148605,11.537189845607902,4,VB,VBD,grew,0,23,1.4306343543298623,0.0004023587954627,32.90459014958683,0.3709677419354839,1.4306343543298623,0.530719195961078,,,,,,,,,,,
lying,34,0.0003364804148605,11.537189845607902,5,VB,VBG,lie,0,26,1.253756592245783,0.0003729280658411,32.597671398390354,0.4193548387096774,1.253756592245783,0.5257688935224252,1.0,0.0,1.0,0.0,0.0,1.0,0.0,0.0,0.0,0.0,-1.0
snowdrop,34,0.0003364804148605,11.537189845607902,8,NN,NNP,snowdrop,0,1,5.954196310386875,0.0013684846723707,5.954196310386875,0.0161290322580645,5.954196310386875,0.0960354243610786,,,,,,,,,,,
ll,34,0.0003364804148605,11.537189845607902,2,JJ,JJ,ll,1,16,1.9541963103868751,0.0007780807816938,31.26714096619,0.2580645161290322,1.9541963103868751,0.504308725261129,,,,,,,,,,,
forth,34,0.0003364804148605,11.537189845607902,5,NN,NN,forth,0,16,1.9541963103868751,0.0005416654603293,31.26714096619,0.2580645161290322,1.9541963103868751,0.504308725261129,,,,,,,,,,,
brothers,33,0.0003265839320705,11.580258567499788,8,NN,NNS,brother,0,7,3.146841388329271,0.0012223168788417,22.0278897183049,0.1129032258064516,3.146841388329271,0.3552885438436274,,,,,,,,,,,
myself,33,0.0003265839320705,11.580258567499788,6,PR,PRP,myself,1,21,1.561878887608115,0.0005793013932284,32.79945663977042,0.3387096774193548,1.561878887608115,0.5290234941898454,,,,,,,,,,,
cow,33,0.0003265839320705,11.580258567499788,3,NN,NN,cow,0,3,4.369233809665719,0.0009820674876712,13.107701428997157,0.0483870967741935,4.369233809665719,0.2114145391773735,,,,,,,,,,,
witch,33,0.0003265839320705,11.580258567499788,5,NN,NN,witch,0,8,2.9541963103868754,0.0008712107227787,23.633570483095003,0.1290322580645161,2.9541963103868754,0.3811866206950807,1.0,0.0,1.0,1.0,0.0,1.0,0.0,0.0,0.0,0.0,-1.0
stone,33,0.0003265839320705,11.580258567499788,5,NN,NN,stone,0,15,2.0473057147783567,0.0006158537472705,30.70958572167535,0.2419354838709677,2.0473057147783567,0.4953158987366992,1.0,0.0,0.0,0.0,0.0,1.0,0.0,0.0,0.0,0.0,-1.0
along,33,0.0003265839320705,11.580258567499788,5,RB,RB,along,0,16,1.9541963103868751,0.0005865243153113,31.26714096619,0.2580645161290322,1.9541963103868751,0.504308725261129,,,,,,,,,,,
friend,33,0.0003265839320705,11.580258567499788,6,NN,NN,friend,0,19,1.7062687969432897,0.0005682293993819,32.4191071419225,0.3064516129032258,1.7062687969432897,0.5228888248697178,0.0,0.0,0.0,0.0,1.0,0.0,1.0,0.0,0.0,1.0,1.0
palace,32,0.0003166874492805,11.62465268685824,6,NN,NN,palac,0,15,2.0473057147783567,0.0006123455460705,30.70958572167535,0.2419354838709677,2.0473057147783567,0.4953158987366992,,,,,,,,,,,
chanticleer,32,0.0003166874492805,11.62465268685824,11,NN,NNP,chanticl,0,2,4.954196310386875,0.0014087444682397,9.90839262077375,0.032258064516129,4.954196310386875,0.1598127842060282,,,,,,,,,,,
lie,32,0.0003166874492805,11.62465268685824,3,VB,VB,lie,0,18,1.784271308944563,0.0004777698727357,32.11688356100213,0.2903225806451613,1.7842713089445628,0.5180142509839053,1.0,0.0,1.0,0.0,0.0,1.0,0.0,1.0,0.0,0.0,-1.0
blood,32,0.0003166874492805,11.62465268685824,5,NN,NN,blood,0,14,2.146841388329271,0.0005427898823298,30.055779436609797,0.2258064516129032,2.146841388329271,0.4847706360743515,,,,,,,,,,,
even,32,0.0003166874492805,11.62465268685824,4,RB,RB,even,0,23,1.4306343543298623,0.000424803923682,32.90459014958683,0.3709677419354839,1.4306343543298623,0.530719195961078,,,,,,,,,,,
glass,32,0.0003166874492805,11.62465268685824,5,NN,NN,glass,0,9,2.7842713089445628,0.0007552531363082,25.058441780501063,0.1451612903225806,2.7842713089445628,0.4041684158145333,,,,,,,,,,,
eldest,32,0.0003166874492805,11.62465268685824,6,JJ,JJS,eldest,0,9,2.7842713089445628,0.0008513289217254,25.058441780501063,0.1451612903225806,2.7842713089445628,0.4041684158145333,,,,,,,,,,,
lost,31,0.0003067909664905,11.670456376471366,4,VB,VBN,lost,0,22,1.494764691749578,0.0005073280201365,32.884823218490716,0.3548387096774194,1.4947646917495778,0.5304003744917857,0.0,0.0,0.0,0.0,0.0,1.0,0.0,1.0,0.0,0.0,-1.0
taken,31,0.0003067909664905,11.670456376471366,5,VB,VBN,taken,0,22,1.494764691749578,0.0005093822341992,32.884823218490716,0.3548387096774194,1.4947646917495778,0.5304003744917857,,,,,,,,,,,
sit,31,0.0003067909664905,11.670456376471366,3,VB,VB,sit,0,21,1.561878887608115,0.0005915951460241,32.79945663977042,0.3387096774193548,1.561878887608115,0.5290234941898454,,,,,,,,,,,
felt,31,0.0003067909664905,11.670456376471366,4,VB,VBD,felt,0,20,1.632268215499513,0.0003942433641566,32.645364309990256,0.3225806451612903,1.632268215499513,0.5265381340321009,,,,,,,,,,,
killed,31,0.0003067909664905,11.670456376471366,6,VB,VBD,kill,0,16,1.9541963103868751,0.000473915015306,31.26714096619,0.2580645161290322,1.9541963103868751,0.504308725261129,,,,,,,,,,,
hold,31,0.0003067909664905,11.670456376471366,4,NN,NN,hold,0,20,1.632268215499513,0.0006485306958845,32.645364309990256,0.3225806451612903,1.632268215499513,0.5265381340321009,,,,,,,,,,,
most,31,0.0003067909664905,11.670456376471366,4,RB,RBS,most,1,23,1.4306343543298623,0.0004918437915894,32.90459014958683,0.3709677419354839,1.4306343543298623,0.530719195961078,,,,,,,,,,,
giant,31,0.0003067909664905,11.670456376471366,5,NN,NN,giant,0,3,4.369233809665719,0.0007368770982802,13.107701428997157,0.0483870967741935,4.369233809665719,0.2114145391773735,,,,,,,,,,,
yourself,31,0.0003067909664905,11.670456376471366,8,PR,PRP,yourself,1,23,1.4306343543298623,0.0004957756832755,32.90459014958683,0.3709677419354839,1.4306343543298623,0.530719195961078,,,,,,,,,,,
far,30,0.0002968944837004,11.717762091249725,3,RB,RB,far,0,17,1.866733469136536,0.0004855201304987,31.734468975321107,0.2741935483870967,1.866733469136536,0.5118462737955017,,,,,,,,,,,
men,30,0.0002968944837004,11.717762091249725,3,NN,NNS,men,0,13,2.253756592245783,0.0004673189474519,29.29883569919518,0.2096774193548387,2.253756592245783,0.4725618661160513,,,,,,,,,,,
forced,30,0.0002968944837004,11.717762091249725,6,VB,VBN,forc,0,23,1.4306343543298623,0.0004154446134356,32.90459014958683,0.3709677419354839,1.4306343543298623,0.530719195961078,0.0,0.0,0.0,1.0,0.0,1.0,0.0,0.0,0.0,0.0,-1.0
o,30,0.0002968944837004,11.717762091249725,1,NN,NNP,o,1,14,2.146841388329271,0.0004783109024885,30.055779436609797,0.2258064516129032,2.146841388329271,0.4847706360743515,,,,,,,,,,,
wind,30,0.0002968944837004,11.717762091249725,4,NN,NN,wind,0,16,1.9541963103868751,0.0004630213929557,31.26714096619,0.2580645161290322,1.9541963103868751,0.504308725261129,,,,,,,,,,,
awoke,30,0.0002968944837004,11.717762091249725,5,VB,VBD,awok,0,19,1.7062687969432897,0.0004037912864723,32.4191071419225,0.3064516129032258,1.7062687969432897,0.5228888248697178,,,,,,,,,,,
sister,30,0.0002968944837004,11.717762091249725,6,NN,NN,sister,0,8,2.9541963103868754,0.0006471116269388,23.633570483095003,0.1290322580645161,2.9541963103868754,0.3811866206950807,,,,,,,,,,,
clothes,30,0.0002968944837004,11.717762091249725,7,NN,NNS,cloth,0,17,1.866733469136536,0.0005258215424906,31.734468975321107,0.2741935483870967,1.866733469136536,0.5118462737955017,,,,,,,,,,,
four,30,0.0002968944837004,11.717762091249725,4,CD,CD,four,0,14,2.146841388329271,0.0008263651493191,30.055779436609797,0.2258064516129032,2.146841388329271,0.4847706360743515,,,,,,,,,,,
land,30,0.0002968944837004,11.717762091249725,4,NN,NN,land,0,15,2.0473057147783567,0.0005202009232962,30.70958572167535,0.2419354838709677,2.0473057147783567,0.4953158987366992,,,,,,,,,,,
walked,30,0.0002968944837004,11.717762091249725,6,VB,VBD,walk,0,17,1.866733469136536,0.0004404132828964,31.734468975321107,0.2741935483870967,1.866733469136536,0.5118462737955017,,,,,,,,,,,
does,30,0.0002968944837004,11.717762091249725,4,VB,VBZ,doe,1,24,1.369233809665719,0.0004026991824826,32.86161143197726,0.3870967741935484,1.369233809665719,0.5300259908383429,,,,,,,,,,,
mouse,30,0.0002968944837004,11.717762091249725,5,NN,NN,mous,0,6,3.3692338096657193,0.001871718536194,20.215402857994317,0.0967741935483871,3.3692338096657193,0.3260548848063599,,,,,,,,,,,
ask,30,0.0002968944837004,11.717762091249725,3,VB,VB,ask,0,22,1.494764691749578,0.0004518268267799,32.884823218490716,0.3548387096774194,1.4947646917495778,0.5304003744917857,,,,,,,,,,,
best,29,0.0002869980009104,11.76667169173067,4,JJ,JJS,best,0,19,1.7062687969432897,0.0004626059027737,32.4191071419225,0.3064516129032258,1.7062687969432897,0.5228888248697178,,,,,,,,,,,
blow,29,0.0002869980009104,11.76667169173067,4,NN,NN,blow,0,9,2.7842713089445628,0.0005485025950913,25.058441780501063,0.1451612903225806,2.7842713089445628,0.4041684158145333,,,,,,,,,,,
joy,29,0.0002869980009104,11.76667169173067,3,NN,NN,joy,0,19,1.7062687969432897,0.0004168099655531,32.4191071419225,0.3064516129032258,1.7062687969432897,0.5228888248697178,0.0,0.0,0.0,0.0,1.0,0.0,1.0,0.0,0.0,0.0,1.0
frightened,29,0.0002869980009104,11.76667169173067,10,VB,VBN,frighten,0,19,1.7062687969432897,0.0004160724677112,32.4191071419225,0.3064516129032258,1.7062687969432897,0.5228888248697178,0.0,0.0,0.0,1.0,0.0,1.0,0.0,0.0,1.0,0.0,-1.0
kill,29,0.0002869980009104,11.76667169173067,4,VB,VB,kill,0,21,1.561878887608115,0.0004620672423939,32.79945663977042,0.3387096774193548,1.561878887608115,0.5290234941898454,0.0,0.0,0.0,1.0,0.0,1.0,0.0,1.0,0.0,0.0,-1.0
thy,29,0.0002869980009104,11.76667169173067,3,JJ,JJ,thi,0,10,2.6322682154995127,0.0007689501605359,26.322682154995128,0.1612903225806451,2.6322682154995127,0.4245593895966956,,,,,,,,,,,
pocket,29,0.0002869980009104,11.76667169173067,6,NN,NN,pocket,0,13,2.253756592245783,0.0005573584579157,29.29883569919518,0.2096774193548387,2.253756592245783,0.4725618661160513,,,,,,,,,,,
hard,29,0.0002869980009104,11.76667169173067,4,JJ,JJ,hard,0,19,1.7062687969432897,0.0005820400713604,32.4191071419225,0.3064516129032258,1.7062687969432897,0.5228888248697178,,,,,,,,,,,
word,29,0.0002869980009104,11.76667169173067,4,NN,NN,word,0,20,1.632268215499513,0.0004317387758897,32.645364309990256,0.3225806451612903,1.632268215499513,0.5265381340321009,0.0,0.0,0.0,0.0,0.0,0.0,1.0,0.0,0.0,1.0,1.0
tired,29,0.0002869980009104,11.76667169173067,5,VB,VBN,tire,0,20,1.632268215499513,0.0003968040011207,32.645364309990256,0.3225806451612903,1.632268215499513,0.5265381340321009,,,,,,,,,,,
don,29,0.0002869980009104,11.76667169173067,3,VB,VBP,don,1,15,2.0473057147783567,0.0004823403008074,30.70958572167535,0.2419354838709677,2.0473057147783567,0.4953158987366992,0.0,0.0,0.0,0.0,0.0,0.0,1.0,0.0,0.0,1.0,1.0
apple,29,0.0002869980009104,11.76667169173067,5,NN,NN,appl,0,6,3.3692338096657193,0.0006346918823353,20.215402857994317,0.0967741935483871,3.3692338096657193,0.3260548848063599,,,,,,,,,,,
sure,28,0.0002771015181204,11.817297764800635,4,JJ,JJ,sure,0,18,1.784271308944563,0.0004321060092092,32.11688356100213,0.2903225806451613,1.7842713089445628,0.5180142509839053,,,,,,,,,,,
eaten,28,0.0002771015181204,11.817297764800635,5,VB,VBN,eaten,0,18,1.784271308944563,0.000610031569264,32.11688356100213,0.2903225806451613,1.7842713089445628,0.5180142509839053,,,,,,,,,,,
ever,28,0.0002771015181204,11.817297764800635,4,RB,RB,ever,0,19,1.7062687969432897,0.0005148773892808,32.4191071419225,0.3064516129032258,1.7062687969432897,0.5228888248697178,,,,,,,,,,,
mind,28,0.0002771015181204,11.817297764800635,4,NN,NN,mind,0,17,1.866733469136536,0.0005714738174708,31.734468975321107,0.2741935483870967,1.866733469136536,0.5118462737955017,,,,,,,,,,,
length,28,0.0002771015181204,11.817297764800635,6,NN,NN,length,0,19,1.7062687969432897,0.0005801084425008,32.4191071419225,0.3064516129032258,1.7062687969432897,0.5228888248697178,,,,,,,,,,,
fetch,28,0.0002771015181204,11.817297764800635,5,VB,VB,fetch,0,18,1.784271308944563,0.0005204415739216,32.11688356100213,0.2903225806451613,1.7842713089445628,0.5180142509839053,,,,,,,,,,,
small,28,0.0002771015181204,11.817297764800635,5,JJ,JJ,small,0,12,2.3692338096657193,0.0005805846947103,28.430805715988633,0.1935483870967742,2.3692338096657193,0.4585613825159456,,,,,,,,,,,
close,28,0.0002771015181204,11.817297764800635,5,RB,RB,close,0,17,1.866733469136536,0.0005574016329195,31.734468975321107,0.2741935483870967,1.866733469136536,0.5118462737955017,,,,,,,,,,,
shepherd,28,0.0002771015181204,11.817297764800635,8,NN,NN,shepherd,0,7,3.146841388329271,0.0010352488285355,22.0278897183049,0.1129032258064516,3.146841388329271,0.3552885438436274,0.0,0.0,0.0,0.0,0.0,0.0,1.0,0.0,0.0,1.0,1.0
big,28,0.0002771015181204,11.817297764800635,3,JJ,JJ,big,0,16,1.9541963103868751,0.0006005829769787,31.26714096619,0.2580645161290322,1.9541963103868751,0.504308725261129,,,,,,,,,,,
goodbye,28,0.0002771015181204,11.817297764800635,7,NN,NNP,goodby,0,5,3.6322682154995127,0.0015596661555062,18.161341077497564,0.0806451612903225,3.6322682154995127,0.2929248560886703,,,,,,,,,,,
quickly,28,0.0002771015181204,11.817297764800635,7,RB,RB,quickli,0,19,1.7062687969432897,0.0004912555849743,32.4191071419225,0.3064516129032258,1.7062687969432897,0.5228888248697178,,,,,,,,,,,
turn,28,0.0002771015181204,11.817297764800635,4,NN,NN,turn,0,17,1.866733469136536,0.0005776553439945,31.734468975321107,0.2741935483870967,1.866733469136536,0.5118462737955017,,,,,,,,,,,
married,28,0.0002771015181204,11.817297764800635,7,VB,VBN,marri,0,19,1.7062687969432897,0.0004746284807757,32.4191071419225,0.3064516129032258,1.7062687969432897,0.5228888248697178,,,,,,,,,,,
road,28,0.0002771015181204,11.817297764800635,4,NN,NN,road,0,13,2.253756592245783,0.0004594464109036,29.29883569919518,0.2096774193548387,2.253756592245783,0.4725618661160513,,,,,,,,,,,
sea,28,0.0002771015181204,11.817297764800635,3,NN,NN,sea,0,6,3.3692338096657193,0.0007298614165988,20.215402857994317,0.0967741935483871,3.3692338096657193,0.3260548848063599,,,,,,,,,,,
maiden,27,0.0002672050353304,11.869765184694772,6,NN,NN,maiden,0,11,2.494764691749578,0.0006241916880319,27.44241160924536,0.1774193548387097,2.4947646917495776,0.4426195420846025,,,,,,,,,,,
kitchen,27,0.0002672050353304,11.869765184694772,7,NN,NN,kitchen,0,13,2.253756592245783,0.000521843708772,29.29883569919518,0.2096774193548387,2.253756592245783,0.4725618661160513,,,,,,,,,,,
seized,27,0.0002672050353304,11.869765184694772,6,VB,VBD,seiz,0,21,1.561878887608115,0.0005149492244097,32.79945663977042,0.3387096774193548,1.561878887608115,0.5290234941898454,,,,,,,,,,,
redcap,27,0.0002672050353304,11.869765184694772,6,NN,NNP,redcap,0,1,5.954196310386875,0.0009715086016294,5.954196310386875,0.0161290322580645,5.954196310386875,0.0960354243610786,,,,,,,,,,,
youngest,27,0.0002672050353304,11.869765184694772,8,JJ,JJS,youngest,0,9,2.7842713089445628,0.0007830397473425,25.058441780501063,0.1451612903225806,2.7842713089445628,0.4041684158145333,,,,,,,,,,,
elsie,27,0.0002672050353304,11.869765184694772,5,NN,NNP,elsi,0,1,5.954196310386875,0.0019379345723087,5.954196310386875,0.0161290322580645,5.954196310386875,0.0960354243610786,,,,,,,,,,,
comes,27,0.0002672050353304,11.869765184694772,5,VB,VBZ,come,0,18,1.784271308944563,0.0006861141556366,32.11688356100213,0.2903225806451613,1.7842713089445628,0.5180142509839053,,,,,,,,,,,
saying,27,0.0002672050353304,11.869765184694772,6,VB,VBG,say,0,22,1.494764691749578,0.0003280360274085,32.884823218490716,0.3548387096774194,1.4947646917495778,0.5304003744917857,,,,,,,,,,,
food,27,0.0002672050353304,11.869765184694772,4,NN,NN,food,0,17,1.866733469136536,0.0006485347582226,31.734468975321107,0.2741935483870967,1.866733469136536,0.5118462737955017,0.0,0.0,0.0,0.0,1.0,0.0,1.0,0.0,0.0,1.0,1.0
wait,27,0.0002672050353304,11.869765184694772,4,VB,VB,wait,0,16,1.9541963103868751,0.0004290325529041,31.26714096619,0.2580645161290322,1.9541963103868751,0.504308725261129,0.0,1.0,0.0,0.0,0.0,1.0,0.0,0.0,0.0,0.0,-1.0
merry,27,0.0002672050353304,11.869765184694772,5,NN,NN,merri,0,19,1.7062687969432897,0.0004666823477393,32.4191071419225,0.3064516129032258,1.7062687969432897,0.5228888248697178,0.0,0.0,0.0,0.0,1.0,0.0,1.0,0.0,0.0,0.0,1.0
tom,27,0.0002672050353304,11.869765184694772,3,NN,NNP,tom,0,2,4.954196310386875,0.0008872224212203,9.90839262077375,0.032258064516129,4.954196310386875,0.1598127842060282,,,,,,,,,,,
sparrow,27,0.0002672050353304,11.869765184694772,7,NN,NN,sparrow,0,1,5.954196310386875,0.0019235582030779,5.954196310386875,0.0161290322580645,5.954196310386875,0.0960354243610786,,,,,,,,,,,
pleased,27,0.0002672050353304,11.869765184694772,7,JJ,JJ,pleas,0,19,1.7062687969432897,0.000559869957355,32.4191071419225,0.3064516129032258,1.7062687969432897,0.5228888248697178,0.0,0.0,0.0,0.0,1.0,0.0,1.0,0.0,0.0,0.0,1.0
afterwards,27,0.0002672050353304,11.869765184694772,10,NN,NNS,afterward,0,22,1.494764691749578,0.0004483476685667,32.884823218490716,0.3548387096774194,1.4947646917495778,0.5304003744917857,,,,,,,,,,,
lord,27,0.0002672050353304,11.869765184694772,4,NN,NN,lord,0,10,2.6322682154995127,0.0009284737573649,26.322682154995128,0.1612903225806451,2.6322682154995127,0.4245593895966956,0.0,0.0,1.0,0.0,0.0,1.0,1.0,0.0,0.0,1.0,0.0
pray,26,0.0002573085525404,11.92421296871715,4,NN,NNP,pray,0,18,1.784271308944563,0.0004372104994156,32.11688356100213,0.2903225806451613,1.7842713089445628,0.5180142509839053,0.0,1.0,0.0,1.0,1.0,0.0,1.0,0.0,1.0,1.0,1.0
able,26,0.0002573085525404,11.92421296871715,4,JJ,JJ,abl,0,19,1.7062687969432897,0.0004794558861974,32.4191071419225,0.3064516129032258,1.7062687969432897,0.5228888248697178,,,,,,,,,,,
followed,26,0.0002573085525404,11.92421296871715,8,VB,VBD,follow,0,17,1.866733469136536,0.0003999979065372,31.734468975321107,0.2741935483870967,1.866733469136536,0.5118462737955017,,,,,,,,,,,
wept,26,0.0002573085525404,11.92421296871715,4,VB,NN,wept,0,12,2.3692338096657193,0.0004688776227925,28.430805715988633,0.1935483870967742,2.3692338096657193,0.4585613825159456,,,,,,,,,,,
kind,26,0.0002573085525404,11.92421296871715,4,NN,NN,kind,0,20,1.632268215499513,0.0003659604125837,32.645364309990256,0.3225806451612903,1.632268215499513,0.5265381340321009,0.0,0.0,0.0,0.0,1.0,0.0,1.0,0.0,0.0,1.0,1.0
country,26,0.0002573085525404,11.92421296871715,7,NN,NN,countri,0,20,1.632268215499513,0.0003990054539238,32.645364309990256,0.3225806451612903,1.632268215499513,0.5265381340321009,,,,,,,,,,,
grandmother,26,0.0002573085525404,11.92421296871715,11,NN,NN,grandmoth,0,1,5.954196310386875,0.0009355268015691,5.954196310386875,0.0161290322580645,5.954196310386875,0.0960354243610786,,,,,,,,,,,
rose,26,0.0002573085525404,11.92421296871715,4,VB,VBD,rose,0,12,2.3692338096657193,0.0006249114961171,28.430805715988633,0.1935483870967742,2.3692338096657193,0.4585613825159456,,,,,,,,,,,
ordered,26,0.0002573085525404,11.92421296871715,7,VB,VBD,order,0,12,2.3692338096657193,0.0005958117216087,28.430805715988633,0.1935483870967742,2.3692338096657193,0.4585613825159456,,,,,,,,,,,
therefore,26,0.0002573085525404,11.92421296871715,9,RB,RB,therefor,0,18,1.784271308944563,0.0005696155959971,32.11688356100213,0.2903225806451613,1.7842713089445628,0.5180142509839053,,,,,,,,,,,
drove,26,0.0002573085525404,11.92421296871715,5,VB,VBD,drove,0,14,2.146841388329271,0.000594367160167,30.055779436609797,0.2258064516129032,2.146841388329271,0.4847706360743515,,,,,,,,,,,
trouble,26,0.0002573085525404,11.92421296871715,7,NN,NN,troubl,0,20,1.632268215499513,0.0004814535077306,32.645364309990256,0.3225806451612903,1.632268215499513,0.5265381340321009,,,,,,,,,,,
lion,26,0.0002573085525404,11.92421296871715,4,NN,NN,lion,0,4,3.9541963103868754,0.0017822191208871,15.8167852415475,0.064516129032258,3.9541963103868754,0.2551094393797984,0.0,0.0,0.0,1.0,0.0,0.0,1.0,0.0,0.0,0.0,1.0
towards,26,0.0002573085525404,11.92421296871715,7,IN,IN,toward,0,17,1.866733469136536,0.0005130879100954,31.734468975321107,0.2741935483870967,1.866733469136536,0.5118462737955017,,,,,,,,,,,
pretty,26,0.0002573085525404,11.92421296871715,6,RB,RB,pretti,0,17,1.866733469136536,0.0004724101399653,31.734468975321107,0.2741935483870967,1.866733469136536,0.5118462737955017,0.0,1.0,0.0,0.0,1.0,0.0,1.0,0.0,0.0,1.0,1.0
shoes,26,0.0002573085525404,11.92421296871715,5,NN,NNS,shoe,0,9,2.7842713089445628,0.0007680811855545,25.058441780501063,0.1451612903225806,2.7842713089445628,0.4041684158145333,,,,,,,,,,,
coming,26,0.0002573085525404,11.92421296871715,6,VB,VBG,come,0,20,1.632268215499513,0.0004373005491348,32.645364309990256,0.3225806451612903,1.632268215499513,0.5265381340321009,,,,,,,,,,,
agreed,26,0.0002573085525404,11.92421296871715,6,VB,VBD,agre,0,13,2.253756592245783,0.0005100098424408,29.29883569919518,0.2096774193548387,2.253756592245783,0.4725618661160513,0.0,0.0,0.0,0.0,0.0,0.0,1.0,0.0,0.0,1.0,1.0
heavy,26,0.0002573085525404,11.92421296871715,5,JJ,JJ,heavi,0,15,2.0473057147783567,0.0004333110317438,30.70958572167535,0.2419354838709677,2.0473057147783567,0.4953158987366992,,,,,,,,,,,
death,26,0.0002573085525404,11.92421296871715,5,NN,NN,death,0,19,1.7062687969432897,0.0004936117276684,32.4191071419225,0.3064516129032258,1.7062687969432897,0.5228888248697178,1.0,1.0,1.0,1.0,0.0,1.0,0.0,1.0,1.0,0.0,-1.0
fear,26,0.0002573085525404,11.92421296871715,4,NN,NN,fear,0,20,1.632268215499513,0.0003501796223251,32.645364309990256,0.3225806451612903,1.632268215499513,0.5265381340321009,1.0,0.0,0.0,1.0,0.0,1.0,0.0,0.0,0.0,0.0,-1.0
shut,26,0.0002573085525404,11.92421296871715,4,VB,VBD,shut,0,18,1.784271308944563,0.0004294307907185,32.11688356100213,0.2903225806451613,1.7842713089445628,0.5180142509839053,,,,,,,,,,,
fairy,25,0.0002474120697504,11.980796497083515,5,NN,NN,fairi,0,7,3.146841388329271,0.0008075116955337,22.0278897183049,0.1129032258064516,3.146841388329271,0.3552885438436274,,,,,,,,,,,
fellow,25,0.0002474120697504,11.980796497083515,6,NN,NN,fellow,0,15,2.0473057147783567,0.0004963579394654,30.70958572167535,0.2419354838709677,2.0473057147783567,0.4953158987366992,0.0,0.0,0.0,0.0,0.0,0.0,1.0,0.0,0.0,1.0,1.0
fisherman,25,0.0002474120697504,11.980796497083515,9,NN,NN,fisherman,0,1,5.954196310386875,0.001129828521895,5.954196310386875,0.0161290322580645,5.954196310386875,0.0960354243610786,,,,,,,,,,,
air,25,0.0002474120697504,11.980796497083515,3,NN,NN,air,0,18,1.784271308944563,0.0004745361630112,32.11688356100213,0.2903225806451613,1.7842713089445628,0.5180142509839053,,,,,,,,,,,
against,25,0.0002474120697504,11.980796497083515,7,IN,IN,against,1,15,2.0473057147783567,0.0004208956268572,30.70958572167535,0.2419354838709677,2.0473057147783567,0.4953158987366992,,,,,,,,,,,
voice,25,0.0002474120697504,11.980796497083515,5,NN,NN,voic,0,14,2.146841388329271,0.000565694628192,30.055779436609797,0.2258064516129032,2.146841388329271,0.4847706360743515,,,,,,,,,,,
fat,25,0.0002474120697504,11.980796497083515,3,NN,NN,fat,0,7,3.146841388329271,0.0009883722599744,22.0278897183049,0.1129032258064516,3.146841388329271,0.3552885438436274,0.0,0.0,1.0,0.0,0.0,1.0,0.0,1.0,0.0,0.0,-1.0
stay,25,0.0002474120697504,11.980796497083515,4,VB,VB,stay,0,20,1.632268215499513,0.0003767135202285,32.645364309990256,0.3225806451612903,1.632268215499513,0.5265381340321009,,,,,,,,,,,
thinking,25,0.0002474120697504,11.980796497083515,8,VB,VBG,think,0,19,1.7062687969432897,0.0004511040419883,32.4191071419225,0.3064516129032258,1.7062687969432897,0.5228888248697178,,,,,,,,,,,
begged,25,0.0002474120697504,11.980796497083515,6,VB,VBD,beg,0,16,1.9541963103868751,0.000412981541654,31.26714096619,0.2580645161290322,1.9541963103868751,0.504308725261129,,,,,,,,,,,
sing,25,0.0002474120697504,11.980796497083515,4,VB,VBG,sing,0,9,2.7842713089445628,0.0005826138190673,25.058441780501063,0.1451612903225806,2.7842713089445628,0.4041684158145333,0.0,1.0,0.0,0.0,1.0,0.0,1.0,1.0,0.0,1.0,1.0
hands,25,0.0002474120697504,11.980796497083515,5,NN,NNS,hand,0,18,1.784271308944563,0.0004359757726003,32.11688356100213,0.2903225806451613,1.7842713089445628,0.5180142509839053,,,,,,,,,,,
caught,25,0.0002474120697504,11.980796497083515,6,VB,VBD,caught,0,13,2.253756592245783,0.000506020405856,29.29883569919518,0.2096774193548387,2.253756592245783,0.4725618661160513,,,,,,,,,,,
pass,25,0.0002474120697504,11.980796497083515,4,VB,VB,pass,0,19,1.7062687969432897,0.0003978453042404,32.4191071419225,0.3064516129032258,1.7062687969432897,0.5228888248697178,,,,,,,,,,,
happy,25,0.0002474120697504,11.980796497083515,5,JJ,JJ,happi,0,15,2.0473057147783567,0.0003727201303719,30.70958572167535,0.2419354838709677,2.0473057147783567,0.4953158987366992,0.0,1.0,0.0,0.0,1.0,0.0,1.0,0.0,0.0,1.0,1.0
died,25,0.0002474120697504,11.980796497083515,4,VB,VBD,die,0,17,1.866733469136536,0.0004866223751395,31.734468975321107,0.2741935483870967,1.866733469136536,0.5118462737955017,,,,,,,,,,,
iron,24,0.0002375155869603,12.039690186137085,4,NN,NN,iron,0,8,2.9541963103868754,0.0003724812122198,23.633570483095003,0.1290322580645161,2.9541963103868754,0.3811866206950807,0.0,0.0,0.0,0.0,0.0,0.0,1.0,0.0,0.0,1.0,1.0
throw,24,0.0002375155869603,12.039690186137085,5,VB,VB,throw,0,14,2.146841388329271,0.0004657375279243,30.055779436609797,0.2258064516129032,2.146841388329271,0.4847706360743515,,,,,,,,,,,
matter,24,0.0002375155869603,12.039690186137085,6,NN,NN,matter,0,17,1.866733469136536,0.000428191832093,31.734468975321107,0.2741935483870967,1.866733469136536,0.5118462737955017,,,,,,,,,,,
pick,24,0.0002375155869603,12.039690186137085,4,NN,NN,pick,0,6,3.3692338096657193,0.0005404098946512,20.215402857994317,0.0967741935483871,3.3692338096657193,0.3260548848063599,,,,,,,,,,,
seemed,24,0.0002375155869603,12.039690186137085,6,VB,VBD,seem,0,19,1.7062687969432897,0.0003645823216178,32.4191071419225,0.3064516129032258,1.7062687969432897,0.5228888248697178,,,,,,,,,,,
outside,24,0.0002375155869603,12.039690186137085,7,IN,IN,outsid,0,16,1.9541963103868751,0.0004963423788641,31.26714096619,0.2580645161290322,1.9541963103868751,0.504308725261129,,,,,,,,,,,
dark,24,0.0002375155869603,12.039690186137085,4,JJ,JJ,dark,0,13,2.253756592245783,0.0003944762775774,29.29883569919518,0.2096774193548387,2.253756592245783,0.4725618661160513,,,,,,,,,,,
wedding,24,0.0002375155869603,12.039690186137085,7,NN,NN,wed,0,15,2.0473057147783567,0.0005982131272842,30.70958572167535,0.2419354838709677,2.0473057147783567,0.4953158987366992,,,,,,,,,,,
because,24,0.0002375155869603,12.039690186137085,7,IN,IN,becaus,1,20,1.632268215499513,0.0004864879336579,32.645364309990256,0.3225806451612903,1.632268215499513,0.5265381340321009,,,,,,,,,,,
silver,24,0.0002375155869603,12.039690186137085,6,NN,NN,silver,0,10,2.6322682154995127,0.000421757203129,26.322682154995128,0.1612903225806451,2.6322682154995127,0.4245593895966956,,,,,,,,,,,
rapunzel,24,0.0002375155869603,12.039690186137085,8,NN,NNP,rapunzel,0,1,5.954196310386875,0.0016311749360692,5.954196310386875,0.0161290322580645,5.954196310386875,0.0960354243610786,,,,,,,,,,,
use,24,0.0002375155869603,12.039690186137085,3,NN,NN,use,0,18,1.784271308944563,0.0003989146867077,32.11688356100213,0.2903225806451613,1.7842713089445628,0.5180142509839053,,,,,,,,,,,
draw,24,0.0002375155869603,12.039690186137085,4,VB,VB,draw,0,14,2.146841388329271,0.0005276725627579,30.055779436609797,0.2258064516129032,2.146841388329271,0.4847706360743515,,,,,,,,,,,
days,24,0.0002375155869603,12.039690186137085,4,NN,NNS,day,0,17,1.866733469136536,0.0003978049379299,31.734468975321107,0.2741935483870967,1.866733469136536,0.5118462737955017,,,,,,,,,,,
frederick,24,0.0002375155869603,12.039690186137085,9,NN,NNP,frederick,0,1,5.954196310386875,0.0012023214317505,5.954196310386875,0.0161290322580645,5.954196310386875,0.0960354243610786,,,,,,,,,,,
loved,24,0.0002375155869603,12.039690186137085,5,VB,VBD,love,0,13,2.253756592245783,0.0004455897226892,29.29883569919518,0.2096774193548387,2.253756592245783,0.4725618661160513,,,,,,,,,,,
gate,23,0.0002276191041703,12.101090730801229,4,NN,NN,gate,0,11,2.494764691749578,0.0004032033740194,27.44241160924536,0.1774193548387097,2.4947646917495776,0.4426195420846025,,,,,,,,,,,
half,23,0.0002276191041703,12.101090730801229,4,NN,NN,half,0,13,2.253756592245783,0.0003799446646248,29.29883569919518,0.2096774193548387,2.253756592245783,0.4725618661160513,,,,,,,,,,,
danced,23,0.0002276191041703,12.101090730801229,6,VB,VBD,danc,0,10,2.6322682154995127,0.0005998522686647,26.322682154995128,0.1612903225806451,2.6322682154995127,0.4245593895966956,,,,,,,,,,,
anyone,23,0.0002276191041703,12.101090730801229,6,NN,NN,anyon,0,13,2.253756592245783,0.0004350030985961,29.29883569919518,0.2096774193548387,2.253756592245783,0.4725618661160513,,,,,,,,,,,
feet,23,0.0002276191041703,12.101090730801229,4,NN,NNS,feet,0,14,2.146841388329271,0.0004746811693647,30.055779436609797,0.2258064516129032,2.146841388329271,0.4847706360743515,,,,,,,,,,,
walk,23,0.0002276191041703,12.101090730801229,4,VB,VB,walk,0,17,1.866733469136536,0.0004721936371628,31.734468975321107,0.2741935483870967,1.866733469136536,0.5118462737955017,,,,,,,,,,,
luck,23,0.0002276191041703,12.101090730801229,4,NN,NN,luck,0,14,2.146841388329271,0.0004009701912179,30.055779436609797,0.2258064516129032,2.146841388329271,0.4847706360743515,0.0,1.0,0.0,0.0,1.0,0.0,1.0,0.0,1.0,0.0,1.0
town,23,0.0002276191041703,12.101090730801229,4,NN,NN,town,0,10,2.6322682154995127,0.0006000985348729,26.322682154995128,0.1612903225806451,2.6322682154995127,0.4245593895966956,,,,,,,,,,,
likewise,23,0.0002276191041703,12.101090730801229,8,RB,RB,likewis,0,11,2.494764691749578,0.0006880708394759,27.44241160924536,0.1774193548387097,2.4947646917495776,0.4426195420846025,,,,,,,,,,,
speak,23,0.0002276191041703,12.101090730801229,5,VB,VB,speak,0,14,2.146841388329271,0.0004114469504727,30.055779436609797,0.2258064516129032,2.146841388329271,0.4847706360743515,,,,,,,,,,,
hear,23,0.0002276191041703,12.101090730801229,4,VB,VB,hear,0,18,1.784271308944563,0.0003773996650545,32.11688356100213,0.2903225806451613,1.7842713089445628,0.5180142509839053,,,,,,,,,,,
straight,23,0.0002276191041703,12.101090730801229,8,RB,RB,straight,0,15,2.0473057147783567,0.0005164370499962,30.70958572167535,0.2419354838709677,2.0473057147783567,0.4953158987366992,,,,,,,,,,,
others,23,0.0002276191041703,12.101090730801229,6,NN,NNS,other,0,15,2.0473057147783567,0.0004474100905783,30.70958572167535,0.2419354838709677,2.0473057147783567,0.4953158987366992,,,,,,,,,,,
huntsmen,23,0.0002276191041703,12.101090730801229,8,NN,NNS,huntsmen,0,6,3.3692338096657193,0.0008122404014737,20.215402857994317,0.0967741935483871,3.3692338096657193,0.3260548848063599,,,,,,,,,,,
reached,23,0.0002276191041703,12.101090730801229,7,VB,VBD,reach,0,18,1.784271308944563,0.0003979011197401,32.11688356100213,0.2903225806451613,1.7842713089445628,0.5180142509839053,,,,,,,,,,,
birds,23,0.0002276191041703,12.101090730801229,5,NN,NNS,bird,0,13,2.253756592245783,0.0006307968194572,29.29883569919518,0.2096774193548387,2.253756592245783,0.4725618661160513,,,,,,,,,,,
learn,23,0.0002276191041703,12.101090730801229,5,VB,VB,learn,0,5,3.6322682154995127,0.0004931330720842,18.161341077497564,0.0806451612903225,3.6322682154995127,0.2929248560886703,,,,,,,,,,,
cloak,23,0.0002276191041703,12.101090730801229,5,NN,NN,cloak,0,6,3.3692338096657193,0.0005503877526923,20.215402857994317,0.0967741935483871,3.3692338096657193,0.3260548848063599,,,,,,,,,,,
ashes,22,0.0002177226213803,12.165221068220944,5,NN,NNS,ash,0,6,3.3692338096657193,0.0006451461256443,20.215402857994317,0.0967741935483871,3.3692338096657193,0.3260548848063599,0.0,0.0,0.0,0.0,0.0,1.0,0.0,1.0,0.0,0.0,-1.0
return,22,0.0002177226213803,12.165221068220944,6,VB,VB,return,0,13,2.253756592245783,0.0005405129092221,29.29883569919518,0.2096774193548387,2.253756592245783,0.4725618661160513,,,,,,,,,,,
high,22,0.0002177226213803,12.165221068220944,4,JJ,JJ,high,0,15,2.0473057147783567,0.0004604217183313,30.70958572167535,0.2419354838709677,2.0473057147783567,0.4953158987366992,,,,,,,,,,,
knocked,22,0.0002177226213803,12.165221068220944,7,VB,VBD,knock,0,16,1.9541963103868751,0.0004631908338574,31.26714096619,0.2580645161290322,1.9541963103868751,0.504308725261129,,,,,,,,,,,
top,22,0.0002177226213803,12.165221068220944,3,NN,NN,top,0,17,1.866733469136536,0.0005133901387505,31.734468975321107,0.2741935483870967,1.866733469136536,0.5118462737955017,0.0,1.0,0.0,0.0,0.0,0.0,1.0,0.0,0.0,1.0,1.0
dummling,22,0.0002177226213803,12.165221068220944,8,NN,NNP,dumml,0,1,5.954196310386875,0.0013304655767907,5.954196310386875,0.0161290322580645,5.954196310386875,0.0960354243610786,,,,,,,,,,,
goose,22,0.0002177226213803,12.165221068220944,5,NN,NN,goos,0,7,3.146841388329271,0.0005765813688919,22.0278897183049,0.1129032258064516,3.146841388329271,0.3552885438436274,,,,,,,,,,,
dance,22,0.0002177226213803,12.165221068220944,5,NN,NN,danc,0,8,2.9541963103868754,0.0005560926961886,23.633570483095003,0.1290322580645161,2.9541963103868754,0.3811866206950807,0.0,0.0,0.0,0.0,1.0,0.0,1.0,0.0,0.0,1.0,1.0
jumped,22,0.0002177226213803,12.165221068220944,6,VB,VBD,jump,0,17,1.866733469136536,0.0004169264509514,31.734468975321107,0.2741935483870967,1.866733469136536,0.5118462737955017,,,,,,,,,,,
ball,22,0.0002177226213803,12.165221068220944,4,NN,NN,ball,0,3,4.369233809665719,0.0009178575507513,13.107701428997157,0.0483870967741935,4.369233809665719,0.2114145391773735,,,,,,,,,,,
feel,22,0.0002177226213803,12.165221068220944,4,VB,VBP,feel,0,11,2.494764691749578,0.0003914635583273,27.44241160924536,0.1774193548387097,2.4947646917495776,0.4426195420846025,,,,,,,,,,,
sleeping,22,0.0002177226213803,12.165221068220944,8,VB,VBG,sleep,0,16,1.9541963103868751,0.0003919114725156,31.26714096619,0.2580645161290322,1.9541963103868751,0.504308725261129,,,,,,,,,,,
hundred,22,0.0002177226213803,12.165221068220944,7,JJ,JJ,hundr,0,10,2.6322682154995127,0.0008638122834642,26.322682154995128,0.1612903225806451,2.6322682154995127,0.4245593895966956,,,,,,,,,,,
whom,22,0.0002177226213803,12.165221068220944,4,WP,WP,whom,1,15,2.0473057147783567,0.0005289166829626,30.70958572167535,0.2419354838709677,2.0473057147783567,0.4953158987366992,,,,,,,,,,,
pieces,22,0.0002177226213803,12.165221068220944,6,NN,NNS,piec,0,15,2.0473057147783567,0.0004402863109079,30.70958572167535,0.2419354838709677,2.0473057147783567,0.4953158987366992,,,,,,,,,,,
corner,22,0.0002177226213803,12.165221068220944,6,NN,NN,corner,0,14,2.146841388329271,0.0004968623864561,30.055779436609797,0.2258064516129032,2.146841388329271,0.4847706360743515,,,,,,,,,,,
clever,22,0.0002177226213803,12.165221068220944,6,NN,JJ,clever,0,8,2.9541963103868754,0.0008592050544789,23.633570483095003,0.1290322580645161,2.9541963103868754,0.3811866206950807,,,,,,,,,,,
afraid,22,0.0002177226213803,12.165221068220944,6,JJ,JJ,afraid,0,16,1.9541963103868751,0.0003770222019021,31.26714096619,0.2580645161290322,1.9541963103868751,0.504308725261129,0.0,0.0,0.0,1.0,0.0,1.0,0.0,0.0,0.0,0.0,-1.0
heaven,21,0.0002078261385903,12.23233526407948,6,NN,NNP,heaven,0,12,2.3692338096657193,0.0004575342433808,28.430805715988633,0.1935483870967742,2.3692338096657193,0.4585613825159456,,,,,,,,,,,
dish,21,0.0002078261385903,12.23233526407948,4,NN,NN,dish,0,10,2.6322682154995127,0.000686395413054,26.322682154995128,0.1612903225806451,2.6322682154995127,0.4245593895966956,,,,,,,,,,,
cellar,21,0.0002078261385903,12.23233526407948,6,NN,NN,cellar,0,6,3.3692338096657193,0.0007702814426408,20.215402857994317,0.0967741935483871,3.3692338096657193,0.3260548848063599,,,,,,,,,,,
straw,21,0.0002078261385903,12.23233526407948,5,NN,NN,straw,0,6,3.3692338096657193,0.0012835022173606,20.215402857994317,0.0967741935483871,3.3692338096657193,0.3260548848063599,,,,,,,,,,,
royal,21,0.0002078261385903,12.23233526407948,5,NN,NN,royal,0,8,2.9541963103868754,0.0005252122123807,23.633570483095003,0.1290322580645161,2.9541963103868754,0.3811866206950807,,,,,,,,,,,
rich,21,0.0002078261385903,12.23233526407948,4,JJ,JJ,rich,0,15,2.0473057147783567,0.0004445756121375,30.70958572167535,0.2419354838709677,2.0473057147783567,0.4953158987366992,,,,,,,,,,,
neck,21,0.0002078261385903,12.23233526407948,4,NN,NN,neck,0,17,1.866733469136536,0.0003572734184856,31.734468975321107,0.2741935483870967,1.866733469136536,0.5118462737955017,,,,,,,,,,,
ill,21,0.0002078261385903,12.23233526407948,3,JJ,JJ,ill,0,12,2.3692338096657193,0.0005576286643042,28.430805715988633,0.1935483870967742,2.3692338096657193,0.4585613825159456,1.0,0.0,1.0,1.0,0.0,1.0,0.0,1.0,0.0,0.0,-1.0
though,21,0.0002078261385903,12.23233526407948,6,IN,IN,though,0,16,1.9541963103868751,0.0003586653663036,31.26714096619,0.2580645161290322,1.9541963103868751,0.504308725261129,,,,,,,,,,,
tower,21,0.0002078261385903,12.23233526407948,5,NN,NN,tower,0,6,3.3692338096657193,0.0007148814571537,20.215402857994317,0.0967741935483871,3.3692338096657193,0.3260548848063599,,,,,,,,,,,
struck,21,0.0002078261385903,12.23233526407948,6,VB,VBD,struck,0,13,2.253756592245783,0.0003837466662437,29.29883569919518,0.2096774193548387,2.253756592245783,0.4725618661160513,,,,,,,,,,,
become,21,0.0002078261385903,12.23233526407948,6,VB,VB,becom,0,17,1.866733469136536,0.0005649607462194,31.734468975321107,0.2741935483870967,1.866733469136536,0.5118462737955017,,,,,,,,,,,
slept,21,0.0002078261385903,12.23233526407948,5,VB,VBD,slept,0,15,2.0473057147783567,0.0003543347631541,30.70958572167535,0.2419354838709677,2.0473057147783567,0.4953158987366992,,,,,,,,,,,
wicked,21,0.0002078261385903,12.23233526407948,6,JJ,JJ,wick,0,15,2.0473057147783567,0.0003578643649265,30.70958572167535,0.2419354838709677,2.0473057147783567,0.4953158987366992,0.0,0.0,0.0,1.0,0.0,1.0,0.0,0.0,0.0,0.0,-1.0
early,21,0.0002078261385903,12.23233526407948,5,JJ,JJ,earli,0,14,2.146841388329271,0.0004778289761028,30.055779436609797,0.2258064516129032,2.146841388329271,0.4847706360743515,,,,,,,,,,,
duck,21,0.0002078261385903,12.23233526407948,4,NN,NN,duck,0,5,3.6322682154995127,0.0006797832070848,18.161341077497564,0.0806451612903225,3.6322682154995127,0.2929248560886703,,,,,,,,,,,
die,21,0.0002078261385903,12.23233526407948,3,VB,VB,die,0,13,2.253756592245783,0.0003533401237342,29.29883569919518,0.2096774193548387,2.253756592245783,0.4725618661160513,0.0,0.0,0.0,1.0,0.0,1.0,0.0,1.0,0.0,0.0,-1.0
nor,21,0.0002078261385903,12.23233526407948,3,CC,CC,nor,1,13,2.253756592245783,0.0005160246806978,29.29883569919518,0.2096774193548387,2.253756592245783,0.4725618661160513,,,,,,,,,,,
moment,21,0.0002078261385903,12.23233526407948,6,NN,NN,moment,0,16,1.9541963103868751,0.0004140721635344,31.26714096619,0.2580645161290322,1.9541963103868751,0.504308725261129,,,,,,,,,,,
snowwhite,21,0.0002078261385903,12.23233526407948,9,NN,NNP,snowwhit,0,3,4.369233809665719,0.0006482332604652,13.107701428997157,0.0483870967741935,4.369233809665719,0.2114145391773735,,,,,,,,,,,
else,21,0.0002078261385903,12.23233526407948,4,RB,RB,els,0,17,1.866733469136536,0.0003495200053543,31.734468975321107,0.2741935483870967,1.866733469136536,0.5118462737955017,,,,,,,,,,,
remained,21,0.0002078261385903,12.23233526407948,8,VB,VBD,remain,0,13,2.253756592245783,0.000512088503517,29.29883569919518,0.2096774193548387,2.253756592245783,0.4725618661160513,,,,,,,,,,,
safe,21,0.0002078261385903,12.23233526407948,4,JJ,JJ,safe,0,14,2.146841388329271,0.0003664011302846,30.055779436609797,0.2258064516129032,2.146841388329271,0.4847706360743515,0.0,0.0,0.0,0.0,1.0,0.0,1.0,0.0,0.0,1.0,1.0
angry,21,0.0002078261385903,12.23233526407948,5,JJ,JJ,angri,0,18,1.784271308944563,0.0003423258703624,32.11688356100213,0.2903225806451613,1.7842713089445628,0.5180142509839053,1.0,0.0,1.0,0.0,0.0,1.0,0.0,0.0,0.0,0.0,-1.0
wretch,21,0.0002078261385903,12.23233526407948,6,NN,NN,wretch,0,5,3.6322682154995127,0.0008591403928544,18.161341077497564,0.0806451612903225,3.6322682154995127,0.2929248560886703,1.0,0.0,1.0,0.0,0.0,1.0,0.0,1.0,0.0,0.0,-1.0
maid,20,0.0001979296558003,12.30272459197088,4,NN,NN,maid,0,5,3.6322682154995127,0.000962603409193,18.161341077497564,0.0806451612903225,3.6322682154995127,0.2929248560886703,,,,,,,,,,,
among,20,0.0001979296558003,12.30272459197088,5,IN,IN,among,0,11,2.494764691749578,0.00047927108867,27.44241160924536,0.1774193548387097,2.4947646917495776,0.4426195420846025,,,,,,,,,,,
flower,20,0.0001979296558003,12.30272459197088,6,NN,NN,flower,0,4,3.9541963103868754,0.0009465664779039,15.8167852415475,0.064516129032258,3.9541963103868754,0.2551094393797984,,,,,,,,,,,
mr,20,0.0001979296558003,12.30272459197088,2,NN,NNP,mr,0,7,3.146841388329271,0.0019196644422771,22.0278897183049,0.1129032258064516,3.146841388329271,0.3552885438436274,,,,,,,,,,,
doing,20,0.0001979296558003,12.30272459197088,5,VB,VBG,do,1,16,1.9541963103868751,0.0005269751722248,31.26714096619,0.2580645161290322,1.9541963103868751,0.504308725261129,,,,,,,,,,,
sadly,20,0.0001979296558003,12.30272459197088,5,RB,RB,sadli,0,7,3.146841388329271,0.0005313525992796,22.0278897183049,0.1129032258064516,3.146841388329271,0.3552885438436274,0.0,0.0,0.0,0.0,0.0,1.0,0.0,1.0,0.0,0.0,-1.0
name,20,0.0001979296558003,12.30272459197088,4,NN,NN,name,0,10,2.6322682154995127,0.0006701020359975,26.322682154995128,0.1612903225806451,2.6322682154995127,0.4245593895966956,,,,,,,,,,,
whether,20,0.0001979296558003,12.30272459197088,7,IN,IN,whether,0,16,1.9541963103868751,0.0004407914503257,31.26714096619,0.2580645161290322,1.9541963103868751,0.504308725261129,,,,,,,,,,,
moon,20,0.0001979296558003,12.30272459197088,4,NN,NN,moon,0,6,3.3692338096657193,0.0005237542275067,20.215402857994317,0.0967741935483871,3.3692338096657193,0.3260548848063599,,,,,,,,,,,
ass,20,0.0001979296558003,12.30272459197088,3,NN,NN,ass,0,2,4.954196310386875,0.0010807039842692,9.90839262077375,0.032258064516129,4.954196310386875,0.1598127842060282,,,,,,,,,,,
seeing,20,0.0001979296558003,12.30272459197088,6,VB,VBG,see,0,13,2.253756592245783,0.0004149735624007,29.29883569919518,0.2096774193548387,2.253756592245783,0.4725618661160513,,,,,,,,,,,
pity,20,0.0001979296558003,12.30272459197088,4,NN,NN,piti,0,16,1.9541963103868751,0.0003277102515904,31.26714096619,0.2580645161290322,1.9541963103868751,0.504308725261129,,,,,,,,,,,
indeed,20,0.0001979296558003,12.30272459197088,6,RB,RB,inde,0,16,1.9541963103868751,0.0003240005468147,31.26714096619,0.2580645161290322,1.9541963103868751,0.504308725261129,,,,,,,,,,,
scarcely,19,0.0001880331730103,12.376725173414656,8,RB,RB,scarc,0,15,2.0473057147783567,0.0003319453751725,30.70958572167535,0.2419354838709677,2.0473057147783567,0.4953158987366992,0.0,0.0,0.0,0.0,0.0,1.0,0.0,1.0,0.0,0.0,-1.0
rolled,19,0.0001880331730103,12.376725173414656,6,VB,VBD,roll,0,14,2.146841388329271,0.0003830429375923,30.055779436609797,0.2258064516129032,2.146841388329271,0.4847706360743515,,,,,,,,,,,
having,19,0.0001880331730103,12.376725173414656,6,VB,VBG,have,1,13,2.253756592245783,0.0004771383646096,29.29883569919518,0.2096774193548387,2.253756592245783,0.4725618661160513,,,,,,,,,,,
drank,19,0.0001880331730103,12.376725173414656,5,NN,NN,drank,0,14,2.146841388329271,0.0004087259519271,30.055779436609797,0.2258064516129032,2.146841388329271,0.4847706360743515,,,,,,,,,,,
horses,19,0.0001880331730103,12.376725173414656,6,NN,NNS,hors,0,10,2.6322682154995127,0.0005441091826841,26.322682154995128,0.1612903225806451,2.6322682154995127,0.4245593895966956,,,,,,,,,,,
show,19,0.0001880331730103,12.376725173414656,4,VB,VB,show,0,14,2.146841388329271,0.0003665770791104,30.055779436609797,0.2258064516129032,2.146841388329271,0.4847706360743515,,,,,,,,,,,
pulled,19,0.0001880331730103,12.376725173414656,6,VB,VBD,pull,0,16,1.9541963103868751,0.0003523812868839,31.26714096619,0.2580645161290322,1.9541963103868751,0.504308725261129,,,,,,,,,,,
tried,19,0.0001880331730103,12.376725173414656,5,VB,VBD,tri,0,15,2.0473057147783567,0.000360044804154,30.70958572167535,0.2419354838709677,2.0473057147783567,0.4953158987366992,,,,,,,,,,,
hour,19,0.0001880331730103,12.376725173414656,4,NN,NN,hour,0,11,2.494764691749578,0.0003661339904876,27.44241160924536,0.1774193548387097,2.4947646917495776,0.4426195420846025,,,,,,,,,,,
peas,19,0.0001880331730103,12.376725173414656,4,NN,NNS,pea,0,4,3.9541963103868754,0.0008274232650296,15.8167852415475,0.064516129032258,3.9541963103868754,0.2551094393797984,,,,,,,,,,,
words,19,0.0001880331730103,12.376725173414656,5,NN,NNS,word,0,13,2.253756592245783,0.0004326937767593,29.29883569919518,0.2096774193548387,2.253756592245783,0.4725618661160513,1.0,0.0,0.0,0.0,0.0,1.0,0.0,0.0,0.0,0.0,-1.0
foot,19,0.0001880331730103,12.376725173414656,4,NN,NN,foot,0,15,2.0473057147783567,0.0004011973504959,30.70958572167535,0.2419354838709677,2.0473057147783567,0.4953158987366992,,,,,,,,,,,
dress,19,0.0001880331730103,12.376725173414656,5,NN,NN,dress,0,9,2.7842713089445628,0.0003989925012978,25.058441780501063,0.1451612903225806,2.7842713089445628,0.4041684158145333,,,,,,,,,,,
gardener,19,0.0001880331730103,12.376725173414656,8,NN,NN,garden,0,3,4.369233809665719,0.0006398366924072,13.107701428997157,0.0483870967741935,4.369233809665719,0.2114145391773735,,,,,,,,,,,
singing,19,0.0001880331730103,12.376725173414656,7,VB,VBG,sing,0,12,2.3692338096657193,0.0004561397330459,28.430805715988633,0.1935483870967742,2.3692338096657193,0.4585613825159456,,,,,,,,,,,
alive,19,0.0001880331730103,12.376725173414656,5,JJ,JJ,aliv,0,11,2.494764691749578,0.0003834197520935,27.44241160924536,0.1774193548387097,2.4947646917495776,0.4426195420846025,0.0,1.0,0.0,0.0,1.0,0.0,1.0,0.0,0.0,1.0,1.0
glad,19,0.0001880331730103,12.376725173414656,4,JJ,JJ,glad,0,12,2.3692338096657193,0.0003239159554592,28.430805715988633,0.1935483870967742,2.3692338096657193,0.4585613825159456,0.0,1.0,0.0,0.0,1.0,0.0,1.0,0.0,0.0,0.0,1.0
tail,19,0.0001880331730103,12.376725173414656,4,NN,NN,tail,0,8,2.9541963103868754,0.0009021793540189,23.633570483095003,0.1290322580645161,2.9541963103868754,0.3811866206950807,,,,,,,,,,,
grieved,19,0.0001880331730103,12.376725173414656,7,VB,VBD,griev,0,10,2.6322682154995127,0.0003715218441086,26.322682154995128,0.1612903225806451,2.6322682154995127,0.4245593895966956,,,,,,,,,,,
kept,19,0.0001880331730103,12.376725173414656,4,VB,VBD,kept,0,16,1.9541963103868751,0.0003133974964019,31.26714096619,0.2580645161290322,1.9541963103868751,0.504308725261129,,,,,,,,,,,
stretched,19,0.0001880331730103,12.376725173414656,9,VB,VBD,stretch,0,14,2.146841388329271,0.0004249175780799,30.055779436609797,0.2258064516129032,2.146841388329271,0.4847706360743515,,,,,,,,,,,
vain,19,0.0001880331730103,12.376725173414656,4,NN,NN,vain,0,13,2.253756592245783,0.0004004538933197,29.29883569919518,0.2096774193548387,2.253756592245783,0.4725618661160513,,,,,,,,,,,
middle,19,0.0001880331730103,12.376725173414656,6,NN,NN,middl,0,17,1.866733469136536,0.0003997450320553,31.734468975321107,0.2741935483870967,1.866733469136536,0.5118462737955017,,,,,,,,,,,
broke,19,0.0001880331730103,12.376725173414656,5,VB,VBD,broke,0,17,1.866733469136536,0.0004749465807864,31.734468975321107,0.2741935483870967,1.866733469136536,0.5118462737955017,0.0,0.0,0.0,1.0,0.0,1.0,0.0,1.0,0.0,0.0,-1.0
watch,19,0.0001880331730103,12.376725173414656,5,VB,VB,watch,0,11,2.494764691749578,0.0004489216282495,27.44241160924536,0.1774193548387097,2.4947646917495776,0.4426195420846025,0.0,1.0,0.0,1.0,0.0,0.0,0.0,0.0,0.0,0.0,0.0
crept,19,0.0001880331730103,12.376725173414656,5,VB,VBD,crept,0,13,2.253756592245783,0.0004305824010408,29.29883569919518,0.2096774193548387,2.253756592245783,0.4725618661160513,,,,,,,,,,,
mountain,19,0.0001880331730103,12.376725173414656,8,NN,NN,mountain,0,8,2.9541963103868754,0.0004047124639847,23.633570483095003,0.1290322580645161,2.9541963103868754,0.3811866206950807,,,,,,,,,,,
laughed,19,0.0001880331730103,12.376725173414656,7,VB,VBD,laugh,0,16,1.9541963103868751,0.0003843412772012,31.26714096619,0.2580645161290322,1.9541963103868751,0.504308725261129,,,,,,,,,,,
journey,19,0.0001880331730103,12.376725173414656,7,NN,NN,journey,0,9,2.7842713089445628,0.0004123868588403,25.058441780501063,0.1451612903225806,2.7842713089445628,0.4041684158145333,0.0,1.0,0.0,1.0,1.0,0.0,1.0,0.0,0.0,0.0,1.0
bad,19,0.0001880331730103,12.376725173414656,3,JJ,JJ,bad,0,12,2.3692338096657193,0.000302931334191,28.430805715988633,0.1935483870967742,2.3692338096657193,0.4585613825159456,1.0,0.0,1.0,1.0,0.0,1.0,0.0,1.0,0.0,0.0,-1.0
partlet,19,0.0001880331730103,12.376725173414656,7,NN,NNP,partlet,0,1,5.954196310386875,0.0009710873139225,5.954196310386875,0.0161290322580645,5.954196310386875,0.0960354243610786,,,,,,,,,,,
running,18,0.0001781366902202,12.454727685415929,7,VB,VBG,run,0,13,2.253756592245783,0.0003997014682791,29.29883569919518,0.2096774193548387,2.253756592245783,0.4725618661160513,,,,,,,,,,,
someone,18,0.0001781366902202,12.454727685415929,7,NN,NN,someon,0,12,2.3692338096657193,0.0004356469436462,28.430805715988633,0.1935483870967742,2.3692338096657193,0.4585613825159456,,,,,,,,,,,
deep,18,0.0001781366902202,12.454727685415929,4,JJ,JJ,deep,0,12,2.3692338096657193,0.000385897979596,28.430805715988633,0.1935483870967742,2.3692338096657193,0.4585613825159456,,,,,,,,,,,
making,18,0.0001781366902202,12.454727685415929,6,VB,VBG,make,0,15,2.0473057147783567,0.0005942889449838,30.70958572167535,0.2419354838709677,2.0473057147783567,0.4953158987366992,,,,,,,,,,,
ought,18,0.0001781366902202,12.454727685415929,5,MD,MD,ought,0,15,2.0473057147783567,0.0003413774589756,30.70958572167535,0.2419354838709677,2.0473057147783567,0.4953158987366992,,,,,,,,,,,
girls,18,0.0001781366902202,12.454727685415929,5,NN,NNS,girl,0,6,3.3692338096657193,0.000629002057019,20.215402857994317,0.0967741935483871,3.3692338096657193,0.3260548848063599,,,,,,,,,,,
showed,18,0.0001781366902202,12.454727685415929,6,VB,VBD,show,0,13,2.253756592245783,0.0003322384965716,29.29883569919518,0.2096774193548387,2.253756592245783,0.4725618661160513,,,,,,,,,,,
legs,18,0.0001781366902202,12.454727685415929,4,NN,NNS,leg,0,15,2.0473057147783567,0.0004053822239762,30.70958572167535,0.2419354838709677,2.0473057147783567,0.4953158987366992,,,,,,,,,,,
marry,18,0.0001781366902202,12.454727685415929,5,VB,VB,marri,0,12,2.3692338096657193,0.0003780852321707,28.430805715988633,0.1935483870967742,2.3692338096657193,0.4585613825159456,0.0,1.0,0.0,1.0,1.0,0.0,1.0,0.0,1.0,1.0,1.0
stones,18,0.0001781366902202,12.454727685415929,6,NN,NNS,stone,0,10,2.6322682154995127,0.0004835391508409,26.322682154995128,0.1612903225806451,2.6322682154995127,0.4245593895966956,,,,,,,,,,,
chamber,18,0.0001781366902202,12.454727685415929,7,NN,NN,chamber,0,9,2.7842713089445628,0.0004566457516941,25.058441780501063,0.1451612903225806,2.7842713089445628,0.4041684158145333,,,,,,,,,,,
please,18,0.0001781366902202,12.454727685415929,6,VB,VB,pleas,0,12,2.3692338096657193,0.0004874294188015,28.430805715988633,0.1935483870967742,2.3692338096657193,0.4585613825159456,,,,,,,,,,,
raven,18,0.0001781366902202,12.454727685415929,5,NN,NN,raven,0,3,4.369233809665719,0.0005579037656835,13.107701428997157,0.0483870967741935,4.369233809665719,0.2114145391773735,,,,,,,,,,,
farther,18,0.0001781366902202,12.454727685415929,7,NN,NN,farther,0,14,2.146841388329271,0.0003310381234817,30.055779436609797,0.2258064516129032,2.146841388329271,0.4847706360743515,,,,,,,,,,,
cottage,18,0.0001781366902202,12.454727685415929,7,NN,NN,cottag,0,5,3.6322682154995127,0.0004901038637184,18.161341077497564,0.0806451612903225,3.6322682154995127,0.2929248560886703,,,,,,,,,,,
falada,18,0.0001781366902202,12.454727685415929,6,NN,NNP,falada,0,1,5.954196310386875,0.0007686250060024,5.954196310386875,0.0161290322580645,5.954196310386875,0.0960354243610786,,,,,,,,,,,
thither,18,0.0001781366902202,12.454727685415929,7,RB,RB,thither,0,13,2.253756592245783,0.0004229425891559,29.29883569919518,0.2096774193548387,2.253756592245783,0.4725618661160513,,,,,,,,,,,
carter,18,0.0001781366902202,12.454727685415929,6,NN,NN,carter,0,2,4.954196310386875,0.001039168390978,9.90839262077375,0.032258064516129,4.954196310386875,0.1598127842060282,,,,,,,,,,,
learnt,18,0.0001781366902202,12.454727685415929,6,VB,VBN,learnt,0,7,3.146841388329271,0.0008497568741163,22.0278897183049,0.1129032258064516,3.146841388329271,0.3552885438436274,,,,,,,,,,,
mouth,18,0.0001781366902202,12.454727685415929,5,NN,NN,mouth,0,16,1.9541963103868751,0.0005532876882769,31.26714096619,0.2580645161290322,1.9541963103868751,0.504308725261129,,,,,,,,,,,
spot,18,0.0001781366902202,12.454727685415929,4,NN,NN,spot,0,15,2.0473057147783567,0.0003442348388034,30.70958572167535,0.2419354838709677,2.0473057147783567,0.4953158987366992,,,,,,,,,,,
being,18,0.0001781366902202,12.454727685415929,5,VB,VBG,be,1,15,2.0473057147783567,0.0003321569696199,30.70958572167535,0.2419354838709677,2.0473057147783567,0.4953158987366992,,,,,,,,,,,
meantime,18,0.0001781366902202,12.454727685415929,8,NN,NN,meantim,0,17,1.866733469136536,0.0003017811719618,31.734468975321107,0.2741935483870967,1.866733469136536,0.5118462737955017,,,,,,,,,,,
waited,18,0.0001781366902202,12.454727685415929,6,VB,VBD,wait,0,13,2.253756592245783,0.0003687795450641,29.29883569919518,0.2096774193548387,2.253756592245783,0.4725618661160513,,,,,,,,,,,
noise,18,0.0001781366902202,12.454727685415929,5,NN,NN,nois,0,11,2.494764691749578,0.0004014295831121,27.44241160924536,0.1774193548387097,2.4947646917495776,0.4426195420846025,,,,,,,,,,,
strange,18,0.0001781366902202,12.454727685415929,7,JJ,JJ,strang,0,14,2.146841388329271,0.0003626077015988,30.055779436609797,0.2258064516129032,2.146841388329271,0.4847706360743515,,,,,,,,,,,
times,18,0.0001781366902202,12.454727685415929,5,NN,NNS,time,0,14,2.146841388329271,0.0004592713701046,30.055779436609797,0.2258064516129032,2.146841388329271,0.4847706360743515,,,,,,,,,,,
lifted,18,0.0001781366902202,12.454727685415929,6,VB,VBD,lift,0,15,2.0473057147783567,0.0002955335310466,30.70958572167535,0.2419354838709677,2.0473057147783567,0.4953158987366992,,,,,,,,,,,
bottom,18,0.0001781366902202,12.454727685415929,6,NN,NN,bottom,0,15,2.0473057147783567,0.0003748005263347,30.70958572167535,0.2419354838709677,2.0473057147783567,0.4953158987366992,0.0,0.0,0.0,0.0,0.0,1.0,0.0,1.0,0.0,0.0,-1.0
love,17,0.0001682402074302,12.537189845607902,4,NN,NN,love,0,11,2.494764691749578,0.0004597992564318,27.44241160924536,0.1774193548387097,2.4947646917495776,0.4426195420846025,0.0,0.0,0.0,0.0,1.0,0.0,1.0,0.0,0.0,0.0,1.0
doctor,17,0.0001682402074302,12.537189845607902,6,NN,NN,doctor,0,1,5.954196310386875,0.0020957666420261,5.954196310386875,0.0161290322580645,5.954196310386875,0.0960354243610786,0.0,0.0,0.0,0.0,0.0,0.0,1.0,0.0,0.0,1.0,1.0
coat,17,0.0001682402074302,12.537189845607902,4,NN,NN,coat,0,9,2.7842713089445628,0.0004041577271976,25.058441780501063,0.1451612903225806,2.7842713089445628,0.4041684158145333,,,,,,,,,,,
apples,17,0.0001682402074302,12.537189845607902,6,NN,NNS,appl,0,6,3.3692338096657193,0.000340236176954,20.215402857994317,0.0967741935483871,3.3692338096657193,0.3260548848063599,,,,,,,,,,,
princesses,17,0.0001682402074302,12.537189845607902,10,NN,NNS,princess,0,2,4.954196310386875,0.000888219471764,9.90839262077375,0.032258064516129,4.954196310386875,0.1598127842060282,,,,,,,,,,,
inside,17,0.0001682402074302,12.537189845607902,6,IN,IN,insid,0,12,2.3692338096657193,0.0003875588623627,28.430805715988633,0.1935483870967742,2.3692338096657193,0.4585613825159456,,,,,,,,,,,
faithful,17,0.0001682402074302,12.537189845607902,8,JJ,JJ,faith,0,13,2.253756592245783,0.0005319383840546,29.29883569919518,0.2096774193548387,2.253756592245783,0.4725618661160513,0.0,0.0,0.0,0.0,0.0,0.0,1.0,0.0,0.0,1.0,1.0
salad,17,0.0001682402074302,12.537189845607902,5,NN,NN,salad,0,3,4.369233809665719,0.0005683931763587,13.107701428997157,0.0483870967741935,4.369233809665719,0.2114145391773735,,,,,,,,,,,
short,17,0.0001682402074302,12.537189845607902,5,JJ,JJ,short,0,15,2.0473057147783567,0.0003327732691419,30.70958572167535,0.2419354838709677,2.0473057147783567,0.4953158987366992,,,,,,,,,,,
miser,17,0.0001682402074302,12.537189845607902,5,NN,NN,miser,0,1,5.954196310386875,0.0013859101987591,5.954196310386875,0.0161290322580645,5.954196310386875,0.0960354243610786,,,,,,,,,,,
snow,17,0.0001682402074302,12.537189845607902,4,NN,NN,snow,0,6,3.3692338096657193,0.0003626031379941,20.215402857994317,0.0967741935483871,3.3692338096657193,0.3260548848063599,,,,,,,,,,,
village,17,0.0001682402074302,12.537189845607902,7,NN,NN,villag,0,8,2.9541963103868754,0.0005389567456133,23.633570483095003,0.1290322580645161,2.9541963103868754,0.3811866206950807,,,,,,,,,,,
those,17,0.0001682402074302,12.537189845607902,5,DT,DT,those,1,10,2.6322682154995127,0.0003678321769831,26.322682154995128,0.1612903225806451,2.6322682154995127,0.4245593895966956,,,,,,,,,,,
order,17,0.0001682402074302,12.537189845607902,5,NN,NN,order,0,12,2.3692338096657193,0.0003726729366174,28.430805715988633,0.1935483870967742,2.3692338096657193,0.4585613825159456,,,,,,,,,,,
art,17,0.0001682402074302,12.537189845607902,3,NN,NN,art,0,9,2.7842713089445628,0.000509854085595,25.058441780501063,0.1451612903225806,2.7842713089445628,0.4041684158145333,0.0,1.0,0.0,0.0,1.0,0.0,1.0,1.0,1.0,0.0,1.0
spoke,17,0.0001682402074302,12.537189845607902,5,VB,VBD,spoke,0,11,2.494764691749578,0.000411731831434,27.44241160924536,0.1774193548387097,2.4947646917495776,0.4426195420846025,,,,,,,,,,,
placed,17,0.0001682402074302,12.537189845607902,6,VB,VBD,place,0,14,2.146841388329271,0.0003193691315085,30.055779436609797,0.2258064516129032,2.146841388329271,0.4847706360743515,,,,,,,,,,,
pig,17,0.0001682402074302,12.537189845607902,3,NN,NN,pig,0,2,4.954196310386875,0.000569084454436,9.90839262077375,0.032258064516129,4.954196310386875,0.1598127842060282,0.0,0.0,1.0,0.0,0.0,1.0,0.0,0.0,0.0,0.0,-1.0
spring,17,0.0001682402074302,12.537189845607902,6,NN,NN,spring,0,9,2.7842713089445628,0.0006965472692784,25.058441780501063,0.1451612903225806,2.7842713089445628,0.4041684158145333,,,,,,,,,,,
touched,17,0.0001682402074302,12.537189845607902,7,VB,VBD,touch,0,11,2.494764691749578,0.0004740030724319,27.44241160924536,0.1774193548387097,2.4947646917495776,0.4426195420846025,,,,,,,,,,,
rosered,17,0.0001682402074302,12.537189845607902,7,JJ,JJ,roser,0,1,5.954196310386875,0.0006704731885578,5.954196310386875,0.0161290322580645,5.954196310386875,0.0960354243610786,,,,,,,,,,,
crying,17,0.0001682402074302,12.537189845607902,6,VB,VBG,cri,0,15,2.0473057147783567,0.0003073268966504,30.70958572167535,0.2419354838709677,2.0473057147783567,0.4953158987366992,0.0,0.0,0.0,0.0,0.0,1.0,0.0,1.0,0.0,0.0,-1.0
knife,17,0.0001682402074302,12.537189845607902,5,NN,NN,knife,0,9,2.7842713089445628,0.0005986014919631,25.058441780501063,0.1451612903225806,2.7842713089445628,0.4041684158145333,,,,,,,,,,,
fallen,17,0.0001682402074302,12.537189845607902,6,VB,VBN,fallen,0,13,2.253756592245783,0.0003590686318359,29.29883569919518,0.2096774193548387,2.253756592245783,0.4725618661160513,,,,,,,,,,,
frog,17,0.0001682402074302,12.537189845607902,4,NN,NN,frog,0,1,5.954196310386875,0.0013593690375839,5.954196310386875,0.0161290322580645,5.954196310386875,0.0960354243610786,,,,,,,,,,,
heinel,17,0.0001682402074302,12.537189845607902,6,NN,NNP,heinel,0,1,5.954196310386875,0.0006591046484208,5.954196310386875,0.0161290322580645,5.954196310386875,0.0960354243610786,,,,,,,,,,,
cap,17,0.0001682402074302,12.537189845607902,3,NN,NN,cap,0,7,3.146841388329271,0.0003225365283836,22.0278897183049,0.1129032258064516,3.146841388329271,0.3552885438436274,0.0,1.0,0.0,0.0,0.0,0.0,0.0,0.0,0.0,1.0,0.0
guest,17,0.0001682402074302,12.537189845607902,5,NN,NN,guest,0,5,3.6322682154995127,0.0011773791950404,18.161341077497564,0.0806451612903225,3.6322682154995127,0.2929248560886703,,,,,,,,,,,
dwarfs,17,0.0001682402074302,12.537189845607902,6,NN,NN,dwarf,0,3,4.369233809665719,0.0005665650140075,13.107701428997157,0.0483870967741935,4.369233809665719,0.2114145391773735,,,,,,,,,,,
cart,17,0.0001682402074302,12.537189845607902,4,NN,NN,cart,0,6,3.3692338096657193,0.0006223037713255,20.215402857994317,0.0967741935483871,3.3692338096657193,0.3260548848063599,,,,,,,,,,,
kywitt,16,0.0001583437246402,12.62465268685824,6,NN,NNP,kywitt,0,1,5.954196310386875,0.0004975928723371,5.954196310386875,0.0161290322580645,5.954196310386875,0.0960354243610786,,,,,,,,,,,
wide,16,0.0001583437246402,12.62465268685824,4,JJ,JJ,wide,0,15,2.0473057147783567,0.0003268141302172,30.70958572167535,0.2419354838709677,2.0473057147783567,0.4953158987366992,,,,,,,,,,,
beasts,16,0.0001583437246402,12.62465268685824,6,NN,NNS,beast,0,9,2.7842713089445628,0.0004472227575257,25.058441780501063,0.1451612903225806,2.7842713089445628,0.4041684158145333,,,,,,,,,,,
bargain,16,0.0001583437246402,12.62465268685824,7,NN,NN,bargain,0,12,2.3692338096657193,0.0005057612508338,28.430805715988633,0.1935483870967742,2.3692338096657193,0.4585613825159456,0.0,0.0,0.0,0.0,0.0,0.0,1.0,0.0,0.0,1.0,1.0
loud,16,0.0001583437246402,12.62465268685824,4,JJ,JJ,loud,0,8,2.9541963103868754,0.0003434813825291,23.633570483095003,0.1290322580645161,2.9541963103868754,0.3811866206950807,,,,,,,,,,,
tomorrow,16,0.0001583437246402,12.62465268685824,8,NN,NN,tomorrow,0,10,2.6322682154995127,0.0004965858941843,26.322682154995128,0.1612903225806451,2.6322682154995127,0.4245593895966956,,,,,,,,,,,
neither,16,0.0001583437246402,12.62465268685824,7,DT,DT,neither,0,12,2.3692338096657193,0.0004157777306599,28.430805715988633,0.1935483870967742,2.3692338096657193,0.4585613825159456,,,,,,,,,,,
catherine,16,0.0001583437246402,12.62465268685824,9,NN,NNP,catherin,0,1,5.954196310386875,0.000801547621167,5.954196310386875,0.0161290322580645,5.954196310386875,0.0960354243610786,,,,,,,,,,,
roof,16,0.0001583437246402,12.62465268685824,4,NN,NN,roof,0,5,3.6322682154995127,0.0003599814068703,18.161341077497564,0.0806451612903225,3.6322682154995127,0.2929248560886703,,,,,,,,,,,
earth,16,0.0001583437246402,12.62465268685824,5,NN,NN,earth,0,10,2.6322682154995127,0.0003641849845197,26.322682154995128,0.1612903225806451,2.6322682154995127,0.4245593895966956,,,,,,,,,,,
whose,16,0.0001583437246402,12.62465268685824,5,WP,WP$,whose,0,10,2.6322682154995127,0.000607866153126,26.322682154995128,0.1612903225806451,2.6322682154995127,0.4245593895966956,,,,,,,,,,,
none,16,0.0001583437246402,12.62465268685824,4,NN,NN,none,0,13,2.253756592245783,0.0003619530180597,29.29883569919518,0.2096774193548387,2.253756592245783,0.4725618661160513,,,,,,,,,,,
peace,16,0.0001583437246402,12.62465268685824,5,NN,NN,peac,0,11,2.494764691749578,0.0003135736419365,27.44241160924536,0.1774193548387097,2.4947646917495776,0.4426195420846025,0.0,1.0,0.0,0.0,1.0,0.0,1.0,0.0,0.0,1.0,1.0
really,16,0.0001583437246402,12.62465268685824,6,RB,RB,realli,0,14,2.146841388329271,0.0003578951891905,30.055779436609797,0.2258064516129032,2.146841388329271,0.4847706360743515,,,,,,,,,,,
song,16,0.0001583437246402,12.62465268685824,4,NN,NN,song,0,9,2.7842713089445628,0.0003397535988345,25.058441780501063,0.1451612903225806,2.7842713089445628,0.4041684158145333,,,,,,,,,,,
stand,16,0.0001583437246402,12.62465268685824,5,VB,VB,stand,0,13,2.253756592245783,0.0002823405640586,29.29883569919518,0.2096774193548387,2.253756592245783,0.4725618661160513,,,,,,,,,,,
ashputtel,16,0.0001583437246402,12.62465268685824,9,NN,NNP,ashputtel,0,1,5.954196310386875,0.0005934981806787,5.954196310386875,0.0161290322580645,5.954196310386875,0.0960354243610786,,,,,,,,,,,
suddenly,16,0.0001583437246402,12.62465268685824,8,RB,RB,suddenli,0,13,2.253756592245783,0.0003237158219159,29.29883569919518,0.2096774193548387,2.253756592245783,0.4725618661160513,,,,,,,,,,,
pope,16,0.0001583437246402,12.62465268685824,4,NN,NN,pope,0,2,4.954196310386875,0.0007887498963832,9.90839262077375,0.032258064516129,4.954196310386875,0.1598127842060282,,,,,,,,,,,
god,16,0.0001583437246402,12.62465268685824,3,NN,NNP,god,0,7,3.146841388329271,0.0004490498954165,22.0278897183049,0.1129032258064516,3.146841388329271,0.3552885438436274,0.0,1.0,0.0,1.0,1.0,0.0,1.0,0.0,0.0,1.0,1.0
stop,16,0.0001583437246402,12.62465268685824,4,VB,VB,stop,0,14,2.146841388329271,0.0003831984089903,30.055779436609797,0.2258064516129032,2.146841388329271,0.4847706360743515,,,,,,,,,,,
within,16,0.0001583437246402,12.62465268685824,6,IN,IN,within,0,11,2.494764691749578,0.0004443040964171,27.44241160924536,0.1774193548387097,2.4947646917495776,0.4426195420846025,,,,,,,,,,,
boat,16,0.0001583437246402,12.62465268685824,4,NN,NN,boat,0,3,4.369233809665719,0.0006098102970972,13.107701428997157,0.0483870967741935,4.369233809665719,0.2114145391773735,,,,,,,,,,,
stopped,16,0.0001583437246402,12.62465268685824,7,VB,VBD,stop,0,11,2.494764691749578,0.0003642869631276,27.44241160924536,0.1774193548387097,2.4947646917495776,0.4426195420846025,,,,,,,,,,,
calf,16,0.0001583437246402,12.62465268685824,4,NN,NN,calf,0,2,4.954196310386875,0.0009133467513048,9.90839262077375,0.032258064516129,4.954196310386875,0.1598127842060282,0.0,0.0,0.0,0.0,1.0,0.0,1.0,0.0,0.0,1.0,1.0
junipertree,16,0.0001583437246402,12.62465268685824,11,JJ,JJ,junipertre,0,1,5.954196310386875,0.0004975928723371,5.954196310386875,0.0161290322580645,5.954196310386875,0.0960354243610786,,,,,,,,,,,
giants,16,0.0001583437246402,12.62465268685824,6,NN,NNS,giant,0,3,4.369233809665719,0.0003730935284564,13.107701428997157,0.0483870967741935,4.369233809665719,0.2114145391773735,,,,,,,,,,,
cock,16,0.0001583437246402,12.62465268685824,4,NN,NN,cock,0,6,3.3692338096657193,0.0006208026305676,20.215402857994317,0.0967741935483871,3.3692338096657193,0.3260548848063599,,,,,,,,,,,
upstairs,16,0.0001583437246402,12.62465268685824,8,NN,NNS,upstair,0,9,2.7842713089445628,0.0006271412585241,25.058441780501063,0.1451612903225806,2.7842713089445628,0.4041684158145333,,,,,,,,,,,
dancing,16,0.0001583437246402,12.62465268685824,7,VB,VBG,danc,0,9,2.7842713089445628,0.0006578480640307,25.058441780501063,0.1451612903225806,2.7842713089445628,0.4041684158145333,,,,,,,,,,,
wants,16,0.0001583437246402,12.62465268685824,5,VB,VBZ,want,0,10,2.6322682154995127,0.0003552108327773,26.322682154995128,0.1612903225806451,2.6322682154995127,0.4245593895966956,,,,,,,,,,,
nobody,16,0.0001583437246402,12.62465268685824,6,NN,NN,nobodi,0,12,2.3692338096657193,0.0002917988435023,28.430805715988633,0.1935483870967742,2.3692338096657193,0.4585613825159456,,,,,,,,,,,
below,16,0.0001583437246402,12.62465268685824,5,IN,IN,below,1,11,2.494764691749578,0.0005082168886293,27.44241160924536,0.1774193548387097,2.4947646917495776,0.4426195420846025,,,,,,,,,,,
haste,16,0.0001583437246402,12.62465268685824,5,NN,NN,hast,0,10,2.6322682154995127,0.0003356541429848,26.322682154995128,0.1612903225806451,2.6322682154995127,0.4245593895966956,,,,,,,,,,,
beast,15,0.0001484472418502,12.717762091249725,5,NN,NN,beast,0,9,2.7842713089445628,0.0003855696736379,25.058441780501063,0.1451612903225806,2.7842713089445628,0.4041684158145333,1.0,0.0,0.0,1.0,0.0,1.0,0.0,0.0,0.0,0.0,-1.0
part,15,0.0001484472418502,12.717762091249725,4,NN,NN,part,0,11,2.494764691749578,0.0002810703040289,27.44241160924536,0.1774193548387097,2.4947646917495776,0.4426195420846025,,,,,,,,,,,
whatever,15,0.0001484472418502,12.717762091249725,8,WD,WDT,whatev,0,13,2.253756592245783,0.0003168918410349,29.29883569919518,0.2096774193548387,2.253756592245783,0.4725618661160513,,,,,,,,,,,
listened,15,0.0001484472418502,12.717762091249725,8,VB,VBD,listen,0,12,2.3692338096657193,0.0003544168462147,28.430805715988633,0.1935483870967742,2.3692338096657193,0.4585613825159456,,,,,,,,,,,
around,15,0.0001484472418502,12.717762091249725,6,IN,IN,around,0,8,2.9541963103868754,0.0003713887636251,23.633570483095003,0.1290322580645161,2.9541963103868754,0.3811866206950807,,,,,,,,,,,
parson,15,0.0001484472418502,12.717762091249725,6,NN,NN,parson,0,4,3.9541963103868754,0.0004618938848999,15.8167852415475,0.064516129032258,3.9541963103868754,0.2551094393797984,,,,,,,,,,,
river,15,0.0001484472418502,12.717762091249725,5,NN,NN,river,0,5,3.6322682154995127,0.0004302248098012,18.161341077497564,0.0806451612903225,3.6322682154995127,0.2929248560886703,,,,,,,,,,,
picked,15,0.0001484472418502,12.717762091249725,6,VB,VBD,pick,0,10,2.6322682154995127,0.00031270229541,26.322682154995128,0.1612903225806451,2.6322682154995127,0.4245593895966956,,,,,,,,,,,
fly,15,0.0001484472418502,12.717762091249725,3,VB,VB,fli,0,12,2.3692338096657193,0.0003910763596547,28.430805715988633,0.1935483870967742,2.3692338096657193,0.4585613825159456,,,,,,,,,,,
easy,15,0.0001484472418502,12.717762091249725,4,JJ,JJ,easi,0,10,2.6322682154995127,0.0003671187583667,26.322682154995128,0.1612903225806451,2.6322682154995127,0.4245593895966956,,,,,,,,,,,
cage,15,0.0001484472418502,12.717762091249725,4,NN,NN,cage,0,5,3.6322682154995127,0.0004181027118642,18.161341077497564,0.0806451612903225,3.6322682154995127,0.2929248560886703,0.0,0.0,0.0,0.0,0.0,1.0,0.0,1.0,0.0,0.0,-1.0
handsome,15,0.0001484472418502,12.717762091249725,8,JJ,JJ,handsom,0,12,2.3692338096657193,0.0003153874738688,28.430805715988633,0.1935483870967742,2.3692338096657193,0.4585613825159456,,,,,,,,,,,
plenty,15,0.0001484472418502,12.717762091249725,6,NN,NN,plenti,0,11,2.494764691749578,0.0004200119194372,27.44241160924536,0.1774193548387097,2.4947646917495776,0.4426195420846025,,,,,,,,,,,
hunger,15,0.0001484472418502,12.717762091249725,6,NN,NN,hunger,0,10,2.6322682154995127,0.0003821990783169,26.322682154995128,0.1612903225806451,2.6322682154995127,0.4245593895966956,,,,,,,,,,,
beard,15,0.0001484472418502,12.717762091249725,5,NN,NN,beard,0,3,4.369233809665719,0.0004215270574099,13.107701428997157,0.0483870967741935,4.369233809665719,0.2114145391773735,,,,,,,,,,,
move,15,0.0001484472418502,12.717762091249725,4,VB,VB,move,0,10,2.6322682154995127,0.0004402663381604,26.322682154995128,0.1612903225806451,2.6322682154995127,0.4245593895966956,,,,,,,,,,,
thrown,15,0.0001484472418502,12.717762091249725,6,VB,VBN,thrown,0,13,2.253756592245783,0.0003050250163984,29.29883569919518,0.2096774193548387,2.253756592245783,0.4725618661160513,,,,,,,,,,,
robbers,15,0.0001484472418502,12.717762091249725,7,NN,NNS,robber,0,4,3.9541963103868754,0.0006208262695302,15.8167852415475,0.064516129032258,3.9541963103868754,0.2551094393797984,,,,,,,,,,,
cold,15,0.0001484472418502,12.717762091249725,4,JJ,JJ,cold,0,9,2.7842713089445628,0.000383518610541,25.058441780501063,0.1451612903225806,2.7842713089445628,0.4041684158145333,,,,,,,,,,,
sang,15,0.0001484472418502,12.717762091249725,4,NN,NN,sang,0,7,3.146841388329271,0.0004159720880886,22.0278897183049,0.1129032258064516,3.146841388329271,0.3552885438436274,,,,,,,,,,,
servants,15,0.0001484472418502,12.717762091249725,8,NN,NNS,servant,0,7,3.146841388329271,0.0005958069895906,22.0278897183049,0.1129032258064516,3.146841388329271,0.3552885438436274,,,,,,,,,,,
need,15,0.0001484472418502,12.717762091249725,4,NN,NN,need,0,11,2.494764691749578,0.0002860123514699,27.44241160924536,0.1774193548387097,2.4947646917495776,0.4426195420846025,,,,,,,,,,,
enchantress,15,0.0001484472418502,12.717762091249725,11,NN,NN,enchantress,0,1,5.954196310386875,0.0010194843350432,5.954196310386875,0.0161290322580645,5.954196310386875,0.0960354243610786,,,,,,,,,,,
strength,15,0.0001484472418502,12.717762091249725,8,NN,NN,strength,0,9,2.7842713089445628,0.0003774780723672,25.058441780501063,0.1451612903225806,2.7842713089445628,0.4041684158145333,0.0,0.0,0.0,0.0,0.0,0.0,1.0,0.0,0.0,1.0,1.0
beer,15,0.0001484472418502,12.717762091249725,4,NN,NN,beer,0,5,3.6322682154995127,0.0006899580209799,18.161341077497564,0.0806451612903225,3.6322682154995127,0.2929248560886703,0.0,0.0,0.0,0.0,1.0,0.0,1.0,0.0,0.0,0.0,1.0
draught,15,0.0001484472418502,12.717762091249725,7,NN,NN,draught,0,9,2.7842713089445628,0.0004235516364653,25.058441780501063,0.1451612903225806,2.7842713089445628,0.4041684158145333,,,,,,,,,,,
sight,15,0.0001484472418502,12.717762091249725,5,NN,NN,sight,0,14,2.146841388329271,0.0002482196031215,30.055779436609797,0.2258064516129032,2.146841388329271,0.4847706360743515,,,,,,,,,,,
warm,15,0.0001484472418502,12.717762091249725,4,JJ,JJ,warm,0,10,2.6322682154995127,0.0003388793939107,26.322682154995128,0.1612903225806451,2.6322682154995127,0.4245593895966956,,,,,,,,,,,
save,15,0.0001484472418502,12.717762091249725,4,VB,VB,save,0,12,2.3692338096657193,0.0004240452299004,28.430805715988633,0.1935483870967742,2.3692338096657193,0.4585613825159456,0.0,0.0,0.0,0.0,1.0,0.0,1.0,0.0,0.0,1.0,1.0
across,15,0.0001484472418502,12.717762091249725,6,IN,IN,across,0,10,2.6322682154995127,0.0003949269042538,26.322682154995128,0.1612903225806451,2.6322682154995127,0.4245593895966956,,,,,,,,,,,
dogs,15,0.0001484472418502,12.717762091249725,4,NN,NNS,dog,0,6,3.3692338096657193,0.0009835998547492,20.215402857994317,0.0967741935483871,3.3692338096657193,0.3260548848063599,,,,,,,,,,,
liked,15,0.0001484472418502,12.717762091249725,5,VB,VBD,like,0,13,2.253756592245783,0.0003547066495943,29.29883569919518,0.2096774193548387,2.253756592245783,0.4725618661160513,,,,,,,,,,,
perhaps,15,0.0001484472418502,12.717762091249725,7,RB,RB,perhap,0,9,2.7842713089445628,0.0003751800526031,25.058441780501063,0.1451612903225806,2.7842713089445628,0.4041684158145333,,,,,,,,,,,
needle,15,0.0001484472418502,12.717762091249725,6,JJ,JJ,needl,0,5,3.6322682154995127,0.0007551192678283,18.161341077497564,0.0806451612903225,3.6322682154995127,0.2929248560886703,,,,,,,,,,,
stuck,15,0.0001484472418502,12.717762091249725,5,VB,VBD,stuck,0,9,2.7842713089445628,0.0004842300800752,25.058441780501063,0.1451612903225806,2.7842713089445628,0.4041684158145333,,,,,,,,,,,
front,15,0.0001484472418502,12.717762091249725,5,NN,NN,front,0,9,2.7842713089445628,0.000311178468994,25.058441780501063,0.1451612903225806,2.7842713089445628,0.4041684158145333,,,,,,,,,,,
cheese,15,0.0001484472418502,12.717762091249725,6,NN,NN,chees,0,4,3.9541963103868754,0.0004239446469068,15.8167852415475,0.064516129032258,3.9541963103868754,0.2551094393797984,,,,,,,,,,,
slipped,15,0.0001484472418502,12.717762091249725,7,VB,VBD,slip,0,9,2.7842713089445628,0.0004176258285308,25.058441780501063,0.1451612903225806,2.7842713089445628,0.4041684158145333,,,,,,,,,,,
stairs,15,0.0001484472418502,12.717762091249725,6,NN,NNS,stair,0,9,2.7842713089445628,0.0004205514829913,25.058441780501063,0.1451612903225806,2.7842713089445628,0.4041684158145333,,,,,,,,,,,
clock,15,0.0001484472418502,12.717762091249725,5,NN,NN,clock,0,7,3.146841388329271,0.0003198632235731,22.0278897183049,0.1129032258064516,3.146841388329271,0.3552885438436274,,,,,,,,,,,
shoe,15,0.0001484472418502,12.717762091249725,4,NN,NN,shoe,0,2,4.954196310386875,0.0005074263713066,9.90839262077375,0.032258064516129,4.954196310386875,0.1598127842060282,,,,,,,,,,,
trees,15,0.0001484472418502,12.717762091249725,5,NN,NNS,tree,0,10,2.6322682154995127,0.0003117610060237,26.322682154995128,0.1612903225806451,2.6322682154995127,0.4245593895966956,,,,,,,,,,,
hill,15,0.0001484472418502,12.717762091249725,4,NN,NN,hill,0,9,2.7842713089445628,0.0003689528785556,25.058441780501063,0.1451612903225806,2.7842713089445628,0.4041684158145333,,,,,,,,,,,
listen,15,0.0001484472418502,12.717762091249725,6,VB,VB,listen,0,10,2.6322682154995127,0.0003632589107194,26.322682154995128,0.1612903225806451,2.6322682154995127,0.4245593895966956,,,,,,,,,,,
dove,15,0.0001484472418502,12.717762091249725,4,NN,NN,dove,0,4,3.9541963103868754,0.0003936550953495,15.8167852415475,0.064516129032258,3.9541963103868754,0.2551094393797984,0.0,1.0,0.0,0.0,1.0,0.0,1.0,0.0,0.0,1.0,1.0
beneath,14,0.0001385507590602,12.817297764800635,7,IN,IN,beneath,0,12,2.3692338096657193,0.0004121032391836,28.430805715988633,0.1935483870967742,2.3692338096657193,0.4585613825159456,,,,,,,,,,,
cup,14,0.0001385507590602,12.817297764800635,3,NN,NN,cup,0,5,3.6322682154995127,0.0004103244821614,18.161341077497564,0.0806451612903225,3.6322682154995127,0.2929248560886703,,,,,,,,,,,
roland,14,0.0001385507590602,12.817297764800635,6,NN,NNP,roland,0,1,5.954196310386875,0.0009078298048987,5.954196310386875,0.0161290322580645,5.954196310386875,0.0960354243610786,,,,,,,,,,,
hung,14,0.0001385507590602,12.817297764800635,4,VB,VBD,hung,0,11,2.494764691749578,0.0003464086239642,27.44241160924536,0.1774193548387097,2.4947646917495776,0.4426195420846025,,,,,,,,,,,
task,14,0.0001385507590602,12.817297764800635,4,NN,NN,task,0,7,3.146841388329271,0.0005028405062461,22.0278897183049,0.1129032258064516,3.146841388329271,0.3552885438436274,,,,,,,,,,,
behave,14,0.0001385507590602,12.817297764800635,6,VB,NNP,behav,0,3,4.369233809665719,0.0009875532087562,13.107701428997157,0.0483870967741935,4.369233809665719,0.2114145391773735,,,,,,,,,,,
step,14,0.0001385507590602,12.817297764800635,4,NN,NN,step,0,10,2.6322682154995127,0.0006038978669861,26.322682154995128,0.1612903225806451,2.6322682154995127,0.4245593895966956,,,,,,,,,,,
hole,14,0.0001385507590602,12.817297764800635,4,NN,NN,hole,0,10,2.6322682154995127,0.0003452130263816,26.322682154995128,0.1612903225806451,2.6322682154995127,0.4245593895966956,,,,,,,,,,,
late,14,0.0001385507590602,12.817297764800635,4,JJ,JJ,late,0,10,2.6322682154995127,0.0003865021440982,26.322682154995128,0.1612903225806451,2.6322682154995127,0.4245593895966956,0.0,0.0,0.0,0.0,0.0,1.0,0.0,1.0,0.0,0.0,-1.0
flowers,14,0.0001385507590602,12.817297764800635,7,NN,NNS,flower,0,6,3.3692338096657193,0.0003134324098007,20.215402857994317,0.0967741935483871,3.3692338096657193,0.3260548848063599,,,,,,,,,,,
meat,14,0.0001385507590602,12.817297764800635,4,NN,NN,meat,0,9,2.7842713089445628,0.0003677243359253,25.058441780501063,0.1451612903225806,2.7842713089445628,0.4041684158145333,,,,,,,,,,,
power,14,0.0001385507590602,12.817297764800635,5,NN,NN,power,0,11,2.494764691749578,0.0002943476345347,27.44241160924536,0.1774193548387097,2.4947646917495776,0.4426195420846025,,,,,,,,,,,
skin,14,0.0001385507590602,12.817297764800635,4,NN,NN,skin,0,7,3.146841388329271,0.0004767414520803,22.0278897183049,0.1129032258064516,3.146841388329271,0.3552885438436274,,,,,,,,,,,
green,14,0.0001385507590602,12.817297764800635,5,JJ,JJ,green,0,10,2.6322682154995127,0.0003482389465454,26.322682154995128,0.1612903225806451,2.6322682154995127,0.4245593895966956,0.0,0.0,0.0,0.0,1.0,0.0,1.0,0.0,0.0,1.0,1.0
sack,14,0.0001385507590602,12.817297764800635,4,NN,NN,sack,0,4,3.9541963103868754,0.0009971196289294,15.8167852415475,0.064516129032258,3.9541963103868754,0.2551094393797984,,,,,,,,,,,
heads,14,0.0001385507590602,12.817297764800635,5,NN,NNS,head,0,7,3.146841388329271,0.0003408962356646,22.0278897183049,0.1129032258064516,3.146841388329271,0.3552885438436274,,,,,,,,,,,
catskin,14,0.0001385507590602,12.817297764800635,7,NN,NNP,catskin,0,1,5.954196310386875,0.0006294456652879,5.954196310386875,0.0161290322580645,5.954196310386875,0.0960354243610786,,,,,,,,,,,
promised,14,0.0001385507590602,12.817297764800635,8,VB,VBD,promis,0,12,2.3692338096657193,0.0003140329873127,28.430805715988633,0.1935483870967742,2.3692338096657193,0.4585613825159456,,,,,,,,,,,
mine,14,0.0001385507590602,12.817297764800635,4,JJ,JJ,mine,0,9,2.7842713089445628,0.000316470277317,25.058441780501063,0.1451612903225806,2.7842713089445628,0.4041684158145333,,,,,,,,,,,
saved,14,0.0001385507590602,12.817297764800635,5,VB,VBN,save,0,10,2.6322682154995127,0.0004716187227906,26.322682154995128,0.1612903225806451,2.6322682154995127,0.4245593895966956,,,,,,,,,,,
certainly,14,0.0001385507590602,12.817297764800635,9,RB,RB,certainli,0,11,2.494764691749578,0.0004385786759195,27.44241160924536,0.1774193548387097,2.4947646917495776,0.4426195420846025,,,,,,,,,,,
sound,14,0.0001385507590602,12.817297764800635,5,NN,NN,sound,0,11,2.494764691749578,0.0002912043527898,27.44241160924536,0.1774193548387097,2.4947646917495776,0.4426195420846025,,,,,,,,,,,
rage,14,0.0001385507590602,12.817297764800635,4,NN,NN,rage,0,9,2.7842713089445628,0.000416295102445,25.058441780501063,0.1451612903225806,2.7842713089445628,0.4041684158145333,1.0,0.0,0.0,0.0,0.0,1.0,0.0,0.0,0.0,0.0,-1.0
everyone,14,0.0001385507590602,12.817297764800635,8,NN,NN,everyon,0,13,2.253756592245783,0.0002759629412902,29.29883569919518,0.2096774193548387,2.253756592245783,0.4725618661160513,,,,,,,,,,,
bound,14,0.0001385507590602,12.817297764800635,5,VB,VBD,bound,0,12,2.3692338096657193,0.0003267651632771,28.430805715988633,0.1935483870967742,2.3692338096657193,0.4585613825159456,,,,,,,,,,,
eating,14,0.0001385507590602,12.817297764800635,6,VB,VBG,eat,0,9,2.7842713089445628,0.0003315429252116,25.058441780501063,0.1451612903225806,2.7842713089445628,0.4041684158145333,,,,,,,,,,,
hungry,14,0.0001385507590602,12.817297764800635,6,JJ,JJ,hungri,0,11,2.494764691749578,0.0004088311854796,27.44241160924536,0.1774193548387097,2.4947646917495776,0.4426195420846025,0.0,1.0,0.0,0.0,0.0,1.0,0.0,0.0,0.0,0.0,-1.0
above,14,0.0001385507590602,12.817297764800635,5,IN,IN,abov,1,13,2.253756592245783,0.000287995027639,29.29883569919518,0.2096774193548387,2.253756592245783,0.4725618661160513,,,,,,,,,,,
search,14,0.0001385507590602,12.817297764800635,6,NN,NN,search,0,8,2.9541963103868754,0.0004645194428954,23.633570483095003,0.1290322580645161,2.9541963103868754,0.3811866206950807,,,,,,,,,,,
weep,14,0.0001385507590602,12.817297764800635,4,VB,VB,weep,0,8,2.9541963103868754,0.0004377445003447,23.633570483095003,0.1290322580645161,2.9541963103868754,0.3811866206950807,0.0,0.0,0.0,0.0,0.0,1.0,0.0,1.0,0.0,0.0,-1.0
sultan,14,0.0001385507590602,12.817297764800635,6,NN,NNP,sultan,0,1,5.954196310386875,0.001538324875349,5.954196310386875,0.0161290322580645,5.954196310386875,0.0960354243610786,,,,,,,,,,,
lucky,14,0.0001385507590602,12.817297764800635,5,JJ,JJ,lucki,0,9,2.7842713089445628,0.000280302709852,25.058441780501063,0.1451612903225806,2.7842713089445628,0.4041684158145333,0.0,0.0,0.0,0.0,1.0,0.0,1.0,0.0,1.0,0.0,1.0
harm,14,0.0001385507590602,12.817297764800635,4,NN,NN,harm,0,11,2.494764691749578,0.0002988694966445,27.44241160924536,0.1774193548387097,2.4947646917495776,0.4426195420846025,0.0,0.0,0.0,1.0,0.0,1.0,0.0,0.0,0.0,0.0,-1.0
sons,14,0.0001385507590602,12.817297764800635,4,NN,NNS,son,0,8,2.9541963103868754,0.0004234880790222,23.633570483095003,0.1290322580645161,2.9541963103868754,0.3811866206950807,,,,,,,,,,,
marleen,14,0.0001385507590602,12.817297764800635,7,NN,NNP,marleen,0,1,5.954196310386875,0.000435393763295,5.954196310386875,0.0161290322580645,5.954196310386875,0.0960354243610786,,,,,,,,,,,
dinner,14,0.0001385507590602,12.817297764800635,6,NN,NN,dinner,0,11,2.494764691749578,0.0003853325264013,27.44241160924536,0.1774193548387097,2.4947646917495776,0.4426195420846025,,,,,,,,,,,
paid,14,0.0001385507590602,12.817297764800635,4,VB,VBD,paid,0,11,2.494764691749578,0.0003565806717648,27.44241160924536,0.1774193548387097,2.4947646917495776,0.4426195420846025,,,,,,,,,,,
path,14,0.0001385507590602,12.817297764800635,4,NN,NN,path,0,7,3.146841388329271,0.0003777107763328,22.0278897183049,0.1129032258064516,3.146841388329271,0.3552885438436274,,,,,,,,,,,
countryman,14,0.0001385507590602,12.817297764800635,10,NN,NN,countryman,0,3,4.369233809665719,0.0006307679185946,13.107701428997157,0.0483870967741935,4.369233809665719,0.2114145391773735,,,,,,,,,,,
dragon,14,0.0001385507590602,12.817297764800635,6,NN,NN,dragon,0,2,4.954196310386875,0.0005794310489975,9.90839262077375,0.032258064516129,4.954196310386875,0.1598127842060282,,,,,,,,,,,
year,14,0.0001385507590602,12.817297764800635,4,NN,NN,year,0,7,3.146841388329271,0.0004736170096387,22.0278897183049,0.1129032258064516,3.146841388329271,0.3552885438436274,,,,,,,,,,,
pot,14,0.0001385507590602,12.817297764800635,3,NN,NN,pot,0,3,4.369233809665719,0.0009406995029506,13.107701428997157,0.0483870967741935,4.369233809665719,0.2114145391773735,,,,,,,,,,,
ale,14,0.0001385507590602,12.817297764800635,3,NN,NN,ale,0,3,4.369233809665719,0.0005365200742059,13.107701428997157,0.0483870967741935,4.369233809665719,0.2114145391773735,,,,,,,,,,,
climbed,13,0.0001286542762702,12.92421296871715,7,VB,VBD,climb,0,9,2.7842713089445628,0.000330539070499,25.058441780501063,0.1451612903225806,2.7842713089445628,0.4041684158145333,,,,,,,,,,,
merchant,13,0.0001286542762702,12.92421296871715,8,NN,NN,merchant,0,3,4.369233809665719,0.000376796745847,13.107701428997157,0.0483870967741935,4.369233809665719,0.2114145391773735,,,,,,,,,,,
branches,13,0.0001286542762702,12.92421296871715,8,NN,NNS,branch,0,9,2.7842713089445628,0.0004521249617543,25.058441780501063,0.1451612903225806,2.7842713089445628,0.4041684158145333,,,,,,,,,,,
six,13,0.0001286542762702,12.92421296871715,3,CD,CD,six,0,8,2.9541963103868754,0.0003570730211835,23.633570483095003,0.1290322580645161,2.9541963103868754,0.3811866206950807,,,,,,,,,,,
thirsty,13,0.0001286542762702,12.92421296871715,7,JJ,JJ,thirsti,0,8,2.9541963103868754,0.0003844535014219,23.633570483095003,0.1290322580645161,2.9541963103868754,0.3811866206950807,,,,,,,,,,,
dirty,13,0.0001286542762702,12.92421296871715,5,NN,NN,dirti,0,7,3.146841388329271,0.0002993790518879,22.0278897183049,0.1129032258064516,3.146841388329271,0.3552885438436274,0.0,0.0,1.0,0.0,0.0,1.0,0.0,0.0,0.0,0.0,-1.0
lives,13,0.0001286542762702,12.92421296871715,5,NN,NNS,live,0,12,2.3692338096657193,0.000346458480398,28.430805715988633,0.1935483870967742,2.3692338096657193,0.4585613825159456,,,,,,,,,,,
willingly,13,0.0001286542762702,12.92421296871715,9,RB,RB,willingli,0,10,2.6322682154995127,0.0003511512588215,26.322682154995128,0.1612903225806451,2.6322682154995127,0.4245593895966956,,,,,,,,,,,
pushed,13,0.0001286542762702,12.92421296871715,6,VB,VBD,push,0,10,2.6322682154995127,0.0002587933393002,26.322682154995128,0.1612903225806451,2.6322682154995127,0.4245593895966956,,,,,,,,,,,
fair,13,0.0001286542762702,12.92421296871715,4,NN,NN,fair,0,8,2.9541963103868754,0.0003132845930942,23.633570483095003,0.1290322580645161,2.9541963103868754,0.3811866206950807,,,,,,,,,,,
seek,13,0.0001286542762702,12.92421296871715,4,VB,VB,seek,0,9,2.7842713089445628,0.0003192801694217,25.058441780501063,0.1451612903225806,2.7842713089445628,0.4041684158145333,,,,,,,,,,,
few,13,0.0001286542762702,12.92421296871715,3,JJ,JJ,few,1,9,2.7842713089445628,0.0004649693628508,25.058441780501063,0.1451612903225806,2.7842713089445628,0.4041684158145333,,,,,,,,,,,
bones,13,0.0001286542762702,12.92421296871715,5,NN,NNS,bone,0,3,4.369233809665719,0.0003427144569933,13.107701428997157,0.0483870967741935,4.369233809665719,0.2114145391773735,,,,,,,,,,,
pearls,13,0.0001286542762702,12.92421296871715,6,NN,NN,pearl,0,6,3.3692338096657193,0.000509352611039,20.215402857994317,0.0967741935483871,3.3692338096657193,0.3260548848063599,,,,,,,,,,,
sorrowful,13,0.0001286542762702,12.92421296871715,9,JJ,JJ,sorrow,0,10,2.6322682154995127,0.0003516866649142,26.322682154995128,0.1612903225806451,2.6322682154995127,0.4245593895966956,0.0,0.0,0.0,0.0,0.0,1.0,0.0,1.0,0.0,0.0,-1.0
cake,13,0.0001286542762702,12.92421296871715,4,NN,NN,cake,0,2,4.954196310386875,0.0005726247831348,9.90839262077375,0.032258064516129,4.954196310386875,0.1598127842060282,,,,,,,,,,,
obliged,13,0.0001286542762702,12.92421296871715,7,VB,VBN,oblig,0,11,2.494764691749578,0.000295905622832,27.44241160924536,0.1774193548387097,2.4947646917495776,0.4426195420846025,,,,,,,,,,,
burning,13,0.0001286542762702,12.92421296871715,7,VB,VBG,burn,0,11,2.494764691749578,0.0003619761798547,27.44241160924536,0.1774193548387097,2.4947646917495776,0.4426195420846025,,,,,,,,,,,
between,13,0.0001286542762702,12.92421296871715,7,IN,IN,between,1,11,2.494764691749578,0.0002629608064947,27.44241160924536,0.1774193548387097,2.4947646917495776,0.4426195420846025,,,,,,,,,,,
broken,13,0.0001286542762702,12.92421296871715,6,VB,VBN,broken,0,12,2.3692338096657193,0.0003586760764747,28.430805715988633,0.1935483870967742,2.3692338096657193,0.4585613825159456,1.0,0.0,0.0,1.0,0.0,1.0,0.0,1.0,0.0,0.0,-1.0
thousand,13,0.0001286542762702,12.92421296871715,8,JJ,JJ,thousand,0,8,2.9541963103868754,0.0003449276332092,23.633570483095003,0.1290322580645161,2.9541963103868754,0.3811866206950807,,,,,,,,,,,
thereupon,13,0.0001286542762702,12.92421296871715,9,IN,IN,thereupon,0,9,2.7842713089445628,0.0003327721945464,25.058441780501063,0.1451612903225806,2.7842713089445628,0.4041684158145333,,,,,,,,,,,
shake,13,0.0001286542762702,12.92421296871715,5,VB,VB,shake,0,3,4.369233809665719,0.0003494735836244,13.107701428997157,0.0483870967741935,4.369233809665719,0.2114145391773735,,,,,,,,,,,
sad,13,0.0001286542762702,12.92421296871715,3,JJ,JJ,sad,0,11,2.494764691749578,0.0003690442760106,27.44241160924536,0.1774193548387097,2.4947646917495776,0.4426195420846025,,,,,,,,,,,
curdken,13,0.0001286542762702,12.92421296871715,7,NN,NNP,curdken,0,1,5.954196310386875,0.0005551180598906,5.954196310386875,0.0161290322580645,5.954196310386875,0.0960354243610786,,,,,,,,,,,
counsel,13,0.0001286542762702,12.92421296871715,7,NN,NN,counsel,0,6,3.3692338096657193,0.0003264703102186,20.215402857994317,0.0967741935483871,3.3692338096657193,0.3260548848063599,0.0,0.0,0.0,0.0,0.0,0.0,1.0,0.0,0.0,1.0,1.0
steps,13,0.0001286542762702,12.92421296871715,5,NN,NNS,step,0,8,2.9541963103868754,0.0003096516930387,23.633570483095003,0.1290322580645161,2.9541963103868754,0.3811866206950807,,,,,,,,,,,
shook,13,0.0001286542762702,12.92421296871715,5,VB,VBD,shook,0,12,2.3692338096657193,0.0002760052749651,28.430805715988633,0.1935483870967742,2.3692338096657193,0.4585613825159456,,,,,,,,,,,
tears,13,0.0001286542762702,12.92421296871715,5,NN,NNS,tear,0,10,2.6322682154995127,0.0004084063743149,26.322682154995128,0.1612903225806451,2.6322682154995127,0.4245593895966956,,,,,,,,,,,
empty,13,0.0001286542762702,12.92421296871715,5,JJ,JJ,empti,0,11,2.494764691749578,0.0003027854134398,27.44241160924536,0.1774193548387097,2.4947646917495776,0.4426195420846025,,,,,,,,,,,
play,13,0.0001286542762702,12.92421296871715,4,VB,VB,play,0,8,2.9541963103868754,0.0003536382043799,23.633570483095003,0.1290322580645161,2.9541963103868754,0.3811866206950807,,,,,,,,,,,
break,13,0.0001286542762702,12.92421296871715,5,VB,VB,break,0,10,2.6322682154995127,0.0002564435820311,26.322682154995128,0.1612903225806451,2.6322682154995127,0.4245593895966956,,,,,,,,,,,
gathered,13,0.0001286542762702,12.92421296871715,8,VB,VBD,gather,0,10,2.6322682154995127,0.0002984967998896,26.322682154995128,0.1612903225806451,2.6322682154995127,0.4245593895966956,,,,,,,,,,,
carriage,13,0.0001286542762702,12.92421296871715,8,NN,NN,carriag,0,3,4.369233809665719,0.0005683279001733,13.107701428997157,0.0483870967741935,4.369233809665719,0.2114145391773735,,,,,,,,,,,
whither,13,0.0001286542762702,12.92421296871715,7,NN,NNP,whither,0,5,3.6322682154995127,0.0005585686963598,18.161341077497564,0.0806451612903225,3.6322682154995127,0.2929248560886703,,,,,,,,,,,
immediately,13,0.0001286542762702,12.92421296871715,11,RB,RB,immedi,0,10,2.6322682154995127,0.0003624454048464,26.322682154995128,0.1612903225806451,2.6322682154995127,0.4245593895966956,0.0,1.0,0.0,0.0,0.0,1.0,1.0,0.0,0.0,0.0,0.0
blue,13,0.0001286542762702,12.92421296871715,4,NN,NN,blue,0,3,4.369233809665719,0.0005031312680307,13.107701428997157,0.0483870967741935,4.369233809665719,0.2114145391773735,,,,,,,,,,,
hat,13,0.0001286542762702,12.92421296871715,3,NN,NN,hat,0,5,3.6322682154995127,0.0003124947856967,18.161341077497564,0.0806451612903225,3.6322682154995127,0.2929248560886703,,,,,,,,,,,
changed,12,0.0001187577934801,13.039690186137085,7,VB,VBN,chang,0,7,3.146841388329271,0.0003765422230522,22.0278897183049,0.1129032258064516,3.146841388329271,0.3552885438436274,,,,,,,,,,,
beside,12,0.0001187577934801,13.039690186137085,6,IN,IN,besid,0,11,2.494764691749578,0.0003066700683745,27.44241160924536,0.1774193548387097,2.4947646917495776,0.4426195420846025,,,,,,,,,,,
body,12,0.0001187577934801,13.039690186137085,4,NN,NN,bodi,0,11,2.494764691749578,0.0003012939501144,27.44241160924536,0.1774193548387097,2.4947646917495776,0.4426195420846025,,,,,,,,,,,
thieves,12,0.0001187577934801,13.039690186137085,7,NN,NNS,thiev,0,3,4.369233809665719,0.0004398679946634,13.107701428997157,0.0483870967741935,4.369233809665719,0.2114145391773735,,,,,,,,,,,
won,12,0.0001187577934801,13.039690186137085,3,VB,VBD,won,1,11,2.494764691749578,0.0003899550270403,27.44241160924536,0.1774193548387097,2.4947646917495776,0.4426195420846025,,,,,,,,,,,
quietly,12,0.0001187577934801,13.039690186137085,7,RB,RB,quietli,0,10,2.6322682154995127,0.000361929826689,26.322682154995128,0.1612903225806451,2.6322682154995127,0.4245593895966956,,,,,,,,,,,
mountains,12,0.0001187577934801,13.039690186137085,9,NN,NNS,mountain,0,4,3.9541963103868754,0.0003358616452684,15.8167852415475,0.064516129032258,3.9541963103868754,0.2551094393797984,,,,,,,,,,,
knowing,12,0.0001187577934801,13.039690186137085,7,VB,VBG,know,0,10,2.6322682154995127,0.0002821050745176,26.322682154995128,0.1612903225806451,2.6322682154995127,0.4245593895966956,,,,,,,,,,,
ilsabill,12,0.0001187577934801,13.039690186137085,8,NN,NNP,ilsabil,0,1,5.954196310386875,0.0005423176905096,5.954196310386875,0.0161290322580645,5.954196310386875,0.0960354243610786,,,,,,,,,,,
softly,12,0.0001187577934801,13.039690186137085,6,RB,RB,softli,0,7,3.146841388329271,0.0002327226798833,22.0278897183049,0.1129032258064516,3.146841388329271,0.3552885438436274,,,,,,,,,,,
arms,12,0.0001187577934801,13.039690186137085,4,NN,NNS,arm,0,8,2.9541963103868754,0.0003251246920195,23.633570483095003,0.1290322580645161,2.9541963103868754,0.3811866206950807,,,,,,,,,,,
silly,12,0.0001187577934801,13.039690186137085,5,JJ,JJ,silli,0,11,2.494764691749578,0.0002615204146147,27.44241160924536,0.1774193548387097,2.4947646917495776,0.4426195420846025,0.0,0.0,0.0,0.0,1.0,1.0,0.0,0.0,0.0,0.0,-1.0
swallowed,12,0.0001187577934801,13.039690186137085,9,VB,VBD,swallow,0,8,2.9541963103868754,0.0004246911481015,23.633570483095003,0.1290322580645161,2.9541963103868754,0.3811866206950807,,,,,,,,,,,
lina,12,0.0001187577934801,13.039690186137085,4,NN,NNP,lina,0,1,5.954196310386875,0.0012272897681926,5.954196310386875,0.0161290322580645,5.954196310386875,0.0960354243610786,,,,,,,,,,,
dressed,12,0.0001187577934801,13.039690186137085,7,VB,VBD,dress,0,9,2.7842713089445628,0.0003114331991142,25.058441780501063,0.1451612903225806,2.7842713089445628,0.4041684158145333,,,,,,,,,,,
fundevogel,12,0.0001187577934801,13.039690186137085,10,NN,NNP,fundevogel,0,1,5.954196310386875,0.0012272897681926,5.954196310386875,0.0161290322580645,5.954196310386875,0.0960354243610786,,,,,,,,,,,
happily,12,0.0001187577934801,13.039690186137085,7,RB,RB,happili,0,11,2.494764691749578,0.0002622765121966,27.44241160924536,0.1774193548387097,2.4947646917495776,0.4426195420846025,0.0,0.0,0.0,0.0,1.0,0.0,1.0,0.0,0.0,0.0,1.0
deal,12,0.0001187577934801,13.039690186137085,4,NN,NN,deal,0,8,2.9541963103868754,0.0003059265489797,23.633570483095003,0.1290322580645161,2.9541963103868754,0.3811866206950807,0.0,1.0,0.0,0.0,1.0,0.0,1.0,0.0,1.0,1.0,1.0
meadow,12,0.0001187577934801,13.039690186137085,6,NN,NN,meadow,0,6,3.3692338096657193,0.0003302014671711,20.215402857994317,0.0967741935483871,3.3692338096657193,0.3260548848063599,,,,,,,,,,,
pillow,12,0.0001187577934801,13.039690186137085,6,NN,NN,pillow,0,6,3.3692338096657193,0.0003387126899522,20.215402857994317,0.0967741935483871,3.3692338096657193,0.3260548848063599,,,,,,,,,,,
satisfied,12,0.0001187577934801,13.039690186137085,9,VB,VBN,satisfi,0,12,2.3692338096657193,0.0003576882310417,28.430805715988633,0.1935483870967742,2.3692338096657193,0.4585613825159456,0.0,0.0,0.0,0.0,1.0,0.0,1.0,0.0,0.0,0.0,1.0
presently,12,0.0001187577934801,13.039690186137085,9,RB,RB,present,0,10,2.6322682154995127,0.0005195649075032,26.322682154995128,0.1612903225806451,2.6322682154995127,0.4245593895966956,,,,,,,,,,,
beg,12,0.0001187577934801,13.039690186137085,3,VB,VB,beg,0,5,3.6322682154995127,0.0005153137891247,18.161341077497564,0.0806451612903225,3.6322682154995127,0.2929248560886703,0.0,0.0,0.0,0.0,0.0,1.0,0.0,1.0,0.0,0.0,-1.0
cask,12,0.0001187577934801,13.039690186137085,4,NN,NN,cask,0,4,3.9541963103868754,0.0004921941926342,15.8167852415475,0.064516129032258,3.9541963103868754,0.2551094393797984,,,,,,,,,,,
ears,12,0.0001187577934801,13.039690186137085,4,NN,NNS,ear,0,8,2.9541963103868754,0.0004873651132519,23.633570483095003,0.1290322580645161,2.9541963103868754,0.3811866206950807,,,,,,,,,,,
stream,12,0.0001187577934801,13.039690186137085,6,NN,NN,stream,0,7,3.146841388329271,0.0004095202088714,22.0278897183049,0.1129032258064516,3.146841388329271,0.3552885438436274,,,,,,,,,,,
hurt,12,0.0001187577934801,13.039690186137085,4,VB,VB,hurt,0,9,2.7842713089445628,0.0003218546836816,25.058441780501063,0.1451612903225806,2.7842713089445628,0.4041684158145333,1.0,0.0,0.0,1.0,0.0,1.0,0.0,1.0,0.0,0.0,-1.0
sword,12,0.0001187577934801,13.039690186137085,5,NN,NN,sword,0,6,3.3692338096657193,0.0002904654543044,20.215402857994317,0.0967741935483871,3.3692338096657193,0.3260548848063599,,,,,,,,,,,
church,12,0.0001187577934801,13.039690186137085,6,NN,NN,church,0,6,3.3692338096657193,0.0005316412552055,20.215402857994317,0.0967741935483871,3.3692338096657193,0.3260548848063599,0.0,1.0,0.0,0.0,1.0,0.0,1.0,0.0,0.0,1.0,1.0
whilst,12,0.0001187577934801,13.039690186137085,6,IN,IN,whilst,0,9,2.7842713089445628,0.0003076630604816,25.058441780501063,0.1451612903225806,2.7842713089445628,0.4041684158145333,,,,,,,,,,,
knows,12,0.0001187577934801,13.039690186137085,5,VB,VBZ,know,0,8,2.9541963103868754,0.0005631261775687,23.633570483095003,0.1290322580645161,2.9541963103868754,0.3811866206950807,,,,,,,,,,,
soup,12,0.0001187577934801,13.039690186137085,4,NN,NN,soup,0,1,5.954196310386875,0.0005395248559611,5.954196310386875,0.0161290322580645,5.954196310386875,0.0960354243610786,,,,,,,,,,,
lips,12,0.0001187577934801,13.039690186137085,4,NN,NNS,lip,0,7,3.146841388329271,0.0004779092338085,22.0278897183049,0.1129032258064516,3.146841388329271,0.3552885438436274,,,,,,,,,,,
betrothed,12,0.0001187577934801,13.039690186137085,9,VB,VBD,betroth,0,4,3.9541963103868754,0.0005158405549533,15.8167852415475,0.064516129032258,3.9541963103868754,0.2551094393797984,0.0,1.0,0.0,0.0,1.0,0.0,1.0,0.0,0.0,1.0,1.0
returned,12,0.0001187577934801,13.039690186137085,8,VB,VBD,return,0,10,2.6322682154995127,0.000326624683517,26.322682154995128,0.1612903225806451,2.6322682154995127,0.4245593895966956,,,,,,,,,,,
evil,12,0.0001187577934801,13.039690186137085,4,JJ,JJ,evil,0,6,3.3692338096657193,0.0002946980831374,20.215402857994317,0.0967741935483871,3.3692338096657193,0.3260548848063599,1.0,0.0,1.0,1.0,0.0,1.0,0.0,1.0,0.0,0.0,-1.0
stayed,12,0.0001187577934801,13.039690186137085,6,VB,VBD,stay,0,11,2.494764691749578,0.0003568047554367,27.44241160924536,0.1774193548387097,2.4947646917495776,0.4426195420846025,,,,,,,,,,,
judge,12,0.0001187577934801,13.039690186137085,5,NN,NN,judg,0,3,4.369233809665719,0.0006271952816973,13.107701428997157,0.0483870967741935,4.369233809665719,0.2114145391773735,,,,,,,,,,,
fortune,12,0.0001187577934801,13.039690186137085,7,NN,NN,fortun,0,9,2.7842713089445628,0.0004010008706717,25.058441780501063,0.1451612903225806,2.7842713089445628,0.4041684158145333,0.0,1.0,0.0,0.0,1.0,0.0,1.0,0.0,1.0,1.0,1.0
hills,12,0.0001187577934801,13.039690186137085,5,NN,NNS,hill,0,3,4.369233809665719,0.0003578228517562,13.107701428997157,0.0483870967741935,4.369233809665719,0.2114145391773735,,,,,,,,,,,
advice,12,0.0001187577934801,13.039690186137085,6,NN,NN,advic,0,8,2.9541963103868754,0.0004096801659324,23.633570483095003,0.1290322580645161,2.9541963103868754,0.3811866206950807,,,,,,,,,,,
geese,12,0.0001187577934801,13.039690186137085,5,JJ,JJ,gees,0,2,4.954196310386875,0.0004244295250688,9.90839262077375,0.032258064516129,4.954196310386875,0.1598127842060282,,,,,,,,,,,
says,12,0.0001187577934801,13.039690186137085,4,VB,VBZ,say,0,6,3.3692338096657193,0.0004546958799449,20.215402857994317,0.0967741935483871,3.3692338096657193,0.3260548848063599,,,,,,,,,,,
sell,12,0.0001187577934801,13.039690186137085,4,VB,VB,sell,0,7,3.146841388329271,0.0002927915655582,22.0278897183049,0.1129032258064516,3.146841388329271,0.3552885438436274,,,,,,,,,,,
played,12,0.0001187577934801,13.039690186137085,6,VB,VBD,play,0,9,2.7842713089445628,0.0002880424585146,25.058441780501063,0.1451612903225806,2.7842713089445628,0.4041684158145333,,,,,,,,,,,
city,11,0.0001088613106901,13.165221068220944,4,NN,NN,citi,0,6,3.3692338096657193,0.0003655762122074,20.215402857994317,0.0967741935483871,3.3692338096657193,0.3260548848063599,,,,,,,,,,,
false,11,0.0001088613106901,13.165221068220944,5,JJ,JJ,fals,0,7,3.146841388329271,0.0003540386290728,22.0278897183049,0.1129032258064516,3.146841388329271,0.3552885438436274,,,,,,,,,,,
fetched,11,0.0001088613106901,13.165221068220944,7,VB,VBD,fetch,0,8,2.9541963103868754,0.0003412953689748,23.633570483095003,0.1290322580645161,2.9541963103868754,0.3811866206950807,,,,,,,,,,,
follow,11,0.0001088613106901,13.165221068220944,6,VB,VB,follow,0,9,2.7842713089445628,0.000262319685792,25.058441780501063,0.1451612903225806,2.7842713089445628,0.4041684158145333,,,,,,,,,,,
buy,11,0.0001088613106901,13.165221068220944,3,VB,VB,buy,0,8,2.9541963103868754,0.0002860121349155,23.633570483095003,0.1290322580645161,2.9541963103868754,0.3811866206950807,,,,,,,,,,,
barrel,11,0.0001088613106901,13.165221068220944,6,NN,NN,barrel,0,3,4.369233809665719,0.0004207603926547,13.107701428997157,0.0483870967741935,4.369233809665719,0.2114145391773735,,,,,,,,,,,
stomach,11,0.0001088613106901,13.165221068220944,7,NN,NN,stomach,0,5,3.6322682154995127,0.0004301426056673,18.161341077497564,0.0806451612903225,3.6322682154995127,0.2929248560886703,,,,,,,,,,,
uneasy,11,0.0001088613106901,13.165221068220944,6,JJ,JJ,uneasi,0,10,2.6322682154995127,0.0003543271207929,26.322682154995128,0.1612903225806451,2.6322682154995127,0.4245593895966956,0.0,0.0,1.0,1.0,0.0,1.0,0.0,0.0,0.0,0.0,-1.0
sorry,11,0.0001088613106901,13.165221068220944,5,JJ,JJ,sorri,0,11,2.494764691749578,0.0003700974332326,27.44241160924536,0.1774193548387097,2.4947646917495776,0.4426195420846025,,,,,,,,,,,
shoulders,11,0.0001088613106901,13.165221068220944,9,NN,NNS,shoulder,0,8,2.9541963103868754,0.0003002100275348,23.633570483095003,0.1290322580645161,2.9541963103868754,0.3811866206950807,,,,,,,,,,,
earn,11,0.0001088613106901,13.165221068220944,4,VB,VB,earn,0,8,2.9541963103868754,0.000312727661961,23.633570483095003,0.1290322580645161,2.9541963103868754,0.3811866206950807,,,,,,,,,,,
hidden,11,0.0001088613106901,13.165221068220944,6,VB,VBN,hidden,0,10,2.6322682154995127,0.0003371847586372,26.322682154995128,0.1612903225806451,2.6322682154995127,0.4245593895966956,,,,,,,,,,,
stars,11,0.0001088613106901,13.165221068220944,5,NN,NNS,star,0,6,3.3692338096657193,0.0003877425468248,20.215402857994317,0.0967741935483871,3.3692338096657193,0.3260548848063599,,,,,,,,,,,
sausage,11,0.0001088613106901,13.165221068220944,7,NN,NN,sausag,0,1,5.954196310386875,0.0014984250609529,5.954196310386875,0.0161290322580645,5.954196310386875,0.0960354243610786,,,,,,,,,,,
used,11,0.0001088613106901,13.165221068220944,4,VB,VBD,use,0,10,2.6322682154995127,0.0004984899350338,26.322682154995128,0.1612903225806451,2.6322682154995127,0.4245593895966956,,,,,,,,,,,
wall,11,0.0001088613106901,13.165221068220944,4,NN,NN,wall,0,7,3.146841388329271,0.0003621256305614,22.0278897183049,0.1129032258064516,3.146841388329271,0.3552885438436274,,,,,,,,,,,
bought,11,0.0001088613106901,13.165221068220944,6,VB,VBD,bought,0,8,2.9541963103868754,0.0003917216967507,23.633570483095003,0.1290322580645161,2.9541963103868754,0.3811866206950807,,,,,,,,,,,
plate,11,0.0001088613106901,13.165221068220944,5,NN,NN,plate,0,6,3.3692338096657193,0.0003875038240876,20.215402857994317,0.0967741935483871,3.3692338096657193,0.3260548848063599,,,,,,,,,,,
d,11,0.0001088613106901,13.165221068220944,1,NN,NN,d,1,3,4.369233809665719,0.0003687685489826,13.107701428997157,0.0483870967741935,4.369233809665719,0.2114145391773735,,,,,,,,,,,
itself,11,0.0001088613106901,13.165221068220944,6,PR,PRP,itself,1,8,2.9541963103868754,0.0003026040912045,23.633570483095003,0.1290322580645161,2.9541963103868754,0.3811866206950807,,,,,,,,,,,
dry,11,0.0001088613106901,13.165221068220944,3,JJ,JJ,dri,0,5,3.6322682154995127,0.000316897826628,18.161341077497564,0.0806451612903225,3.6322682154995127,0.2929248560886703,,,,,,,,,,,
desire,11,0.0001088613106901,13.165221068220944,6,VB,NN,desir,0,6,3.3692338096657193,0.0002750824427953,20.215402857994317,0.0967741935483871,3.3692338096657193,0.3260548848063599,,,,,,,,,,,
axe,11,0.0001088613106901,13.165221068220944,3,NN,NN,axe,0,7,3.146841388329271,0.0002276546246803,22.0278897183049,0.1129032258064516,3.146841388329271,0.3552885438436274,,,,,,,,,,,
hardly,11,0.0001088613106901,13.165221068220944,6,RB,RB,hardli,0,10,2.6322682154995127,0.0004080263899481,26.322682154995128,0.1612903225806451,2.6322682154995127,0.4245593895966956,,,,,,,,,,,
dream,11,0.0001088613106901,13.165221068220944,5,NN,NN,dream,0,5,3.6322682154995127,0.000399576339473,18.161341077497564,0.0806451612903225,3.6322682154995127,0.2929248560886703,,,,,,,,,,,
wonderful,11,0.0001088613106901,13.165221068220944,9,JJ,JJ,wonder,0,8,2.9541963103868754,0.0002794323779379,23.633570483095003,0.1290322580645161,2.9541963103868754,0.3811866206950807,0.0,0.0,0.0,0.0,1.0,0.0,1.0,0.0,1.0,1.0,1.0
shore,11,0.0001088613106901,13.165221068220944,5,NN,NN,shore,0,7,3.146841388329271,0.0003670841114065,22.0278897183049,0.1129032258064516,3.146841388329271,0.3552885438436274,,,,,,,,,,,
mrs,11,0.0001088613106901,13.165221068220944,3,NN,NNP,mr,0,2,4.954196310386875,0.0022690996092822,9.90839262077375,0.032258064516129,4.954196310386875,0.1598127842060282,,,,,,,,,,,
entered,11,0.0001088613106901,13.165221068220944,7,VB,VBD,enter,0,9,2.7842713089445628,0.0003100161244261,25.058441780501063,0.1451612903225806,2.7842713089445628,0.4041684158145333,,,,,,,,,,,
hid,11,0.0001088613106901,13.165221068220944,3,VB,NN,hid,0,9,2.7842713089445628,0.000349267212794,25.058441780501063,0.1451612903225806,2.7842713089445628,0.4041684158145333,,,,,,,,,,,
manikin,11,0.0001088613106901,13.165221068220944,7,NN,NN,manikin,0,2,4.954196310386875,0.0005264738940573,9.90839262077375,0.032258064516129,4.954196310386875,0.1598127842060282,,,,,,,,,,,
mill,11,0.0001088613106901,13.165221068220944,4,NN,NN,mill,0,6,3.3692338096657193,0.000270419057629,20.215402857994317,0.0967741935483871,3.3692338096657193,0.3260548848063599,,,,,,,,,,,
floor,11,0.0001088613106901,13.165221068220944,5,NN,NN,floor,0,9,2.7842713089445628,0.000315897471535,25.058441780501063,0.1451612903225806,2.7842713089445628,0.4041684158145333,,,,,,,,,,,
taking,11,0.0001088613106901,13.165221068220944,6,VB,VBG,take,0,9,2.7842713089445628,0.0002514380584744,25.058441780501063,0.1451612903225806,2.7842713089445628,0.4041684158145333,,,,,,,,,,,
daughters,11,0.0001088613106901,13.165221068220944,9,NN,NNS,daughter,0,7,3.146841388329271,0.0003075309078475,22.0278897183049,0.1129032258064516,3.146841388329271,0.3552885438436274,,,,,,,,,,,
cry,11,0.0001088613106901,13.165221068220944,3,VB,VB,cri,0,10,2.6322682154995127,0.0003933707981446,26.322682154995128,0.1612903225806451,2.6322682154995127,0.4245593895966956,0.0,0.0,0.0,0.0,0.0,1.0,0.0,1.0,0.0,0.0,-1.0
rope,11,0.0001088613106901,13.165221068220944,4,NN,NN,rope,0,5,3.6322682154995127,0.0004889431274375,18.161341077497564,0.0806451612903225,3.6322682154995127,0.2929248560886703,,,,,,,,,,,
nuts,11,0.0001088613106901,13.165221068220944,4,NN,NNS,nut,0,3,4.369233809665719,0.0003952680815839,13.107701428997157,0.0483870967741935,4.369233809665719,0.2114145391773735,,,,,,,,,,,
sheep,11,0.0001088613106901,13.165221068220944,5,NN,NN,sheep,0,7,3.146841388329271,0.0003876766418279,22.0278897183049,0.1129032258064516,3.146841388329271,0.3552885438436274,,,,,,,,,,,
field,11,0.0001088613106901,13.165221068220944,5,NN,NN,field,0,7,3.146841388329271,0.0003509899765281,22.0278897183049,0.1129032258064516,3.146841388329271,0.3552885438436274,,,,,,,,,,,
bow,11,0.0001088613106901,13.165221068220944,3,NN,NN,bow,0,5,3.6322682154995127,0.0004500918680599,18.161341077497564,0.0806451612903225,3.6322682154995127,0.2929248560886703,,,,,,,,,,,
fields,11,0.0001088613106901,13.165221068220944,6,NN,NNS,field,0,9,2.7842713089445628,0.0003421325614122,25.058441780501063,0.1451612903225806,2.7842713089445628,0.4041684158145333,,,,,,,,,,,
business,11,0.0001088613106901,13.165221068220944,8,NN,NN,busi,0,10,2.6322682154995127,0.0001982430307147,26.322682154995128,0.1612903225806451,2.6322682154995127,0.4245593895966956,,,,,,,,,,,
reward,11,0.0001088613106901,13.165221068220944,6,NN,NN,reward,0,10,2.6322682154995127,0.0002718216865359,26.322682154995128,0.1612903225806451,2.6322682154995127,0.4245593895966956,0.0,1.0,0.0,0.0,1.0,0.0,1.0,0.0,1.0,1.0,1.0
mayor,11,0.0001088613106901,13.165221068220944,5,NN,NN,mayor,0,1,5.954196310386875,0.0005078796480633,5.954196310386875,0.0161290322580645,5.954196310386875,0.0960354243610786,,,,,,,,,,,
feathers,11,0.0001088613106901,13.165221068220944,8,NN,NNS,feather,0,8,2.9541963103868754,0.0002917903214821,23.633570483095003,0.1290322580645161,2.9541963103868754,0.3811866206950807,,,,,,,,,,,
forgot,11,0.0001088613106901,13.165221068220944,6,VB,VBD,forgot,0,9,2.7842713089445628,0.0002417823312662,25.058441780501063,0.1451612903225806,2.7842713089445628,0.4041684158145333,,,,,,,,,,,
form,11,0.0001088613106901,13.165221068220944,4,NN,NN,form,0,7,3.146841388329271,0.0003188517967381,22.0278897183049,0.1129032258064516,3.146841388329271,0.3552885438436274,,,,,,,,,,,
emperor,11,0.0001088613106901,13.165221068220944,7,NN,NN,emperor,0,1,5.954196310386875,0.0004971245496338,5.954196310386875,0.0161290322580645,5.954196310386875,0.0960354243610786,,,,,,,,,,,
shone,11,0.0001088613106901,13.165221068220944,5,NN,NN,shone,0,7,3.146841388329271,0.000244533706231,22.0278897183049,0.1129032258064516,3.146841388329271,0.3552885438436274,,,,,,,,,,,
received,10,9.896482790016427e-05,13.30272459197088,8,VB,VBN,receiv,0,9,2.7842713089445628,0.0002610022876402,25.058441780501063,0.1451612903225806,2.7842713089445628,0.4041684158145333,,,,,,,,,,,
fond,10,9.896482790016427e-05,13.30272459197088,4,NN,NN,fond,0,10,2.6322682154995127,0.0002192119103983,26.322682154995128,0.1612903225806451,2.6322682154995127,0.4245593895966956,,,,,,,,,,,
dearest,10,9.896482790016427e-05,13.30272459197088,7,JJ,JJS,dearest,0,6,3.3692338096657193,0.0003267925629445,20.215402857994317,0.0967741935483871,3.3692338096657193,0.3260548848063599,,,,,,,,,,,
wings,10,9.896482790016427e-05,13.30272459197088,5,NN,NNS,wing,0,8,2.9541963103868754,0.0002885891631747,23.633570483095003,0.1290322580645161,2.9541963103868754,0.3811866206950807,,,,,,,,,,,
forward,10,9.896482790016427e-05,13.30272459197088,7,RB,RB,forward,0,10,2.6322682154995127,0.0002741600402069,26.322682154995128,0.1612903225806451,2.6322682154995127,0.4245593895966956,,,,,,,,,,,
willing,10,9.896482790016427e-05,13.30272459197088,7,JJ,JJ,will,0,9,2.7842713089445628,0.000270280841473,25.058441780501063,0.1451612903225806,2.7842713089445628,0.4041684158145333,,,,,,,,,,,
meal,10,9.896482790016427e-05,13.30272459197088,4,NN,NN,meal,0,6,3.3692338096657193,0.0004330670847002,20.215402857994317,0.0967741935483871,3.3692338096657193,0.3260548848063599,,,,,,,,,,,
chain,10,9.896482790016427e-05,13.30272459197088,5,NN,NN,chain,0,2,4.954196310386875,0.0002651471436132,9.90839262077375,0.032258064516129,4.954196310386875,0.1598127842060282,,,,,,,,,,,
lies,10,9.896482790016427e-05,13.30272459197088,4,VB,VBZ,lie,0,6,3.3692338096657193,0.0003436862909871,20.215402857994317,0.0967741935483871,3.3692338096657193,0.3260548848063599,,,,,,,,,,,
waiting,10,9.896482790016427e-05,13.30272459197088,7,VB,VBG,wait,0,10,2.6322682154995127,0.0002097419677971,26.322682154995128,0.1612903225806451,2.6322682154995127,0.4245593895966956,,,,,,,,,,,
covered,10,9.896482790016427e-05,13.30272459197088,7,VB,VBN,cover,0,7,3.146841388329271,0.0002949247703044,22.0278897183049,0.1129032258064516,3.146841388329271,0.3552885438436274,,,,,,,,,,,
apron,10,9.896482790016427e-05,13.30272459197088,5,NN,NN,apron,0,5,3.6322682154995127,0.0003091076650075,18.161341077497564,0.0806451612903225,3.6322682154995127,0.2929248560886703,,,,,,,,,,,
yellow,10,9.896482790016427e-05,13.30272459197088,6,JJ,JJ,yellow,0,3,4.369233809665719,0.0003860471276036,13.107701428997157,0.0483870967741935,4.369233809665719,0.2114145391773735,,,,,,,,,,,
talk,10,9.896482790016427e-05,13.30272459197088,4,VB,VB,talk,0,7,3.146841388329271,0.0003042492775765,22.0278897183049,0.1129032258064516,3.146841388329271,0.3552885438436274,,,,,,,,,,,
new,10,9.896482790016427e-05,13.30272459197088,3,JJ,JJ,new,0,10,2.6322682154995127,0.0003340906013598,26.322682154995128,0.1612903225806451,2.6322682154995127,0.4245593895966956,,,,,,,,,,,
jorinda,10,9.896482790016427e-05,13.30272459197088,7,NN,NNP,jorinda,0,1,5.954196310386875,0.0008438965233838,5.954196310386875,0.0161290322580645,5.954196310386875,0.0960354243610786,,,,,,,,,,,
travelling,10,9.896482790016427e-05,13.30272459197088,10,VB,VBG,travel,0,10,2.6322682154995127,0.0002950433252822,26.322682154995128,0.1612903225806451,2.6322682154995127,0.4245593895966956,,,,,,,,,,,
tore,10,9.896482790016427e-05,13.30272459197088,4,VB,VBP,tore,0,8,2.9541963103868754,0.000258087710676,23.633570483095003,0.1290322580645161,2.9541963103868754,0.3811866206950807,,,,,,,,,,,
underneath,10,9.896482790016427e-05,13.30272459197088,10,IN,IN,underneath,0,3,4.369233809665719,0.0002474774142082,13.107701428997157,0.0483870967741935,4.369233809665719,0.2114145391773735,,,,,,,,,,,
sought,10,9.896482790016427e-05,13.30272459197088,6,VB,VBD,sought,0,10,2.6322682154995127,0.0002604478860554,26.322682154995128,0.1612903225806451,2.6322682154995127,0.4245593895966956,,,,,,,,,,,
fingers,10,9.896482790016427e-05,13.30272459197088,7,NN,NNS,finger,0,9,2.7842713089445628,0.0003222864893784,25.058441780501063,0.1451612903225806,2.7842713089445628,0.4041684158145333,,,,,,,,,,,
leg,10,9.896482790016427e-05,13.30272459197088,3,NN,NN,leg,0,7,3.146841388329271,0.0003249355614404,22.0278897183049,0.1129032258064516,3.146841388329271,0.3552885438436274,,,,,,,,,,,
butter,10,9.896482790016427e-05,13.30272459197088,6,NN,NN,butter,0,4,3.9541963103868754,0.0004932052396758,15.8167852415475,0.064516129032258,3.9541963103868754,0.2551094393797984,,,,,,,,,,,
rate,10,9.896482790016427e-05,13.30272459197088,4,NN,NN,rate,0,9,2.7842713089445628,0.0002451693423349,25.058441780501063,0.1451612903225806,2.7842713089445628,0.4041684158145333,,,,,,,,,,,
woodman,10,9.896482790016427e-05,13.30272459197088,7,NN,NN,woodman,0,1,5.954196310386875,0.0003779434252698,5.954196310386875,0.0161290322580645,5.954196310386875,0.0960354243610786,,,,,,,,,,,
princes,10,9.896482790016427e-05,13.30272459197088,7,NN,NNS,princ,0,5,3.6322682154995127,0.0003510971291643,18.161341077497564,0.0806451612903225,3.6322682154995127,0.2929248560886703,,,,,,,,,,,
easily,10,9.896482790016427e-05,13.30272459197088,6,RB,RB,easili,0,8,2.9541963103868754,0.0002142048629306,23.633570483095003,0.1290322580645161,2.9541963103868754,0.3811866206950807,,,,,,,,,,,
jorindel,10,9.896482790016427e-05,13.30272459197088,8,NN,NNP,jorindel,0,1,5.954196310386875,0.0008438965233838,5.954196310386875,0.0161290322580645,5.954196310386875,0.0960354243610786,,,,,,,,,,,
steak,10,9.896482790016427e-05,13.30272459197088,5,NN,NN,steak,0,2,4.954196310386875,0.0004520198163557,9.90839262077375,0.032258064516129,4.954196310386875,0.1598127842060282,,,,,,,,,,,
fur,10,9.896482790016427e-05,13.30272459197088,3,NN,NN,fur,0,3,4.369233809665719,0.0003594202690654,13.107701428997157,0.0483870967741935,4.369233809665719,0.2114145391773735,,,,,,,,,,,
talers,10,9.896482790016427e-05,13.30272459197088,6,NN,NNS,taler,0,3,4.369233809665719,0.0003186387420898,13.107701428997157,0.0483870967741935,4.369233809665719,0.2114145391773735,,,,,,,,,,,
sexton,10,9.896482790016427e-05,13.30272459197088,6,NN,NN,sexton,0,2,4.954196310386875,0.0002980365299104,9.90839262077375,0.032258064516129,4.954196310386875,0.1598127842060282,,,,,,,,,,,
boar,10,9.896482790016427e-05,13.30272459197088,4,NN,NN,boar,0,2,4.954196310386875,0.0005763580710482,9.90839262077375,0.032258064516129,4.954196310386875,0.1598127842060282,,,,,,,,,,,
sisters,10,9.896482790016427e-05,13.30272459197088,7,NN,NNS,sister,0,3,4.369233809665719,0.0003603228815129,13.107701428997157,0.0483870967741935,4.369233809665719,0.2114145391773735,,,,,,,,,,,
finished,10,9.896482790016427e-05,13.30272459197088,8,VB,VBN,finish,0,6,3.3692338096657193,0.000276797436582,20.215402857994317,0.0967741935483871,3.3692338096657193,0.3260548848063599,,,,,,,,,,,
watched,10,9.896482790016427e-05,13.30272459197088,7,VB,VBD,watch,0,8,2.9541963103868754,0.0002465621759991,23.633570483095003,0.1290322580645161,2.9541963103868754,0.3811866206950807,,,,,,,,,,,
holle,10,9.896482790016427e-05,13.30272459197088,5,NN,NNP,holl,0,1,5.954196310386875,0.0003598180006035,5.954196310386875,0.0161290322580645,5.954196310386875,0.0960354243610786,,,,,,,,,,,
roast,10,9.896482790016427e-05,13.30272459197088,5,NN,NN,roast,0,6,3.3692338096657193,0.0003486806472197,20.215402857994317,0.0967741935483871,3.3692338096657193,0.3260548848063599,,,,,,,,,,,
ride,10,9.896482790016427e-05,13.30272459197088,4,VB,VB,ride,0,7,3.146841388329271,0.0002274868436332,22.0278897183049,0.1129032258064516,3.146841388329271,0.3552885438436274,,,,,,,,,,,
hanging,10,9.896482790016427e-05,13.30272459197088,7,VB,VBG,hang,0,8,2.9541963103868754,0.000293023004457,23.633570483095003,0.1290322580645161,2.9541963103868754,0.3811866206950807,1.0,0.0,1.0,1.0,0.0,1.0,0.0,1.0,0.0,0.0,-1.0
worse,10,9.896482790016427e-05,13.30272459197088,5,JJ,JJR,wors,0,9,2.7842713089445628,0.0002840906142246,25.058441780501063,0.1451612903225806,2.7842713089445628,0.4041684158145333,0.0,0.0,0.0,1.0,0.0,1.0,0.0,1.0,0.0,0.0,-1.0
understand,10,9.896482790016427e-05,13.30272459197088,10,VB,VB,understand,0,5,3.6322682154995127,0.000594148392617,18.161341077497564,0.0806451612903225,3.6322682154995127,0.2929248560886703,,,,,,,,,,,
answer,10,9.896482790016427e-05,13.30272459197088,6,NN,NN,answer,0,8,2.9541963103868754,0.0003413083681347,23.633570483095003,0.1290322580645161,2.9541963103868754,0.3811866206950807,,,,,,,,,,,
fiddler,10,9.896482790016427e-05,13.30272459197088,7,NN,NN,fiddler,0,2,4.954196310386875,0.0005395434983323,9.90839262077375,0.032258064516129,4.954196310386875,0.1598127842060282,,,,,,,,,,,
milk,10,9.896482790016427e-05,13.30272459197088,4,NN,NN,milk,0,3,4.369233809665719,0.0004484398323804,13.107701428997157,0.0483870967741935,4.369233809665719,0.2114145391773735,,,,,,,,,,,
grislybeard,10,9.896482790016427e-05,13.30272459197088,11,NN,NNP,grislybeard,0,1,5.954196310386875,0.0006484498606419,5.954196310386875,0.0161290322580645,5.954196310386875,0.0960354243610786,,,,,,,,,,,
bade,10,9.896482790016427e-05,13.30272459197088,4,VB,VBD,bade,0,7,3.146841388329271,0.0002272145598766,22.0278897183049,0.1129032258064516,3.146841388329271,0.3552885438436274,,,,,,,,,,,
reach,10,9.896482790016427e-05,13.30272459197088,5,VB,VB,reach,0,9,2.7842713089445628,0.0002086782024935,25.058441780501063,0.1451612903225806,2.7842713089445628,0.4041684158145333,,,,,,,,,,,
courtyard,10,9.896482790016427e-05,13.30272459197088,9,NN,NN,courtyard,0,7,3.146841388329271,0.0002247157755627,22.0278897183049,0.1129032258064516,3.146841388329271,0.3552885438436274,,,,,,,,,,,
pay,10,9.896482790016427e-05,13.30272459197088,3,VB,VB,pay,0,6,3.3692338096657193,0.0003012321845503,20.215402857994317,0.0967741935483871,3.3692338096657193,0.3260548848063599,0.0,1.0,0.0,0.0,1.0,0.0,1.0,0.0,0.0,1.0,1.0
hazeltree,10,9.896482790016427e-05,13.30272459197088,9,JJ,JJ,hazeltre,0,1,5.954196310386875,0.0003709363629242,5.954196310386875,0.0161290322580645,5.954196310386875,0.0960354243610786,,,,,,,,,,,
nest,10,9.896482790016427e-05,13.30272459197088,4,JJ,JJS,nest,0,7,3.146841388329271,0.0004094899980249,22.0278897183049,0.1129032258064516,3.146841388329271,0.3552885438436274,,,,,,,,,,,
pair,10,9.896482790016427e-05,13.30272459197088,4,NN,NN,pair,0,6,3.3692338096657193,0.0004444190993622,20.215402857994317,0.0967741935483871,3.3692338096657193,0.3260548848063599,,,,,,,,,,,
grief,10,9.896482790016427e-05,13.30272459197088,5,NN,NN,grief,0,9,2.7842713089445628,0.0002460191456465,25.058441780501063,0.1451612903225806,2.7842713089445628,0.4041684158145333,0.0,0.0,0.0,0.0,0.0,1.0,0.0,1.0,0.0,0.0,-1.0
following,10,9.896482790016427e-05,13.30272459197088,9,JJ,JJ,follow,0,7,3.146841388329271,0.0004685637687209,22.0278897183049,0.1129032258064516,3.146841388329271,0.3552885438436274,,,,,,,,,,,
comforted,10,9.896482790016427e-05,13.30272459197088,9,VB,VBD,comfort,0,6,3.3692338096657193,0.0002274917310203,20.215402857994317,0.0967741935483871,3.3692338096657193,0.3260548848063599,,,,,,,,,,,
either,10,9.896482790016427e-05,13.30272459197088,6,RB,RB,either,0,7,3.146841388329271,0.000251917014746,22.0278897183049,0.1129032258064516,3.146841388329271,0.3552885438436274,,,,,,,,,,,
drop,10,9.896482790016427e-05,13.30272459197088,4,NN,NN,drop,0,8,2.9541963103868754,0.0003440209678321,23.633570483095003,0.1290322580645161,2.9541963103868754,0.3811866206950807,,,,,,,,,,,
screamed,10,9.896482790016427e-05,13.30272459197088,8,VB,VBD,scream,0,7,3.146841388329271,0.0004067133031263,22.0278897183049,0.1129032258064516,3.146841388329271,0.3552885438436274,,,,,,,,,,,
merrily,10,9.896482790016427e-05,13.30272459197088,7,RB,RB,merrili,0,7,3.146841388329271,0.0003357266697357,22.0278897183049,0.1129032258064516,3.146841388329271,0.3552885438436274,,,,,,,,,,,
grown,10,9.896482790016427e-05,13.30272459197088,5,VB,VBN,grown,0,8,2.9541963103868754,0.0003701581497764,23.633570483095003,0.1290322580645161,2.9541963103868754,0.3811866206950807,,,,,,,,,,,
grey,10,9.896482790016427e-05,13.30272459197088,4,JJ,JJ,grey,0,4,3.9541963103868754,0.0003790577127636,15.8167852415475,0.064516129032258,3.9541963103868754,0.2551094393797984,,,,,,,,,,,
spindle,10,9.896482790016427e-05,13.30272459197088,7,NN,NN,spindl,0,2,4.954196310386875,0.0003901892319926,9.90839262077375,0.032258064516129,4.954196310386875,0.1598127842060282,,,,,,,,,,,
nice,10,9.896482790016427e-05,13.30272459197088,4,JJ,JJ,nice,0,7,3.146841388329271,0.0002546614617886,22.0278897183049,0.1129032258064516,3.146841388329271,0.3552885438436274,,,,,,,,,,,
spin,10,9.896482790016427e-05,13.30272459197088,4,VB,VB,spin,0,5,3.6322682154995127,0.000390291718251,18.161341077497564,0.0806451612903225,3.6322682154995127,0.2929248560886703,,,,,,,,,,,
promise,10,9.896482790016427e-05,13.30272459197088,7,VB,VB,promis,0,8,2.9541963103868754,0.0002984193663326,23.633570483095003,0.1290322580645161,2.9541963103868754,0.3811866206950807,0.0,0.0,0.0,0.0,1.0,0.0,1.0,0.0,0.0,1.0,1.0
shot,10,9.896482790016427e-05,13.30272459197088,4,VB,VBD,shot,0,6,3.3692338096657193,0.0002605201926925,20.215402857994317,0.0967741935483871,3.3692338096657193,0.3260548848063599,1.0,0.0,0.0,1.0,0.0,1.0,0.0,1.0,1.0,0.0,-1.0
allowed,10,9.896482790016427e-05,13.30272459197088,7,VB,VBN,allow,0,9,2.7842713089445628,0.0002259706114366,25.058441780501063,0.1451612903225806,2.7842713089445628,0.4041684158145333,,,,,,,,,,,
flock,10,9.896482790016427e-05,13.30272459197088,5,NN,NN,flock,0,3,4.369233809665719,0.000327239364764,13.107701428997157,0.0483870967741935,4.369233809665719,0.2114145391773735,,,,,,,,,,,
forgotten,9,8.906834511014785e-05,13.454727685415929,9,VB,VBN,forgotten,0,9,2.7842713089445628,0.0003128099845871,25.058441780501063,0.1451612903225806,2.7842713089445628,0.4041684158145333,0.0,0.0,0.0,1.0,0.0,1.0,0.0,1.0,0.0,0.0,-1.0
cost,9,8.906834511014785e-05,13.454727685415929,4,VB,VB,cost,0,5,3.6322682154995127,0.0003736118289332,18.161341077497564,0.0806451612903225,3.6322682154995127,0.2929248560886703,,,,,,,,,,,
getting,9,8.906834511014785e-05,13.454727685415929,7,VB,VBG,get,0,7,3.146841388329271,0.0005769238814376,22.0278897183049,0.1129032258064516,3.146841388329271,0.3552885438436274,,,,,,,,,,,
hearing,9,8.906834511014785e-05,13.454727685415929,7,NN,NN,hear,0,7,3.146841388329271,0.0004079823438863,22.0278897183049,0.1129032258064516,3.146841388329271,0.3552885438436274,0.0,0.0,0.0,1.0,0.0,1.0,0.0,0.0,0.0,0.0,-1.0
enemy,9,8.906834511014785e-05,13.454727685415929,5,NN,NN,enemi,0,5,3.6322682154995127,0.0002716798915608,18.161341077497564,0.0806451612903225,3.6322682154995127,0.2929248560886703,1.0,0.0,1.0,1.0,0.0,1.0,0.0,0.0,0.0,0.0,-1.0
supper,9,8.906834511014785e-05,13.454727685415929,6,NN,NN,supper,0,6,3.3692338096657193,0.0004022013258556,20.215402857994317,0.0967741935483871,3.3692338096657193,0.3260548848063599,,,,,,,,,,,
managed,9,8.906834511014785e-05,13.454727685415929,7,VB,VBD,manag,0,8,2.9541963103868754,0.000342388719074,23.633570483095003,0.1290322580645161,2.9541963103868754,0.3811866206950807,,,,,,,,,,,
midnight,9,8.906834511014785e-05,13.454727685415929,8,NN,NN,midnight,0,5,3.6322682154995127,0.000302321511717,18.161341077497564,0.0806451612903225,3.6322682154995127,0.2929248560886703,,,,,,,,,,,
fifth,9,8.906834511014785e-05,13.454727685415929,5,NN,NN,fifth,0,6,3.3692338096657193,0.0003149739086054,20.215402857994317,0.0967741935483871,3.3692338096657193,0.3260548848063599,,,,,,,,,,,
visit,9,8.906834511014785e-05,13.454727685415929,5,NN,NN,visit,0,7,3.146841388329271,0.0002317898487554,22.0278897183049,0.1129032258064516,3.146841388329271,0.3552885438436274,,,,,,,,,,,
key,9,8.906834511014785e-05,13.454727685415929,3,NN,NN,key,0,5,3.6322682154995127,0.0003602977523034,18.161341077497564,0.0806451612903225,3.6322682154995127,0.2929248560886703,,,,,,,,,,,
makes,9,8.906834511014785e-05,13.454727685415929,5,VB,VBZ,make,0,4,3.9541963103868754,0.0002444065462836,15.8167852415475,0.064516129032258,3.9541963103868754,0.2551094393797984,,,,,,,,,,,
stolen,9,8.906834511014785e-05,13.454727685415929,6,VB,VBN,stolen,0,6,3.3692338096657193,0.0004071278534746,20.215402857994317,0.0967741935483871,3.3692338096657193,0.3260548848063599,1.0,0.0,0.0,0.0,0.0,1.0,0.0,0.0,0.0,0.0,-1.0
goes,9,8.906834511014785e-05,13.454727685415929,4,VB,VBZ,goe,0,7,3.146841388329271,0.0004161343389753,22.0278897183049,0.1129032258064516,3.146841388329271,0.3552885438436274,,,,,,,,,,,
bridegroom,9,8.906834511014785e-05,13.454727685415929,10,NN,NN,bridegroom,0,4,3.9541963103868754,0.0003166895917531,15.8167852415475,0.064516129032258,3.9541963103868754,0.2551094393797984,0.0,1.0,0.0,0.0,1.0,0.0,1.0,0.0,0.0,1.0,1.0
screaming,9,8.906834511014785e-05,13.454727685415929,9,VB,VBG,scream,0,7,3.146841388329271,0.0003127909971524,22.0278897183049,0.1129032258064516,3.146841388329271,0.3552885438436274,1.0,0.0,1.0,1.0,0.0,1.0,0.0,0.0,0.0,0.0,-1.0
thief,9,8.906834511014785e-05,13.454727685415929,5,NN,NN,thief,0,5,3.6322682154995127,0.0003481493998224,18.161341077497564,0.0806451612903225,3.6322682154995127,0.2929248560886703,1.0,0.0,1.0,1.0,0.0,1.0,0.0,1.0,1.0,0.0,-1.0
summoned,9,8.906834511014785e-05,13.454727685415929,8,VB,VBD,summon,0,7,3.146841388329271,0.0002999057923747,22.0278897183049,0.1129032258064516,3.146841388329271,0.3552885438436274,,,,,,,,,,,
street,9,8.906834511014785e-05,13.454727685415929,6,NN,NN,street,0,5,3.6322682154995127,0.0002372749821132,18.161341077497564,0.0806451612903225,3.6322682154995127,0.2929248560886703,,,,,,,,,,,
ship,9,8.906834511014785e-05,13.454727685415929,4,NN,NN,ship,0,4,3.9541963103868754,0.0002968798459821,15.8167852415475,0.064516129032258,3.9541963103868754,0.2551094393797984,,,,,,,,,,,
reason,9,8.906834511014785e-05,13.454727685415929,6,NN,NN,reason,0,6,3.3692338096657193,0.0003424107866423,20.215402857994317,0.0967741935483871,3.3692338096657193,0.3260548848063599,,,,,,,,,,,
seem,9,8.906834511014785e-05,13.454727685415929,4,VB,VBP,seem,0,7,3.146841388329271,0.0002334740527232,22.0278897183049,0.1129032258064516,3.146841388329271,0.3552885438436274,,,,,,,,,,,
ear,9,8.906834511014785e-05,13.454727685415929,3,NN,NN,ear,0,4,3.9541963103868754,0.0002930787198761,15.8167852415475,0.064516129032258,3.9541963103868754,0.2551094393797984,,,,,,,,,,,
eggs,9,8.906834511014785e-05,13.454727685415929,4,NN,NNS,egg,0,2,4.954196310386875,0.0004687192051271,9.90839262077375,0.032258064516129,4.954196310386875,0.1598127842060282,,,,,,,,,,,
ravens,9,8.906834511014785e-05,13.454727685415929,6,NN,NNS,raven,0,3,4.369233809665719,0.0004824228566743,13.107701428997157,0.0483870967741935,4.369233809665719,0.2114145391773735,,,,,,,,,,,
five,9,8.906834511014785e-05,13.454727685415929,4,CD,CD,five,0,7,3.146841388329271,0.0004252885914133,22.0278897183049,0.1129032258064516,3.146841388329271,0.3552885438436274,,,,,,,,,,,
since,9,8.906834511014785e-05,13.454727685415929,5,IN,IN,sinc,0,7,3.146841388329271,0.0002990887429215,22.0278897183049,0.1129032258064516,3.146841388329271,0.3552885438436274,,,,,,,,,,,
service,9,8.906834511014785e-05,13.454727685415929,7,NN,NN,servic,0,7,3.146841388329271,0.0002283063808467,22.0278897183049,0.1129032258064516,3.146841388329271,0.3552885438436274,,,,,,,,,,,
burnt,9,8.906834511014785e-05,13.454727685415929,5,VB,VBN,burnt,0,7,3.146841388329271,0.0002811634317101,22.0278897183049,0.1129032258064516,3.146841388329271,0.3552885438436274,0.0,0.0,1.0,0.0,0.0,1.0,0.0,0.0,0.0,0.0,-1.0
stable,9,8.906834511014785e-05,13.454727685415929,6,JJ,JJ,stabl,0,4,3.9541963103868754,0.0004542253861382,15.8167852415475,0.064516129032258,3.9541963103868754,0.2551094393797984,0.0,0.0,0.0,0.0,0.0,0.0,1.0,0.0,0.0,1.0,1.0
enchanted,9,8.906834511014785e-05,13.454727685415929,9,JJ,JJ,enchant,0,6,3.3692338096657193,0.0002280845416992,20.215402857994317,0.0967741935483871,3.3692338096657193,0.3260548848063599,0.0,0.0,0.0,0.0,1.0,0.0,1.0,0.0,0.0,1.0,1.0
instead,9,8.906834511014785e-05,13.454727685415929,7,RB,RB,instead,0,8,2.9541963103868754,0.0002483556734535,23.633570483095003,0.1290322580645161,2.9541963103868754,0.3811866206950807,,,,,,,,,,,
worked,9,8.906834511014785e-05,13.454727685415929,6,VB,VBD,work,0,6,3.3692338096657193,0.000366928660615,20.215402857994317,0.0967741935483871,3.3692338096657193,0.3260548848063599,,,,,,,,,,,
hay,9,8.906834511014785e-05,13.454727685415929,3,NN,NN,hay,0,2,4.954196310386875,0.0002972494406198,9.90839262077375,0.032258064516129,4.954196310386875,0.1598127842060282,,,,,,,,,,,
terrified,9,8.906834511014785e-05,13.454727685415929,9,VB,VBN,terrifi,0,9,2.7842713089445628,0.0002281193933921,25.058441780501063,0.1451612903225806,2.7842713089445628,0.4041684158145333,,,,,,,,,,,
goat,9,8.906834511014785e-05,13.454727685415929,4,NN,NN,goat,0,3,4.369233809665719,0.0006182666560148,13.107701428997157,0.0483870967741935,4.369233809665719,0.2114145391773735,,,,,,,,,,,
bid,9,8.906834511014785e-05,13.454727685415929,3,NN,NN,bid,0,8,2.9541963103868754,0.0003118202134431,23.633570483095003,0.1290322580645161,2.9541963103868754,0.3811866206950807,,,,,,,,,,,
peasants,9,8.906834511014785e-05,13.454727685415929,8,NN,NNS,peasant,0,1,5.954196310386875,0.00041553789387,5.954196310386875,0.0161290322580645,5.954196310386875,0.0960354243610786,,,,,,,,,,,
knees,9,8.906834511014785e-05,13.454727685415929,5,NN,NNS,knee,0,7,3.146841388329271,0.0003808613487947,22.0278897183049,0.1129032258064516,3.146841388329271,0.3552885438436274,,,,,,,,,,,
kissed,9,8.906834511014785e-05,13.454727685415929,6,VB,VBD,kiss,0,8,2.9541963103868754,0.0002359083686658,23.633570483095003,0.1290322580645161,2.9541963103868754,0.3811866206950807,,,,,,,,,,,
taste,9,8.906834511014785e-05,13.454727685415929,5,VB,VB,tast,0,5,3.6322682154995127,0.0002549990931507,18.161341077497564,0.0806451612903225,3.6322682154995127,0.2929248560886703,,,,,,,,,,,
game,9,8.906834511014785e-05,13.454727685415929,4,NN,NN,game,0,7,3.146841388329271,0.0002321612380922,22.0278897183049,0.1129032258064516,3.146841388329271,0.3552885438436274,,,,,,,,,,,
sort,9,8.906834511014785e-05,13.454727685415929,4,NN,NN,sort,0,7,3.146841388329271,0.0002103598883592,22.0278897183049,0.1129032258064516,3.146841388329271,0.3552885438436274,,,,,,,,,,,
shoot,9,8.906834511014785e-05,13.454727685415929,5,VB,VB,shoot,0,7,3.146841388329271,0.0002573353864083,22.0278897183049,0.1129032258064516,3.146841388329271,0.3552885438436274,1.0,0.0,0.0,1.0,0.0,1.0,0.0,0.0,0.0,0.0,-1.0
hunting,9,8.906834511014785e-05,13.454727685415929,7,VB,VBG,hunt,0,7,3.146841388329271,0.000344074781906,22.0278897183049,0.1129032258064516,3.146841388329271,0.3552885438436274,1.0,1.0,0.0,1.0,0.0,1.0,0.0,0.0,0.0,0.0,-1.0
nearer,9,8.906834511014785e-05,13.454727685415929,6,NN,NN,nearer,0,8,2.9541963103868754,0.0002209872003222,23.633570483095003,0.1290322580645161,2.9541963103868754,0.3811866206950807,,,,,,,,,,,
unable,9,8.906834511014785e-05,13.454727685415929,6,JJ,JJ,unabl,0,5,3.6322682154995127,0.0004093065017591,18.161341077497564,0.0806451612903225,3.6322682154995127,0.2929248560886703,0.0,0.0,0.0,0.0,0.0,1.0,0.0,1.0,0.0,0.0,-1.0
flying,9,8.906834511014785e-05,13.454727685415929,6,VB,VBG,fli,0,8,2.9541963103868754,0.0002240439703289,23.633570483095003,0.1290322580645161,2.9541963103868754,0.3811866206950807,0.0,0.0,0.0,1.0,0.0,0.0,1.0,0.0,0.0,0.0,1.0
filled,9,8.906834511014785e-05,13.454727685415929,6,VB,VBD,fill,0,7,3.146841388329271,0.0002979980223603,22.0278897183049,0.1129032258064516,3.146841388329271,0.3552885438436274,,,,,,,,,,,
surely,9,8.906834511014785e-05,13.454727685415929,6,RB,RB,sure,0,8,2.9541963103868754,0.0002158628331716,23.633570483095003,0.1290322580645161,2.9541963103868754,0.3811866206950807,,,,,,,,,,,
shining,9,8.906834511014785e-05,13.454727685415929,7,VB,VBG,shine,0,7,3.146841388329271,0.000190424480693,22.0278897183049,0.1129032258064516,3.146841388329271,0.3552885438436274,0.0,1.0,0.0,0.0,1.0,0.0,1.0,0.0,0.0,0.0,1.0
fiddle,9,8.906834511014785e-05,13.454727685415929,6,NN,NN,fiddl,0,1,5.954196310386875,0.0007337171640489,5.954196310386875,0.0161290322580645,5.954196310386875,0.0960354243610786,,,,,,,,,,,
doves,9,8.906834511014785e-05,13.454727685415929,5,NN,NNS,dove,0,3,4.369233809665719,0.0004100801746191,13.107701428997157,0.0483870967741935,4.369233809665719,0.2114145391773735,,,,,,,,,,,
travelled,9,8.906834511014785e-05,13.454727685415929,9,VB,VBN,travel,0,9,2.7842713089445628,0.0002466580670596,25.058441780501063,0.1451612903225806,2.7842713089445628,0.4041684158145333,,,,,,,,,,,
shoulder,9,8.906834511014785e-05,13.454727685415929,8,NN,NN,shoulder,0,7,3.146841388329271,0.0002578533059016,22.0278897183049,0.1129032258064516,3.146841388329271,0.3552885438436274,0.0,0.0,0.0,0.0,0.0,0.0,1.0,0.0,0.0,1.0,1.0
passing,9,8.906834511014785e-05,13.454727685415929,7,VB,VBG,pass,0,8,2.9541963103868754,0.0002433268235075,23.633570483095003,0.1290322580645161,2.9541963103868754,0.3811866206950807,,,,,,,,,,,
send,9,8.906834511014785e-05,13.454727685415929,4,VB,VB,send,0,7,3.146841388329271,0.0003845964662337,22.0278897183049,0.1129032258064516,3.146841388329271,0.3552885438436274,,,,,,,,,,,
enjoy,9,8.906834511014785e-05,13.454727685415929,5,VB,VB,enjoy,0,5,3.6322682154995127,0.0005251297207928,18.161341077497564,0.0806451612903225,3.6322682154995127,0.2929248560886703,0.0,1.0,0.0,0.0,1.0,0.0,1.0,0.0,0.0,1.0,1.0
inn,9,8.906834511014785e-05,13.454727685415929,3,NN,NN,inn,0,6,3.3692338096657193,0.0002416525906359,20.215402857994317,0.0967741935483871,3.3692338096657193,0.3260548848063599,,,,,,,,,,,
tongue,9,8.906834511014785e-05,13.454727685415929,6,NN,NN,tongu,0,6,3.3692338096657193,0.0003363752564286,20.215402857994317,0.0967741935483871,3.3692338096657193,0.3260548848063599,,,,,,,,,,,
unless,9,8.906834511014785e-05,13.454727685415929,6,IN,IN,unless,0,6,3.3692338096657193,0.0003035579777288,20.215402857994317,0.0967741935483871,3.3692338096657193,0.3260548848063599,,,,,,,,,,,
arrived,9,8.906834511014785e-05,13.454727685415929,7,VB,VBD,arriv,0,8,2.9541963103868754,0.0003167287193336,23.633570483095003,0.1290322580645161,2.9541963103868754,0.3811866206950807,,,,,,,,,,,
dare,9,8.906834511014785e-05,13.454727685415929,4,VB,VBP,dare,0,7,3.146841388329271,0.0002306795006067,22.0278897183049,0.1129032258064516,3.146841388329271,0.3552885438436274,0.0,1.0,0.0,0.0,0.0,0.0,0.0,0.0,0.0,1.0,0.0
wounded,9,8.906834511014785e-05,13.454727685415929,7,VB,VBD,wound,0,7,3.146841388329271,0.0002665656515434,22.0278897183049,0.1129032258064516,3.146841388329271,0.3552885438436274,,,,,,,,,,,
greatly,9,8.906834511014785e-05,13.454727685415929,7,RB,RB,greatli,0,8,2.9541963103868754,0.0003009883198911,23.633570483095003,0.1290322580645161,2.9541963103868754,0.3811866206950807,,,,,,,,,,,
suffer,9,8.906834511014785e-05,13.454727685415929,6,VB,VB,suffer,0,9,2.7842713089445628,0.0003211423350479,25.058441780501063,0.1451612903225806,2.7842713089445628,0.4041684158145333,,,,,,,,,,,
spell,9,8.906834511014785e-05,13.454727685415929,5,NN,NN,spell,0,5,3.6322682154995127,0.0002763595063705,18.161341077497564,0.0806451612903225,3.6322682154995127,0.2929248560886703,,,,,,,,,,,
served,9,8.906834511014785e-05,13.454727685415929,6,VB,VBN,serv,0,7,3.146841388329271,0.00035368896975,22.0278897183049,0.1129032258064516,3.146841388329271,0.3552885438436274,,,,,,,,,,,
sweet,9,8.906834511014785e-05,13.454727685415929,5,JJ,JJ,sweet,0,8,2.9541963103868754,0.0003701984627332,23.633570483095003,0.1290322580645161,2.9541963103868754,0.3811866206950807,0.0,1.0,0.0,0.0,1.0,0.0,1.0,0.0,1.0,1.0,1.0
truth,9,8.906834511014785e-05,13.454727685415929,5,NN,NN,truth,0,8,2.9541963103868754,0.0002494313182239,23.633570483095003,0.1290322580645161,2.9541963103868754,0.3811866206950807,0.0,0.0,0.0,0.0,0.0,0.0,1.0,0.0,0.0,1.0,1.0
hither,9,8.906834511014785e-05,13.454727685415929,6,NN,NN,hither,0,2,4.954196310386875,0.0002791697857551,9.90839262077375,0.032258064516129,4.954196310386875,0.1598127842060282,,,,,,,,,,,
shoemaker,9,8.906834511014785e-05,13.454727685415929,9,NN,NN,shoemak,0,2,4.954196310386875,0.000639790200011,9.90839262077375,0.032258064516129,4.954196310386875,0.1598127842060282,,,,,,,,,,,
twice,9,8.906834511014785e-05,13.454727685415929,5,RB,RB,twice,0,7,3.146841388329271,0.0002358508096139,22.0278897183049,0.1129032258064516,3.146841388329271,0.3552885438436274,,,,,,,,,,,
lily,9,8.906834511014785e-05,13.454727685415929,4,NN,NNP,lili,0,1,5.954196310386875,0.0003674824911775,5.954196310386875,0.0161290322580645,5.954196310386875,0.0960354243610786,,,,,,,,,,,
mercy,9,8.906834511014785e-05,13.454727685415929,5,NN,NN,merci,0,8,2.9541963103868754,0.0003448944699144,23.633570483095003,0.1290322580645161,2.9541963103868754,0.3811866206950807,,,,,,,,,,,
further,9,8.906834511014785e-05,13.454727685415929,7,RB,JJ,further,1,8,2.9541963103868754,0.000173152034945,23.633570483095003,0.1290322580645161,2.9541963103868754,0.3811866206950807,,,,,,,,,,,
begin,9,8.906834511014785e-05,13.454727685415929,5,VB,VB,begin,0,7,3.146841388329271,0.0003939850969112,22.0278897183049,0.1129032258064516,3.146841388329271,0.3552885438436274,,,,,,,,,,,
stole,9,8.906834511014785e-05,13.454727685415929,5,VB,VBD,stole,0,8,2.9541963103868754,0.0002903949138045,23.633570483095003,0.1290322580645161,2.9541963103868754,0.3811866206950807,,,,,,,,,,,
tasted,9,8.906834511014785e-05,13.454727685415929,6,VB,VBD,tast,0,7,3.146841388329271,0.0002706212346579,22.0278897183049,0.1129032258064516,3.146841388329271,0.3552885438436274,,,,,,,,,,,
clean,9,8.906834511014785e-05,13.454727685415929,5,JJ,JJ,clean,0,6,3.3692338096657193,0.0003631507174191,20.215402857994317,0.0967741935483871,3.3692338096657193,0.3260548848063599,0.0,0.0,0.0,0.0,1.0,0.0,1.0,0.0,0.0,1.0,1.0
laugh,9,8.906834511014785e-05,13.454727685415929,5,NN,NN,laugh,0,6,3.3692338096657193,0.0003306433408532,20.215402857994317,0.0967741935483871,3.3692338096657193,0.3260548848063599,0.0,0.0,0.0,0.0,1.0,0.0,1.0,0.0,1.0,0.0,1.0
clear,8,7.917186232013143e-05,13.62465268685824,5,JJ,JJ,clear,0,8,2.9541963103868754,0.0002241076666327,23.633570483095003,0.1290322580645161,2.9541963103868754,0.3811866206950807,,,,,,,,,,,
ugly,8,7.917186232013143e-05,13.62465268685824,4,RB,RB,ugli,0,5,3.6322682154995127,0.0002082228180849,18.161341077497564,0.0806451612903225,3.6322682154995127,0.2929248560886703,0.0,0.0,1.0,0.0,0.0,1.0,0.0,0.0,0.0,0.0,-1.0
housedoor,8,7.917186232013143e-05,13.62465268685824,9,NN,NN,housedoor,0,6,3.3692338096657193,0.0004754249735414,20.215402857994317,0.0967741935483871,3.3692338096657193,0.3260548848063599,,,,,,,,,,,
eight,8,7.917186232013143e-05,13.62465268685824,5,CD,CD,eight,0,7,3.146841388329271,0.0002230819584086,22.0278897183049,0.1129032258064516,3.146841388329271,0.3552885438436274,,,,,,,,,,,
stir,8,7.917186232013143e-05,13.62465268685824,4,VB,VB,stir,0,7,3.146841388329271,0.0002122219333641,22.0278897183049,0.1129032258064516,3.146841388329271,0.3552885438436274,,,,,,,,,,,
whistled,8,7.917186232013143e-05,13.62465268685824,8,VB,VBD,whistl,0,4,3.9541963103868754,0.0002576562046754,15.8167852415475,0.064516129032258,3.9541963103868754,0.2551094393797984,,,,,,,,,,,
bit,8,7.917186232013143e-05,13.62465268685824,3,NN,NN,bit,0,7,3.146841388329271,0.0002823594758314,22.0278897183049,0.1129032258064516,3.146841388329271,0.3552885438436274,,,,,,,,,,,
tied,8,7.917186232013143e-05,13.62465268685824,4,VB,VBD,tie,0,6,3.3692338096657193,0.000276427918819,20.215402857994317,0.0967741935483871,3.3692338096657193,0.3260548848063599,,,,,,,,,,,
grave,8,7.917186232013143e-05,13.62465268685824,5,NN,NN,grave,0,4,3.9541963103868754,0.0002378233051622,15.8167852415475,0.064516129032258,3.9541963103868754,0.2551094393797984,0.0,0.0,0.0,1.0,0.0,1.0,0.0,1.0,0.0,0.0,-1.0
although,8,7.917186232013143e-05,13.62465268685824,8,IN,IN,although,0,7,3.146841388329271,0.0002257448745851,22.0278897183049,0.1129032258064516,3.146841388329271,0.3552885438436274,,,,,,,,,,,
brook,8,7.917186232013143e-05,13.62465268685824,5,NN,NN,brook,0,5,3.6322682154995127,0.0004021869144902,18.161341077497564,0.0806451612903225,3.6322682154995127,0.2929248560886703,,,,,,,,,,,
wand,8,7.917186232013143e-05,13.62465268685824,4,NN,NN,wand,0,3,4.369233809665719,0.0002885007295351,13.107701428997157,0.0483870967741935,4.369233809665719,0.2114145391773735,,,,,,,,,,,
perched,8,7.917186232013143e-05,13.62465268685824,7,VB,VBD,perch,0,5,3.6322682154995127,0.0002970570071589,18.161341077497564,0.0806451612903225,3.6322682154995127,0.2929248560886703,,,,,,,,,,,
marriage,8,7.917186232013143e-05,13.62465268685824,8,NN,NN,marriag,0,4,3.9541963103868754,0.0003448114414233,15.8167852415475,0.064516129032258,3.9541963103868754,0.2551094393797984,0.0,1.0,0.0,0.0,1.0,0.0,1.0,0.0,0.0,1.0,1.0
pale,8,7.917186232013143e-05,13.62465268685824,4,JJ,JJ,pale,0,7,3.146841388329271,0.0002511161193233,22.0278897183049,0.1129032258064516,3.146841388329271,0.3552885438436274,,,,,,,,,,,
ourselves,8,7.917186232013143e-05,13.62465268685824,9,NN,NNS,ourselv,1,7,3.146841388329271,0.0002605476659874,22.0278897183049,0.1129032258064516,3.146841388329271,0.3552885438436274,,,,,,,,,,,
today,8,7.917186232013143e-05,13.62465268685824,5,NN,NN,today,0,7,3.146841388329271,0.0002613271814709,22.0278897183049,0.1129032258064516,3.146841388329271,0.3552885438436274,,,,,,,,,,,
brown,8,7.917186232013143e-05,13.62465268685824,5,JJ,JJ,brown,0,8,2.9541963103868754,0.000222234308316,23.633570483095003,0.1290322580645161,2.9541963103868754,0.3811866206950807,,,,,,,,,,,
certain,8,7.917186232013143e-05,13.62465268685824,7,JJ,JJ,certain,0,8,2.9541963103868754,0.0003097601565879,23.633570483095003,0.1290322580645161,2.9541963103868754,0.3811866206950807,,,,,,,,,,,
helped,8,7.917186232013143e-05,13.62465268685824,6,VB,VBD,help,0,7,3.146841388329271,0.0001920748599071,22.0278897183049,0.1129032258064516,3.146841388329271,0.3552885438436274,,,,,,,,,,,
kindly,8,7.917186232013143e-05,13.62465268685824,6,RB,RB,kindli,0,7,3.146841388329271,0.0001871033415215,22.0278897183049,0.1129032258064516,3.146841388329271,0.3552885438436274,,,,,,,,,,,
dared,8,7.917186232013143e-05,13.62465268685824,5,VB,VBD,dare,0,7,3.146841388329271,0.0002953144871469,22.0278897183049,0.1129032258064516,3.146841388329271,0.3552885438436274,,,,,,,,,,,
sake,8,7.917186232013143e-05,13.62465268685824,4,NN,NN,sake,0,6,3.3692338096657193,0.0002890092125366,20.215402857994317,0.0967741935483871,3.3692338096657193,0.3260548848063599,,,,,,,,,,,
usual,8,7.917186232013143e-05,13.62465268685824,5,JJ,JJ,usual,0,7,3.146841388329271,0.0002931775048984,22.0278897183049,0.1129032258064516,3.146841388329271,0.3552885438436274,0.0,0.0,0.0,0.0,0.0,0.0,1.0,0.0,0.0,1.0,1.0
strong,8,7.917186232013143e-05,13.62465268685824,6,JJ,JJ,strong,0,7,3.146841388329271,0.0001653701721622,22.0278897183049,0.1129032258064516,3.146841388329271,0.3552885438436274,,,,,,,,,,,
arose,8,7.917186232013143e-05,13.62465268685824,5,NN,NN,aros,0,7,3.146841388329271,0.0002112161497059,22.0278897183049,0.1129032258064516,3.146841388329271,0.3552885438436274,,,,,,,,,,,
fulfilled,8,7.917186232013143e-05,13.62465268685824,9,VB,VBN,fulfil,0,5,3.6322682154995127,0.0003518851975639,18.161341077497564,0.0806451612903225,3.6322682154995127,0.2929248560886703,,,,,,,,,,,
fowls,8,7.917186232013143e-05,13.62465268685824,5,NN,NN,fowl,0,1,5.954196310386875,0.0008216934704691,5.954196310386875,0.0161290322580645,5.954196310386875,0.0960354243610786,,,,,,,,,,,
cakes,8,7.917186232013143e-05,13.62465268685824,5,NN,NNS,cake,0,4,3.9541963103868754,0.0002172027920653,15.8167852415475,0.064516129032258,3.9541963103868754,0.2551094393797984,,,,,,,,,,,
gallows,8,7.917186232013143e-05,13.62465268685824,7,NN,NNS,gallow,0,5,3.6322682154995127,0.0002556696618607,18.161341077497564,0.0806451612903225,3.6322682154995127,0.2929248560886703,1.0,0.0,0.0,1.0,0.0,1.0,0.0,1.0,0.0,0.0,-1.0
read,8,7.917186232013143e-05,13.62465268685824,4,VB,VB,read,0,4,3.9541963103868754,0.0001892948069088,15.8167852415475,0.064516129032258,3.9541963103868754,0.2551094393797984,,,,,,,,,,,
takes,8,7.917186232013143e-05,13.62465268685824,5,VB,VBZ,take,0,3,4.369233809665719,0.0005355381576719,13.107701428997157,0.0483870967741935,4.369233809665719,0.2114145391773735,,,,,,,,,,,
waitingmaid,8,7.917186232013143e-05,13.62465268685824,11,JJ,JJ,waitingmaid,0,2,4.954196310386875,0.0002697196112654,9.90839262077375,0.032258064516129,4.954196310386875,0.1598127842060282,,,,,,,,,,,
venture,8,7.917186232013143e-05,13.62465268685824,7,NN,NN,ventur,0,6,3.3692338096657193,0.0002436937222562,20.215402857994317,0.0967741935483871,3.3692338096657193,0.3260548848063599,,,,,,,,,,,
winter,8,7.917186232013143e-05,13.62465268685824,6,NN,NN,winter,0,5,3.6322682154995127,0.0002604159328555,18.161341077497564,0.0806451612903225,3.6322682154995127,0.2929248560886703,,,,,,,,,,,
soldiers,8,7.917186232013143e-05,13.62465268685824,8,NN,NNS,soldier,0,5,3.6322682154995127,0.000196256301747,18.161341077497564,0.0806451612903225,3.6322682154995127,0.2929248560886703,,,,,,,,,,,
egg,8,7.917186232013143e-05,13.62465268685824,3,NN,NN,egg,0,3,4.369233809665719,0.000288853858968,13.107701428997157,0.0483870967741935,4.369233809665719,0.2114145391773735,,,,,,,,,,,
unknown,8,7.917186232013143e-05,13.62465268685824,7,JJ,JJ,unknown,0,5,3.6322682154995127,0.0002119177566618,18.161341077497564,0.0806451612903225,3.6322682154995127,0.2929248560886703,0.0,1.0,0.0,1.0,0.0,1.0,0.0,0.0,0.0,0.0,-1.0
escape,8,7.917186232013143e-05,13.62465268685824,6,VB,VB,escap,0,6,3.3692338096657193,0.0002476770063003,20.215402857994317,0.0967741935483871,3.3692338096657193,0.3260548848063599,0.0,1.0,0.0,1.0,0.0,1.0,1.0,0.0,0.0,0.0,0.0
delighted,8,7.917186232013143e-05,13.62465268685824,9,VB,VBN,delight,0,7,3.146841388329271,0.0002639036328677,22.0278897183049,0.1129032258064516,3.146841388329271,0.3552885438436274,0.0,1.0,0.0,0.0,1.0,0.0,1.0,0.0,1.0,0.0,1.0
lazy,8,7.917186232013143e-05,13.62465268685824,4,JJ,JJ,lazi,0,3,4.369233809665719,0.0002198644162144,13.107701428997157,0.0483870967741935,4.369233809665719,0.2114145391773735,,,,,,,,,,,
flies,8,7.917186232013143e-05,13.62465268685824,5,NN,NNS,fli,0,5,3.6322682154995127,0.0002849524138524,18.161341077497564,0.0806451612903225,3.6322682154995127,0.2929248560886703,,,,,,,,,,,
nowhere,8,7.917186232013143e-05,13.62465268685824,7,RB,RB,nowher,0,7,3.146841388329271,0.0003006471604882,22.0278897183049,0.1129032258064516,3.146841388329271,0.3552885438436274,,,,,,,,,,,
built,8,7.917186232013143e-05,13.62465268685824,5,VB,VBD,built,0,6,3.3692338096657193,0.0001943875650647,20.215402857994317,0.0967741935483871,3.3692338096657193,0.3260548848063599,,,,,,,,,,,
company,8,7.917186232013143e-05,13.62465268685824,7,NN,NN,compani,0,6,3.3692338096657193,0.0002253592639322,20.215402857994317,0.0967741935483871,3.3692338096657193,0.3260548848063599,,,,,,,,,,,
scolded,8,7.917186232013143e-05,13.62465268685824,7,VB,VBD,scold,0,7,3.146841388329271,0.0004108381395086,22.0278897183049,0.1129032258064516,3.146841388329271,0.3552885438436274,,,,,,,,,,,
kids,8,7.917186232013143e-05,13.62465268685824,4,NN,NNS,kid,0,1,5.954196310386875,0.0006971718646902,5.954196310386875,0.0161290322580645,5.954196310386875,0.0960354243610786,,,,,,,,,,,
feather,8,7.917186232013143e-05,13.62465268685824,7,NN,NN,feather,0,3,4.369233809665719,0.000261843502354,13.107701428997157,0.0483870967741935,4.369233809665719,0.2114145391773735,,,,,,,,,,,
pull,8,7.917186232013143e-05,13.62465268685824,4,VB,VB,pull,0,5,3.6322682154995127,0.0002800497276892,18.161341077497564,0.0806451612903225,3.6322682154995127,0.2929248560886703,,,,,,,,,,,
cooked,8,7.917186232013143e-05,13.62465268685824,6,VB,VBN,cook,0,5,3.6322682154995127,0.000279527322,18.161341077497564,0.0806451612903225,3.6322682154995127,0.2929248560886703,,,,,,,,,,,
loaf,8,7.917186232013143e-05,13.62465268685824,4,NN,NN,loaf,0,6,3.3692338096657193,0.0001910492330915,20.215402857994317,0.0967741935483871,3.3692338096657193,0.3260548848063599,,,,,,,,,,,
pickaxe,8,7.917186232013143e-05,13.62465268685824,7,NN,NN,pickax,0,1,5.954196310386875,0.0005742028362396,5.954196310386875,0.0161290322580645,5.954196310386875,0.0960354243610786,,,,,,,,,,,
beauty,8,7.917186232013143e-05,13.62465268685824,6,NN,NN,beauti,0,6,3.3692338096657193,0.0002080112659707,20.215402857994317,0.0967741935483871,3.3692338096657193,0.3260548848063599,0.0,0.0,0.0,0.0,1.0,0.0,1.0,0.0,0.0,0.0,1.0
tap,8,7.917186232013143e-05,13.62465268685824,3,NN,NN,tap,0,3,4.369233809665719,0.0008042847083504,13.107701428997157,0.0483870967741935,4.369233809665719,0.2114145391773735,,,,,,,,,,,
kinds,8,7.917186232013143e-05,13.62465268685824,5,NN,NNS,kind,0,7,3.146841388329271,0.0003691109563178,22.0278897183049,0.1129032258064516,3.146841388329271,0.3552885438436274,,,,,,,,,,,
lighted,8,7.917186232013143e-05,13.62465268685824,7,VB,VBD,light,0,7,3.146841388329271,0.0002664543674096,22.0278897183049,0.1129032258064516,3.146841388329271,0.3552885438436274,,,,,,,,,,,
gift,8,7.917186232013143e-05,13.62465268685824,4,NN,NN,gift,0,6,3.3692338096657193,0.0003127125950829,20.215402857994317,0.0967741935483871,3.3692338096657193,0.3260548848063599,0.0,1.0,0.0,0.0,1.0,0.0,1.0,0.0,1.0,0.0,1.0
chair,8,7.917186232013143e-05,13.62465268685824,5,NN,NN,chair,0,6,3.3692338096657193,0.000255839762325,20.215402857994317,0.0967741935483871,3.3692338096657193,0.3260548848063599,,,,,,,,,,,
higher,8,7.917186232013143e-05,13.62465268685824,6,JJ,JJR,higher,0,5,3.6322682154995127,0.0003855823848265,18.161341077497564,0.0806451612903225,3.6322682154995127,0.2929248560886703,,,,,,,,,,,
lake,8,7.917186232013143e-05,13.62465268685824,4,NN,NN,lake,0,3,4.369233809665719,0.0004309808363533,13.107701428997157,0.0483870967741935,4.369233809665719,0.2114145391773735,,,,,,,,,,,
creature,8,7.917186232013143e-05,13.62465268685824,8,NN,NN,creatur,0,6,3.3692338096657193,0.0002143686299766,20.215402857994317,0.0967741935483871,3.3692338096657193,0.3260548848063599,0.0,0.0,1.0,1.0,0.0,1.0,0.0,0.0,0.0,0.0,-1.0
sudden,8,7.917186232013143e-05,13.62465268685824,6,JJ,JJ,sudden,0,7,3.146841388329271,0.0002821884018427,22.0278897183049,0.1129032258064516,3.146841388329271,0.3552885438436274,,,,,,,,,,,
wheels,8,7.917186232013143e-05,13.62465268685824,6,NN,NNS,wheel,0,3,4.369233809665719,0.0003125818154414,13.107701428997157,0.0483870967741935,4.369233809665719,0.2114145391773735,,,,,,,,,,,
ease,8,7.917186232013143e-05,13.62465268685824,4,NN,NN,eas,0,7,3.146841388329271,0.0002323505675784,22.0278897183049,0.1129032258064516,3.146841388329271,0.3552885438436274,,,,,,,,,,,
sits,8,7.917186232013143e-05,13.62465268685824,4,VB,VBZ,sit,0,6,3.3692338096657193,0.0003523712722041,20.215402857994317,0.0967741935483871,3.3692338096657193,0.3260548848063599,,,,,,,,,,,
catch,8,7.917186232013143e-05,13.62465268685824,5,VB,VB,catch,0,7,3.146841388329271,0.000190128678631,22.0278897183049,0.1129032258064516,3.146841388329271,0.3552885438436274,,,,,,,,,,,
announced,8,7.917186232013143e-05,13.62465268685824,9,VB,VBN,announc,0,5,3.6322682154995127,0.0002716323138298,18.161341077497564,0.0806451612903225,3.6322682154995127,0.2929248560886703,,,,,,,,,,,
looks,8,7.917186232013143e-05,13.62465268685824,5,VB,VBZ,look,0,5,3.6322682154995127,0.0002607459063868,18.161341077497564,0.0806451612903225,3.6322682154995127,0.2929248560886703,,,,,,,,,,,
kerchief,8,7.917186232013143e-05,13.62465268685824,8,NN,NN,kerchief,0,1,5.954196310386875,0.0002487964361685,5.954196310386875,0.0161290322580645,5.954196310386875,0.0960354243610786,,,,,,,,,,,
caused,8,7.917186232013143e-05,13.62465268685824,6,VB,VBD,caus,0,4,3.9541963103868754,0.000327424982145,15.8167852415475,0.064516129032258,3.9541963103868754,0.2551094393797984,,,,,,,,,,,
swimming,8,7.917186232013143e-05,13.62465268685824,8,VB,VBG,swim,0,7,3.146841388329271,0.0002667970048592,22.0278897183049,0.1129032258064516,3.146841388329271,0.3552885438436274,,,,,,,,,,,
slipper,8,7.917186232013143e-05,13.62465268685824,7,NN,NN,slipper,0,2,4.954196310386875,0.0002419230599033,9.90839262077375,0.032258064516129,4.954196310386875,0.1598127842060282,,,,,,,,,,,
dropped,8,7.917186232013143e-05,13.62465268685824,7,VB,VBD,drop,0,8,2.9541963103868754,0.000244602426615,23.633570483095003,0.1290322580645161,2.9541963103868754,0.3811866206950807,,,,,,,,,,,
settled,8,7.917186232013143e-05,13.62465268685824,7,VB,VBD,settl,0,6,3.3692338096657193,0.0002098436770066,20.215402857994317,0.0967741935483871,3.3692338096657193,0.3260548848063599,,,,,,,,,,,
lose,8,7.917186232013143e-05,13.62465268685824,4,VB,VB,lose,0,7,3.146841388329271,0.0001877482043888,22.0278897183049,0.1129032258064516,3.146841388329271,0.3552885438436274,1.0,0.0,1.0,1.0,0.0,1.0,0.0,1.0,1.0,0.0,-1.0
whoever,8,7.917186232013143e-05,13.62465268685824,7,WP,WP,whoever,0,7,3.146841388329271,0.0001928162118282,22.0278897183049,0.1129032258064516,3.146841388329271,0.3552885438436274,,,,,,,,,,,
rejoiced,8,7.917186232013143e-05,13.62465268685824,8,VB,VBD,rejoic,0,8,2.9541963103868754,0.0002029203375288,23.633570483095003,0.1290322580645161,2.9541963103868754,0.3811866206950807,,,,,,,,,,,
rock,8,7.917186232013143e-05,13.62465268685824,4,NN,NN,rock,0,3,4.369233809665719,0.0002653827963826,13.107701428997157,0.0483870967741935,4.369233809665719,0.2114145391773735,,,,,,,,,,,
known,8,7.917186232013143e-05,13.62465268685824,5,VB,VBN,known,0,8,2.9541963103868754,0.0002692545714794,23.633570483095003,0.1290322580645161,2.9541963103868754,0.3811866206950807,,,,,,,,,,,
almost,8,7.917186232013143e-05,13.62465268685824,6,RB,RB,almost,0,8,2.9541963103868754,0.000261038289063,23.633570483095003,0.1290322580645161,2.9541963103868754,0.3811866206950807,,,,,,,,,,,
teeth,8,7.917186232013143e-05,13.62465268685824,5,NN,NNS,teeth,0,7,3.146841388329271,0.0001871980427496,22.0278897183049,0.1129032258064516,3.146841388329271,0.3552885438436274,,,,,,,,,,,
bush,8,7.917186232013143e-05,13.62465268685824,4,NN,NN,bush,0,6,3.3692338096657193,0.0003513003351284,20.215402857994317,0.0967741935483871,3.3692338096657193,0.3260548848063599,,,,,,,,,,,
hearth,8,7.917186232013143e-05,13.62465268685824,6,NN,NN,hearth,0,6,3.3692338096657193,0.0003080378935235,20.215402857994317,0.0967741935483871,3.3692338096657193,0.3260548848063599,,,,,,,,,,,
pecked,8,7.917186232013143e-05,13.62465268685824,6,VB,VBD,peck,0,2,4.954196310386875,0.0004574701929201,9.90839262077375,0.032258064516129,4.954196310386875,0.1598127842060282,,,,,,,,,,,
rid,8,7.917186232013143e-05,13.62465268685824,3,JJ,JJ,rid,0,4,3.9541963103868754,0.0001695334432075,15.8167852415475,0.064516129032258,3.9541963103868754,0.2551094393797984,,,,,,,,,,,
midst,8,7.917186232013143e-05,13.62465268685824,5,NN,NN,midst,0,7,3.146841388329271,0.0002296753915762,22.0278897183049,0.1129032258064516,3.146841388329271,0.3552885438436274,,,,,,,,,,,
jug,8,7.917186232013143e-05,13.62465268685824,3,NN,NN,jug,0,3,4.369233809665719,0.0003520252088207,13.107701428997157,0.0483870967741935,4.369233809665719,0.2114145391773735,,,,,,,,,,,
loudly,8,7.917186232013143e-05,13.62465268685824,6,RB,RB,loudli,0,6,3.3692338096657193,0.0002361568737025,20.215402857994317,0.0967741935483871,3.3692338096657193,0.3260548848063599,,,,,,,,,,,
animals,8,7.917186232013143e-05,13.62465268685824,7,NN,NNS,anim,0,5,3.6322682154995127,0.0003917723845801,18.161341077497564,0.0806451612903225,3.6322682154995127,0.2929248560886703,,,,,,,,,,,
closed,7,6.9275379530115e-05,13.817297764800635,6,VB,VBD,close,0,6,3.3692338096657193,0.0001414126757783,20.215402857994317,0.0967741935483871,3.3692338096657193,0.3260548848063599,,,,,,,,,,,
seeking,7,6.9275379530115e-05,13.817297764800635,7,VB,VBG,seek,0,6,3.3692338096657193,0.0002814055460995,20.215402857994317,0.0967741935483871,3.3692338096657193,0.3260548848063599,,,,,,,,,,,
believe,7,6.9275379530115e-05,13.817297764800635,7,VB,VB,believ,0,5,3.6322682154995127,0.0002106128278168,18.161341077497564,0.0806451612903225,3.6322682154995127,0.2929248560886703,,,,,,,,,,,
prayed,7,6.9275379530115e-05,13.817297764800635,6,VB,VBD,pray,0,6,3.3692338096657193,0.0002309762003541,20.215402857994317,0.0967741935483871,3.3692338096657193,0.3260548848063599,,,,,,,,,,,
willowwren,7,6.9275379530115e-05,13.817297764800635,10,JJ,JJ,willowwren,0,1,5.954196310386875,0.0007330948424509,5.954196310386875,0.0161290322580645,5.954196310386875,0.0960354243610786,,,,,,,,,,,
grant,7,6.9275379530115e-05,13.817297764800635,5,VB,VB,grant,0,5,3.6322682154995127,0.0002691769301287,18.161341077497564,0.0806451612903225,3.6322682154995127,0.2929248560886703,0.0,1.0,0.0,0.0,1.0,0.0,1.0,0.0,0.0,1.0,1.0
riding,7,6.9275379530115e-05,13.817297764800635,6,VB,VBG,ride,0,6,3.3692338096657193,0.0001551997381631,20.215402857994317,0.0967741935483871,3.3692338096657193,0.3260548848063599,,,,,,,,,,,
dragged,7,6.9275379530115e-05,13.817297764800635,7,VB,VBD,drag,0,5,3.6322682154995127,0.0001950294825459,18.161341077497564,0.0806451612903225,3.6322682154995127,0.2929248560886703,,,,,,,,,,,
awake,7,6.9275379530115e-05,13.817297764800635,5,VB,NN,awak,0,4,3.9541963103868754,0.0001983535846734,15.8167852415475,0.064516129032258,3.9541963103868754,0.2551094393797984,,,,,,,,,,,
raised,7,6.9275379530115e-05,13.817297764800635,6,VB,VBD,rais,0,7,3.146841388329271,0.0001543338013878,22.0278897183049,0.1129032258064516,3.146841388329271,0.3552885438436274,,,,,,,,,,,
ones,7,6.9275379530115e-05,13.817297764800635,4,NN,NNS,one,0,6,3.3692338096657193,0.0002619227939967,20.215402857994317,0.0967741935483871,3.3692338096657193,0.3260548848063599,,,,,,,,,,,
jewels,7,6.9275379530115e-05,13.817297764800635,6,NN,NNS,jewel,0,5,3.6322682154995127,0.0002173861361515,18.161341077497564,0.0806451612903225,3.6322682154995127,0.2929248560886703,,,,,,,,,,,
quiet,7,6.9275379530115e-05,13.817297764800635,5,JJ,JJ,quiet,0,7,3.146841388329271,0.0001617156541073,22.0278897183049,0.1129032258064516,3.146841388329271,0.3552885438436274,0.0,0.0,0.0,0.0,0.0,0.0,1.0,1.0,0.0,0.0,1.0
tale,7,6.9275379530115e-05,13.817297764800635,4,NN,NN,tale,0,5,3.6322682154995127,0.0002258045305053,18.161341077497564,0.0806451612903225,3.6322682154995127,0.2929248560886703,,,,,,,,,,,
ye,7,6.9275379530115e-05,13.817297764800635,2,NN,NN,ye,0,4,3.9541963103868754,0.0002053141397545,15.8167852415475,0.064516129032258,3.9541963103868754,0.2551094393797984,,,,,,,,,,,
refused,7,6.9275379530115e-05,13.817297764800635,7,VB,VBD,refus,0,6,3.3692338096657193,0.0002456731464669,20.215402857994317,0.0967741935483871,3.3692338096657193,0.3260548848063599,0.0,0.0,0.0,0.0,0.0,1.0,0.0,1.0,0.0,0.0,-1.0
cool,7,6.9275379530115e-05,13.817297764800635,4,NN,NN,cool,0,4,3.9541963103868754,0.0002905281737663,15.8167852415475,0.064516129032258,3.9541963103868754,0.2551094393797984,,,,,,,,,,,
driving,7,6.9275379530115e-05,13.817297764800635,7,VB,VBG,drive,0,3,4.369233809665719,0.0002106605854692,13.107701428997157,0.0483870967741935,4.369233809665719,0.2114145391773735,,,,,,,,,,,
cowherd,7,6.9275379530115e-05,13.817297764800635,7,NN,NN,cowherd,0,1,5.954196310386875,0.0003231961396767,5.954196310386875,0.0161290322580645,5.954196310386875,0.0960354243610786,,,,,,,,,,,
overjoyed,7,6.9275379530115e-05,13.817297764800635,9,VB,VBN,overjoy,0,6,3.3692338096657193,0.0001738745655491,20.215402857994317,0.0967741935483871,3.3692338096657193,0.3260548848063599,0.0,0.0,0.0,0.0,1.0,0.0,1.0,0.0,0.0,0.0,1.0
playing,7,6.9275379530115e-05,13.817297764800635,7,VB,VBG,play,0,5,3.6322682154995127,0.0002258293941957,18.161341077497564,0.0806451612903225,3.6322682154995127,0.2929248560886703,,,,,,,,,,,
dishes,7,6.9275379530115e-05,13.817297764800635,6,NN,NNS,dish,0,3,4.369233809665719,0.000228824978555,13.107701428997157,0.0483870967741935,4.369233809665719,0.2114145391773735,,,,,,,,,,,
snoring,7,6.9275379530115e-05,13.817297764800635,7,VB,VBG,snore,0,5,3.6322682154995127,0.0002016910909191,18.161341077497564,0.0806451612903225,3.6322682154995127,0.2929248560886703,,,,,,,,,,,
war,7,6.9275379530115e-05,13.817297764800635,3,NN,NN,war,0,5,3.6322682154995127,0.0002814228472877,18.161341077497564,0.0806451612903225,3.6322682154995127,0.2929248560886703,0.0,0.0,0.0,1.0,0.0,1.0,0.0,0.0,0.0,0.0,-1.0
carrying,7,6.9275379530115e-05,13.817297764800635,8,VB,VBG,carri,0,5,3.6322682154995127,0.0002124980770376,18.161341077497564,0.0806451612903225,3.6322682154995127,0.2929248560886703,,,,,,,,,,,
tune,7,6.9275379530115e-05,13.817297764800635,4,NN,NN,tune,0,4,3.9541963103868754,0.0003320844482477,15.8167852415475,0.064516129032258,3.9541963103868754,0.2551094393797984,,,,,,,,,,,
stands,7,6.9275379530115e-05,13.817297764800635,6,VB,VBZ,stand,0,6,3.3692338096657193,0.0003176089574061,20.215402857994317,0.0967741935483871,3.3692338096657193,0.3260548848063599,,,,,,,,,,,
often,7,6.9275379530115e-05,13.817297764800635,5,RB,RB,often,0,7,3.146841388329271,0.0001844755779634,22.0278897183049,0.1129032258064516,3.146841388329271,0.3552885438436274,,,,,,,,,,,
beautifully,7,6.9275379530115e-05,13.817297764800635,11,RB,RB,beauti,0,4,3.9541963103868754,0.0002180176426018,15.8167852415475,0.064516129032258,3.9541963103868754,0.2551094393797984,,,,,,,,,,,
astonished,7,6.9275379530115e-05,13.817297764800635,10,VB,VBN,astonish,0,7,3.146841388329271,0.0002024429688484,22.0278897183049,0.1129032258064516,3.146841388329271,0.3552885438436274,,,,,,,,,,,
handkerchief,7,6.9275379530115e-05,13.817297764800635,12,NN,NN,handkerchief,0,3,4.369233809665719,0.0001881117427051,13.107701428997157,0.0483870967741935,4.369233809665719,0.2114145391773735,,,,,,,,,,,
weather,7,6.9275379530115e-05,13.817297764800635,7,NN,NN,weather,0,7,3.146841388329271,0.0001878234548749,22.0278897183049,0.1129032258064516,3.146841388329271,0.3552885438436274,,,,,,,,,,,
beds,7,6.9275379530115e-05,13.817297764800635,4,NN,NNS,bed,0,4,3.9541963103868754,0.0002440322440316,15.8167852415475,0.064516129032258,3.9541963103868754,0.2551094393797984,,,,,,,,,,,
oven,7,6.9275379530115e-05,13.817297764800635,4,NN,NN,oven,0,3,4.369233809665719,0.0001961405027192,13.107701428997157,0.0483870967741935,4.369233809665719,0.2114145391773735,,,,,,,,,,,
safely,7,6.9275379530115e-05,13.817297764800635,6,RB,RB,safe,0,7,3.146841388329271,0.0001838384391874,22.0278897183049,0.1129032258064516,3.146841388329271,0.3552885438436274,,,,,,,,,,,
fairest,7,6.9275379530115e-05,13.817297764800635,7,JJ,JJS,fairest,0,1,5.954196310386875,0.0002817468443116,5.954196310386875,0.0161290322580645,5.954196310386875,0.0960354243610786,,,,,,,,,,,
prize,7,6.9275379530115e-05,13.817297764800635,5,NN,NN,prize,0,6,3.3692338096657193,0.0001664772905542,20.215402857994317,0.0967741935483871,3.3692338096657193,0.3260548848063599,,,,,,,,,,,
bottle,7,6.9275379530115e-05,13.817297764800635,6,NN,NN,bottl,0,3,4.369233809665719,0.000267078889421,13.107701428997157,0.0483870967741935,4.369233809665719,0.2114145391773735,,,,,,,,,,,
change,7,6.9275379530115e-05,13.817297764800635,6,VB,VB,chang,0,6,3.3692338096657193,0.0002430209786612,20.215402857994317,0.0967741935483871,3.3692338096657193,0.3260548848063599,,,,,,,,,,,
shabby,7,6.9275379530115e-05,13.817297764800635,6,NN,NN,shabbi,0,3,4.369233809665719,0.0001919324843523,13.107701428997157,0.0483870967741935,4.369233809665719,0.2114145391773735,0.0,0.0,1.0,0.0,0.0,1.0,0.0,0.0,0.0,0.0,-1.0
buttons,7,6.9275379530115e-05,13.817297764800635,7,NN,NNS,button,0,1,5.954196310386875,0.0003506770842605,5.954196310386875,0.0161290322580645,5.954196310386875,0.0960354243610786,,,,,,,,,,,
born,7,6.9275379530115e-05,13.817297764800635,4,VB,VBN,born,0,5,3.6322682154995127,0.0001540622805268,18.161341077497564,0.0806451612903225,3.6322682154995127,0.2929248560886703,,,,,,,,,,,
seated,7,6.9275379530115e-05,13.817297764800635,6,VB,VBD,seat,0,6,3.3692338096657193,0.0001861750221185,20.215402857994317,0.0967741935483871,3.3692338096657193,0.3260548848063599,,,,,,,,,,,
flames,7,6.9275379530115e-05,13.817297764800635,6,NN,NNS,flame,0,3,4.369233809665719,0.0002104496612096,13.107701428997157,0.0483870967741935,4.369233809665719,0.2114145391773735,,,,,,,,,,,
fare,7,6.9275379530115e-05,13.817297764800635,4,VB,VB,fare,0,5,3.6322682154995127,0.0004131546118874,18.161341077497564,0.0806451612903225,3.6322682154995127,0.2929248560886703,,,,,,,,,,,
comb,7,6.9275379530115e-05,13.817297764800635,4,JJ,JJ,comb,0,3,4.369233809665719,0.0002116288245183,13.107701428997157,0.0483870967741935,4.369233809665719,0.2114145391773735,,,,,,,,,,,
hit,7,6.9275379530115e-05,13.817297764800635,3,VB,VB,hit,0,7,3.146841388329271,0.0002685378463644,22.0278897183049,0.1129032258064516,3.146841388329271,0.3552885438436274,1.0,0.0,0.0,0.0,0.0,1.0,0.0,0.0,0.0,0.0,-1.0
homewards,7,6.9275379530115e-05,13.817297764800635,9,NN,NNS,homeward,0,5,3.6322682154995127,0.0001775422011311,18.161341077497564,0.0806451612903225,3.6322682154995127,0.2929248560886703,,,,,,,,,,,
grow,7,6.9275379530115e-05,13.817297764800635,4,VB,VB,grow,0,7,3.146841388329271,0.0001773006414104,22.0278897183049,0.1129032258064516,3.146841388329271,0.3552885438436274,0.0,1.0,0.0,0.0,1.0,0.0,1.0,0.0,0.0,1.0,1.0
aside,7,6.9275379530115e-05,13.817297764800635,5,RB,RB,asid,0,6,3.3692338096657193,0.0002379928137383,20.215402857994317,0.0967741935483871,3.3692338096657193,0.3260548848063599,,,,,,,,,,,
bright,7,6.9275379530115e-05,13.817297764800635,6,JJ,JJ,bright,0,6,3.3692338096657193,0.0001766199503424,20.215402857994317,0.0967741935483871,3.3692338096657193,0.3260548848063599,,,,,,,,,,,
lock,7,6.9275379530115e-05,13.817297764800635,4,NN,NN,lock,0,3,4.369233809665719,0.0002162554332961,13.107701428997157,0.0483870967741935,4.369233809665719,0.2114145391773735,,,,,,,,,,,
offered,7,6.9275379530115e-05,13.817297764800635,7,VB,VBD,offer,0,6,3.3692338096657193,0.0001983861429206,20.215402857994317,0.0967741935483871,3.3692338096657193,0.3260548848063599,,,,,,,,,,,
hath,7,6.9275379530115e-05,13.817297764800635,4,NN,NN,hath,0,2,4.954196310386875,0.0002595918544571,9.90839262077375,0.032258064516129,4.954196310386875,0.1598127842060282,,,,,,,,,,,
weeping,7,6.9275379530115e-05,13.817297764800635,7,VB,VBG,weep,0,6,3.3692338096657193,0.0003223558160867,20.215402857994317,0.0967741935483871,3.3692338096657193,0.3260548848063599,,,,,,,,,,,
hastened,7,6.9275379530115e-05,13.817297764800635,8,VB,VBD,hasten,0,7,3.146841388329271,0.000220535899806,22.0278897183049,0.1129032258064516,3.146841388329271,0.3552885438436274,,,,,,,,,,,
wisdom,7,6.9275379530115e-05,13.817297764800635,6,NN,NN,wisdom,0,3,4.369233809665719,0.0003960810351784,13.107701428997157,0.0483870967741935,4.369233809665719,0.2114145391773735,0.0,0.0,0.0,0.0,0.0,0.0,1.0,0.0,0.0,1.0,1.0
inquired,7,6.9275379530115e-05,13.817297764800635,8,VB,VBD,inquir,0,7,3.146841388329271,0.0002773482808825,22.0278897183049,0.1129032258064516,3.146841388329271,0.3552885438436274,,,,,,,,,,,
bank,7,6.9275379530115e-05,13.817297764800635,4,NN,NN,bank,0,5,3.6322682154995127,0.0002746867432999,18.161341077497564,0.0806451612903225,3.6322682154995127,0.2929248560886703,,,,,,,,,,,
consented,7,6.9275379530115e-05,13.817297764800635,9,VB,VBD,consent,0,6,3.3692338096657193,0.0002087063673076,20.215402857994317,0.0967741935483871,3.3692338096657193,0.3260548848063599,,,,,,,,,,,
guests,7,6.9275379530115e-05,13.817297764800635,6,NN,NNS,guest,0,4,3.9541963103868754,0.0002817407383443,15.8167852415475,0.064516129032258,3.9541963103868754,0.2551094393797984,,,,,,,,,,,
pin,7,6.9275379530115e-05,13.817297764800635,3,NN,NN,pin,0,1,5.954196310386875,0.0003577690103925,5.954196310386875,0.0161290322580645,5.954196310386875,0.0960354243610786,,,,,,,,,,,
loss,7,6.9275379530115e-05,13.817297764800635,4,NN,NN,loss,0,6,3.3692338096657193,0.0002666125140017,20.215402857994317,0.0967741935483871,3.3692338096657193,0.3260548848063599,1.0,0.0,0.0,1.0,0.0,1.0,0.0,1.0,0.0,0.0,-1.0
chest,7,6.9275379530115e-05,13.817297764800635,5,NN,NN,chest,0,3,4.369233809665719,0.0002608673518923,13.107701428997157,0.0483870967741935,4.369233809665719,0.2114145391773735,,,,,,,,,,,
leaves,7,6.9275379530115e-05,13.817297764800635,6,NN,NNS,leav,0,2,4.954196310386875,0.0003073405871905,9.90839262077375,0.032258064516129,4.954196310386875,0.1598127842060282,,,,,,,,,,,
whenever,7,6.9275379530115e-05,13.817297764800635,8,WR,WRB,whenev,0,5,3.6322682154995127,0.0002055206281037,18.161341077497564,0.0806451612903225,3.6322682154995127,0.2929248560886703,,,,,,,,,,,
journeyed,7,6.9275379530115e-05,13.817297764800635,9,VB,VBD,journey,0,7,3.146841388329271,0.000189180167607,22.0278897183049,0.1129032258064516,3.146841388329271,0.3552885438436274,,,,,,,,,,,
friendly,7,6.9275379530115e-05,13.817297764800635,8,JJ,JJ,friendli,0,6,3.3692338096657193,0.0003900950058479,20.215402857994317,0.0967741935483871,3.3692338096657193,0.3260548848063599,0.0,1.0,0.0,0.0,1.0,0.0,1.0,0.0,0.0,1.0,1.0
belonged,7,6.9275379530115e-05,13.817297764800635,8,VB,VBD,belong,0,7,3.146841388329271,0.000176983139221,22.0278897183049,0.1129032258064516,3.146841388329271,0.3552885438436274,,,,,,,,,,,
pipe,7,6.9275379530115e-05,13.817297764800635,4,NN,NN,pipe,0,3,4.369233809665719,0.000266700869589,13.107701428997157,0.0483870967741935,4.369233809665719,0.2114145391773735,,,,,,,,,,,
account,7,6.9275379530115e-05,13.817297764800635,7,NN,NN,account,0,7,3.146841388329271,0.0002090013614778,22.0278897183049,0.1129032258064516,3.146841388329271,0.3552885438436274,,,,,,,,,,,
sharp,7,6.9275379530115e-05,13.817297764800635,5,JJ,JJ,sharp,0,6,3.3692338096657193,0.0001715841610825,20.215402857994317,0.0967741935483871,3.3692338096657193,0.3260548848063599,,,,,,,,,,,
welcomed,7,6.9275379530115e-05,13.817297764800635,8,VB,VBD,welcom,0,5,3.6322682154995127,0.0001916152616677,18.161341077497564,0.0806451612903225,3.6322682154995127,0.2929248560886703,0.0,0.0,0.0,0.0,1.0,0.0,1.0,0.0,0.0,0.0,1.0
happen,7,6.9275379530115e-05,13.817297764800635,6,VB,VB,happen,0,7,3.146841388329271,0.0002078184337252,22.0278897183049,0.1129032258064516,3.146841388329271,0.3552885438436274,,,,,,,,,,,
heavens,7,6.9275379530115e-05,13.817297764800635,7,NN,NNS,heaven,0,6,3.3692338096657193,0.0002369839862941,20.215402857994317,0.0967741935483871,3.3692338096657193,0.3260548848063599,0.0,0.0,0.0,0.0,1.0,0.0,1.0,0.0,0.0,1.0,1.0
meet,7,6.9275379530115e-05,13.817297764800635,4,VB,VB,meet,0,6,3.3692338096657193,0.000208867773099,20.215402857994317,0.0967741935483871,3.3692338096657193,0.3260548848063599,,,,,,,,,,,
mean,7,6.9275379530115e-05,13.817297764800635,4,VB,VB,mean,0,6,3.3692338096657193,0.0002046912610643,20.215402857994317,0.0967741935483871,3.3692338096657193,0.3260548848063599,,,,,,,,,,,
mice,7,6.9275379530115e-05,13.817297764800635,4,NN,NN,mice,0,2,4.954196310386875,0.0003136527483926,9.90839262077375,0.032258064516129,4.954196310386875,0.1598127842060282,,,,,,,,,,,
idle,7,6.9275379530115e-05,13.817297764800635,4,JJ,JJ,idl,0,7,3.146841388329271,0.000201388785053,22.0278897183049,0.1129032258064516,3.146841388329271,0.3552885438436274,,,,,,,,,,,
reigned,7,6.9275379530115e-05,13.817297764800635,7,VB,VBD,reign,0,7,3.146841388329271,0.0001768489364264,22.0278897183049,0.1129032258064516,3.146841388329271,0.3552885438436274,,,,,,,,,,,
rampion,7,6.9275379530115e-05,13.817297764800635,7,NN,NN,rampion,0,1,5.954196310386875,0.0004757593563535,5.954196310386875,0.0161290322580645,5.954196310386875,0.0960354243610786,,,,,,,,,,,
fairies,7,6.9275379530115e-05,13.817297764800635,7,NN,NNS,fairi,0,1,5.954196310386875,0.0004428511004792,5.954196310386875,0.0161290322580645,5.954196310386875,0.0960354243610786,,,,,,,,,,,
washed,7,6.9275379530115e-05,13.817297764800635,6,VB,VBD,wash,0,5,3.6322682154995127,0.0001884005546044,18.161341077497564,0.0806451612903225,3.6322682154995127,0.2929248560886703,,,,,,,,,,,
walls,7,6.9275379530115e-05,13.817297764800635,5,NN,NNS,wall,0,5,3.6322682154995127,0.000295107583554,18.161341077497564,0.0806451612903225,3.6322682154995127,0.2929248560886703,,,,,,,,,,,
walking,7,6.9275379530115e-05,13.817297764800635,7,VB,VBG,walk,0,6,3.3692338096657193,0.0002158917985197,20.215402857994317,0.0967741935483871,3.3692338096657193,0.3260548848063599,,,,,,,,,,,
nut,7,6.9275379530115e-05,13.817297764800635,3,NN,NN,nut,0,2,4.954196310386875,0.0002720254996121,9.90839262077375,0.032258064516129,4.954196310386875,0.1598127842060282,,,,,,,,,,,
prisoner,7,6.9275379530115e-05,13.817297764800635,8,NN,NN,prison,0,5,3.6322682154995127,0.0002385427054857,18.161341077497564,0.0806451612903225,3.6322682154995127,0.2929248560886703,1.0,0.0,1.0,1.0,0.0,1.0,0.0,1.0,0.0,0.0,-1.0
waves,7,6.9275379530115e-05,13.817297764800635,5,NN,NNS,wave,0,2,4.954196310386875,0.0002751570390552,9.90839262077375,0.032258064516129,4.954196310386875,0.1598127842060282,,,,,,,,,,,
drive,7,6.9275379530115e-05,13.817297764800635,5,VB,VB,drive,0,6,3.3692338096657193,0.0002076355729084,20.215402857994317,0.0967741935483871,3.3692338096657193,0.3260548848063599,,,,,,,,,,,
amongst,7,6.9275379530115e-05,13.817297764800635,7,IN,IN,amongst,0,7,3.146841388329271,0.0002045697019105,22.0278897183049,0.1129032258064516,3.146841388329271,0.3552885438436274,,,,,,,,,,,
hearken,7,6.9275379530115e-05,13.817297764800635,7,NN,NNP,hearken,0,2,4.954196310386875,0.0002466294582574,9.90839262077375,0.032258064516129,4.954196310386875,0.1598127842060282,,,,,,,,,,,
proud,7,6.9275379530115e-05,13.817297764800635,5,JJ,JJ,proud,0,4,3.9541963103868754,0.0002451160145161,15.8167852415475,0.064516129032258,3.9541963103868754,0.2551094393797984,0.0,1.0,0.0,0.0,1.0,0.0,1.0,0.0,0.0,1.0,1.0
smoke,7,6.9275379530115e-05,13.817297764800635,5,NN,NN,smoke,0,3,4.369233809665719,0.00036902050353,13.107701428997157,0.0483870967741935,4.369233809665719,0.2114145391773735,,,,,,,,,,,
boon,7,6.9275379530115e-05,13.817297764800635,4,NN,NN,boon,0,2,4.954196310386875,0.000279572398124,9.90839262077375,0.032258064516129,4.954196310386875,0.1598127842060282,,,,,,,,,,,
leapt,7,6.9275379530115e-05,13.817297764800635,5,VB,VBD,leapt,0,6,3.3692338096657193,0.0002515467667034,20.215402857994317,0.0967741935483871,3.3692338096657193,0.3260548848063599,,,,,,,,,,,
beat,7,6.9275379530115e-05,13.817297764800635,4,VB,VB,beat,0,6,3.3692338096657193,0.0001559412862086,20.215402857994317,0.0967741935483871,3.3692338096657193,0.3260548848063599,,,,,,,,,,,
sweetheart,7,6.9275379530115e-05,13.817297764800635,10,NN,NN,sweetheart,0,1,5.954196310386875,0.0004539149024493,5.954196310386875,0.0161290322580645,5.954196310386875,0.0960354243610786,0.0,1.0,0.0,0.0,1.0,0.0,1.0,1.0,0.0,1.0,1.0
goods,7,6.9275379530115e-05,13.817297764800635,5,NN,NNS,good,0,4,3.9541963103868754,0.000268010429951,15.8167852415475,0.064516129032258,3.9541963103868754,0.2551094393797984,,,,,,,,,,,
diamonds,7,6.9275379530115e-05,13.817297764800635,8,NN,NNS,diamond,0,4,3.9541963103868754,0.0002055973828619,15.8167852415475,0.064516129032258,3.9541963103868754,0.2551094393797984,,,,,,,,,,,
spread,7,6.9275379530115e-05,13.817297764800635,6,VB,VBD,spread,0,7,3.146841388329271,0.0001920105653116,22.0278897183049,0.1129032258064516,3.146841388329271,0.3552885438436274,,,,,,,,,,,
murderers,7,6.9275379530115e-05,13.817297764800635,9,NN,NNS,murder,0,2,4.954196310386875,0.0003941661274872,9.90839262077375,0.032258064516129,4.954196310386875,0.1598127842060282,,,,,,,,,,,
guards,7,6.9275379530115e-05,13.817297764800635,6,NN,NNS,guard,0,5,3.6322682154995127,0.0001660462433202,18.161341077497564,0.0806451612903225,3.6322682154995127,0.2929248560886703,,,,,,,,,,,
mounted,7,6.9275379530115e-05,13.817297764800635,7,VB,VBD,mount,0,4,3.9541963103868754,0.000178927871653,15.8167852415475,0.064516129032258,3.9541963103868754,0.2551094393797984,,,,,,,,,,,
wheel,7,6.9275379530115e-05,13.817297764800635,5,NN,NN,wheel,0,4,3.9541963103868754,0.0003161538998455,15.8167852415475,0.064516129032258,3.9541963103868754,0.2551094393797984,,,,,,,,,,,
overcome,7,6.9275379530115e-05,13.817297764800635,8,JJ,JJ,overcom,0,5,3.6322682154995127,0.0001824215630905,18.161341077497564,0.0806451612903225,3.6322682154995127,0.2929248560886703,,,,,,,,,,,
honest,7,6.9275379530115e-05,13.817297764800635,6,JJ,JJ,honest,0,6,3.3692338096657193,0.0003104665311239,20.215402857994317,0.0967741935483871,3.3692338096657193,0.3260548848063599,1.0,0.0,1.0,1.0,1.0,0.0,1.0,1.0,0.0,1.0,1.0
treasures,7,6.9275379530115e-05,13.817297764800635,9,NN,NNS,treasur,0,4,3.9541963103868754,0.0001683267102363,15.8167852415475,0.064516129032258,3.9541963103868754,0.2551094393797984,,,,,,,,,,,
plucked,7,6.9275379530115e-05,13.817297764800635,7,VB,VBD,pluck,0,6,3.3692338096657193,0.000270608428445,20.215402857994317,0.0967741935483871,3.3692338096657193,0.3260548848063599,,,,,,,,,,,
locks,7,6.9275379530115e-05,13.817297764800635,5,NN,NNS,lock,0,3,4.369233809665719,0.0003194386472075,13.107701428997157,0.0483870967741935,4.369233809665719,0.2114145391773735,,,,,,,,,,,
boots,7,6.9275379530115e-05,13.817297764800635,5,NN,NNS,boot,0,4,3.9541963103868754,0.0002272060760926,15.8167852415475,0.064516129032258,3.9541963103868754,0.2551094393797984,,,,,,,,,,,
sir,7,6.9275379530115e-05,13.817297764800635,3,NN,NN,sir,0,6,3.3692338096657193,0.000304933836847,20.215402857994317,0.0967741935483871,3.3692338096657193,0.3260548848063599,0.0,0.0,0.0,0.0,0.0,0.0,1.0,0.0,0.0,1.0,1.0
missed,7,6.9275379530115e-05,13.817297764800635,6,VB,VBD,miss,0,6,3.3692338096657193,0.0002269058072365,20.215402857994317,0.0967741935483871,3.3692338096657193,0.3260548848063599,,,,,,,,,,,
larger,7,6.9275379530115e-05,13.817297764800635,6,JJ,JJR,larger,0,5,3.6322682154995127,0.0002977353645164,18.161341077497564,0.0806451612903225,3.6322682154995127,0.2929248560886703,0.0,0.0,1.0,0.0,0.0,0.0,0.0,0.0,1.0,1.0,0.0
spit,7,6.9275379530115e-05,13.817297764800635,4,NN,NN,spit,0,3,4.369233809665719,0.0004090732882594,13.107701428997157,0.0483870967741935,4.369233809665719,0.2114145391773735,,,,,,,,,,,
thanked,7,6.9275379530115e-05,13.817297764800635,7,VB,VBD,thank,0,6,3.3692338096657193,0.0002713838901795,20.215402857994317,0.0967741935483871,3.3692338096657193,0.3260548848063599,,,,,,,,,,,
fighting,7,6.9275379530115e-05,13.817297764800635,8,NN,NN,fight,0,4,3.9541963103868754,0.0002343898295802,15.8167852415475,0.064516129032258,3.9541963103868754,0.2551094393797984,1.0,0.0,0.0,0.0,0.0,1.0,0.0,0.0,0.0,0.0,-1.0
bigger,7,6.9275379530115e-05,13.817297764800635,6,JJ,JJR,bigger,0,4,3.9541963103868754,0.0001985462203775,15.8167852415475,0.064516129032258,3.9541963103868754,0.2551094393797984,,,,,,,,,,,
wonder,7,6.9275379530115e-05,13.817297764800635,6,NN,NN,wonder,0,6,3.3692338096657193,0.000270999115405,20.215402857994317,0.0967741935483871,3.3692338096657193,0.3260548848063599,,,,,,,,,,,
box,7,6.9275379530115e-05,13.817297764800635,3,NN,NN,box,0,4,3.9541963103868754,0.0002264884444486,15.8167852415475,0.064516129032258,3.9541963103868754,0.2551094393797984,,,,,,,,,,,
carefully,6,5.937889674009857e-05,14.039690186137085,9,RB,RB,care,0,6,3.3692338096657193,0.0001678814323601,20.215402857994317,0.0967741935483871,3.3692338096657193,0.3260548848063599,,,,,,,,,,,
musician,6,5.937889674009857e-05,14.039690186137085,8,JJ,JJ,musician,0,3,4.369233809665719,0.0003097595505927,13.107701428997157,0.0483870967741935,4.369233809665719,0.2114145391773735,,,,,,,,,,,
poisoned,6,5.937889674009857e-05,14.039690186137085,8,JJ,JJ,poison,0,1,5.954196310386875,0.0002414972951242,5.954196310386875,0.0161290322580645,5.954196310386875,0.0960354243610786,1.0,0.0,1.0,1.0,0.0,1.0,0.0,1.0,0.0,0.0,-1.0
glittered,6,5.937889674009857e-05,14.039690186137085,9,VB,VBD,glitter,0,6,3.3692338096657193,0.0001401699198373,20.215402857994317,0.0967741935483871,3.3692338096657193,0.3260548848063599,,,,,,,,,,,
worth,6,5.937889674009857e-05,14.039690186137085,5,JJ,JJ,worth,0,6,3.3692338096657193,0.0001877045406806,20.215402857994317,0.0967741935483871,3.3692338096657193,0.3260548848063599,,,,,,,,,,,
nightwind,6,5.937889674009857e-05,14.039690186137085,9,JJ,JJ,nightwind,0,1,5.954196310386875,0.0002449883274517,5.954196310386875,0.0161290322580645,5.954196310386875,0.0960354243610786,,,,,,,,,,,
briar,6,5.937889674009857e-05,14.039690186137085,5,NN,NNP,briar,0,2,4.954196310386875,0.0003171506347575,9.90839262077375,0.032258064516129,4.954196310386875,0.1598127842060282,,,,,,,,,,,
plan,6,5.937889674009857e-05,14.039690186137085,4,NN,NN,plan,0,4,3.9541963103868754,0.0002653463298737,15.8167852415475,0.064516129032258,3.9541963103868754,0.2551094393797984,,,,,,,,,,,
torn,6,5.937889674009857e-05,14.039690186137085,4,VB,VBN,torn,0,3,4.369233809665719,0.0002162200858974,13.107701428997157,0.0483870967741935,4.369233809665719,0.2114145391773735,,,,,,,,,,,
hurry,6,5.937889674009857e-05,14.039690186137085,5,NN,NN,hurri,0,5,3.6322682154995127,0.0002614375210308,18.161341077497564,0.0806451612903225,3.6322682154995127,0.2929248560886703,,,,,,,,,,,
chickens,6,5.937889674009857e-05,14.039690186137085,8,NN,NNS,chicken,0,3,4.369233809665719,0.0003646078517794,13.107701428997157,0.0483870967741935,4.369233809665719,0.2114145391773735,,,,,,,,,,,
wherever,6,5.937889674009857e-05,14.039690186137085,8,IN,IN,wherev,0,6,3.3692338096657193,0.000212636030869,20.215402857994317,0.0967741935483871,3.3692338096657193,0.3260548848063599,,,,,,,,,,,
branch,6,5.937889674009857e-05,14.039690186137085,6,NN,NN,branch,0,4,3.9541963103868754,0.0001636872274031,15.8167852415475,0.064516129032258,3.9541963103868754,0.2551094393797984,,,,,,,,,,,
blew,6,5.937889674009857e-05,14.039690186137085,4,VB,VBD,blew,0,4,3.9541963103868754,0.0001473858454851,15.8167852415475,0.064516129032258,3.9541963103868754,0.2551094393797984,,,,,,,,,,,
cabin,6,5.937889674009857e-05,14.039690186137085,5,NN,NN,cabin,0,1,5.954196310386875,0.0002697624279805,5.954196310386875,0.0161290322580645,5.954196310386875,0.0960354243610786,,,,,,,,,,,
miss,6,5.937889674009857e-05,14.039690186137085,4,NN,NNP,miss,0,2,4.954196310386875,0.0010142601188043,9.90839262077375,0.032258064516129,4.954196310386875,0.1598127842060282,,,,,,,,,,,
peeped,6,5.937889674009857e-05,14.039690186137085,6,VB,VBD,peep,0,6,3.3692338096657193,0.0001846901854815,20.215402857994317,0.0967741935483871,3.3692338096657193,0.3260548848063599,,,,,,,,,,,
fool,6,5.937889674009857e-05,14.039690186137085,4,NN,NN,fool,0,4,3.9541963103868754,0.0004000624064872,15.8167852415475,0.064516129032258,3.9541963103868754,0.2551094393797984,0.0,0.0,1.0,0.0,0.0,1.0,0.0,0.0,0.0,0.0,-1.0
noon,6,5.937889674009857e-05,14.039690186137085,4,NN,NN,noon,0,5,3.6322682154995127,0.0001587629443294,18.161341077497564,0.0806451612903225,3.6322682154995127,0.2929248560886703,,,,,,,,,,,
wandered,6,5.937889674009857e-05,14.039690186137085,8,VB,VBD,wander,0,6,3.3692338096657193,0.0003098440457012,20.215402857994317,0.0967741935483871,3.3692338096657193,0.3260548848063599,,,,,,,,,,,
flesh,6,5.937889674009857e-05,14.039690186137085,5,JJ,JJ,flesh,0,5,3.6322682154995127,0.0001743340997882,18.161341077497564,0.0806451612903225,3.6322682154995127,0.2929248560886703,,,,,,,,,,,
doubt,6,5.937889674009857e-05,14.039690186137085,5,NN,NN,doubt,0,6,3.3692338096657193,0.0002363960881634,20.215402857994317,0.0967741935483871,3.3692338096657193,0.3260548848063599,0.0,0.0,0.0,1.0,0.0,1.0,0.0,1.0,0.0,1.0,-1.0
spun,6,5.937889674009857e-05,14.039690186137085,4,JJ,JJ,spun,0,3,4.369233809665719,0.0003243600970725,13.107701428997157,0.0483870967741935,4.369233809665719,0.2114145391773735,,,,,,,,,,,
circle,6,5.937889674009857e-05,14.039690186137085,6,NN,NN,circl,0,3,4.369233809665719,0.0002252320172485,13.107701428997157,0.0483870967741935,4.369233809665719,0.2114145391773735,,,,,,,,,,,
arm,6,5.937889674009857e-05,14.039690186137085,3,NN,NN,arm,0,4,3.9541963103868754,0.0001726788044199,15.8167852415475,0.064516129032258,3.9541963103868754,0.2551094393797984,,,,,,,,,,,
heap,6,5.937889674009857e-05,14.039690186137085,4,NN,NN,heap,0,4,3.9541963103868754,0.0003115828990807,15.8167852415475,0.064516129032258,3.9541963103868754,0.2551094393797984,,,,,,,,,,,
thorns,6,5.937889674009857e-05,14.039690186137085,6,NN,NNS,thorn,0,4,3.9541963103868754,0.0002683824358887,15.8167852415475,0.064516129032258,3.9541963103868754,0.2551094393797984,,,,,,,,,,,
parlour,6,5.937889674009857e-05,14.039690186137085,7,NN,NN,parlour,0,5,3.6322682154995127,0.0002612134174671,18.161341077497564,0.0806451612903225,3.6322682154995127,0.2929248560886703,,,,,,,,,,,
burst,6,5.937889674009857e-05,14.039690186137085,5,VB,NN,burst,0,5,3.6322682154995127,0.0002795274910856,18.161341077497564,0.0806451612903225,3.6322682154995127,0.2929248560886703,,,,,,,,,,,
precious,6,5.937889674009857e-05,14.039690186137085,8,JJ,JJ,preciou,0,5,3.6322682154995127,0.0002012046984497,18.161341077497564,0.0806451612903225,3.6322682154995127,0.2929248560886703,0.0,1.0,0.0,0.0,1.0,0.0,1.0,0.0,1.0,0.0,1.0
wear,6,5.937889674009857e-05,14.039690186137085,4,VB,VB,wear,0,5,3.6322682154995127,0.0001569698020934,18.161341077497564,0.0806451612903225,3.6322682154995127,0.2929248560886703,0.0,0.0,0.0,0.0,0.0,1.0,0.0,0.0,0.0,1.0,-1.0
suppose,6,5.937889674009857e-05,14.039690186137085,7,VB,VB,suppos,0,5,3.6322682154995127,0.0001801943203283,18.161341077497564,0.0806451612903225,3.6322682154995127,0.2929248560886703,,,,,,,,,,,
overtook,6,5.937889674009857e-05,14.039690186137085,8,VB,VBD,overtook,0,5,3.6322682154995127,0.0002313273336587,18.161341077497564,0.0806451612903225,3.6322682154995127,0.2929248560886703,,,,,,,,,,,
hatchet,6,5.937889674009857e-05,14.039690186137085,7,NN,NN,hatchet,0,2,4.954196310386875,0.0003454586061044,9.90839262077375,0.032258064516129,4.954196310386875,0.1598127842060282,,,,,,,,,,,
bag,6,5.937889674009857e-05,14.039690186137085,3,NN,NN,bag,0,3,4.369233809665719,0.0001874174643035,13.107701428997157,0.0483870967741935,4.369233809665719,0.2114145391773735,,,,,,,,,,,
locked,6,5.937889674009857e-05,14.039690186137085,6,VB,VBN,lock,0,5,3.6322682154995127,0.0001941464774938,18.161341077497564,0.0806451612903225,3.6322682154995127,0.2929248560886703,,,,,,,,,,,
case,6,5.937889674009857e-05,14.039690186137085,4,NN,NN,case,0,5,3.6322682154995127,0.00028298942074,18.161341077497564,0.0806451612903225,3.6322682154995127,0.2929248560886703,0.0,0.0,0.0,1.0,0.0,1.0,0.0,1.0,0.0,0.0,-1.0
real,6,5.937889674009857e-05,14.039690186137085,4,JJ,JJ,real,0,5,3.6322682154995127,0.0001656586299686,18.161341077497564,0.0806451612903225,3.6322682154995127,0.2929248560886703,0.0,0.0,0.0,0.0,0.0,0.0,1.0,0.0,0.0,1.0,1.0
unlucky,6,5.937889674009857e-05,14.039690186137085,7,JJ,JJ,unlucki,0,2,4.954196310386875,0.0003450196554617,9.90839262077375,0.032258064516129,4.954196310386875,0.1598127842060282,1.0,0.0,1.0,1.0,0.0,1.0,0.0,1.0,0.0,0.0,-1.0
sighed,6,5.937889674009857e-05,14.039690186137085,6,VB,VBD,sigh,0,4,3.9541963103868754,0.0004217241463488,15.8167852415475,0.064516129032258,3.9541963103868754,0.2551094393797984,,,,,,,,,,,
friends,6,5.937889674009857e-05,14.039690186137085,7,NN,NNS,friend,0,5,3.6322682154995127,0.0003146491286225,18.161341077497564,0.0806451612903225,3.6322682154995127,0.2929248560886703,,,,,,,,,,,
wash,6,5.937889674009857e-05,14.039690186137085,4,VB,VB,wash,0,6,3.3692338096657193,0.0001318100148853,20.215402857994317,0.0967741935483871,3.3692338096657193,0.3260548848063599,,,,,,,,,,,
godmother,6,5.937889674009857e-05,14.039690186137085,9,RB,RB,godmoth,0,1,5.954196310386875,0.0005849873565141,5.954196310386875,0.0161290322580645,5.954196310386875,0.0960354243610786,,,,,,,,,,,
cousin,6,5.937889674009857e-05,14.039690186137085,6,NN,NN,cousin,0,2,4.954196310386875,0.0002462921212938,9.90839262077375,0.032258064516129,4.954196310386875,0.1598127842060282,,,,,,,,,,,
student,6,5.937889674009857e-05,14.039690186137085,7,NN,NN,student,0,1,5.954196310386875,0.0004984537596595,5.954196310386875,0.0161290322580645,5.954196310386875,0.0960354243610786,,,,,,,,,,,
woods,6,5.937889674009857e-05,14.039690186137085,5,NN,NNS,wood,0,6,3.3692338096657193,0.0001681604122277,20.215402857994317,0.0967741935483871,3.3692338096657193,0.3260548848063599,,,,,,,,,,,
celebrated,6,5.937889674009857e-05,14.039690186137085,10,VB,VBN,celebr,0,6,3.3692338096657193,0.0002152657750731,20.215402857994317,0.0967741935483871,3.3692338096657193,0.3260548848063599,0.0,1.0,0.0,0.0,1.0,0.0,1.0,0.0,0.0,0.0,1.0
hut,6,5.937889674009857e-05,14.039690186137085,3,NN,NN,hut,0,3,4.369233809665719,0.0002899836621647,13.107701428997157,0.0483870967741935,4.369233809665719,0.2114145391773735,0.0,0.0,0.0,0.0,0.0,0.0,1.0,1.0,0.0,0.0,1.0
lap,6,5.937889674009857e-05,14.039690186137085,3,NN,NN,lap,0,5,3.6322682154995127,0.0002026366580794,18.161341077497564,0.0806451612903225,3.6322682154995127,0.2929248560886703,,,,,,,,,,,
joke,6,5.937889674009857e-05,14.039690186137085,4,NN,NN,joke,0,6,3.3692338096657193,0.0002123640146394,20.215402857994317,0.0967741935483871,3.3692338096657193,0.3260548848063599,,,,,,,,,,,
eleven,6,5.937889674009857e-05,14.039690186137085,6,JJ,JJ,eleven,0,2,4.954196310386875,0.000403715085783,9.90839262077375,0.032258064516129,4.954196310386875,0.1598127842060282,,,,,,,,,,,
birth,6,5.937889674009857e-05,14.039690186137085,5,NN,NN,birth,0,6,3.3692338096657193,0.0002256962674198,20.215402857994317,0.0967741935483871,3.3692338096657193,0.3260548848063599,0.0,1.0,0.0,1.0,1.0,0.0,1.0,0.0,0.0,1.0,1.0
bore,6,5.937889674009857e-05,14.039690186137085,4,VB,VBD,bore,0,5,3.6322682154995127,0.0001852472224828,18.161341077497564,0.0806451612903225,3.6322682154995127,0.2929248560886703,,,,,,,,,,,
everywhere,6,5.937889674009857e-05,14.039690186137085,10,RB,RB,everywher,0,5,3.6322682154995127,0.000218243982125,18.161341077497564,0.0806451612903225,3.6322682154995127,0.2929248560886703,,,,,,,,,,,
fresh,6,5.937889674009857e-05,14.039690186137085,5,JJ,JJ,fresh,0,5,3.6322682154995127,0.0002001132281197,18.161341077497564,0.0806451612903225,3.6322682154995127,0.2929248560886703,,,,,,,,,,,
revenge,6,5.937889674009857e-05,14.039690186137085,7,NN,NN,reveng,0,6,3.3692338096657193,0.0002162642167076,20.215402857994317,0.0967741935483871,3.3692338096657193,0.3260548848063599,1.0,1.0,0.0,1.0,0.0,1.0,0.0,0.0,1.0,0.0,-1.0
noble,6,5.937889674009857e-05,14.039690186137085,5,JJ,JJ,nobl,0,5,3.6322682154995127,0.0001827892706311,18.161341077497564,0.0806451612903225,3.6322682154995127,0.2929248560886703,0.0,0.0,0.0,0.0,0.0,0.0,1.0,0.0,0.0,1.0,1.0
stronger,6,5.937889674009857e-05,14.039690186137085,8,JJ,JJR,stronger,0,4,3.9541963103868754,0.0003781435623748,15.8167852415475,0.064516129032258,3.9541963103868754,0.2551094393797984,,,,,,,,,,,
throat,6,5.937889674009857e-05,14.039690186137085,6,NN,NN,throat,0,4,3.9541963103868754,0.0002227409545646,15.8167852415475,0.064516129032258,3.9541963103868754,0.2551094393797984,,,,,,,,,,,
daylight,6,5.937889674009857e-05,14.039690186137085,8,NN,NN,daylight,0,6,3.3692338096657193,0.000141248658941,20.215402857994317,0.0967741935483871,3.3692338096657193,0.3260548848063599,,,,,,,,,,,
gazed,6,5.937889674009857e-05,14.039690186137085,5,VB,VBD,gaze,0,6,3.3692338096657193,0.0001698739136354,20.215402857994317,0.0967741935483871,3.3692338096657193,0.3260548848063599,,,,,,,,,,,
nevertheless,6,5.937889674009857e-05,14.039690186137085,12,RB,RB,nevertheless,0,5,3.6322682154995127,0.0001495363574998,18.161341077497564,0.0806451612903225,3.6322682154995127,0.2929248560886703,,,,,,,,,,,
thank,6,5.937889674009857e-05,14.039690186137085,5,NN,NN,thank,0,6,3.3692338096657193,0.0003779529516903,20.215402857994317,0.0967741935483871,3.3692338096657193,0.3260548848063599,,,,,,,,,,,
cord,6,5.937889674009857e-05,14.039690186137085,4,NN,NN,cord,0,2,4.954196310386875,0.0003083504342327,9.90839262077375,0.032258064516129,4.954196310386875,0.1598127842060282,,,,,,,,,,,
butcher,6,5.937889674009857e-05,14.039690186137085,7,NN,NN,butcher,0,2,4.954196310386875,0.000227289496945,9.90839262077375,0.032258064516129,4.954196310386875,0.1598127842060282,1.0,0.0,1.0,1.0,0.0,1.0,0.0,0.0,0.0,0.0,-1.0
weak,6,5.937889674009857e-05,14.039690186137085,4,JJ,JJ,weak,0,4,3.9541963103868754,0.0001955661183374,15.8167852415475,0.064516129032258,3.9541963103868754,0.2551094393797984,,,,,,,,,,,
forget,6,5.937889674009857e-05,14.039690186137085,6,VB,VB,forget,0,5,3.6322682154995127,0.0001620556630233,18.161341077497564,0.0806451612903225,3.6322682154995127,0.2929248560886703,,,,,,,,,,,
continually,6,5.937889674009857e-05,14.039690186137085,11,RB,RB,continu,0,6,3.3692338096657193,0.0003187596738208,20.215402857994317,0.0967741935483871,3.3692338096657193,0.3260548848063599,,,,,,,,,,,
forester,6,5.937889674009857e-05,14.039690186137085,8,NN,NN,forest,0,1,5.954196310386875,0.0006136448840963,5.954196310386875,0.0161290322580645,5.954196310386875,0.0960354243610786,,,,,,,,,,,
odd,6,5.937889674009857e-05,14.039690186137085,3,JJ,JJ,odd,0,4,3.9541963103868754,0.0003208581936138,15.8167852415475,0.064516129032258,3.9541963103868754,0.2551094393797984,,,,,,,,,,,
quick,6,5.937889674009857e-05,14.039690186137085,5,JJ,JJ,quick,0,5,3.6322682154995127,0.000199175639118,18.161341077497564,0.0806451612903225,3.6322682154995127,0.2929248560886703,,,,,,,,,,,
strike,6,5.937889674009857e-05,14.039690186137085,6,NN,VB,strike,0,5,3.6322682154995127,0.0001567743071252,18.161341077497564,0.0806451612903225,3.6322682154995127,0.2929248560886703,1.0,0.0,0.0,0.0,0.0,1.0,0.0,0.0,0.0,0.0,-1.0
rather,6,5.937889674009857e-05,14.039690186137085,6,RB,RB,rather,0,5,3.6322682154995127,0.0001848623356745,18.161341077497564,0.0806451612903225,3.6322682154995127,0.2929248560886703,,,,,,,,,,,
continued,6,5.937889674009857e-05,14.039690186137085,9,VB,VBD,continu,0,6,3.3692338096657193,0.0001921388783684,20.215402857994317,0.0967741935483871,3.3692338096657193,0.3260548848063599,,,,,,,,,,,
dearly,6,5.937889674009857e-05,14.039690186137085,6,RB,RB,dearli,0,5,3.6322682154995127,0.0002082249015551,18.161341077497564,0.0806451612903225,3.6322682154995127,0.2929248560886703,,,,,,,,,,,
thrust,6,5.937889674009857e-05,14.039690186137085,6,VB,VBD,thrust,0,5,3.6322682154995127,0.0001627202644229,18.161341077497564,0.0806451612903225,3.6322682154995127,0.2929248560886703,,,,,,,,,,,
thicket,6,5.937889674009857e-05,14.039690186137085,7,NN,NN,thicket,0,2,4.954196310386875,0.0002582481005165,9.90839262077375,0.032258064516129,4.954196310386875,0.1598127842060282,,,,,,,,,,,
frock,6,5.937889674009857e-05,14.039690186137085,5,NN,NN,frock,0,2,4.954196310386875,0.0001879739070699,9.90839262077375,0.032258064516129,4.954196310386875,0.1598127842060282,,,,,,,,,,,
during,6,5.937889674009857e-05,14.039690186137085,6,IN,IN,dure,1,6,3.3692338096657193,0.0002180342738591,20.215402857994317,0.0967741935483871,3.3692338096657193,0.3260548848063599,,,,,,,,,,,
tails,6,5.937889674009857e-05,14.039690186137085,5,NN,NNS,tail,0,3,4.369233809665719,0.0007913572595448,13.107701428997157,0.0483870967741935,4.369233809665719,0.2114145391773735,,,,,,,,,,,
millstone,6,5.937889674009857e-05,14.039690186137085,9,NN,NN,millston,0,2,4.954196310386875,0.0002052073277744,9.90839262077375,0.032258064516129,4.954196310386875,0.1598127842060282,,,,,,,,,,,
enchantment,6,5.937889674009857e-05,14.039690186137085,11,NN,NN,enchant,0,6,3.3692338096657193,0.0001662642879056,20.215402857994317,0.0967741935483871,3.3692338096657193,0.3260548848063599,,,,,,,,,,,
coach,6,5.937889674009857e-05,14.039690186137085,5,NN,NN,coach,0,4,3.9541963103868754,0.0002651252082525,15.8167852415475,0.064516129032258,3.9541963103868754,0.2551094393797984,,,,,,,,,,,
afar,6,5.937889674009857e-05,14.039690186137085,4,NN,NN,afar,0,4,3.9541963103868754,0.0002883548088266,15.8167852415475,0.064516129032258,3.9541963103868754,0.2551094393797984,,,,,,,,,,,
possible,6,5.937889674009857e-05,14.039690186137085,8,JJ,JJ,possibl,0,6,3.3692338096657193,0.0002168392128541,20.215402857994317,0.0967741935483871,3.3692338096657193,0.3260548848063599,,,,,,,,,,,
single,6,5.937889674009857e-05,14.039690186137085,6,JJ,JJ,singl,0,5,3.6322682154995127,0.0001962655902293,18.161341077497564,0.0806451612903225,3.6322682154995127,0.2929248560886703,,,,,,,,,,,
bitterly,6,5.937889674009857e-05,14.039690186137085,8,RB,RB,bitterli,0,5,3.6322682154995127,0.000207168436985,18.161341077497564,0.0806451612903225,3.6322682154995127,0.2929248560886703,1.0,0.0,1.0,0.0,0.0,1.0,0.0,1.0,0.0,0.0,-1.0
paws,6,5.937889674009857e-05,14.039690186137085,4,NN,NNS,paw,0,3,4.369233809665719,0.0003458701547095,13.107701428997157,0.0483870967741935,4.369233809665719,0.2114145391773735,,,,,,,,,,,
dame,6,5.937889674009857e-05,14.039690186137085,4,NN,NNP,dame,0,3,4.369233809665719,0.0002430621272862,13.107701428997157,0.0483870967741935,4.369233809665719,0.2114145391773735,1.0,0.0,1.0,0.0,0.0,0.0,1.0,0.0,0.0,1.0,1.0
bent,6,5.937889674009857e-05,14.039690186137085,4,JJ,JJ,bent,0,5,3.6322682154995127,0.0001475610682306,18.161341077497564,0.0806451612903225,3.6322682154995127,0.2929248560886703,,,,,,,,,,,
breezes,6,5.937889674009857e-05,14.039690186137085,7,VB,VBZ,breez,0,1,5.954196310386875,0.0002562083353341,5.954196310386875,0.0161290322580645,5.954196310386875,0.0960354243610786,,,,,,,,,,,
click,6,5.937889674009857e-05,14.039690186137085,5,JJ,JJ,click,0,1,5.954196310386875,0.0001865973271264,5.954196310386875,0.0161290322580645,5.954196310386875,0.0960354243610786,,,,,,,,,,,
clack,6,5.937889674009857e-05,14.039690186137085,5,NN,NN,clack,0,1,5.954196310386875,0.0001865973271264,5.954196310386875,0.0161290322580645,5.954196310386875,0.0960354243610786,,,,,,,,,,,
seems,6,5.937889674009857e-05,14.039690186137085,5,VB,VBZ,seem,0,6,3.3692338096657193,0.0001823196540875,20.215402857994317,0.0967741935483871,3.3692338096657193,0.3260548848063599,,,,,,,,,,,
stroke,6,5.937889674009857e-05,14.039690186137085,6,NN,NN,stroke,0,3,4.369233809665719,0.0001533289068438,13.107701428997157,0.0483870967741935,4.369233809665719,0.2114145391773735,0.0,0.0,0.0,1.0,0.0,1.0,0.0,1.0,0.0,0.0,-1.0
lift,6,5.937889674009857e-05,14.039690186137085,4,NN,NN,lift,0,6,3.3692338096657193,0.0002221857483488,20.215402857994317,0.0967741935483871,3.3692338096657193,0.3260548848063599,,,,,,,,,,,
soft,6,5.937889674009857e-05,14.039690186137085,4,JJ,JJ,soft,0,4,3.9541963103868754,0.0002517904279717,15.8167852415475,0.064516129032258,3.9541963103868754,0.2551094393797984,,,,,,,,,,,
faster,6,5.937889674009857e-05,14.039690186137085,6,NN,NN,faster,0,5,3.6322682154995127,0.0001578517506246,18.161341077497564,0.0806451612903225,3.6322682154995127,0.2929248560886703,,,,,,,,,,,
believed,6,5.937889674009857e-05,14.039690186137085,8,VB,VBD,believ,0,6,3.3692338096657193,0.0002795964526373,20.215402857994317,0.0967741935483871,3.3692338096657193,0.3260548848063599,,,,,,,,,,,
horsemen,6,5.937889674009857e-05,14.039690186137085,8,NN,NNS,horsemen,0,1,5.954196310386875,0.0001719524160449,5.954196310386875,0.0161290322580645,5.954196310386875,0.0960354243610786,,,,,,,,,,,
forwards,6,5.937889674009857e-05,14.039690186137085,8,NN,NNS,forward,0,6,3.3692338096657193,0.000174351173334,20.215402857994317,0.0967741935483871,3.3692338096657193,0.3260548848063599,,,,,,,,,,,
sorrowfully,6,5.937889674009857e-05,14.039690186137085,11,RB,RB,sorrow,0,6,3.3692338096657193,0.0001578104341394,20.215402857994317,0.0967741935483871,3.3692338096657193,0.3260548848063599,,,,,,,,,,,
terribly,6,5.937889674009857e-05,14.039690186137085,8,RB,RB,terribl,0,5,3.6322682154995127,0.0002768522099051,18.161341077497564,0.0806451612903225,3.6322682154995127,0.2929248560886703,,,,,,,,,,,
stove,6,5.937889674009857e-05,14.039690186137085,5,NN,NN,stove,0,4,3.9541963103868754,0.000538049633143,15.8167852415475,0.064516129032258,3.9541963103868754,0.2551094393797984,,,,,,,,,,,
storm,6,5.937889674009857e-05,14.039690186137085,5,NN,NN,storm,0,3,4.369233809665719,0.0001907888211469,13.107701428997157,0.0483870967741935,4.369233809665719,0.2114145391773735,1.0,0.0,0.0,0.0,0.0,1.0,0.0,0.0,0.0,0.0,-1.0
wealth,6,5.937889674009857e-05,14.039690186137085,6,NN,NN,wealth,0,5,3.6322682154995127,0.0001760901432848,18.161341077497564,0.0806451612903225,3.6322682154995127,0.2929248560886703,0.0,0.0,0.0,0.0,1.0,0.0,1.0,0.0,0.0,1.0,1.0
meaning,6,5.937889674009857e-05,14.039690186137085,7,VB,VBG,mean,0,6,3.3692338096657193,0.0002787389757067,20.215402857994317,0.0967741935483871,3.3692338096657193,0.3260548848063599,,,,,,,,,,,
drowned,6,5.937889674009857e-05,14.039690186137085,7,VB,VBN,drown,0,5,3.6322682154995127,0.000254990672186,18.161341077497564,0.0806451612903225,3.6322682154995127,0.2929248560886703,,,,,,,,,,,
otherwise,6,5.937889674009857e-05,14.039690186137085,9,RB,RB,otherwis,0,5,3.6322682154995127,0.0001864801321842,18.161341077497564,0.0806451612903225,3.6322682154995127,0.2929248560886703,,,,,,,,,,,
trade,6,5.937889674009857e-05,14.039690186137085,5,NN,NN,trade,0,4,3.9541963103868754,0.0002136390173636,15.8167852415475,0.064516129032258,3.9541963103868754,0.2551094393797984,,,,,,,,,,,
meanwhile,6,5.937889674009857e-05,14.039690186137085,9,RB,RB,meanwhil,0,5,3.6322682154995127,0.000203400834171,18.161341077497564,0.0806451612903225,3.6322682154995127,0.2929248560886703,,,,,,,,,,,
ripe,6,5.937889674009857e-05,14.039690186137085,4,JJ,JJ,ripe,0,5,3.6322682154995127,0.0001397352249745,18.161341077497564,0.0806451612903225,3.6322682154995127,0.2929248560886703,,,,,,,,,,,
daybreak,6,5.937889674009857e-05,14.039690186137085,8,NN,NN,daybreak,0,5,3.6322682154995127,0.0002661922880629,18.161341077497564,0.0806451612903225,3.6322682154995127,0.2929248560886703,,,,,,,,,,,
coal,6,5.937889674009857e-05,14.039690186137085,4,NN,NN,coal,0,2,4.954196310386875,0.0008716810293563,9.90839262077375,0.032258064516129,4.954196310386875,0.1598127842060282,,,,,,,,,,,
appear,6,5.937889674009857e-05,14.039690186137085,6,VB,VB,appear,0,6,3.3692338096657193,0.0001903844847783,20.215402857994317,0.0967741935483871,3.3692338096657193,0.3260548848063599,,,,,,,,,,,
mistress,6,5.937889674009857e-05,14.039690186137085,8,NN,NN,mistress,0,5,3.6322682154995127,0.0004779067802279,18.161341077497564,0.0806451612903225,3.6322682154995127,0.2929248560886703,1.0,0.0,1.0,0.0,0.0,1.0,0.0,0.0,0.0,0.0,-1.0
stromberg,6,5.937889674009857e-05,14.039690186137085,9,NN,NNP,stromberg,0,1,5.954196310386875,0.00023810435792,5.954196310386875,0.0161290322580645,5.954196310386875,0.0960354243610786,,,,,,,,,,,
knight,6,5.937889674009857e-05,14.039690186137085,6,NN,NN,knight,0,1,5.954196310386875,0.0001783939771413,5.954196310386875,0.0161290322580645,5.954196310386875,0.0960354243610786,,,,,,,,,,,
cooking,6,5.937889674009857e-05,14.039690186137085,7,NN,NN,cook,0,6,3.3692338096657193,0.0003554265436212,20.215402857994317,0.0967741935483871,3.3692338096657193,0.3260548848063599,,,,,,,,,,,
remain,6,5.937889674009857e-05,14.039690186137085,6,VB,VB,remain,0,4,3.9541963103868754,0.0002323362092363,15.8167852415475,0.064516129032258,3.9541963103868754,0.2551094393797984,,,,,,,,,,,
shame,6,5.937889674009857e-05,14.039690186137085,5,NN,NN,shame,0,5,3.6322682154995127,0.0002248773353003,18.161341077497564,0.0806451612903225,3.6322682154995127,0.2929248560886703,0.0,0.0,1.0,1.0,0.0,1.0,0.0,1.0,0.0,0.0,-1.0
grass,6,5.937889674009857e-05,14.039690186137085,5,NN,NN,grass,0,6,3.3692338096657193,0.0001759291619345,20.215402857994317,0.0967741935483871,3.3692338096657193,0.3260548848063599,,,,,,,,,,,
stargazer,6,5.937889674009857e-05,14.039690186137085,9,NN,NN,stargaz,0,1,5.954196310386875,0.0003385502621424,5.954196310386875,0.0161290322580645,5.954196310386875,0.0960354243610786,,,,,,,,,,,
lid,6,5.937889674009857e-05,14.039690186137085,3,NN,NN,lid,0,3,4.369233809665719,0.0001581935611149,13.107701428997157,0.0483870967741935,4.369233809665719,0.2114145391773735,,,,,,,,,,,
beloved,6,5.937889674009857e-05,14.039690186137085,7,JJ,JJ,belov,0,5,3.6322682154995127,0.0002039066641963,18.161341077497564,0.0806451612903225,3.6322682154995127,0.2929248560886703,,,,,,,,,,,
seventh,6,5.937889674009857e-05,14.039690186137085,7,JJ,JJ,seventh,0,3,4.369233809665719,0.0002517263054768,13.107701428997157,0.0483870967741935,4.369233809665719,0.2114145391773735,,,,,,,,,,,
sick,6,5.937889674009857e-05,14.039690186137085,4,JJ,JJ,sick,0,5,3.6322682154995127,0.0001912448991566,18.161341077497564,0.0806451612903225,3.6322682154995127,0.2929248560886703,0.0,0.0,1.0,0.0,0.0,1.0,0.0,1.0,0.0,0.0,-1.0
backwards,6,5.937889674009857e-05,14.039690186137085,9,NN,NNS,backward,0,6,3.3692338096657193,0.000174351173334,20.215402857994317,0.0967741935483871,3.3692338096657193,0.3260548848063599,0.0,0.0,1.0,0.0,0.0,1.0,0.0,0.0,0.0,0.0,-1.0
finding,6,5.937889674009857e-05,14.039690186137085,7,VB,VBG,find,0,6,3.3692338096657193,0.0002048958445951,20.215402857994317,0.0967741935483871,3.3692338096657193,0.3260548848063599,,,,,,,,,,,
farmer,6,5.937889674009857e-05,14.039690186137085,6,NN,NN,farmer,0,3,4.369233809665719,0.0005983357989564,13.107701428997157,0.0483870967741935,4.369233809665719,0.2114145391773735,,,,,,,,,,,
doors,6,5.937889674009857e-05,14.039690186137085,5,NN,NNS,door,0,6,3.3692338096657193,0.0002638826718795,20.215402857994317,0.0967741935483871,3.3692338096657193,0.3260548848063599,,,,,,,,,,,
properly,6,5.937889674009857e-05,14.039690186137085,8,RB,RB,properli,0,5,3.6322682154995127,0.0002270399075917,18.161341077497564,0.0806451612903225,3.6322682154995127,0.2929248560886703,,,,,,,,,,,
broth,6,5.937889674009857e-05,14.039690186137085,5,NN,NN,broth,0,5,3.6322682154995127,0.0005641380886275,18.161341077497564,0.0806451612903225,3.6322682154995127,0.2929248560886703,,,,,,,,,,,
pigsty,6,5.937889674009857e-05,14.039690186137085,6,NN,NN,pigsti,0,1,5.954196310386875,0.0002711588452548,5.954196310386875,0.0161290322580645,5.954196310386875,0.0960354243610786,,,,,,,,,,,
cloth,6,5.937889674009857e-05,14.039690186137085,5,NN,NN,cloth,0,4,3.9541963103868754,0.0002579318008146,15.8167852415475,0.064516129032258,3.9541963103868754,0.2551094393797984,,,,,,,,,,,
shade,6,5.937889674009857e-05,14.039690186137085,5,NN,NN,shade,0,3,4.369233809665719,0.000315733951834,13.107701428997157,0.0483870967741935,4.369233809665719,0.2114145391773735,,,,,,,,,,,
corn,6,5.937889674009857e-05,14.039690186137085,4,NN,NN,corn,0,2,4.954196310386875,0.0003569955309787,9.90839262077375,0.032258064516129,4.954196310386875,0.1598127842060282,,,,,,,,,,,
mighty,6,5.937889674009857e-05,14.039690186137085,6,JJ,JJ,mighti,0,4,3.9541963103868754,0.000145040182961,15.8167852415475,0.064516129032258,3.9541963103868754,0.2551094393797984,1.0,0.0,0.0,1.0,1.0,0.0,1.0,0.0,0.0,1.0,1.0
least,6,5.937889674009857e-05,14.039690186137085,5,JJ,JJS,least,0,5,3.6322682154995127,0.0001515206921231,18.161341077497564,0.0806451612903225,3.6322682154995127,0.2929248560886703,,,,,,,,,,,
sides,6,5.937889674009857e-05,14.039690186137085,5,NN,NNS,side,0,6,3.3692338096657193,0.0002320866323566,20.215402857994317,0.0967741935483871,3.3692338096657193,0.3260548848063599,,,,,,,,,,,
misfortune,6,5.937889674009857e-05,14.039690186137085,10,NN,NN,misfortun,0,4,3.9541963103868754,0.0002392196335251,15.8167852415475,0.064516129032258,3.9541963103868754,0.2551094393797984,0.0,0.0,0.0,1.0,0.0,1.0,0.0,1.0,0.0,0.0,-1.0
devour,6,5.937889674009857e-05,14.039690186137085,6,VB,VB,devour,0,5,3.6322682154995127,0.000287205235117,18.161341077497564,0.0806451612903225,3.6322682154995127,0.2929248560886703,,,,,,,,,,,
coffin,6,5.937889674009857e-05,14.039690186137085,6,NN,NN,coffin,0,2,4.954196310386875,0.0001635032895431,9.90839262077375,0.032258064516129,4.954196310386875,0.1598127842060282,0.0,0.0,0.0,1.0,0.0,1.0,0.0,1.0,0.0,0.0,-1.0
bacon,6,5.937889674009857e-05,14.039690186137085,5,NN,NN,bacon,0,1,5.954196310386875,0.0006359961878217,5.954196310386875,0.0161290322580645,5.954196310386875,0.0960354243610786,,,,,,,,,,,
searched,6,5.937889674009857e-05,14.039690186137085,8,VB,VBD,search,0,6,3.3692338096657193,0.0001967083494317,20.215402857994317,0.0967741935483871,3.3692338096657193,0.3260548848063599,,,,,,,,,,,
started,6,5.937889674009857e-05,14.039690186137085,7,VB,VBD,start,0,6,3.3692338096657193,0.0002257781702747,20.215402857994317,0.0967741935483871,3.3692338096657193,0.3260548848063599,,,,,,,,,,,
rocks,6,5.937889674009857e-05,14.039690186137085,5,NN,NNS,rock,0,3,4.369233809665719,0.0001768296617471,13.107701428997157,0.0483870967741935,4.369233809665719,0.2114145391773735,,,,,,,,,,,
meant,6,5.937889674009857e-05,14.039690186137085,5,VB,VBD,meant,0,5,3.6322682154995127,0.0002892399503461,18.161341077497564,0.0806451612903225,3.6322682154995127,0.2929248560886703,,,,,,,,,,,
hide,6,5.937889674009857e-05,14.039690186137085,4,VB,VB,hide,0,6,3.3692338096657193,0.0002028295342453,20.215402857994317,0.0967741935483871,3.3692338096657193,0.3260548848063599,,,,,,,,,,,
comrade,6,5.937889674009857e-05,14.039690186137085,7,NN,NN,comrad,0,4,3.9541963103868754,0.0001922031370891,15.8167852415475,0.064516129032258,3.9541963103868754,0.2551094393797984,0.0,0.0,0.0,0.0,0.0,0.0,1.0,0.0,0.0,1.0,1.0
elder,6,5.937889674009857e-05,14.039690186137085,5,NN,NN,elder,0,3,4.369233809665719,0.0001873889475126,13.107701428997157,0.0483870967741935,4.369233809665719,0.2114145391773735,0.0,0.0,0.0,0.0,0.0,0.0,1.0,0.0,0.0,1.0,1.0
awaken,5,4.9482413950082143e-05,14.30272459197088,6,VB,VB,awaken,0,3,4.369233809665719,0.000161485759619,13.107701428997157,0.0483870967741935,4.369233809665719,0.2114145391773735,,,,,,,,,,,
baker,5,4.9482413950082143e-05,14.30272459197088,5,NN,NN,baker,0,4,3.9541963103868754,0.0002300202808539,15.8167852415475,0.064516129032258,3.9541963103868754,0.2551094393797984,,,,,,,,,,,
greenwood,5,4.9482413950082143e-05,14.30272459197088,9,NN,NN,greenwood,0,2,4.954196310386875,0.0002665790203137,9.90839262077375,0.032258064516129,4.954196310386875,0.1598127842060282,,,,,,,,,,,
devoured,5,4.9482413950082143e-05,14.30272459197088,8,VB,VBD,devour,0,3,4.369233809665719,0.0002198341295109,13.107701428997157,0.0483870967741935,4.369233809665719,0.2114145391773735,,,,,,,,,,,
sore,5,4.9482413950082143e-05,14.30272459197088,4,NN,NN,sore,0,4,3.9541963103868754,0.0002712073133484,15.8167852415475,0.064516129032258,3.9541963103868754,0.2551094393797984,1.0,0.0,0.0,0.0,0.0,1.0,0.0,1.0,0.0,0.0,-1.0
jogged,5,4.9482413950082143e-05,14.30272459197088,6,VB,VBD,jog,0,4,3.9541963103868754,0.0001844818798982,15.8167852415475,0.064516129032258,3.9541963103868754,0.2551094393797984,,,,,,,,,,,
whence,5,4.9482413950082143e-05,14.30272459197088,6,NN,NN,whenc,0,3,4.369233809665719,0.0002446465122599,13.107701428997157,0.0483870967741935,4.369233809665719,0.2114145391773735,,,,,,,,,,,
stall,5,4.9482413950082143e-05,14.30272459197088,5,NN,NN,stall,0,3,4.369233809665719,0.0002482681064573,13.107701428997157,0.0483870967741935,4.369233809665719,0.2114145391773735,,,,,,,,,,,
driven,5,4.9482413950082143e-05,14.30272459197088,6,VB,VBN,driven,0,5,3.6322682154995127,0.0001318931180023,18.161341077497564,0.0806451612903225,3.6322682154995127,0.2929248560886703,,,,,,,,,,,
throne,5,4.9482413950082143e-05,14.30272459197088,6,NN,NN,throne,0,3,4.369233809665719,0.0001819055252688,13.107701428997157,0.0483870967741935,4.369233809665719,0.2114145391773735,0.0,0.0,0.0,0.0,0.0,0.0,1.0,0.0,0.0,1.0,1.0
cave,5,4.9482413950082143e-05,14.30272459197088,4,NN,NN,cave,0,4,3.9541963103868754,0.0002698093669634,15.8167852415475,0.064516129032258,3.9541963103868754,0.2551094393797984,,,,,,,,,,,
disappeared,5,4.9482413950082143e-05,14.30272459197088,11,VB,VBD,disappear,0,5,3.6322682154995127,0.0001452086155999,18.161341077497564,0.0806451612903225,3.6322682154995127,0.2929248560886703,,,,,,,,,,,
names,5,4.9482413950082143e-05,14.30272459197088,5,NN,NNS,name,0,2,4.954196310386875,0.0003595427253932,9.90839262077375,0.032258064516129,4.954196310386875,0.1598127842060282,,,,,,,,,,,
griffin,5,4.9482413950082143e-05,14.30272459197088,7,NN,NN,griffin,0,1,5.954196310386875,0.0002041569395431,5.954196310386875,0.0161290322580645,5.954196310386875,0.0960354243610786,,,,,,,,,,,
story,5,4.9482413950082143e-05,14.30272459197088,5,NN,NN,stori,0,5,3.6322682154995127,0.0001518100858661,18.161341077497564,0.0806451612903225,3.6322682154995127,0.2929248560886703,,,,,,,,,,,
quarters,5,4.9482413950082143e-05,14.30272459197088,8,NN,NNS,quarter,0,4,3.9541963103868754,0.0001876948576091,15.8167852415475,0.064516129032258,3.9541963103868754,0.2551094393797984,,,,,,,,,,,
load,5,4.9482413950082143e-05,14.30272459197088,4,NN,NN,load,0,4,3.9541963103868754,0.0002052447048585,15.8167852415475,0.064516129032258,3.9541963103868754,0.2551094393797984,,,,,,,,,,,
oxen,5,4.9482413950082143e-05,14.30272459197088,4,NN,NN,oxen,0,3,4.369233809665719,0.0003797012482342,13.107701428997157,0.0483870967741935,4.369233809665719,0.2114145391773735,,,,,,,,,,,
unicorn,5,4.9482413950082143e-05,14.30272459197088,7,JJ,JJ,unicorn,0,1,5.954196310386875,0.0001432936800374,5.954196310386875,0.0161290322580645,5.954196310386875,0.0960354243610786,,,,,,,,,,,
stirred,5,4.9482413950082143e-05,14.30272459197088,7,VB,VBD,stir,0,5,3.6322682154995127,0.0003237433436135,18.161341077497564,0.0806451612903225,3.6322682154995127,0.2929248560886703,,,,,,,,,,,
heartily,5,4.9482413950082143e-05,14.30272459197088,8,RB,RB,heartili,0,5,3.6322682154995127,0.0003102609838017,18.161341077497564,0.0806451612903225,3.6322682154995127,0.2929248560886703,0.0,0.0,0.0,0.0,1.0,0.0,1.0,0.0,0.0,0.0,1.0
living,5,4.9482413950082143e-05,14.30272459197088,6,NN,NN,live,0,5,3.6322682154995127,0.0002241405203031,18.161341077497564,0.0806451612903225,3.6322682154995127,0.2929248560886703,,,,,,,,,,,
likely,5,4.9482413950082143e-05,14.30272459197088,6,JJ,JJ,like,0,5,3.6322682154995127,0.0001537528304957,18.161341077497564,0.0806451612903225,3.6322682154995127,0.2929248560886703,,,,,,,,,,,
contrive,5,4.9482413950082143e-05,14.30272459197088,8,VB,VB,contriv,0,4,3.9541963103868754,0.0002185949470316,15.8167852415475,0.064516129032258,3.9541963103868754,0.2551094393797984,,,,,,,,,,,
companion,5,4.9482413950082143e-05,14.30272459197088,9,NN,NN,companion,0,4,3.9541963103868754,0.000189407919367,15.8167852415475,0.064516129032258,3.9541963103868754,0.2551094393797984,0.0,0.0,0.0,0.0,1.0,0.0,1.0,0.0,0.0,1.0,1.0
wiser,5,4.9482413950082143e-05,14.30272459197088,5,JJ,JJR,wiser,0,4,3.9541963103868754,0.0002644986428613,15.8167852415475,0.064516129032258,3.9541963103868754,0.2551094393797984,,,,,,,,,,,
rough,5,4.9482413950082143e-05,14.30272459197088,5,JJ,JJ,rough,0,3,4.369233809665719,0.000250422080039,13.107701428997157,0.0483870967741935,4.369233809665719,0.2114145391773735,,,,,,,,,,,
wishing,5,4.9482413950082143e-05,14.30272459197088,7,NN,NN,wish,0,3,4.369233809665719,0.0002507729484577,13.107701428997157,0.0483870967741935,4.369233809665719,0.2114145391773735,,,,,,,,,,,
fill,5,4.9482413950082143e-05,14.30272459197088,4,NN,NN,fill,0,4,3.9541963103868754,0.0002733399597053,15.8167852415475,0.064516129032258,3.9541963103868754,0.2551094393797984,,,,,,,,,,,
deer,5,4.9482413950082143e-05,14.30272459197088,4,NN,NN,deer,0,4,3.9541963103868754,0.0002374597996775,15.8167852415475,0.064516129032258,3.9541963103868754,0.2551094393797984,,,,,,,,,,,
stick,5,4.9482413950082143e-05,14.30272459197088,5,NN,NN,stick,0,2,4.954196310386875,0.0001860310309952,9.90839262077375,0.032258064516129,4.954196310386875,0.1598127842060282,,,,,,,,,,,
cast,5,4.9482413950082143e-05,14.30272459197088,4,VB,VBN,cast,0,5,3.6322682154995127,0.0002081463294311,18.161341077497564,0.0806451612903225,3.6322682154995127,0.2929248560886703,,,,,,,,,,,
favour,5,4.9482413950082143e-05,14.30272459197088,6,NN,NN,favour,0,5,3.6322682154995127,0.0002086313219886,18.161341077497564,0.0806451612903225,3.6322682154995127,0.2929248560886703,,,,,,,,,,,
thumb,5,4.9482413950082143e-05,14.30272459197088,5,NN,NNP,thumb,0,1,5.954196310386875,0.0001889717126349,5.954196310386875,0.0161290322580645,5.954196310386875,0.0960354243610786,,,,,,,,,,,
aloud,5,4.9482413950082143e-05,14.30272459197088,5,NN,NN,aloud,0,5,3.6322682154995127,0.0001623873478205,18.161341077497564,0.0806451612903225,3.6322682154995127,0.2929248560886703,,,,,,,,,,,
sky,5,4.9482413950082143e-05,14.30272459197088,3,NN,NN,sky,0,4,3.9541963103868754,0.0001474150256591,15.8167852415475,0.064516129032258,3.9541963103868754,0.2551094393797984,,,,,,,,,,,
troop,5,4.9482413950082143e-05,14.30272459197088,5,NN,NN,troop,0,4,3.9541963103868754,0.0001285449976105,15.8167852415475,0.064516129032258,3.9541963103868754,0.2551094393797984,,,,,,,,,,,
vexed,5,4.9482413950082143e-05,14.30272459197088,5,JJ,JJ,vex,0,4,3.9541963103868754,0.0001540540213997,15.8167852415475,0.064516129032258,3.9541963103868754,0.2551094393797984,,,,,,,,,,,
presents,5,4.9482413950082143e-05,14.30272459197088,8,NN,NNS,present,0,1,5.954196310386875,0.0005299968231847,5.954196310386875,0.0161290322580645,5.954196310386875,0.0960354243610786,,,,,,,,,,,
bless,5,4.9482413950082143e-05,14.30272459197088,5,NN,NNP,bless,0,5,3.6322682154995127,0.0001771167692094,18.161341077497564,0.0806451612903225,3.6322682154995127,0.2929248560886703,0.0,1.0,0.0,0.0,1.0,0.0,1.0,0.0,0.0,1.0,1.0
m,5,4.9482413950082143e-05,14.30272459197088,1,JJ,JJ,m,1,3,4.369233809665719,0.000300260333594,13.107701428997157,0.0483870967741935,4.369233809665719,0.2114145391773735,,,,,,,,,,,
wares,5,4.9482413950082143e-05,14.30272459197088,5,NN,NNS,ware,0,2,4.954196310386875,0.0001879130960243,9.90839262077375,0.032258064516129,4.954196310386875,0.1598127842060282,,,,,,,,,,,
battle,5,4.9482413950082143e-05,14.30272459197088,6,NN,NN,battl,0,3,4.369233809665719,0.0003028261225523,13.107701428997157,0.0483870967741935,4.369233809665719,0.2114145391773735,1.0,0.0,0.0,0.0,0.0,1.0,0.0,0.0,0.0,0.0,-1.0
craft,5,4.9482413950082143e-05,14.30272459197088,5,NN,NN,craft,0,1,5.954196310386875,0.000282125218452,5.954196310386875,0.0161290322580645,5.954196310386875,0.0960354243610786,,,,,,,,,,,
missing,5,4.9482413950082143e-05,14.30272459197088,7,VB,VBG,miss,0,5,3.6322682154995127,0.0002184808021177,18.161341077497564,0.0806451612903225,3.6322682154995127,0.2929248560886703,0.0,0.0,0.0,1.0,0.0,1.0,0.0,1.0,0.0,0.0,-1.0
splendid,5,4.9482413950082143e-05,14.30272459197088,8,JJ,JJ,splendid,0,3,4.369233809665719,0.0001401547456845,13.107701428997157,0.0483870967741935,4.369233809665719,0.2114145391773735,0.0,0.0,0.0,0.0,1.0,0.0,1.0,0.0,1.0,0.0,1.0
smaller,5,4.9482413950082143e-05,14.30272459197088,7,JJ,JJR,smaller,0,4,3.9541963103868754,0.0001282292918693,15.8167852415475,0.064516129032258,3.9541963103868754,0.2551094393797984,,,,,,,,,,,
choked,5,4.9482413950082143e-05,14.30272459197088,6,VB,VBN,choke,0,2,4.954196310386875,0.0002035937676611,9.90839262077375,0.032258064516129,4.954196310386875,0.1598127842060282,,,,,,,,,,,
present,5,4.9482413950082143e-05,14.30272459197088,7,JJ,JJ,present,0,4,3.9541963103868754,0.0002126900699951,15.8167852415475,0.064516129032258,3.9541963103868754,0.2551094393797984,0.0,1.0,0.0,0.0,1.0,0.0,1.0,0.0,1.0,1.0,1.0
gently,5,4.9482413950082143e-05,14.30272459197088,6,RB,RB,gentli,0,4,3.9541963103868754,0.000159619027093,15.8167852415475,0.064516129032258,3.9541963103868754,0.2551094393797984,,,,,,,,,,,
miles,5,4.9482413950082143e-05,14.30272459197088,5,NN,NNS,mile,0,5,3.6322682154995127,0.0001249933337759,18.161341077497564,0.0806451612903225,3.6322682154995127,0.2929248560886703,,,,,,,,,,,
broad,5,4.9482413950082143e-05,14.30272459197088,5,JJ,JJ,broad,0,4,3.9541963103868754,0.0001307258359387,15.8167852415475,0.064516129032258,3.9541963103868754,0.2551094393797984,,,,,,,,,,,
chicken,5,4.9482413950082143e-05,14.30272459197088,7,NN,NN,chicken,0,3,4.369233809665719,0.0002928231847604,13.107701428997157,0.0483870967741935,4.369233809665719,0.2114145391773735,,,,,,,,,,,
share,5,4.9482413950082143e-05,14.30272459197088,5,NN,NN,share,0,5,3.6322682154995127,0.0001448229953091,18.161341077497564,0.0806451612903225,3.6322682154995127,0.2929248560886703,0.0,1.0,0.0,0.0,1.0,0.0,1.0,0.0,0.0,1.0,1.0
drinking,5,4.9482413950082143e-05,14.30272459197088,8,VB,VBG,drink,0,5,3.6322682154995127,0.0001638807334377,18.161341077497564,0.0806451612903225,3.6322682154995127,0.2929248560886703,,,,,,,,,,,
serve,5,4.9482413950082143e-05,14.30272459197088,5,VB,VB,serv,0,4,3.9541963103868754,0.0003174919164775,15.8167852415475,0.064516129032258,3.9541963103868754,0.2551094393797984,0.0,0.0,0.0,0.0,0.0,1.0,0.0,0.0,0.0,1.0,-1.0
nay,5,4.9482413950082143e-05,14.30272459197088,3,NN,NNP,nay,0,3,4.369233809665719,0.0001275316278379,13.107701428997157,0.0483870967741935,4.369233809665719,0.2114145391773735,,,,,,,,,,,
choose,5,4.9482413950082143e-05,14.30272459197088,6,VB,VB,choos,0,5,3.6322682154995127,0.0002007268651355,18.161341077497564,0.0806451612903225,3.6322682154995127,0.2929248560886703,,,,,,,,,,,
rue,5,4.9482413950082143e-05,14.30272459197088,3,VB,VB,rue,0,1,5.954196310386875,0.0002135069461117,5.954196310386875,0.0161290322580645,5.954196310386875,0.0960354243610786,0.0,0.0,0.0,0.0,0.0,1.0,0.0,1.0,0.0,0.0,-1.0
lodging,5,4.9482413950082143e-05,14.30272459197088,7,NN,NN,lodg,0,4,3.9541963103868754,0.0002260747256374,15.8167852415475,0.064516129032258,3.9541963103868754,0.2551094393797984,,,,,,,,,,,
calling,5,4.9482413950082143e-05,14.30272459197088,7,VB,VBG,call,0,5,3.6322682154995127,0.00015273961478,18.161341077497564,0.0806451612903225,3.6322682154995127,0.2929248560886703,,,,,,,,,,,
unwilling,5,4.9482413950082143e-05,14.30272459197088,9,JJ,JJ,unwil,0,5,3.6322682154995127,0.0001650682987945,18.161341077497564,0.0806451612903225,3.6322682154995127,0.2929248560886703,,,,,,,,,,,
turtledoves,5,4.9482413950082143e-05,14.30272459197088,11,NN,NNS,turtledov,0,2,4.954196310386875,0.0001936717347516,9.90839262077375,0.032258064516129,4.954196310386875,0.1598127842060282,,,,,,,,,,,
kindness,5,4.9482413950082143e-05,14.30272459197088,8,NN,NN,kind,0,4,3.9541963103868754,0.0001528963369938,15.8167852415475,0.064516129032258,3.9541963103868754,0.2551094393797984,,,,,,,,,,,
spare,5,4.9482413950082143e-05,14.30272459197088,5,VB,VB,spare,0,4,3.9541963103868754,0.0001522061246497,15.8167852415475,0.064516129032258,3.9541963103868754,0.2551094393797984,,,,,,,,,,,
bind,5,4.9482413950082143e-05,14.30272459197088,4,IN,IN,bind,0,4,3.9541963103868754,0.0001895259500463,15.8167852415475,0.064516129032258,3.9541963103868754,0.2551094393797984,,,,,,,,,,,
scratched,5,4.9482413950082143e-05,14.30272459197088,9,VB,VBD,scratch,0,4,3.9541963103868754,0.000267803034574,15.8167852415475,0.064516129032258,3.9541963103868754,0.2551094393797984,,,,,,,,,,,
rang,5,4.9482413950082143e-05,14.30272459197088,4,VB,NN,rang,0,5,3.6322682154995127,0.0001215249616298,18.161341077497564,0.0806451612903225,3.6322682154995127,0.2929248560886703,,,,,,,,,,,
travel,5,4.9482413950082143e-05,14.30272459197088,6,VB,VB,travel,0,5,3.6322682154995127,0.0002424907594025,18.161341077497564,0.0806451612903225,3.6322682154995127,0.2929248560886703,,,,,,,,,,,
thine,5,4.9482413950082143e-05,14.30272459197088,5,JJ,JJ,thine,0,3,4.369233809665719,0.0002559912950931,13.107701428997157,0.0483870967741935,4.369233809665719,0.2114145391773735,,,,,,,,,,,
closet,5,4.9482413950082143e-05,14.30272459197088,6,NN,NN,closet,0,2,4.954196310386875,0.0001898556278367,9.90839262077375,0.032258064516129,4.954196310386875,0.1598127842060282,,,,,,,,,,,
letting,5,4.9482413950082143e-05,14.30272459197088,7,VB,VBG,let,0,5,3.6322682154995127,0.0001705126079418,18.161341077497564,0.0806451612903225,3.6322682154995127,0.2929248560886703,,,,,,,,,,,
thirst,5,4.9482413950082143e-05,14.30272459197088,6,NN,NN,thirst,0,4,3.9541963103868754,0.0002099807931434,15.8167852415475,0.064516129032258,3.9541963103868754,0.2551094393797984,0.0,1.0,0.0,0.0,0.0,0.0,0.0,1.0,1.0,0.0,0.0
awakened,5,4.9482413950082143e-05,14.30272459197088,8,VB,VBN,awaken,0,5,3.6322682154995127,0.0001462398904493,18.161341077497564,0.0806451612903225,3.6322682154995127,0.2929248560886703,,,,,,,,,,,
spent,5,4.9482413950082143e-05,14.30272459197088,5,VB,VBD,spent,0,5,3.6322682154995127,0.0001742499397883,18.161341077497564,0.0806451612903225,3.6322682154995127,0.2929248560886703,,,,,,,,,,,
giving,5,4.9482413950082143e-05,14.30272459197088,6,VB,VBG,give,0,5,3.6322682154995127,0.0001150896918574,18.161341077497564,0.0806451612903225,3.6322682154995127,0.2929248560886703,,,,,,,,,,,
gets,5,4.9482413950082143e-05,14.30272459197088,4,VB,VBZ,get,0,4,3.9541963103868754,0.0002176961569704,15.8167852415475,0.064516129032258,3.9541963103868754,0.2551094393797984,,,,,,,,,,,
alighted,5,4.9482413950082143e-05,14.30272459197088,8,VB,VBD,alight,0,4,3.9541963103868754,0.0001498222578083,15.8167852415475,0.064516129032258,3.9541963103868754,0.2551094393797984,,,,,,,,,,,
nine,5,4.9482413950082143e-05,14.30272459197088,4,CD,CD,nine,0,3,4.369233809665719,0.0005673529155596,13.107701428997157,0.0483870967741935,4.369233809665719,0.2114145391773735,,,,,,,,,,,
buried,5,4.9482413950082143e-05,14.30272459197088,6,VB,VBN,buri,0,5,3.6322682154995127,0.0001300908053973,18.161341077497564,0.0806451612903225,3.6322682154995127,0.2929248560886703,0.0,0.0,0.0,1.0,0.0,1.0,0.0,1.0,0.0,0.0,-1.0
means,5,4.9482413950082143e-05,14.30272459197088,5,NN,NNS,mean,0,5,3.6322682154995127,0.0002146052763014,18.161341077497564,0.0806451612903225,3.6322682154995127,0.2929248560886703,,,,,,,,,,,
danger,5,4.9482413950082143e-05,14.30272459197088,6,NN,NN,danger,0,5,3.6322682154995127,0.0001413938931362,18.161341077497564,0.0806451612903225,3.6322682154995127,0.2929248560886703,0.0,0.0,0.0,1.0,0.0,1.0,0.0,1.0,0.0,0.0,-1.0
edge,5,4.9482413950082143e-05,14.30272459197088,4,NN,NN,edg,0,4,3.9541963103868754,0.0001969069216376,15.8167852415475,0.064516129032258,3.9541963103868754,0.2551094393797984,,,,,,,,,,,
cows,5,4.9482413950082143e-05,14.30272459197088,4,NN,NNS,cow,0,3,4.369233809665719,0.0002062254455136,13.107701428997157,0.0483870967741935,4.369233809665719,0.2114145391773735,,,,,,,,,,,
threelegged,5,4.9482413950082143e-05,14.30272459197088,11,JJ,JJ,threeleg,0,2,4.954196310386875,0.0001903813622591,9.90839262077375,0.032258064516129,4.954196310386875,0.1598127842060282,,,,,,,,,,,
sleeve,5,4.9482413950082143e-05,14.30272459197088,6,NN,NN,sleev,0,3,4.369233809665719,0.0003545769768725,13.107701428997157,0.0483870967741935,4.369233809665719,0.2114145391773735,,,,,,,,,,,
weary,5,4.9482413950082143e-05,14.30272459197088,5,JJ,JJ,weari,0,4,3.9541963103868754,0.0001495690327095,15.8167852415475,0.064516129032258,3.9541963103868754,0.2551094393797984,0.0,0.0,0.0,0.0,0.0,1.0,0.0,1.0,0.0,0.0,-1.0
token,5,4.9482413950082143e-05,14.30272459197088,5,NN,NN,token,0,2,4.954196310386875,0.0003525214096807,9.90839262077375,0.032258064516129,4.954196310386875,0.1598127842060282,,,,,,,,,,,
cause,5,4.9482413950082143e-05,14.30272459197088,5,NN,NN,caus,0,4,3.9541963103868754,0.0002014780400007,15.8167852415475,0.064516129032258,3.9541963103868754,0.2551094393797984,,,,,,,,,,,
dig,5,4.9482413950082143e-05,14.30272459197088,3,VB,NN,dig,0,5,3.6322682154995127,0.0001559296991756,18.161341077497564,0.0806451612903225,3.6322682154995127,0.2929248560886703,,,,,,,,,,,
warmed,5,4.9482413950082143e-05,14.30272459197088,6,VB,VBD,warm,0,2,4.954196310386875,0.0001168614066438,9.90839262077375,0.032258064516129,4.954196310386875,0.1598127842060282,,,,,,,,,,,
secret,5,4.9482413950082143e-05,14.30272459197088,6,JJ,JJ,secret,0,4,3.9541963103868754,0.0002136891091697,15.8167852415475,0.064516129032258,3.9541963103868754,0.2551094393797984,,,,,,,,,,,
hark,5,4.9482413950082143e-05,14.30272459197088,4,NN,NNP,hark,0,5,3.6322682154995127,0.0001774315492633,18.161341077497564,0.0806451612903225,3.6322682154995127,0.2929248560886703,,,,,,,,,,,
bench,5,4.9482413950082143e-05,14.30272459197088,5,NN,NN,bench,0,3,4.369233809665719,0.0004762576221558,13.107701428997157,0.0483870967741935,4.369233809665719,0.2114145391773735,,,,,,,,,,,
stupid,5,4.9482413950082143e-05,14.30272459197088,6,JJ,JJ,stupid,0,4,3.9541963103868754,0.0001666188139711,15.8167852415475,0.064516129032258,3.9541963103868754,0.2551094393797984,,,,,,,,,,,
miserable,5,4.9482413950082143e-05,14.30272459197088,9,JJ,JJ,miser,0,4,3.9541963103868754,0.0001794469254209,15.8167852415475,0.064516129032258,3.9541963103868754,0.2551094393797984,1.0,0.0,1.0,0.0,0.0,1.0,0.0,1.0,0.0,0.0,-1.0
passion,5,4.9482413950082143e-05,14.30272459197088,7,NN,NN,passion,0,4,3.9541963103868754,0.000184021115144,15.8167852415475,0.064516129032258,3.9541963103868754,0.2551094393797984,0.0,1.0,0.0,0.0,1.0,0.0,1.0,0.0,0.0,1.0,1.0
stooped,5,4.9482413950082143e-05,14.30272459197088,7,VB,VBD,stoop,0,5,3.6322682154995127,0.0001589203711116,18.161341077497564,0.0806451612903225,3.6322682154995127,0.2929248560886703,,,,,,,,,,,
treasure,5,4.9482413950082143e-05,14.30272459197088,8,NN,NN,treasur,0,5,3.6322682154995127,0.0002057722941265,18.161341077497564,0.0806451612903225,3.6322682154995127,0.2929248560886703,0.0,1.0,0.0,0.0,1.0,0.0,1.0,0.0,0.0,1.0,1.0
fright,5,4.9482413950082143e-05,14.30272459197088,6,NN,NN,fright,0,4,3.9541963103868754,0.0002895017888187,15.8167852415475,0.064516129032258,3.9541963103868754,0.2551094393797984,0.0,0.0,0.0,1.0,0.0,1.0,0.0,0.0,1.0,0.0,-1.0
er,5,4.9482413950082143e-05,14.30272459197088,2,NN,NN,er,0,2,4.954196310386875,0.0001737939323265,9.90839262077375,0.032258064516129,4.954196310386875,0.1598127842060282,,,,,,,,,,,
trough,5,4.9482413950082143e-05,14.30272459197088,6,NN,NN,trough,0,2,4.954196310386875,0.0004393803711142,9.90839262077375,0.032258064516129,4.954196310386875,0.1598127842060282,,,,,,,,,,,
parted,5,4.9482413950082143e-05,14.30272459197088,6,VB,VBN,part,0,5,3.6322682154995127,0.0002174663777111,18.161341077497564,0.0806451612903225,3.6322682154995127,0.2929248560886703,,,,,,,,,,,
handful,5,4.9482413950082143e-05,14.30272459197088,7,NN,NN,hand,0,4,3.9541963103868754,0.0002328326470892,15.8167852415475,0.064516129032258,3.9541963103868754,0.2551094393797984,,,,,,,,,,,
basket,5,4.9482413950082143e-05,14.30272459197088,6,NN,NN,basket,0,4,3.9541963103868754,0.0001748941648587,15.8167852415475,0.064516129032258,3.9541963103868754,0.2551094393797984,,,,,,,,,,,
rejoicing,5,4.9482413950082143e-05,14.30272459197088,9,NN,NN,rejoic,0,5,3.6322682154995127,0.0002890790407028,18.161341077497564,0.0806451612903225,3.6322682154995127,0.2929248560886703,0.0,1.0,0.0,0.0,1.0,0.0,1.0,0.0,1.0,0.0,1.0
younger,5,4.9482413950082143e-05,14.30272459197088,7,JJ,JJR,younger,0,3,4.369233809665719,0.0001171842696224,13.107701428997157,0.0483870967741935,4.369233809665719,0.2114145391773735,,,,,,,,,,,
scissors,5,4.9482413950082143e-05,14.30272459197088,8,NN,NNS,scissor,0,4,3.9541963103868754,0.0001792897977547,15.8167852415475,0.064516129032258,3.9541963103868754,0.2551094393797984,,,,,,,,,,,
perform,5,4.9482413950082143e-05,14.30272459197088,7,VB,VB,perform,0,3,4.369233809665719,0.0001739169509861,13.107701428997157,0.0483870967741935,4.369233809665719,0.2114145391773735,,,,,,,,,,,
finest,5,4.9482413950082143e-05,14.30272459197088,6,JJ,JJS,finest,0,3,4.369233809665719,0.000156749929661,13.107701428997157,0.0483870967741935,4.369233809665719,0.2114145391773735,,,,,,,,,,,
hope,5,4.9482413950082143e-05,14.30272459197088,4,NN,NN,hope,0,5,3.6322682154995127,0.0001293136533384,18.161341077497564,0.0806451612903225,3.6322682154995127,0.2929248560886703,0.0,1.0,0.0,0.0,1.0,0.0,1.0,0.0,1.0,1.0,1.0
trembled,5,4.9482413950082143e-05,14.30272459197088,8,VB,VBD,trembl,0,5,3.6322682154995127,0.0004168352832865,18.161341077497564,0.0806451612903225,3.6322682154995127,0.2929248560886703,,,,,,,,,,,
idea,5,4.9482413950082143e-05,14.30272459197088,4,NN,NN,idea,0,4,3.9541963103868754,0.0002960918545688,15.8167852415475,0.064516129032258,3.9541963103868754,0.2551094393797984,,,,,,,,,,,
hedge,5,4.9482413950082143e-05,14.30272459197088,5,NN,NN,hedg,0,4,3.9541963103868754,0.000220858618497,15.8167852415475,0.064516129032258,3.9541963103868754,0.2551094393797984,,,,,,,,,,,
plates,5,4.9482413950082143e-05,14.30272459197088,6,NN,NNS,plate,0,3,4.369233809665719,0.0002423298906629,13.107701428997157,0.0483870967741935,4.369233809665719,0.2114145391773735,,,,,,,,,,,
fate,5,4.9482413950082143e-05,14.30272459197088,4,NN,NN,fate,0,5,3.6322682154995127,0.0002830251284585,18.161341077497564,0.0806451612903225,3.6322682154995127,0.2929248560886703,0.0,1.0,0.0,0.0,0.0,1.0,0.0,0.0,0.0,0.0,-1.0
hall,5,4.9482413950082143e-05,14.30272459197088,4,NN,NN,hall,0,4,3.9541963103868754,0.0001843237239473,15.8167852415475,0.064516129032258,3.9541963103868754,0.2551094393797984,,,,,,,,,,,
chance,5,4.9482413950082143e-05,14.30272459197088,6,NN,NN,chanc,0,5,3.6322682154995127,0.0002626460723454,18.161341077497564,0.0806451612903225,3.6322682154995127,0.2929248560886703,,,,,,,,,,,
spirits,5,4.9482413950082143e-05,14.30272459197088,7,NN,NNS,spirit,0,3,4.369233809665719,0.000161270381186,13.107701428997157,0.0483870967741935,4.369233809665719,0.2114145391773735,0.0,1.0,0.0,0.0,1.0,0.0,1.0,0.0,1.0,0.0,1.0
lions,5,4.9482413950082143e-05,14.30272459197088,5,NN,NNS,lion,0,2,4.954196310386875,0.0001582331817848,9.90839262077375,0.032258064516129,4.954196310386875,0.1598127842060282,,,,,,,,,,,
stepped,5,4.9482413950082143e-05,14.30272459197088,7,VB,VBD,step,0,5,3.6322682154995127,0.0001885487251263,18.161341077497564,0.0806451612903225,3.6322682154995127,0.2929248560886703,,,,,,,,,,,
heat,5,4.9482413950082143e-05,14.30272459197088,4,NN,NN,heat,0,5,3.6322682154995127,0.0001774209568665,18.161341077497564,0.0806451612903225,3.6322682154995127,0.2929248560886703,,,,,,,,,,,
glasses,5,4.9482413950082143e-05,14.30272459197088,7,NN,NNS,glass,0,4,3.9541963103868754,0.0002433235065583,15.8167852415475,0.064516129032258,3.9541963103868754,0.2551094393797984,,,,,,,,,,,
kate,5,4.9482413950082143e-05,14.30272459197088,4,NN,NNP,kate,0,1,5.954196310386875,0.0002504836316147,5.954196310386875,0.0161290322580645,5.954196310386875,0.0960354243610786,,,,,,,,,,,
less,5,4.9482413950082143e-05,14.30272459197088,4,JJ,JJR,less,0,5,3.6322682154995127,0.0001162565877795,18.161341077497564,0.0806451612903225,3.6322682154995127,0.2929248560886703,,,,,,,,,,,
sprinkled,5,4.9482413950082143e-05,14.30272459197088,9,VB,VBD,sprinkl,0,4,3.9541963103868754,0.0001817520466705,15.8167852415475,0.064516129032258,3.9541963103868754,0.2551094393797984,,,,,,,,,,,
trunk,5,4.9482413950082143e-05,14.30272459197088,5,NN,NN,trunk,0,3,4.369233809665719,0.0001741656885635,13.107701428997157,0.0483870967741935,4.369233809665719,0.2114145391773735,,,,,,,,,,,
spinningwheels,5,4.9482413950082143e-05,14.30272459197088,14,NN,NNS,spinningwheel,0,1,5.954196310386875,0.0004483446515456,5.954196310386875,0.0161290322580645,5.954196310386875,0.0960354243610786,,,,,,,,,,,
ago,5,4.9482413950082143e-05,14.30272459197088,3,RB,RB,ago,0,4,3.9541963103868754,0.0001247543594721,15.8167852415475,0.064516129032258,3.9541963103868754,0.2551094393797984,,,,,,,,,,,
honey,5,4.9482413950082143e-05,14.30272459197088,5,NN,NN,honey,0,1,5.954196310386875,0.0005596469951111,5.954196310386875,0.0161290322580645,5.954196310386875,0.0960354243610786,,,,,,,,,,,
wise,5,4.9482413950082143e-05,14.30272459197088,4,NN,NN,wise,0,4,3.9541963103868754,0.0001804724554342,15.8167852415475,0.064516129032258,3.9541963103868754,0.2551094393797984,,,,,,,,,,,
jumping,5,4.9482413950082143e-05,14.30272459197088,7,VB,VBG,jump,0,2,4.954196310386875,0.0001834993408889,9.90839262077375,0.032258064516129,4.954196310386875,0.1598127842060282,,,,,,,,,,,
windows,5,4.9482413950082143e-05,14.30272459197088,7,NN,NNS,window,0,5,3.6322682154995127,0.0001316748358367,18.161341077497564,0.0806451612903225,3.6322682154995127,0.2929248560886703,,,,,,,,,,,
salt,5,4.9482413950082143e-05,14.30272459197088,4,NN,NN,salt,0,4,3.9541963103868754,0.0002143656824288,15.8167852415475,0.064516129032258,3.9541963103868754,0.2551094393797984,,,,,,,,,,,
yard,5,4.9482413950082143e-05,14.30272459197088,4,NN,NN,yard,0,3,4.369233809665719,0.000221214932212,13.107701428997157,0.0483870967741935,4.369233809665719,0.2114145391773735,,,,,,,,,,,
setting,5,4.9482413950082143e-05,14.30272459197088,7,VB,VBG,set,0,4,3.9541963103868754,0.000203404806051,15.8167852415475,0.064516129032258,3.9541963103868754,0.2551094393797984,,,,,,,,,,,
fifty,5,4.9482413950082143e-05,14.30272459197088,5,JJ,JJ,fifti,0,1,5.954196310386875,0.0001262627193808,5.954196310386875,0.0161290322580645,5.954196310386875,0.0960354243610786,,,,,,,,,,,
bury,5,4.9482413950082143e-05,14.30272459197088,4,VB,VB,buri,0,4,3.9541963103868754,0.0001413244781423,15.8167852415475,0.064516129032258,3.9541963103868754,0.2551094393797984,,,,,,,,,,,
tear,5,4.9482413950082143e-05,14.30272459197088,4,VB,VB,tear,0,5,3.6322682154995127,0.0001365774023677,18.161341077497564,0.0806451612903225,3.6322682154995127,0.2929248560886703,,,,,,,,,,,
sparkled,5,4.9482413950082143e-05,14.30272459197088,8,VB,VBD,sparkl,0,4,3.9541963103868754,0.0001523908481351,15.8167852415475,0.064516129032258,3.9541963103868754,0.2551094393797984,,,,,,,,,,,
silvery,5,4.9482413950082143e-05,14.30272459197088,7,NN,NN,silveri,0,2,4.954196310386875,0.0001814079483256,9.90839262077375,0.032258064516129,4.954196310386875,0.1598127842060282,,,,,,,,,,,
antechamber,5,4.9482413950082143e-05,14.30272459197088,11,JJ,JJ,antechamb,0,1,5.954196310386875,0.0004483446515456,5.954196310386875,0.0161290322580645,5.954196310386875,0.0960354243610786,,,,,,,,,,,
darling,5,4.9482413950082143e-05,14.30272459197088,7,NN,NN,darl,0,2,4.954196310386875,0.0002869118138898,9.90839262077375,0.032258064516129,4.954196310386875,0.1598127842060282,0.0,0.0,0.0,0.0,1.0,0.0,1.0,0.0,0.0,1.0,1.0
escaped,5,4.9482413950082143e-05,14.30272459197088,7,VB,VBD,escap,0,3,4.369233809665719,0.0004911647801974,13.107701428997157,0.0483870967741935,4.369233809665719,0.2114145391773735,,,,,,,,,,,
anger,5,4.9482413950082143e-05,14.30272459197088,5,NN,NN,anger,0,4,3.9541963103868754,0.0002047256255425,15.8167852415475,0.064516129032258,3.9541963103868754,0.2551094393797984,1.0,0.0,0.0,0.0,0.0,1.0,0.0,0.0,0.0,0.0,-1.0
lightning,5,4.9482413950082143e-05,14.30272459197088,9,VB,VBG,lightn,0,4,3.9541963103868754,0.000200854075496,15.8167852415475,0.064516129032258,3.9541963103868754,0.2551094393797984,1.0,0.0,0.0,1.0,0.0,0.0,0.0,0.0,1.0,0.0,0.0
grinder,5,4.9482413950082143e-05,14.30272459197088,7,NN,NN,grinder,0,1,5.954196310386875,0.0002019247778828,5.954196310386875,0.0161290322580645,5.954196310386875,0.0960354243610786,,,,,,,,,,,
roses,5,4.9482413950082143e-05,14.30272459197088,5,NN,NNS,rose,0,2,4.954196310386875,0.0001675529520535,9.90839262077375,0.032258064516129,4.954196310386875,0.1598127842060282,,,,,,,,,,,
longed,5,4.9482413950082143e-05,14.30272459197088,6,VB,VBD,long,0,3,4.369233809665719,0.0001927007167619,13.107701428997157,0.0483870967741935,4.369233809665719,0.2114145391773735,,,,,,,,,,,
dainty,5,4.9482413950082143e-05,14.30272459197088,6,NN,NN,dainti,0,4,3.9541963103868754,0.000245861677721,15.8167852415475,0.064516129032258,3.9541963103868754,0.2551094393797984,,,,,,,,,,,
grete,5,4.9482413950082143e-05,14.30272459197088,5,NN,NNP,grete,0,1,5.954196310386875,0.000616401953537,5.954196310386875,0.0161290322580645,5.954196310386875,0.0960354243610786,,,,,,,,,,,
harnessed,5,4.9482413950082143e-05,14.30272459197088,9,VB,VBD,har,0,4,3.9541963103868754,0.0001916247636147,15.8167852415475,0.064516129032258,3.9541963103868754,0.2551094393797984,,,,,,,,,,,
invited,5,4.9482413950082143e-05,14.30272459197088,7,VB,VBN,invit,0,5,3.6322682154995127,0.0002075021598225,18.161341077497564,0.0806451612903225,3.6322682154995127,0.2929248560886703,,,,,,,,,,,
kings,5,4.9482413950082143e-05,14.30272459197088,5,NN,NNS,king,0,5,3.6322682154995127,0.0002035085774019,18.161341077497564,0.0806451612903225,3.6322682154995127,0.2929248560886703,,,,,,,,,,,
sewed,5,4.9482413950082143e-05,14.30272459197088,5,VB,VBD,sew,0,4,3.9541963103868754,0.0002599532553304,15.8167852415475,0.064516129032258,3.9541963103868754,0.2551094393797984,,,,,,,,,,,
watching,5,4.9482413950082143e-05,14.30272459197088,8,VB,VBG,watch,0,5,3.6322682154995127,0.0001822480233358,18.161341077497564,0.0806451612903225,3.6322682154995127,0.2929248560886703,,,,,,,,,,,
emptied,5,4.9482413950082143e-05,14.30272459197088,7,VB,VBN,empti,0,4,3.9541963103868754,0.0001929281590721,15.8167852415475,0.064516129032258,3.9541963103868754,0.2551094393797984,,,,,,,,,,,
exactly,5,4.9482413950082143e-05,14.30272459197088,7,RB,RB,exactli,0,4,3.9541963103868754,0.000261750776757,15.8167852415475,0.064516129032258,3.9541963103868754,0.2551094393797984,,,,,,,,,,,
stock,5,4.9482413950082143e-05,14.30272459197088,5,NN,NN,stock,0,2,4.954196310386875,0.0002129262380783,9.90839262077375,0.032258064516129,4.954196310386875,0.1598127842060282,,,,,,,,,,,
month,5,4.9482413950082143e-05,14.30272459197088,5,NN,NN,month,0,3,4.369233809665719,0.0001485032933865,13.107701428997157,0.0483870967741935,4.369233809665719,0.2114145391773735,,,,,,,,,,,
boiling,5,4.9482413950082143e-05,14.30272459197088,7,VB,VBG,boil,0,4,3.9541963103868754,0.0003424420525069,15.8167852415475,0.064516129032258,3.9541963103868754,0.2551094393797984,,,,,,,,,,,
kettle,5,4.9482413950082143e-05,14.30272459197088,6,NN,NN,kettl,0,2,4.954196310386875,0.0003209235211044,9.90839262077375,0.032258064516129,4.954196310386875,0.1598127842060282,,,,,,,,,,,
maidens,5,4.9482413950082143e-05,14.30272459197088,7,NN,NNS,maiden,0,3,4.369233809665719,0.0002924880196129,13.107701428997157,0.0483870967741935,4.369233809665719,0.2114145391773735,,,,,,,,,,,
worn,5,4.9482413950082143e-05,14.30272459197088,4,VB,VBN,worn,0,3,4.369233809665719,0.0001878167513049,13.107701428997157,0.0483870967741935,4.369233809665719,0.2114145391773735,0.0,0.0,0.0,0.0,0.0,1.0,0.0,1.0,0.0,0.0,-1.0
hang,5,4.9482413950082143e-05,14.30272459197088,4,VB,VB,hang,0,5,3.6322682154995127,0.0002682248861906,18.161341077497564,0.0806451612903225,3.6322682154995127,0.2929248560886703,,,,,,,,,,,
recognized,5,4.9482413950082143e-05,14.30272459197088,10,VB,VBD,recogn,0,5,3.6322682154995127,0.0001869280868788,18.161341077497564,0.0806451612903225,3.6322682154995127,0.2929248560886703,,,,,,,,,,,
greatest,5,4.9482413950082143e-05,14.30272459197088,8,JJ,JJS,greatest,0,5,3.6322682154995127,0.0002162459625524,18.161341077497564,0.0806451612903225,3.6322682154995127,0.2929248560886703,,,,,,,,,,,
manner,5,4.9482413950082143e-05,14.30272459197088,6,NN,NN,manner,0,5,3.6322682154995127,0.0001345074919548,18.161341077497564,0.0806451612903225,3.6322682154995127,0.2929248560886703,,,,,,,,,,,
fiery,5,4.9482413950082143e-05,14.30272459197088,5,JJ,JJ,fieri,0,5,3.6322682154995127,0.0001917233757156,18.161341077497564,0.0806451612903225,3.6322682154995127,0.2929248560886703,,,,,,,,,,,
bridge,5,4.9482413950082143e-05,14.30272459197088,6,NN,NN,bridg,0,2,4.954196310386875,0.000529917520093,9.90839262077375,0.032258064516129,4.954196310386875,0.1598127842060282,,,,,,,,,,,
behold,5,4.9482413950082143e-05,14.30272459197088,6,VB,VB,behold,0,3,4.369233809665719,0.0002273697991231,13.107701428997157,0.0483870967741935,4.369233809665719,0.2114145391773735,,,,,,,,,,,
smart,5,4.9482413950082143e-05,14.30272459197088,5,JJ,JJ,smart,0,4,3.9541963103868754,0.000164021715298,15.8167852415475,0.064516129032258,3.9541963103868754,0.2551094393797984,,,,,,,,,,,
skill,5,4.9482413950082143e-05,14.30272459197088,5,NN,NN,skill,0,2,4.954196310386875,0.0002903697056187,9.90839262077375,0.032258064516129,4.954196310386875,0.1598127842060282,,,,,,,,,,,
everybody,5,4.9482413950082143e-05,14.30272459197088,9,NN,NN,everybodi,0,4,3.9541963103868754,0.0001996668271747,15.8167852415475,0.064516129032258,3.9541963103868754,0.2551094393797984,,,,,,,,,,,
sooner,5,4.9482413950082143e-05,14.30272459197088,6,NN,NN,sooner,0,5,3.6322682154995127,0.00014230535379,18.161341077497564,0.0806451612903225,3.6322682154995127,0.2929248560886703,,,,,,,,,,,
dresses,5,4.9482413950082143e-05,14.30272459197088,7,NN,NNS,dress,0,3,4.369233809665719,0.0001551428430936,13.107701428997157,0.0483870967741935,4.369233809665719,0.2114145391773735,,,,,,,,,,,
spoken,5,4.9482413950082143e-05,14.30272459197088,6,VB,VBN,spoken,0,5,3.6322682154995127,0.0001953222324977,18.161341077497564,0.0806451612903225,3.6322682154995127,0.2929248560886703,,,,,,,,,,,
fishes,5,4.9482413950082143e-05,14.30272459197088,6,NN,NNS,fish,0,2,4.954196310386875,0.0002191673730243,9.90839262077375,0.032258064516129,4.954196310386875,0.1598127842060282,,,,,,,,,,,
snake,5,4.9482413950082143e-05,14.30272459197088,5,NN,NN,snake,0,3,4.369233809665719,0.0001660979361863,13.107701428997157,0.0483870967741935,4.369233809665719,0.2114145391773735,0.0,0.0,1.0,1.0,0.0,1.0,0.0,0.0,0.0,0.0,-1.0
korbes,5,4.9482413950082143e-05,14.30272459197088,6,NN,NNP,korb,0,1,5.954196310386875,0.0002555492931375,5.954196310386875,0.0161290322580645,5.954196310386875,0.0960354243610786,,,,,,,,,,,
hast,5,4.9482413950082143e-05,14.30272459197088,4,NN,NN,hast,0,3,4.369233809665719,0.0002019887207018,13.107701428997157,0.0483870967741935,4.369233809665719,0.2114145391773735,,,,,,,,,,,
pebbles,5,4.9482413950082143e-05,14.30272459197088,7,NN,NNS,pebbl,0,1,5.954196310386875,0.0001631036419175,5.954196310386875,0.0161290322580645,5.954196310386875,0.0960354243610786,,,,,,,,,,,
telling,5,4.9482413950082143e-05,14.30272459197088,7,VB,VBG,tell,0,4,3.9541963103868754,0.0002230009336946,15.8167852415475,0.064516129032258,3.9541963103868754,0.2551094393797984,,,,,,,,,,,
charm,5,4.9482413950082143e-05,14.30272459197088,5,NN,NN,charm,0,4,3.9541963103868754,0.0001883357574972,15.8167852415475,0.064516129032258,3.9541963103868754,0.2551094393797984,,,,,,,,,,,
tonight,5,4.9482413950082143e-05,14.30272459197088,7,NN,NN,tonight,0,5,3.6322682154995127,0.0002413492785801,18.161341077497564,0.0806451612903225,3.6322682154995127,0.2929248560886703,,,,,,,,,,,
tanheap,5,4.9482413950082143e-05,14.30272459197088,7,JJ,JJ,tanheap,0,1,5.954196310386875,0.0001984202982666,5.954196310386875,0.0161290322580645,5.954196310386875,0.0960354243610786,,,,,,,,,,,
grand,4,3.9585931160065715e-05,14.62465268685824,5,JJ,JJ,grand,0,3,4.369233809665719,0.0001387412659174,13.107701428997157,0.0483870967741935,4.369233809665719,0.2114145391773735,,,,,,,,,,,
folks,4,3.9585931160065715e-05,14.62465268685824,5,NN,NNS,folk,0,3,4.369233809665719,0.0001234808320432,13.107701428997157,0.0483870967741935,4.369233809665719,0.2114145391773735,,,,,,,,,,,
somebody,4,3.9585931160065715e-05,14.62465268685824,8,NN,NN,somebodi,0,3,4.369233809665719,0.000173307175493,13.107701428997157,0.0483870967741935,4.369233809665719,0.2114145391773735,,,,,,,,,,,
troubles,4,3.9585931160065715e-05,14.62465268685824,8,NN,NNS,troubl,0,3,4.369233809665719,0.0001841521735966,13.107701428997157,0.0483870967741935,4.369233809665719,0.2114145391773735,,,,,,,,,,,
dawned,4,3.9585931160065715e-05,14.62465268685824,6,VB,VBD,dawn,0,4,3.9541963103868754,0.0001076894292693,15.8167852415475,0.064516129032258,3.9541963103868754,0.2551094393797984,,,,,,,,,,,
lest,4,3.9585931160065715e-05,14.62465268685824,4,JJ,JJS,lest,0,4,3.9541963103868754,0.0002171717021079,15.8167852415475,0.064516129032258,3.9541963103868754,0.2551094393797984,,,,,,,,,,,
valley,4,3.9585931160065715e-05,14.62465268685824,6,NN,NN,valley,0,3,4.369233809665719,0.0001394481940812,13.107701428997157,0.0483870967741935,4.369233809665719,0.2114145391773735,,,,,,,,,,,
feed,4,3.9585931160065715e-05,14.62465268685824,4,VB,VB,feed,0,4,3.9541963103868754,0.0001387854739388,15.8167852415475,0.064516129032258,3.9541963103868754,0.2551094393797984,,,,,,,,,,,
stool,4,3.9585931160065715e-05,14.62465268685824,5,NN,NN,stool,0,3,4.369233809665719,0.0001965409567057,13.107701428997157,0.0483870967741935,4.369233809665719,0.2114145391773735,,,,,,,,,,,
pricked,4,3.9585931160065715e-05,14.62465268685824,7,VB,VBD,prick,0,4,3.9541963103868754,0.0001276313207303,15.8167852415475,0.064516129032258,3.9541963103868754,0.2551094393797984,,,,,,,,,,,
yourselves,4,3.9585931160065715e-05,14.62465268685824,10,NN,NNS,yourselv,1,4,3.9541963103868754,0.0001154453814771,15.8167852415475,0.064516129032258,3.9541963103868754,0.2551094393797984,,,,,,,,,,,
landlord,4,3.9585931160065715e-05,14.62465268685824,8,NN,NN,landlord,0,2,4.954196310386875,0.0001732649631237,9.90839262077375,0.032258064516129,4.954196310386875,0.1598127842060282,,,,,,,,,,,
price,4,3.9585931160065715e-05,14.62465268685824,5,NN,NN,price,0,4,3.9541963103868754,0.0001919631073986,15.8167852415475,0.064516129032258,3.9541963103868754,0.2551094393797984,,,,,,,,,,,
curl,4,3.9585931160065715e-05,14.62465268685824,4,NN,NN,curl,0,2,4.954196310386875,0.0001380360579761,9.90839262077375,0.032258064516129,4.954196310386875,0.1598127842060282,,,,,,,,,,,
stepmother,4,3.9585931160065715e-05,14.62465268685824,10,NN,NN,stepmoth,0,3,4.369233809665719,0.0001243284989225,13.107701428997157,0.0483870967741935,4.369233809665719,0.2114145391773735,,,,,,,,,,,
bitter,4,3.9585931160065715e-05,14.62465268685824,6,JJ,JJ,bitter,0,3,4.369233809665719,9.463012944414072e-05,13.107701428997157,0.0483870967741935,4.369233809665719,0.2114145391773735,,,,,,,,,,,
throwing,4,3.9585931160065715e-05,14.62465268685824,8,VB,VBG,throw,0,4,3.9541963103868754,0.0001307962650686,15.8167852415475,0.064516129032258,3.9541963103868754,0.2551094393797984,,,,,,,,,,,
tie,4,3.9585931160065715e-05,14.62465268685824,3,VB,VB,tie,0,3,4.369233809665719,0.0003563305011073,13.107701428997157,0.0483870967741935,4.369233809665719,0.2114145391773735,,,,,,,,,,,
vanished,4,3.9585931160065715e-05,14.62465268685824,8,VB,VBD,vanish,0,4,3.9541963103868754,0.0001364610978458,15.8167852415475,0.064516129032258,3.9541963103868754,0.2551094393797984,0.0,0.0,0.0,1.0,0.0,1.0,0.0,1.0,1.0,0.0,-1.0
dwelt,4,3.9585931160065715e-05,14.62465268685824,5,NN,NN,dwelt,0,4,3.9541963103868754,0.000200683533853,15.8167852415475,0.064516129032258,3.9541963103868754,0.2551094393797984,,,,,,,,,,,
aid,4,3.9585931160065715e-05,14.62465268685824,3,NN,NN,aid,0,2,4.954196310386875,0.0001242593756186,9.90839262077375,0.032258064516129,4.954196310386875,0.1598127842060282,,,,,,,,,,,
undertake,4,3.9585931160065715e-05,14.62465268685824,9,VB,VBP,undertak,0,3,4.369233809665719,0.0001306886426825,13.107701428997157,0.0483870967741935,4.369233809665719,0.2114145391773735,,,,,,,,,,,
furious,4,3.9585931160065715e-05,14.62465268685824,7,JJ,JJ,furiou,0,4,3.9541963103868754,0.0001749557812448,15.8167852415475,0.064516129032258,3.9541963103868754,0.2551094393797984,1.0,0.0,1.0,0.0,0.0,1.0,0.0,0.0,0.0,0.0,-1.0
offer,4,3.9585931160065715e-05,14.62465268685824,5,VB,VB,offer,0,4,3.9541963103868754,0.0001004070185526,15.8167852415475,0.064516129032258,3.9541963103868754,0.2551094393797984,,,,,,,,,,,
fastened,4,3.9585931160065715e-05,14.62465268685824,8,VB,VBD,fasten,0,3,4.369233809665719,0.0001266894246008,13.107701428997157,0.0483870967741935,4.369233809665719,0.2114145391773735,,,,,,,,,,,
rain,4,3.9585931160065715e-05,14.62465268685824,4,NN,NN,rain,0,3,4.369233809665719,0.0002365314774451,13.107701428997157,0.0483870967741935,4.369233809665719,0.2114145391773735,,,,,,,,,,,
purpose,4,3.9585931160065715e-05,14.62465268685824,7,NN,NN,purpos,0,3,4.369233809665719,7.99088121831457e-05,13.107701428997157,0.0483870967741935,4.369233809665719,0.2114145391773735,,,,,,,,,,,
moss,4,3.9585931160065715e-05,14.62465268685824,4,NN,NN,moss,0,3,4.369233809665719,0.0002150281402356,13.107701428997157,0.0483870967741935,4.369233809665719,0.2114145391773735,,,,,,,,,,,
require,4,3.9585931160065715e-05,14.62465268685824,7,VB,VB,requir,0,4,3.9541963103868754,0.0001289891970458,15.8167852415475,0.064516129032258,3.9541963103868754,0.2551094393797984,,,,,,,,,,,
music,4,3.9585931160065715e-05,14.62465268685824,5,NN,NN,music,0,4,3.9541963103868754,0.000131844809831,15.8167852415475,0.064516129032258,3.9541963103868754,0.2551094393797984,0.0,0.0,0.0,0.0,1.0,0.0,1.0,1.0,0.0,0.0,1.0
beaten,4,3.9585931160065715e-05,14.62465268685824,6,NN,NN,beaten,0,3,4.369233809665719,0.0001353750741123,13.107701428997157,0.0483870967741935,4.369233809665719,0.2114145391773735,,,,,,,,,,,
pinched,4,3.9585931160065715e-05,14.62465268685824,7,VB,VBD,pinch,0,2,4.954196310386875,0.0001399884250792,9.90839262077375,0.032258064516129,4.954196310386875,0.1598127842060282,,,,,,,,,,,
adrift,4,3.9585931160065715e-05,14.62465268685824,6,NN,NN,adrift,0,2,4.954196310386875,0.0003873727950969,9.90839262077375,0.032258064516129,4.954196310386875,0.1598127842060282,0.0,1.0,0.0,1.0,0.0,1.0,0.0,1.0,0.0,0.0,-1.0
leather,4,3.9585931160065715e-05,14.62465268685824,7,RB,RB,leather,0,1,5.954196310386875,0.0005156264395225,5.954196310386875,0.0161290322580645,5.954196310386875,0.0960354243610786,,,,,,,,,,,
keeping,4,3.9585931160065715e-05,14.62465268685824,7,VB,VBG,keep,0,4,3.9541963103868754,0.0001655415365029,15.8167852415475,0.064516129032258,3.9541963103868754,0.2551094393797984,,,,,,,,,,,
pain,4,3.9585931160065715e-05,14.62465268685824,4,NN,NN,pain,0,4,3.9541963103868754,0.000168373641082,15.8167852415475,0.064516129032258,3.9541963103868754,0.2551094393797984,0.0,0.0,0.0,1.0,0.0,1.0,0.0,1.0,0.0,0.0,-1.0
loaves,4,3.9585931160065715e-05,14.62465268685824,6,NN,NNS,loav,0,3,4.369233809665719,0.0001071742486385,13.107701428997157,0.0483870967741935,4.369233809665719,0.2114145391773735,,,,,,,,,,,
den,4,3.9585931160065715e-05,14.62465268685824,3,NN,NN,den,0,2,4.954196310386875,0.0003239485302173,9.90839262077375,0.032258064516129,4.954196310386875,0.1598127842060282,,,,,,,,,,,
baked,4,3.9585931160065715e-05,14.62465268685824,5,VB,VBN,bake,0,2,4.954196310386875,0.0001605151747805,9.90839262077375,0.032258064516129,4.954196310386875,0.1598127842060282,,,,,,,,,,,
shape,4,3.9585931160065715e-05,14.62465268685824,5,NN,NN,shape,0,3,4.369233809665719,0.0001717974180927,13.107701428997157,0.0483870967741935,4.369233809665719,0.2114145391773735,,,,,,,,,,,
owl,4,3.9585931160065715e-05,14.62465268685824,3,NN,NN,owl,0,2,4.954196310386875,0.0002441392263624,9.90839262077375,0.032258064516129,4.954196310386875,0.1598127842060282,,,,,,,,,,,
fixed,4,3.9585931160065715e-05,14.62465268685824,5,VB,VBN,fix,0,2,4.954196310386875,0.0002648233649692,9.90839262077375,0.032258064516129,4.954196310386875,0.1598127842060282,,,,,,,,,,,
space,4,3.9585931160065715e-05,14.62465268685824,5,NN,NN,space,0,4,3.9541963103868754,0.0001737854251929,15.8167852415475,0.064516129032258,3.9541963103868754,0.2551094393797984,,,,,,,,,,,
cages,4,3.9585931160065715e-05,14.62465268685824,5,NN,NNS,cage,0,1,5.954196310386875,0.0003375586093535,5.954196310386875,0.0161290322580645,5.954196310386875,0.0960354243610786,,,,,,,,,,,
plash,4,3.9585931160065715e-05,14.62465268685824,5,NN,NN,plash,0,1,5.954196310386875,0.000319851538255,5.954196310386875,0.0161290322580645,5.954196310386875,0.0960354243610786,,,,,,,,,,,
marble,4,3.9585931160065715e-05,14.62465268685824,6,JJ,JJ,marbl,0,2,4.954196310386875,0.0003459261951205,9.90839262077375,0.032258064516129,4.954196310386875,0.1598127842060282,,,,,,,,,,,
perceived,4,3.9585931160065715e-05,14.62465268685824,9,VB,VBD,perceiv,0,3,4.369233809665719,0.0001333334426318,13.107701428997157,0.0483870967741935,4.369233809665719,0.2114145391773735,,,,,,,,,,,
yesterday,4,3.9585931160065715e-05,14.62465268685824,9,NN,NN,yesterday,0,3,4.369233809665719,0.0001360115696125,13.107701428997157,0.0483870967741935,4.369233809665719,0.2114145391773735,,,,,,,,,,,
allow,4,3.9585931160065715e-05,14.62465268685824,5,VB,VB,allow,0,4,3.9541963103868754,0.0001368224509833,15.8167852415475,0.064516129032258,3.9541963103868754,0.2551094393797984,,,,,,,,,,,
crawled,4,3.9585931160065715e-05,14.62465268685824,7,VB,VBD,crawl,0,2,4.954196310386875,0.0001412890130442,9.90839262077375,0.032258064516129,4.954196310386875,0.1598127842060282,,,,,,,,,,,
magic,4,3.9585931160065715e-05,14.62465268685824,5,JJ,JJ,magic,0,1,5.954196310386875,0.0002593799442567,5.954196310386875,0.0161290322580645,5.954196310386875,0.0960354243610786,,,,,,,,,,,
stepdaughter,4,3.9585931160065715e-05,14.62465268685824,12,NN,NN,stepdaught,0,2,4.954196310386875,0.0001918017501752,9.90839262077375,0.032258064516129,4.954196310386875,0.1598127842060282,,,,,,,,,,,
prevent,4,3.9585931160065715e-05,14.62465268685824,7,VB,VB,prevent,0,4,3.9541963103868754,0.0001159275458891,15.8167852415475,0.064516129032258,3.9541963103868754,0.2551094393797984,,,,,,,,,,,
learning,4,3.9585931160065715e-05,14.62465268685824,8,VB,VBG,learn,0,3,4.369233809665719,0.0001623022607684,13.107701428997157,0.0483870967741935,4.369233809665719,0.2114145391773735,,,,,,,,,,,
appeared,4,3.9585931160065715e-05,14.62465268685824,8,VB,VBD,appear,0,3,4.369233809665719,0.0001672460821573,13.107701428997157,0.0483870967741935,4.369233809665719,0.2114145391773735,,,,,,,,,,,
twig,4,3.9585931160065715e-05,14.62465268685824,4,NN,NN,twig,0,3,4.369233809665719,0.0001352921869129,13.107701428997157,0.0483870967741935,4.369233809665719,0.2114145391773735,,,,,,,,,,,
teach,4,3.9585931160065715e-05,14.62465268685824,5,VB,VB,teach,0,3,4.369233809665719,0.000342681542429,13.107701428997157,0.0483870967741935,4.369233809665719,0.2114145391773735,0.0,0.0,0.0,0.0,1.0,0.0,1.0,0.0,1.0,1.0,1.0
dreadful,4,3.9585931160065715e-05,14.62465268685824,8,JJ,JJ,dread,0,3,4.369233809665719,0.0001139786157235,13.107701428997157,0.0483870967741935,4.369233809665719,0.2114145391773735,1.0,1.0,1.0,1.0,0.0,1.0,0.0,1.0,0.0,0.0,-1.0
summer,4,3.9585931160065715e-05,14.62465268685824,6,NN,NN,summer,0,3,4.369233809665719,0.0001007299470949,13.107701428997157,0.0483870967741935,4.369233809665719,0.2114145391773735,,,,,,,,,,,
galloped,4,3.9585931160065715e-05,14.62465268685824,8,VB,VBD,gallop,0,1,5.954196310386875,0.0001189293180942,5.954196310386875,0.0161290322580645,5.954196310386875,0.0960354243610786,,,,,,,,,,,
victory,4,3.9585931160065715e-05,14.62465268685824,7,NN,NN,victori,0,2,4.954196310386875,0.0001081902694198,9.90839262077375,0.032258064516129,4.954196310386875,0.1598127842060282,0.0,1.0,0.0,0.0,1.0,0.0,1.0,0.0,0.0,1.0,1.0
point,4,3.9585931160065715e-05,14.62465268685824,5,NN,NN,point,0,4,3.9541963103868754,0.0001066753368066,15.8167852415475,0.064516129032258,3.9541963103868754,0.2551094393797984,,,,,,,,,,,
beginning,4,3.9585931160065715e-05,14.62465268685824,9,VB,VBG,begin,0,4,3.9541963103868754,0.0001376185573923,15.8167852415475,0.064516129032258,3.9541963103868754,0.2551094393797984,,,,,,,,,,,
ducks,4,3.9585931160065715e-05,14.62465268685824,5,NN,NNS,duck,0,3,4.369233809665719,0.0002411220428927,13.107701428997157,0.0483870967741935,4.369233809665719,0.2114145391773735,,,,,,,,,,,
pure,4,3.9585931160065715e-05,14.62465268685824,4,NN,NN,pure,0,4,3.9541963103868754,0.0001207357018496,15.8167852415475,0.064516129032258,3.9541963103868754,0.2551094393797984,,,,,,,,,,,
suit,4,3.9585931160065715e-05,14.62465268685824,4,NN,NN,suit,0,3,4.369233809665719,0.0001508404631888,13.107701428997157,0.0483870967741935,4.369233809665719,0.2114145391773735,,,,,,,,,,,
bedchamber,4,3.9585931160065715e-05,14.62465268685824,10,NN,NN,bedchamb,0,3,4.369233809665719,0.0002287669251382,13.107701428997157,0.0483870967741935,4.369233809665719,0.2114145391773735,,,,,,,,,,,
knights,4,3.9585931160065715e-05,14.62465268685824,7,NN,NNS,knight,0,3,4.369233809665719,0.0001160507477807,13.107701428997157,0.0483870967741935,4.369233809665719,0.2114145391773735,,,,,,,,,,,
linger,4,3.9585931160065715e-05,14.62465268685824,6,NN,NNP,linger,0,2,4.954196310386875,0.0001872602965482,9.90839262077375,0.032258064516129,4.954196310386875,0.1598127842060282,,,,,,,,,,,
seashore,4,3.9585931160065715e-05,14.62465268685824,8,NN,NN,seashor,0,3,4.369233809665719,0.0001557379948543,13.107701428997157,0.0483870967741935,4.369233809665719,0.2114145391773735,,,,,,,,,,,
imagine,4,3.9585931160065715e-05,14.62465268685824,7,VB,VB,imagin,0,4,3.9541963103868754,0.0001308548237323,15.8167852415475,0.064516129032258,3.9541963103868754,0.2551094393797984,,,,,,,,,,,
sometimes,4,3.9585931160065715e-05,14.62465268685824,9,RB,RB,sometim,0,4,3.9541963103868754,9.16035094737635e-05,15.8167852415475,0.064516129032258,3.9541963103868754,0.2551094393797984,,,,,,,,,,,
befallen,4,3.9585931160065715e-05,14.62465268685824,8,VB,VBN,befallen,0,4,3.9541963103868754,0.0001192734337259,15.8167852415475,0.064516129032258,3.9541963103868754,0.2551094393797984,,,,,,,,,,,
low,4,3.9585931160065715e-05,14.62465268685824,3,JJ,JJ,low,0,4,3.9541963103868754,0.0001106811287465,15.8167852415475,0.064516129032258,3.9541963103868754,0.2551094393797984,,,,,,,,,,,
nights,4,3.9585931160065715e-05,14.62465268685824,6,NN,NNS,night,0,3,4.369233809665719,0.0001395639422408,13.107701428997157,0.0483870967741935,4.369233809665719,0.2114145391773735,,,,,,,,,,,
rosy,4,3.9585931160065715e-05,14.62465268685824,4,JJ,JJ,rosi,0,2,4.954196310386875,0.0001276111765261,9.90839262077375,0.032258064516129,4.954196310386875,0.1598127842060282,,,,,,,,,,,
track,4,3.9585931160065715e-05,14.62465268685824,5,NN,NN,track,0,2,4.954196310386875,0.000196338445815,9.90839262077375,0.032258064516129,4.954196310386875,0.1598127842060282,,,,,,,,,,,
streets,4,3.9585931160065715e-05,14.62465268685824,7,NN,NNS,street,0,2,4.954196310386875,0.0001865996976306,9.90839262077375,0.032258064516129,4.954196310386875,0.1598127842060282,,,,,,,,,,,
roguery,4,3.9585931160065715e-05,14.62465268685824,7,NN,NN,rogueri,0,3,4.369233809665719,0.0001525281801239,13.107701428997157,0.0483870967741935,4.369233809665719,0.2114145391773735,,,,,,,,,,,
hiding,4,3.9585931160065715e-05,14.62465268685824,6,VB,VBG,hide,0,3,4.369233809665719,0.000140728672901,13.107701428997157,0.0483870967741935,4.369233809665719,0.2114145391773735,,,,,,,,,,,
scent,4,3.9585931160065715e-05,14.62465268685824,5,NN,NN,scent,0,3,4.369233809665719,9.139731216996256e-05,13.107701428997157,0.0483870967741935,4.369233809665719,0.2114145391773735,,,,,,,,,,,
heir,4,3.9585931160065715e-05,14.62465268685824,4,NN,NN,heir,0,4,3.9541963103868754,0.0001178966872708,15.8167852415475,0.064516129032258,3.9541963103868754,0.2551094393797984,,,,,,,,,,,
besides,4,3.9585931160065715e-05,14.62465268685824,7,IN,IN,besid,0,3,4.369233809665719,0.0001633912441928,13.107701428997157,0.0483870967741935,4.369233809665719,0.2114145391773735,,,,,,,,,,,
meadows,4,3.9585931160065715e-05,14.62465268685824,7,NN,NNS,meadow,0,3,4.369233809665719,0.0001579890803077,13.107701428997157,0.0483870967741935,4.369233809665719,0.2114145391773735,,,,,,,,,,,
berries,4,3.9585931160065715e-05,14.62465268685824,7,NN,NNS,berri,0,4,3.9541963103868754,0.0001136448654866,15.8167852415475,0.064516129032258,3.9541963103868754,0.2551094393797984,,,,,,,,,,,
thousands,4,3.9585931160065715e-05,14.62465268685824,9,NN,NNS,thousand,0,3,4.369233809665719,0.0001635953385448,13.107701428997157,0.0483870967741935,4.369233809665719,0.2114145391773735,,,,,,,,,,,
strewn,4,3.9585931160065715e-05,14.62465268685824,6,VB,VBN,strewn,0,3,4.369233809665719,0.0001844778718864,13.107701428997157,0.0483870967741935,4.369233809665719,0.2114145391773735,,,,,,,,,,,
finish,4,3.9585931160065715e-05,14.62465268685824,6,VB,VB,finish,0,3,4.369233809665719,0.000110086221559,13.107701428997157,0.0483870967741935,4.369233809665719,0.2114145391773735,,,,,,,,,,,
market,4,3.9585931160065715e-05,14.62465268685824,6,NN,NN,market,0,1,5.954196310386875,0.0002593799442567,5.954196310386875,0.0161290322580645,5.954196310386875,0.0960354243610786,,,,,,,,,,,
deeper,4,3.9585931160065715e-05,14.62465268685824,6,RB,RBR,deeper,0,2,4.954196310386875,0.0001141616351167,9.90839262077375,0.032258064516129,4.954196310386875,0.1598127842060282,,,,,,,,,,,
goodfornothing,4,3.9585931160065715e-05,14.62465268685824,14,JJ,JJ,goodfornoth,0,4,3.9541963103868754,0.0001211059066266,15.8167852415475,0.064516129032258,3.9541963103868754,0.2551094393797984,,,,,,,,,,,
pomp,4,3.9585931160065715e-05,14.62465268685824,4,NN,NN,pomp,0,4,3.9541963103868754,0.0001269226371554,15.8167852415475,0.064516129032258,3.9541963103868754,0.2551094393797984,,,,,,,,,,,
mouthful,4,3.9585931160065715e-05,14.62465268685824,8,NN,NN,mouth,0,3,4.369233809665719,0.0001020121547181,13.107701428997157,0.0483870967741935,4.369233809665719,0.2114145391773735,,,,,,,,,,,
silken,4,3.9585931160065715e-05,14.62465268685824,6,JJ,JJ,silken,0,1,5.954196310386875,0.00020443943451,5.954196310386875,0.0161290322580645,5.954196310386875,0.0960354243610786,,,,,,,,,,,
throughout,4,3.9585931160065715e-05,14.62465268685824,10,IN,IN,throughout,0,4,3.9541963103868754,0.0001131228599821,15.8167852415475,0.064516129032258,3.9541963103868754,0.2551094393797984,,,,,,,,,,,
rise,4,3.9585931160065715e-05,14.62465268685824,4,VB,VB,rise,0,4,3.9541963103868754,0.0001691387179343,15.8167852415475,0.064516129032258,3.9541963103868754,0.2551094393797984,,,,,,,,,,,
cheeks,4,3.9585931160065715e-05,14.62465268685824,6,NN,NN,cheek,0,2,4.954196310386875,0.0001212636068612,9.90839262077375,0.032258064516129,4.954196310386875,0.1598127842060282,,,,,,,,,,,
enter,4,3.9585931160065715e-05,14.62465268685824,5,VB,VB,enter,0,4,3.9541963103868754,0.0001238464882878,15.8167852415475,0.064516129032258,3.9541963103868754,0.2551094393797984,,,,,,,,,,,
scream,4,3.9585931160065715e-05,14.62465268685824,6,NN,NN,scream,0,4,3.9541963103868754,0.0001330831073444,15.8167852415475,0.064516129032258,3.9541963103868754,0.2551094393797984,1.0,0.0,1.0,1.0,0.0,1.0,0.0,0.0,1.0,0.0,-1.0
planted,4,3.9585931160065715e-05,14.62465268685824,7,VB,VBN,plant,0,3,4.369233809665719,0.0001374759230364,13.107701428997157,0.0483870967741935,4.369233809665719,0.2114145391773735,,,,,,,,,,,
hopped,4,3.9585931160065715e-05,14.62465268685824,6,VB,VBD,hop,0,3,4.369233809665719,0.0002642259316574,13.107701428997157,0.0483870967741935,4.369233809665719,0.2114145391773735,,,,,,,,,,,
tall,4,3.9585931160065715e-05,14.62465268685824,4,JJ,JJ,tall,0,3,4.369233809665719,0.000146570505767,13.107701428997157,0.0483870967741935,4.369233809665719,0.2114145391773735,,,,,,,,,,,
happiness,4,3.9585931160065715e-05,14.62465268685824,9,NN,NN,happi,0,4,3.9541963103868754,0.0001102144830787,15.8167852415475,0.064516129032258,3.9541963103868754,0.2551094393797984,0.0,1.0,0.0,0.0,1.0,0.0,1.0,0.0,0.0,0.0,1.0
striding,4,3.9585931160065715e-05,14.62465268685824,8,VB,VBG,stride,0,3,4.369233809665719,0.000145614423859,13.107701428997157,0.0483870967741935,4.369233809665719,0.2114145391773735,,,,,,,,,,,
punish,4,3.9585931160065715e-05,14.62465268685824,6,VB,VB,punish,0,4,3.9541963103868754,0.0001650830587929,15.8167852415475,0.064516129032258,3.9541963103868754,0.2551094393797984,0.0,0.0,0.0,1.0,0.0,1.0,0.0,0.0,0.0,0.0,-1.0
unhappy,4,3.9585931160065715e-05,14.62465268685824,7,JJ,JJ,unhappi,0,4,3.9541963103868754,0.0001621294560254,15.8167852415475,0.064516129032258,3.9541963103868754,0.2551094393797984,1.0,0.0,1.0,0.0,0.0,1.0,0.0,1.0,0.0,0.0,-1.0
drawn,4,3.9585931160065715e-05,14.62465268685824,5,NN,NN,drawn,0,3,4.369233809665719,0.0001389698388314,13.107701428997157,0.0483870967741935,4.369233809665719,0.2114145391773735,,,,,,,,,,,
pleasant,4,3.9585931160065715e-05,14.62465268685824,8,JJ,JJ,pleasant,0,3,4.369233809665719,0.0001792393003584,13.107701428997157,0.0483870967741935,4.369233809665719,0.2114145391773735,0.0,1.0,0.0,0.0,1.0,0.0,1.0,0.0,1.0,1.0,1.0
costly,4,3.9585931160065715e-05,14.62465268685824,6,JJ,JJ,costli,0,3,4.369233809665719,0.0001871025618908,13.107701428997157,0.0483870967741935,4.369233809665719,0.2114145391773735,,,,,,,,,,,
sorts,4,3.9585931160065715e-05,14.62465268685824,5,NN,NNS,sort,0,4,3.9541963103868754,0.0001588377514348,15.8167852415475,0.064516129032258,3.9541963103868754,0.2551094393797984,,,,,,,,,,,
plot,4,3.9585931160065715e-05,14.62465268685824,4,NN,NN,plot,0,3,4.369233809665719,0.0001182231520997,13.107701428997157,0.0483870967741935,4.369233809665719,0.2114145391773735,,,,,,,,,,,
kid,4,3.9585931160065715e-05,14.62465268685824,3,NN,NN,kid,0,1,5.954196310386875,0.0003485859323451,5.954196310386875,0.0161290322580645,5.954196310386875,0.0960354243610786,,,,,,,,,,,
bolt,4,3.9585931160065715e-05,14.62465268685824,4,NN,NN,bolt,0,2,4.954196310386875,0.000125589417215,9.90839262077375,0.032258064516129,4.954196310386875,0.1598127842060282,,,,,,,,,,,
push,4,3.9585931160065715e-05,14.62465268685824,4,NN,NN,push,0,4,3.9541963103868754,0.0001072453189594,15.8167852415475,0.064516129032258,3.9541963103868754,0.2551094393797984,,,,,,,,,,,
forms,4,3.9585931160065715e-05,14.62465268685824,5,NN,NNS,form,0,3,4.369233809665719,0.0002039851450076,13.107701428997157,0.0483870967741935,4.369233809665719,0.2114145391773735,,,,,,,,,,,
wooden,4,3.9585931160065715e-05,14.62465268685824,6,JJ,JJ,wooden,0,3,4.369233809665719,0.0003712341301073,13.107701428997157,0.0483870967741935,4.369233809665719,0.2114145391773735,,,,,,,,,,,
saddle,4,3.9585931160065715e-05,14.62465268685824,6,NN,NN,saddl,0,1,5.954196310386875,0.0001511773701079,5.954196310386875,0.0161290322580645,5.954196310386875,0.0960354243610786,,,,,,,,,,,
nimbly,4,3.9585931160065715e-05,14.62465268685824,6,RB,RB,nimbl,0,3,4.369233809665719,0.0003129362084303,13.107701428997157,0.0483870967741935,4.369233809665719,0.2114145391773735,,,,,,,,,,,
according,4,3.9585931160065715e-05,14.62465268685824,9,VB,VBG,accord,0,4,3.9541963103868754,0.0001567121645457,15.8167852415475,0.064516129032258,3.9541963103868754,0.2551094393797984,,,,,,,,,,,
stretch,4,3.9585931160065715e-05,14.62465268685824,7,VB,VB,stretch,0,3,4.369233809665719,0.0002425199327651,13.107701428997157,0.0483870967741935,4.369233809665719,0.2114145391773735,,,,,,,,,,,
shop,4,3.9585931160065715e-05,14.62465268685824,4,NN,NN,shop,0,1,5.954196310386875,0.0002849715856411,5.954196310386875,0.0161290322580645,5.954196310386875,0.0960354243610786,,,,,,,,,,,
madam,4,3.9585931160065715e-05,14.62465268685824,5,NN,NN,madam,0,1,5.954196310386875,0.0003346182033487,5.954196310386875,0.0161290322580645,5.954196310386875,0.0960354243610786,,,,,,,,,,,
drag,4,3.9585931160065715e-05,14.62465268685824,4,VB,VB,drag,0,4,3.9541963103868754,0.0001737403712031,15.8167852415475,0.064516129032258,3.9541963103868754,0.2551094393797984,,,,,,,,,,,
halfdone,4,3.9585931160065715e-05,14.62465268685824,8,NN,NN,halfdon,0,1,5.954196310386875,0.0003899915710094,5.954196310386875,0.0161290322580645,5.954196310386875,0.0960354243610786,,,,,,,,,,,
book,4,3.9585931160065715e-05,14.62465268685824,4,NN,NN,book,0,2,4.954196310386875,0.0003405425656336,9.90839262077375,0.032258064516129,4.954196310386875,0.1598127842060282,,,,,,,,,,,
innocent,4,3.9585931160065715e-05,14.62465268685824,8,JJ,JJ,innoc,0,4,3.9541963103868754,0.0001457286632661,15.8167852415475,0.064516129032258,3.9541963103868754,0.2551094393797984,0.0,0.0,0.0,0.0,0.0,0.0,1.0,0.0,0.0,1.0,1.0
figure,4,3.9585931160065715e-05,14.62465268685824,6,NN,NN,figur,0,2,4.954196310386875,0.0001912411058398,9.90839262077375,0.032258064516129,4.954196310386875,0.1598127842060282,,,,,,,,,,,
monster,4,3.9585931160065715e-05,14.62465268685824,7,NN,NN,monster,0,3,4.369233809665719,0.0002404486868048,13.107701428997157,0.0483870967741935,4.369233809665719,0.2114145391773735,0.0,0.0,0.0,1.0,0.0,1.0,0.0,0.0,0.0,0.0,-1.0
soul,4,3.9585931160065715e-05,14.62465268685824,4,NN,NN,soul,0,3,4.369233809665719,0.0001892581452822,13.107701428997157,0.0483870967741935,4.369233809665719,0.2114145391773735,,,,,,,,,,,
picking,4,3.9585931160065715e-05,14.62465268685824,7,VB,VBG,pick,0,4,3.9541963103868754,0.0001600622755948,15.8167852415475,0.064516129032258,3.9541963103868754,0.2551094393797984,,,,,,,,,,,
whatsoever,4,3.9585931160065715e-05,14.62465268685824,10,NN,NN,whatsoev,0,4,3.9541963103868754,0.0001964405651829,15.8167852415475,0.064516129032258,3.9541963103868754,0.2551094393797984,,,,,,,,,,,
lovely,4,3.9585931160065715e-05,14.62465268685824,6,JJ,JJ,love,0,4,3.9541963103868754,0.0001282807842602,15.8167852415475,0.064516129032258,3.9541963103868754,0.2551094393797984,0.0,1.0,0.0,0.0,1.0,0.0,1.0,1.0,1.0,1.0,1.0
lamb,4,3.9585931160065715e-05,14.62465268685824,4,NN,NN,lamb,0,2,4.954196310386875,0.0001222928366208,9.90839262077375,0.032258064516129,4.954196310386875,0.1598127842060282,0.0,0.0,0.0,0.0,1.0,0.0,1.0,0.0,0.0,1.0,1.0
fit,4,3.9585931160065715e-05,14.62465268685824,3,JJ,JJ,fit,0,4,3.9541963103868754,0.0001665552906543,15.8167852415475,0.064516129032258,3.9541963103868754,0.2551094393797984,,,,,,,,,,,
manage,4,3.9585931160065715e-05,14.62465268685824,6,VB,VB,manag,0,4,3.9541963103868754,0.000159162233893,15.8167852415475,0.064516129032258,3.9541963103868754,0.2551094393797984,0.0,0.0,0.0,0.0,0.0,0.0,1.0,0.0,0.0,1.0,1.0
crowd,4,3.9585931160065715e-05,14.62465268685824,5,NN,NN,crowd,0,3,4.369233809665719,0.0001444430683575,13.107701428997157,0.0483870967741935,4.369233809665719,0.2114145391773735,,,,,,,,,,,
determined,4,3.9585931160065715e-05,14.62465268685824,10,VB,VBD,determin,0,3,4.369233809665719,0.0001777331120745,13.107701428997157,0.0483870967741935,4.369233809665719,0.2114145391773735,,,,,,,,,,,
gay,4,3.9585931160065715e-05,14.62465268685824,3,NN,NN,gay,0,3,4.369233809665719,0.0001427513214845,13.107701428997157,0.0483870967741935,4.369233809665719,0.2114145391773735,,,,,,,,,,,
likes,4,3.9585931160065715e-05,14.62465268685824,5,VB,VBZ,like,0,4,3.9541963103868754,0.000104753890006,15.8167852415475,0.064516129032258,3.9541963103868754,0.2551094393797984,,,,,,,,,,,
waggoner,4,3.9585931160065715e-05,14.62465268685824,8,NN,NN,waggon,0,1,5.954196310386875,0.0001010101755046,5.954196310386875,0.0161290322580645,5.954196310386875,0.0960354243610786,,,,,,,,,,,
knowall,4,3.9585931160065715e-05,14.62465268685824,7,NN,NNP,knowal,0,1,5.954196310386875,0.0004931215628296,5.954196310386875,0.0161290322580645,5.954196310386875,0.0960354243610786,,,,,,,,,,,
feeling,4,3.9585931160065715e-05,14.62465268685824,7,NN,NN,feel,0,4,3.9541963103868754,0.000114142060354,15.8167852415475,0.064516129032258,3.9541963103868754,0.2551094393797984,1.0,1.0,1.0,1.0,1.0,1.0,1.0,1.0,1.0,1.0,0.0
shelter,4,3.9585931160065715e-05,14.62465268685824,7,NN,NN,shelter,0,3,4.369233809665719,0.0002390688364227,13.107701428997157,0.0483870967741935,4.369233809665719,0.2114145391773735,0.0,0.0,0.0,0.0,0.0,0.0,1.0,0.0,0.0,1.0,1.0
thrush,4,3.9585931160065715e-05,14.62465268685824,6,NN,NN,thrush,0,2,4.954196310386875,0.0001973921134616,9.90839262077375,0.032258064516129,4.954196310386875,0.1598127842060282,,,,,,,,,,,
thread,4,3.9585931160065715e-05,14.62465268685824,6,JJ,JJ,thread,0,3,4.369233809665719,0.0003725386759035,13.107701428997157,0.0483870967741935,4.369233809665719,0.2114145391773735,,,,,,,,,,,
bell,4,3.9585931160065715e-05,14.62465268685824,4,NN,NN,bell,0,1,5.954196310386875,0.0001010101755046,5.954196310386875,0.0161290322580645,5.954196310386875,0.0960354243610786,,,,,,,,,,,
gifts,4,3.9585931160065715e-05,14.62465268685824,5,NN,NNS,gift,0,3,4.369233809665719,0.0001930498454452,13.107701428997157,0.0483870967741935,4.369233809665719,0.2114145391773735,,,,,,,,,,,
whip,4,3.9585931160065715e-05,14.62465268685824,4,NN,NN,whip,0,3,4.369233809665719,0.0001399984841783,13.107701428997157,0.0483870967741935,4.369233809665719,0.2114145391773735,1.0,0.0,0.0,0.0,0.0,1.0,0.0,0.0,0.0,0.0,-1.0
riches,4,3.9585931160065715e-05,14.62465268685824,6,NN,NNS,rich,0,4,3.9541963103868754,0.000107779263561,15.8167852415475,0.064516129032258,3.9541963103868754,0.2551094393797984,,,,,,,,,,,
size,4,3.9585931160065715e-05,14.62465268685824,4,NN,NN,size,0,3,4.369233809665719,0.0002289691180053,13.107701428997157,0.0483870967741935,4.369233809665719,0.2114145391773735,,,,,,,,,,,
horseman,4,3.9585931160065715e-05,14.62465268685824,8,NN,NN,horseman,0,2,4.954196310386875,0.0001699302313574,9.90839262077375,0.032258064516129,4.954196310386875,0.1598127842060282,,,,,,,,,,,
gentle,4,3.9585931160065715e-05,14.62465268685824,6,JJ,JJ,gentl,0,4,3.9541963103868754,0.0001301262206574,15.8167852415475,0.064516129032258,3.9541963103868754,0.2551094393797984,,,,,,,,,,,
scattered,4,3.9585931160065715e-05,14.62465268685824,9,VB,VBN,scatter,0,4,3.9541963103868754,0.0001717618731205,15.8167852415475,0.064516129032258,3.9541963103868754,0.2551094393797984,,,,,,,,,,,
growing,4,3.9585931160065715e-05,14.62465268685824,7,VB,VBG,grow,0,4,3.9541963103868754,0.0001425257399077,15.8167852415475,0.064516129032258,3.9541963103868754,0.2551094393797984,,,,,,,,,,,
touch,4,3.9585931160065715e-05,14.62465268685824,5,VB,VB,touch,0,4,3.9541963103868754,0.0001939222386303,15.8167852415475,0.064516129032258,3.9541963103868754,0.2551094393797984,,,,,,,,,,,
roots,4,3.9585931160065715e-05,14.62465268685824,5,NN,NNS,root,0,3,4.369233809665719,0.0001675698096337,13.107701428997157,0.0483870967741935,4.369233809665719,0.2114145391773735,,,,,,,,,,,
desired,4,3.9585931160065715e-05,14.62465268685824,7,VB,VBD,desir,0,4,3.9541963103868754,0.0001937218589888,15.8167852415475,0.064516129032258,3.9541963103868754,0.2551094393797984,,,,,,,,,,,
crabb,4,3.9585931160065715e-05,14.62465268685824,5,NN,NNP,crabb,0,1,5.954196310386875,0.0004931215628296,5.954196310386875,0.0161290322580645,5.954196310386875,0.0960354243610786,,,,,,,,,,,
christening,4,3.9585931160065715e-05,14.62465268685824,11,NN,NN,christen,0,3,4.369233809665719,0.0002171016763481,13.107701428997157,0.0483870967741935,4.369233809665719,0.2114145391773735,,,,,,,,,,,
dragging,4,3.9585931160065715e-05,14.62465268685824,8,VB,VBG,drag,0,3,4.369233809665719,0.0002675560696424,13.107701428997157,0.0483870967741935,4.369233809665719,0.2114145391773735,,,,,,,,,,,
heels,4,3.9585931160065715e-05,14.62465268685824,5,NN,NNS,heel,0,4,3.9541963103868754,0.000212708459089,15.8167852415475,0.064516129032258,3.9541963103868754,0.2551094393797984,,,,,,,,,,,
sold,4,3.9585931160065715e-05,14.62465268685824,4,VB,VBD,sold,0,4,3.9541963103868754,0.0001653970491051,15.8167852415475,0.064516129032258,3.9541963103868754,0.2551094393797984,,,,,,,,,,,
devil,4,3.9585931160065715e-05,14.62465268685824,5,NN,NN,devil,0,3,4.369233809665719,0.0001378812633699,13.107701428997157,0.0483870967741935,4.369233809665719,0.2114145391773735,1.0,1.0,1.0,1.0,0.0,1.0,0.0,1.0,0.0,0.0,-1.0
turnip,4,3.9585931160065715e-05,14.62465268685824,6,NN,NN,turnip,0,1,5.954196310386875,0.0003323025064397,5.954196310386875,0.0161290322580645,5.954196310386875,0.0960354243610786,,,,,,,,,,,
distance,4,3.9585931160065715e-05,14.62465268685824,8,NN,NN,distanc,0,4,3.9541963103868754,0.0002014196179845,15.8167852415475,0.064516129032258,3.9541963103868754,0.2551094393797984,,,,,,,,,,,
chandelier,4,3.9585931160065715e-05,14.62465268685824,10,NN,NN,chandeli,0,1,5.954196310386875,0.0004090965893975,5.954196310386875,0.0161290322580645,5.954196310386875,0.0960354243610786,,,,,,,,,,,
nearly,4,3.9585931160065715e-05,14.62465268685824,6,RB,RB,nearli,0,4,3.9541963103868754,0.0001948738218589,15.8167852415475,0.064516129032258,3.9541963103868754,0.2551094393797984,,,,,,,,,,,
jip,4,3.9585931160065715e-05,14.62465268685824,3,NN,NNP,jip,0,2,4.954196310386875,0.0003900588127056,9.90839262077375,0.032258064516129,4.954196310386875,0.1598127842060282,,,,,,,,,,,
burn,4,3.9585931160065715e-05,14.62465268685824,4,VB,VB,burn,0,3,4.369233809665719,0.0003907245650756,13.107701428997157,0.0483870967741935,4.369233809665719,0.2114145391773735,,,,,,,,,,,
bees,4,3.9585931160065715e-05,14.62465268685824,4,NN,NNS,bee,0,2,4.954196310386875,0.0003665319020671,9.90839262077375,0.032258064516129,4.954196310386875,0.1598127842060282,,,,,,,,,,,
ants,4,3.9585931160065715e-05,14.62465268685824,4,NN,NNS,ant,0,2,4.954196310386875,0.0003289319701455,9.90839262077375,0.032258064516129,4.954196310386875,0.1598127842060282,,,,,,,,,,,
darkness,4,3.9585931160065715e-05,14.62465268685824,8,NN,NN,dark,0,4,3.9541963103868754,0.0001033228543686,15.8167852415475,0.064516129032258,3.9541963103868754,0.2551094393797984,1.0,0.0,0.0,1.0,0.0,1.0,0.0,1.0,0.0,0.0,-1.0
messengers,4,3.9585931160065715e-05,14.62465268685824,10,NN,NNS,messeng,0,2,4.954196310386875,0.0002140284615373,9.90839262077375,0.032258064516129,4.954196310386875,0.1598127842060282,,,,,,,,,,,
courtiers,4,3.9585931160065715e-05,14.62465268685824,9,NN,NNS,courtier,0,3,4.369233809665719,0.0001118459576843,13.107701428997157,0.0483870967741935,4.369233809665719,0.2114145391773735,,,,,,,,,,,
pan,4,3.9585931160065715e-05,14.62465268685824,3,NN,NN,pan,0,2,4.954196310386875,0.0004004549421661,9.90839262077375,0.032258064516129,4.954196310386875,0.1598127842060282,,,,,,,,,,,
trick,4,3.9585931160065715e-05,14.62465268685824,5,NN,NN,trick,0,4,3.9541963103868754,0.0001738051755004,15.8167852415475,0.064516129032258,3.9541963103868754,0.2551094393797984,0.0,0.0,0.0,0.0,0.0,1.0,0.0,0.0,1.0,0.0,-1.0
dug,4,3.9585931160065715e-05,14.62465268685824,3,VB,VB,dug,0,4,3.9541963103868754,0.0001491120906384,15.8167852415475,0.064516129032258,3.9541963103868754,0.2551094393797984,,,,,,,,,,,
soot,4,3.9585931160065715e-05,14.62465268685824,4,NN,NN,soot,0,1,5.954196310386875,0.0001798416186537,5.954196310386875,0.0161290322580645,5.954196310386875,0.0960354243610786,0.0,0.0,1.0,0.0,0.0,1.0,0.0,0.0,0.0,0.0,-1.0
steal,4,3.9585931160065715e-05,14.62465268685824,5,VB,VB,steal,0,4,3.9541963103868754,0.0001326956805996,15.8167852415475,0.064516129032258,3.9541963103868754,0.2551094393797984,1.0,0.0,0.0,1.0,0.0,1.0,0.0,1.0,0.0,0.0,-1.0
wrapped,4,3.9585931160065715e-05,14.62465268685824,7,VB,VBD,wrap,0,4,3.9541963103868754,0.0001263099326439,15.8167852415475,0.064516129032258,3.9541963103868754,0.2551094393797984,,,,,,,,,,,
thoughts,4,3.9585931160065715e-05,14.62465268685824,8,NN,NNS,thought,0,4,3.9541963103868754,0.0001360408667582,15.8167852415475,0.064516129032258,3.9541963103868754,0.2551094393797984,,,,,,,,,,,
breast,4,3.9585931160065715e-05,14.62465268685824,6,NN,NN,breast,0,2,4.954196310386875,9.254801883233338e-05,9.90839262077375,0.032258064516129,4.954196310386875,0.1598127842060282,,,,,,,,,,,
mantle,4,3.9585931160065715e-05,14.62465268685824,6,NN,NN,mantl,0,1,5.954196310386875,0.0001798416186537,5.954196310386875,0.0161290322580645,5.954196310386875,0.0960354243610786,,,,,,,,,,,
grain,4,3.9585931160065715e-05,14.62465268685824,5,NN,NN,grain,0,2,4.954196310386875,0.0001608055922689,9.90839262077375,0.032258064516129,4.954196310386875,0.1598127842060282,,,,,,,,,,,
neat,4,3.9585931160065715e-05,14.62465268685824,4,JJ,JJ,neat,0,4,3.9541963103868754,0.0001717983108504,15.8167852415475,0.064516129032258,3.9541963103868754,0.2551094393797984,,,,,,,,,,,
different,4,3.9585931160065715e-05,14.62465268685824,9,JJ,JJ,differ,0,4,3.9541963103868754,0.0001177378287224,15.8167852415475,0.064516129032258,3.9541963103868754,0.2551094393797984,,,,,,,,,,,
coals,4,3.9585931160065715e-05,14.62465268685824,5,NN,NNS,coal,0,2,4.954196310386875,0.0001910846667164,9.90839262077375,0.032258064516129,4.954196310386875,0.1598127842060282,,,,,,,,,,,
weave,4,3.9585931160065715e-05,14.62465268685824,5,VB,VB,weav,0,3,4.369233809665719,0.0001780334357311,13.107701428997157,0.0483870967741935,4.369233809665719,0.2114145391773735,,,,,,,,,,,
bark,4,3.9585931160065715e-05,14.62465268685824,4,NN,NN,bark,0,2,4.954196310386875,0.0002905447094499,9.90839262077375,0.032258064516129,4.954196310386875,0.1598127842060282,1.0,0.0,0.0,0.0,0.0,1.0,0.0,0.0,0.0,0.0,-1.0
vinegar,4,3.9585931160065715e-05,14.62465268685824,7,NN,NN,vinegar,0,1,5.954196310386875,0.0002003869052917,5.954196310386875,0.0161290322580645,5.954196310386875,0.0960354243610786,,,,,,,,,,,
concealed,4,3.9585931160065715e-05,14.62465268685824,9,VB,VBN,conceal,0,4,3.9541963103868754,0.0004028994936372,15.8167852415475,0.064516129032258,3.9541963103868754,0.2551094393797984,0.0,1.0,0.0,1.0,0.0,1.0,0.0,0.0,1.0,0.0,-1.0
fourth,4,3.9585931160065715e-05,14.62465268685824,6,JJ,JJ,fourth,0,4,3.9541963103868754,0.0002095385382773,15.8167852415475,0.064516129032258,3.9541963103868754,0.2551094393797984,,,,,,,,,,,
knock,4,3.9585931160065715e-05,14.62465268685824,5,NN,NN,knock,0,4,3.9541963103868754,0.0002819194823399,15.8167852415475,0.064516129032258,3.9541963103868754,0.2551094393797984,,,,,,,,,,,
seat,4,3.9585931160065715e-05,14.62465268685824,4,NN,NN,seat,0,4,3.9541963103868754,0.0002069153580116,15.8167852415475,0.064516129032258,3.9541963103868754,0.2551094393797984,,,,,,,,,,,
sees,4,3.9585931160065715e-05,14.62465268685824,4,VB,VBZ,see,0,4,3.9541963103868754,0.0001624378207161,15.8167852415475,0.064516129032258,3.9541963103868754,0.2551094393797984,,,,,,,,,,,
happens,4,3.9585931160065715e-05,14.62465268685824,7,VB,VBZ,happen,0,4,3.9541963103868754,0.0001585147109347,15.8167852415475,0.064516129032258,3.9541963103868754,0.2551094393797984,,,,,,,,,,,
ladder,4,3.9585931160065715e-05,14.62465268685824,6,NN,NN,ladder,0,3,4.369233809665719,0.0001572554770059,13.107701428997157,0.0483870967741935,4.369233809665719,0.2114145391773735,,,,,,,,,,,
purse,4,3.9585931160065715e-05,14.62465268685824,5,NN,NN,purs,0,1,5.954196310386875,0.0003260965173551,5.954196310386875,0.0161290322580645,5.954196310386875,0.0960354243610786,,,,,,,,,,,
ten,4,3.9585931160065715e-05,14.62465268685824,3,JJ,JJ,ten,0,3,4.369233809665719,0.0001657329552755,13.107701428997157,0.0483870967741935,4.369233809665719,0.2114145391773735,,,,,,,,,,,
descend,4,3.9585931160065715e-05,14.62465268685824,7,NN,NN,descend,0,2,4.954196310386875,0.000238775813721,9.90839262077375,0.032258064516129,4.954196310386875,0.1598127842060282,,,,,,,,,,,
allgone,4,3.9585931160065715e-05,14.62465268685824,7,NN,NN,allgon,0,1,5.954196310386875,0.0003899915710094,5.954196310386875,0.0161290322580645,5.954196310386875,0.0960354243610786,,,,,,,,,,,
bean,4,3.9585931160065715e-05,14.62465268685824,4,NN,NN,bean,0,1,5.954196310386875,0.0007621859076276,5.954196310386875,0.0161290322580645,5.954196310386875,0.0960354243610786,,,,,,,,,,,
whispered,4,3.9585931160065715e-05,14.62465268685824,9,VB,VBD,whisper,0,2,4.954196310386875,0.0001462597423107,9.90839262077375,0.032258064516129,4.954196310386875,0.1598127842060282,,,,,,,,,,,
discover,4,3.9585931160065715e-05,14.62465268685824,8,VB,VB,discov,0,3,4.369233809665719,0.0001941983419199,13.107701428997157,0.0483870967741935,4.369233809665719,0.2114145391773735,,,,,,,,,,,
request,4,3.9585931160065715e-05,14.62465268685824,7,NN,NN,request,0,3,4.369233809665719,0.0001843657440166,13.107701428997157,0.0483870967741935,4.369233809665719,0.2114145391773735,,,,,,,,,,,
holes,4,3.9585931160065715e-05,14.62465268685824,5,NN,NNS,hole,0,4,3.9541963103868754,0.0001660666744141,15.8167852415475,0.064516129032258,3.9541963103868754,0.2551094393797984,,,,,,,,,,,
cover,4,3.9585931160065715e-05,14.62465268685824,5,NN,NN,cover,0,3,4.369233809665719,0.000225427242703,13.107701428997157,0.0483870967741935,4.369233809665719,0.2114145391773735,,,,,,,,,,,
sweep,4,3.9585931160065715e-05,14.62465268685824,5,VB,VB,sweep,0,3,4.369233809665719,0.0003010014388477,13.107701428997157,0.0483870967741935,4.369233809665719,0.2114145391773735,,,,,,,,,,,
clumsy,4,3.9585931160065715e-05,14.62465268685824,6,JJ,JJ,clumsi,0,3,4.369233809665719,0.000128791450858,13.107701428997157,0.0483870967741935,4.369233809665719,0.2114145391773735,0.0,0.0,1.0,0.0,0.0,1.0,0.0,0.0,0.0,0.0,-1.0
remember,4,3.9585931160065715e-05,14.62465268685824,8,VB,VB,rememb,0,2,4.954196310386875,0.0002182218434631,9.90839262077375,0.032258064516129,4.954196310386875,0.1598127842060282,,,,,,,,,,,
knocking,4,3.9585931160065715e-05,14.62465268685824,8,VB,VBG,knock,0,3,4.369233809665719,0.0002482425129332,13.107701428997157,0.0483870967741935,4.369233809665719,0.2114145391773735,,,,,,,,,,,
dread,4,3.9585931160065715e-05,14.62465268685824,5,NN,NN,dread,0,3,4.369233809665719,0.0001455256620479,13.107701428997157,0.0483870967741935,4.369233809665719,0.2114145391773735,0.0,1.0,0.0,1.0,0.0,1.0,0.0,0.0,0.0,0.0,-1.0
joyfully,4,3.9585931160065715e-05,14.62465268685824,8,RB,RB,joy,0,4,3.9541963103868754,0.0002776840169522,15.8167852415475,0.064516129032258,3.9541963103868754,0.2551094393797984,,,,,,,,,,,
reel,4,3.9585931160065715e-05,14.62465268685824,4,NN,NNP,reel,0,1,5.954196310386875,0.0003346182033487,5.954196310386875,0.0161290322580645,5.954196310386875,0.0960354243610786,,,,,,,,,,,
rascal,4,3.9585931160065715e-05,14.62465268685824,6,JJ,JJ,rascal,0,4,3.9541963103868754,0.0002044635092693,15.8167852415475,0.064516129032258,3.9541963103868754,0.2551094393797984,1.0,0.0,1.0,1.0,0.0,1.0,0.0,0.0,0.0,0.0,-1.0
greater,4,3.9585931160065715e-05,14.62465268685824,7,JJ,JJR,greater,0,4,3.9541963103868754,0.0001242441237135,15.8167852415475,0.064516129032258,3.9541963103868754,0.2551094393797984,,,,,,,,,,,
hoped,4,3.9585931160065715e-05,14.62465268685824,5,VB,VBD,hope,0,4,3.9541963103868754,0.0001360408579192,15.8167852415475,0.064516129032258,3.9541963103868754,0.2551094393797984,,,,,,,,,,,
several,4,3.9585931160065715e-05,14.62465268685824,7,JJ,JJ,sever,0,4,3.9541963103868754,0.0001231815874822,15.8167852415475,0.064516129032258,3.9541963103868754,0.2551094393797984,,,,,,,,,,,
luckily,4,3.9585931160065715e-05,14.62465268685824,7,RB,RB,luckili,0,4,3.9541963103868754,0.0002073461172786,15.8167852415475,0.064516129032258,3.9541963103868754,0.2551094393797984,,,,,,,,,,,
news,4,3.9585931160065715e-05,14.62465268685824,4,NN,NN,news,0,3,4.369233809665719,0.0002037395293055,13.107701428997157,0.0483870967741935,4.369233809665719,0.2114145391773735,,,,,,,,,,,
maps,4,3.9585931160065715e-05,14.62465268685824,4,NN,NNS,map,0,1,5.954196310386875,0.0001587362386133,5.954196310386875,0.0161290322580645,5.954196310386875,0.0960354243610786,,,,,,,,,,,
hero,4,3.9585931160065715e-05,14.62465268685824,4,NN,NN,hero,0,1,5.954196310386875,0.0001146349440299,5.954196310386875,0.0161290322580645,5.954196310386875,0.0960354243610786,0.0,1.0,0.0,0.0,1.0,0.0,1.0,0.0,1.0,1.0,1.0
drawing,4,3.9585931160065715e-05,14.62465268685824,7,VB,VBG,draw,0,4,3.9541963103868754,0.0001574704460692,15.8167852415475,0.064516129032258,3.9541963103868754,0.2551094393797984,,,,,,,,,,,
collar,4,3.9585931160065715e-05,14.62465268685824,6,NN,NN,collar,0,2,4.954196310386875,0.000158464462307,9.90839262077375,0.032258064516129,4.954196310386875,0.1598127842060282,,,,,,,,,,,
chimney,4,3.9585931160065715e-05,14.62465268685824,7,NN,NN,chimney,0,4,3.9541963103868754,0.0001103803373741,15.8167852415475,0.064516129032258,3.9541963103868754,0.2551094393797984,,,,,,,,,,,
tender,4,3.9585931160065715e-05,14.62465268685824,6,JJ,JJ,tender,0,4,3.9541963103868754,0.0001199709967428,15.8167852415475,0.064516129032258,3.9541963103868754,0.2551094393797984,0.0,0.0,0.0,0.0,1.0,0.0,1.0,0.0,0.0,1.0,1.0
gentleman,4,3.9585931160065715e-05,14.62465268685824,9,NN,NN,gentleman,0,3,4.369233809665719,0.0004658695917513,13.107701428997157,0.0483870967741935,4.369233809665719,0.2114145391773735,0.0,0.0,0.0,0.0,0.0,0.0,1.0,0.0,0.0,1.0,1.0
soundly,4,3.9585931160065715e-05,14.62465268685824,7,RB,RB,soundli,0,4,3.9541963103868754,0.0001356125803069,15.8167852415475,0.064516129032258,3.9541963103868754,0.2551094393797984,,,,,,,,,,,
slyly,4,3.9585931160065715e-05,14.62465268685824,5,JJ,JJ,slyli,0,4,3.9541963103868754,0.0001741167131313,15.8167852415475,0.064516129032258,3.9541963103868754,0.2551094393797984,,,,,,,,,,,
ebony,4,3.9585931160065715e-05,14.62465268685824,5,NN,NN,eboni,0,1,5.954196310386875,0.0001609981967495,5.954196310386875,0.0161290322580645,5.954196310386875,0.0960354243610786,,,,,,,,,,,
lovelier,4,3.9585931160065715e-05,14.62465268685824,8,JJ,JJR,loveli,0,1,5.954196310386875,0.0001609981967495,5.954196310386875,0.0161290322580645,5.954196310386875,0.0960354243610786,,,,,,,,,,,
alarmed,4,3.9585931160065715e-05,14.62465268685824,7,VB,VBN,alarm,0,4,3.9541963103868754,0.0002425936435433,15.8167852415475,0.064516129032258,3.9541963103868754,0.2551094393797984,,,,,,,,,,,
job,4,3.9585931160065715e-05,14.62465268685824,3,NN,NN,job,0,3,4.369233809665719,0.0003009546831776,13.107701428997157,0.0483870967741935,4.369233809665719,0.2114145391773735,,,,,,,,,,,
bells,4,3.9585931160065715e-05,14.62465268685824,5,NN,NNS,bell,0,2,4.954196310386875,0.0002073181957753,9.90839262077375,0.032258064516129,4.954196310386875,0.1598127842060282,,,,,,,,,,,
granted,4,3.9585931160065715e-05,14.62465268685824,7,VB,VBN,grant,0,4,3.9541963103868754,0.0001187690372104,15.8167852415475,0.064516129032258,3.9541963103868754,0.2551094393797984,,,,,,,,,,,
dreadfully,4,3.9585931160065715e-05,14.62465268685824,10,RB,RB,dread,0,4,3.9541963103868754,0.000125994401545,15.8167852415475,0.064516129032258,3.9541963103868754,0.2551094393797984,0.0,0.0,1.0,1.0,0.0,1.0,0.0,1.0,1.0,0.0,-1.0
rooms,4,3.9585931160065715e-05,14.62465268685824,5,NN,NNS,room,0,4,3.9541963103868754,0.0001631298095541,15.8167852415475,0.064516129032258,3.9541963103868754,0.2551094393797984,,,,,,,,,,,
claw,4,3.9585931160065715e-05,14.62465268685824,4,NN,NN,claw,0,1,5.954196310386875,0.0001243982180842,5.954196310386875,0.0161290322580645,5.954196310386875,0.0960354243610786,1.0,0.0,0.0,1.0,0.0,1.0,0.0,0.0,0.0,0.0,-1.0
squire,4,3.9585931160065715e-05,14.62465268685824,6,NN,NN,squir,0,2,4.954196310386875,0.0001289629364408,9.90839262077375,0.032258064516129,4.954196310386875,0.1598127842060282,,,,,,,,,,,
roaring,4,3.9585931160065715e-05,14.62465268685824,7,VB,VBG,roar,0,4,3.9541963103868754,0.0001478673830748,15.8167852415475,0.064516129032258,3.9541963103868754,0.2551094393797984,,,,,,,,,,,
stables,4,3.9585931160065715e-05,14.62465268685824,7,NN,NNS,stabl,0,3,4.369233809665719,0.0002081455388666,13.107701428997157,0.0483870967741935,4.369233809665719,0.2114145391773735,,,,,,,,,,,
turning,4,3.9585931160065715e-05,14.62465268685824,7,VB,VBG,turn,0,4,3.9541963103868754,0.0001271225503008,15.8167852415475,0.064516129032258,3.9541963103868754,0.2551094393797984,,,,,,,,,,,
pulling,4,3.9585931160065715e-05,14.62465268685824,7,VB,VBG,pull,0,4,3.9541963103868754,0.0001662315367899,15.8167852415475,0.064516129032258,3.9541963103868754,0.2551094393797984,,,,,,,,,,,
goldsmith,4,3.9585931160065715e-05,14.62465268685824,9,NN,NN,goldsmith,0,1,5.954196310386875,0.0001243982180842,5.954196310386875,0.0161290322580645,5.954196310386875,0.0960354243610786,,,,,,,,,,,
working,4,3.9585931160065715e-05,14.62465268685824,7,VB,VBG,work,0,4,3.9541963103868754,0.0001107668934852,15.8167852415475,0.064516129032258,3.9541963103868754,0.2551094393797984,,,,,,,,,,,
mischief,4,3.9585931160065715e-05,14.62465268685824,8,NN,NN,mischief,0,4,3.9541963103868754,0.0001344653675724,15.8167852415475,0.064516129032258,3.9541963103868754,0.2551094393797984,,,,,,,,,,,
spirit,4,3.9585931160065715e-05,14.62465268685824,6,NN,NN,spirit,0,2,4.954196310386875,9.864067690606574e-05,9.90839262077375,0.032258064516129,4.954196310386875,0.1598127842060282,,,,,,,,,,,
couch,4,3.9585931160065715e-05,14.62465268685824,5,JJ,JJ,couch,0,2,4.954196310386875,0.000137106901914,9.90839262077375,0.032258064516129,4.954196310386875,0.1598127842060282,,,,,,,,,,,
shuddering,4,3.9585931160065715e-05,14.62465268685824,10,NN,NN,shudder,0,2,4.954196310386875,0.0001172080550544,9.90839262077375,0.032258064516129,4.954196310386875,0.1598127842060282,,,,,,,,,,,
sorrow,4,3.9585931160065715e-05,14.62465268685824,6,NN,NN,sorrow,0,4,3.9541963103868754,0.0001405675985458,15.8167852415475,0.064516129032258,3.9541963103868754,0.2551094393797984,0.0,0.0,0.0,1.0,0.0,1.0,0.0,1.0,0.0,0.0,-1.0
wherein,4,3.9585931160065715e-05,14.62465268685824,7,NN,NN,wherein,0,4,3.9541963103868754,0.0001196734501817,15.8167852415475,0.064516129032258,3.9541963103868754,0.2551094393797984,,,,,,,,,,,
lonely,4,3.9585931160065715e-05,14.62465268685824,6,JJ,JJ,lone,0,4,3.9541963103868754,0.0002233732886295,15.8167852415475,0.064516129032258,3.9541963103868754,0.2551094393797984,1.0,0.0,1.0,1.0,0.0,1.0,0.0,1.0,0.0,0.0,-1.0
invisible,4,3.9585931160065715e-05,14.62465268685824,9,JJ,JJ,invis,0,3,4.369233809665719,0.0001452219440166,13.107701428997157,0.0483870967741935,4.369233809665719,0.2114145391773735,,,,,,,,,,,
injury,4,3.9585931160065715e-05,14.62465268685824,6,NN,NN,injuri,0,4,3.9541963103868754,0.0001610377598243,15.8167852415475,0.064516129032258,3.9541963103868754,0.2551094393797984,1.0,0.0,0.0,1.0,0.0,1.0,0.0,1.0,0.0,0.0,-1.0
masters,4,3.9585931160065715e-05,14.62465268685824,7,NN,NNS,master,0,3,4.369233809665719,0.0001965409567057,13.107701428997157,0.0483870967741935,4.369233809665719,0.2114145391773735,,,,,,,,,,,
girdle,4,3.9585931160065715e-05,14.62465268685824,6,NN,NN,girdl,0,1,5.954196310386875,0.0001146349440299,5.954196310386875,0.0161290322580645,5.954196310386875,0.0960354243610786,,,,,,,,,,,
mark,4,3.9585931160065715e-05,14.62465268685824,4,NN,NN,mark,0,2,4.954196310386875,0.0001659012049444,9.90839262077375,0.032258064516129,4.954196310386875,0.1598127842060282,,,,,,,,,,,
silk,4,3.9585931160065715e-05,14.62465268685824,4,NN,NN,silk,0,3,4.369233809665719,0.0001227354418432,13.107701428997157,0.0483870967741935,4.369233809665719,0.2114145391773735,,,,,,,,,,,
kiss,4,3.9585931160065715e-05,14.62465268685824,4,NN,NN,kiss,0,3,4.369233809665719,0.0001258287989914,13.107701428997157,0.0483870967741935,4.369233809665719,0.2114145391773735,0.0,1.0,0.0,0.0,1.0,0.0,1.0,0.0,1.0,0.0,1.0
rested,4,3.9585931160065715e-05,14.62465268685824,6,VB,VBD,rest,0,3,4.369233809665719,0.000116965714605,13.107701428997157,0.0483870967741935,4.369233809665719,0.2114145391773735,,,,,,,,,,,
penny,4,3.9585931160065715e-05,14.62465268685824,5,NN,NN,penni,0,2,4.954196310386875,0.00020286920592,9.90839262077375,0.032258064516129,4.954196310386875,0.1598127842060282,,,,,,,,,,,
glittering,4,3.9585931160065715e-05,14.62465268685824,10,NN,NN,glitter,0,4,3.9541963103868754,0.0001707915386128,15.8167852415475,0.064516129032258,3.9541963103868754,0.2551094393797984,,,,,,,,,,,
hot,4,3.9585931160065715e-05,14.62465268685824,3,JJ,JJ,hot,0,4,3.9541963103868754,0.0001538985208723,15.8167852415475,0.064516129032258,3.9541963103868754,0.2551094393797984,,,,,,,,,,,
hours,4,3.9585931160065715e-05,14.62465268685824,5,NN,NNS,hour,0,4,3.9541963103868754,0.0001399984976581,15.8167852415475,0.064516129032258,3.9541963103868754,0.2551094393797984,,,,,,,,,,,
jam,4,3.9585931160065715e-05,14.62465268685824,3,NN,NN,jam,0,1,5.954196310386875,0.0001146349440299,5.954196310386875,0.0161290322580645,5.954196310386875,0.0960354243610786,,,,,,,,,,,
wondered,4,3.9585931160065715e-05,14.62465268685824,8,VB,VBD,wonder,0,4,3.9541963103868754,0.0001880515969698,15.8167852415475,0.064516129032258,3.9541963103868754,0.2551094393797984,,,,,,,,,,,
grows,4,3.9585931160065715e-05,14.62465268685824,5,VB,VBZ,grow,0,2,4.954196310386875,0.0002153518033094,9.90839262077375,0.032258064516129,4.954196310386875,0.1598127842060282,,,,,,,,,,,
holding,4,3.9585931160065715e-05,14.62465268685824,7,VB,VBG,hold,0,4,3.9541963103868754,0.0003040197106304,15.8167852415475,0.064516129032258,3.9541963103868754,0.2551094393797984,,,,,,,,,,,
lad,3,2.968944837004929e-05,15.039690186137085,3,NN,NN,lad,0,2,4.954196310386875,0.0001412759993569,9.90839262077375,0.032258064516129,4.954196310386875,0.1598127842060282,,,,,,,,,,,
pigeonhouse,3,2.968944837004929e-05,15.039690186137085,11,NN,NN,pigeonhous,0,1,5.954196310386875,0.0001112809088772,5.954196310386875,0.0161290322580645,5.954196310386875,0.0960354243610786,,,,,,,,,,,
squeezed,3,2.968944837004929e-05,15.039690186137085,8,VB,VBD,squeez,0,2,4.954196310386875,8.557314702863977e-05,9.90839262077375,0.032258064516129,4.954196310386875,0.1598127842060282,,,,,,,,,,,
industrious,3,2.968944837004929e-05,15.039690186137085,11,JJ,JJ,industri,0,2,4.954196310386875,0.0001195981727285,9.90839262077375,0.032258064516129,4.954196310386875,0.1598127842060282,,,,,,,,,,,
necklace,3,2.968944837004929e-05,15.039690186137085,8,NN,NN,necklac,0,2,4.954196310386875,0.0001444235903674,9.90839262077375,0.032258064516129,4.954196310386875,0.1598127842060282,,,,,,,,,,,
course,3,2.968944837004929e-05,15.039690186137085,6,NN,NN,cours,0,3,4.369233809665719,9.243128898896706e-05,13.107701428997157,0.0483870967741935,4.369233809665719,0.2114145391773735,,,,,,,,,,,
chairs,3,2.968944837004929e-05,15.039690186137085,6,NN,NNS,chair,0,3,4.369233809665719,0.0001493903769206,13.107701428997157,0.0483870967741935,4.369233809665719,0.2114145391773735,,,,,,,,,,,
mad,3,2.968944837004929e-05,15.039690186137085,3,JJ,JJ,mad,0,2,4.954196310386875,0.0001500023067457,9.90839262077375,0.032258064516129,4.954196310386875,0.1598127842060282,1.0,0.0,1.0,1.0,0.0,1.0,0.0,1.0,0.0,0.0,-1.0
condition,3,2.968944837004929e-05,15.039690186137085,9,NN,NN,condit,0,3,4.369233809665719,0.0001317560061253,13.107701428997157,0.0483870967741935,4.369233809665719,0.2114145391773735,,,,,,,,,,,
named,3,2.968944837004929e-05,15.039690186137085,5,VB,VBN,name,0,3,4.369233809665719,0.0001801479410641,13.107701428997157,0.0483870967741935,4.369233809665719,0.2114145391773735,,,,,,,,,,,
force,3,2.968944837004929e-05,15.039690186137085,5,NN,NN,forc,0,2,4.954196310386875,0.0002770999066734,9.90839262077375,0.032258064516129,4.954196310386875,0.1598127842060282,1.0,0.0,0.0,1.0,0.0,1.0,0.0,0.0,0.0,0.0,-1.0
flee,3,2.968944837004929e-05,15.039690186137085,4,VB,VB,flee,0,3,4.369233809665719,0.0001464451716566,13.107701428997157,0.0483870967741935,4.369233809665719,0.2114145391773735,0.0,0.0,0.0,1.0,0.0,1.0,0.0,0.0,0.0,0.0,-1.0
pursued,3,2.968944837004929e-05,15.039690186137085,7,VB,VBD,pursu,0,2,4.954196310386875,8.249681245955069e-05,9.90839262077375,0.032258064516129,4.954196310386875,0.1598127842060282,,,,,,,,,,,
hunt,3,2.968944837004929e-05,15.039690186137085,4,VB,VB,hunt,0,3,4.369233809665719,0.0001694281514863,13.107701428997157,0.0483870967741935,4.369233809665719,0.2114145391773735,,,,,,,,,,,
wishingcloak,3,2.968944837004929e-05,15.039690186137085,12,JJ,JJ,wishingcloak,0,1,5.954196310386875,0.000130482913534,5.954196310386875,0.0161290322580645,5.954196310386875,0.0960354243610786,,,,,,,,,,,
toes,3,2.968944837004929e-05,15.039690186137085,4,NN,NNS,toe,0,3,4.369233809665719,9.435916724171568e-05,13.107701428997157,0.0483870967741935,4.369233809665719,0.2114145391773735,,,,,,,,,,,
fight,3,2.968944837004929e-05,15.039690186137085,5,VB,VB,fight,0,2,4.954196310386875,0.0002325451857569,9.90839262077375,0.032258064516129,4.954196310386875,0.1598127842060282,1.0,0.0,0.0,1.0,0.0,1.0,0.0,0.0,0.0,0.0,-1.0
hollow,3,2.968944837004929e-05,15.039690186137085,6,JJ,JJ,hollow,0,2,4.954196310386875,0.0001679497123246,9.90839262077375,0.032258064516129,4.954196310386875,0.1598127842060282,0.0,0.0,0.0,0.0,0.0,1.0,0.0,1.0,0.0,0.0,-1.0
wore,3,2.968944837004929e-05,15.039690186137085,4,VB,VBD,wore,0,3,4.369233809665719,0.0001340264825376,13.107701428997157,0.0483870967741935,4.369233809665719,0.2114145391773735,,,,,,,,,,,
skins,3,2.968944837004929e-05,15.039690186137085,5,NN,NNS,skin,0,2,4.954196310386875,0.0001142424289286,9.90839262077375,0.032258064516129,4.954196310386875,0.1598127842060282,,,,,,,,,,,
gladness,3,2.968944837004929e-05,15.039690186137085,8,NN,NN,glad,0,3,4.369233809665719,0.0001427985574119,13.107701428997157,0.0483870967741935,4.369233809665719,0.2114145391773735,0.0,0.0,0.0,0.0,1.0,0.0,1.0,0.0,0.0,0.0,1.0
blows,3,2.968944837004929e-05,15.039690186137085,5,VB,VBZ,blow,0,3,4.369233809665719,0.0001118447018484,13.107701428997157,0.0483870967741935,4.369233809665719,0.2114145391773735,,,,,,,,,,,
dim,3,2.968944837004929e-05,15.039690186137085,3,JJ,JJ,dim,0,3,4.369233809665719,0.0003330429747299,13.107701428997157,0.0483870967741935,4.369233809665719,0.2114145391773735,,,,,,,,,,,
wanting,3,2.968944837004929e-05,15.039690186137085,7,VB,VBG,want,0,3,4.369233809665719,9.462798255609908e-05,13.107701428997157,0.0483870967741935,4.369233809665719,0.2114145391773735,0.0,0.0,0.0,0.0,0.0,1.0,0.0,1.0,0.0,0.0,-1.0
gaze,3,2.968944837004929e-05,15.039690186137085,4,VB,VB,gaze,0,3,4.369233809665719,0.0001162925787438,13.107701428997157,0.0483870967741935,4.369233809665719,0.2114145391773735,,,,,,,,,,,
badly,3,2.968944837004929e-05,15.039690186137085,5,RB,RB,badli,0,3,4.369233809665719,9.164568659106778e-05,13.107701428997157,0.0483870967741935,4.369233809665719,0.2114145391773735,0.0,0.0,0.0,0.0,0.0,1.0,0.0,1.0,0.0,0.0,-1.0
curling,3,2.968944837004929e-05,15.039690186137085,7,VB,VBG,curl,0,2,4.954196310386875,0.0001086624941338,9.90839262077375,0.032258064516129,4.954196310386875,0.1598127842060282,,,,,,,,,,,
attendants,3,2.968944837004929e-05,15.039690186137085,10,NN,NNS,attend,0,3,4.369233809665719,9.395847765014671e-05,13.107701428997157,0.0483870967741935,4.369233809665719,0.2114145391773735,,,,,,,,,,,
howl,3,2.968944837004929e-05,15.039690186137085,4,VB,VB,howl,0,3,4.369233809665719,0.0001510221633635,13.107701428997157,0.0483870967741935,4.369233809665719,0.2114145391773735,1.0,0.0,1.0,1.0,0.0,1.0,0.0,1.0,1.0,0.0,-1.0
antking,3,2.968944837004929e-05,15.039690186137085,7,JJ,JJ,antk,0,1,5.954196310386875,0.0001786151724012,5.954196310386875,0.0161290322580645,5.954196310386875,0.0960354243610786,,,,,,,,,,,
ashamed,3,2.968944837004929e-05,15.039690186137085,7,VB,VBN,asham,0,3,4.369233809665719,0.000173577063969,13.107701428997157,0.0483870967741935,4.369233809665719,0.2114145391773735,0.0,0.0,1.0,0.0,0.0,1.0,0.0,1.0,0.0,0.0,-1.0
pantaloons,3,2.968944837004929e-05,15.039690186137085,10,NN,NNS,pantaloon,0,2,4.954196310386875,0.0001549479747288,9.90839262077375,0.032258064516129,4.954196310386875,0.1598127842060282,,,,,,,,,,,
instant,3,2.968944837004929e-05,15.039690186137085,7,NN,NN,instant,0,3,4.369233809665719,0.0001199040367993,13.107701428997157,0.0483870967741935,4.369233809665719,0.2114145391773735,,,,,,,,,,,
stripes,3,2.968944837004929e-05,15.039690186137085,7,VB,VBZ,stripe,0,1,5.954196310386875,0.000130482913534,5.954196310386875,0.0161290322580645,5.954196310386875,0.0960354243610786,,,,,,,,,,,
couple,3,2.968944837004929e-05,15.039690186137085,6,NN,NN,coupl,0,3,4.369233809665719,0.0001341531355922,13.107701428997157,0.0483870967741935,4.369233809665719,0.2114145391773735,,,,,,,,,,,
welladay,3,2.968944837004929e-05,15.039690186137085,8,JJ,JJ,welladay,0,1,5.954196310386875,0.0002531689570151,5.954196310386875,0.0161290322580645,5.954196310386875,0.0960354243610786,,,,,,,,,,,
forgive,3,2.968944837004929e-05,15.039690186137085,7,VB,VB,forgiv,0,2,4.954196310386875,9.250125246321663e-05,9.90839262077375,0.032258064516129,4.954196310386875,0.1598127842060282,,,,,,,,,,,
armour,3,2.968944837004929e-05,15.039690186137085,6,NN,NN,armour,0,2,4.954196310386875,8.173698496396788e-05,9.90839262077375,0.032258064516129,4.954196310386875,0.1598127842060282,,,,,,,,,,,
respect,3,2.968944837004929e-05,15.039690186137085,7,NN,NN,respect,0,3,4.369233809665719,0.0001005220171006,13.107701428997157,0.0483870967741935,4.369233809665719,0.2114145391773735,0.0,1.0,0.0,0.0,1.0,0.0,1.0,0.0,0.0,1.0,1.0
colours,3,2.968944837004929e-05,15.039690186137085,7,NN,NNS,colour,0,3,4.369233809665719,8.029429941915272e-05,13.107701428997157,0.0483870967741935,4.369233809665719,0.2114145391773735,,,,,,,,,,,
croaking,3,2.968944837004929e-05,15.039690186137085,8,NN,NN,croak,0,2,4.954196310386875,0.0002422962209049,9.90839262077375,0.032258064516129,4.954196310386875,0.1598127842060282,,,,,,,,,,,
snug,3,2.968944837004929e-05,15.039690186137085,4,JJ,JJ,snug,0,2,4.954196310386875,0.000106652844945,9.90839262077375,0.032258064516129,4.954196310386875,0.1598127842060282,,,,,,,,,,,
nasty,3,2.968944837004929e-05,15.039690186137085,5,JJ,JJ,nasti,0,2,4.954196310386875,0.0001706694395272,9.90839262077375,0.032258064516129,4.954196310386875,0.1598127842060282,1.0,0.0,1.0,1.0,0.0,1.0,0.0,1.0,0.0,0.0,-1.0
tapped,3,2.968944837004929e-05,15.039690186137085,6,VB,VBD,tap,0,3,4.369233809665719,0.0001297231052333,13.107701428997157,0.0483870967741935,4.369233809665719,0.2114145391773735,,,,,,,,,,,
fruit,3,2.968944837004929e-05,15.039690186137085,5,NN,NN,fruit,0,3,4.369233809665719,7.107066867434201e-05,13.107701428997157,0.0483870967741935,4.369233809665719,0.2114145391773735,,,,,,,,,,,
bethought,3,2.968944837004929e-05,15.039690186137085,9,VB,VBD,bethought,0,3,4.369233809665719,0.0001119538894329,13.107701428997157,0.0483870967741935,4.369233809665719,0.2114145391773735,,,,,,,,,,,
treat,3,2.968944837004929e-05,15.039690186137085,5,VB,VB,treat,0,2,4.954196310386875,0.0001038258072022,9.90839262077375,0.032258064516129,4.954196310386875,0.1598127842060282,1.0,1.0,1.0,1.0,1.0,1.0,1.0,1.0,1.0,1.0,0.0
entreated,3,2.968944837004929e-05,15.039690186137085,9,VB,VBD,entreat,0,2,4.954196310386875,0.0001166319628865,9.90839262077375,0.032258064516129,4.954196310386875,0.1598127842060282,,,,,,,,,,,
altogether,3,2.968944837004929e-05,15.039690186137085,10,RB,RB,altogeth,0,3,4.369233809665719,0.0001036058875422,13.107701428997157,0.0483870967741935,4.369233809665719,0.2114145391773735,,,,,,,,,,,
gloomy,3,2.968944837004929e-05,15.039690186137085,6,JJ,JJ,gloomi,0,2,4.954196310386875,0.0001780360345915,9.90839262077375,0.032258064516129,4.954196310386875,0.1598127842060282,0.0,0.0,0.0,0.0,0.0,1.0,0.0,1.0,0.0,0.0,-1.0
pluck,3,2.968944837004929e-05,15.039690186137085,5,VB,VB,pluck,0,2,4.954196310386875,0.0001453180592652,9.90839262077375,0.032258064516129,4.954196310386875,0.1598127842060282,,,,,,,,,,,
fully,3,2.968944837004929e-05,15.039690186137085,5,RB,RB,fulli,0,3,4.369233809665719,0.0001046108380483,13.107701428997157,0.0483870967741935,4.369233809665719,0.2114145391773735,0.0,0.0,0.0,0.0,0.0,0.0,1.0,0.0,0.0,1.0,1.0
expected,3,2.968944837004929e-05,15.039690186137085,8,VB,VBD,expect,0,3,4.369233809665719,0.0001138099098344,13.107701428997157,0.0483870967741935,4.369233809665719,0.2114145391773735,,,,,,,,,,,
justice,3,2.968944837004929e-05,15.039690186137085,7,NN,NN,justic,0,3,4.369233809665719,0.0002400176723161,13.107701428997157,0.0483870967741935,4.369233809665719,0.2114145391773735,0.0,0.0,0.0,0.0,0.0,0.0,1.0,0.0,0.0,1.0,1.0
household,3,2.968944837004929e-05,15.039690186137085,9,NN,NN,household,0,3,4.369233809665719,0.0001916064920435,13.107701428997157,0.0483870967741935,4.369233809665719,0.2114145391773735,,,,,,,,,,,
paces,3,2.968944837004929e-05,15.039690186137085,5,NN,NNS,pace,0,2,4.954196310386875,0.0001732487933205,9.90839262077375,0.032258064516129,4.954196310386875,0.1598127842060282,,,,,,,,,,,
rake,3,2.968944837004929e-05,15.039690186137085,4,VB,VB,rake,0,2,4.954196310386875,9.955754028210326e-05,9.90839262077375,0.032258064516129,4.954196310386875,0.1598127842060282,,,,,,,,,,,
clouds,3,2.968944837004929e-05,15.039690186137085,6,NN,NNS,cloud,0,3,4.369233809665719,0.0001000358814883,13.107701428997157,0.0483870967741935,4.369233809665719,0.2114145391773735,,,,,,,,,,,
understanding,3,2.968944837004929e-05,15.039690186137085,13,VB,VBG,understand,0,3,4.369233809665719,0.0001479486964368,13.107701428997157,0.0483870967741935,4.369233809665719,0.2114145391773735,0.0,0.0,0.0,0.0,0.0,0.0,1.0,0.0,0.0,1.0,1.0
messenger,3,2.968944837004929e-05,15.039690186137085,9,NN,NN,messeng,0,2,4.954196310386875,0.0001469881213075,9.90839262077375,0.032258064516129,4.954196310386875,0.1598127842060282,,,,,,,,,,,
cuttingboard,3,2.968944837004929e-05,15.039690186137085,12,NN,NN,cuttingboard,0,1,5.954196310386875,7.575763162851326e-05,5.954196310386875,0.0161290322580645,5.954196310386875,0.0960354243610786,,,,,,,,,,,
nonsense,3,2.968944837004929e-05,15.039690186137085,8,NN,NN,nonsens,0,2,4.954196310386875,0.0001417392318363,9.90839262077375,0.032258064516129,4.954196310386875,0.1598127842060282,,,,,,,,,,,
heated,3,2.968944837004929e-05,15.039690186137085,6,VB,VBN,heat,0,2,4.954196310386875,9.169359336442397e-05,9.90839262077375,0.032258064516129,4.954196310386875,0.1598127842060282,,,,,,,,,,,
glassmountain,3,2.968944837004929e-05,15.039690186137085,13,NN,NN,glassmountain,0,1,5.954196310386875,0.0002846899931652,5.954196310386875,0.0161290322580645,5.954196310386875,0.0960354243610786,,,,,,,,,,,
slice,3,2.968944837004929e-05,15.039690186137085,5,NN,NN,slice,0,2,4.954196310386875,0.0001142424289286,9.90839262077375,0.032258064516129,4.954196310386875,0.1598127842060282,,,,,,,,,,,
nicely,3,2.968944837004929e-05,15.039690186137085,6,RB,RB,nice,0,3,4.369233809665719,9.615734820718064e-05,13.107701428997157,0.0483870967741935,4.369233809665719,0.2114145391773735,,,,,,,,,,,
chamberlain,3,2.968944837004929e-05,15.039690186137085,11,NN,NN,chamberlain,0,1,5.954196310386875,0.0001224941637258,5.954196310386875,0.0161290322580645,5.954196310386875,0.0960354243610786,,,,,,,,,,,
felled,3,2.968944837004929e-05,15.039690186137085,6,VB,VBN,fell,0,3,4.369233809665719,9.434859518474616e-05,13.107701428997157,0.0483870967741935,4.369233809665719,0.2114145391773735,,,,,,,,,,,
anvil,3,2.968944837004929e-05,15.039690186137085,5,NN,NN,anvil,0,1,5.954196310386875,7.575763162851326e-05,5.954196310386875,0.0161290322580645,5.954196310386875,0.0960354243610786,,,,,,,,,,,
entirely,3,2.968944837004929e-05,15.039690186137085,8,RB,RB,entir,0,3,4.369233809665719,0.0001687330914116,13.107701428997157,0.0483870967741935,4.369233809665719,0.2114145391773735,,,,,,,,,,,
sparkling,3,2.968944837004929e-05,15.039690186137085,9,JJ,JJ,sparkl,0,3,4.369233809665719,9.388911773685145e-05,13.107701428997157,0.0483870967741935,4.369233809665719,0.2114145391773735,,,,,,,,,,,
grandfather,3,2.968944837004929e-05,15.039690186137085,11,NN,NN,grandfath,0,2,4.954196310386875,0.0006918903938089,9.90839262077375,0.032258064516129,4.954196310386875,0.1598127842060282,,,,,,,,,,,
nurse,3,2.968944837004929e-05,15.039690186137085,5,NN,NN,nurs,0,2,4.954196310386875,0.000183405755671,9.90839262077375,0.032258064516129,4.954196310386875,0.1598127842060282,0.0,0.0,0.0,0.0,0.0,0.0,1.0,0.0,0.0,1.0,1.0
custom,3,2.968944837004929e-05,15.039690186137085,6,NN,NN,custom,0,3,4.369233809665719,0.0001428631401945,13.107701428997157,0.0483870967741935,4.369233809665719,0.2114145391773735,,,,,,,,,,,
overset,3,2.968944837004929e-05,15.039690186137085,7,VB,VB,overset,0,3,4.369233809665719,0.0001167226267084,13.107701428997157,0.0483870967741935,4.369233809665719,0.2114145391773735,,,,,,,,,,,
thick,3,2.968944837004929e-05,15.039690186137085,5,JJ,JJ,thick,0,3,4.369233809665719,0.0001083027457795,13.107701428997157,0.0483870967741935,4.369233809665719,0.2114145391773735,,,,,,,,,,,
fowl,3,2.968944837004929e-05,15.039690186137085,4,NN,NN,fowl,0,2,4.954196310386875,0.000190739895898,9.90839262077375,0.032258064516129,4.954196310386875,0.1598127842060282,,,,,,,,,,,
meats,3,2.968944837004929e-05,15.039690186137085,5,NN,NNS,meat,0,2,4.954196310386875,0.0001378474003419,9.90839262077375,0.032258064516129,4.954196310386875,0.1598127842060282,,,,,,,,,,,
twelfth,3,2.968944837004929e-05,15.039690186137085,7,NN,NN,twelfth,0,3,4.369233809665719,0.0001406740021568,13.107701428997157,0.0483870967741935,4.369233809665719,0.2114145391773735,,,,,,,,,,,
breath,3,2.968944837004929e-05,15.039690186137085,6,NN,NN,breath,0,2,4.954196310386875,0.0001196186300804,9.90839262077375,0.032258064516129,4.954196310386875,0.1598127842060282,,,,,,,,,,,
smiled,3,2.968944837004929e-05,15.039690186137085,6,VB,VBD,smile,0,3,4.369233809665719,8.677223321596313e-05,13.107701428997157,0.0483870967741935,4.369233809665719,0.2114145391773735,,,,,,,,,,,
horn,3,2.968944837004929e-05,15.039690186137085,4,NN,NN,horn,0,1,5.954196310386875,8.597620802245177e-05,5.954196310386875,0.0161290322580645,5.954196310386875,0.0960354243610786,,,,,,,,,,,
moved,3,2.968944837004929e-05,15.039690186137085,5,VB,VBD,move,0,3,4.369233809665719,0.0001984019954495,13.107701428997157,0.0483870967741935,4.369233809665719,0.2114145391773735,,,,,,,,,,,
hearse,3,2.968944837004929e-05,15.039690186137085,6,NN,NN,hears,0,1,5.954196310386875,0.0001533295758825,5.954196310386875,0.0161290322580645,5.954196310386875,0.0960354243610786,0.0,0.0,0.0,1.0,0.0,1.0,0.0,1.0,0.0,0.0,-1.0
crowed,3,2.968944837004929e-05,15.039690186137085,6,VB,VBN,crow,0,3,4.369233809665719,0.0001532684831659,13.107701428997157,0.0483870967741935,4.369233809665719,0.2114145391773735,,,,,,,,,,,
log,3,2.968944837004929e-05,15.039690186137085,3,NN,NN,log,0,2,4.954196310386875,0.0001180712108471,9.90839262077375,0.032258064516129,4.954196310386875,0.1598127842060282,,,,,,,,,,,
mourned,3,2.968944837004929e-05,15.039690186137085,7,VB,VBD,mourn,0,3,4.369233809665719,0.0001485457985075,13.107701428997157,0.0483870967741935,4.369233809665719,0.2114145391773735,,,,,,,,,,,
snored,3,2.968944837004929e-05,15.039690186137085,6,VB,VBD,snore,0,3,4.369233809665719,0.0001288043042003,13.107701428997157,0.0483870967741935,4.369233809665719,0.2114145391773735,,,,,,,,,,,
contented,3,2.968944837004929e-05,15.039690186137085,9,VB,VBN,content,0,2,4.954196310386875,0.0001333839483836,9.90839262077375,0.032258064516129,4.954196310386875,0.1598127842060282,,,,,,,,,,,
rosetrees,3,2.968944837004929e-05,15.039690186137085,9,NN,NNS,rosetre,0,1,5.954196310386875,0.0001183187979807,5.954196310386875,0.0161290322580645,5.954196310386875,0.0960354243610786,,,,,,,,,,,
cheerful,3,2.968944837004929e-05,15.039690186137085,8,JJ,JJ,cheer,0,3,4.369233809665719,8.492522392910561e-05,13.107701428997157,0.0483870967741935,4.369233809665719,0.2114145391773735,0.0,0.0,0.0,0.0,1.0,0.0,1.0,0.0,1.0,0.0,1.0
goodness,3,2.968944837004929e-05,15.039690186137085,8,NN,NN,good,0,3,4.369233809665719,0.0001093319544306,13.107701428997157,0.0483870967741935,4.369233809665719,0.2114145391773735,0.0,1.0,0.0,0.0,1.0,0.0,1.0,0.0,1.0,1.0,1.0
seeks,3,2.968944837004929e-05,15.039690186137085,5,VB,VBZ,seek,0,3,4.369233809665719,0.00015578672532,13.107701428997157,0.0483870967741935,4.369233809665719,0.2114145391773735,,,,,,,,,,,
safety,3,2.968944837004929e-05,15.039690186137085,6,NN,NN,safeti,0,3,4.369233809665719,0.0001181938891597,13.107701428997157,0.0483870967741935,4.369233809665719,0.2114145391773735,,,,,,,,,,,
signal,3,2.968944837004929e-05,15.039690186137085,6,NN,NN,signal,0,3,4.369233809665719,0.0001687322165153,13.107701428997157,0.0483870967741935,4.369233809665719,0.2114145391773735,,,,,,,,,,,
catching,3,2.968944837004929e-05,15.039690186137085,8,VB,VBG,catch,0,2,4.954196310386875,0.0001658821982562,9.90839262077375,0.032258064516129,4.954196310386875,0.1598127842060282,,,,,,,,,,,
pierced,3,2.968944837004929e-05,15.039690186137085,7,VB,VBD,pierc,0,3,4.369233809665719,0.000106575303238,13.107701428997157,0.0483870967741935,4.369233809665719,0.2114145391773735,,,,,,,,,,,
beam,3,2.968944837004929e-05,15.039690186137085,4,NN,NN,beam,0,3,4.369233809665719,0.0001119155700188,13.107701428997157,0.0483870967741935,4.369233809665719,0.2114145391773735,0.0,0.0,0.0,0.0,1.0,0.0,1.0,0.0,0.0,0.0,1.0
bushes,3,2.968944837004929e-05,15.039690186137085,6,NN,NNS,bush,0,3,4.369233809665719,0.0001681726962254,13.107701428997157,0.0483870967741935,4.369233809665719,0.2114145391773735,,,,,,,,,,,
turnips,3,2.968944837004929e-05,15.039690186137085,7,NN,NNS,turnip,0,1,5.954196310386875,0.0002492268798297,5.954196310386875,0.0161290322580645,5.954196310386875,0.0960354243610786,,,,,,,,,,,
threatened,3,2.968944837004929e-05,15.039690186137085,10,VB,VBD,threaten,0,3,4.369233809665719,0.0001214482373191,13.107701428997157,0.0483870967741935,4.369233809665719,0.2114145391773735,,,,,,,,,,,
harness,3,2.968944837004929e-05,15.039690186137085,7,NN,NN,har,0,3,4.369233809665719,0.000123915931185,13.107701428997157,0.0483870967741935,4.369233809665719,0.2114145391773735,,,,,,,,,,,
pointed,3,2.968944837004929e-05,15.039690186137085,7,VB,VBD,point,0,2,4.954196310386875,0.0004488795368365,9.90839262077375,0.032258064516129,4.954196310386875,0.1598127842060282,,,,,,,,,,,
vagabonds,3,2.968944837004929e-05,15.039690186137085,9,NN,NNS,vagabond,0,2,4.954196310386875,0.0001180712108471,9.90839262077375,0.032258064516129,4.954196310386875,0.1598127842060282,,,,,,,,,,,
spinning,3,2.968944837004929e-05,15.039690186137085,8,NN,NN,spin,0,2,4.954196310386875,0.0001367253428178,9.90839262077375,0.032258064516129,4.954196310386875,0.1598127842060282,,,,,,,,,,,
sorely,3,2.968944837004929e-05,15.039690186137085,6,RB,RB,sore,0,3,4.369233809665719,0.0001667253790198,13.107701428997157,0.0483870967741935,4.369233809665719,0.2114145391773735,0.0,0.0,0.0,0.0,0.0,1.0,0.0,1.0,0.0,0.0,-1.0
staircase,3,2.968944837004929e-05,15.039690186137085,9,NN,NN,staircas,0,3,4.369233809665719,0.000138093566121,13.107701428997157,0.0483870967741935,4.369233809665719,0.2114145391773735,,,,,,,,,,,
train,3,2.968944837004929e-05,15.039690186137085,5,NN,NN,train,0,3,4.369233809665719,9.287041078562444e-05,13.107701428997157,0.0483870967741935,4.369233809665719,0.2114145391773735,,,,,,,,,,,
unto,3,2.968944837004929e-05,15.039690186137085,4,JJ,JJ,unto,0,3,4.369233809665719,0.0001567236265698,13.107701428997157,0.0483870967741935,4.369233809665719,0.2114145391773735,,,,,,,,,,,
fellows,3,2.968944837004929e-05,15.039690186137085,7,NN,NNS,fellow,0,3,4.369233809665719,0.0001218350344821,13.107701428997157,0.0483870967741935,4.369233809665719,0.2114145391773735,,,,,,,,,,,
tread,3,2.968944837004929e-05,15.039690186137085,5,VB,VB,tread,0,3,4.369233809665719,9.425264281404934e-05,13.107701428997157,0.0483870967741935,4.369233809665719,0.2114145391773735,,,,,,,,,,,
minds,3,2.968944837004929e-05,15.039690186137085,5,NN,NNS,mind,0,3,4.369233809665719,0.0001045483968254,13.107701428997157,0.0483870967741935,4.369233809665719,0.2114145391773735,,,,,,,,,,,
baby,3,2.968944837004929e-05,15.039690186137085,4,NN,NN,babi,0,1,5.954196310386875,0.0002509636525115,5.954196310386875,0.0161290322580645,5.954196310386875,0.0960354243610786,0.0,0.0,0.0,0.0,1.0,0.0,1.0,0.0,0.0,0.0,1.0
grove,3,2.968944837004929e-05,15.039690186137085,5,NN,NN,grove,0,2,4.954196310386875,0.0001333598659958,9.90839262077375,0.032258064516129,4.954196310386875,0.1598127842060282,,,,,,,,,,,
lead,3,2.968944837004929e-05,15.039690186137085,4,VB,VB,lead,0,3,4.369233809665719,0.0001345462181412,13.107701428997157,0.0483870967741935,4.369233809665719,0.2114145391773735,,,,,,,,,,,
pigeons,3,2.968944837004929e-05,15.039690186137085,7,NN,NNS,pigeon,0,1,5.954196310386875,0.0001897933287768,5.954196310386875,0.0161290322580645,5.954196310386875,0.0960354243610786,,,,,,,,,,,
scythe,3,2.968944837004929e-05,15.039690186137085,6,NN,NN,scyth,0,1,5.954196310386875,0.0001133830275809,5.954196310386875,0.0161290322580645,5.954196310386875,0.0960354243610786,,,,,,,,,,,
behaved,3,2.968944837004929e-05,15.039690186137085,7,VB,VBD,behav,0,3,4.369233809665719,0.000266309645595,13.107701428997157,0.0483870967741935,4.369233809665719,0.2114145391773735,,,,,,,,,,,
informed,3,2.968944837004929e-05,15.039690186137085,8,VB,VBN,inform,0,2,4.954196310386875,0.0001223002155304,9.90839262077375,0.032258064516129,4.954196310386875,0.1598127842060282,,,,,,,,,,,
butler,3,2.968944837004929e-05,15.039690186137085,6,NN,NN,butler,0,1,5.954196310386875,0.0001897933287768,5.954196310386875,0.0161290322580645,5.954196310386875,0.0960354243610786,0.0,0.0,0.0,0.0,0.0,0.0,1.0,0.0,0.0,1.0,1.0
kitchenmaid,3,2.968944837004929e-05,15.039690186137085,11,NN,NN,kitchenmaid,0,2,4.954196310386875,0.0001387725050364,9.90839262077375,0.032258064516129,4.954196310386875,0.1598127842060282,,,,,,,,,,,
agree,3,2.968944837004929e-05,15.039690186137085,5,VB,VB,agre,0,3,4.369233809665719,0.0001666354629473,13.107701428997157,0.0483870967741935,4.369233809665719,0.2114145391773735,,,,,,,,,,,
fireplace,3,2.968944837004929e-05,15.039690186137085,9,NN,NN,fireplac,0,1,5.954196310386875,0.0001533295758825,5.954196310386875,0.0161290322580645,5.954196310386875,0.0960354243610786,,,,,,,,,,,
test,3,2.968944837004929e-05,15.039690186137085,4,NN,NN,test,0,2,4.954196310386875,0.0003445884377477,9.90839262077375,0.032258064516129,4.954196310386875,0.1598127842060282,,,,,,,,,,,
hare,3,2.968944837004929e-05,15.039690186137085,4,NN,NN,hare,0,3,4.369233809665719,0.0002777516454016,13.107701428997157,0.0483870967741935,4.369233809665719,0.2114145391773735,,,,,,,,,,,
animal,3,2.968944837004929e-05,15.039690186137085,6,NN,NN,anim,0,3,4.369233809665719,0.0001636797957926,13.107701428997157,0.0483870967741935,4.369233809665719,0.2114145391773735,,,,,,,,,,,
scarlet,3,2.968944837004929e-05,15.039690186137085,7,NN,NN,scarlet,0,1,5.954196310386875,0.0001015173619038,5.954196310386875,0.0161290322580645,5.954196310386875,0.0960354243610786,,,,,,,,,,,
hadst,3,2.968944837004929e-05,15.039690186137085,5,NN,NN,hadst,0,1,5.954196310386875,0.0001945349581925,5.954196310386875,0.0161290322580645,5.954196310386875,0.0960354243610786,,,,,,,,,,,
henceforth,3,2.968944837004929e-05,15.039690186137085,10,IN,IN,henceforth,0,3,4.369233809665719,0.0003852426618546,13.107701428997157,0.0483870967741935,4.369233809665719,0.2114145391773735,,,,,,,,,,,
condemned,3,2.968944837004929e-05,15.039690186137085,9,VB,VBD,condemn,0,3,4.369233809665719,0.0001219502924106,13.107701428997157,0.0483870967741935,4.369233809665719,0.2114145391773735,,,,,,,,,,,
boldly,3,2.968944837004929e-05,15.039690186137085,6,RB,RB,boldli,0,2,4.954196310386875,0.0002062355013529,9.90839262077375,0.032258064516129,4.954196310386875,0.1598127842060282,,,,,,,,,,,
halfway,3,2.968944837004929e-05,15.039690186137085,7,JJ,JJ,halfway,0,2,4.954196310386875,9.179314862106976e-05,9.90839262077375,0.032258064516129,4.954196310386875,0.1598127842060282,,,,,,,,,,,
sticking,3,2.968944837004929e-05,15.039690186137085,8,VB,VBG,stick,0,2,4.954196310386875,0.0001817610141432,9.90839262077375,0.032258064516129,4.954196310386875,0.1598127842060282,,,,,,,,,,,
yours,3,2.968944837004929e-05,15.039690186137085,5,NN,NNS,your,1,3,4.369233809665719,0.000155874921059,13.107701428997157,0.0483870967741935,4.369233809665719,0.2114145391773735,,,,,,,,,,,
tricks,3,2.968944837004929e-05,15.039690186137085,6,NN,NNS,trick,0,3,4.369233809665719,8.49763755257139e-05,13.107701428997157,0.0483870967741935,4.369233809665719,0.2114145391773735,,,,,,,,,,,
wooer,3,2.968944837004929e-05,15.039690186137085,5,NN,NN,wooer,0,2,4.954196310386875,0.0004235560704596,9.90839262077375,0.032258064516129,4.954196310386875,0.1598127842060282,,,,,,,,,,,
mousehole,3,2.968944837004929e-05,15.039690186137085,9,JJ,JJ,mousehol,0,1,5.954196310386875,0.0001133830275809,5.954196310386875,0.0161290322580645,5.954196310386875,0.0960354243610786,,,,,,,,,,,
peck,3,2.968944837004929e-05,15.039690186137085,4,VB,VB,peck,0,1,5.954196310386875,0.0002137286892308,5.954196310386875,0.0161290322580645,5.954196310386875,0.0960354243610786,,,,,,,,,,,
match,3,2.968944837004929e-05,15.039690186137085,5,NN,NN,match,0,2,4.954196310386875,0.0001544026130439,9.90839262077375,0.032258064516129,4.954196310386875,0.1598127842060282,,,,,,,,,,,
shelf,3,2.968944837004929e-05,15.039690186137085,5,NN,NN,shelf,0,2,4.954196310386875,0.0001444319002107,9.90839262077375,0.032258064516129,4.954196310386875,0.1598127842060282,,,,,,,,,,,
twenty,3,2.968944837004929e-05,15.039690186137085,6,CD,CD,twenti,0,2,4.954196310386875,0.0001083037236801,9.90839262077375,0.032258064516129,4.954196310386875,0.1598127842060282,,,,,,,,,,,
stockings,3,2.968944837004929e-05,15.039690186137085,9,NN,NNS,stock,0,2,4.954196310386875,0.0004558978059179,9.90839262077375,0.032258064516129,4.954196310386875,0.1598127842060282,,,,,,,,,,,
trotted,3,2.968944837004929e-05,15.039690186137085,7,VB,VBD,trot,0,3,4.369233809665719,0.0001667526583787,13.107701428997157,0.0483870967741935,4.369233809665719,0.2114145391773735,,,,,,,,,,,
beans,3,2.968944837004929e-05,15.039690186137085,5,NN,NNS,bean,0,1,5.954196310386875,0.0005716394307207,5.954196310386875,0.0161290322580645,5.954196310386875,0.0960354243610786,,,,,,,,,,,
nose,3,2.968944837004929e-05,15.039690186137085,4,JJ,JJ,nose,0,2,4.954196310386875,0.0001179075858486,9.90839262077375,0.032258064516129,4.954196310386875,0.1598127842060282,,,,,,,,,,,
crushed,3,2.968944837004929e-05,15.039690186137085,7,VB,VBN,crush,0,3,4.369233809665719,0.0001028334277269,13.107701428997157,0.0483870967741935,4.369233809665719,0.2114145391773735,1.0,0.0,1.0,1.0,0.0,1.0,0.0,1.0,0.0,0.0,-1.0
cruel,3,2.968944837004929e-05,15.039690186137085,5,NN,NN,cruel,0,2,4.954196310386875,0.000185088693637,9.90839262077375,0.032258064516129,4.954196310386875,0.1598127842060282,1.0,0.0,1.0,1.0,0.0,1.0,0.0,1.0,0.0,0.0,-1.0
sin,3,2.968944837004929e-05,15.039690186137085,3,NN,NN,sin,0,2,4.954196310386875,0.0002083321234555,9.90839262077375,0.032258064516129,4.954196310386875,0.1598127842060282,1.0,0.0,1.0,1.0,0.0,1.0,0.0,1.0,0.0,0.0,-1.0
whu,3,2.968944837004929e-05,15.039690186137085,3,NN,NN,whu,0,1,5.954196310386875,0.0002531689570151,5.954196310386875,0.0161290322580645,5.954196310386875,0.0960354243610786,,,,,,,,,,,
tu,3,2.968944837004929e-05,15.039690186137085,2,NN,NNP,tu,0,1,5.954196310386875,0.0002531689570151,5.954196310386875,0.0161290322580645,5.954196310386875,0.0960354243610786,,,,,,,,,,,
streamed,3,2.968944837004929e-05,15.039690186137085,8,VB,VBD,stream,0,2,4.954196310386875,8.646643182458947e-05,9.90839262077375,0.032258064516129,4.954196310386875,0.1598127842060282,,,,,,,,,,,
dazzling,3,2.968944837004929e-05,15.039690186137085,8,VB,VBG,dazzl,0,3,4.369233809665719,9.428925835519792e-05,13.107701428997157,0.0483870967741935,4.369233809665719,0.2114145391773735,,,,,,,,,,,
nightingale,3,2.968944837004929e-05,15.039690186137085,11,NN,NN,nightingal,0,1,5.954196310386875,0.0002531689570151,5.954196310386875,0.0161290322580645,5.954196310386875,0.0960354243610786,,,,,,,,,,,
traveller,3,2.968944837004929e-05,15.039690186137085,9,NN,NN,travel,0,3,4.369233809665719,8.663722249935602e-05,13.107701428997157,0.0483870967741935,4.369233809665719,0.2114145391773735,,,,,,,,,,,
skilful,3,2.968944837004929e-05,15.039690186137085,7,JJ,JJ,skil,0,3,4.369233809665719,0.0001133750074813,13.107701428997157,0.0483870967741935,4.369233809665719,0.2114145391773735,,,,,,,,,,,
frogs,3,2.968944837004929e-05,15.039690186137085,5,NN,NNS,frog,0,1,5.954196310386875,0.0003042304890002,5.954196310386875,0.0161290322580645,5.954196310386875,0.0960354243610786,,,,,,,,,,,
latter,3,2.968944837004929e-05,15.039690186137085,6,NN,NN,latter,0,3,4.369233809665719,0.0001246226980471,13.107701428997157,0.0483870967741935,4.369233809665719,0.2114145391773735,,,,,,,,,,,
belongs,3,2.968944837004929e-05,15.039690186137085,7,VB,VBZ,belong,0,2,4.954196310386875,0.000128920109633,9.90839262077375,0.032258064516129,4.954196310386875,0.1598127842060282,,,,,,,,,,,
prepare,3,2.968944837004929e-05,15.039690186137085,7,VB,VB,prepar,0,3,4.369233809665719,0.0003627544320533,13.107701428997157,0.0483870967741935,4.369233809665719,0.2114145391773735,0.0,1.0,0.0,0.0,0.0,0.0,1.0,0.0,0.0,0.0,1.0
misery,3,2.968944837004929e-05,15.039690186137085,6,NN,NN,miseri,0,2,4.954196310386875,0.0001389781804207,9.90839262077375,0.032258064516129,4.954196310386875,0.1598127842060282,1.0,0.0,1.0,1.0,0.0,1.0,0.0,1.0,0.0,0.0,-1.0
avail,3,2.968944837004929e-05,15.039690186137085,5,NN,NN,avail,0,3,4.369233809665719,0.0001766637889625,13.107701428997157,0.0483870967741935,4.369233809665719,0.2114145391773735,,,,,,,,,,,
commands,3,2.968944837004929e-05,15.039690186137085,8,NN,NNS,command,0,1,5.954196310386875,0.0001647262853534,5.954196310386875,0.0161290322580645,5.954196310386875,0.0960354243610786,,,,,,,,,,,
pleasure,3,2.968944837004929e-05,15.039690186137085,8,NN,NN,pleasur,0,3,4.369233809665719,0.0001129232501353,13.107701428997157,0.0483870967741935,4.369233809665719,0.2114145391773735,,,,,,,,,,,
sung,3,2.968944837004929e-05,15.039690186137085,4,VB,VBN,sung,0,2,4.954196310386875,0.0001360645813095,9.90839262077375,0.032258064516129,4.954196310386875,0.1598127842060282,,,,,,,,,,,
swam,3,2.968944837004929e-05,15.039690186137085,4,VB,JJ,swam,0,3,4.369233809665719,0.0001589782530524,13.107701428997157,0.0483870967741935,4.369233809665719,0.2114145391773735,,,,,,,,,,,
count,3,2.968944837004929e-05,15.039690186137085,5,NN,NN,count,0,2,4.954196310386875,0.000202730706067,9.90839262077375,0.032258064516129,4.954196310386875,0.1598127842060282,0.0,0.0,0.0,0.0,0.0,0.0,1.0,0.0,0.0,1.0,1.0
refuse,3,2.968944837004929e-05,15.039690186137085,6,VB,VB,refus,0,3,4.369233809665719,0.000178951435517,13.107701428997157,0.0483870967741935,4.369233809665719,0.2114145391773735,,,,,,,,,,,
discovered,3,2.968944837004929e-05,15.039690186137085,10,VB,VBN,discov,0,3,4.369233809665719,0.0001051480230641,13.107701428997157,0.0483870967741935,4.369233809665719,0.2114145391773735,,,,,,,,,,,
comfortably,3,2.968944837004929e-05,15.039690186137085,11,RB,RB,comfort,0,2,4.954196310386875,0.0002270585883084,9.90839262077375,0.032258064516129,4.954196310386875,0.1598127842060282,,,,,,,,,,,
crack,3,2.968944837004929e-05,15.039690186137085,5,NN,NN,crack,0,3,4.369233809665719,0.0001052798854035,13.107701428997157,0.0483870967741935,4.369233809665719,0.2114145391773735,,,,,,,,,,,
sixth,3,2.968944837004929e-05,15.039690186137085,5,JJ,JJ,sixth,0,3,4.369233809665719,0.0001410678978556,13.107701428997157,0.0483870967741935,4.369233809665719,0.2114145391773735,,,,,,,,,,,
spiteful,3,2.968944837004929e-05,15.039690186137085,8,JJ,JJ,spite,0,3,4.369233809665719,0.0001357965195027,13.107701428997157,0.0483870967741935,4.369233809665719,0.2114145391773735,1.0,0.0,0.0,0.0,0.0,1.0,0.0,0.0,0.0,0.0,-1.0
revealed,3,2.968944837004929e-05,15.039690186137085,8,VB,VBD,reveal,0,3,4.369233809665719,0.0001915580655568,13.107701428997157,0.0483870967741935,4.369233809665719,0.2114145391773735,,,,,,,,,,,
entire,3,2.968944837004929e-05,15.039690186137085,6,JJ,JJ,entir,0,3,4.369233809665719,0.0001131506022018,13.107701428997157,0.0483870967741935,4.369233809665719,0.2114145391773735,,,,,,,,,,,
wilt,3,2.968944837004929e-05,15.039690186137085,4,NN,NN,wilt,0,2,4.954196310386875,0.0001370707888921,9.90839262077375,0.032258064516129,4.954196310386875,0.1598127842060282,,,,,,,,,,,
benches,3,2.968944837004929e-05,15.039690186137085,7,NN,NNS,bench,0,3,4.369233809665719,0.0001638110479807,13.107701428997157,0.0483870967741935,4.369233809665719,0.2114145391773735,,,,,,,,,,,
suitors,3,2.968944837004929e-05,15.039690186137085,7,NN,NNS,suitor,0,3,4.369233809665719,0.0004073099608081,13.107701428997157,0.0483870967741935,4.369233809665719,0.2114145391773735,,,,,,,,,,,
jump,3,2.968944837004929e-05,15.039690186137085,4,NN,NN,jump,0,3,4.369233809665719,7.944272137505819e-05,13.107701428997157,0.0483870967741935,4.369233809665719,0.2114145391773735,0.0,0.0,0.0,0.0,1.0,0.0,1.0,0.0,0.0,0.0,1.0
thoughtful,3,2.968944837004929e-05,15.039690186137085,10,JJ,JJ,thought,0,3,4.369233809665719,0.0001744105682312,13.107701428997157,0.0483870967741935,4.369233809665719,0.2114145391773735,0.0,0.0,0.0,0.0,0.0,0.0,1.0,0.0,0.0,1.0,1.0
braids,3,2.968944837004929e-05,15.039690186137085,6,NN,NNS,braid,0,1,5.954196310386875,0.0002038968670086,5.954196310386875,0.0161290322580645,5.954196310386875,0.0960354243610786,,,,,,,,,,,
waters,3,2.968944837004929e-05,15.039690186137085,6,NN,NNS,water,0,2,4.954196310386875,0.0001002069551274,9.90839262077375,0.032258064516129,4.954196310386875,0.1598127842060282,,,,,,,,,,,
comrades,3,2.968944837004929e-05,15.039690186137085,8,NN,NNS,comrad,0,3,4.369233809665719,0.0002317065784214,13.107701428997157,0.0483870967741935,4.369233809665719,0.2114145391773735,,,,,,,,,,,
climb,3,2.968944837004929e-05,15.039690186137085,5,VB,VB,climb,0,3,4.369233809665719,0.0003203349403676,13.107701428997157,0.0483870967741935,4.369233809665719,0.2114145391773735,,,,,,,,,,,
greedy,3,2.968944837004929e-05,15.039690186137085,6,JJ,JJ,greedi,0,3,4.369233809665719,0.000161872091851,13.107701428997157,0.0483870967741935,4.369233809665719,0.2114145391773735,0.0,0.0,1.0,0.0,0.0,1.0,0.0,0.0,0.0,0.0,-1.0
unawares,3,2.968944837004929e-05,15.039690186137085,8,NN,NNS,unawar,0,3,4.369233809665719,8.20133658462914e-05,13.107701428997157,0.0483870967741935,4.369233809665719,0.2114145391773735,,,,,,,,,,,
ha,3,2.968944837004929e-05,15.039690186137085,2,NN,NNP,ha,0,2,4.954196310386875,7.962582798169527e-05,9.90839262077375,0.032258064516129,4.954196310386875,0.1598127842060282,,,,,,,,,,,
tight,3,2.968944837004929e-05,15.039690186137085,5,JJ,JJ,tight,0,2,4.954196310386875,9.912122010262168e-05,9.90839262077375,0.032258064516129,4.954196310386875,0.1598127842060282,,,,,,,,,,,
overtake,3,2.968944837004929e-05,15.039690186137085,8,VB,VB,overtak,0,3,4.369233809665719,0.0002448363433484,13.107701428997157,0.0483870967741935,4.369233809665719,0.2114145391773735,,,,,,,,,,,
deserve,3,2.968944837004929e-05,15.039690186137085,7,VB,VBP,deserv,0,2,4.954196310386875,0.000168683673012,9.90839262077375,0.032258064516129,4.954196310386875,0.1598127842060282,1.0,1.0,0.0,0.0,0.0,0.0,1.0,0.0,0.0,1.0,1.0
fools,3,2.968944837004929e-05,15.039690186137085,5,VB,VBP,fool,0,3,4.369233809665719,0.0001213138117163,13.107701428997157,0.0483870967741935,4.369233809665719,0.2114145391773735,,,,,,,,,,,
lace,3,2.968944837004929e-05,15.039690186137085,4,NN,NN,lace,0,1,5.954196310386875,0.0001207486475621,5.954196310386875,0.0161290322580645,5.954196310386875,0.0960354243610786,1.0,0.0,0.0,1.0,0.0,1.0,1.0,1.0,0.0,1.0,0.0
uproar,3,2.968944837004929e-05,15.039690186137085,6,NN,NN,uproar,0,2,4.954196310386875,7.34696487813149e-05,9.90839262077375,0.032258064516129,4.954196310386875,0.1598127842060282,,,,,,,,,,,
number,3,2.968944837004929e-05,15.039690186137085,6,NN,NN,number,0,3,4.369233809665719,0.0001692575881049,13.107701428997157,0.0483870967741935,4.369233809665719,0.2114145391773735,,,,,,,,,,,
beak,3,2.968944837004929e-05,15.039690186137085,4,NN,NN,beak,0,3,4.369233809665719,0.0001796333748141,13.107701428997157,0.0483870967741935,4.369233809665719,0.2114145391773735,,,,,,,,,,,
roll,3,2.968944837004929e-05,15.039690186137085,4,VB,VB,roll,0,3,4.369233809665719,0.0001182107728749,13.107701428997157,0.0483870967741935,4.369233809665719,0.2114145391773735,,,,,,,,,,,
chaffinch,3,2.968944837004929e-05,15.039690186137085,9,NN,NN,chaffinch,0,2,4.954196310386875,0.00010867613724,9.90839262077375,0.032258064516129,4.954196310386875,0.1598127842060282,,,,,,,,,,,
liberty,3,2.968944837004929e-05,15.039690186137085,7,NN,NN,liberti,0,3,4.369233809665719,0.0001085867824968,13.107701428997157,0.0483870967741935,4.369233809665719,0.2114145391773735,0.0,1.0,0.0,0.0,1.0,0.0,1.0,0.0,1.0,1.0,1.0
falls,3,2.968944837004929e-05,15.039690186137085,5,VB,VBZ,fall,0,3,4.369233809665719,8.533312364051206e-05,13.107701428997157,0.0483870967741935,4.369233809665719,0.2114145391773735,,,,,,,,,,,
declared,3,2.968944837004929e-05,15.039690186137085,8,VB,VBD,declar,0,2,4.954196310386875,0.0001374945161937,9.90839262077375,0.032258064516129,4.954196310386875,0.1598127842060282,,,,,,,,,,,
secretly,3,2.968944837004929e-05,15.039690186137085,8,RB,RB,secretli,0,3,4.369233809665719,9.008984486494738e-05,13.107701428997157,0.0483870967741935,4.369233809665719,0.2114145391773735,,,,,,,,,,,
mass,3,2.968944837004929e-05,15.039690186137085,4,NN,NN,mass,0,2,4.954196310386875,0.0001612115192802,9.90839262077375,0.032258064516129,4.954196310386875,0.1598127842060282,,,,,,,,,,,
aware,3,2.968944837004929e-05,15.039690186137085,5,JJ,JJ,awar,0,3,4.369233809665719,0.0001623016125251,13.107701428997157,0.0483870967741935,4.369233809665719,0.2114145391773735,,,,,,,,,,,
accused,3,2.968944837004929e-05,15.039690186137085,7,VB,VBD,accus,0,3,4.369233809665719,0.0001326811580842,13.107701428997157,0.0483870967741935,4.369233809665719,0.2114145391773735,1.0,0.0,0.0,1.0,0.0,1.0,0.0,0.0,0.0,0.0,-1.0
wages,3,2.968944837004929e-05,15.039690186137085,5,NN,NNS,wage,0,3,4.369233809665719,0.0001297502590913,13.107701428997157,0.0483870967741935,4.369233809665719,0.2114145391773735,0.0,0.0,0.0,0.0,1.0,0.0,1.0,0.0,0.0,0.0,1.0
lump,3,2.968944837004929e-05,15.039690186137085,4,NN,NN,lump,0,2,4.954196310386875,0.00013971504086,9.90839262077375,0.032258064516129,4.954196310386875,0.1598127842060282,,,,,,,,,,,
entice,3,2.968944837004929e-05,15.039690186137085,6,VB,VB,entic,0,3,4.369233809665719,9.792478477529872e-05,13.107701428997157,0.0483870967741935,4.369233809665719,0.2114145391773735,,,,,,,,,,,
clockcase,3,2.968944837004929e-05,15.039690186137085,9,NN,NN,clockcas,0,1,5.954196310386875,0.0002614394492588,5.954196310386875,0.0161290322580645,5.954196310386875,0.0960354243610786,,,,,,,,,,,
dwelling,3,2.968944837004929e-05,15.039690186137085,8,NN,NN,dwell,0,2,4.954196310386875,9.082490938414403e-05,9.90839262077375,0.032258064516129,4.954196310386875,0.1598127842060282,,,,,,,,,,,
angrily,3,2.968944837004929e-05,15.039690186137085,7,RB,RB,angrili,0,3,4.369233809665719,0.0001078027446077,13.107701428997157,0.0483870967741935,4.369233809665719,0.2114145391773735,,,,,,,,,,,
simpleton,3,2.968944837004929e-05,15.039690186137085,9,NN,NN,simpleton,0,3,4.369233809665719,0.0001881626879298,13.107701428997157,0.0483870967741935,4.369233809665719,0.2114145391773735,,,,,,,,,,,
creeping,3,2.968944837004929e-05,15.039690186137085,8,VB,VBG,creep,0,2,4.954196310386875,0.0001350508165492,9.90839262077375,0.032258064516129,4.954196310386875,0.1598127842060282,,,,,,,,,,,
trotting,3,2.968944837004929e-05,15.039690186137085,8,VB,VBG,trot,0,3,4.369233809665719,0.0001029533828554,13.107701428997157,0.0483870967741935,4.369233809665719,0.2114145391773735,,,,,,,,,,,
capital,3,2.968944837004929e-05,15.039690186137085,7,NN,NN,capit,0,1,5.954196310386875,0.0001211548667297,5.954196310386875,0.0161290322580645,5.954196310386875,0.0960354243610786,,,,,,,,,,,
sour,3,2.968944837004929e-05,15.039690186137085,4,JJ,JJ,sour,0,1,5.954196310386875,0.0001814271241078,5.954196310386875,0.0161290322580645,5.954196310386875,0.0960354243610786,0.0,0.0,1.0,0.0,0.0,1.0,0.0,0.0,0.0,0.0,-1.0
horseback,3,2.968944837004929e-05,15.039690186137085,9,NN,NN,horseback,0,3,4.369233809665719,9.81558992792906e-05,13.107701428997157,0.0483870967741935,4.369233809665719,0.2114145391773735,,,,,,,,,,,
host,3,2.968944837004929e-05,15.039690186137085,4,NN,NN,host,0,2,4.954196310386875,9.234170664796244e-05,9.90839262077375,0.032258064516129,4.954196310386875,0.1598127842060282,,,,,,,,,,,
opportunity,3,2.968944837004929e-05,15.039690186137085,11,NN,NN,opportun,0,3,4.369233809665719,0.0001106853297735,13.107701428997157,0.0483870967741935,4.369233809665719,0.2114145391773735,0.0,1.0,0.0,0.0,0.0,0.0,1.0,0.0,0.0,0.0,1.0
deserves,3,2.968944837004929e-05,15.039690186137085,8,VB,VBZ,deserv,0,2,4.954196310386875,0.0001305248103769,9.90839262077375,0.032258064516129,4.954196310386875,0.1598127842060282,,,,,,,,,,,
instantly,3,2.968944837004929e-05,15.039690186137085,9,RB,RB,instantli,0,3,4.369233809665719,0.000144451076604,13.107701428997157,0.0483870967741935,4.369233809665719,0.2114145391773735,,,,,,,,,,,
delightful,3,2.968944837004929e-05,15.039690186137085,10,JJ,JJ,delight,0,3,4.369233809665719,0.0001686165607648,13.107701428997157,0.0483870967741935,4.369233809665719,0.2114145391773735,0.0,1.0,0.0,0.0,1.0,0.0,1.0,0.0,0.0,1.0,1.0
groom,3,2.968944837004929e-05,15.039690186137085,5,NN,NN,groom,0,1,5.954196310386875,0.0001133830275809,5.954196310386875,0.0161290322580645,5.954196310386875,0.0960354243610786,,,,,,,,,,,
rushed,3,2.968944837004929e-05,15.039690186137085,6,VB,VBD,rush,0,3,4.369233809665719,0.0001059288460305,13.107701428997157,0.0483870967741935,4.369233809665719,0.2114145391773735,,,,,,,,,,,
vegetables,3,2.968944837004929e-05,15.039690186137085,10,NN,NNS,veget,0,2,4.954196310386875,0.0002628742894693,9.90839262077375,0.032258064516129,4.954196310386875,0.1598127842060282,,,,,,,,,,,
fuel,3,2.968944837004929e-05,15.039690186137085,4,NN,NN,fuel,0,2,4.954196310386875,0.0002581316291403,9.90839262077375,0.032258064516129,4.954196310386875,0.1598127842060282,,,,,,,,,,,
pains,3,2.968944837004929e-05,15.039690186137085,5,NN,NNS,pain,0,3,4.369233809665719,0.0001101688460175,13.107701428997157,0.0483870967741935,4.369233809665719,0.2114145391773735,,,,,,,,,,,
arrow,3,2.968944837004929e-05,15.039690186137085,5,NN,NN,arrow,0,1,5.954196310386875,0.0001133830275809,5.954196310386875,0.0161290322580645,5.954196310386875,0.0960354243610786,,,,,,,,,,,
spend,3,2.968944837004929e-05,15.039690186137085,5,VB,VB,spend,0,3,4.369233809665719,0.000102168874725,13.107701428997157,0.0483870967741935,4.369233809665719,0.2114145391773735,,,,,,,,,,,
dost,3,2.968944837004929e-05,15.039690186137085,4,NN,NN,dost,0,3,4.369233809665719,0.0001148612290873,13.107701428997157,0.0483870967741935,4.369233809665719,0.2114145391773735,,,,,,,,,,,
inns,3,2.968944837004929e-05,15.039690186137085,4,NN,JJ,inn,0,1,5.954196310386875,0.0001133830275809,5.954196310386875,0.0161290322580645,5.954196310386875,0.0960354243610786,,,,,,,,,,,
bar,3,2.968944837004929e-05,15.039690186137085,3,NN,NN,bar,0,3,4.369233809665719,9.938351679273248e-05,13.107701428997157,0.0483870967741935,4.369233809665719,0.2114145391773735,,,,,,,,,,,
opposite,3,2.968944837004929e-05,15.039690186137085,8,JJ,JJ,opposit,0,3,4.369233809665719,9.008984486494738e-05,13.107701428997157,0.0483870967741935,4.369233809665719,0.2114145391773735,,,,,,,,,,,
bodies,3,2.968944837004929e-05,15.039690186137085,6,NN,NNS,bodi,0,3,4.369233809665719,0.0001099975193718,13.107701428997157,0.0483870967741935,4.369233809665719,0.2114145391773735,,,,,,,,,,,
complained,3,2.968944837004929e-05,15.039690186137085,10,VB,VBD,complain,0,3,4.369233809665719,0.0001808126041154,13.107701428997157,0.0483870967741935,4.369233809665719,0.2114145391773735,,,,,,,,,,,
spite,3,2.968944837004929e-05,15.039690186137085,5,NN,NN,spite,0,3,4.369233809665719,0.0001090274425497,13.107701428997157,0.0483870967741935,4.369233809665719,0.2114145391773735,1.0,0.0,0.0,0.0,0.0,1.0,0.0,0.0,0.0,0.0,-1.0
creatures,3,2.968944837004929e-05,15.039690186137085,9,NN,NNS,creatur,0,2,4.954196310386875,0.0001318937483062,9.90839262077375,0.032258064516129,4.954196310386875,0.1598127842060282,,,,,,,,,,,
crossed,3,2.968944837004929e-05,15.039690186137085,7,VB,VBD,cross,0,2,4.954196310386875,8.4568611403723e-05,9.90839262077375,0.032258064516129,4.954196310386875,0.1598127842060282,,,,,,,,,,,
rags,3,2.968944837004929e-05,15.039690186137085,4,NN,NNS,rag,0,2,4.954196310386875,0.000109855071294,9.90839262077375,0.032258064516129,4.954196310386875,0.1598127842060282,0.0,0.0,1.0,0.0,0.0,1.0,0.0,0.0,0.0,0.0,-1.0
miserably,3,2.968944837004929e-05,15.039690186137085,9,RB,RB,miser,0,3,4.369233809665719,0.0001315757927455,13.107701428997157,0.0483870967741935,4.369233809665719,0.2114145391773735,0.0,0.0,0.0,0.0,0.0,1.0,0.0,1.0,0.0,0.0,-1.0
clatter,3,2.968944837004929e-05,15.039690186137085,7,NN,NN,clatter,0,3,4.369233809665719,0.00011608481149,13.107701428997157,0.0483870967741935,4.369233809665719,0.2114145391773735,,,,,,,,,,,
attempt,3,2.968944837004929e-05,15.039690186137085,7,NN,NN,attempt,0,3,4.369233809665719,9.245348303131616e-05,13.107701428997157,0.0483870967741935,4.369233809665719,0.2114145391773735,,,,,,,,,,,
murder,3,2.968944837004929e-05,15.039690186137085,6,VB,VB,murder,0,3,4.369233809665719,0.0001367004759327,13.107701428997157,0.0483870967741935,4.369233809665719,0.2114145391773735,1.0,0.0,1.0,1.0,0.0,1.0,0.0,1.0,1.0,0.0,-1.0
appeased,3,2.968944837004929e-05,15.039690186137085,8,VB,VBN,appeas,0,3,4.369233809665719,8.397452251827822e-05,13.107701428997157,0.0483870967741935,4.369233809665719,0.2114145391773735,,,,,,,,,,,
flown,3,2.968944837004929e-05,15.039690186137085,5,VB,VBN,flown,0,3,4.369233809665719,0.0002518591964326,13.107701428997157,0.0483870967741935,4.369233809665719,0.2114145391773735,,,,,,,,,,,
wishes,3,2.968944837004929e-05,15.039690186137085,6,NN,NNS,wish,0,2,4.954196310386875,0.0001798605160528,9.90839262077375,0.032258064516129,4.954196310386875,0.1598127842060282,,,,,,,,,,,
terrible,3,2.968944837004929e-05,15.039690186137085,8,JJ,JJ,terribl,0,3,4.369233809665719,9.271151680550808e-05,13.107701428997157,0.0483870967741935,4.369233809665719,0.2114145391773735,1.0,0.0,1.0,1.0,0.0,1.0,0.0,1.0,0.0,0.0,-1.0
sentenced,3,2.968944837004929e-05,15.039690186137085,9,VB,VBN,sentenc,0,2,4.954196310386875,0.0001013101923611,9.90839262077375,0.032258064516129,4.954196310386875,0.1598127842060282,,,,,,,,,,,
sighing,3,2.968944837004929e-05,15.039690186137085,7,NN,NN,sigh,0,3,4.369233809665719,8.458800268804789e-05,13.107701428997157,0.0483870967741935,4.369233809665719,0.2114145391773735,,,,,,,,,,,
bedroom,3,2.968944837004929e-05,15.039690186137085,7,NN,NN,bedroom,0,3,4.369233809665719,0.0001178973355194,13.107701428997157,0.0483870967741935,4.369233809665719,0.2114145391773735,,,,,,,,,,,
bake,3,2.968944837004929e-05,15.039690186137085,4,NN,NN,bake,0,2,4.954196310386875,0.0001238891049355,9.90839262077375,0.032258064516129,4.954196310386875,0.1598127842060282,,,,,,,,,,,
listening,3,2.968944837004929e-05,15.039690186137085,9,VB,VBG,listen,0,3,4.369233809665719,9.929311056909954e-05,13.107701428997157,0.0483870967741935,4.369233809665719,0.2114145391773735,,,,,,,,,,,
croaked,3,2.968944837004929e-05,15.039690186137085,7,VB,VBD,croak,0,1,5.954196310386875,0.00013851263129,5.954196310386875,0.0161290322580645,5.954196310386875,0.0960354243610786,,,,,,,,,,,
pitied,3,2.968944837004929e-05,15.039690186137085,6,VB,VBD,piti,0,3,4.369233809665719,0.0001212748827046,13.107701428997157,0.0483870967741935,4.369233809665719,0.2114145391773735,,,,,,,,,,,
school,3,2.968944837004929e-05,15.039690186137085,6,NN,NN,school,0,2,4.954196310386875,8.169154530184367e-05,9.90839262077375,0.032258064516129,4.954196310386875,0.1598127842060282,,,,,,,,,,,
sugar,3,2.968944837004929e-05,15.039690186137085,5,NN,NN,sugar,0,2,4.954196310386875,0.0001474152268926,9.90839262077375,0.032258064516129,4.954196310386875,0.1598127842060282,,,,,,,,,,,
sausages,3,2.968944837004929e-05,15.039690186137085,8,NN,NNS,sausag,0,2,4.954196310386875,9.34797529503274e-05,9.90839262077375,0.032258064516129,4.954196310386875,0.1598127842060282,,,,,,,,,,,
gangest,3,2.968944837004929e-05,15.039690186137085,7,NN,NN,gangest,0,1,5.954196310386875,0.000128104167667,5.954196310386875,0.0161290322580645,5.954196310386875,0.0960354243610786,,,,,,,,,,,
string,3,2.968944837004929e-05,15.039690186137085,6,NN,NN,string,0,2,4.954196310386875,0.0001543436258844,9.90839262077375,0.032258064516129,4.954196310386875,0.1598127842060282,,,,,,,,,,,
misfortunes,3,2.968944837004929e-05,15.039690186137085,11,NN,NNS,misfortun,0,3,4.369233809665719,0.0001167624941245,13.107701428997157,0.0483870967741935,4.369233809665719,0.2114145391773735,,,,,,,,,,,
dales,3,2.968944837004929e-05,15.039690186137085,5,NN,NNS,dale,0,1,5.954196310386875,0.000128104167667,5.954196310386875,0.0161290322580645,5.954196310386875,0.0960354243610786,,,,,,,,,,,
risen,3,2.968944837004929e-05,15.039690186137085,5,VB,VBN,risen,0,1,5.954196310386875,9.786218515055566e-05,5.954196310386875,0.0161290322580645,5.954196310386875,0.0960354243610786,,,,,,,,,,,
whirl,3,2.968944837004929e-05,15.039690186137085,5,JJ,JJ,whirl,0,1,5.954196310386875,0.000128104167667,5.954196310386875,0.0161290322580645,5.954196310386875,0.0960354243610786,,,,,,,,,,,
threshold,3,2.968944837004929e-05,15.039690186137085,9,NN,NN,threshold,0,2,4.954196310386875,8.319967347440133e-05,9.90839262077375,0.032258064516129,4.954196310386875,0.1598127842060282,,,,,,,,,,,
weeks,3,2.968944837004929e-05,15.039690186137085,5,NN,NNS,week,0,3,4.369233809665719,7.639320304937134e-05,13.107701428997157,0.0483870967741935,4.369233809665719,0.2114145391773735,,,,,,,,,,,
workshop,3,2.968944837004929e-05,15.039690186137085,8,NN,NN,workshop,0,2,4.954196310386875,7.356749489030182e-05,9.90839262077375,0.032258064516129,4.954196310386875,0.1598127842060282,,,,,,,,,,,
brightly,3,2.968944837004929e-05,15.039690186137085,8,RB,RB,brightli,0,3,4.369233809665719,7.569949355899324e-05,13.107701428997157,0.0483870967741935,4.369233809665719,0.2114145391773735,,,,,,,,,,,
lighthearted,3,2.968944837004929e-05,15.039690186137085,12,VB,JJ,lightheart,0,1,5.954196310386875,9.329866356322406e-05,5.954196310386875,0.0161290322580645,5.954196310386875,0.0960354243610786,,,,,,,,,,,
distress,3,2.968944837004929e-05,15.039690186137085,8,NN,NN,distress,0,3,4.369233809665719,7.316213458138892e-05,13.107701428997157,0.0483870967741935,4.369233809665719,0.2114145391773735,1.0,0.0,1.0,1.0,0.0,1.0,0.0,1.0,1.0,0.0,-1.0
ladies,3,2.968944837004929e-05,15.039690186137085,6,NN,NNS,ladi,0,1,5.954196310386875,0.0001207486475621,5.954196310386875,0.0161290322580645,5.954196310386875,0.0960354243610786,,,,,,,,,,,
pitch,3,2.968944837004929e-05,15.039690186137085,5,NN,NN,pitch,0,1,5.954196310386875,0.000107945400181,5.954196310386875,0.0161290322580645,5.954196310386875,0.0960354243610786,,,,,,,,,,,
handed,3,2.968944837004929e-05,15.039690186137085,6,VB,VBD,hand,0,3,4.369233809665719,8.397452251827822e-05,13.107701428997157,0.0483870967741935,4.369233809665719,0.2114145391773735,,,,,,,,,,,
planks,3,2.968944837004929e-05,15.039690186137085,6,NN,NNS,plank,0,2,4.954196310386875,0.0001210391698828,9.90839262077375,0.032258064516129,4.954196310386875,0.1598127842060282,,,,,,,,,,,
pardon,3,2.968944837004929e-05,15.039690186137085,6,NN,NN,pardon,0,1,5.954196310386875,0.0003141835039075,5.954196310386875,0.0161290322580645,5.954196310386875,0.0960354243610786,,,,,,,,,,,
swim,3,2.968944837004929e-05,15.039690186137085,4,VB,VB,swim,0,3,4.369233809665719,0.0001042029668904,13.107701428997157,0.0483870967741935,4.369233809665719,0.2114145391773735,0.0,1.0,0.0,1.0,1.0,0.0,1.0,0.0,0.0,0.0,1.0
undone,3,2.968944837004929e-05,15.039690186137085,6,JJ,JJ,undon,0,3,4.369233809665719,0.0001201907396778,13.107701428997157,0.0483870967741935,4.369233809665719,0.2114145391773735,,,,,,,,,,,
richly,3,2.968944837004929e-05,15.039690186137085,6,RB,RB,richli,0,3,4.369233809665719,8.801712754549098e-05,13.107701428997157,0.0483870967741935,4.369233809665719,0.2114145391773735,,,,,,,,,,,
envy,3,2.968944837004929e-05,15.039690186137085,4,NN,NN,envi,0,2,4.954196310386875,9.513525473863272e-05,9.90839262077375,0.032258064516129,4.954196310386875,0.1598127842060282,,,,,,,,,,,
anxiety,3,2.968944837004929e-05,15.039690186137085,7,NN,NN,anxieti,0,2,4.954196310386875,0.0001267945714271,9.90839262077375,0.032258064516129,4.954196310386875,0.1598127842060282,1.0,1.0,0.0,1.0,0.0,1.0,0.0,1.0,0.0,0.0,-1.0
tossed,3,2.968944837004929e-05,15.039690186137085,6,VB,VBN,toss,0,3,4.369233809665719,7.81303945124185e-05,13.107701428997157,0.0483870967741935,4.369233809665719,0.2114145391773735,,,,,,,,,,,
daily,3,2.968944837004929e-05,15.039690186137085,5,JJ,JJ,daili,0,3,4.369233809665719,0.0001487283275409,13.107701428997157,0.0483870967741935,4.369233809665719,0.2114145391773735,,,,,,,,,,,
bite,3,2.968944837004929e-05,15.039690186137085,4,NN,NN,bite,0,3,4.369233809665719,7.390840266831586e-05,13.107701428997157,0.0483870967741935,4.369233809665719,0.2114145391773735,,,,,,,,,,,
value,3,2.968944837004929e-05,15.039690186137085,5,NN,NN,valu,0,3,4.369233809665719,8.720559098626064e-05,13.107701428997157,0.0483870967741935,4.369233809665719,0.2114145391773735,,,,,,,,,,,
common,3,2.968944837004929e-05,15.039690186137085,6,JJ,JJ,common,0,3,4.369233809665719,8.057304845771996e-05,13.107701428997157,0.0483870967741935,4.369233809665719,0.2114145391773735,,,,,,,,,,,
nail,3,2.968944837004929e-05,15.039690186137085,4,NN,NN,nail,0,3,4.369233809665719,0.0001047949493972,13.107701428997157,0.0483870967741935,4.369233809665719,0.2114145391773735,,,,,,,,,,,
hangest,3,2.968944837004929e-05,15.039690186137085,7,NN,NN,hangest,0,1,5.954196310386875,0.000128104167667,5.954196310386875,0.0161290322580645,5.954196310386875,0.0960354243610786,,,,,,,,,,,
hick,3,2.968944837004929e-05,15.039690186137085,4,JJ,JJ,hick,0,1,5.954196310386875,9.329866356322406e-05,5.954196310386875,0.0161290322580645,5.954196310386875,0.0960354243610786,,,,,,,,,,,
hack,3,2.968944837004929e-05,15.039690186137085,4,NN,NN,hack,0,1,5.954196310386875,9.329866356322406e-05,5.954196310386875,0.0161290322580645,5.954196310386875,0.0960354243610786,,,,,,,,,,,
yielded,3,2.968944837004929e-05,15.039690186137085,7,VB,VBN,yield,0,3,4.369233809665719,7.873111255057683e-05,13.107701428997157,0.0483870967741935,4.369233809665719,0.2114145391773735,,,,,,,,,,,
approached,3,2.968944837004929e-05,15.039690186137085,10,VB,VBD,approach,0,3,4.369233809665719,9.234152254608544e-05,13.107701428997157,0.0483870967741935,4.369233809665719,0.2114145391773735,,,,,,,,,,,
wake,3,2.968944837004929e-05,15.039690186137085,4,VB,VB,wake,0,3,4.369233809665719,0.0002266688082635,13.107701428997157,0.0483870967741935,4.369233809665719,0.2114145391773735,,,,,,,,,,,
bewitched,3,2.968944837004929e-05,15.039690186137085,9,VB,VBN,bewitch,0,3,4.369233809665719,0.0001310903809912,13.107701428997157,0.0483870967741935,4.369233809665719,0.2114145391773735,,,,,,,,,,,
weariness,3,2.968944837004929e-05,15.039690186137085,9,NN,NN,weari,0,3,4.369233809665719,8.497424067252424e-05,13.107701428997157,0.0483870967741935,4.369233809665719,0.2114145391773735,0.0,0.0,0.0,0.0,0.0,1.0,0.0,1.0,0.0,0.0,-1.0
freed,3,2.968944837004929e-05,15.039690186137085,5,VB,VBN,freed,0,3,4.369233809665719,0.0001218871152871,13.107701428997157,0.0483870967741935,4.369233809665719,0.2114145391773735,,,,,,,,,,,
morrow,3,2.968944837004929e-05,15.039690186137085,6,NN,NN,morrow,0,3,4.369233809665719,0.0001347108347462,13.107701428997157,0.0483870967741935,4.369233809665719,0.2114145391773735,,,,,,,,,,,
wearer,3,2.968944837004929e-05,15.039690186137085,6,NN,NN,wearer,0,2,4.954196310386875,9.75378558803395e-05,9.90839262077375,0.032258064516129,4.954196310386875,0.1598127842060282,,,,,,,,,,,
faithfully,3,2.968944837004929e-05,15.039690186137085,10,RB,RB,faith,0,2,4.954196310386875,0.000121312505253,9.90839262077375,0.032258064516129,4.954196310386875,0.1598127842060282,,,,,,,,,,,
truly,3,2.968944837004929e-05,15.039690186137085,5,RB,RB,truli,0,3,4.369233809665719,0.0001262796249867,13.107701428997157,0.0483870967741935,4.369233809665719,0.2114145391773735,,,,,,,,,,,
crumbs,3,2.968944837004929e-05,15.039690186137085,6,NN,NN,crumb,0,1,5.954196310386875,9.786218515055566e-05,5.954196310386875,0.0161290322580645,5.954196310386875,0.0960354243610786,,,,,,,,,,,
quarter,3,2.968944837004929e-05,15.039690186137085,7,NN,NN,quarter,0,3,4.369233809665719,7.226510904218513e-05,13.107701428997157,0.0483870967741935,4.369233809665719,0.2114145391773735,,,,,,,,,,,
health,3,2.968944837004929e-05,15.039690186137085,6,NN,NN,health,0,3,4.369233809665719,0.0001093033595529,13.107701428997157,0.0483870967741935,4.369233809665719,0.2114145391773735,,,,,,,,,,,
conversation,3,2.968944837004929e-05,15.039690186137085,12,NN,NN,convers,0,3,4.369233809665719,8.615755698152008e-05,13.107701428997157,0.0483870967741935,4.369233809665719,0.2114145391773735,,,,,,,,,,,
heath,3,2.968944837004929e-05,15.039690186137085,5,NN,NN,heath,0,2,4.954196310386875,9.923388515408604e-05,9.90839262077375,0.032258064516129,4.954196310386875,0.1598127842060282,,,,,,,,,,,
marked,3,2.968944837004929e-05,15.039690186137085,6,VB,VBN,mark,0,2,4.954196310386875,0.0001015680836236,9.90839262077375,0.032258064516129,4.954196310386875,0.1598127842060282,,,,,,,,,,,
call,3,2.968944837004929e-05,15.039690186137085,4,NN,NN,call,0,3,4.369233809665719,9.14513434955645e-05,13.107701428997157,0.0483870967741935,4.369233809665719,0.2114145391773735,,,,,,,,,,,
saving,3,2.968944837004929e-05,15.039690186137085,6,VB,VBG,save,0,3,4.369233809665719,9.716247170613965e-05,13.107701428997157,0.0483870967741935,4.369233809665719,0.2114145391773735,,,,,,,,,,,
cure,3,2.968944837004929e-05,15.039690186137085,4,NN,NN,cure,0,3,4.369233809665719,9.574902431337204e-05,13.107701428997157,0.0483870967741935,4.369233809665719,0.2114145391773735,,,,,,,,,,,
yonder,3,2.968944837004929e-05,15.039690186137085,6,NN,NN,yonder,0,3,4.369233809665719,0.0001242125615781,13.107701428997157,0.0483870967741935,4.369233809665719,0.2114145391773735,,,,,,,,,,,
leathern,3,2.968944837004929e-05,15.039690186137085,8,JJ,JJ,leathern,0,2,4.954196310386875,9.64960092954427e-05,9.90839262077375,0.032258064516129,4.954196310386875,0.1598127842060282,,,,,,,,,,,
trembling,3,2.968944837004929e-05,15.039690186137085,9,VB,VBG,trembl,0,3,4.369233809665719,0.0003581136976549,13.107701428997157,0.0483870967741935,4.369233809665719,0.2114145391773735,0.0,0.0,0.0,1.0,0.0,1.0,0.0,0.0,0.0,0.0,-1.0
fatigue,3,2.968944837004929e-05,15.039690186137085,7,NN,NN,fatigu,0,3,4.369233809665719,7.408778948520571e-05,13.107701428997157,0.0483870967741935,4.369233809665719,0.2114145391773735,,,,,,,,,,,
trying,3,2.968944837004929e-05,15.039690186137085,6,VB,VBG,tri,0,3,4.369233809665719,7.918635988906344e-05,13.107701428997157,0.0483870967741935,4.369233809665719,0.2114145391773735,,,,,,,,,,,
bond,3,2.968944837004929e-05,15.039690186137085,4,NN,NN,bond,0,1,5.954196310386875,0.0001163125850154,5.954196310386875,0.0161290322580645,5.954196310386875,0.0960354243610786,,,,,,,,,,,
hence,3,2.968944837004929e-05,15.039690186137085,5,RB,RB,henc,0,2,4.954196310386875,0.0001488971355402,9.90839262077375,0.032258064516129,4.954196310386875,0.1598127842060282,,,,,,,,,,,
suited,3,2.968944837004929e-05,15.039690186137085,6,VB,VBD,suit,0,3,4.369233809665719,0.0001505317695195,13.107701428997157,0.0483870967741935,4.369233809665719,0.2114145391773735,,,,,,,,,,,
senseless,3,2.968944837004929e-05,15.039690186137085,9,NN,NN,senseless,0,3,4.369233809665719,8.811127613377021e-05,13.107701428997157,0.0483870967741935,4.369233809665719,0.2114145391773735,1.0,0.0,1.0,1.0,0.0,1.0,0.0,1.0,1.0,0.0,-1.0
drops,3,2.968944837004929e-05,15.039690186137085,5,NN,NNS,drop,0,2,4.954196310386875,0.0001209337229287,9.90839262077375,0.032258064516129,4.954196310386875,0.1598127842060282,,,,,,,,,,,
chirping,3,2.968944837004929e-05,15.039690186137085,8,VB,VBG,chirp,0,2,4.954196310386875,9.79170999171547e-05,9.90839262077375,0.032258064516129,4.954196310386875,0.1598127842060282,,,,,,,,,,,
robbed,3,2.968944837004929e-05,15.039690186137085,6,VB,VBN,rob,0,2,4.954196310386875,0.0001638203843646,9.90839262077375,0.032258064516129,4.954196310386875,0.1598127842060282,,,,,,,,,,,
snatched,3,2.968944837004929e-05,15.039690186137085,8,VB,VBD,snatch,0,3,4.369233809665719,0.0001196884264101,13.107701428997157,0.0483870967741935,4.369233809665719,0.2114145391773735,,,,,,,,,,,
fared,3,2.968944837004929e-05,15.039690186137085,5,VB,VBD,fare,0,2,4.954196310386875,0.0001445984195519,9.90839262077375,0.032258064516129,4.954196310386875,0.1598127842060282,,,,,,,,,,,
painted,3,2.968944837004929e-05,15.039690186137085,7,VB,VBN,paint,0,3,4.369233809665719,0.0001633222151516,13.107701428997157,0.0483870967741935,4.369233809665719,0.2114145391773735,,,,,,,,,,,
huge,3,2.968944837004929e-05,15.039690186137085,4,JJ,JJ,huge,0,2,4.954196310386875,0.0001334535402069,9.90839262077375,0.032258064516129,4.954196310386875,0.1598127842060282,,,,,,,,,,,
smell,3,2.968944837004929e-05,15.039690186137085,5,NN,NN,smell,0,3,4.369233809665719,0.0001170695915613,13.107701428997157,0.0483870967741935,4.369233809665719,0.2114145391773735,1.0,0.0,1.0,0.0,0.0,1.0,0.0,0.0,0.0,0.0,-1.0
cupboard,3,2.968944837004929e-05,15.039690186137085,8,NN,NN,cupboard,0,3,4.369233809665719,0.0001140991963192,13.107701428997157,0.0483870967741935,4.369233809665719,0.2114145391773735,,,,,,,,,,,
violent,3,2.968944837004929e-05,15.039690186137085,7,JJ,JJ,violent,0,3,4.369233809665719,9.680853601162004e-05,13.107701428997157,0.0483870967741935,4.369233809665719,0.2114145391773735,1.0,0.0,1.0,1.0,0.0,1.0,0.0,0.0,1.0,0.0,-1.0
delicate,3,2.968944837004929e-05,15.039690186137085,8,JJ,JJ,delic,0,3,4.369233809665719,0.0001428286671503,13.107701428997157,0.0483870967741935,4.369233809665719,0.2114145391773735,,,,,,,,,,,
intended,3,2.968944837004929e-05,15.039690186137085,8,VB,VBN,intend,0,3,4.369233809665719,0.0001621787048347,13.107701428997157,0.0483870967741935,4.369233809665719,0.2114145391773735,0.0,1.0,0.0,0.0,0.0,0.0,1.0,0.0,0.0,0.0,1.0
actually,3,2.968944837004929e-05,15.039690186137085,8,RB,RB,actual,0,2,4.954196310386875,0.0002261626092041,9.90839262077375,0.032258064516129,4.954196310386875,0.1598127842060282,,,,,,,,,,,
parents,3,2.968944837004929e-05,15.039690186137085,7,NN,NNS,parent,0,2,4.954196310386875,0.0002072970156623,9.90839262077375,0.032258064516129,4.954196310386875,0.1598127842060282,,,,,,,,,,,
sailed,3,2.968944837004929e-05,15.039690186137085,6,VB,VBD,sail,0,2,4.954196310386875,0.000122052934643,9.90839262077375,0.032258064516129,4.954196310386875,0.1598127842060282,,,,,,,,,,,
prove,3,2.968944837004929e-05,15.039690186137085,5,VB,VB,prove,0,3,4.369233809665719,0.0001386099087367,13.107701428997157,0.0483870967741935,4.369233809665719,0.2114145391773735,,,,,,,,,,,
later,3,2.968944837004929e-05,15.039690186137085,5,RB,RB,later,0,2,4.954196310386875,8.4568611403723e-05,9.90839262077375,0.032258064516129,4.954196310386875,0.1598127842060282,,,,,,,,,,,
sunday,3,2.968944837004929e-05,15.039690186137085,6,NN,NNP,sunday,0,2,4.954196310386875,0.0001668442770317,9.90839262077375,0.032258064516129,4.954196310386875,0.1598127842060282,,,,,,,,,,,
therein,3,2.968944837004929e-05,15.039690186137085,7,RB,RB,therein,0,3,4.369233809665719,0.0001147638480629,13.107701428997157,0.0483870967741935,4.369233809665719,0.2114145391773735,,,,,,,,,,,
leap,3,2.968944837004929e-05,15.039690186137085,4,VB,VB,leap,0,3,4.369233809665719,6.850157373840677e-05,13.107701428997157,0.0483870967741935,4.369233809665719,0.2114145391773735,,,,,,,,,,,
brink,3,2.968944837004929e-05,15.039690186137085,5,NN,NN,brink,0,3,4.369233809665719,0.0001371155014746,13.107701428997157,0.0483870967741935,4.369233809665719,0.2114145391773735,,,,,,,,,,,
directly,3,2.968944837004929e-05,15.039690186137085,8,RB,RB,directli,0,3,4.369233809665719,0.000156223613326,13.107701428997157,0.0483870967741935,4.369233809665719,0.2114145391773735,,,,,,,,,,,
quarrel,3,2.968944837004929e-05,15.039690186137085,7,NN,NN,quarrel,0,3,4.369233809665719,9.088546267991337e-05,13.107701428997157,0.0483870967741935,4.369233809665719,0.2114145391773735,1.0,0.0,0.0,0.0,0.0,1.0,0.0,0.0,0.0,0.0,-1.0
plump,3,2.968944837004929e-05,15.039690186137085,5,NN,NN,plump,0,3,4.369233809665719,7.997583136145542e-05,13.107701428997157,0.0483870967741935,4.369233809665719,0.2114145391773735,,,,,,,,,,,
guess,3,2.968944837004929e-05,15.039690186137085,5,VB,VB,guess,0,3,4.369233809665719,0.0001944165097523,13.107701428997157,0.0483870967741935,4.369233809665719,0.2114145391773735,,,,,,,,,,,
noticed,3,2.968944837004929e-05,15.039690186137085,7,VB,VBD,notic,0,3,4.369233809665719,0.0001204080868277,13.107701428997157,0.0483870967741935,4.369233809665719,0.2114145391773735,,,,,,,,,,,
tablet,3,2.968944837004929e-05,15.039690186137085,6,NN,NN,tablet,0,1,5.954196310386875,0.0003357881970667,5.954196310386875,0.0161290322580645,5.954196310386875,0.0960354243610786,,,,,,,,,,,
suitor,3,2.968944837004929e-05,15.039690186137085,6,NN,NN,suitor,0,3,4.369233809665719,0.0002788912505622,13.107701428997157,0.0483870967741935,4.369233809665719,0.2114145391773735,,,,,,,,,,,
arts,3,2.968944837004929e-05,15.039690186137085,4,NN,NNS,art,0,1,5.954196310386875,0.0009866653187782,5.954196310386875,0.0161290322580645,5.954196310386875,0.0960354243610786,,,,,,,,,,,
laces,3,2.968944837004929e-05,15.039690186137085,5,NN,NNS,lace,0,2,4.954196310386875,9.979513987298776e-05,9.90839262077375,0.032258064516129,4.954196310386875,0.1598127842060282,,,,,,,,,,,
upper,3,2.968944837004929e-05,15.039690186137085,5,JJ,JJ,upper,0,3,4.369233809665719,7.279215390463717e-05,13.107701428997157,0.0483870967741935,4.369233809665719,0.2114145391773735,,,,,,,,,,,
thirdly,3,2.968944837004929e-05,15.039690186137085,7,RB,RB,thirdli,0,3,4.369233809665719,0.0001841676245504,13.107701428997157,0.0483870967741935,4.369233809665719,0.2114145391773735,,,,,,,,,,,
excuse,3,2.968944837004929e-05,15.039690186137085,6,VB,VB,excus,0,3,4.369233809665719,0.0001085727096703,13.107701428997157,0.0483870967741935,4.369233809665719,0.2114145391773735,,,,,,,,,,,
sticks,3,2.968944837004929e-05,15.039690186137085,6,VB,VBZ,stick,0,2,4.954196310386875,0.0002078406304,9.90839262077375,0.032258064516129,4.954196310386875,0.1598127842060282,,,,,,,,,,,
garland,3,2.968944837004929e-05,15.039690186137085,7,NN,NN,garland,0,2,4.954196310386875,0.0001097908616412,9.90839262077375,0.032258064516129,4.954196310386875,0.1598127842060282,,,,,,,,,,,
wreath,3,2.968944837004929e-05,15.039690186137085,6,NN,NN,wreath,0,2,4.954196310386875,8.229340894646752e-05,9.90839262077375,0.032258064516129,4.954196310386875,0.1598127842060282,,,,,,,,,,,
rays,3,2.968944837004929e-05,15.039690186137085,4,NN,NNS,ray,0,3,4.369233809665719,0.0001274332810142,13.107701428997157,0.0483870967741935,4.369233809665719,0.2114145391773735,,,,,,,,,,,
leading,3,2.968944837004929e-05,15.039690186137085,7,VB,VBG,lead,0,3,4.369233809665719,0.0001100620870793,13.107701428997157,0.0483870967741935,4.369233809665719,0.2114145391773735,,,,,,,,,,,
ties,3,2.968944837004929e-05,15.039690186137085,4,VB,VBZ,tie,0,1,5.954196310386875,0.0003179980939108,5.954196310386875,0.0161290322580645,5.954196310386875,0.0960354243610786,,,,,,,,,,,
urchin,3,2.968944837004929e-05,15.039690186137085,6,JJ,JJ,urchin,0,1,5.954196310386875,0.0001133830275809,5.954196310386875,0.0161290322580645,5.954196310386875,0.0960354243610786,,,,,,,,,,,
puts,3,2.968944837004929e-05,15.039690186137085,4,VB,VBZ,put,0,2,4.954196310386875,0.0002099961531511,9.90839262077375,0.032258064516129,4.954196310386875,0.1598127842060282,,,,,,,,,,,
thankful,3,2.968944837004929e-05,15.039690186137085,8,JJ,JJ,thank,0,3,4.369233809665719,0.0002029574281585,13.107701428997157,0.0483870967741935,4.369233809665719,0.2114145391773735,0.0,0.0,0.0,0.0,1.0,0.0,1.0,0.0,0.0,0.0,1.0
slippers,3,2.968944837004929e-05,15.039690186137085,8,NN,NNS,slipper,0,2,4.954196310386875,8.760403305321721e-05,9.90839262077375,0.032258064516129,4.954196310386875,0.1598127842060282,,,,,,,,,,,
pretend,3,2.968944837004929e-05,15.039690186137085,7,VB,VB,pretend,0,3,4.369233809665719,0.0002668232826783,13.107701428997157,0.0483870967741935,4.369233809665719,0.2114145391773735,,,,,,,,,,,
kicked,3,2.968944837004929e-05,15.039690186137085,6,VB,VBD,kick,0,3,4.369233809665719,0.0001816513849672,13.107701428997157,0.0483870967741935,4.369233809665719,0.2114145391773735,,,,,,,,,,,
impossible,3,2.968944837004929e-05,15.039690186137085,10,JJ,JJ,imposs,0,1,5.954196310386875,0.00011905217896,5.954196310386875,0.0161290322580645,5.954196310386875,0.0960354243610786,0.0,0.0,0.0,0.0,0.0,1.0,0.0,1.0,0.0,0.0,-1.0
line,3,2.968944837004929e-05,15.039690186137085,4,NN,NN,line,0,2,4.954196310386875,0.0001032345416033,9.90839262077375,0.032258064516129,4.954196310386875,0.1598127842060282,,,,,,,,,,,
hurried,3,2.968944837004929e-05,15.039690186137085,7,VB,VBD,hurri,0,3,4.369233809665719,0.000144772144132,13.107701428997157,0.0483870967741935,4.369233809665719,0.2114145391773735,0.0,1.0,0.0,0.0,0.0,1.0,0.0,0.0,0.0,0.0,-1.0
howling,3,2.968944837004929e-05,15.039690186137085,7,NN,NN,howl,0,3,4.369233809665719,0.000122066502104,13.107701428997157,0.0483870967741935,4.369233809665719,0.2114145391773735,,,,,,,,,,,
presence,3,2.968944837004929e-05,15.039690186137085,8,NN,NN,presenc,0,2,4.954196310386875,0.0001173098935298,9.90839262077375,0.032258064516129,4.954196310386875,0.1598127842060282,,,,,,,,,,,
counted,3,2.968944837004929e-05,15.039690186137085,7,VB,VBN,count,0,3,4.369233809665719,0.0001392278395642,13.107701428997157,0.0483870967741935,4.369233809665719,0.2114145391773735,,,,,,,,,,,
content,3,2.968944837004929e-05,15.039690186137085,7,NN,NN,content,0,3,4.369233809665719,0.0001337043000816,13.107701428997157,0.0483870967741935,4.369233809665719,0.2114145391773735,0.0,0.0,0.0,0.0,1.0,0.0,1.0,0.0,0.0,1.0,1.0
chanced,3,2.968944837004929e-05,15.039690186137085,7,VB,VBD,chanc,0,3,4.369233809665719,0.0001105217422669,13.107701428997157,0.0483870967741935,4.369233809665719,0.2114145391773735,,,,,,,,,,,
b,3,2.968944837004929e-05,15.039690186137085,1,NN,NNP,b,0,2,4.954196310386875,0.0002322933161203,9.90839262077375,0.032258064516129,4.954196310386875,0.1598127842060282,,,,,,,,,,,
cunning,3,2.968944837004929e-05,15.039690186137085,7,NN,NN,cun,0,3,4.369233809665719,0.0003595959862206,13.107701428997157,0.0483870967741935,4.369233809665719,0.2114145391773735,0.0,0.0,0.0,0.0,0.0,1.0,1.0,0.0,0.0,0.0,0.0
livelihood,3,2.968944837004929e-05,15.039690186137085,10,NN,NN,livelihood,0,2,4.954196310386875,0.0002413487825646,9.90839262077375,0.032258064516129,4.954196310386875,0.1598127842060282,,,,,,,,,,,
widow,3,2.968944837004929e-05,15.039690186137085,5,NN,NN,widow,0,3,4.369233809665719,0.0002276467751918,13.107701428997157,0.0483870967741935,4.369233809665719,0.2114145391773735,,,,,,,,,,,
hanged,3,2.968944837004929e-05,15.039690186137085,6,VB,VBN,hang,0,3,4.369233809665719,0.0001367283502887,13.107701428997157,0.0483870967741935,4.369233809665719,0.2114145391773735,,,,,,,,,,,
strangers,3,2.968944837004929e-05,15.039690186137085,9,NN,NNS,stranger,0,1,5.954196310386875,0.0001133830275809,5.954196310386875,0.0161290322580645,5.954196310386875,0.0960354243610786,,,,,,,,,,,
downstairs,3,2.968944837004929e-05,15.039690186137085,10,NN,NNS,downstair,0,3,4.369233809665719,0.0002495098566686,13.107701428997157,0.0483870967741935,4.369233809665719,0.2114145391773735,,,,,,,,,,,
strewed,3,2.968944837004929e-05,15.039690186137085,7,VB,VBD,strew,0,3,4.369233809665719,0.000128228366368,13.107701428997157,0.0483870967741935,4.369233809665719,0.2114145391773735,,,,,,,,,,,
speaking,3,2.968944837004929e-05,15.039690186137085,8,VB,VBG,speak,0,2,4.954196310386875,0.0001569119677673,9.90839262077375,0.032258064516129,4.954196310386875,0.1598127842060282,,,,,,,,,,,
drunk,3,2.968944837004929e-05,15.039690186137085,5,NN,NN,drunk,0,3,4.369233809665719,0.000159032387536,13.107701428997157,0.0483870967741935,4.369233809665719,0.2114145391773735,,,,,,,,,,,
asks,3,2.968944837004929e-05,15.039690186137085,4,VB,VBZ,ask,0,3,4.369233809665719,0.0001341884314424,13.107701428997157,0.0483870967741935,4.369233809665719,0.2114145391773735,,,,,,,,,,,
dangerous,3,2.968944837004929e-05,15.039690186137085,9,JJ,JJ,danger,0,3,4.369233809665719,8.984403757060037e-05,13.107701428997157,0.0483870967741935,4.369233809665719,0.2114145391773735,0.0,0.0,0.0,1.0,0.0,1.0,0.0,0.0,0.0,0.0,-1.0
poodle,3,2.968944837004929e-05,15.039690186137085,6,NN,NN,poodl,0,1,5.954196310386875,0.0001593508147584,5.954196310386875,0.0161290322580645,5.954196310386875,0.0960354243610786,,,,,,,,,,,
horror,3,2.968944837004929e-05,15.039690186137085,6,NN,NN,horror,0,3,4.369233809665719,8.930786768594541e-05,13.107701428997157,0.0483870967741935,4.369233809665719,0.2114145391773735,1.0,0.0,1.0,1.0,0.0,1.0,0.0,1.0,1.0,0.0,-1.0
belly,3,2.968944837004929e-05,15.039690186137085,5,RB,RB,belli,0,3,4.369233809665719,0.0001180862269533,13.107701428997157,0.0483870967741935,4.369233809665719,0.2114145391773735,,,,,,,,,,,
fountain,3,2.968944837004929e-05,15.039690186137085,8,NN,NN,fountain,0,1,5.954196310386875,0.0002398886536912,5.954196310386875,0.0161290322580645,5.954196310386875,0.0960354243610786,,,,,,,,,,,
eagle,3,2.968944837004929e-05,15.039690186137085,5,NN,NN,eagl,0,2,4.954196310386875,9.037035463936154e-05,9.90839262077375,0.032258064516129,4.954196310386875,0.1598127842060282,,,,,,,,,,,
hearts,3,2.968944837004929e-05,15.039690186137085,6,NN,NNS,heart,0,3,4.369233809665719,9.154277810398066e-05,13.107701428997157,0.0483870967741935,4.369233809665719,0.2114145391773735,,,,,,,,,,,
falling,3,2.968944837004929e-05,15.039690186137085,7,VB,VBG,fall,0,3,4.369233809665719,8.367290591402113e-05,13.107701428997157,0.0483870967741935,4.369233809665719,0.2114145391773735,0.0,0.0,0.0,0.0,0.0,1.0,0.0,1.0,0.0,0.0,-1.0
guard,3,2.968944837004929e-05,15.039690186137085,5,NN,NN,guard,0,3,4.369233809665719,0.0001192935287051,13.107701428997157,0.0483870967741935,4.369233809665719,0.2114145391773735,0.0,0.0,0.0,1.0,0.0,0.0,1.0,0.0,0.0,1.0,1.0
swung,3,2.968944837004929e-05,15.039690186137085,5,VB,VBD,swung,0,2,4.954196310386875,0.0001710621198968,9.90839262077375,0.032258064516129,4.954196310386875,0.1598127842060282,,,,,,,,,,,
earthenware,3,2.968944837004929e-05,15.039690186137085,11,NN,NN,earthenwar,0,3,4.369233809665719,0.0003662311409307,13.107701428997157,0.0483870967741935,4.369233809665719,0.2114145391773735,,,,,,,,,,,
grumbling,3,2.968944837004929e-05,15.039690186137085,9,VB,VBG,grumbl,0,3,4.369233809665719,0.000102249638588,13.107701428997157,0.0483870967741935,4.369233809665719,0.2114145391773735,,,,,,,,,,,
angels,3,2.968944837004929e-05,15.039690186137085,6,NN,NNS,angel,0,1,5.954196310386875,0.0001593508147584,5.954196310386875,0.0161290322580645,5.954196310386875,0.0960354243610786,,,,,,,,,,,
aged,3,2.968944837004929e-05,15.039690186137085,4,JJ,JJ,age,0,3,4.369233809665719,0.000139796857421,13.107701428997157,0.0483870967741935,4.369233809665719,0.2114145391773735,,,,,,,,,,,
whosoever,3,2.968944837004929e-05,15.039690186137085,9,NN,NN,whosoev,0,3,4.369233809665719,0.000108607322011,13.107701428997157,0.0483870967741935,4.369233809665719,0.2114145391773735,,,,,,,,,,,
runs,3,2.968944837004929e-05,15.039690186137085,4,VB,VBZ,run,0,3,4.369233809665719,0.0002413239494595,13.107701428997157,0.0483870967741935,4.369233809665719,0.2114145391773735,,,,,,,,,,,
lair,3,2.968944837004929e-05,15.039690186137085,4,NN,NN,lair,0,1,5.954196310386875,0.000195326286836,5.954196310386875,0.0161290322580645,5.954196310386875,0.0960354243610786,,,,,,,,,,,
bowl,3,2.968944837004929e-05,15.039690186137085,4,NN,NN,bowl,0,1,5.954196310386875,0.0011524250923329,5.954196310386875,0.0161290322580645,5.954196310386875,0.0960354243610786,,,,,,,,,,,
rolling,3,2.968944837004929e-05,15.039690186137085,7,VB,VBG,roll,0,2,4.954196310386875,0.0001857213785002,9.90839262077375,0.032258064516129,4.954196310386875,0.1598127842060282,,,,,,,,,,,
add,3,2.968944837004929e-05,15.039690186137085,3,VB,VB,add,0,3,4.369233809665719,0.0001528380007154,13.107701428997157,0.0483870967741935,4.369233809665719,0.2114145391773735,,,,,,,,,,,
rising,3,2.968944837004929e-05,15.039690186137085,6,VB,VBG,rise,0,2,4.954196310386875,0.0001010824384101,9.90839262077375,0.032258064516129,4.954196310386875,0.1598127842060282,0.0,1.0,0.0,0.0,1.0,0.0,1.0,0.0,0.0,0.0,1.0
talking,3,2.968944837004929e-05,15.039690186137085,7,VB,VBG,talk,0,2,4.954196310386875,0.0001294268734355,9.90839262077375,0.032258064516129,4.954196310386875,0.1598127842060282,,,,,,,,,,,
bewailed,3,2.968944837004929e-05,15.039690186137085,8,VB,VBD,bewail,0,3,4.369233809665719,0.0001067432891426,13.107701428997157,0.0483870967741935,4.369233809665719,0.2114145391773735,,,,,,,,,,,
assembled,3,2.968944837004929e-05,15.039690186137085,9,VB,VBN,assembl,0,3,4.369233809665719,0.0001636049725364,13.107701428997157,0.0483870967741935,4.369233809665719,0.2114145391773735,,,,,,,,,,,
letters,3,2.968944837004929e-05,15.039690186137085,7,NN,NNS,letter,0,2,4.954196310386875,9.082490938414403e-05,9.90839262077375,0.032258064516129,4.954196310386875,0.1598127842060282,,,,,,,,,,,
winds,3,2.968944837004929e-05,15.039690186137085,5,NN,NNS,wind,0,3,4.369233809665719,0.0001127417003891,13.107701428997157,0.0483870967741935,4.369233809665719,0.2114145391773735,,,,,,,,,,,
army,3,2.968944837004929e-05,15.039690186137085,4,NN,NN,armi,0,3,4.369233809665719,0.0001234992746177,13.107701428997157,0.0483870967741935,4.369233809665719,0.2114145391773735,,,,,,,,,,,
cudgel,3,2.968944837004929e-05,15.039690186137085,6,NN,NN,cudgel,0,2,4.954196310386875,0.0001827998824985,9.90839262077375,0.032258064516129,4.954196310386875,0.1598127842060282,,,,,,,,,,,
wrens,3,2.968944837004929e-05,15.039690186137085,5,NN,NNS,wren,0,1,5.954196310386875,0.0003141835039075,5.954196310386875,0.0161290322580645,5.954196310386875,0.0960354243610786,,,,,,,,,,,
sank,3,2.968944837004929e-05,15.039690186137085,4,VB,VBD,sank,0,3,4.369233809665719,0.0001066471760723,13.107701428997157,0.0483870967741935,4.369233809665719,0.2114145391773735,,,,,,,,,,,
remembered,3,2.968944837004929e-05,15.039690186137085,10,VB,VBD,rememb,0,2,4.954196310386875,0.0001015604436583,9.90839262077375,0.032258064516129,4.954196310386875,0.1598127842060282,,,,,,,,,,,
limped,3,2.968944837004929e-05,15.039690186137085,6,VB,VBD,limp,0,2,4.954196310386875,0.0002075909769266,9.90839262077375,0.032258064516129,4.954196310386875,0.1598127842060282,,,,,,,,,,,
gracious,3,2.968944837004929e-05,15.039690186137085,8,JJ,JJ,graciou,0,1,5.954196310386875,0.0001593508147584,5.954196310386875,0.0161290322580645,5.954196310386875,0.0960354243610786,,,,,,,,,,,
majesty,3,2.968944837004929e-05,15.039690186137085,7,JJ,JJ,majesti,0,2,4.954196310386875,0.0001575152032223,9.90839262077375,0.032258064516129,4.954196310386875,0.1598127842060282,0.0,0.0,0.0,0.0,0.0,0.0,1.0,0.0,0.0,1.0,1.0
lights,3,2.968944837004929e-05,15.039690186137085,6,NN,NNS,light,0,2,4.954196310386875,0.0001545962614935,9.90839262077375,0.032258064516129,4.954196310386875,0.1598127842060282,,,,,,,,,,,
astonishment,3,2.968944837004929e-05,15.039690186137085,12,NN,NN,astonish,0,3,4.369233809665719,0.0001257687627875,13.107701428997157,0.0483870967741935,4.369233809665719,0.2114145391773735,0.0,0.0,0.0,0.0,1.0,0.0,1.0,0.0,1.0,0.0,1.0
jib,3,2.968944837004929e-05,15.039690186137085,3,NN,NN,jib,0,1,5.954196310386875,8.919698857066126e-05,5.954196310386875,0.0161290322580645,5.954196310386875,0.0960354243610786,,,,,,,,,,,
wrong,3,2.968944837004929e-05,15.039690186137085,5,JJ,JJ,wrong,0,3,4.369233809665719,0.000155821671581,13.107701428997157,0.0483870967741935,4.369233809665719,0.2114145391773735,,,,,,,,,,,
occurred,3,2.968944837004929e-05,15.039690186137085,8,VB,VBD,occur,0,3,4.369233809665719,0.00014075192313,13.107701428997157,0.0483870967741935,4.369233809665719,0.2114145391773735,,,,,,,,,,,
pretended,3,2.968944837004929e-05,15.039690186137085,9,VB,VBD,pretend,0,3,4.369233809665719,0.0001602694532882,13.107701428997157,0.0483870967741935,4.369233809665719,0.2114145391773735,,,,,,,,,,,
hobblety,3,2.968944837004929e-05,15.039690186137085,8,NN,NN,hobbleti,0,1,5.954196310386875,8.919698857066126e-05,5.954196310386875,0.0161290322580645,5.954196310386875,0.0960354243610786,,,,,,,,,,,
build,2,1.9792965580032857e-05,15.62465268685824,5,VB,VB,build,0,2,4.954196310386875,7.397284912644391e-05,9.90839262077375,0.032258064516129,4.954196310386875,0.1598127842060282,,,,,,,,,,,
spoon,2,1.9792965580032857e-05,15.62465268685824,5,NN,NN,spoon,0,2,4.954196310386875,0.0003531152549598,9.90839262077375,0.032258064516129,4.954196310386875,0.1598127842060282,,,,,,,,,,,
climbing,2,1.9792965580032857e-05,15.62465268685824,8,VB,VBG,climb,0,2,4.954196310386875,0.0001057943603469,9.90839262077375,0.032258064516129,4.954196310386875,0.1598127842060282,,,,,,,,,,,
hayloft,2,1.9792965580032857e-05,15.62465268685824,7,JJ,JJ,hayloft,0,1,5.954196310386875,7.558868505397766e-05,5.954196310386875,0.0161290322580645,5.954196310386875,0.0960354243610786,,,,,,,,,,,
grasshopper,2,1.9792965580032857e-05,15.62465268685824,11,NN,NN,grasshopp,0,2,4.954196310386875,5.666130306599331e-05,9.90839262077375,0.032258064516129,4.954196310386875,0.1598127842060282,,,,,,,,,,,
smooth,2,1.9792965580032857e-05,15.62465268685824,6,JJ,JJ,smooth,0,2,4.954196310386875,8.235475754184141e-05,9.90839262077375,0.032258064516129,4.954196310386875,0.1598127842060282,,,,,,,,,,,
lamps,2,1.9792965580032857e-05,15.62465268685824,5,NN,NNS,lamp,0,1,5.954196310386875,8.049909837475157e-05,5.954196310386875,0.0161290322580645,5.954196310386875,0.0960354243610786,,,,,,,,,,,
rushes,2,1.9792965580032857e-05,15.62465268685824,6,NN,NNS,rush,0,1,5.954196310386875,7.887919865386335e-05,5.954196310386875,0.0161290322580645,5.954196310386875,0.0960354243610786,,,,,,,,,,,
wedge,2,1.9792965580032857e-05,15.62465268685824,5,NN,NN,wedg,0,1,5.954196310386875,7.887919865386335e-05,5.954196310386875,0.0161290322580645,5.954196310386875,0.0960354243610786,,,,,,,,,,,
swallow,2,1.9792965580032857e-05,15.62465268685824,7,VB,VB,swallow,0,2,4.954196310386875,7.534178705576558e-05,9.90839262077375,0.032258064516129,4.954196310386875,0.1598127842060282,,,,,,,,,,,
windowbars,2,1.9792965580032857e-05,15.62465268685824,10,NN,NNS,windowbar,0,1,5.954196310386875,7.558868505397766e-05,5.954196310386875,0.0161290322580645,5.954196310386875,0.0960354243610786,,,,,,,,,,,
squirrel,2,1.9792965580032857e-05,15.62465268685824,8,NN,NN,squirrel,0,2,4.954196310386875,6.637155656692184e-05,9.90839262077375,0.032258064516129,4.954196310386875,0.1598127842060282,,,,,,,,,,,
brethren,2,1.9792965580032857e-05,15.62465268685824,8,NN,NNS,brethren,0,2,4.954196310386875,0.0001920341153236,9.90839262077375,0.032258064516129,4.954196310386875,0.1598127842060282,,,,,,,,,,,
impatient,2,1.9792965580032857e-05,15.62465268685824,9,JJ,JJ,impati,0,2,4.954196310386875,6.583493706792023e-05,9.90839262077375,0.032258064516129,4.954196310386875,0.1598127842060282,0.0,1.0,0.0,0.0,0.0,1.0,0.0,0.0,0.0,0.0,-1.0
reeds,2,1.9792965580032857e-05,15.62465268685824,5,NN,NNS,reed,0,2,4.954196310386875,8.235475754184141e-05,9.90839262077375,0.032258064516129,4.954196310386875,0.1598127842060282,,,,,,,,,,,
landmark,2,1.9792965580032857e-05,15.62465268685824,8,NN,NN,landmark,0,1,5.954196310386875,0.0001296899721283,5.954196310386875,0.0161290322580645,5.954196310386875,0.0960354243610786,,,,,,,,,,,
rumpelstiltskin,2,1.9792965580032857e-05,15.62465268685824,15,NN,NNP,rumpelstiltskin,0,1,5.954196310386875,0.0001673091016743,5.954196310386875,0.0161290322580645,5.954196310386875,0.0960354243610786,,,,,,,,,,,
fun,2,1.9792965580032857e-05,15.62465268685824,3,NN,NN,fun,0,2,4.954196310386875,9.061628113648196e-05,9.90839262077375,0.032258064516129,4.954196310386875,0.1598127842060282,0.0,1.0,0.0,0.0,1.0,0.0,1.0,0.0,0.0,0.0,1.0
swiftly,2,1.9792965580032857e-05,15.62465268685824,7,RB,RB,swiftli,0,2,4.954196310386875,8.540117868132718e-05,9.90839262077375,0.032258064516129,4.954196310386875,0.1598127842060282,,,,,,,,,,,
growling,2,1.9792965580032857e-05,15.62465268685824,8,NN,NN,growl,0,2,4.954196310386875,5.666130306599331e-05,9.90839262077375,0.032258064516129,4.954196310386875,0.1598127842060282,1.0,0.0,1.0,1.0,0.0,1.0,0.0,0.0,0.0,0.0,-1.0
gaping,2,1.9792965580032857e-05,15.62465268685824,6,VB,VBG,gape,0,2,4.954196310386875,6.097164842048199e-05,9.90839262077375,0.032258064516129,4.954196310386875,0.1598127842060282,,,,,,,,,,,
slowly,2,1.9792965580032857e-05,15.62465268685824,6,RB,RB,slowli,0,2,4.954196310386875,8.25087966922283e-05,9.90839262077375,0.032258064516129,4.954196310386875,0.1598127842060282,,,,,,,,,,,
bleated,2,1.9792965580032857e-05,15.62465268685824,7,VB,VBD,bleat,0,2,4.954196310386875,0.0001053261044389,9.90839262077375,0.032258064516129,4.954196310386875,0.1598127842060282,,,,,,,,,,,
brilliant,2,1.9792965580032857e-05,15.62465268685824,9,JJ,JJ,brilliant,0,2,4.954196310386875,6.834550982011046e-05,9.90839262077375,0.032258064516129,4.954196310386875,0.1598127842060282,0.0,1.0,0.0,0.0,1.0,0.0,1.0,0.0,0.0,1.0,1.0
amuse,2,1.9792965580032857e-05,15.62465268685824,5,VB,VB,amus,0,2,4.954196310386875,6.426259562551538e-05,9.90839262077375,0.032258064516129,4.954196310386875,0.1598127842060282,0.0,0.0,0.0,0.0,1.0,0.0,1.0,0.0,0.0,0.0,1.0
moving,2,1.9792965580032857e-05,15.62465268685824,6,VB,VBG,move,0,2,4.954196310386875,0.0001264646874947,9.90839262077375,0.032258064516129,4.954196310386875,0.1598127842060282,,,,,,,,,,,
broom,2,1.9792965580032857e-05,15.62465268685824,5,NN,NN,broom,0,2,4.954196310386875,7.850266906616302e-05,9.90839262077375,0.032258064516129,4.954196310386875,0.1598127842060282,,,,,,,,,,,
swept,2,1.9792965580032857e-05,15.62465268685824,5,VB,VBD,swept,0,2,4.954196310386875,8.677011661064886e-05,9.90839262077375,0.032258064516129,4.954196310386875,0.1598127842060282,,,,,,,,,,,
lower,2,1.9792965580032857e-05,15.62465268685824,5,JJ,JJR,lower,0,1,5.954196310386875,7.887919865386335e-05,5.954196310386875,0.0161290322580645,5.954196310386875,0.0960354243610786,0.0,0.0,0.0,0.0,0.0,1.0,0.0,1.0,0.0,0.0,-1.0
piteous,2,1.9792965580032857e-05,15.62465268685824,7,JJ,JJ,piteou,0,2,4.954196310386875,0.0001006480181382,9.90839262077375,0.032258064516129,4.954196310386875,0.1598127842060282,,,,,,,,,,,
powerful,2,1.9792965580032857e-05,15.62465268685824,8,JJ,JJ,power,0,2,4.954196310386875,5.733522283635941e-05,9.90839262077375,0.032258064516129,4.954196310386875,0.1598127842060282,1.0,1.0,1.0,1.0,1.0,0.0,1.0,0.0,0.0,1.0,1.0
growled,2,1.9792965580032857e-05,15.62465268685824,7,VB,VBD,growl,0,1,5.954196310386875,7.887919865386335e-05,5.954196310386875,0.0161290322580645,5.954196310386875,0.0960354243610786,,,,,,,,,,,
booty,2,1.9792965580032857e-05,15.62465268685824,5,NN,NN,booti,0,2,4.954196310386875,0.0001461581669235,9.90839262077375,0.032258064516129,4.954196310386875,0.1598127842060282,,,,,,,,,,,
contentedly,2,1.9792965580032857e-05,15.62465268685824,11,RB,RB,contentedli,0,2,4.954196310386875,8.313465349216294e-05,9.90839262077375,0.032258064516129,4.954196310386875,0.1598127842060282,,,,,,,,,,,
poison,2,1.9792965580032857e-05,15.62465268685824,6,NN,NN,poison,0,2,4.954196310386875,6.164556819084809e-05,9.90839262077375,0.032258064516129,4.954196310386875,0.1598127842060282,1.0,0.0,1.0,1.0,0.0,1.0,0.0,1.0,0.0,0.0,-1.0
bedtime,2,1.9792965580032857e-05,15.62465268685824,7,JJ,JJ,bedtim,0,2,4.954196310386875,8.677011661064886e-05,9.90839262077375,0.032258064516129,4.954196310386875,0.1598127842060282,,,,,,,,,,,
springs,2,1.9792965580032857e-05,15.62465268685824,7,NN,NNS,spring,0,2,4.954196310386875,8.211023147629379e-05,9.90839262077375,0.032258064516129,4.954196310386875,0.1598127842060282,,,,,,,,,,,
continue,2,1.9792965580032857e-05,15.62465268685824,8,VB,VB,continu,0,2,4.954196310386875,8.697352012373203e-05,9.90839262077375,0.032258064516129,4.954196310386875,0.1598127842060282,0.0,1.0,0.0,0.0,0.0,0.0,1.0,0.0,0.0,1.0,1.0
perch,2,1.9792965580032857e-05,15.62465268685824,5,NN,NN,perch,0,2,4.954196310386875,9.209350572624204e-05,9.90839262077375,0.032258064516129,4.954196310386875,0.1598127842060282,,,,,,,,,,,
lit,2,1.9792965580032857e-05,15.62465268685824,3,VB,VBD,lit,0,2,4.954196310386875,7.850266906616302e-05,9.90839262077375,0.032258064516129,4.954196310386875,0.1598127842060282,,,,,,,,,,,
prying,2,1.9792965580032857e-05,15.62465268685824,6,VB,VBG,pri,0,2,4.954196310386875,5.382717674402755e-05,9.90839262077375,0.032258064516129,4.954196310386875,0.1598127842060282,,,,,,,,,,,
pantry,2,1.9792965580032857e-05,15.62465268685824,6,NN,NN,pantri,0,1,5.954196310386875,7.558868505397766e-05,5.954196310386875,0.0161290322580645,5.954196310386875,0.0960354243610786,,,,,,,,,,,
split,2,1.9792965580032857e-05,15.62465268685824,5,VB,VB,split,0,2,4.954196310386875,5.382717674402755e-05,9.90839262077375,0.032258064516129,4.954196310386875,0.1598127842060282,,,,,,,,,,,
lover,2,1.9792965580032857e-05,15.62465268685824,5,NN,NN,lover,0,2,4.954196310386875,8.211023147629379e-05,9.90839262077375,0.032258064516129,4.954196310386875,0.1598127842060282,0.0,1.0,0.0,0.0,1.0,0.0,1.0,0.0,0.0,1.0,1.0
curiosity,2,1.9792965580032857e-05,15.62465268685824,9,NN,NN,curios,0,2,4.954196310386875,8.302867731220749e-05,9.90839262077375,0.032258064516129,4.954196310386875,0.1598127842060282,0.0,1.0,0.0,0.0,0.0,0.0,1.0,0.0,1.0,0.0,1.0
drain,2,1.9792965580032857e-05,15.62465268685824,5,NN,NN,drain,0,1,5.954196310386875,7.558868505397766e-05,5.954196310386875,0.0161290322580645,5.954196310386875,0.0960354243610786,,,,,,,,,,,
soles,2,1.9792965580032857e-05,15.62465268685824,5,NN,NNS,sole,0,2,4.954196310386875,8.25087966922283e-05,9.90839262077375,0.032258064516129,4.954196310386875,0.1598127842060282,,,,,,,,,,,
peacefully,2,1.9792965580032857e-05,15.62465268685824,10,RB,RB,peac,0,2,4.954196310386875,5.666130306599331e-05,9.90839262077375,0.032258064516129,4.954196310386875,0.1598127842060282,,,,,,,,,,,
punishment,2,1.9792965580032857e-05,15.62465268685824,10,NN,NN,punish,0,2,4.954196310386875,8.313465349216294e-05,9.90839262077375,0.032258064516129,4.954196310386875,0.1598127842060282,1.0,0.0,1.0,1.0,0.0,1.0,0.0,0.0,0.0,0.0,-1.0
heed,2,1.9792965580032857e-05,15.62465268685824,4,NN,NN,heed,0,2,4.954196310386875,8.698959193200437e-05,9.90839262077375,0.032258064516129,4.954196310386875,0.1598127842060282,,,,,,,,,,,
written,2,1.9792965580032857e-05,15.62465268685824,7,VB,VBN,written,0,2,4.954196310386875,6.574902934270353e-05,9.90839262077375,0.032258064516129,4.954196310386875,0.1598127842060282,,,,,,,,,,,
befell,2,1.9792965580032857e-05,15.62465268685824,6,NN,NN,befel,0,2,4.954196310386875,8.540117868132718e-05,9.90839262077375,0.032258064516129,4.954196310386875,0.1598127842060282,,,,,,,,,,,
hurrying,2,1.9792965580032857e-05,15.62465268685824,8,VB,VBG,hurri,0,2,4.954196310386875,8.677011661064886e-05,9.90839262077375,0.032258064516129,4.954196310386875,0.1598127842060282,,,,,,,,,,,
stag,2,1.9792965580032857e-05,15.62465268685824,4,NN,NN,stag,0,2,4.954196310386875,0.0002453327670513,9.90839262077375,0.032258064516129,4.954196310386875,0.1598127842060282,,,,,,,,,,,
ween,2,1.9792965580032857e-05,15.62465268685824,4,VB,VBP,ween,0,2,4.954196310386875,0.000112448572025,9.90839262077375,0.032258064516129,4.954196310386875,0.1598127842060282,,,,,,,,,,,
dawn,2,1.9792965580032857e-05,15.62465268685824,4,NN,NN,dawn,0,2,4.954196310386875,5.666130306599331e-05,9.90839262077375,0.032258064516129,4.954196310386875,0.1598127842060282,0.0,1.0,0.0,0.0,1.0,0.0,1.0,0.0,1.0,1.0,1.0
unbolted,2,1.9792965580032857e-05,15.62465268685824,8,VB,VBD,unbolt,0,2,4.954196310386875,6.630545332520316e-05,9.90839262077375,0.032258064516129,4.954196310386875,0.1598127842060282,,,,,,,,,,,
angel,2,1.9792965580032857e-05,15.62465268685824,5,NN,NN,angel,0,2,4.954196310386875,7.701178010873164e-05,9.90839262077375,0.032258064516129,4.954196310386875,0.1598127842060282,0.0,1.0,0.0,0.0,1.0,0.0,1.0,0.0,1.0,1.0,1.0
besought,2,1.9792965580032857e-05,15.62465268685824,8,VB,VBD,besought,0,2,4.954196310386875,6.493651539588148e-05,9.90839262077375,0.032258064516129,4.954196310386875,0.1598127842060282,,,,,,,,,,,
warned,2,1.9792965580032857e-05,15.62465268685824,6,VB,VBD,warn,0,1,5.954196310386875,8.049909837475157e-05,5.954196310386875,0.0161290322580645,5.954196310386875,0.0960354243610786,0.0,1.0,0.0,1.0,0.0,0.0,0.0,0.0,1.0,0.0,0.0
roasted,2,1.9792965580032857e-05,15.62465268685824,7,JJ,JJ,roast,0,2,4.954196310386875,7.338452705299767e-05,9.90839262077375,0.032258064516129,4.954196310386875,0.1598127842060282,,,,,,,,,,,
coachman,2,1.9792965580032857e-05,15.62465268685824,8,NN,NN,coachman,0,2,4.954196310386875,7.554519056884876e-05,9.90839262077375,0.032258064516129,4.954196310386875,0.1598127842060282,,,,,,,,,,,
granite,2,1.9792965580032857e-05,15.62465268685824,7,NN,NN,granit,0,1,5.954196310386875,8.698860902271614e-05,5.954196310386875,0.0161290322580645,5.954196310386875,0.0960354243610786,,,,,,,,,,,
considered,2,1.9792965580032857e-05,15.62465268685824,10,VB,VBD,consid,0,1,5.954196310386875,0.0001190767816008,5.954196310386875,0.0161290322580645,5.954196310386875,0.0960354243610786,,,,,,,,,,,
bills,2,1.9792965580032857e-05,15.62465268685824,5,NN,NNS,bill,0,2,4.954196310386875,8.57284799415126e-05,9.90839262077375,0.032258064516129,4.954196310386875,0.1598127842060282,,,,,,,,,,,
difficult,2,1.9792965580032857e-05,15.62465268685824,9,JJ,JJ,difficult,0,2,4.954196310386875,7.518523512119486e-05,9.90839262077375,0.032258064516129,4.954196310386875,0.1598127842060282,,,,,,,,,,,
sleepers,2,1.9792965580032857e-05,15.62465268685824,8,NN,NNS,sleeper,0,2,4.954196310386875,7.801936144316063e-05,9.90839262077375,0.032258064516129,4.954196310386875,0.1598127842060282,,,,,,,,,,,
robber,2,1.9792965580032857e-05,15.62465268685824,6,NN,NN,robber,0,2,4.954196310386875,0.0001126704518771,9.90839262077375,0.032258064516129,4.954196310386875,0.1598127842060282,0.0,0.0,1.0,1.0,0.0,1.0,0.0,0.0,0.0,0.0,-1.0
clothing,2,1.9792965580032857e-05,15.62465268685824,8,NN,NN,cloth,0,1,5.954196310386875,0.0001302175245573,5.954196310386875,0.0161290322580645,5.954196310386875,0.0960354243610786,,,,,,,,,,,
mysterious,2,1.9792965580032857e-05,15.62465268685824,10,JJ,JJ,mysteri,0,1,5.954196310386875,0.0001302175245573,5.954196310386875,0.0161290322580645,5.954196310386875,0.0960354243610786,0.0,1.0,0.0,1.0,0.0,0.0,0.0,0.0,1.0,0.0,0.0
grim,2,1.9792965580032857e-05,15.62465268685824,4,JJ,JJ,grim,0,1,5.954196310386875,0.0001302175245573,5.954196310386875,0.0161290322580645,5.954196310386875,0.0960354243610786,1.0,1.0,1.0,1.0,0.0,1.0,0.0,1.0,0.0,0.0,-1.0
entrance,2,1.9792965580032857e-05,15.62465268685824,8,NN,NN,entranc,0,2,4.954196310386875,7.518523512119486e-05,9.90839262077375,0.032258064516129,4.954196310386875,0.1598127842060282,,,,,,,,,,,
lentils,2,1.9792965580032857e-05,15.62465268685824,7,NN,NNS,lentil,0,1,5.954196310386875,0.0001302175245573,5.954196310386875,0.0161290322580645,5.954196310386875,0.0960354243610786,,,,,,,,,,,
strew,2,1.9792965580032857e-05,15.62465268685824,5,NN,NNP,strew,0,2,4.954196310386875,0.0001266841628161,9.90839262077375,0.032258064516129,4.954196310386875,0.1598127842060282,,,,,,,,,,,
milletseed,2,1.9792965580032857e-05,15.62465268685824,10,NN,NN,milletse,0,1,5.954196310386875,0.0001190767816008,5.954196310386875,0.0161290322580645,5.954196310386875,0.0960354243610786,,,,,,,,,,,
celebrate,2,1.9792965580032857e-05,15.62465268685824,9,VB,VB,celebr,0,2,4.954196310386875,6.117505193356516e-05,9.90839262077375,0.032258064516129,4.954196310386875,0.1598127842060282,,,,,,,,,,,
goblet,2,1.9792965580032857e-05,15.62465268685824,6,NN,NN,goblet,0,1,5.954196310386875,7.936811930667656e-05,5.954196310386875,0.0161290322580645,5.954196310386875,0.0960354243610786,,,,,,,,,,,
map,2,1.9792965580032857e-05,15.62465268685824,3,NN,NN,map,0,1,5.954196310386875,7.936811930667656e-05,5.954196310386875,0.0161290322580645,5.954196310386875,0.0960354243610786,,,,,,,,,,,
houses,2,1.9792965580032857e-05,15.62465268685824,6,NN,NNS,hous,0,1,5.954196310386875,7.936811930667656e-05,5.954196310386875,0.0161290322580645,5.954196310386875,0.0960354243610786,,,,,,,,,,,
start,2,1.9792965580032857e-05,15.62465268685824,5,VB,VB,start,0,2,4.954196310386875,8.719299544508755e-05,9.90839262077375,0.032258064516129,4.954196310386875,0.1598127842060282,,,,,,,,,,,
chattering,2,1.9792965580032857e-05,15.62465268685824,10,VB,VBG,chatter,0,2,4.954196310386875,8.57284799415126e-05,9.90839262077375,0.032258064516129,4.954196310386875,0.1598127842060282,,,,,,,,,,,
cloud,2,1.9792965580032857e-05,15.62465268685824,5,NN,NN,cloud,0,1,5.954196310386875,8.698860902271614e-05,5.954196310386875,0.0161290322580645,5.954196310386875,0.0960354243610786,,,,,,,,,,,
spurs,2,1.9792965580032857e-05,15.62465268685824,5,NN,NNS,spur,0,2,4.954196310386875,7.397284912644391e-05,9.90839262077375,0.032258064516129,4.954196310386875,0.1598127842060282,,,,,,,,,,,
braying,2,1.9792965580032857e-05,15.62465268685824,7,VB,VBG,bray,0,1,5.954196310386875,8.698860902271614e-05,5.954196310386875,0.0161290322580645,5.954196310386875,0.0960354243610786,,,,,,,,,,,
woo,2,1.9792965580032857e-05,15.62465268685824,3,VB,VB,woo,0,1,5.954196310386875,0.0004696108770712,5.954196310386875,0.0161290322580645,5.954196310386875,0.0960354243610786,,,,,,,,,,,
haunted,2,1.9792965580032857e-05,15.62465268685824,7,VB,VBN,haunt,0,1,5.954196310386875,5.050508775234217e-05,5.954196310386875,0.0161290322580645,5.954196310386875,0.0960354243610786,0.0,0.0,0.0,1.0,0.0,1.0,0.0,1.0,0.0,0.0,-1.0
knocks,2,1.9792965580032857e-05,15.62465268685824,6,VB,VBZ,knock,0,2,4.954196310386875,0.000407887152115,9.90839262077375,0.032258064516129,4.954196310386875,0.1598127842060282,,,,,,,,,,,
silent,2,1.9792965580032857e-05,15.62465268685824,6,JJ,JJ,silent,0,1,5.954196310386875,5.050508775234217e-05,5.954196310386875,0.0161290322580645,5.954196310386875,0.0960354243610786,,,,,,,,,,,
solemnized,2,1.9792965580032857e-05,15.62465268685824,10,VB,VBN,solemn,0,2,4.954196310386875,0.000407887152115,9.90839262077375,0.032258064516129,4.954196310386875,0.1598127842060282,,,,,,,,,,,
moaning,2,1.9792965580032857e-05,15.62465268685824,7,NN,NN,moan,0,2,4.954196310386875,0.0002163815618077,9.90839262077375,0.032258064516129,4.954196310386875,0.1598127842060282,,,,,,,,,,,
ghost,2,1.9792965580032857e-05,15.62465268685824,5,NN,NN,ghost,0,1,5.954196310386875,5.050508775234217e-05,5.954196310386875,0.0161290322580645,5.954196310386875,0.0960354243610786,,,,,,,,,,,
sounding,2,1.9792965580032857e-05,15.62465268685824,8,NN,NN,sound,0,1,5.954196310386875,5.050508775234217e-05,5.954196310386875,0.0161290322580645,5.954196310386875,0.0960354243610786,,,,,,,,,,,
bewailing,2,1.9792965580032857e-05,15.62465268685824,9,NN,NNP,bewail,0,1,5.954196310386875,0.0005108267253248,5.954196310386875,0.0161290322580645,5.954196310386875,0.0960354243610786,,,,,,,,,,,
hugged,2,1.9792965580032857e-05,15.62465268685824,6,VB,VBD,hug,0,2,4.954196310386875,0.0001104057143253,9.90839262077375,0.032258064516129,4.954196310386875,0.1598127842060282,,,,,,,,,,,
caw,2,1.9792965580032857e-05,15.62465268685824,3,NN,NN,caw,0,1,5.954196310386875,0.0001897933287768,5.954196310386875,0.0161290322580645,5.954196310386875,0.0960354243610786,,,,,,,,,,,
trusty,2,1.9792965580032857e-05,15.62465268685824,6,JJ,JJ,trusti,0,1,5.954196310386875,0.0001190767816008,5.954196310386875,0.0161290322580645,5.954196310386875,0.0960354243610786,,,,,,,,,,,
star,2,1.9792965580032857e-05,15.62465268685824,4,NN,NN,star,0,1,5.954196310386875,0.0001897933287768,5.954196310386875,0.0161290322580645,5.954196310386875,0.0960354243610786,0.0,1.0,0.0,0.0,1.0,0.0,1.0,0.0,0.0,1.0,1.0
innocence,2,1.9792965580032857e-05,15.62465268685824,9,NN,NN,innoc,0,1,5.954196310386875,0.0001190767816008,5.954196310386875,0.0161290322580645,5.954196310386875,0.0960354243610786,,,,,,,,,,,
perish,2,1.9792965580032857e-05,15.62465268685824,6,VB,VB,perish,0,1,5.954196310386875,0.0001190767816008,5.954196310386875,0.0161290322580645,5.954196310386875,0.0960354243610786,0.0,0.0,0.0,1.0,0.0,1.0,0.0,1.0,0.0,0.0,-1.0
asses,2,1.9792965580032857e-05,15.62465268685824,5,NN,NNS,ass,0,2,4.954196310386875,0.000123328411863,9.90839262077375,0.032258064516129,4.954196310386875,0.1598127842060282,,,,,,,,,,,
servantmaid,2,1.9792965580032857e-05,15.62465268685824,11,JJ,JJ,servantmaid,0,1,5.954196310386875,8.698860902271614e-05,5.954196310386875,0.0161290322580645,5.954196310386875,0.0960354243610786,,,,,,,,,,,
eager,2,1.9792965580032857e-05,15.62465268685824,5,JJ,JJ,eager,0,2,4.954196310386875,8.271220020531147e-05,9.90839262077375,0.032258064516129,4.954196310386875,0.1598127842060282,0.0,1.0,0.0,0.0,1.0,0.0,1.0,0.0,1.0,1.0,1.0
sacks,2,1.9792965580032857e-05,15.62465268685824,5,NN,NNS,sack,0,1,5.954196310386875,0.0001190767816008,5.954196310386875,0.0161290322580645,5.954196310386875,0.0960354243610786,,,,,,,,,,,
letter,2,1.9792965580032857e-05,15.62465268685824,6,NN,NN,letter,0,1,5.954196310386875,7.936811930667656e-05,5.954196310386875,0.0161290322580645,5.954196310386875,0.0960354243610786,,,,,,,,,,,
mournfully,2,1.9792965580032857e-05,15.62465268685824,10,RB,RB,mourn,0,2,4.954196310386875,6.117505193356516e-05,9.90839262077375,0.032258064516129,4.954196310386875,0.1598127842060282,,,,,,,,,,,
pink,2,1.9792965580032857e-05,15.62465268685824,4,NN,NN,pink,0,1,5.954196310386875,0.0001062338765056,5.954196310386875,0.0161290322580645,5.954196310386875,0.0960354243610786,,,,,,,,,,,
provide,2,1.9792965580032857e-05,15.62465268685824,7,VB,VB,provid,0,2,4.954196310386875,9.3735004095736e-05,9.90839262077375,0.032258064516129,4.954196310386875,0.1598127842060282,0.0,0.0,0.0,0.0,0.0,0.0,1.0,0.0,0.0,1.0,1.0
hind,2,1.9792965580032857e-05,15.62465268685824,4,NN,NN,hind,0,2,4.954196310386875,0.0001026926400538,9.90839262077375,0.032258064516129,4.954196310386875,0.1598127842060282,,,,,,,,,,,
peril,2,1.9792965580032857e-05,15.62465268685824,5,NN,NN,peril,0,2,4.954196310386875,0.0001285744632816,9.90839262077375,0.032258064516129,4.954196310386875,0.1598127842060282,0.0,1.0,0.0,1.0,0.0,1.0,0.0,1.0,0.0,0.0,-1.0
painter,2,1.9792965580032857e-05,15.62465268685824,7,NN,NN,painter,0,1,5.954196310386875,0.0001062338765056,5.954196310386875,0.0161290322580645,5.954196310386875,0.0960354243610786,,,,,,,,,,,
older,2,1.9792965580032857e-05,15.62465268685824,5,JJ,JJR,older,0,2,4.954196310386875,7.721518362181481e-05,9.90839262077375,0.032258064516129,4.954196310386875,0.1598127842060282,,,,,,,,,,,
gather,2,1.9792965580032857e-05,15.62465268685824,6,VB,VB,gather,0,2,4.954196310386875,0.0003887487449717,9.90839262077375,0.032258064516129,4.954196310386875,0.1598127842060282,,,,,,,,,,,
insulted,2,1.9792965580032857e-05,15.62465268685824,8,VB,VBN,insult,0,1,5.954196310386875,0.0002094556692717,5.954196310386875,0.0161290322580645,5.954196310386875,0.0960354243610786,,,,,,,,,,,
burden,2,1.9792965580032857e-05,15.62465268685824,6,JJ,JJ,burden,0,2,4.954196310386875,0.0001371879364346,9.90839262077375,0.032258064516129,4.954196310386875,0.1598127842060282,,,,,,,,,,,
entreaties,2,1.9792965580032857e-05,15.62465268685824,10,NN,NNS,entreati,0,2,4.954196310386875,0.0001008514216512,9.90839262077375,0.032258064516129,4.954196310386875,0.1598127842060282,,,,,,,,,,,
note,2,1.9792965580032857e-05,15.62465268685824,4,NN,NN,note,0,1,5.954196310386875,0.0001630482586775,5.954196310386875,0.0161290322580645,5.954196310386875,0.0960354243610786,,,,,,,,,,,
proposal,2,1.9792965580032857e-05,15.62465268685824,8,NN,NN,propos,0,2,4.954196310386875,9.167778764936774e-05,9.90839262077375,0.032258064516129,4.954196310386875,0.1598127842060282,,,,,,,,,,,
florins,2,1.9792965580032857e-05,15.62465268685824,7,NN,NNS,florin,0,1,5.954196310386875,0.0001630482586775,5.954196310386875,0.0161290322580645,5.954196310386875,0.0960354243610786,,,,,,,,,,,
brisker,2,1.9792965580032857e-05,15.62465268685824,7,NN,NN,brisker,0,1,5.954196310386875,0.0001630482586775,5.954196310386875,0.0161290322580645,5.954196310386875,0.0960354243610786,,,,,,,,,,,
meeting,2,1.9792965580032857e-05,15.62465268685824,7,NN,NN,meet,0,2,4.954196310386875,9.598813300385644e-05,9.90839262077375,0.032258064516129,4.954196310386875,0.1598127842060282,,,,,,,,,,,
capering,2,1.9792965580032857e-05,15.62465268685824,8,VB,VBG,caper,0,1,5.954196310386875,0.0001630482586775,5.954196310386875,0.0161290322580645,5.954196310386875,0.0960354243610786,,,,,,,,,,,
threepence,2,1.9792965580032857e-05,15.62465268685824,10,NN,NN,threepenc,0,1,5.954196310386875,0.0001630482586775,5.954196310386875,0.0161290322580645,5.954196310386875,0.0960354243610786,,,,,,,,,,,
descended,2,1.9792965580032857e-05,15.62465268685824,9,VB,VBD,descend,0,2,4.954196310386875,6.80415496198879e-05,9.90839262077375,0.032258064516129,4.954196310386875,0.1598127842060282,,,,,,,,,,,
district,2,1.9792965580032857e-05,15.62465268685824,8,NN,NN,district,0,2,4.954196310386875,0.0001285744632816,9.90839262077375,0.032258064516129,4.954196310386875,0.1598127842060282,,,,,,,,,,,
sixty,2,1.9792965580032857e-05,15.62465268685824,5,JJ,JJ,sixti,0,2,4.954196310386875,0.0002027404421071,9.90839262077375,0.032258064516129,4.954196310386875,0.1598127842060282,,,,,,,,,,,
await,2,1.9792965580032857e-05,15.62465268685824,5,VB,VB,await,0,1,5.954196310386875,7.936811930667656e-05,5.954196310386875,0.0161290322580645,5.954196310386875,0.0960354243610786,,,,,,,,,,,
approaching,2,1.9792965580032857e-05,15.62465268685824,11,VB,VBG,approach,0,2,4.954196310386875,0.0001076283132438,9.90839262077375,0.032258064516129,4.954196310386875,0.1598127842060282,,,,,,,,,,,
upright,2,1.9792965580032857e-05,15.62465268685824,7,JJ,JJ,upright,0,2,4.954196310386875,9.151579701305962e-05,9.90839262077375,0.032258064516129,4.954196310386875,0.1598127842060282,0.0,0.0,0.0,0.0,0.0,0.0,1.0,0.0,0.0,1.0,1.0
support,2,1.9792965580032857e-05,15.62465268685824,7,VB,VB,support,0,2,4.954196310386875,5.403058025711072e-05,9.90839262077375,0.032258064516129,4.954196310386875,0.1598127842060282,,,,,,,,,,,
limbs,2,1.9792965580032857e-05,15.62465268685824,5,NN,NN,limb,0,2,4.954196310386875,5.686470657907649e-05,9.90839262077375,0.032258064516129,4.954196310386875,0.1598127842060282,,,,,,,,,,,
feared,2,1.9792965580032857e-05,15.62465268685824,6,VB,VBN,fear,0,2,4.954196310386875,6.117505193356516e-05,9.90839262077375,0.032258064516129,4.954196310386875,0.1598127842060282,,,,,,,,,,,
accord,2,1.9792965580032857e-05,15.62465268685824,6,NN,NN,accord,0,2,4.954196310386875,5.403058025711072e-05,9.90839262077375,0.032258064516129,4.954196310386875,0.1598127842060282,0.0,0.0,0.0,0.0,0.0,0.0,1.0,0.0,0.0,1.0,1.0
resist,2,1.9792965580032857e-05,15.62465268685824,6,VB,VB,resist,0,1,5.954196310386875,7.936811930667656e-05,5.954196310386875,0.0161290322580645,5.954196310386875,0.0960354243610786,,,,,,,,,,,
assured,2,1.9792965580032857e-05,15.62465268685824,7,VB,VBD,assur,0,2,4.954196310386875,8.719299544508755e-05,9.90839262077375,0.032258064516129,4.954196310386875,0.1598127842060282,0.0,0.0,0.0,0.0,0.0,0.0,1.0,0.0,0.0,1.0,1.0
deepest,2,1.9792965580032857e-05,15.62465268685824,7,JJ,JJS,deepest,0,2,4.954196310386875,9.836983848589896e-05,9.90839262077375,0.032258064516129,4.954196310386875,0.1598127842060282,,,,,,,,,,,
fail,2,1.9792965580032857e-05,15.62465268685824,4,VB,VB,fail,0,2,4.954196310386875,6.117505193356516e-05,9.90839262077375,0.032258064516129,4.954196310386875,0.1598127842060282,,,,,,,,,,,
chestnut,2,1.9792965580032857e-05,15.62465268685824,8,NN,NN,chestnut,0,1,5.954196310386875,7.936811930667656e-05,5.954196310386875,0.0161290322580645,5.954196310386875,0.0960354243610786,,,,,,,,,,,
alike,2,1.9792965580032857e-05,15.62465268685824,5,IN,IN,alik,0,2,4.954196310386875,0.0001677401360803,9.90839262077375,0.032258064516129,4.954196310386875,0.1598127842060282,,,,,,,,,,,
tiresome,2,1.9792965580032857e-05,15.62465268685824,8,JJ,JJ,tiresom,0,2,4.954196310386875,0.0001293204823041,9.90839262077375,0.032258064516129,4.954196310386875,0.1598127842060282,,,,,,,,,,,
simple,2,1.9792965580032857e-05,15.62465268685824,6,JJ,JJ,simpl,0,2,4.954196310386875,0.0001212868747701,9.90839262077375,0.032258064516129,4.954196310386875,0.1598127842060282,,,,,,,,,,,
foolish,2,1.9792965580032857e-05,15.62465268685824,7,JJ,JJ,foolish,0,2,4.954196310386875,0.0001141424030936,9.90839262077375,0.032258064516129,4.954196310386875,0.1598127842060282,,,,,,,,,,,
equal,2,1.9792965580032857e-05,15.62465268685824,5,JJ,JJ,equal,0,2,4.954196310386875,9.3735004095736e-05,9.90839262077375,0.032258064516129,4.954196310386875,0.1598127842060282,,,,,,,,,,,
lathe,2,1.9792965580032857e-05,15.62465268685824,5,NN,NN,lath,0,1,5.954196310386875,5.050508775234217e-05,5.954196310386875,0.0161290322580645,5.954196310386875,0.0960354243610786,,,,,,,,,,,
cats,2,1.9792965580032857e-05,15.62465268685824,4,NN,NNS,cat,0,1,5.954196310386875,5.050508775234217e-05,5.954196310386875,0.0161290322580645,5.954196310386875,0.0960354243610786,,,,,,,,,,,
hop,2,1.9792965580032857e-05,15.62465268685824,3,NN,NN,hop,0,1,5.954196310386875,5.050508775234217e-05,5.954196310386875,0.0161290322580645,5.954196310386875,0.0960354243610786,,,,,,,,,,,
sugarloaf,2,1.9792965580032857e-05,15.62465268685824,9,JJ,JJ,sugarloaf,0,1,5.954196310386875,6.767824126925909e-05,5.954196310386875,0.0161290322580645,5.954196310386875,0.0960354243610786,,,,,,,,,,,
succeed,2,1.9792965580032857e-05,15.62465268685824,7,VB,VB,succeed,0,2,4.954196310386875,9.923202067923265e-05,9.90839262077375,0.032258064516129,4.954196310386875,0.1598127842060282,0.0,1.0,0.0,0.0,1.0,0.0,1.0,0.0,1.0,1.0,1.0
ascend,2,1.9792965580032857e-05,15.62465268685824,6,VB,VB,ascend,0,1,5.954196310386875,0.0001661512532198,5.954196310386875,0.0161290322580645,5.954196310386875,0.0960354243610786,,,,,,,,,,,
tarry,2,1.9792965580032857e-05,15.62465268685824,5,VB,VB,tarri,0,2,4.954196310386875,9.727905820276424e-05,9.90839262077375,0.032258064516129,4.954196310386875,0.1598127842060282,,,,,,,,,,,
doublet,2,1.9792965580032857e-05,15.62465268685824,7,NN,NN,doublet,0,1,5.954196310386875,5.731747201496785e-05,5.954196310386875,0.0161290322580645,5.954196310386875,0.0960354243610786,,,,,,,,,,,
unwillingly,2,1.9792965580032857e-05,15.62465268685824,11,RB,RB,unwillingli,0,2,4.954196310386875,9.727905820276424e-05,9.90839262077375,0.032258064516129,4.954196310386875,0.1598127842060282,,,,,,,,,,,
patch,2,1.9792965580032857e-05,15.62465268685824,5,VB,VB,patch,0,1,5.954196310386875,5.731747201496785e-05,5.954196310386875,0.0161290322580645,5.954196310386875,0.0960354243610786,,,,,,,,,,,
rap,2,1.9792965580032857e-05,15.62465268685824,3,VB,VB,rap,0,1,5.954196310386875,5.731747201496785e-05,5.954196310386875,0.0161290322580645,5.954196310386875,0.0960354243610786,,,,,,,,,,,
blessed,2,1.9792965580032857e-05,15.62465268685824,7,VB,VBD,bless,0,2,4.954196310386875,9.296871284827556e-05,9.90839262077375,0.032258064516129,4.954196310386875,0.1598127842060282,0.0,0.0,0.0,0.0,1.0,0.0,1.0,0.0,0.0,0.0,1.0
knowledge,2,1.9792965580032857e-05,15.62465268685824,9,NN,NN,knowledg,0,1,5.954196310386875,0.0001661512532198,5.954196310386875,0.0161290322580645,5.954196310386875,0.0960354243610786,,,,,,,,,,,
yardmeasure,2,1.9792965580032857e-05,15.62465268685824,11,NN,NN,yardmeasur,0,1,5.954196310386875,5.731747201496785e-05,5.954196310386875,0.0161290322580645,5.954196310386875,0.0960354243610786,,,,,,,,,,,
wert,2,1.9792965580032857e-05,15.62465268685824,4,NN,NN,wert,0,1,5.954196310386875,0.0001661512532198,5.954196310386875,0.0161290322580645,5.954196310386875,0.0960354243610786,,,,,,,,,,,
mankind,2,1.9792965580032857e-05,15.62465268685824,7,NN,NN,mankind,0,2,4.954196310386875,0.0001416335142212,9.90839262077375,0.032258064516129,4.954196310386875,0.1598127842060282,,,,,,,,,,,
wondrous,2,1.9792965580032857e-05,15.62465268685824,8,JJ,JJ,wondrou,0,2,4.954196310386875,0.000143732319513,9.90839262077375,0.032258064516129,4.954196310386875,0.1598127842060282,,,,,,,,,,,
nag,2,1.9792965580032857e-05,15.62465268685824,3,NN,NN,nag,0,1,5.954196310386875,0.0001661512532198,5.954196310386875,0.0161290322580645,5.954196310386875,0.0960354243610786,1.0,0.0,0.0,0.0,0.0,1.0,0.0,0.0,0.0,0.0,-1.0
dangling,2,1.9792965580032857e-05,15.62465268685824,8,NN,NN,dangl,0,1,5.954196310386875,0.0001661512532198,5.954196310386875,0.0161290322580645,5.954196310386875,0.0960354243610786,,,,,,,,,,,
resolved,2,1.9792965580032857e-05,15.62465268685824,8,VB,VBD,resolv,0,2,4.954196310386875,9.296871284827556e-05,9.90839262077375,0.032258064516129,4.954196310386875,0.1598127842060282,,,,,,,,,,,
wrongs,2,1.9792965580032857e-05,15.62465268685824,6,NN,NNS,wrong,0,2,4.954196310386875,5.200141793163825e-05,9.90839262077375,0.032258064516129,4.954196310386875,0.1598127842060282,,,,,,,,,,,
trapdoor,2,1.9792965580032857e-05,15.62465268685824,8,JJ,JJ,trapdoor,0,1,5.954196310386875,0.0001194470452252,5.954196310386875,0.0161290322580645,5.954196310386875,0.0960354243610786,,,,,,,,,,,
gown,2,1.9792965580032857e-05,15.62465268685824,4,NN,NN,gown,0,1,5.954196310386875,0.0001194470452252,5.954196310386875,0.0161290322580645,5.954196310386875,0.0960354243610786,,,,,,,,,,,
shouting,2,1.9792965580032857e-05,15.62465268685824,8,VB,VBG,shout,0,2,4.954196310386875,8.113985876290664e-05,9.90839262077375,0.032258064516129,4.954196310386875,0.1598127842060282,,,,,,,,,,,
cheap,2,1.9792965580032857e-05,15.62465268685824,5,NN,NNS,cheap,0,1,5.954196310386875,5.731747201496785e-05,5.954196310386875,0.0161290322580645,5.954196310386875,0.0960354243610786,,,,,,,,,,,
tailors,2,1.9792965580032857e-05,15.62465268685824,7,NN,NNS,tailor,0,1,5.954196310386875,5.731747201496785e-05,5.954196310386875,0.0161290322580645,5.954196310386875,0.0960354243610786,,,,,,,,,,,
inclination,2,1.9792965580032857e-05,15.62465268685824,11,NN,NN,inclin,0,1,5.954196310386875,5.731747201496785e-05,5.954196310386875,0.0161290322580645,5.954196310386875,0.0960354243610786,,,,,,,,,,,
warrior,2,1.9792965580032857e-05,15.62465268685824,7,JJ,JJ,warrior,0,1,5.954196310386875,5.731747201496785e-05,5.954196310386875,0.0161290322580645,5.954196310386875,0.0960354243610786,1.0,0.0,0.0,1.0,0.0,0.0,1.0,0.0,0.0,0.0,1.0
nimble,2,1.9792965580032857e-05,15.62465268685824,6,JJ,JJ,nimbl,0,1,5.954196310386875,5.731747201496785e-05,5.954196310386875,0.0161290322580645,5.954196310386875,0.0960354243610786,,,,,,,,,,,
strikes,2,1.9792965580032857e-05,15.62465268685824,7,NN,NNS,strike,0,2,4.954196310386875,5.200141793163825e-05,9.90839262077375,0.032258064516129,4.954196310386875,0.1598127842060282,,,,,,,,,,,
dismissal,2,1.9792965580032857e-05,15.62465268685824,9,NN,NN,dismiss,0,1,5.954196310386875,5.731747201496785e-05,5.954196310386875,0.0161290322580645,5.954196310386875,0.0960354243610786,1.0,0.0,1.0,1.0,0.0,1.0,0.0,1.0,1.0,0.0,-1.0
inspected,2,1.9792965580032857e-05,15.62465268685824,9,VB,VBD,inspect,0,1,5.954196310386875,5.731747201496785e-05,5.954196310386875,0.0161290322580645,5.954196310386875,0.0960354243610786,,,,,,,,,,,
jams,2,1.9792965580032857e-05,15.62465268685824,4,NN,NNS,jam,0,1,5.954196310386875,5.731747201496785e-05,5.954196310386875,0.0161290322580645,5.954196310386875,0.0960354243610786,,,,,,,,,,,
approach,2,1.9792965580032857e-05,15.62465268685824,8,NN,NN,approach,0,2,4.954196310386875,7.353856620338457e-05,9.90839262077375,0.032258064516129,4.954196310386875,0.1598127842060282,,,,,,,,,,,
dreaming,2,1.9792965580032857e-05,15.62465268685824,8,VB,VBG,dream,0,2,4.954196310386875,5.529236513667165e-05,9.90839262077375,0.032258064516129,4.954196310386875,0.1598127842060282,,,,,,,,,,,
pelting,2,1.9792965580032857e-05,15.62465268685824,7,VB,VBG,pelt,0,1,5.954196310386875,5.731747201496785e-05,5.954196310386875,0.0161290322580645,5.954196310386875,0.0960354243610786,,,,,,,,,,,
firmly,2,1.9792965580032857e-05,15.62465268685824,6,RB,RB,firmli,0,1,5.954196310386875,0.0001793378606182,5.954196310386875,0.0161290322580645,5.954196310386875,0.0960354243610786,,,,,,,,,,,
trip,2,1.9792965580032857e-05,15.62465268685824,4,NN,NN,trip,0,2,4.954196310386875,0.0002699792947944,9.90839262077375,0.032258064516129,4.954196310386875,0.1598127842060282,,,,,,,,,,,
required,2,1.9792965580032857e-05,15.62465268685824,8,VB,VBD,requir,0,2,4.954196310386875,0.0001241481337177,9.90839262077375,0.032258064516129,4.954196310386875,0.1598127842060282,,,,,,,,,,,
deny,2,1.9792965580032857e-05,15.62465268685824,4,VB,VB,deni,0,2,4.954196310386875,9.923202067923265e-05,9.90839262077375,0.032258064516129,4.954196310386875,0.1598127842060282,1.0,0.0,0.0,0.0,0.0,1.0,0.0,0.0,0.0,0.0,-1.0
rowing,2,1.9792965580032857e-05,15.62465268685824,6,VB,VBG,row,0,1,5.954196310386875,0.0001194470452252,5.954196310386875,0.0161290322580645,5.954196310386875,0.0960354243610786,,,,,,,,,,,
sickness,2,1.9792965580032857e-05,15.62465268685824,8,NN,NN,sick,0,1,5.954196310386875,6.767824126925909e-05,5.954196310386875,0.0161290322580645,5.954196310386875,0.0960354243610786,0.0,0.0,1.0,1.0,0.0,1.0,0.0,1.0,0.0,0.0,-1.0
compared,2,1.9792965580032857e-05,15.62465268685824,8,VB,VBN,compar,0,1,5.954196310386875,0.0001661512532198,5.954196310386875,0.0161290322580645,5.954196310386875,0.0960354243610786,,,,,,,,,,,
deliverer,2,1.9792965580032857e-05,15.62465268685824,9,NN,NN,deliver,0,1,5.954196310386875,6.767824126925909e-05,5.954196310386875,0.0161290322580645,5.954196310386875,0.0960354243610786,,,,,,,,,,,
seed,2,1.9792965580032857e-05,15.62465268685824,4,NN,NN,seed,0,1,5.954196310386875,0.0001661512532198,5.954196310386875,0.0161290322580645,5.954196310386875,0.0960354243610786,,,,,,,,,,,
wagged,2,1.9792965580032857e-05,15.62465268685824,6,VB,VBD,wag,0,2,4.954196310386875,0.0001082239862389,9.90839262077375,0.032258064516129,4.954196310386875,0.1598127842060282,,,,,,,,,,,
mischance,2,1.9792965580032857e-05,15.62465268685824,9,NN,NN,mischanc,0,2,4.954196310386875,0.0002082374586906,9.90839262077375,0.032258064516129,4.954196310386875,0.1598127842060282,,,,,,,,,,,
scorned,2,1.9792965580032857e-05,15.62465268685824,7,VB,VBD,scorn,0,2,4.954196310386875,7.769487240748635e-05,9.90839262077375,0.032258064516129,4.954196310386875,0.1598127842060282,,,,,,,,,,,
companions,2,1.9792965580032857e-05,15.62465268685824,10,NN,NNS,companion,0,2,4.954196310386875,0.0002170410554983,9.90839262077375,0.032258064516129,4.954196310386875,0.1598127842060282,,,,,,,,,,,
lent,2,1.9792965580032857e-05,15.62465268685824,4,VB,VBD,lent,0,1,5.954196310386875,6.767824126925909e-05,5.954196310386875,0.0161290322580645,5.954196310386875,0.0960354243610786,,,,,,,,,,,
seawater,2,1.9792965580032857e-05,15.62465268685824,8,NN,NN,seawat,0,1,5.954196310386875,6.767824126925909e-05,5.954196310386875,0.0161290322580645,5.954196310386875,0.0960354243610786,,,,,,,,,,,
fortunately,2,1.9792965580032857e-05,15.62465268685824,11,RB,RB,fortun,0,1,5.954196310386875,0.0003810929538138,5.954196310386875,0.0161290322580645,5.954196310386875,0.0960354243610786,,,,,,,,,,,
gudgeons,2,1.9792965580032857e-05,15.62465268685824,8,NN,NNS,gudgeon,0,1,5.954196310386875,5.050508775234217e-05,5.954196310386875,0.0161290322580645,5.954196310386875,0.0960354243610786,,,,,,,,,,,
rubbed,2,1.9792965580032857e-05,15.62465268685824,6,VB,VBD,rub,0,2,4.954196310386875,9.352174762814634e-05,9.90839262077375,0.032258064516129,4.954196310386875,0.1598127842060282,,,,,,,,,,,
ninepins,2,1.9792965580032857e-05,15.62465268685824,8,NN,NNS,ninepin,0,1,5.954196310386875,5.050508775234217e-05,5.954196310386875,0.0161290322580645,5.954196310386875,0.0960354243610786,,,,,,,,,,,
skulls,2,1.9792965580032857e-05,15.62465268685824,6,NN,NNS,skull,0,1,5.954196310386875,5.050508775234217e-05,5.954196310386875,0.0161290322580645,5.954196310386875,0.0960354243610786,,,,,,,,,,,
hideous,2,1.9792965580032857e-05,15.62465268685824,7,JJ,JJ,hideou,0,2,4.954196310386875,7.950803668916693e-05,9.90839262077375,0.032258064516129,4.954196310386875,0.1598127842060282,0.0,0.0,1.0,1.0,0.0,1.0,0.0,1.0,0.0,0.0,-1.0
joined,2,1.9792965580032857e-05,15.62465268685824,6,VB,VBD,join,0,2,4.954196310386875,7.950803668916693e-05,9.90839262077375,0.032258064516129,4.954196310386875,0.1598127842060282,,,,,,,,,,,
louder,2,1.9792965580032857e-05,15.62465268685824,6,RB,RBR,louder,0,1,5.954196310386875,5.050508775234217e-05,5.954196310386875,0.0161290322580645,5.954196310386875,0.0960354243610786,,,,,,,,,,,
tumbling,2,1.9792965580032857e-05,15.62465268685824,8,VB,VBG,tumbl,0,2,4.954196310386875,7.950803668916693e-05,9.90839262077375,0.032258064516129,4.954196310386875,0.1598127842060282,,,,,,,,,,,
pillows,2,1.9792965580032857e-05,15.62465268685824,7,NN,NNS,pillow,0,2,4.954196310386875,9.352174762814634e-05,9.90839262077375,0.032258064516129,4.954196310386875,0.1598127842060282,,,,,,,,,,,
quilts,2,1.9792965580032857e-05,15.62465268685824,6,NN,NNS,quilt,0,2,4.954196310386875,9.352174762814634e-05,9.90839262077375,0.032258064516129,4.954196310386875,0.1598127842060282,,,,,,,,,,,
language,2,1.9792965580032857e-05,15.62465268685824,8,NN,NN,languag,0,2,4.954196310386875,0.0001339174407148,9.90839262077375,0.032258064516129,4.954196310386875,0.1598127842060282,,,,,,,,,,,
rome,2,1.9792965580032857e-05,15.62465268685824,4,NN,NNP,rome,0,1,5.954196310386875,0.0002028203260001,5.954196310386875,0.0161290322580645,5.954196310386875,0.0960354243610786,,,,,,,,,,,
person,2,1.9792965580032857e-05,15.62465268685824,6,NN,NN,person,0,2,4.954196310386875,0.0001340714798651,9.90839262077375,0.032258064516129,4.954196310386875,0.1598127842060282,,,,,,,,,,,
liking,2,1.9792965580032857e-05,15.62465268685824,6,NN,NN,like,0,2,4.954196310386875,0.0001331057696758,9.90839262077375,0.032258064516129,4.954196310386875,0.1598127842060282,0.0,0.0,0.0,0.0,1.0,0.0,1.0,0.0,0.0,1.0,1.0
illluck,2,1.9792965580032857e-05,15.62465268685824,7,JJ,JJ,illluck,0,2,4.954196310386875,5.960271049116031e-05,9.90839262077375,0.032258064516129,4.954196310386875,0.1598127842060282,,,,,,,,,,,
abode,2,1.9792965580032857e-05,15.62465268685824,5,NN,NN,abod,0,2,4.954196310386875,8.665250836562138e-05,9.90839262077375,0.032258064516129,4.954196310386875,0.1598127842060282,,,,,,,,,,,
narrower,2,1.9792965580032857e-05,15.62465268685824,8,JJ,JJR,narrow,0,1,5.954196310386875,6.767824126925909e-05,5.954196310386875,0.0161290322580645,5.954196310386875,0.0960354243610786,,,,,,,,,,,
rings,2,1.9792965580032857e-05,15.62465268685824,5,NN,NNS,ring,0,2,4.954196310386875,0.000240672881917,9.90839262077375,0.032258064516129,4.954196310386875,0.1598127842060282,,,,,,,,,,,
spat,2,1.9792965580032857e-05,15.62465268685824,4,NN,NN,spat,0,1,5.954196310386875,0.0001406082347892,5.954196310386875,0.0161290322580645,5.954196310386875,0.0960354243610786,1.0,0.0,0.0,0.0,0.0,1.0,0.0,0.0,0.0,0.0,-1.0
candle,2,1.9792965580032857e-05,15.62465268685824,6,NN,NN,candl,0,2,4.954196310386875,8.994345557065477e-05,9.90839262077375,0.032258064516129,4.954196310386875,0.1598127842060282,,,,,,,,,,,
groped,2,1.9792965580032857e-05,15.62465268685824,6,VB,VBD,grope,0,2,4.954196310386875,8.994345557065477e-05,9.90839262077375,0.032258064516129,4.954196310386875,0.1598127842060282,,,,,,,,,,,
donkey,2,1.9792965580032857e-05,15.62465268685824,6,NN,NN,donkey,0,1,5.954196310386875,0.0001406082347892,5.954196310386875,0.0161290322580645,5.954196310386875,0.0960354243610786,0.0,0.0,1.0,0.0,0.0,1.0,0.0,0.0,0.0,0.0,-1.0
chosen,2,1.9792965580032857e-05,15.62465268685824,6,VB,VBN,chosen,0,2,4.954196310386875,0.0001340714798651,9.90839262077375,0.032258064516129,4.954196310386875,0.1598127842060282,,,,,,,,,,,
marched,2,1.9792965580032857e-05,15.62465268685824,7,VB,VBD,march,0,1,5.954196310386875,0.0001406082347892,5.954196310386875,0.0161290322580645,5.954196310386875,0.0960354243610786,,,,,,,,,,,
added,2,1.9792965580032857e-05,15.62465268685824,5,VB,VBD,ad,0,2,4.954196310386875,0.0001080356174869,9.90839262077375,0.032258064516129,4.954196310386875,0.1598127842060282,,,,,,,,,,,
gardens,2,1.9792965580032857e-05,15.62465268685824,7,NN,NNS,garden,0,1,5.954196310386875,6.767824126925909e-05,5.954196310386875,0.0161290322580645,5.954196310386875,0.0960354243610786,,,,,,,,,,,
concert,2,1.9792965580032857e-05,15.62465268685824,7,NN,NN,concert,0,1,5.954196310386875,0.0001406082347892,5.954196310386875,0.0161290322580645,5.954196310386875,0.0960354243610786,,,,,,,,,,,
famous,2,1.9792965580032857e-05,15.62465268685824,6,JJ,JJ,famou,0,2,4.954196310386875,8.994345557065477e-05,9.90839262077375,0.032258064516129,4.954196310386875,0.1598127842060282,,,,,,,,,,,
useful,2,1.9792965580032857e-05,15.62465268685824,6,JJ,JJ,use,0,2,4.954196310386875,8.234216301113271e-05,9.90839262077375,0.032258064516129,4.954196310386875,0.1598127842060282,,,,,,,,,,,
putting,2,1.9792965580032857e-05,15.62465268685824,7,VB,VBG,put,0,2,4.954196310386875,8.234216301113271e-05,9.90839262077375,0.032258064516129,4.954196310386875,0.1598127842060282,,,,,,,,,,,
trust,2,1.9792965580032857e-05,15.62465268685824,5,VB,VB,trust,0,2,4.954196310386875,0.0001220060765153,9.90839262077375,0.032258064516129,4.954196310386875,0.1598127842060282,,,,,,,,,,,
sole,2,1.9792965580032857e-05,15.62465268685824,4,JJ,JJ,sole,0,2,4.954196310386875,6.657241630797411e-05,9.90839262077375,0.032258064516129,4.954196310386875,0.1598127842060282,,,,,,,,,,,
pressed,2,1.9792965580032857e-05,15.62465268685824,7,VB,VBD,press,0,2,4.954196310386875,6.226207095348542e-05,9.90839262077375,0.032258064516129,4.954196310386875,0.1598127842060282,,,,,,,,,,,
tilt,2,1.9792965580032857e-05,15.62465268685824,4,NN,NN,tilt,0,1,5.954196310386875,0.0001424857928205,5.954196310386875,0.0161290322580645,5.954196310386875,0.0960354243610786,,,,,,,,,,,
whirlwind,2,1.9792965580032857e-05,15.62465268685824,9,NN,NN,whirlwind,0,2,4.954196310386875,7.379249722556694e-05,9.90839262077375,0.032258064516129,4.954196310386875,0.1598127842060282,0.0,0.0,0.0,1.0,0.0,1.0,0.0,0.0,0.0,0.0,-1.0
taller,2,1.9792965580032857e-05,15.62465268685824,6,JJ,JJR,taller,0,2,4.954196310386875,5.8614418015086255e-05,9.90839262077375,0.032258064516129,4.954196310386875,0.1598127842060282,,,,,,,,,,,
crown,2,1.9792965580032857e-05,15.62465268685824,5,NN,NN,crown,0,1,5.954196310386875,9.03862817516034e-05,5.954196310386875,0.0161290322580645,5.954196310386875,0.0960354243610786,,,,,,,,,,,
trumpets,2,1.9792965580032857e-05,15.62465268685824,8,NN,NNS,trumpet,0,2,4.954196310386875,8.729603796328701e-05,9.90839262077375,0.032258064516129,4.954196310386875,0.1598127842060282,,,,,,,,,,,
foam,2,1.9792965580032857e-05,15.62465268685824,4,NN,NN,foam,0,1,5.954196310386875,9.03862817516034e-05,5.954196310386875,0.0161290322580645,5.954196310386875,0.0960354243610786,,,,,,,,,,,
fruits,2,1.9792965580032857e-05,15.62465268685824,6,NN,NNS,fruit,0,2,4.954196310386875,7.379249722556694e-05,9.90839262077375,0.032258064516129,4.954196310386875,0.1598127842060282,,,,,,,,,,,
wave,2,1.9792965580032857e-05,15.62465268685824,4,NN,NN,wave,0,2,4.954196310386875,6.986235084339611e-05,9.90839262077375,0.032258064516129,4.954196310386875,0.1598127842060282,,,,,,,,,,,
streak,2,1.9792965580032857e-05,15.62465268685824,6,NN,NN,streak,0,2,4.954196310386875,8.455153454848551e-05,9.90839262077375,0.032258064516129,4.954196310386875,0.1598127842060282,,,,,,,,,,,
eye,2,1.9792965580032857e-05,15.62465268685824,3,NN,NN,eye,0,2,4.954196310386875,0.0001311024384402,9.90839262077375,0.032258064516129,4.954196310386875,0.1598127842060282,,,,,,,,,,,
tapping,2,1.9792965580032857e-05,15.62465268685824,7,NN,NN,tap,0,2,4.954196310386875,0.000173790117891,9.90839262077375,0.032258064516129,4.954196310386875,0.1598127842060282,,,,,,,,,,,
chatting,2,1.9792965580032857e-05,15.62465268685824,8,VB,VBG,chat,0,2,4.954196310386875,0.0001387037309997,9.90839262077375,0.032258064516129,4.954196310386875,0.1598127842060282,,,,,,,,,,,
betimes,2,1.9792965580032857e-05,15.62465268685824,7,NN,NNS,betim,0,2,4.954196310386875,0.0001282683121183,9.90839262077375,0.032258064516129,4.954196310386875,0.1598127842060282,,,,,,,,,,,
ploughed,2,1.9792965580032857e-05,15.62465268685824,8,JJ,JJ,plough,0,1,5.954196310386875,7.558868505397766e-05,5.954196310386875,0.0161290322580645,5.954196310386875,0.0960354243610786,,,,,,,,,,,
windowseat,2,1.9792965580032857e-05,15.62465268685824,10,NN,NN,windowseat,0,1,5.954196310386875,0.0001424857928205,5.954196310386875,0.0161290322580645,5.954196310386875,0.0960354243610786,,,,,,,,,,,
cruelty,2,1.9792965580032857e-05,15.62465268685824,7,NN,NN,cruelti,0,1,5.954196310386875,0.0001424857928205,5.954196310386875,0.0161290322580645,5.954196310386875,0.0960354243610786,1.0,0.0,1.0,1.0,0.0,1.0,0.0,1.0,0.0,0.0,-1.0
spilt,2,1.9792965580032857e-05,15.62465268685824,5,NN,NN,spilt,0,2,4.954196310386875,0.0003789033073608,9.90839262077375,0.032258064516129,4.954196310386875,0.1598127842060282,,,,,,,,,,,
aimed,2,1.9792965580032857e-05,15.62465268685824,5,VB,VBD,aim,0,2,4.954196310386875,9.072456779692038e-05,9.90839262077375,0.032258064516129,4.954196310386875,0.1598127842060282,,,,,,,,,,,
tallest,2,1.9792965580032857e-05,15.62465268685824,7,JJ,JJS,tallest,0,2,4.954196310386875,9.609963477103516e-05,9.90839262077375,0.032258064516129,4.954196310386875,0.1598127842060282,,,,,,,,,,,
raging,2,1.9792965580032857e-05,15.62465268685824,6,VB,VBG,rage,0,2,4.954196310386875,6.144854433705202e-05,9.90839262077375,0.032258064516129,4.954196310386875,0.1598127842060282,1.0,0.0,1.0,1.0,0.0,1.0,0.0,0.0,0.0,0.0,-1.0
ships,2,1.9792965580032857e-05,15.62465268685824,5,NN,NNS,ship,0,2,4.954196310386875,6.986235084339611e-05,9.90839262077375,0.032258064516129,4.954196310386875,0.1598127842060282,,,,,,,,,,,
sewn,2,1.9792965580032857e-05,15.62465268685824,4,VB,VBN,sewn,0,1,5.954196310386875,0.0001128500873808,5.954196310386875,0.0161290322580645,5.954196310386875,0.0960354243610786,,,,,,,,,,,
cheer,2,1.9792965580032857e-05,15.62465268685824,5,NN,NN,cheer,0,2,4.954196310386875,0.000194446225044,9.90839262077375,0.032258064516129,4.954196310386875,0.1598127842060282,0.0,1.0,0.0,0.0,1.0,0.0,1.0,0.0,1.0,1.0,1.0
dwell,2,1.9792965580032857e-05,15.62465268685824,5,RB,RB,dwell,0,2,4.954196310386875,0.0002458055047039,9.90839262077375,0.032258064516129,4.954196310386875,0.1598127842060282,,,,,,,,,,,
excellent,2,1.9792965580032857e-05,15.62465268685824,9,JJ,JJ,excel,0,1,5.954196310386875,0.0003880219166104,5.954196310386875,0.0161290322580645,5.954196310386875,0.0960354243610786,0.0,0.0,0.0,0.0,1.0,0.0,1.0,0.0,0.0,1.0,1.0
hounds,2,1.9792965580032857e-05,15.62465268685824,6,NN,NNS,hound,0,1,5.954196310386875,0.0006577768791854,5.954196310386875,0.0161290322580645,5.954196310386875,0.0960354243610786,,,,,,,,,,,
wretched,2,1.9792965580032857e-05,15.62465268685824,8,JJ,JJ,wretch,0,2,4.954196310386875,0.0003607909504359,9.90839262077375,0.032258064516129,4.954196310386875,0.1598127842060282,0.0,0.0,1.0,0.0,0.0,1.0,0.0,1.0,0.0,0.0,-1.0
settle,2,1.9792965580032857e-05,15.62465268685824,6,VB,VB,settl,0,2,4.954196310386875,0.0001340874491859,9.90839262077375,0.032258064516129,4.954196310386875,0.1598127842060282,,,,,,,,,,,
stitches,2,1.9792965580032857e-05,15.62465268685824,8,NN,NNS,stitch,0,2,4.954196310386875,7.079406278858309e-05,9.90839262077375,0.032258064516129,4.954196310386875,0.1598127842060282,,,,,,,,,,,
learned,2,1.9792965580032857e-05,15.62465268685824,7,VB,VBN,learn,0,2,4.954196310386875,0.0001160717030597,9.90839262077375,0.032258064516129,4.954196310386875,0.1598127842060282,,,,,,,,,,,
crowns,2,1.9792965580032857e-05,15.62465268685824,6,NN,NNS,crown,0,1,5.954196310386875,9.03862817516034e-05,5.954196310386875,0.0161290322580645,5.954196310386875,0.0960354243610786,,,,,,,,,,,
seam,2,1.9792965580032857e-05,15.62465268685824,4,NN,NN,seam,0,2,4.954196310386875,0.0002054929552758,9.90839262077375,0.032258064516129,4.954196310386875,0.1598127842060282,,,,,,,,,,,
sew,2,1.9792965580032857e-05,15.62465268685824,3,VB,VB,sew,0,1,5.954196310386875,0.0001128500873808,5.954196310386875,0.0161290322580645,5.954196310386875,0.0960354243610786,,,,,,,,,,,
tailoring,2,1.9792965580032857e-05,15.62465268685824,9,NN,NN,tailor,0,1,5.954196310386875,0.0001128500873808,5.954196310386875,0.0161290322580645,5.954196310386875,0.0960354243610786,,,,,,,,,,,
wakened,2,1.9792965580032857e-05,15.62465268685824,7,VB,VBD,waken,0,2,4.954196310386875,5.8614418015086255e-05,9.90839262077375,0.032258064516129,4.954196310386875,0.1598127842060282,,,,,,,,,,,
woke,2,1.9792965580032857e-05,15.62465268685824,4,VB,VBD,woke,0,2,4.954196310386875,5.8614418015086255e-05,9.90839262077375,0.032258064516129,4.954196310386875,0.1598127842060282,,,,,,,,,,,
biggest,2,1.9792965580032857e-05,15.62465268685824,7,JJ,JJS,biggest,0,2,4.954196310386875,6.144854433705202e-05,9.90839262077375,0.032258064516129,4.954196310386875,0.1598127842060282,,,,,,,,,,,
highest,2,1.9792965580032857e-05,15.62465268685824,7,JJ,JJS,highest,0,2,4.954196310386875,6.144854433705202e-05,9.90839262077375,0.032258064516129,4.954196310386875,0.1598127842060282,0.0,1.0,0.0,1.0,1.0,1.0,1.0,0.0,1.0,0.0,0.0
bung,2,1.9792965580032857e-05,15.62465268685824,4,NN,NN,bung,0,1,5.954196310386875,0.0001424857928205,5.954196310386875,0.0161290322580645,5.954196310386875,0.0960354243610786,,,,,,,,,,,
worst,2,1.9792965580032857e-05,15.62465268685824,5,JJ,JJS,worst,0,2,4.954196310386875,9.072456779692038e-05,9.90839262077375,0.032258064516129,4.954196310386875,0.1598127842060282,,,,,,,,,,,
shalt,2,1.9792965580032857e-05,15.62465268685824,5,NN,NN,shalt,0,2,4.954196310386875,0.0002305502313132,9.90839262077375,0.032258064516129,4.954196310386875,0.1598127842060282,,,,,,,,,,,
deed,2,1.9792965580032857e-05,15.62465268685824,4,NN,NN,deed,0,2,4.954196310386875,8.312327523739831e-05,9.90839262077375,0.032258064516129,4.954196310386875,0.1598127842060282,,,,,,,,,,,
cavern,2,1.9792965580032857e-05,15.62465268685824,6,NN,NN,cavern,0,2,4.954196310386875,6.953243857731928e-05,9.90839262077375,0.032258064516129,4.954196310386875,0.1598127842060282,,,,,,,,,,,
chop,2,1.9792965580032857e-05,15.62465268685824,4,VB,VB,chop,0,1,5.954196310386875,0.0001098175235689,5.954196310386875,0.0161290322580645,5.954196310386875,0.0960354243610786,,,,,,,,,,,
compassionate,2,1.9792965580032857e-05,15.62465268685824,13,JJ,JJ,compassion,0,2,4.954196310386875,0.0002042313310645,9.90839262077375,0.032258064516129,4.954196310386875,0.1598127842060282,,,,,,,,,,,
starve,2,1.9792965580032857e-05,15.62465268685824,6,VB,VB,starv,0,2,4.954196310386875,9.522589305316736e-05,9.90839262077375,0.032258064516129,4.954196310386875,0.1598127842060282,,,,,,,,,,,
troubled,2,1.9792965580032857e-05,15.62465268685824,8,JJ,JJ,troubl,0,2,4.954196310386875,0.0001122201180281,9.90839262077375,0.032258064516129,4.954196310386875,0.1598127842060282,,,,,,,,,,,
receive,2,1.9792965580032857e-05,15.62465268685824,7,VB,VB,receiv,0,2,4.954196310386875,6.953243857731928e-05,9.90839262077375,0.032258064516129,4.954196310386875,0.1598127842060282,,,,,,,,,,,
cheek,2,1.9792965580032857e-05,15.62465268685824,5,NN,NN,cheek,0,2,4.954196310386875,0.0003161780480283,9.90839262077375,0.032258064516129,4.954196310386875,0.1598127842060282,,,,,,,,,,,
towel,2,1.9792965580032857e-05,15.62465268685824,5,NN,NN,towel,0,1,5.954196310386875,0.000102219717255,5.954196310386875,0.0161290322580645,5.954196310386875,0.0960354243610786,,,,,,,,,,,
sulkily,2,1.9792965580032857e-05,15.62465268685824,7,RB,RB,sulkili,0,2,4.954196310386875,0.0001018037592271,9.90839262077375,0.032258064516129,4.954196310386875,0.1598127842060282,,,,,,,,,,,
blinded,2,1.9792965580032857e-05,15.62465268685824,7,VB,VBD,blind,0,2,4.954196310386875,6.84024425914993e-05,9.90839262077375,0.032258064516129,4.954196310386875,0.1598127842060282,,,,,,,,,,,
wipe,2,1.9792965580032857e-05,15.62465268685824,4,VB,VB,wipe,0,1,5.954196310386875,0.000102219717255,5.954196310386875,0.0161290322580645,5.954196310386875,0.0960354243610786,,,,,,,,,,,
stirring,2,1.9792965580032857e-05,15.62465268685824,8,VB,VBG,stir,0,2,4.954196310386875,6.84024425914993e-05,9.90839262077375,0.032258064516129,4.954196310386875,0.1598127842060282,,,,,,,,,,,
jollily,2,1.9792965580032857e-05,15.62465268685824,7,NN,NN,jollili,0,2,4.954196310386875,0.0001010226470009,9.90839262077375,0.032258064516129,4.954196310386875,0.1598127842060282,,,,,,,,,,,
laying,2,1.9792965580032857e-05,15.62465268685824,6,VB,VBG,lay,0,1,5.954196310386875,0.000102219717255,5.954196310386875,0.0161290322580645,5.954196310386875,0.0960354243610786,,,,,,,,,,,
respectable,2,1.9792965580032857e-05,15.62465268685824,11,JJ,JJ,respect,0,2,4.954196310386875,0.0001296649429642,9.90839262077375,0.032258064516129,4.954196310386875,0.1598127842060282,0.0,0.0,0.0,0.0,0.0,0.0,1.0,0.0,0.0,1.0,1.0
observing,2,1.9792965580032857e-05,15.62465268685824,9,VB,VBG,observ,0,2,4.954196310386875,0.0002010704490541,9.90839262077375,0.032258064516129,4.954196310386875,0.1598127842060282,,,,,,,,,,,
travellers,2,1.9792965580032857e-05,15.62465268685824,10,NN,NNS,travel,0,2,4.954196310386875,0.0001010226470009,9.90839262077375,0.032258064516129,4.954196310386875,0.1598127842060282,,,,,,,,,,,
collected,2,1.9792965580032857e-05,15.62465268685824,9,VB,VBN,collect,0,2,4.954196310386875,9.60057890034889e-05,9.90839262077375,0.032258064516129,4.954196310386875,0.1598127842060282,,,,,,,,,,,
frightfully,2,1.9792965580032857e-05,15.62465268685824,11,RB,RB,fright,0,2,4.954196310386875,0.0001328258249746,9.90839262077375,0.032258064516129,4.954196310386875,0.1598127842060282,,,,,,,,,,,
possession,2,1.9792965580032857e-05,15.62465268685824,10,NN,NN,possess,0,2,4.954196310386875,7.156332460189673e-05,9.90839262077375,0.032258064516129,4.954196310386875,0.1598127842060282,1.0,0.0,1.0,1.0,0.0,1.0,0.0,0.0,0.0,0.0,-1.0
bundle,2,1.9792965580032857e-05,15.62465268685824,6,NN,NN,bundl,0,2,4.954196310386875,7.713373113684135e-05,9.90839262077375,0.032258064516129,4.954196310386875,0.1598127842060282,,,,,,,,,,,
casks,2,1.9792965580032857e-05,15.62465268685824,5,NN,NNS,cask,0,1,5.954196310386875,0.0001424857928205,5.954196310386875,0.0161290322580645,5.954196310386875,0.0960354243610786,,,,,,,,,,,
rolls,2,1.9792965580032857e-05,15.62465268685824,5,NN,NNS,roll,0,2,4.954196310386875,0.0001095966256635,9.90839262077375,0.032258064516129,4.954196310386875,0.1598127842060282,,,,,,,,,,,
scrambled,2,1.9792965580032857e-05,15.62465268685824,9,VB,VBD,scrambl,0,2,4.954196310386875,0.0001177743656713,9.90839262077375,0.032258064516129,4.954196310386875,0.1598127842060282,,,,,,,,,,,
snapped,2,1.9792965580032857e-05,15.62465268685824,7,VB,VBD,snap,0,2,4.954196310386875,8.743362059188699e-05,9.90839262077375,0.032258064516129,4.954196310386875,0.1598127842060282,,,,,,,,,,,
merely,2,1.9792965580032857e-05,15.62465268685824,6,RB,RB,mere,0,2,4.954196310386875,8.121664533143642e-05,9.90839262077375,0.032258064516129,4.954196310386875,0.1598127842060282,,,,,,,,,,,
snailshell,2,1.9792965580032857e-05,15.62465268685824,10,NN,NN,snailshel,0,1,5.954196310386875,7.558868505397766e-05,5.954196310386875,0.0161290322580645,5.954196310386875,0.0960354243610786,,,,,,,,,,,
command,2,1.9792965580032857e-05,15.62465268685824,7,NN,NN,command,0,2,4.954196310386875,0.0001300653522391,9.90839262077375,0.032258064516129,4.954196310386875,0.1598127842060282,,,,,,,,,,,
dungeon,2,1.9792965580032857e-05,15.62465268685824,7,NN,NN,dungeon,0,2,4.954196310386875,8.98829156200576e-05,9.90839262077375,0.032258064516129,4.954196310386875,0.1598127842060282,0.0,0.0,0.0,1.0,0.0,1.0,0.0,0.0,0.0,0.0,-1.0
dismissed,2,1.9792965580032857e-05,15.62465268685824,9,VB,VBN,dismiss,0,2,4.954196310386875,9.522589305316736e-05,9.90839262077375,0.032258064516129,4.954196310386875,0.1598127842060282,,,,,,,,,,,
chains,2,1.9792965580032857e-05,15.62465268685824,6,NN,NNS,chain,0,2,4.954196310386875,6.669831225535351e-05,9.90839262077375,0.032258064516129,4.954196310386875,0.1598127842060282,,,,,,,,,,,
loaded,2,1.9792965580032857e-05,15.62465268685824,6,VB,VBD,load,0,2,4.954196310386875,0.0001049646412375,9.90839262077375,0.032258064516129,4.954196310386875,0.1598127842060282,,,,,,,,,,,
ducat,2,1.9792965580032857e-05,15.62465268685824,5,NN,NN,ducat,0,1,5.954196310386875,0.0001098175235689,5.954196310386875,0.0161290322580645,5.954196310386875,0.0960354243610786,,,,,,,,,,,
valuable,2,1.9792965580032857e-05,15.62465268685824,8,JJ,JJ,valuabl,0,2,4.954196310386875,0.0001148100788484,9.90839262077375,0.032258064516129,4.954196310386875,0.1598127842060282,,,,,,,,,,,
flight,2,1.9792965580032857e-05,15.62465268685824,6,NN,NN,flight,0,2,4.954196310386875,7.870607257924619e-05,9.90839262077375,0.032258064516129,4.954196310386875,0.1598127842060282,,,,,,,,,,,
compelled,2,1.9792965580032857e-05,15.62465268685824,9,VB,VBN,compel,0,2,4.954196310386875,8.98829156200576e-05,9.90839262077375,0.032258064516129,4.954196310386875,0.1598127842060282,,,,,,,,,,,
crafty,2,1.9792965580032857e-05,15.62465268685824,6,JJ,JJ,crafti,0,2,4.954196310386875,0.0001328258249746,9.90839262077375,0.032258064516129,4.954196310386875,0.1598127842060282,,,,,,,,,,,
clapped,2,1.9792965580032857e-05,15.62465268685824,7,VB,VBD,clap,0,2,4.954196310386875,0.0002111200846683,9.90839262077375,0.032258064516129,4.954196310386875,0.1598127842060282,,,,,,,,,,,
bounded,2,1.9792965580032857e-05,15.62465268685824,7,VB,VBD,bound,0,2,4.954196310386875,9.037875202797038e-05,9.90839262077375,0.032258064516129,4.954196310386875,0.1598127842060282,,,,,,,,,,,
thence,2,1.9792965580032857e-05,15.62465268685824,6,NN,NN,thenc,0,2,4.954196310386875,5.942794463151965e-05,9.90839262077375,0.032258064516129,4.954196310386875,0.1598127842060282,,,,,,,,,,,
overwhelmed,2,1.9792965580032857e-05,15.62465268685824,11,VB,VBN,overwhelm,0,2,4.954196310386875,5.40323039562157e-05,9.90839262077375,0.032258064516129,4.954196310386875,0.1598127842060282,0.0,0.0,0.0,0.0,0.0,1.0,0.0,1.0,0.0,0.0,-1.0
cheated,2,1.9792965580032857e-05,15.62465268685824,7,VB,VBN,cheat,0,2,4.954196310386875,6.041522443798236e-05,9.90839262077375,0.032258064516129,4.954196310386875,0.1598127842060282,,,,,,,,,,,
store,2,1.9792965580032857e-05,15.62465268685824,5,NN,NN,store,0,1,5.954196310386875,7.754172334362424e-05,5.954196310386875,0.0161290322580645,5.954196310386875,0.0960354243610786,0.0,1.0,0.0,0.0,0.0,0.0,1.0,0.0,0.0,0.0,1.0
richer,2,1.9792965580032857e-05,15.62465268685824,6,JJ,JJR,richer,0,2,4.954196310386875,0.0001013825193546,9.90839262077375,0.032258064516129,4.954196310386875,0.1598127842060282,,,,,,,,,,,
forgetting,2,1.9792965580032857e-05,15.62465268685824,10,VB,VBG,forget,0,1,5.954196310386875,7.754172334362424e-05,5.954196310386875,0.0161290322580645,5.954196310386875,0.0960354243610786,,,,,,,,,,,
raise,2,1.9792965580032857e-05,15.62465268685824,5,VB,VB,rais,0,2,4.954196310386875,5.6104879083493686e-05,9.90839262077375,0.032258064516129,4.954196310386875,0.1598127842060282,,,,,,,,,,,
comfort,2,1.9792965580032857e-05,15.62465268685824,7,NN,NN,comfort,0,2,4.954196310386875,0.000145601742941,9.90839262077375,0.032258064516129,4.954196310386875,0.1598127842060282,0.0,1.0,0.0,0.0,1.0,0.0,1.0,0.0,0.0,1.0,1.0
roaming,2,1.9792965580032857e-05,15.62465268685824,7,VB,VBG,roam,0,2,4.954196310386875,0.0001000915941557,9.90839262077375,0.032258064516129,4.954196310386875,0.1598127842060282,,,,,,,,,,,
voyage,2,1.9792965580032857e-05,15.62465268685824,6,NN,NN,voyag,0,2,4.954196310386875,6.041522443798236e-05,9.90839262077375,0.032258064516129,4.954196310386875,0.1598127842060282,,,,,,,,,,,
chatter,2,1.9792965580032857e-05,15.62465268685824,7,NN,NN,chatter,0,2,4.954196310386875,4.6887832279761257e-05,9.90839262077375,0.032258064516129,4.954196310386875,0.1598127842060282,,,,,,,,,,,
sings,2,1.9792965580032857e-05,15.62465268685824,5,NN,NNS,sing,0,2,4.954196310386875,0.0001130153449991,9.90839262077375,0.032258064516129,4.954196310386875,0.1598127842060282,,,,,,,,,,,
sting,2,1.9792965580032857e-05,15.62465268685824,5,NN,NN,sting,0,1,5.954196310386875,0.0002094556692717,5.954196310386875,0.0161290322580645,5.954196310386875,0.0960354243610786,1.0,0.0,0.0,1.0,0.0,1.0,0.0,0.0,0.0,0.0,-1.0
magnificently,2,1.9792965580032857e-05,15.62465268685824,13,RB,RB,magnific,0,1,5.954196310386875,6.219910904214937e-05,5.954196310386875,0.0161290322580645,5.954196310386875,0.0960354243610786,,,,,,,,,,,
mist,2,1.9792965580032857e-05,15.62465268685824,4,NN,NN,mist,0,1,5.954196310386875,6.219910904214937e-05,5.954196310386875,0.0161290322580645,5.954196310386875,0.0960354243610786,,,,,,,,,,,
waved,2,1.9792965580032857e-05,15.62465268685824,5,VB,VBD,wave,0,2,4.954196310386875,4.972195860172703e-05,9.90839262077375,0.032258064516129,4.954196310386875,0.1598127842060282,,,,,,,,,,,
pudding,2,1.9792965580032857e-05,15.62465268685824,7,NN,NN,pud,0,1,5.954196310386875,6.219910904214937e-05,5.954196310386875,0.0161290322580645,5.954196310386875,0.0960354243610786,,,,,,,,,,,
puddings,2,1.9792965580032857e-05,15.62465268685824,8,NN,NNS,pud,0,1,5.954196310386875,6.219910904214937e-05,5.954196310386875,0.0161290322580645,5.954196310386875,0.0960354243610786,,,,,,,,,,,
silence,2,1.9792965580032857e-05,15.62465268685824,7,NN,NN,silenc,0,2,4.954196310386875,8.005024746773808e-05,9.90839262077375,0.032258064516129,4.954196310386875,0.1598127842060282,,,,,,,,,,,
anxious,2,1.9792965580032857e-05,15.62465268685824,7,JJ,JJ,anxiou,0,2,4.954196310386875,8.643316794950474e-05,9.90839262077375,0.032258064516129,4.954196310386875,0.1598127842060282,0.0,1.0,0.0,1.0,0.0,1.0,0.0,0.0,0.0,0.0,-1.0
gates,2,1.9792965580032857e-05,15.62465268685824,5,NN,NNS,gate,0,2,4.954196310386875,0.000227629494636,9.90839262077375,0.032258064516129,4.954196310386875,0.1598127842060282,,,,,,,,,,,
wits,2,1.9792965580032857e-05,15.62465268685824,4,NN,NNS,wit,0,2,4.954196310386875,6.370617164301576e-05,9.90839262077375,0.032258064516129,4.954196310386875,0.1598127842060282,,,,,,,,,,,
krr,2,1.9792965580032857e-05,15.62465268685824,3,NN,NN,krr,0,1,5.954196310386875,9.234175419334484e-05,5.954196310386875,0.0161290322580645,5.954196310386875,0.0960354243610786,,,,,,,,,,,
lambs,2,1.9792965580032857e-05,15.62465268685824,5,NN,NN,lamb,0,1,5.954196310386875,9.234175419334484e-05,5.954196310386875,0.0161290322580645,5.954196310386875,0.0960354243610786,,,,,,,,,,,
retire,2,1.9792965580032857e-05,15.62465268685824,6,VB,VB,retir,0,2,4.954196310386875,0.000151758934811,9.90839262077375,0.032258064516129,4.954196310386875,0.1598127842060282,,,,,,,,,,,
priest,2,1.9792965580032857e-05,15.62465268685824,6,NN,NN,priest,0,1,5.954196310386875,9.234175419334484e-05,5.954196310386875,0.0161290322580645,5.954196310386875,0.0960354243610786,0.0,0.0,0.0,0.0,0.0,0.0,1.0,0.0,0.0,1.0,1.0
treachery,2,1.9792965580032857e-05,15.62465268685824,9,NN,NN,treacheri,0,2,4.954196310386875,7.460602384200037e-05,9.90839262077375,0.032258064516129,4.954196310386875,0.1598127842060282,1.0,0.0,0.0,1.0,0.0,1.0,0.0,1.0,1.0,0.0,-1.0
keys,2,1.9792965580032857e-05,15.62465268685824,4,NN,NN,key,0,1,5.954196310386875,9.234175419334484e-05,5.954196310386875,0.0161290322580645,5.954196310386875,0.0960354243610786,,,,,,,,,,,
growler,2,1.9792965580032857e-05,15.62465268685824,7,NN,NNP,growler,0,1,5.954196310386875,0.0002094556692717,5.954196310386875,0.0161290322580645,5.954196310386875,0.0960354243610786,,,,,,,,,,,
croak,2,1.9792965580032857e-05,15.62465268685824,5,NN,NN,croak,0,2,4.954196310386875,0.0001227949846152,9.90839262077375,0.032258064516129,4.954196310386875,0.1598127842060282,,,,,,,,,,,
foretell,2,1.9792965580032857e-05,15.62465268685824,8,VB,VB,foretel,0,1,5.954196310386875,9.234175419334484e-05,5.954196310386875,0.0161290322580645,5.954196310386875,0.0960354243610786,,,,,,,,,,,
seize,2,1.9792965580032857e-05,15.62465268685824,5,VB,VB,seiz,0,2,4.954196310386875,5.327075276152791e-05,9.90839262077375,0.032258064516129,4.954196310386875,0.1598127842060282,0.0,0.0,0.0,1.0,0.0,1.0,0.0,0.0,0.0,0.0,-1.0
porch,2,1.9792965580032857e-05,15.62465268685824,5,NN,NN,porch,0,1,5.954196310386875,9.234175419334484e-05,5.954196310386875,0.0161290322580645,5.954196310386875,0.0960354243610786,,,,,,,,,,,
fourfooted,2,1.9792965580032857e-05,15.62465268685824,10,JJ,JJ,fourfoot,0,1,5.954196310386875,0.0002094556692717,5.954196310386875,0.0161290322580645,5.954196310386875,0.0960354243610786,,,,,,,,,,,
tiled,2,1.9792965580032857e-05,15.62465268685824,5,JJ,JJ,tile,0,1,5.954196310386875,9.234175419334484e-05,5.954196310386875,0.0161290322580645,5.954196310386875,0.0960354243610786,,,,,,,,,,,
shift,2,1.9792965580032857e-05,15.62465268685824,5,NN,NN,shift,0,2,4.954196310386875,8.795552542933351e-05,9.90839262077375,0.032258064516129,4.954196310386875,0.1598127842060282,,,,,,,,,,,
salted,2,1.9792965580032857e-05,15.62465268685824,6,VB,VBD,salt,0,2,4.954196310386875,0.000151758934811,9.90839262077375,0.032258064516129,4.954196310386875,0.1598127842060282,,,,,,,,,,,
carpenter,2,1.9792965580032857e-05,15.62465268685824,9,NN,NN,carpent,0,1,5.954196310386875,9.234175419334484e-05,5.954196310386875,0.0161290322580645,5.954196310386875,0.0960354243610786,,,,,,,,,,,
gossip,2,1.9792965580032857e-05,15.62465268685824,6,NN,NN,gossip,0,1,5.954196310386875,9.234175419334484e-05,5.954196310386875,0.0161290322580645,5.954196310386875,0.0960354243610786,,,,,,,,,,,
drawer,2,1.9792965580032857e-05,15.62465268685824,6,NN,NN,drawer,0,1,5.954196310386875,6.219910904214937e-05,5.954196310386875,0.0161290322580645,5.954196310386875,0.0960354243610786,,,,,,,,,,,
crash,2,1.9792965580032857e-05,15.62465268685824,5,NN,NN,crash,0,1,5.954196310386875,6.219910904214937e-05,5.954196310386875,0.0161290322580645,5.954196310386875,0.0960354243610786,0.0,0.0,0.0,1.0,0.0,1.0,0.0,1.0,1.0,0.0,-1.0
dived,2,1.9792965580032857e-05,15.62465268685824,5,VB,VBD,dive,0,2,4.954196310386875,0.0001596642088664,9.90839262077375,0.032258064516129,4.954196310386875,0.1598127842060282,,,,,,,,,,,
urged,2,1.9792965580032857e-05,15.62465268685824,5,VB,VBD,urg,0,2,4.954196310386875,5.889559260365393e-05,9.90839262077375,0.032258064516129,4.954196310386875,0.1598127842060282,,,,,,,,,,,
cindercake,2,1.9792965580032857e-05,15.62465268685824,10,JJ,JJ,cindercak,0,1,5.954196310386875,0.0001209514160718,5.954196310386875,0.0161290322580645,5.954196310386875,0.0960354243610786,,,,,,,,,,,
hew,2,1.9792965580032857e-05,15.62465268685824,3,VB,VB,hew,0,1,5.954196310386875,0.0001209514160718,5.954196310386875,0.0161290322580645,5.954196310386875,0.0960354243610786,,,,,,,,,,,
sneered,2,1.9792965580032857e-05,15.62465268685824,7,VB,VBD,sneer,0,2,4.954196310386875,0.0001636612868608,9.90839262077375,0.032258064516129,4.954196310386875,0.1598127842060282,,,,,,,,,,,
mocked,2,1.9792965580032857e-05,15.62465268685824,6,VB,VBN,mock,0,2,4.954196310386875,8.25782295096633e-05,9.90839262077375,0.032258064516129,4.954196310386875,0.1598127842060282,,,,,,,,,,,
punished,2,1.9792965580032857e-05,15.62465268685824,8,VB,VBN,punish,0,2,4.954196310386875,0.000118585751534,9.90839262077375,0.032258064516129,4.954196310386875,0.1598127842060282,1.0,1.0,1.0,1.0,0.0,1.0,0.0,1.0,0.0,0.0,-1.0
bestow,2,1.9792965580032857e-05,15.62465268685824,6,VB,VB,bestow,0,2,4.954196310386875,7.564284217940997e-05,9.90839262077375,0.032258064516129,4.954196310386875,0.1598127842060282,,,,,,,,,,,
beware,2,1.9792965580032857e-05,15.62465268685824,6,NN,NN,bewar,0,2,4.954196310386875,5.960271049116031e-05,9.90839262077375,0.032258064516129,4.954196310386875,0.1598127842060282,0.0,1.0,0.0,1.0,0.0,1.0,0.0,0.0,0.0,0.0,-1.0
joyful,2,1.9792965580032857e-05,15.62465268685824,6,JJ,JJ,joy,0,2,4.954196310386875,7.564284217940997e-05,9.90839262077375,0.032258064516129,4.954196310386875,0.1598127842060282,0.0,0.0,0.0,0.0,1.0,0.0,1.0,0.0,0.0,1.0,1.0
view,2,1.9792965580032857e-05,15.62465268685824,4,NN,NN,view,0,2,4.954196310386875,8.56206540026827e-05,9.90839262077375,0.032258064516129,4.954196310386875,0.1598127842060282,,,,,,,,,,,
judged,2,1.9792965580032857e-05,15.62465268685824,6,VB,VBN,judg,0,2,4.954196310386875,6.697657189078877e-05,9.90839262077375,0.032258064516129,4.954196310386875,0.1598127842060282,,,,,,,,,,,
temptation,2,1.9792965580032857e-05,15.62465268685824,10,NN,NN,temptat,0,2,4.954196310386875,6.446599913859854e-05,9.90839262077375,0.032258064516129,4.954196310386875,0.1598127842060282,,,,,,,,,,,
tidings,2,1.9792965580032857e-05,15.62465268685824,7,NN,NNS,tide,0,2,4.954196310386875,7.564284217940997e-05,9.90839262077375,0.032258064516129,4.954196310386875,0.1598127842060282,,,,,,,,,,,
feasting,2,1.9792965580032857e-05,15.62465268685824,8,NN,NN,feast,0,2,4.954196310386875,6.986336351300749e-05,9.90839262077375,0.032258064516129,4.954196310386875,0.1598127842060282,,,,,,,,,,,
rustling,2,1.9792965580032857e-05,15.62465268685824,8,NN,NN,rustl,0,2,4.954196310386875,8.098581961251974e-05,9.90839262077375,0.032258064516129,4.954196310386875,0.1598127842060282,,,,,,,,,,,
abide,2,1.9792965580032857e-05,15.62465268685824,5,VB,VB,abid,0,2,4.954196310386875,9.468909738245906e-05,9.90839262077375,0.032258064516129,4.954196310386875,0.1598127842060282,,,,,,,,,,,
gazing,2,1.9792965580032857e-05,15.62465268685824,6,VB,VBG,gaze,0,2,4.954196310386875,9.240963805254782e-05,9.90839262077375,0.032258064516129,4.954196310386875,0.1598127842060282,,,,,,,,,,,
mistaken,2,1.9792965580032857e-05,15.62465268685824,8,VB,VBN,mistaken,0,2,4.954196310386875,0.0001411423586927,9.90839262077375,0.032258064516129,4.954196310386875,0.1598127842060282,0.0,0.0,0.0,1.0,0.0,1.0,0.0,0.0,0.0,0.0,-1.0
curious,2,1.9792965580032857e-05,15.62465268685824,7,JJ,JJ,curiou,0,2,4.954196310386875,8.873542137965503e-05,9.90839262077375,0.032258064516129,4.954196310386875,0.1598127842060282,,,,,,,,,,,
intent,2,1.9792965580032857e-05,15.62465268685824,6,NN,NN,intent,0,2,4.954196310386875,7.133029668135343e-05,9.90839262077375,0.032258064516129,4.954196310386875,0.1598127842060282,,,,,,,,,,,
hi,2,1.9792965580032857e-05,15.62465268685824,2,NN,NNP,hi,0,2,4.954196310386875,7.41644230033192e-05,9.90839262077375,0.032258064516129,4.954196310386875,0.1598127842060282,,,,,,,,,,,
washingbowl,2,1.9792965580032857e-05,15.62465268685824,11,JJ,JJ,washingbowl,0,1,5.954196310386875,0.0001742929661725,5.954196310386875,0.0161290322580645,5.954196310386875,0.0960354243610786,,,,,,,,,,,
eagerly,2,1.9792965580032857e-05,15.62465268685824,7,RB,RB,eagerli,0,2,4.954196310386875,5.40323039562157e-05,9.90839262077375,0.032258064516129,4.954196310386875,0.1598127842060282,,,,,,,,,,,
firm,2,1.9792965580032857e-05,15.62465268685824,4,JJ,JJ,firm,0,2,4.954196310386875,0.0001004855652664,9.90839262077375,0.032258064516129,4.954196310386875,0.1598127842060282,,,,,,,,,,,
heavily,2,1.9792965580032857e-05,15.62465268685824,7,RB,RB,heavili,0,2,4.954196310386875,5.889559260365393e-05,9.90839262077375,0.032258064516129,4.954196310386875,0.1598127842060282,,,,,,,,,,,
nails,2,1.9792965580032857e-05,15.62465268685824,5,NN,NNS,nail,0,2,4.954196310386875,5.654115300930094e-05,9.90839262077375,0.032258064516129,4.954196310386875,0.1598127842060282,,,,,,,,,,,
goosegirl,2,1.9792965580032857e-05,15.62465268685824,9,JJ,JJ,goosegirl,0,1,5.954196310386875,8.540277844471198e-05,5.954196310386875,0.0161290322580645,5.954196310386875,0.0960354243610786,,,,,,,,,,,
hangs,2,1.9792965580032857e-05,15.62465268685824,5,NN,NNS,hang,0,2,4.954196310386875,7.171923221978165e-05,9.90839262077375,0.032258064516129,4.954196310386875,0.1598127842060282,,,,,,,,,,,
cries,2,1.9792965580032857e-05,15.62465268685824,5,NN,NNS,cri,0,2,4.954196310386875,8.970356819727777e-05,9.90839262077375,0.032258064516129,4.954196310386875,0.1598127842060282,,,,,,,,,,,
sulky,2,1.9792965580032857e-05,15.62465268685824,5,JJ,JJ,sulki,0,2,4.954196310386875,6.697657189078877e-05,9.90839262077375,0.032258064516129,4.954196310386875,0.1598127842060282,,,,,,,,,,,
excuses,2,1.9792965580032857e-05,15.62465268685824,7,NN,NNS,excus,0,2,4.954196310386875,9.985787747916728e-05,9.90839262077375,0.032258064516129,4.954196310386875,0.1598127842060282,,,,,,,,,,,
combing,2,1.9792965580032857e-05,15.62465268685824,7,NN,NN,comb,0,1,5.954196310386875,8.540277844471198e-05,5.954196310386875,0.0161290322580645,5.954196310386875,0.0960354243610786,,,,,,,,,,,
haughtily,2,1.9792965580032857e-05,15.62465268685824,9,RB,RB,haughtili,0,2,4.954196310386875,6.368562468575538e-05,9.90839262077375,0.032258064516129,4.954196310386875,0.1598127842060282,,,,,,,,,,,
behaviour,2,1.9792965580032857e-05,15.62465268685824,9,NN,NN,behaviour,0,2,4.954196310386875,6.368562468575538e-05,9.90839262077375,0.032258064516129,4.954196310386875,0.1598127842060282,,,,,,,,,,,
meek,2,1.9792965580032857e-05,15.62465268685824,4,JJ,JJ,meek,0,1,5.954196310386875,8.540277844471198e-05,5.954196310386875,0.0161290322580645,5.954196310386875,0.0960354243610786,,,,,,,,,,,
bosom,2,1.9792965580032857e-05,15.62465268685824,5,NN,NN,bosom,0,1,5.954196310386875,8.540277844471198e-05,5.954196310386875,0.0161290322580645,5.954196310386875,0.0960354243610786,,,,,,,,,,,
sail,2,1.9792965580032857e-05,15.62465268685824,4,VB,VB,sail,0,1,5.954196310386875,0.0001209514160718,5.954196310386875,0.0161290322580645,5.954196310386875,0.0960354243610786,,,,,,,,,,,
barrels,2,1.9792965580032857e-05,15.62465268685824,7,NN,NNS,barrel,0,1,5.954196310386875,0.0001209514160718,5.954196310386875,0.0161290322580645,5.954196310386875,0.0960354243610786,,,,,,,,,,,
gnat,2,1.9792965580032857e-05,15.62465268685824,4,NN,NN,gnat,0,1,5.954196310386875,0.0002094556692717,5.954196310386875,0.0161290322580645,5.954196310386875,0.0960354243610786,,,,,,,,,,,
forthwith,2,1.9792965580032857e-05,15.62465268685824,9,NN,NN,forthwith,0,2,4.954196310386875,0.0001030969827259,9.90839262077375,0.032258064516129,4.954196310386875,0.1598127842060282,,,,,,,,,,,
occasion,2,1.9792965580032857e-05,15.62465268685824,8,NN,NN,occas,0,2,4.954196310386875,7.505770779926889e-05,9.90839262077375,0.032258064516129,4.954196310386875,0.1598127842060282,,,,,,,,,,,
shower,2,1.9792965580032857e-05,15.62465268685824,6,NN,NN,shower,0,1,5.954196310386875,7.196360012070336e-05,5.954196310386875,0.0161290322580645,5.954196310386875,0.0960354243610786,,,,,,,,,,,
pride,2,1.9792965580032857e-05,15.62465268685824,5,NN,NN,pride,0,1,5.954196310386875,0.0001296899721283,5.954196310386875,0.0161290322580645,5.954196310386875,0.0960354243610786,0.0,0.0,0.0,0.0,1.0,0.0,1.0,0.0,0.0,0.0,1.0
folly,2,1.9792965580032857e-05,15.62465268685824,5,RB,RB,folli,0,1,5.954196310386875,0.0001296899721283,5.954196310386875,0.0161290322580645,5.954196310386875,0.0960354243610786,,,,,,,,,,,
jeered,2,1.9792965580032857e-05,15.62465268685824,6,VB,VBD,jeer,0,2,4.954196310386875,0.0001235592210031,9.90839262077375,0.032258064516129,4.954196310386875,0.1598127842060282,,,,,,,,,,,
humming,2,1.9792965580032857e-05,15.62465268685824,7,NN,NN,hum,0,2,4.954196310386875,0.0001397781796708,9.90839262077375,0.032258064516129,4.954196310386875,0.1598127842060282,,,,,,,,,,,
nodded,2,1.9792965580032857e-05,15.62465268685824,6,VB,VBD,nod,0,2,4.954196310386875,7.978137386767509e-05,9.90839262077375,0.032258064516129,4.954196310386875,0.1598127842060282,,,,,,,,,,,
robes,2,1.9792965580032857e-05,15.62465268685824,5,NN,NNS,robe,0,2,4.954196310386875,0.000103647379748,9.90839262077375,0.032258064516129,4.954196310386875,0.1598127842060282,,,,,,,,,,,
party,2,1.9792965580032857e-05,15.62465268685824,5,NN,NN,parti,0,2,4.954196310386875,0.0001124509765557,9.90839262077375,0.032258064516129,4.954196310386875,0.1598127842060282,,,,,,,,,,,
journeying,2,1.9792965580032857e-05,15.62465268685824,10,VB,VBG,journey,0,2,4.954196310386875,0.0001030969827259,9.90839262077375,0.032258064516129,4.954196310386875,0.1598127842060282,,,,,,,,,,,
summertime,2,1.9792965580032857e-05,15.62465268685824,10,JJ,JJ,summertim,0,2,4.954196310386875,0.0001211127288521,9.90839262077375,0.032258064516129,4.954196310386875,0.1598127842060282,,,,,,,,,,,
dreary,2,1.9792965580032857e-05,15.62465268685824,6,JJ,JJ,dreari,0,2,4.954196310386875,6.62331489611664e-05,9.90839262077375,0.032258064516129,4.954196310386875,0.1598127842060282,0.0,0.0,0.0,0.0,0.0,1.0,0.0,1.0,0.0,0.0,-1.0
fierce,2,1.9792965580032857e-05,15.62465268685824,6,JJ,JJ,fierc,0,2,4.954196310386875,7.016329534333723e-05,9.90839262077375,0.032258064516129,4.954196310386875,0.1598127842060282,1.0,0.0,1.0,1.0,0.0,1.0,0.0,0.0,0.0,0.0,-1.0
roared,2,1.9792965580032857e-05,15.62465268685824,6,VB,VBD,roar,0,2,4.954196310386875,6.746349271403212e-05,9.90839262077375,0.032258064516129,4.954196310386875,0.1598127842060282,,,,,,,,,,,
meets,2,1.9792965580032857e-05,15.62465268685824,5,NN,NNS,meet,0,2,4.954196310386875,6.62331489611664e-05,9.90839262077375,0.032258064516129,4.954196310386875,0.1598127842060282,,,,,,,,,,,
narrow,2,1.9792965580032857e-05,15.62465268685824,6,JJ,JJ,narrow,0,2,4.954196310386875,9.432229929211606e-05,9.90839262077375,0.032258064516129,4.954196310386875,0.1598127842060282,,,,,,,,,,,
dale,2,1.9792965580032857e-05,15.62465268685824,4,NN,NN,dale,0,2,4.954196310386875,0.0001038188648707,9.90839262077375,0.032258064516129,4.954196310386875,0.1598127842060282,,,,,,,,,,,
soothe,2,1.9792965580032857e-05,15.62465268685824,6,VB,VB,sooth,0,2,4.954196310386875,6.62331489611664e-05,9.90839262077375,0.032258064516129,4.954196310386875,0.1598127842060282,,,,,,,,,,,
months,2,1.9792965580032857e-05,15.62465268685824,6,NN,NNS,month,0,2,4.954196310386875,5.9478773912401234e-05,9.90839262077375,0.032258064516129,4.954196310386875,0.1598127842060282,,,,,,,,,,,
tis,2,1.9792965580032857e-05,15.62465268685824,3,NN,NNP,ti,0,2,4.954196310386875,0.0001125612370765,9.90839262077375,0.032258064516129,4.954196310386875,0.1598127842060282,,,,,,,,,,,
ray,2,1.9792965580032857e-05,15.62465268685824,3,NN,NN,ray,0,1,5.954196310386875,8.166277581724373e-05,5.954196310386875,0.0161290322580645,5.954196310386875,0.0960354243610786,,,,,,,,,,,
chambers,2,1.9792965580032857e-05,15.62465268685824,8,NN,NNS,chamber,0,2,4.954196310386875,8.489859977977668e-05,9.90839262077375,0.032258064516129,4.954196310386875,0.1598127842060282,,,,,,,,,,,
unluckily,2,1.9792965580032857e-05,15.62465268685824,9,RB,RB,unluckili,0,2,4.954196310386875,6.678957294366602e-05,9.90839262077375,0.032258064516129,4.954196310386875,0.1598127842060282,,,,,,,,,,,
flow,2,1.9792965580032857e-05,15.62465268685824,4,VB,VB,flow,0,2,4.954196310386875,0.0001126034988111,9.90839262077375,0.032258064516129,4.954196310386875,0.1598127842060282,,,,,,,,,,,
worthy,2,1.9792965580032857e-05,15.62465268685824,6,JJ,JJ,worthi,0,2,4.954196310386875,0.0001179808015496,9.90839262077375,0.032258064516129,4.954196310386875,0.1598127842060282,0.0,0.0,0.0,0.0,0.0,0.0,1.0,0.0,0.0,1.0,1.0
weighed,2,1.9792965580032857e-05,15.62465268685824,7,VB,VBD,weigh,0,2,4.954196310386875,8.314134236367187e-05,9.90839262077375,0.032258064516129,4.954196310386875,0.1598127842060282,,,,,,,,,,,
re,2,1.9792965580032857e-05,15.62465268685824,2,NN,NNS,re,1,2,4.954196310386875,0.0002461193518732,9.90839262077375,0.032258064516129,4.954196310386875,0.1598127842060282,,,,,,,,,,,
jingling,2,1.9792965580032857e-05,15.62465268685824,8,NN,NN,jingl,0,1,5.954196310386875,0.0001435507090599,5.954196310386875,0.0161290322580645,5.954196310386875,0.0960354243610786,,,,,,,,,,,
plague,2,1.9792965580032857e-05,15.62465268685824,6,NN,NN,plagu,0,2,4.954196310386875,9.288009054807252e-05,9.90839262077375,0.032258064516129,4.954196310386875,0.1598127842060282,0.0,0.0,1.0,1.0,0.0,1.0,0.0,1.0,0.0,0.0,-1.0
lot,2,1.9792965580032857e-05,15.62465268685824,3,NN,NN,lot,0,2,4.954196310386875,0.000212498778609,9.90839262077375,0.032258064516129,4.954196310386875,0.1598127842060282,,,,,,,,,,,
vowed,2,1.9792965580032857e-05,15.62465268685824,5,VB,VBD,vow,0,2,4.954196310386875,8.621369262814922e-05,9.90839262077375,0.032258064516129,4.954196310386875,0.1598127842060282,,,,,,,,,,,
earls,2,1.9792965580032857e-05,15.62465268685824,5,NN,NNS,earl,0,2,4.954196310386875,9.155735788170756e-05,9.90839262077375,0.032258064516129,4.954196310386875,0.1598127842060282,,,,,,,,,,,
counts,2,1.9792965580032857e-05,15.62465268685824,6,NN,NNS,count,0,2,4.954196310386875,8.697352012373203e-05,9.90839262077375,0.032258064516129,4.954196310386875,0.1598127842060282,,,,,,,,,,,
shared,2,1.9792965580032857e-05,15.62465268685824,6,VB,VBD,share,0,2,4.954196310386875,6.966813716116435e-05,9.90839262077375,0.032258064516129,4.954196310386875,0.1598127842060282,,,,,,,,,,,
pigeon,2,1.9792965580032857e-05,15.62465268685824,6,NN,NN,pigeon,0,1,5.954196310386875,6.524145676703711e-05,5.954196310386875,0.0161290322580645,5.954196310386875,0.0960354243610786,,,,,,,,,,,
morsel,2,1.9792965580032857e-05,15.62465268685824,6,NN,NN,morsel,0,2,4.954196310386875,0.0001185681948038,9.90839262077375,0.032258064516129,4.954196310386875,0.1598127842060282,,,,,,,,,,,
jack,2,1.9792965580032857e-05,15.62465268685824,4,NN,NN,jack,0,1,5.954196310386875,0.0001265288858512,5.954196310386875,0.0161290322580645,5.954196310386875,0.0960354243610786,,,,,,,,,,,
pitcher,2,1.9792965580032857e-05,15.62465268685824,7,NN,NN,pitcher,0,2,4.954196310386875,0.0001386796568547,9.90839262077375,0.032258064516129,4.954196310386875,0.1598127842060282,,,,,,,,,,,
briskly,2,1.9792965580032857e-05,15.62465268685824,7,NN,NN,briskli,0,2,4.954196310386875,9.591026055452928e-05,9.90839262077375,0.032258064516129,4.954196310386875,0.1598127842060282,,,,,,,,,,,
blowing,2,1.9792965580032857e-05,15.62465268685824,7,VB,VBG,blow,0,2,4.954196310386875,4.8153526849426314e-05,9.90839262077375,0.032258064516129,4.954196310386875,0.1598127842060282,,,,,,,,,,,
withered,2,1.9792965580032857e-05,15.62465268685824,8,JJ,JJ,wither,0,2,4.954196310386875,5.995788366023582e-05,9.90839262077375,0.032258064516129,4.954196310386875,0.1598127842060282,0.0,0.0,1.0,0.0,0.0,1.0,0.0,0.0,0.0,0.0,-1.0
stoop,2,1.9792965580032857e-05,15.62465268685824,5,VB,VB,stoop,0,2,4.954196310386875,9.525051442013144e-05,9.90839262077375,0.032258064516129,4.954196310386875,0.1598127842060282,,,,,,,,,,,
brushwood,2,1.9792965580032857e-05,15.62465268685824,9,NN,NN,brushwood,0,1,5.954196310386875,6.524145676703711e-05,5.954196310386875,0.0161290322580645,5.954196310386875,0.0960354243610786,,,,,,,,,,,
dearth,2,1.9792965580032857e-05,15.62465268685824,6,NN,NN,dearth,0,1,5.954196310386875,6.524145676703711e-05,5.954196310386875,0.0161290322580645,5.954196310386875,0.0960354243610786,,,,,,,,,,,
lamentations,2,1.9792965580032857e-05,15.62465268685824,12,NN,NNS,lament,0,2,4.954196310386875,0.000113894596532,9.90839262077375,0.032258064516129,4.954196310386875,0.1598127842060282,,,,,,,,,,,
pile,2,1.9792965580032857e-05,15.62465268685824,4,NN,NN,pile,0,2,4.954196310386875,5.940145967773619e-05,9.90839262077375,0.032258064516129,4.954196310386875,0.1598127842060282,,,,,,,,,,,
lamenting,2,1.9792965580032857e-05,15.62465268685824,9,VB,VBG,lament,0,2,4.954196310386875,0.0001092597621418,9.90839262077375,0.032258064516129,4.954196310386875,0.1598127842060282,,,,,,,,,,,
belong,2,1.9792965580032857e-05,15.62465268685824,6,NN,NN,belong,0,1,5.954196310386875,0.0001296899721283,5.954196310386875,0.0161290322580645,5.954196310386875,0.0960354243610786,,,,,,,,,,,
staying,2,1.9792965580032857e-05,15.62465268685824,7,VB,VBG,stay,0,2,4.954196310386875,8.56387436053752e-05,9.90839262077375,0.032258064516129,4.954196310386875,0.1598127842060282,,,,,,,,,,,
prophecy,2,1.9792965580032857e-05,15.62465268685824,8,NN,NN,propheci,0,2,4.954196310386875,9.105579164976842e-05,9.90839262077375,0.032258064516129,4.954196310386875,0.1598127842060282,,,,,,,,,,,
forsake,2,1.9792965580032857e-05,15.62465268685824,7,VB,VB,forsak,0,2,4.954196310386875,5.529799852588076e-05,9.90839262077375,0.032258064516129,4.954196310386875,0.1598127842060282,0.0,0.0,0.0,0.0,0.0,1.0,0.0,1.0,0.0,0.0,-1.0
prettily,2,1.9792965580032857e-05,15.62465268685824,8,RB,RB,prettili,0,2,4.954196310386875,0.0002111836857606,9.90839262077375,0.032258064516129,4.954196310386875,0.1598127842060282,,,,,,,,,,,
needed,2,1.9792965580032857e-05,15.62465268685824,6,VB,VBN,need,0,2,4.954196310386875,0.0001054076736661,9.90839262077375,0.032258064516129,4.954196310386875,0.1598127842060282,,,,,,,,,,,
procure,2,1.9792965580032857e-05,15.62465268685824,7,VB,VB,procur,0,2,4.954196310386875,7.133813021413041e-05,9.90839262077375,0.032258064516129,4.954196310386875,0.1598127842060282,,,,,,,,,,,
pots,2,1.9792965580032857e-05,15.62465268685824,4,NN,NNS,pot,0,2,4.954196310386875,7.779988612180512e-05,9.90839262077375,0.032258064516129,4.954196310386875,0.1598127842060282,,,,,,,,,,,
eats,2,1.9792965580032857e-05,15.62465268685824,4,VB,VBZ,eat,0,2,4.954196310386875,7.201888626415964e-05,9.90839262077375,0.032258064516129,4.954196310386875,0.1598127842060282,,,,,,,,,,,
shinest,2,1.9792965580032857e-05,15.62465268685824,7,JJ,JJS,shinest,0,1,5.954196310386875,8.166277581724373e-05,5.954196310386875,0.0161290322580645,5.954196310386875,0.0960354243610786,,,,,,,,,,,
hearty,2,1.9792965580032857e-05,15.62465268685824,6,NN,NN,hearti,0,1,5.954196310386875,0.0002054233676172,5.954196310386875,0.0161290322580645,5.954196310386875,0.0960354243610786,,,,,,,,,,,
shaking,2,1.9792965580032857e-05,15.62465268685824,7,VB,VBG,shake,0,2,4.954196310386875,8.411252583012503e-05,9.90839262077375,0.032258064516129,4.954196310386875,0.1598127842060282,0.0,0.0,0.0,1.0,0.0,1.0,0.0,0.0,0.0,0.0,-1.0
catches,2,1.9792965580032857e-05,15.62465268685824,7,NN,NNS,catch,0,2,4.954196310386875,0.0001126034988111,9.90839262077375,0.032258064516129,4.954196310386875,0.1598127842060282,,,,,,,,,,,
fitted,2,1.9792965580032857e-05,15.62465268685824,6,VB,VBD,fit,0,2,4.954196310386875,5.674022768318473e-05,9.90839262077375,0.032258064516129,4.954196310386875,0.1598127842060282,,,,,,,,,,,
quench,2,1.9792965580032857e-05,15.62465268685824,6,JJ,JJ,quench,0,2,4.954196310386875,8.392123831399339e-05,9.90839262077375,0.032258064516129,4.954196310386875,0.1598127842060282,,,,,,,,,,,
curtsied,2,1.9792965580032857e-05,15.62465268685824,8,VB,VBD,curtsi,0,2,4.954196310386875,6.827316496882186e-05,9.90839262077375,0.032258064516129,4.954196310386875,0.1598127842060282,,,,,,,,,,,
unkindly,2,1.9792965580032857e-05,15.62465268685824,8,RB,RB,unkindli,0,2,4.954196310386875,5.581512298869143e-05,9.90839262077375,0.032258064516129,4.954196310386875,0.1598127842060282,,,,,,,,,,,
cross,2,1.9792965580032857e-05,15.62465268685824,5,VB,VB,cross,0,2,4.954196310386875,6.074446848206629e-05,9.90839262077375,0.032258064516129,4.954196310386875,0.1598127842060282,1.0,0.0,0.0,1.0,0.0,1.0,0.0,1.0,0.0,0.0,-1.0
heel,2,1.9792965580032857e-05,15.62465268685824,4,NN,NN,heel,0,2,4.954196310386875,5.9019687013095954e-05,9.90839262077375,0.032258064516129,4.954196310386875,0.1598127842060282,,,,,,,,,,,
direction,2,1.9792965580032857e-05,15.62465268685824,9,NN,NN,direct,0,2,4.954196310386875,6.29578709660409e-05,9.90839262077375,0.032258064516129,4.954196310386875,0.1598127842060282,,,,,,,,,,,
cinder,2,1.9792965580032857e-05,15.62465268685824,6,NN,NN,cinder,0,1,5.954196310386875,7.196360012070336e-05,5.954196310386875,0.0161290322580645,5.954196310386875,0.0960354243610786,,,,,,,,,,,
intention,2,1.9792965580032857e-05,15.62465268685824,9,NN,NN,intent,0,2,4.954196310386875,0.0001311482842171,9.90839262077375,0.032258064516129,4.954196310386875,0.1598127842060282,,,,,,,,,,,
leisure,2,1.9792965580032857e-05,15.62465268685824,7,NN,NN,leisur,0,2,4.954196310386875,0.0001950294063528,9.90839262077375,0.032258064516129,4.954196310386875,0.1598127842060282,0.0,1.0,0.0,0.0,1.0,0.0,1.0,0.0,1.0,1.0,1.0
careful,2,1.9792965580032857e-05,15.62465268685824,7,JJ,JJ,care,0,2,4.954196310386875,8.389305050876953e-05,9.90839262077375,0.032258064516129,4.954196310386875,0.1598127842060282,,,,,,,,,,,
gasping,2,1.9792965580032857e-05,15.62465268685824,7,VB,VBG,gasp,0,2,4.954196310386875,0.0001021782477492,9.90839262077375,0.032258064516129,4.954196310386875,0.1598127842060282,0.0,0.0,0.0,1.0,0.0,1.0,0.0,0.0,0.0,0.0,-1.0
thoroughly,2,1.9792965580032857e-05,15.62465268685824,10,RB,RB,thoroughli,0,2,4.954196310386875,0.0001143171506259,9.90839262077375,0.032258064516129,4.954196310386875,0.1598127842060282,,,,,,,,,,,
sharpening,2,1.9792965580032857e-05,15.62465268685824,10,NN,NN,sharpen,0,1,5.954196310386875,0.0002054233676172,5.954196310386875,0.0161290322580645,5.954196310386875,0.0960354243610786,,,,,,,,,,,
toe,2,1.9792965580032857e-05,15.62465268685824,3,NN,NN,toe,0,1,5.954196310386875,7.418727258484251e-05,5.954196310386875,0.0161290322580645,5.954196310386875,0.0960354243610786,,,,,,,,,,,
courage,2,1.9792965580032857e-05,15.62465268685824,7,NN,NN,courag,0,2,4.954196310386875,6.29578709660409e-05,9.90839262077375,0.032258064516129,4.954196310386875,0.1598127842060282,,,,,,,,,,,
haycart,2,1.9792965580032857e-05,15.62465268685824,7,JJ,JJ,haycart,0,1,5.954196310386875,0.0002119987292739,5.954196310386875,0.0161290322580645,5.954196310386875,0.0960354243610786,,,,,,,,,,,
bidding,2,1.9792965580032857e-05,15.62465268685824,7,NN,NN,bid,0,2,4.954196310386875,7.688722717554748e-05,9.90839262077375,0.032258064516129,4.954196310386875,0.1598127842060282,,,,,,,,,,,
snowflakes,2,1.9792965580032857e-05,15.62465268685824,10,NN,NNS,snowflak,0,2,4.954196310386875,6.275446745295772e-05,9.90839262077375,0.032258064516129,4.954196310386875,0.1598127842060282,,,,,,,,,,,
boiled,2,1.9792965580032857e-05,15.62465268685824,6,VB,VBD,boil,0,1,5.954196310386875,7.196360012070336e-05,5.954196310386875,0.0161290322580645,5.954196310386875,0.0960354243610786,,,,,,,,,,,
nosegay,2,1.9792965580032857e-05,15.62465268685824,7,NN,NN,nosegay,0,2,4.954196310386875,6.354105227478818e-05,9.90839262077375,0.032258064516129,4.954196310386875,0.1598127842060282,,,,,,,,,,,
longing,2,1.9792965580032857e-05,15.62465268685824,7,NN,NN,long,0,2,4.954196310386875,8.648957972933546e-05,9.90839262077375,0.032258064516129,4.954196310386875,0.1598127842060282,0.0,1.0,0.0,0.0,0.0,0.0,0.0,1.0,0.0,0.0,0.0
homesick,2,1.9792965580032857e-05,15.62465268685824,8,JJ,JJ,homesick,0,1,5.954196310386875,7.196360012070336e-05,5.954196310386875,0.0161290322580645,5.954196310386875,0.0960354243610786,0.0,0.0,0.0,0.0,0.0,1.0,0.0,1.0,0.0,0.0,-1.0
milking,2,1.9792965580032857e-05,15.62465268685824,7,NN,NN,milk,0,2,4.954196310386875,6.504918044734586e-05,9.90839262077375,0.032258064516129,4.954196310386875,0.1598127842060282,,,,,,,,,,,
foretold,2,1.9792965580032857e-05,15.62465268685824,8,VB,VBN,foretold,0,2,4.954196310386875,0.0001457702501119,9.90839262077375,0.032258064516129,4.954196310386875,0.1598127842060282,,,,,,,,,,,
bargains,2,1.9792965580032857e-05,15.62465268685824,8,NN,NNS,bargain,0,1,5.954196310386875,8.076991115313593e-05,5.954196310386875,0.0161290322580645,5.954196310386875,0.0960354243610786,,,,,,,,,,,
refresh,2,1.9792965580032857e-05,15.62465268685824,7,VB,VB,refresh,0,2,4.954196310386875,6.979184077633872e-05,9.90839262077375,0.032258064516129,4.954196310386875,0.1598127842060282,,,,,,,,,,,
smelt,2,1.9792965580032857e-05,15.62465268685824,5,VB,VBD,smelt,0,2,4.954196310386875,0.0001184805522188,9.90839262077375,0.032258064516129,4.954196310386875,0.1598127842060282,,,,,,,,,,,
casket,2,1.9792965580032857e-05,15.62465268685824,6,NN,NN,casket,0,1,5.954196310386875,8.166277581724373e-05,5.954196310386875,0.0161290322580645,5.954196310386875,0.0960354243610786,0.0,0.0,0.0,1.0,0.0,1.0,0.0,1.0,0.0,0.0,-1.0
chat,2,1.9792965580032857e-05,15.62465268685824,4,NN,NNS,chat,0,2,4.954196310386875,6.504918044734586e-05,9.90839262077375,0.032258064516129,4.954196310386875,0.1598127842060282,,,,,,,,,,,
enjoyed,2,1.9792965580032857e-05,15.62465268685824,7,VB,VBD,enjoy,0,2,4.954196310386875,0.0001126034988111,9.90839262077375,0.032258064516129,4.954196310386875,0.1598127842060282,,,,,,,,,,,
leaf,2,1.9792965580032857e-05,15.62465268685824,4,NN,NN,leaf,0,2,4.954196310386875,0.0001211127288521,9.90839262077375,0.032258064516129,4.954196310386875,0.1598127842060282,,,,,,,,,,,
south,2,1.9792965580032857e-05,15.62465268685824,5,JJ,JJ,south,0,2,4.954196310386875,7.157681421472472e-05,9.90839262077375,0.032258064516129,4.954196310386875,0.1598127842060282,,,,,,,,,,,
somewhere,2,1.9792965580032857e-05,15.62465268685824,9,RB,RB,somewher,0,2,4.954196310386875,0.0001271444242356,9.90839262077375,0.032258064516129,4.954196310386875,0.1598127842060282,,,,,,,,,,,
fled,2,1.9792965580032857e-05,15.62465268685824,4,VB,VBD,fled,0,2,4.954196310386875,5.781934245482228e-05,9.90839262077375,0.032258064516129,4.954196310386875,0.1598127842060282,,,,,,,,,,,
separate,2,1.9792965580032857e-05,15.62465268685824,8,VB,VB,separ,0,2,4.954196310386875,6.69929764567492e-05,9.90839262077375,0.032258064516129,4.954196310386875,0.1598127842060282,,,,,,,,,,,
eleventh,2,1.9792965580032857e-05,15.62465268685824,8,NN,NN,eleventh,0,1,5.954196310386875,8.166277581724373e-05,5.954196310386875,0.0161290322580645,5.954196310386875,0.0960354243610786,,,,,,,,,,,
nuttree,2,1.9792965580032857e-05,15.62465268685824,7,JJ,JJ,nuttre,0,1,5.954196310386875,8.166277581724373e-05,5.954196310386875,0.0161290322580645,5.954196310386875,0.0960354243610786,,,,,,,,,,,
blessing,2,1.9792965580032857e-05,15.62465268685824,8,NN,NN,bless,0,2,4.954196310386875,0.0001217624335445,9.90839262077375,0.032258064516129,4.954196310386875,0.1598127842060282,0.0,1.0,0.0,0.0,1.0,0.0,1.0,0.0,0.0,1.0,1.0
hush,2,1.9792965580032857e-05,15.62465268685824,4,NN,NN,hush,0,1,5.954196310386875,0.0002054233676172,5.954196310386875,0.0161290322580645,5.954196310386875,0.0960354243610786,,,,,,,,,,,
rod,2,1.9792965580032857e-05,15.62465268685824,3,NN,NN,rod,0,2,4.954196310386875,7.157681421472472e-05,9.90839262077375,0.032258064516129,4.954196310386875,0.1598127842060282,0.0,0.0,0.0,1.0,0.0,0.0,1.0,0.0,0.0,1.0,1.0
smote,2,1.9792965580032857e-05,15.62465268685824,5,VB,VB,smote,0,2,4.954196310386875,5.781934245482228e-05,9.90839262077375,0.032258064516129,4.954196310386875,0.1598127842060282,,,,,,,,,,,
neighbours,2,1.9792965580032857e-05,15.62465268685824,10,NN,NNS,neighbour,0,2,4.954196310386875,8.624160858410678e-05,9.90839262077375,0.032258064516129,4.954196310386875,0.1598127842060282,,,,,,,,,,,
flask,2,1.9792965580032857e-05,15.62465268685824,5,NN,NN,flask,0,2,4.954196310386875,6.662152188975069e-05,9.90839262077375,0.032258064516129,4.954196310386875,0.1598127842060282,,,,,,,,,,,
cease,2,1.9792965580032857e-05,15.62465268685824,5,VB,VB,ceas,0,2,4.954196310386875,0.0001217624335445,9.90839262077375,0.032258064516129,4.954196310386875,0.1598127842060282,,,,,,,,,,,
wheelbarrow,2,1.9792965580032857e-05,15.62465268685824,11,NN,NN,wheelbarrow,0,1,5.954196310386875,8.076991115313593e-05,5.954196310386875,0.0161290322580645,5.954196310386875,0.0960354243610786,,,,,,,,,,,
troublesome,2,1.9792965580032857e-05,15.62465268685824,11,JJ,JJ,troublesom,0,2,4.954196310386875,6.662152188975069e-05,9.90839262077375,0.032258064516129,4.954196310386875,0.1598127842060282,1.0,0.0,0.0,1.0,0.0,1.0,0.0,0.0,0.0,0.0,-1.0
courteously,2,1.9792965580032857e-05,15.62465268685824,11,RB,RB,courteous,0,2,4.954196310386875,0.0001194351880946,9.90839262077375,0.032258064516129,4.954196310386875,0.1598127842060282,,,,,,,,,,,
hen,2,1.9792965580032857e-05,15.62465268685824,3,NN,NN,hen,0,2,4.954196310386875,7.816981949756061e-05,9.90839262077375,0.032258064516129,4.954196310386875,0.1598127842060282,,,,,,,,,,,
clumsily,2,1.9792965580032857e-05,15.62465268685824,8,RB,RB,clumsili,0,2,4.954196310386875,7.612837187759605e-05,9.90839262077375,0.032258064516129,4.954196310386875,0.1598127842060282,,,,,,,,,,,
brood,2,1.9792965580032857e-05,15.62465268685824,5,NN,NN,brood,0,1,5.954196310386875,8.166277581724373e-05,5.954196310386875,0.0161290322580645,5.954196310386875,0.0960354243610786,,,,,,,,,,,
dukes,2,1.9792965580032857e-05,15.62465268685824,5,NN,NNS,duke,0,2,4.954196310386875,9.155735788170756e-05,9.90839262077375,0.032258064516129,4.954196310386875,0.1598127842060282,,,,,,,,,,,
tasting,2,1.9792965580032857e-05,15.62465268685824,7,VB,VBG,tast,0,2,4.954196310386875,0.0001021782477492,9.90839262077375,0.032258064516129,4.954196310386875,0.1598127842060282,,,,,,,,,,,
row,2,1.9792965580032857e-05,15.62465268685824,3,NN,NN,row,0,2,4.954196310386875,9.155735788170756e-05,9.90839262077375,0.032258064516129,4.954196310386875,0.1598127842060282,1.0,0.0,0.0,0.0,0.0,1.0,0.0,0.0,0.0,0.0,-1.0
family,2,1.9792965580032857e-05,15.62465268685824,6,NN,NN,famili,0,2,4.954196310386875,0.0001110619413892,9.90839262077375,0.032258064516129,4.954196310386875,0.1598127842060282,,,,,,,,,,,
keeps,2,1.9792965580032857e-05,15.62465268685824,5,VB,VBZ,keep,0,2,4.954196310386875,0.0001195397753786,9.90839262077375,0.032258064516129,4.954196310386875,0.1598127842060282,,,,,,,,,,,
naked,2,1.9792965580032857e-05,15.62465268685824,5,JJ,JJ,nake,0,2,4.954196310386875,0.0001319957232362,9.90839262077375,0.032258064516129,4.954196310386875,0.1598127842060282,,,,,,,,,,,
pursue,2,1.9792965580032857e-05,15.62465268685824,6,VB,VB,pursu,0,1,5.954196310386875,5.946465904710751e-05,5.954196310386875,0.0161290322580645,5.954196310386875,0.0960354243610786,,,,,,,,,,,
betook,2,1.9792965580032857e-05,15.62465268685824,6,VB,VBD,betook,0,2,4.954196310386875,4.858435737309929e-05,9.90839262077375,0.032258064516129,4.954196310386875,0.1598127842060282,,,,,,,,,,,
consent,2,1.9792965580032857e-05,15.62465268685824,7,NN,NN,consent,0,2,4.954196310386875,5.6998163879443394e-05,9.90839262077375,0.032258064516129,4.954196310386875,0.1598127842060282,,,,,,,,,,,
situation,2,1.9792965580032857e-05,15.62465268685824,9,NN,NN,situat,0,2,4.954196310386875,0.0001380812212306,9.90839262077375,0.032258064516129,4.954196310386875,0.1598127842060282,,,,,,,,,,,
lasted,2,1.9792965580032857e-05,15.62465268685824,6,VB,VBD,last,0,2,4.954196310386875,7.869317091775482e-05,9.90839262077375,0.032258064516129,4.954196310386875,0.1598127842060282,,,,,,,,,,,
brooch,2,1.9792965580032857e-05,15.62465268685824,6,NN,NN,brooch,0,1,5.954196310386875,8.992080932685265e-05,5.954196310386875,0.0161290322580645,5.954196310386875,0.0960354243610786,,,,,,,,,,,
packed,2,1.9792965580032857e-05,15.62465268685824,6,VB,VBD,pack,0,2,4.954196310386875,7.293910264148131e-05,9.90839262077375,0.032258064516129,4.954196310386875,0.1598127842060282,,,,,,,,,,,
solitude,2,1.9792965580032857e-05,15.62465268685824,8,NN,NN,solitud,0,2,4.954196310386875,8.128970013832075e-05,9.90839262077375,0.032258064516129,4.954196310386875,0.1598127842060282,,,,,,,,,,,
nutshell,2,1.9792965580032857e-05,15.62465268685824,8,NN,NN,nutshel,0,1,5.954196310386875,8.992080932685265e-05,5.954196310386875,0.0161290322580645,5.954196310386875,0.0960354243610786,,,,,,,,,,,
roe,2,1.9792965580032857e-05,15.62465268685824,3,NN,NN,roe,0,2,4.954196310386875,5.755458786194302e-05,9.90839262077375,0.032258064516129,4.954196310386875,0.1598127842060282,,,,,,,,,,,
trinkets,2,1.9792965580032857e-05,15.62465268685824,8,NN,NNS,trinket,0,2,4.954196310386875,7.293910264148131e-05,9.90839262077375,0.032258064516129,4.954196310386875,0.1598127842060282,,,,,,,,,,,
midday,2,1.9792965580032857e-05,15.62465268685824,6,JJ,JJ,midday,0,2,4.954196310386875,6.455147648160668e-05,9.90839262077375,0.032258064516129,4.954196310386875,0.1598127842060282,,,,,,,,,,,
herbs,2,1.9792965580032857e-05,15.62465268685824,5,NN,NN,herb,0,2,4.954196310386875,9.396023865258564e-05,9.90839262077375,0.032258064516129,4.954196310386875,0.1598127842060282,,,,,,,,,,,
familiar,2,1.9792965580032857e-05,15.62465268685824,8,JJ,JJ,familiar,0,2,4.954196310386875,8.369299593661355e-05,9.90839262077375,0.032258064516129,4.954196310386875,0.1598127842060282,0.0,0.0,0.0,0.0,0.0,0.0,1.0,0.0,0.0,1.0,1.0
wither,2,1.9792965580032857e-05,15.62465268685824,6,NN,NN,wither,0,2,4.954196310386875,7.359884877587911e-05,9.90839262077375,0.032258064516129,4.954196310386875,0.1598127842060282,0.0,0.0,0.0,0.0,0.0,1.0,0.0,1.0,0.0,0.0,-1.0
footplank,2,1.9792965580032857e-05,15.62465268685824,9,JJ,JJ,footplank,0,2,4.954196310386875,0.0001856865456586,9.90839262077375,0.032258064516129,4.954196310386875,0.1598127842060282,,,,,,,,,,,
queer,2,1.9792965580032857e-05,15.62465268685824,5,NN,NN,queer,0,2,4.954196310386875,5.618564993262135e-05,9.90839262077375,0.032258064516129,4.954196310386875,0.1598127842060282,,,,,,,,,,,
festival,2,1.9792965580032857e-05,15.62465268685824,8,NN,NN,festiv,0,1,5.954196310386875,5.946465904710751e-05,5.954196310386875,0.0161290322580645,5.954196310386875,0.0960354243610786,0.0,1.0,0.0,0.0,1.0,0.0,1.0,0.0,1.0,0.0,1.0
shown,2,1.9792965580032857e-05,15.62465268685824,5,VB,VBN,shown,0,2,4.954196310386875,9.386199764422528e-05,9.90839262077375,0.032258064516129,4.954196310386875,0.1598127842060282,,,,,,,,,,,
pinafore,2,1.9792965580032857e-05,15.62465268685824,8,NN,NN,pinafor,0,1,5.954196310386875,6.524145676703711e-05,5.954196310386875,0.0161290322580645,5.954196310386875,0.0960354243610786,,,,,,,,,,,
pockets,2,1.9792965580032857e-05,15.62465268685824,7,NN,NNS,pocket,0,2,4.954196310386875,8.131594203740314e-05,9.90839262077375,0.032258064516129,4.954196310386875,0.1598127842060282,,,,,,,,,,,
licked,2,1.9792965580032857e-05,15.62465268685824,6,VB,VBD,lick,0,1,5.954196310386875,0.0001949957855047,5.954196310386875,0.0161290322580645,5.954196310386875,0.0960354243610786,,,,,,,,,,,
christened,2,1.9792965580032857e-05,15.62465268685824,10,VB,VBD,christen,0,2,4.954196310386875,0.000160082126191,9.90839262077375,0.032258064516129,4.954196310386875,0.1598127842060282,,,,,,,,,,,
equipped,2,1.9792965580032857e-05,15.62465268685824,8,VB,VBD,equip,0,1,5.954196310386875,5.946465904710751e-05,5.954196310386875,0.0161290322580645,5.954196310386875,0.0960354243610786,,,,,,,,,,,
chests,2,1.9792965580032857e-05,15.62465268685824,6,NN,NNS,chest,0,2,4.954196310386875,4.8153526849426314e-05,9.90839262077375,0.032258064516129,4.954196310386875,0.1598127842060282,,,,,,,,,,,
curled,2,1.9792965580032857e-05,15.62465268685824,6,VB,VBD,curl,0,2,4.954196310386875,0.0001173127298908,9.90839262077375,0.032258064516129,4.954196310386875,0.1598127842060282,,,,,,,,,,,
cleaned,2,1.9792965580032857e-05,15.62465268685824,7,VB,VBD,clean,0,2,4.954196310386875,0.0001350775905469,9.90839262077375,0.032258064516129,4.954196310386875,0.1598127842060282,,,,,,,,,,,
gilded,2,1.9792965580032857e-05,15.62465268685824,6,JJ,JJ,gild,0,1,5.954196310386875,5.946465904710751e-05,5.954196310386875,0.0161290322580645,5.954196310386875,0.0960354243610786,,,,,,,,,,,
onwards,2,1.9792965580032857e-05,15.62465268685824,7,NN,NNS,onward,0,2,4.954196310386875,4.858435737309929e-05,9.90839262077375,0.032258064516129,4.954196310386875,0.1598127842060282,,,,,,,,,,,
cinders,2,1.9792965580032857e-05,15.62465268685824,7,NN,NNS,cinder,0,2,4.954196310386875,7.505770779926889e-05,9.90839262077375,0.032258064516129,4.954196310386875,0.1598127842060282,,,,,,,,,,,
notice,2,1.9792965580032857e-05,15.62465268685824,6,NN,NN,notic,0,2,4.954196310386875,5.618564993262135e-05,9.90839262077375,0.032258064516129,4.954196310386875,0.1598127842060282,,,,,,,,,,,
violently,2,1.9792965580032857e-05,15.62465268685824,9,RB,RB,violent,0,1,5.954196310386875,5.946465904710751e-05,5.954196310386875,0.0161290322580645,5.954196310386875,0.0960354243610786,1.0,0.0,1.0,1.0,0.0,1.0,0.0,1.0,0.0,0.0,-1.0
plant,2,1.9792965580032857e-05,15.62465268685824,5,NN,NN,plant,0,2,4.954196310386875,9.386199764422528e-05,9.90839262077375,0.032258064516129,4.954196310386875,0.1598127842060282,,,,,,,,,,,
polluted,2,1.9792965580032857e-05,15.62465268685824,8,VB,VBN,pollut,0,1,5.954196310386875,5.946465904710751e-05,5.954196310386875,0.0161290322580645,5.954196310386875,0.0960354243610786,,,,,,,,,,,
flashed,2,1.9792965580032857e-05,15.62465268685824,7,VB,VBD,flash,0,1,5.954196310386875,5.946465904710751e-05,5.954196310386875,0.0161290322580645,5.954196310386875,0.0960354243610786,,,,,,,,,,,
fieldflowers,2,1.9792965580032857e-05,15.62465268685824,12,NN,NNS,fieldflow,0,1,5.954196310386875,5.946465904710751e-05,5.954196310386875,0.0161290322580645,5.954196310386875,0.0960354243610786,,,,,,,,,,,
prettiest,2,1.9792965580032857e-05,15.62465268685824,9,JJ,JJ,prettiest,0,2,4.954196310386875,5.871262725077198e-05,9.90839262077375,0.032258064516129,4.954196310386875,0.1598127842060282,,,,,,,,,,,
seemly,2,1.9792965580032857e-05,15.62465268685824,6,NN,NN,seemli,0,2,4.954196310386875,7.505770779926889e-05,9.90839262077375,0.032258064516129,4.954196310386875,0.1598127842060282,,,,,,,,,,,
restrained,2,1.9792965580032857e-05,15.62465268685824,10,VB,VBN,restrain,0,2,4.954196310386875,9.934796403785232e-05,9.90839262077375,0.032258064516129,4.954196310386875,0.1598127842060282,,,,,,,,,,,
ducats,2,1.9792965580032857e-05,15.62465268685824,6,NN,NNS,ducat,0,1,5.954196310386875,5.946465904710751e-05,5.954196310386875,0.0161290322580645,5.954196310386875,0.0960354243610786,,,,,,,,,,,
shocked,2,1.9792965580032857e-05,15.62465268685824,7,VB,VBN,shock,0,1,5.954196310386875,8.992080932685265e-05,5.954196310386875,0.0161290322580645,5.954196310386875,0.0960354243610786,,,,,,,,,,,
observed,2,1.9792965580032857e-05,15.62465268685824,8,VB,VBD,observ,0,2,4.954196310386875,4.858435737309929e-05,9.90839262077375,0.032258064516129,4.954196310386875,0.1598127842060282,,,,,,,,,,,
cared,2,1.9792965580032857e-05,15.62465268685824,5,VB,VBD,care,0,2,4.954196310386875,5.289470272758795e-05,9.90839262077375,0.032258064516129,4.954196310386875,0.1598127842060282,,,,,,,,,,,
forbid,2,1.9792965580032857e-05,15.62465268685824,6,VB,VBD,forbid,0,2,4.954196310386875,9.59059863213473e-05,9.90839262077375,0.032258064516129,4.954196310386875,0.1598127842060282,0.0,0.0,0.0,0.0,0.0,1.0,0.0,1.0,0.0,0.0,-1.0
opposition,2,1.9792965580032857e-05,15.62465268685824,10,NN,NN,opposit,0,2,4.954196310386875,7.042572337326899e-05,9.90839262077375,0.032258064516129,4.954196310386875,0.1598127842060282,1.0,0.0,0.0,0.0,0.0,1.0,0.0,0.0,0.0,0.0,-1.0
difficulty,2,1.9792965580032857e-05,15.62465268685824,10,NN,NN,difficulti,0,1,5.954196310386875,5.946465904710751e-05,5.954196310386875,0.0161290322580645,5.954196310386875,0.0960354243610786,1.0,0.0,0.0,1.0,0.0,1.0,0.0,1.0,0.0,0.0,-1.0
wars,2,1.9792965580032857e-05,15.62465268685824,4,NN,NNS,war,0,1,5.954196310386875,5.946465904710751e-05,5.954196310386875,0.0161290322580645,5.954196310386875,0.0960354243610786,,,,,,,,,,,
outskirts,2,1.9792965580032857e-05,15.62465268685824,9,NN,NNS,outskirt,0,2,4.954196310386875,4.858435737309929e-05,9.90839262077375,0.032258064516129,4.954196310386875,0.1598127842060282,,,,,,,,,,,
forbidden,2,1.9792965580032857e-05,15.62465268685824,9,VB,VBN,forbidden,0,2,4.954196310386875,5.467752176006369e-05,9.90839262077375,0.032258064516129,4.954196310386875,0.1598127842060282,,,,,,,,,,,
stableboy,2,1.9792965580032857e-05,15.62465268685824,9,JJ,JJ,stableboy,0,1,5.954196310386875,5.946465904710751e-05,5.954196310386875,0.0161290322580645,5.954196310386875,0.0960354243610786,,,,,,,,,,,
amazed,2,1.9792965580032857e-05,15.62465268685824,6,VB,VBN,amaz,0,2,4.954196310386875,7.427781184894737e-05,9.90839262077375,0.032258064516129,4.954196310386875,0.1598127842060282,,,,,,,,,,,
wound,2,1.9792965580032857e-05,15.62465268685824,5,NN,NN,wound,0,2,4.954196310386875,8.128970013832075e-05,9.90839262077375,0.032258064516129,4.954196310386875,0.1598127842060282,1.0,0.0,0.0,1.0,0.0,1.0,0.0,1.0,0.0,0.0,-1.0
sport,2,1.9792965580032857e-05,15.62465268685824,5,NN,NN,sport,0,1,5.954196310386875,0.0001296899721283,5.954196310386875,0.0161290322580645,5.954196310386875,0.0960354243610786,,,,,,,,,,,
sorrowed,2,1.9792965580032857e-05,15.62465268685824,8,VB,VBD,sorrow,0,2,4.954196310386875,9.609293558469364e-05,9.90839262077375,0.032258064516129,4.954196310386875,0.1598127842060282,,,,,,,,,,,
reality,2,1.9792965580032857e-05,15.62465268685824,7,NN,NN,realiti,0,2,4.954196310386875,0.0001142810395687,9.90839262077375,0.032258064516129,4.954196310386875,0.1598127842060282,,,,,,,,,,,
slip,2,1.9792965580032857e-05,15.62465268685824,4,VB,VB,slip,0,2,4.954196310386875,6.734806027432857e-05,9.90839262077375,0.032258064516129,4.954196310386875,0.1598127842060282,0.0,0.0,0.0,0.0,0.0,1.0,0.0,0.0,1.0,0.0,-1.0
supported,2,1.9792965580032857e-05,15.62465268685824,9,VB,VBD,support,0,2,4.954196310386875,7.133813021413041e-05,9.90839262077375,0.032258064516129,4.954196310386875,0.1598127842060282,,,,,,,,,,,
barked,2,1.9792965580032857e-05,15.62465268685824,6,VB,VBD,bark,0,2,4.954196310386875,0.0001111358837074,9.90839262077375,0.032258064516129,4.954196310386875,0.1598127842060282,,,,,,,,,,,
willow,2,1.9792965580032857e-05,15.62465268685824,6,NN,NN,willow,0,2,4.954196310386875,0.0001127425335498,9.90839262077375,0.032258064516129,4.954196310386875,0.1598127842060282,,,,,,,,,,,
ended,2,1.9792965580032857e-05,15.62465268685824,5,VB,VBN,end,0,2,4.954196310386875,0.0001228557702563,9.90839262077375,0.032258064516129,4.954196310386875,0.1598127842060282,,,,,,,,,,,
pleases,2,1.9792965580032857e-05,15.62465268685824,7,VB,VBZ,pleas,0,2,4.954196310386875,8.772824631353379e-05,9.90839262077375,0.032258064516129,4.954196310386875,0.1598127842060282,,,,,,,,,,,
beheld,2,1.9792965580032857e-05,15.62465268685824,6,VB,VBD,beheld,0,2,4.954196310386875,0.0001267673923253,9.90839262077375,0.032258064516129,4.954196310386875,0.1598127842060282,,,,,,,,,,,
nibble,2,1.9792965580032857e-05,15.62465268685824,6,JJ,JJ,nibbl,0,1,5.954196310386875,6.524145676703711e-05,5.954196310386875,0.0161290322580645,5.954196310386875,0.0960354243610786,,,,,,,,,,,
loose,2,1.9792965580032857e-05,15.62465268685824,5,JJ,JJ,loos,0,2,4.954196310386875,0.0001256062603747,9.90839262077375,0.032258064516129,4.954196310386875,0.1598127842060282,,,,,,,,,,,
doom,2,1.9792965580032857e-05,15.62465268685824,4,NN,NN,doom,0,2,4.954196310386875,0.0002827335135455,9.90839262077375,0.032258064516129,4.954196310386875,0.1598127842060282,0.0,0.0,0.0,1.0,0.0,1.0,0.0,0.0,0.0,0.0,-1.0
hated,2,1.9792965580032857e-05,15.62465268685824,5,JJ,JJ,hate,0,2,4.954196310386875,0.0001241708631047,9.90839262077375,0.032258064516129,4.954196310386875,0.1598127842060282,,,,,,,,,,,
human,2,1.9792965580032857e-05,15.62465268685824,5,JJ,JJ,human,0,2,4.954196310386875,8.109646671604762e-05,9.90839262077375,0.032258064516129,4.954196310386875,0.1598127842060282,,,,,,,,,,,
dreamt,2,1.9792965580032857e-05,15.62465268685824,6,VB,VBD,dreamt,0,1,5.954196310386875,0.0001687793046767,5.954196310386875,0.0161290322580645,5.954196310386875,0.0960354243610786,,,,,,,,,,,
purple,2,1.9792965580032857e-05,15.62465268685824,6,NN,NN,purpl,0,1,5.954196310386875,0.0001687793046767,5.954196310386875,0.0161290322580645,5.954196310386875,0.0960354243610786,,,,,,,,,,,
pearl,2,1.9792965580032857e-05,15.62465268685824,5,NN,NN,pearl,0,1,5.954196310386875,0.0001687793046767,5.954196310386875,0.0161290322580645,5.954196310386875,0.0960354243610786,,,,,,,,,,,
disenchanted,2,1.9792965580032857e-05,15.62465268685824,12,VB,VBN,disench,0,2,4.954196310386875,0.0001633475063985,9.90839262077375,0.032258064516129,4.954196310386875,0.1598127842060282,,,,,,,,,,,
bough,2,1.9792965580032857e-05,15.62465268685824,5,NN,NN,bough,0,2,4.954196310386875,6.966813716116435e-05,9.90839262077375,0.032258064516129,4.954196310386875,0.1598127842060282,,,,,,,,,,,
yards,2,1.9792965580032857e-05,15.62465268685824,5,NN,NNS,yard,0,2,4.954196310386875,0.00010781952132,9.90839262077375,0.032258064516129,4.954196310386875,0.1598127842060282,,,,,,,,,,,
wretchedly,2,1.9792965580032857e-05,15.62465268685824,10,RB,RB,wretchedli,0,2,4.954196310386875,9.0242265033335e-05,9.90839262077375,0.032258064516129,4.954196310386875,0.1598127842060282,,,,,,,,,,,
chimneys,2,1.9792965580032857e-05,15.62465268685824,8,NN,NNS,chimney,0,2,4.954196310386875,7.978137386767509e-05,9.90839262077375,0.032258064516129,4.954196310386875,0.1598127842060282,,,,,,,,,,,
surrounded,2,1.9792965580032857e-05,15.62465268685824,10,VB,VBN,surround,0,2,4.954196310386875,0.0001091901360386,9.90839262077375,0.032258064516129,4.954196310386875,0.1598127842060282,,,,,,,,,,,
mornings,2,1.9792965580032857e-05,15.62465268685824,8,NN,NNS,morn,0,2,4.954196310386875,5.7080817558356486e-05,9.90839262077375,0.032258064516129,4.954196310386875,0.1598127842060282,,,,,,,,,,,
east,2,1.9792965580032857e-05,15.62465268685824,4,NN,NN,east,0,2,4.954196310386875,8.792815599947782e-05,9.90839262077375,0.032258064516129,4.954196310386875,0.1598127842060282,,,,,,,,,,,
prettier,2,1.9792965580032857e-05,15.62465268685824,8,JJ,JJR,prettier,0,2,4.954196310386875,0.000100155213947,9.90839262077375,0.032258064516129,4.954196310386875,0.1598127842060282,,,,,,,,,,,
neighbourhood,2,1.9792965580032857e-05,15.62465268685824,13,NN,NN,neighbourhood,0,2,4.954196310386875,6.016128717331899e-05,9.90839262077375,0.032258064516129,4.954196310386875,0.1598127842060282,,,,,,,,,,,
enemies,2,1.9792965580032857e-05,15.62465268685824,7,NN,NNS,enemi,0,2,4.954196310386875,0.0001161648990055,9.90839262077375,0.032258064516129,4.954196310386875,0.1598127842060282,,,,,,,,,,,
ceremony,2,1.9792965580032857e-05,15.62465268685824,8,NN,NN,ceremoni,0,2,4.954196310386875,9.72491587460618e-05,9.90839262077375,0.032258064516129,4.954196310386875,0.1598127842060282,0.0,0.0,0.0,0.0,1.0,0.0,1.0,0.0,1.0,0.0,1.0
deeds,2,1.9792965580032857e-05,15.62465268685824,5,NN,NNS,deed,0,2,4.954196310386875,7.891264623911034e-05,9.90839262077375,0.032258064516129,4.954196310386875,0.1598127842060282,,,,,,,,,,,
rejoice,2,1.9792965580032857e-05,15.62465268685824,7,NN,NN,rejoic,0,2,4.954196310386875,0.0001142810395687,9.90839262077375,0.032258064516129,4.954196310386875,0.1598127842060282,0.0,1.0,0.0,0.0,1.0,0.0,1.0,0.0,1.0,1.0,1.0
godless,2,1.9792965580032857e-05,15.62465268685824,7,NN,NN,godless,0,2,4.954196310386875,8.131594203740314e-05,9.90839262077375,0.032258064516129,4.954196310386875,0.1598127842060282,1.0,0.0,0.0,0.0,0.0,1.0,0.0,0.0,0.0,0.0,-1.0
horribly,2,1.9792965580032857e-05,15.62465268685824,8,RB,RB,horribl,0,2,4.954196310386875,4.8153526849426314e-05,9.90839262077375,0.032258064516129,4.954196310386875,0.1598127842060282,,,,,,,,,,,
creep,2,1.9792965580032857e-05,15.62465268685824,5,NN,NN,creep,0,2,4.954196310386875,4.8153526849426314e-05,9.90839262077375,0.032258064516129,4.954196310386875,0.1598127842060282,,,,,,,,,,,
darting,2,1.9792965580032857e-05,15.62465268685824,7,VB,VBG,dart,0,2,4.954196310386875,7.282901917156179e-05,9.90839262077375,0.032258064516129,4.954196310386875,0.1598127842060282,,,,,,,,,,,
dough,2,1.9792965580032857e-05,15.62465268685824,5,NN,NN,dough,0,2,4.954196310386875,9.96524545443546e-05,9.90839262077375,0.032258064516129,4.954196310386875,0.1598127842060282,,,,,,,,,,,
cauldron,2,1.9792965580032857e-05,15.62465268685824,8,NN,NN,cauldron,0,2,4.954196310386875,8.131594203740314e-05,9.90839262077375,0.032258064516129,4.954196310386875,0.1598127842060282,,,,,,,,,,,
lament,2,1.9792965580032857e-05,15.62465268685824,6,JJ,JJ,lament,0,2,4.954196310386875,8.369299593661355e-05,9.90839262077375,0.032258064516129,4.954196310386875,0.1598127842060282,0.0,0.0,1.0,1.0,0.0,1.0,0.0,1.0,0.0,0.0,-1.0
thin,2,1.9792965580032857e-05,15.62465268685824,4,JJ,JJ,thin,0,2,4.954196310386875,6.966813716116435e-05,9.90839262077375,0.032258064516129,4.954196310386875,0.1598127842060282,,,,,,,,,,,
yearning,2,1.9792965580032857e-05,15.62465268685824,8,NN,NN,yearn,0,1,5.954196310386875,0.0001949957855047,5.954196310386875,0.0161290322580645,5.954196310386875,0.0960354243610786,0.0,1.0,0.0,0.0,1.0,1.0,1.0,0.0,0.0,1.0,0.0
delight,2,1.9792965580032857e-05,15.62465268685824,7,NN,NN,delight,0,2,4.954196310386875,7.427781184894737e-05,9.90839262077375,0.032258064516129,4.954196310386875,0.1598127842060282,0.0,1.0,0.0,0.0,1.0,0.0,1.0,0.0,0.0,0.0,1.0
acquaintance,2,1.9792965580032857e-05,15.62465268685824,12,NN,NN,acquaint,0,2,4.954196310386875,0.0001139390074911,9.90839262077375,0.032258064516129,4.954196310386875,0.1598127842060282,,,,,,,,,,,
bone,2,1.9792965580032857e-05,15.62465268685824,4,NN,NN,bone,0,2,4.954196310386875,8.56387436053752e-05,9.90839262077375,0.032258064516129,4.954196310386875,0.1598127842060282,,,,,,,,,,,
stored,2,1.9792965580032857e-05,15.62465268685824,6,VB,VBN,store,0,1,5.954196310386875,0.0001949957855047,5.954196310386875,0.0161290322580645,5.954196310386875,0.0960354243610786,,,,,,,,,,,
commanded,2,1.9792965580032857e-05,15.62465268685824,9,VB,VBD,command,0,2,4.954196310386875,7.133813021413041e-05,9.90839262077375,0.032258064516129,4.954196310386875,0.1598127842060282,,,,,,,,,,,
peep,2,1.9792965580032857e-05,15.62465268685824,4,NN,NN,peep,0,2,4.954196310386875,6.734806027432857e-05,9.90839262077375,0.032258064516129,4.954196310386875,0.1598127842060282,,,,,,,,,,,
muttered,2,1.9792965580032857e-05,15.62465268685824,8,VB,VBD,mutter,0,2,4.954196310386875,6.474512493129452e-05,9.90839262077375,0.032258064516129,4.954196310386875,0.1598127842060282,,,,,,,,,,,
mockingly,2,1.9792965580032857e-05,15.62465268685824,9,RB,RB,mockingli,0,2,4.954196310386875,8.369299593661355e-05,9.90839262077375,0.032258064516129,4.954196310386875,0.1598127842060282,,,,,,,,,,,
trap,2,1.9792965580032857e-05,15.62465268685824,4,NN,NN,trap,0,2,4.954196310386875,0.0002764933925548,9.90839262077375,0.032258064516129,4.954196310386875,0.1598127842060282,,,,,,,,,,,
provision,2,1.9792965580032857e-05,15.62465268685824,9,NN,NN,provis,0,1,5.954196310386875,0.0001949957855047,5.954196310386875,0.0161290322580645,5.954196310386875,0.0960354243610786,,,,,,,,,,,
embraced,2,1.9792965580032857e-05,15.62465268685824,8,VB,VBD,embrac,0,2,4.954196310386875,9.72491587460618e-05,9.90839262077375,0.032258064516129,4.954196310386875,0.1598127842060282,,,,,,,,,,,
malice,2,1.9792965580032857e-05,15.62465268685824,6,NN,NN,malic,0,2,4.954196310386875,6.063180343060192e-05,9.90839262077375,0.032258064516129,4.954196310386875,0.1598127842060282,1.0,0.0,0.0,1.0,0.0,1.0,0.0,0.0,0.0,0.0,-1.0
property,2,1.9792965580032857e-05,15.62465268685824,8,NN,NN,properti,0,2,4.954196310386875,5.061524339767673e-05,9.90839262077375,0.032258064516129,4.954196310386875,0.1598127842060282,,,,,,,,,,,
gateway,2,1.9792965580032857e-05,15.62465268685824,7,NN,NN,gateway,0,1,5.954196310386875,7.196360012070336e-05,5.954196310386875,0.0161290322580645,5.954196310386875,0.0960354243610786,,,,,,,,,,,
scrape,2,1.9792965580032857e-05,15.62465268685824,6,NN,NN,scrape,0,1,5.954196310386875,8.076991115313593e-05,5.954196310386875,0.0161290322580645,5.954196310386875,0.0960354243610786,,,,,,,,,,,
sanna,2,1.9792965580032857e-05,15.62465268685824,5,NN,NNP,sanna,0,1,5.954196310386875,0.0002045482946987,5.954196310386875,0.0161290322580645,5.954196310386875,0.0960354243610786,,,,,,,,,,,
swore,2,1.9792965580032857e-05,15.62465268685824,5,NN,NN,swore,0,2,4.954196310386875,0.0001339520981994,9.90839262077375,0.032258064516129,4.954196310386875,0.1598127842060282,,,,,,,,,,,
confessed,2,1.9792965580032857e-05,15.62465268685824,9,VB,VBD,confess,0,2,4.954196310386875,0.0001522686295335,9.90839262077375,0.032258064516129,4.954196310386875,0.1598127842060282,,,,,,,,,,,
dirt,2,1.9792965580032857e-05,15.62465268685824,4,NN,NN,dirt,0,2,4.954196310386875,6.231063421812934e-05,9.90839262077375,0.032258064516129,4.954196310386875,0.1598127842060282,0.0,0.0,1.0,0.0,0.0,1.0,0.0,0.0,0.0,0.0,-1.0
lain,2,1.9792965580032857e-05,15.62465268685824,4,VB,VBN,lain,0,2,4.954196310386875,5.9019687013095954e-05,9.90839262077375,0.032258064516129,4.954196310386875,0.1598127842060282,,,,,,,,,,,
cracked,2,1.9792965580032857e-05,15.62465268685824,7,VB,VBD,crack,0,2,4.954196310386875,9.288009054807252e-05,9.90839262077375,0.032258064516129,4.954196310386875,0.1598127842060282,1.0,0.0,0.0,1.0,0.0,1.0,0.0,0.0,0.0,0.0,-1.0
barn,2,1.9792965580032857e-05,15.62465268685824,4,NN,NN,barn,0,2,4.954196310386875,0.0001228729067691,9.90839262077375,0.032258064516129,4.954196310386875,0.1598127842060282,,,,,,,,,,,
ascended,2,1.9792965580032857e-05,15.62465268685824,8,VB,VBD,ascend,0,2,4.954196310386875,0.0001022377813425,9.90839262077375,0.032258064516129,4.954196310386875,0.1598127842060282,,,,,,,,,,,
objection,2,1.9792965580032857e-05,15.62465268685824,9,NN,NN,object,0,2,4.954196310386875,8.009957697216891e-05,9.90839262077375,0.032258064516129,4.954196310386875,0.1598127842060282,1.0,0.0,0.0,0.0,0.0,1.0,0.0,0.0,0.0,0.0,-1.0
boil,2,1.9792965580032857e-05,15.62465268685824,4,VB,VB,boil,0,1,5.954196310386875,0.0002045482946987,5.954196310386875,0.0161290322580645,5.954196310386875,0.0960354243610786,0.0,0.0,1.0,0.0,0.0,1.0,0.0,0.0,0.0,0.0,-1.0
buckets,2,1.9792965580032857e-05,15.62465268685824,7,NN,NNS,bucket,0,2,4.954196310386875,0.0001098361502677,9.90839262077375,0.032258064516129,4.954196310386875,0.1598127842060282,,,,,,,,,,,
fork,2,1.9792965580032857e-05,15.62465268685824,4,NN,NN,fork,0,2,4.954196310386875,7.51727288550429e-05,9.90839262077375,0.032258064516129,4.954196310386875,0.1598127842060282,,,,,,,,,,,
equally,2,1.9792965580032857e-05,15.62465268685824,7,RB,RB,equal,0,2,4.954196310386875,0.0001451016198971,9.90839262077375,0.032258064516129,4.954196310386875,0.1598127842060282,,,,,,,,,,,
rosetree,2,1.9792965580032857e-05,15.62465268685824,8,JJ,JJ,rosetre,0,1,5.954196310386875,0.0002045482946987,5.954196310386875,0.0161290322580645,5.954196310386875,0.0960354243610786,,,,,,,,,,,
treated,2,1.9792965580032857e-05,15.62465268685824,7,VB,VBN,treat,0,2,4.954196310386875,0.0001022377813425,9.90839262077375,0.032258064516129,4.954196310386875,0.1598127842060282,,,,,,,,,,,
rosebush,2,1.9792965580032857e-05,15.62465268685824,8,JJ,JJ,rosebush,0,1,5.954196310386875,0.0002045482946987,5.954196310386875,0.0161290322580645,5.954196310386875,0.0960354243610786,,,,,,,,,,,
softened,2,1.9792965580032857e-05,15.62465268685824,8,VB,VBD,soften,0,2,4.954196310386875,0.0001261557502236,9.90839262077375,0.032258064516129,4.954196310386875,0.1598127842060282,,,,,,,,,,,
amid,2,1.9792965580032857e-05,15.62465268685824,4,IN,IN,amid,0,2,4.954196310386875,8.040279613445537e-05,9.90839262077375,0.032258064516129,4.954196310386875,0.1598127842060282,,,,,,,,,,,
minute,2,1.9792965580032857e-05,15.62465268685824,6,NN,NN,minut,0,2,4.954196310386875,6.662152188975069e-05,9.90839262077375,0.032258064516129,4.954196310386875,0.1598127842060282,,,,,,,,,,,
whistling,2,1.9792965580032857e-05,15.62465268685824,9,NN,NN,whistl,0,2,4.954196310386875,6.757615776549649e-05,9.90839262077375,0.032258064516129,4.954196310386875,0.1598127842060282,,,,,,,,,,,
busy,2,1.9792965580032857e-05,15.62465268685824,4,JJ,JJ,busi,0,2,4.954196310386875,0.0001242418446984,9.90839262077375,0.032258064516129,4.954196310386875,0.1598127842060282,,,,,,,,,,,
beings,2,1.9792965580032857e-05,15.62465268685824,6,NN,NNS,be,0,2,4.954196310386875,6.074446848206629e-05,9.90839262077375,0.032258064516129,4.954196310386875,0.1598127842060282,,,,,,,,,,,
nudged,2,1.9792965580032857e-05,15.62465268685824,6,VB,VBD,nudg,0,1,5.954196310386875,0.0002465607814148,5.954196310386875,0.0161290322580645,5.954196310386875,0.0960354243610786,,,,,,,,,,,
boast,2,1.9792965580032857e-05,15.62465268685824,5,IN,IN,boast,0,1,5.954196310386875,0.0001673091016743,5.954196310386875,0.0161290322580645,5.954196310386875,0.0960354243610786,0.0,0.0,0.0,0.0,0.0,1.0,1.0,0.0,0.0,0.0,0.0
plagued,2,1.9792965580032857e-05,15.62465268685824,7,VB,VBD,plagu,0,2,4.954196310386875,6.639354841272441e-05,9.90839262077375,0.032258064516129,4.954196310386875,0.1598127842060282,,,,,,,,,,,
greediness,2,1.9792965580032857e-05,15.62465268685824,10,NN,NN,greedi,0,2,4.954196310386875,0.0001421152088314,9.90839262077375,0.032258064516129,4.954196310386875,0.1598127842060282,,,,,,,,,,,
charming,2,1.9792965580032857e-05,15.62465268685824,8,JJ,JJ,charm,0,2,4.954196310386875,8.799770790189311e-05,9.90839262077375,0.032258064516129,4.954196310386875,0.1598127842060282,,,,,,,,,,,
combed,2,1.9792965580032857e-05,15.62465268685824,6,VB,VBD,comb,0,2,4.954196310386875,0.0001249157644688,9.90839262077375,0.032258064516129,4.954196310386875,0.1598127842060282,,,,,,,,,,,
rattled,2,1.9792965580032857e-05,15.62465268685824,7,VB,VBD,rattl,0,2,4.954196310386875,0.0001141933799687,9.90839262077375,0.032258064516129,4.954196310386875,0.1598127842060282,,,,,,,,,,,
matters,2,1.9792965580032857e-05,15.62465268685824,7,NN,NNS,matter,0,2,4.954196310386875,0.0001108062188669,9.90839262077375,0.032258064516129,4.954196310386875,0.1598127842060282,,,,,,,,,,,
fetching,2,1.9792965580032857e-05,15.62465268685824,8,VB,VBG,fetch,0,2,4.954196310386875,0.0001276233494615,9.90839262077375,0.032258064516129,4.954196310386875,0.1598127842060282,,,,,,,,,,,
tresses,2,1.9792965580032857e-05,15.62465268685824,7,NN,NNS,tress,0,1,5.954196310386875,0.0001359312446724,5.954196310386875,0.0161290322580645,5.954196310386875,0.0960354243610786,,,,,,,,,,,
linnets,2,1.9792965580032857e-05,15.62465268685824,7,NN,NNS,linnet,0,1,5.954196310386875,7.418727258484251e-05,5.954196310386875,0.0161290322580645,5.954196310386875,0.0960354243610786,,,,,,,,,,,
tales,2,1.9792965580032857e-05,15.62465268685824,5,NN,NNS,tale,0,2,4.954196310386875,0.0001195819595641,9.90839262077375,0.032258064516129,4.954196310386875,0.1598127842060282,,,,,,,,,,,
breathe,2,1.9792965580032857e-05,15.62465268685824,7,VB,VB,breath,0,2,4.954196310386875,6.342838722332382e-05,9.90839262077375,0.032258064516129,4.954196310386875,0.1598127842060282,,,,,,,,,,,
pedlars,2,1.9792965580032857e-05,15.62465268685824,7,NN,NNS,pedlar,0,1,5.954196310386875,0.0001001934526458,5.954196310386875,0.0161290322580645,5.954196310386875,0.0960354243610786,,,,,,,,,,,
rogues,2,1.9792965580032857e-05,15.62465268685824,6,NN,NNS,rogu,0,1,5.954196310386875,0.0001001934526458,5.954196310386875,0.0161290322580645,5.954196310386875,0.0960354243610786,,,,,,,,,,,
sinner,2,1.9792965580032857e-05,15.62465268685824,6,NN,NN,sinner,0,2,4.954196310386875,7.41347140068523e-05,9.90839262077375,0.032258064516129,4.954196310386875,0.1598127842060282,1.0,0.0,1.0,1.0,0.0,1.0,0.0,1.0,0.0,0.0,-1.0
snore,2,1.9792965580032857e-05,15.62465268685824,5,VB,VB,snore,0,2,4.954196310386875,7.963173059034896e-05,9.90839262077375,0.032258064516129,4.954196310386875,0.1598127842060282,,,,,,,,,,,
lamp,2,1.9792965580032857e-05,15.62465268685824,4,JJ,JJ,lamp,0,2,4.954196310386875,6.827316496882186e-05,9.90839262077375,0.032258064516129,4.954196310386875,0.1598127842060282,,,,,,,,,,,
accordingly,2,1.9792965580032857e-05,15.62465268685824,11,RB,RB,accordingli,0,2,4.954196310386875,0.0001244452482115,9.90839262077375,0.032258064516129,4.954196310386875,0.1598127842060282,,,,,,,,,,,
fluttering,2,1.9792965580032857e-05,15.62465268685824,10,NN,NN,flutter,0,2,4.954196310386875,0.0001098226908473,9.90839262077375,0.032258064516129,4.954196310386875,0.1598127842060282,,,,,,,,,,,
brushed,2,1.9792965580032857e-05,15.62465268685824,7,VB,VBD,brush,0,2,4.954196310386875,6.446615696928147e-05,9.90839262077375,0.032258064516129,4.954196310386875,0.1598127842060282,,,,,,,,,,,
sorrows,2,1.9792965580032857e-05,15.62465268685824,7,NN,NNS,sorrow,0,2,4.954196310386875,0.0001228729067691,9.90839262077375,0.032258064516129,4.954196310386875,0.1598127842060282,,,,,,,,,,,
snips,2,1.9792965580032857e-05,15.62465268685824,5,NN,NNS,snip,0,1,5.954196310386875,7.196360012070336e-05,5.954196310386875,0.0161290322580645,5.954196310386875,0.0960354243610786,,,,,,,,,,,
appetite,2,1.9792965580032857e-05,15.62465268685824,8,NN,NN,appetit,0,2,4.954196310386875,0.000102449038337,9.90839262077375,0.032258064516129,4.954196310386875,0.1598127842060282,,,,,,,,,,,
blackbird,2,1.9792965580032857e-05,15.62465268685824,9,NN,NNP,blackbird,0,1,5.954196310386875,7.418727258484251e-05,5.954196310386875,0.0161290322580645,5.954196310386875,0.0960354243610786,,,,,,,,,,,
despair,2,1.9792965580032857e-05,15.62465268685824,7,NN,NN,despair,0,2,4.954196310386875,8.799770790189311e-05,9.90839262077375,0.032258064516129,4.954196310386875,0.1598127842060282,1.0,0.0,1.0,1.0,0.0,1.0,0.0,1.0,0.0,0.0,-1.0
reply,2,1.9792965580032857e-05,15.62465268685824,5,NN,NN,repli,0,2,4.954196310386875,5.095011064214821e-05,9.90839262077375,0.032258064516129,4.954196310386875,0.1598127842060282,,,,,,,,,,,
rascals,2,1.9792965580032857e-05,15.62465268685824,7,NN,NNS,rascal,0,2,4.954196310386875,7.312987115535513e-05,9.90839262077375,0.032258064516129,4.954196310386875,0.1598127842060282,,,,,,,,,,,
melted,2,1.9792965580032857e-05,15.62465268685824,6,VB,VBD,melt,0,2,4.954196310386875,6.435349191781712e-05,9.90839262077375,0.032258064516129,4.954196310386875,0.1598127842060282,,,,,,,,,,,
exchange,2,1.9792965580032857e-05,15.62465268685824,8,NN,NN,exchang,0,2,4.954196310386875,6.662152188975069e-05,9.90839262077375,0.032258064516129,4.954196310386875,0.1598127842060282,0.0,0.0,0.0,0.0,0.0,0.0,1.0,0.0,0.0,1.0,1.0
bridle,2,1.9792965580032857e-05,15.62465268685824,6,NN,NN,bridl,0,2,4.954196310386875,6.504918044734586e-05,9.90839262077375,0.032258064516129,4.954196310386875,0.1598127842060282,,,,,,,,,,,
blind,2,1.9792965580032857e-05,15.62465268685824,5,JJ,JJ,blind,0,2,4.954196310386875,0.0001158286180026,9.90839262077375,0.032258064516129,4.954196310386875,0.1598127842060282,,,,,,,,,,,
meddle,2,1.9792965580032857e-05,15.62465268685824,6,VB,VB,meddl,0,2,4.954196310386875,8.863156880726656e-05,9.90839262077375,0.032258064516129,4.954196310386875,0.1598127842060282,1.0,0.0,0.0,0.0,0.0,1.0,0.0,0.0,0.0,0.0,-1.0
repeat,2,1.9792965580032857e-05,15.62465268685824,6,VB,VB,repeat,0,1,5.954196310386875,0.0002045482946987,5.954196310386875,0.0161290322580645,5.954196310386875,0.0960354243610786,,,,,,,,,,,
chafed,2,1.9792965580032857e-05,15.62465268685824,6,VB,VBP,chafe,0,1,5.954196310386875,0.0001001934526458,5.954196310386875,0.0161290322580645,5.954196310386875,0.0960354243610786,,,,,,,,,,,
surprised,2,1.9792965580032857e-05,15.62465268685824,9,VB,VBD,surpris,0,2,4.954196310386875,6.275446745295772e-05,9.90839262077375,0.032258064516129,4.954196310386875,0.1598127842060282,,,,,,,,,,,
curtains,2,1.9792965580032857e-05,15.62465268685824,8,NN,NNS,curtain,0,1,5.954196310386875,7.196360012070336e-05,5.954196310386875,0.0161290322580645,5.954196310386875,0.0960354243610786,,,,,,,,,,,
latch,2,1.9792965580032857e-05,15.62465268685824,5,NN,NN,latch,0,1,5.954196310386875,7.196360012070336e-05,5.954196310386875,0.0161290322580645,5.954196310386875,0.0960354243610786,,,,,,,,,,,
cushion,2,1.9792965580032857e-05,15.62465268685824,7,NN,NN,cushion,0,2,4.954196310386875,0.0001236854207159,9.90839262077375,0.032258064516129,4.954196310386875,0.1598127842060282,,,,,,,,,,,
bringing,2,1.9792965580032857e-05,15.62465268685824,8,VB,VBG,bring,0,1,5.954196310386875,7.196360012070336e-05,5.954196310386875,0.0161290322580645,5.954196310386875,0.0960354243610786,,,,,,,,,,,
fancied,2,1.9792965580032857e-05,15.62465268685824,7,VB,VBD,fanci,0,2,4.954196310386875,8.389305050876953e-05,9.90839262077375,0.032258064516129,4.954196310386875,0.1598127842060282,,,,,,,,,,,
popped,2,1.9792965580032857e-05,15.62465268685824,6,VB,VBD,pop,0,1,5.954196310386875,0.0001001934526458,5.954196310386875,0.0161290322580645,5.954196310386875,0.0960354243610786,,,,,,,,,,,
desert,2,1.9792965580032857e-05,15.62465268685824,6,NN,NN,desert,0,1,5.954196310386875,0.0001359312446724,5.954196310386875,0.0161290322580645,5.954196310386875,0.0960354243610786,1.0,0.0,1.0,1.0,0.0,1.0,0.0,1.0,0.0,0.0,-1.0
nobleman,2,1.9792965580032857e-05,15.62465268685824,8,JJ,JJ,nobleman,0,2,4.954196310386875,0.00014677161295,9.90839262077375,0.032258064516129,4.954196310386875,0.1598127842060282,0.0,0.0,0.0,0.0,0.0,0.0,1.0,0.0,0.0,1.0,1.0
gain,2,1.9792965580032857e-05,15.62465268685824,4,NN,NN,gain,0,2,4.954196310386875,0.0001032072227691,9.90839262077375,0.032258064516129,4.954196310386875,0.1598127842060282,0.0,1.0,0.0,0.0,1.0,0.0,1.0,0.0,0.0,0.0,1.0
c,2,1.9792965580032857e-05,15.62465268685824,1,NN,NNP,c,0,1,5.954196310386875,0.0002465607814148,5.954196310386875,0.0161290322580645,5.954196310386875,0.0960354243610786,,,,,,,,,,,
lo,2,1.9792965580032857e-05,15.62465268685824,2,NN,NNP,lo,0,1,5.954196310386875,0.0001673091016743,5.954196310386875,0.0161290322580645,5.954196310386875,0.0960354243610786,,,,,,,,,,,
gothel,2,1.9792965580032857e-05,15.62465268685824,6,NN,NNP,gothel,0,1,5.954196310386875,0.0001359312446724,5.954196310386875,0.0161290322580645,5.954196310386875,0.0960354243610786,,,,,,,,,,,
hastily,2,1.9792965580032857e-05,15.62465268685824,7,RB,RB,hastili,0,2,4.954196310386875,0.000110505228887,9.90839262077375,0.032258064516129,4.954196310386875,0.1598127842060282,,,,,,,,,,,
rack,2,1.9792965580032857e-05,15.62465268685824,4,NN,NN,rack,0,1,5.954196310386875,0.0002119987292739,5.954196310386875,0.0161290322580645,5.954196310386875,0.0960354243610786,0.0,0.0,0.0,0.0,0.0,1.0,0.0,1.0,0.0,0.0,-1.0
joyously,2,1.9792965580032857e-05,15.62465268685824,8,RB,RB,joyous,0,2,4.954196310386875,7.41347140068523e-05,9.90839262077375,0.032258064516129,4.954196310386875,0.1598127842060282,,,,,,,,,,,
clambered,2,1.9792965580032857e-05,15.62465268685824,9,VB,VBD,clamber,0,1,5.954196310386875,0.0001359312446724,5.954196310386875,0.0161290322580645,5.954196310386875,0.0960354243610786,,,,,,,,,,,
spoiled,2,1.9792965580032857e-05,15.62465268685824,7,VB,VBN,spoil,0,2,4.954196310386875,6.504918044734586e-05,9.90839262077375,0.032258064516129,4.954196310386875,0.1598127842060282,,,,,,,,,,,
pond,2,1.9792965580032857e-05,15.62465268685824,4,NN,NN,pond,0,2,4.954196310386875,0.0001346363199476,9.90839262077375,0.032258064516129,4.954196310386875,0.1598127842060282,,,,,,,,,,,
nigh,2,1.9792965580032857e-05,15.62465268685824,4,JJ,JJ,nigh,0,2,4.954196310386875,7.254684767729077e-05,9.90839262077375,0.032258064516129,4.954196310386875,0.1598127842060282,,,,,,,,,,,
betray,2,1.9792965580032857e-05,15.62465268685824,6,VB,VB,betray,0,2,4.954196310386875,7.565684847350576e-05,9.90839262077375,0.032258064516129,4.954196310386875,0.1598127842060282,1.0,0.0,1.0,0.0,0.0,1.0,0.0,1.0,1.0,0.0,-1.0
fishpond,2,1.9792965580032857e-05,15.62465268685824,8,NN,NN,fishpond,0,2,4.954196310386875,0.0001061087391497,9.90839262077375,0.032258064516129,4.954196310386875,0.1598127842060282,,,,,,,,,,,
prey,2,1.9792965580032857e-05,15.62465268685824,4,NN,NN,prey,0,2,4.954196310386875,0.0001132532108262,9.90839262077375,0.032258064516129,4.954196310386875,0.1598127842060282,0.0,0.0,0.0,1.0,0.0,1.0,0.0,0.0,0.0,0.0,-1.0
delay,2,1.9792965580032857e-05,15.62465268685824,5,NN,NN,delay,0,2,4.954196310386875,6.29578709660409e-05,9.90839262077375,0.032258064516129,4.954196310386875,0.1598127842060282,1.0,0.0,1.0,1.0,0.0,1.0,0.0,1.0,0.0,0.0,-1.0
engaged,2,1.9792965580032857e-05,15.62465268685824,7,VB,VBD,engag,0,2,4.954196310386875,5.809458231860266e-05,9.90839262077375,0.032258064516129,4.954196310386875,0.1598127842060282,0.0,1.0,0.0,0.0,1.0,0.0,1.0,0.0,0.0,1.0,1.0
dreaded,2,1.9792965580032857e-05,15.62465268685824,7,VB,VBD,dread,0,2,4.954196310386875,8.039641534237105e-05,9.90839262077375,0.032258064516129,4.954196310386875,0.1598127842060282,,,,,,,,,,,
waddling,2,1.9792965580032857e-05,15.62465268685824,8,NN,NN,waddl,0,2,4.954196310386875,0.0001346363199476,9.90839262077375,0.032258064516129,4.954196310386875,0.1598127842060282,,,,,,,,,,,
former,2,1.9792965580032857e-05,15.62465268685824,6,JJ,JJ,former,0,2,4.954196310386875,0.0001054729483233,9.90839262077375,0.032258064516129,4.954196310386875,0.1598127842060282,,,,,,,,,,,
terror,2,1.9792965580032857e-05,15.62465268685824,6,NN,NN,terror,0,2,4.954196310386875,0.0001591264786725,9.90839262077375,0.032258064516129,4.954196310386875,0.1598127842060282,0.0,0.0,0.0,1.0,0.0,1.0,0.0,0.0,0.0,0.0,-1.0
ails,2,1.9792965580032857e-05,15.62465268685824,4,IN,IN,ail,0,2,4.954196310386875,8.881022184871515e-05,9.90839262077375,0.032258064516129,4.954196310386875,0.1598127842060282,,,,,,,,,,,
hopping,2,1.9792965580032857e-05,15.62465268685824,7,VB,VBG,hop,0,2,4.954196310386875,8.040279613445537e-05,9.90839262077375,0.032258064516129,4.954196310386875,0.1598127842060282,,,,,,,,,,,
related,2,1.9792965580032857e-05,15.62465268685824,7,VB,VBD,relat,0,1,5.954196310386875,7.196360012070336e-05,5.954196310386875,0.0161290322580645,5.954196310386875,0.0960354243610786,,,,,,,,,,,
welcome,2,1.9792965580032857e-05,15.62465268685824,7,NN,NN,welcom,0,2,4.954196310386875,8.921643962436272e-05,9.90839262077375,0.032258064516129,4.954196310386875,0.1598127842060282,,,,,,,,,,,
cleverness,2,1.9792965580032857e-05,15.62465268685824,10,NN,NN,clever,0,2,4.954196310386875,6.983892395032173e-05,9.90839262077375,0.032258064516129,4.954196310386875,0.1598127842060282,,,,,,,,,,,
cockadoodledoo,2,1.9792965580032857e-05,15.62465268685824,14,JJ,JJ,cockadoodledoo,0,1,5.954196310386875,7.196360012070336e-05,5.954196310386875,0.0161290322580645,5.954196310386875,0.0960354243610786,,,,,,,,,,,
dinnertime,2,1.9792965580032857e-05,15.62465268685824,10,JJ,JJ,dinnertim,0,2,4.954196310386875,0.0001550254424533,9.90839262077375,0.032258064516129,4.954196310386875,0.1598127842060282,,,,,,,,,,,
partner,2,1.9792965580032857e-05,15.62465268685824,7,NN,NN,partner,0,2,4.954196310386875,8.481815520326283e-05,9.90839262077375,0.032258064516129,4.954196310386875,0.1598127842060282,,,,,,,,,,,
industry,2,1.9792965580032857e-05,15.62465268685824,8,NN,NN,industri,0,2,4.954196310386875,7.947769143996207e-05,9.90839262077375,0.032258064516129,4.954196310386875,0.1598127842060282,,,,,,,,,,,
cheeses,2,1.9792965580032857e-05,15.62465268685824,7,NN,NNS,chees,0,1,5.954196310386875,0.0001001934526458,5.954196310386875,0.0161290322580645,5.954196310386875,0.0960354243610786,,,,,,,,,,,
drown,2,1.9792965580032857e-05,15.62465268685824,5,VB,VB,drown,0,2,4.954196310386875,0.0001435939559057,9.90839262077375,0.032258064516129,4.954196310386875,0.1598127842060282,0.0,0.0,0.0,1.0,0.0,1.0,0.0,1.0,0.0,0.0,-1.0
deceived,2,1.9792965580032857e-05,15.62465268685824,8,VB,VBN,deceiv,0,2,4.954196310386875,0.0001311600220071,9.90839262077375,0.032258064516129,4.954196310386875,0.1598127842060282,1.0,0.0,0.0,0.0,0.0,1.0,0.0,0.0,0.0,0.0,-1.0
bucketful,2,1.9792965580032857e-05,15.62465268685824,9,NN,NN,bucket,0,2,4.954196310386875,5.095011064214821e-05,9.90839262077375,0.032258064516129,4.954196310386875,0.1598127842060282,,,,,,,,,,,
pertains,2,1.9792965580032857e-05,15.62465268685824,8,VB,VBZ,pertain,0,2,4.954196310386875,0.00014677161295,9.90839262077375,0.032258064516129,4.954196310386875,0.1598127842060282,,,,,,,,,,,
awhile,2,1.9792965580032857e-05,15.62465268685824,6,IN,IN,awhil,0,2,4.954196310386875,0.0001325143002942,9.90839262077375,0.032258064516129,4.954196310386875,0.1598127842060282,,,,,,,,,,,
deeply,2,1.9792965580032857e-05,15.62465268685824,6,RB,RB,deepli,0,2,4.954196310386875,8.881022184871515e-05,9.90839262077375,0.032258064516129,4.954196310386875,0.1598127842060282,,,,,,,,,,,
grease,2,1.9792965580032857e-05,15.62465268685824,6,VB,VB,greas,0,1,5.954196310386875,0.0001001934526458,5.954196310386875,0.0161290322580645,5.954196310386875,0.0960354243610786,,,,,,,,,,,
fireside,2,1.9792965580032857e-05,15.62465268685824,8,NN,NN,firesid,0,2,4.954196310386875,6.504918044734586e-05,9.90839262077375,0.032258064516129,4.954196310386875,0.1598127842060282,,,,,,,,,,,
bewail,2,1.9792965580032857e-05,15.62465268685824,6,VB,VB,bewail,0,2,4.954196310386875,0.0001361380869092,9.90839262077375,0.032258064516129,4.954196310386875,0.1598127842060282,,,,,,,,,,,
boughs,2,1.9792965580032857e-05,15.62465268685824,6,NN,NNS,bough,0,2,4.954196310386875,7.44988090846768e-05,9.90839262077375,0.032258064516129,4.954196310386875,0.1598127842060282,,,,,,,,,,,
finer,2,1.9792965580032857e-05,15.62465268685824,5,JJ,JJR,finer,0,1,5.954196310386875,7.418727258484251e-05,5.954196310386875,0.0161290322580645,5.954196310386875,0.0960354243610786,,,,,,,,,,,
gloom,2,1.9792965580032857e-05,15.62465268685824,5,NN,NN,gloom,0,2,4.954196310386875,0.0002519210308949,9.90839262077375,0.032258064516129,4.954196310386875,0.1598127842060282,0.0,0.0,0.0,0.0,0.0,1.0,0.0,1.0,0.0,0.0,-1.0
pockethandkerchief,2,1.9792965580032857e-05,15.62465268685824,18,JJ,JJ,pockethandkerchief,0,2,4.954196310386875,5.834117268377349e-05,9.90839262077375,0.032258064516129,4.954196310386875,0.1598127842060282,,,,,,,,,,,
pail,2,1.9792965580032857e-05,15.62465268685824,4,NN,NN,pail,0,2,4.954196310386875,0.0001432811008216,9.90839262077375,0.032258064516129,4.954196310386875,0.1598127842060282,,,,,,,,,,,
nailed,2,1.9792965580032857e-05,15.62465268685824,6,VB,VBD,nail,0,2,4.954196310386875,0.0001381053426614,9.90839262077375,0.032258064516129,4.954196310386875,0.1598127842060282,,,,,,,,,,,
league,2,1.9792965580032857e-05,15.62465268685824,6,NN,NN,leagu,0,1,5.954196310386875,7.196360012070336e-05,5.954196310386875,0.0161290322580645,5.954196310386875,0.0960354243610786,,,,,,,,,,,
sign,2,1.9792965580032857e-05,15.62465268685824,4,NN,NN,sign,0,1,5.954196310386875,0.0002465607814148,5.954196310386875,0.0161290322580645,5.954196310386875,0.0960354243610786,,,,,,,,,,,
cards,2,1.9792965580032857e-05,15.62465268685824,5,NN,NNS,card,0,2,4.954196310386875,5.461376156585801e-05,9.90839262077375,0.032258064516129,4.954196310386875,0.1598127842060282,,,,,,,,,,,
aha,2,1.9792965580032857e-05,15.62465268685824,3,NN,NNP,aha,0,2,4.954196310386875,0.0001022377813425,9.90839262077375,0.032258064516129,4.954196310386875,0.1598127842060282,,,,,,,,,,,
hobgoblin,2,1.9792965580032857e-05,15.62465268685824,9,NN,NN,hobgoblin,0,2,4.954196310386875,0.0001281014978924,9.90839262077375,0.032258064516129,4.954196310386875,0.1598127842060282,,,,,,,,,,,
upset,2,1.9792965580032857e-05,15.62465268685824,5,VB,VBD,upset,0,1,5.954196310386875,0.0001001934526458,5.954196310386875,0.0161290322580645,5.954196310386875,0.0960354243610786,1.0,0.0,0.0,0.0,0.0,1.0,0.0,1.0,0.0,0.0,-1.0
espied,2,1.9792965580032857e-05,15.62465268685824,6,VB,VBD,espi,0,1,5.954196310386875,0.0002197606964784,5.954196310386875,0.0161290322580645,5.954196310386875,0.0960354243610786,,,,,,,,,,,
peartree,2,1.9792965580032857e-05,15.62465268685824,8,JJ,JJ,peartre,0,1,5.954196310386875,7.418727258484251e-05,5.954196310386875,0.0161290322580645,5.954196310386875,0.0960354243610786,,,,,,,,,,,
roadside,2,1.9792965580032857e-05,15.62465268685824,8,NN,NN,roadsid,0,2,4.954196310386875,9.20989783218069e-05,9.90839262077375,0.032258064516129,4.954196310386875,0.1598127842060282,,,,,,,,,,,
clutched,2,1.9792965580032857e-05,15.62465268685824,8,VB,VBD,clutch,0,1,5.954196310386875,0.0001359312446724,5.954196310386875,0.0161290322580645,5.954196310386875,0.0960354243610786,,,,,,,,,,,
poured,2,1.9792965580032857e-05,15.62465268685824,6,VB,VBD,pour,0,2,4.954196310386875,6.983892395032173e-05,9.90839262077375,0.032258064516129,4.954196310386875,0.1598127842060282,,,,,,,,,,,
gallop,2,1.9792965580032857e-05,15.62465268685824,6,NN,NN,gallop,0,2,4.954196310386875,6.504918044734586e-05,9.90839262077375,0.032258064516129,4.954196310386875,0.1598127842060282,,,,,,,,,,,
fry,2,1.9792965580032857e-05,15.62465268685824,3,VB,VB,fri,0,1,5.954196310386875,0.0001001934526458,5.954196310386875,0.0161290322580645,5.954196310386875,0.0960354243610786,,,,,,,,,,,
cardplaying,1,9.896482790016429e-06,16.62465268685824,11,NN,NN,cardplay,0,1,5.954196310386875,2.5252543876171084e-05,5.954196310386875,0.0161290322580645,5.954196310386875,0.0960354243610786,,,,,,,,,,,
tremendous,1,9.896482790016429e-06,16.62465268685824,10,JJ,JJ,tremend,0,1,5.954196310386875,2.5252543876171084e-05,5.954196310386875,0.0161290322580645,5.954196310386875,0.0960354243610786,,,,,,,,,,,
throats,1,9.896482790016429e-06,16.62465268685824,7,NN,NNS,throat,0,1,5.954196310386875,2.5252543876171084e-05,5.954196310386875,0.0161290322580645,5.954196310386875,0.0960354243610786,,,,,,,,,,,
suck,1,9.896482790016429e-06,16.62465268685824,4,VB,VB,suck,0,1,5.954196310386875,5.0096726322941376e-05,5.954196310386875,0.0161290322580645,5.954196310386875,0.0960354243610786,,,,,,,,,,,
fancy,1,9.896482790016429e-06,16.62465268685824,5,NN,NN,fanci,0,1,5.954196310386875,2.5252543876171084e-05,5.954196310386875,0.0161290322580645,5.954196310386875,0.0960354243610786,0.0,1.0,0.0,0.0,1.0,0.0,1.0,0.0,0.0,0.0,1.0
blackened,1,9.896482790016429e-06,16.62465268685824,9,VB,VBD,blacken,0,1,5.954196310386875,4.4960404663426326e-05,5.954196310386875,0.0161290322580645,5.954196310386875,0.0960354243610786,,,,,,,,,,,
claws,1,9.896482790016429e-06,16.62465268685824,5,NN,NNS,claw,0,1,5.954196310386875,2.5252543876171084e-05,5.954196310386875,0.0161290322580645,5.954196310386875,0.0960354243610786,,,,,,,,,,,
screwed,1,9.896482790016429e-06,16.62465268685824,7,VB,VBD,screw,0,1,5.954196310386875,2.5252543876171084e-05,5.954196310386875,0.0161290322580645,5.954196310386875,0.0960354243610786,1.0,0.0,0.0,0.0,0.0,1.0,0.0,0.0,0.0,0.0,-1.0
savagely,1,9.896482790016429e-06,16.62465268685824,8,RB,RB,savag,0,1,5.954196310386875,2.5252543876171084e-05,5.954196310386875,0.0161290322580645,5.954196310386875,0.0960354243610786,,,,,,,,,,,
finally,1,9.896482790016429e-06,16.62465268685824,7,RB,RB,final,0,1,5.954196310386875,3.968405965333828e-05,5.954196310386875,0.0161290322580645,5.954196310386875,0.0960354243610786,0.0,1.0,1.0,0.0,1.0,0.0,1.0,0.0,1.0,1.0,1.0
miau,1,9.896482790016429e-06,16.62465268685824,4,NN,NN,miau,0,1,5.954196310386875,2.5252543876171084e-05,5.954196310386875,0.0161290322580645,5.954196310386875,0.0960354243610786,,,,,,,,,,,
ropemaker,1,9.896482790016429e-06,16.62465268685824,9,NN,NN,ropemak,0,1,5.954196310386875,2.5252543876171084e-05,5.954196310386875,0.0161290322580645,5.954196310386875,0.0960354243610786,,,,,,,,,,,
stoked,1,9.896482790016429e-06,16.62465268685824,6,VB,VBD,stoke,0,1,5.954196310386875,2.5252543876171084e-05,5.954196310386875,0.0161290322580645,5.954196310386875,0.0960354243610786,,,,,,,,,,,
deck,1,9.896482790016429e-06,16.62465268685824,4,VB,VB,deck,0,1,5.954196310386875,5.3116938252808974e-05,5.954196310386875,0.0161290322580645,5.954196310386875,0.0960354243610786,,,,,,,,,,,
unbound,1,9.896482790016429e-06,16.62465268685824,7,IN,IN,unbound,0,1,5.954196310386875,2.5252543876171084e-05,5.954196310386875,0.0161290322580645,5.954196310386875,0.0960354243610786,,,,,,,,,,,
freeze,1,9.896482790016429e-06,16.62465268685824,6,VB,VB,freez,0,1,5.954196310386875,2.5252543876171084e-05,5.954196310386875,0.0161290322580645,5.954196310386875,0.0960354243610786,,,,,,,,,,,
shiver,1,9.896482790016429e-06,16.62465268685824,6,VB,VBP,shiver,0,1,5.954196310386875,2.5252543876171084e-05,5.954196310386875,0.0161290322580645,5.954196310386875,0.0960354243610786,1.0,1.0,0.0,1.0,0.0,1.0,0.0,1.0,0.0,0.0,-1.0
endured,1,9.896482790016429e-06,16.62465268685824,7,VB,VBN,endur,0,1,5.954196310386875,5.0096726322941376e-05,5.954196310386875,0.0161290322580645,5.954196310386875,0.0960354243610786,,,,,,,,,,,
sharply,1,9.896482790016429e-06,16.62465268685824,7,RB,RB,sharpli,0,1,5.954196310386875,2.5252543876171084e-05,5.954196310386875,0.0161290322580645,5.954196310386875,0.0960354243610786,,,,,,,,,,,
highway,1,9.896482790016429e-06,16.62465268685824,7,NN,NN,highway,0,1,5.954196310386875,2.5252543876171084e-05,5.954196310386875,0.0161290322580645,5.954196310386875,0.0960354243610786,,,,,,,,,,,
au,1,9.896482790016429e-06,16.62465268685824,2,NN,NNP,au,0,1,5.954196310386875,2.5252543876171084e-05,5.954196310386875,0.0161290322580645,5.954196310386875,0.0960354243610786,,,,,,,,,,,
unhappiness,1,9.896482790016429e-06,16.62465268685824,11,NN,NN,unhappi,0,1,5.954196310386875,2.5252543876171084e-05,5.954196310386875,0.0161290322580645,5.954196310386875,0.0960354243610786,0.0,0.0,0.0,0.0,0.0,1.0,0.0,1.0,0.0,0.0,-1.0
ballroom,1,9.896482790016429e-06,16.62465268685824,8,NN,NN,ballroom,0,1,5.954196310386875,4.4960404663426326e-05,5.954196310386875,0.0161290322580645,5.954196310386875,0.0960354243610786,,,,,,,,,,,
cured,1,9.896482790016429e-06,16.62465268685824,5,VB,VBN,cure,0,1,5.954196310386875,5.0096726322941376e-05,5.954196310386875,0.0161290322580645,5.954196310386875,0.0960354243610786,,,,,,,,,,,
screams,1,9.896482790016429e-06,16.62465268685824,7,NN,NNS,scream,0,1,5.954196310386875,2.5252543876171084e-05,5.954196310386875,0.0161290322580645,5.954196310386875,0.0960354243610786,,,,,,,,,,,
beyond,1,9.896482790016429e-06,16.62465268685824,6,IN,IN,beyond,0,1,5.954196310386875,4.4960404663426326e-05,5.954196310386875,0.0161290322580645,5.954196310386875,0.0960354243610786,,,,,,,,,,,
scoundrel,1,9.896482790016429e-06,16.62465268685824,9,NN,NN,scoundrel,0,1,5.954196310386875,2.5252543876171084e-05,5.954196310386875,0.0161290322580645,5.954196310386875,0.0960354243610786,1.0,0.0,1.0,1.0,0.0,1.0,0.0,0.0,0.0,1.0,-1.0
uttered,1,9.896482790016429e-06,16.62465268685824,7,VB,VBD,utter,0,1,5.954196310386875,2.5252543876171084e-05,5.954196310386875,0.0161290322580645,5.954196310386875,0.0960354243610786,,,,,,,,,,,
carts,1,9.896482790016429e-06,16.62465268685824,5,NN,NNS,cart,0,1,5.954196310386875,5.3116938252808974e-05,5.954196310386875,0.0161290322580645,5.954196310386875,0.0960354243610786,,,,,,,,,,,
mouths,1,9.896482790016429e-06,16.62465268685824,6,NN,NNS,mouth,0,1,5.954196310386875,2.5252543876171084e-05,5.954196310386875,0.0161290322580645,5.954196310386875,0.0960354243610786,,,,,,,,,,,
mutter,1,9.896482790016429e-06,16.62465268685824,6,VB,VB,mutter,0,1,5.954196310386875,2.5252543876171084e-05,5.954196310386875,0.0161290322580645,5.954196310386875,0.0960354243610786,1.0,0.0,0.0,0.0,0.0,1.0,0.0,0.0,0.0,0.0,-1.0
sculliongirl,1,9.896482790016429e-06,16.62465268685824,12,JJ,JJ,sculliongirl,0,1,5.954196310386875,4.4960404663426326e-05,5.954196310386875,0.0161290322580645,5.954196310386875,0.0960354243610786,,,,,,,,,,,
poke,1,9.896482790016429e-06,16.62465268685824,4,VB,VB,poke,0,1,5.954196310386875,2.5252543876171084e-05,5.954196310386875,0.0161290322580645,5.954196310386875,0.0960354243610786,0.0,1.0,0.0,0.0,0.0,1.0,0.0,0.0,0.0,0.0,-1.0
turninglathe,1,9.896482790016429e-06,16.62465268685824,12,NN,NN,turninglath,0,1,5.954196310386875,2.5252543876171084e-05,5.954196310386875,0.0161290322580645,5.954196310386875,0.0960354243610786,,,,,,,,,,,
confined,1,9.896482790016429e-06,16.62465268685824,8,VB,VBN,confin,0,1,5.954196310386875,5.3116938252808974e-05,5.954196310386875,0.0161290322580645,5.954196310386875,0.0960354243610786,1.0,0.0,1.0,1.0,0.0,1.0,0.0,1.0,0.0,0.0,-1.0
furskin,1,9.896482790016429e-06,16.62465268685824,7,JJ,JJ,furskin,0,1,5.954196310386875,4.4960404663426326e-05,5.954196310386875,0.0161290322580645,5.954196310386875,0.0960354243610786,,,,,,,,,,,
toasted,1,9.896482790016429e-06,16.62465268685824,7,VB,VBD,toast,0,1,5.954196310386875,4.4960404663426326e-05,5.954196310386875,0.0161290322580645,5.954196310386875,0.0960354243610786,,,,,,,,,,,
guarded,1,9.896482790016429e-06,16.62465268685824,7,VB,VBN,guard,0,1,5.954196310386875,2.5252543876171084e-05,5.954196310386875,0.0161290322580645,5.954196310386875,0.0960354243610786,,,,,,,,,,,
slopping,1,9.896482790016429e-06,16.62465268685824,8,VB,VBG,slop,0,1,5.954196310386875,5.0096726322941376e-05,5.954196310386875,0.0161290322580645,5.954196310386875,0.0960354243610786,,,,,,,,,,,
redhot,1,9.896482790016429e-06,16.62465268685824,6,JJ,JJ,redhot,0,1,5.954196310386875,2.5252543876171084e-05,5.954196310386875,0.0161290322580645,5.954196310386875,0.0960354243610786,,,,,,,,,,,
liquor,1,9.896482790016429e-06,16.62465268685824,6,NN,NN,liquor,0,1,5.954196310386875,5.0096726322941376e-05,5.954196310386875,0.0161290322580645,5.954196310386875,0.0960354243610786,1.0,0.0,0.0,0.0,1.0,1.0,0.0,1.0,0.0,0.0,-1.0
possibly,1,9.896482790016429e-06,16.62465268685824,8,RB,RB,possibl,0,1,5.954196310386875,5.3116938252808974e-05,5.954196310386875,0.0161290322580645,5.954196310386875,0.0960354243610786,,,,,,,,,,,
stationed,1,9.896482790016429e-06,16.62465268685824,9,VB,VBD,station,0,1,5.954196310386875,5.3116938252808974e-05,5.954196310386875,0.0161290322580645,5.954196310386875,0.0960354243610786,,,,,,,,,,,
persons,1,9.896482790016429e-06,16.62465268685824,7,NN,NNS,person,0,1,5.954196310386875,2.5252543876171084e-05,5.954196310386875,0.0161290322580645,5.954196310386875,0.0960354243610786,,,,,,,,,,,
hostess,1,9.896482790016429e-06,16.62465268685824,7,NN,NN,hostess,0,1,5.954196310386875,2.5252543876171084e-05,5.954196310386875,0.0161290322580645,5.954196310386875,0.0960354243610786,,,,,,,,,,,
muttering,1,9.896482790016429e-06,16.62465268685824,9,VB,VBG,mutter,0,1,5.954196310386875,2.5252543876171084e-05,5.954196310386875,0.0161290322580645,5.954196310386875,0.0960354243610786,,,,,,,,,,,
leisurely,1,9.896482790016429e-06,16.62465268685824,9,RB,RB,leisur,0,1,5.954196310386875,5.0096726322941376e-05,5.954196310386875,0.0161290322580645,5.954196310386875,0.0960354243610786,,,,,,,,,,,
beating,1,9.896482790016429e-06,16.62465268685824,7,NN,NN,beat,0,1,5.954196310386875,4.4960404663426326e-05,5.954196310386875,0.0161290322580645,5.954196310386875,0.0960354243610786,1.0,0.0,0.0,1.0,0.0,1.0,0.0,1.0,0.0,0.0,-1.0
snuff,1,9.896482790016429e-06,16.62465268685824,5,VB,VB,snuff,0,1,5.954196310386875,4.4960404663426326e-05,5.954196310386875,0.0161290322580645,5.954196310386875,0.0960354243610786,,,,,,,,,,,
cooks,1,9.896482790016429e-06,16.62465268685824,5,NN,NNS,cook,0,1,5.954196310386875,5.3116938252808974e-05,5.954196310386875,0.0161290322580645,5.954196310386875,0.0960354243610786,,,,,,,,,,,
recover,1,9.896482790016429e-06,16.62465268685824,7,VB,VB,recov,0,1,5.954196310386875,0.0001362204600866,5.954196310386875,0.0161290322580645,5.954196310386875,0.0960354243610786,,,,,,,,,,,
alarm,1,9.896482790016429e-06,16.62465268685824,5,NN,NN,alarm,0,1,5.954196310386875,0.0001362204600866,5.954196310386875,0.0161290322580645,5.954196310386875,0.0960354243610786,0.0,0.0,0.0,1.0,0.0,1.0,0.0,0.0,1.0,0.0,-1.0
flurry,1,9.896482790016429e-06,16.62465268685824,6,NN,NN,flurri,0,1,5.954196310386875,0.0001362204600866,5.954196310386875,0.0161290322580645,5.954196310386875,0.0960354243610786,,,,,,,,,,,
sheer,1,9.896482790016429e-06,16.62465268685824,5,NN,NN,sheer,0,1,5.954196310386875,0.0001905464769069,5.954196310386875,0.0161290322580645,5.954196310386875,0.0960354243610786,,,,,,,,,,,
image,1,9.896482790016429e-06,16.62465268685824,5,NN,NN,imag,0,1,5.954196310386875,4.4960404663426326e-05,5.954196310386875,0.0161290322580645,5.954196310386875,0.0960354243610786,,,,,,,,,,,
emptying,1,9.896482790016429e-06,16.62465268685824,8,VB,VBG,empti,0,1,5.954196310386875,0.0001905464769069,5.954196310386875,0.0161290322580645,5.954196310386875,0.0960354243610786,,,,,,,,,,,
quicker,1,9.896482790016429e-06,16.62465268685824,7,NN,NN,quicker,0,1,5.954196310386875,0.0001905464769069,5.954196310386875,0.0161290322580645,5.954196310386875,0.0960354243610786,,,,,,,,,,,
carelessly,1,9.896482790016429e-06,16.62465268685824,10,RB,RB,carelessli,0,1,5.954196310386875,0.0001362204600866,5.954196310386875,0.0161290322580645,5.954196310386875,0.0960354243610786,,,,,,,,,,,
blaze,1,9.896482790016429e-06,16.62465268685824,5,VB,VB,blaze,0,1,5.954196310386875,0.0001362204600866,5.954196310386875,0.0161290322580645,5.954196310386875,0.0960354243610786,1.0,0.0,0.0,0.0,0.0,1.0,0.0,0.0,0.0,0.0,-1.0
sprawl,1,9.896482790016429e-06,16.62465268685824,6,VB,VB,sprawl,0,1,5.954196310386875,2.5252543876171084e-05,5.954196310386875,0.0161290322580645,5.954196310386875,0.0960354243610786,,,,,,,,,,,
bucket,1,9.896482790016429e-06,16.62465268685824,6,NN,NN,bucket,0,1,5.954196310386875,2.5252543876171084e-05,5.954196310386875,0.0161290322580645,5.954196310386875,0.0960354243610786,,,,,,,,,,,
destroyed,1,9.896482790016429e-06,16.62465268685824,9,VB,VBN,destroy,0,1,5.954196310386875,0.0001905464769069,5.954196310386875,0.0161290322580645,5.954196310386875,0.0960354243610786,1.0,0.0,0.0,1.0,0.0,1.0,0.0,1.0,0.0,0.0,-1.0
workmen,1,9.896482790016429e-06,16.62465268685824,7,NN,NNS,workmen,0,1,5.954196310386875,4.4960404663426326e-05,5.954196310386875,0.0161290322580645,5.954196310386875,0.0960354243610786,,,,,,,,,,,
flowed,1,9.896482790016429e-06,16.62465268685824,6,VB,VBD,flow,0,1,5.954196310386875,2.5252543876171084e-05,5.954196310386875,0.0161290322580645,5.954196310386875,0.0960354243610786,,,,,,,,,,,
dull,1,9.896482790016429e-06,16.62465268685824,4,NN,NN,dull,0,1,5.954196310386875,0.0003841416974443,5.954196310386875,0.0161290322580645,5.954196310386875,0.0960354243610786,0.0,0.0,0.0,0.0,0.0,1.0,0.0,1.0,0.0,0.0,-1.0
tablecloth,1,9.896482790016429e-06,16.62465268685824,10,JJ,JJ,tablecloth,0,1,5.954196310386875,0.0003841416974443,5.954196310386875,0.0161290322580645,5.954196310386875,0.0960354243610786,,,,,,,,,,,
angered,1,9.896482790016429e-06,16.62465268685824,7,VB,VBD,anger,0,1,5.954196310386875,2.5252543876171084e-05,5.954196310386875,0.0161290322580645,5.954196310386875,0.0960354243610786,,,,,,,,,,,
howsoever,1,9.896482790016429e-06,16.62465268685824,9,RB,RB,howsoev,0,1,5.954196310386875,2.5252543876171084e-05,5.954196310386875,0.0161290322580645,5.954196310386875,0.0960354243610786,,,,,,,,,,,
bearded,1,9.896482790016429e-06,16.62465268685824,7,JJ,JJ,beard,0,1,5.954196310386875,2.5252543876171084e-05,5.954196310386875,0.0161290322580645,5.954196310386875,0.0960354243610786,,,,,,,,,,,
moaned,1,9.896482790016429e-06,16.62465268685824,6,VB,VBD,moan,0,1,5.954196310386875,2.5252543876171084e-05,5.954196310386875,0.0161290322580645,5.954196310386875,0.0960354243610786,,,,,,,,,,,
disgusted,1,9.896482790016429e-06,16.62465268685824,9,VB,VBN,disgust,0,1,5.954196310386875,0.0003841416974443,5.954196310386875,0.0161290322580645,5.954196310386875,0.0960354243610786,,,,,,,,,,,
purest,1,9.896482790016429e-06,16.62465268685824,6,JJ,JJS,purest,0,1,5.954196310386875,4.4960404663426326e-05,5.954196310386875,0.0161290322580645,5.954196310386875,0.0960354243610786,,,,,,,,,,,
verily,1,9.896482790016429e-06,16.62465268685824,6,RB,RB,verili,0,1,5.954196310386875,9.749789275236408e-05,5.954196310386875,0.0161290322580645,5.954196310386875,0.0960354243610786,0.0,0.0,0.0,0.0,0.0,0.0,1.0,0.0,0.0,1.0,1.0
yelled,1,9.896482790016429e-06,16.62465268685824,6,VB,VBD,yell,0,1,5.954196310386875,2.5252543876171084e-05,5.954196310386875,0.0161290322580645,5.954196310386875,0.0960354243610786,,,,,,,,,,,
regarded,1,9.896482790016429e-06,16.62465268685824,8,VB,VBN,regard,0,1,5.954196310386875,0.0001362204600866,5.954196310386875,0.0161290322580645,5.954196310386875,0.0960354243610786,,,,,,,,,,,
prudently,1,9.896482790016429e-06,16.62465268685824,9,RB,RB,prudent,0,1,5.954196310386875,0.0001905464769069,5.954196310386875,0.0161290322580645,5.954196310386875,0.0960354243610786,,,,,,,,,,,
breathed,1,9.896482790016429e-06,16.62465268685824,8,VB,VBD,breath,0,1,5.954196310386875,0.0001905464769069,5.954196310386875,0.0161290322580645,5.954196310386875,0.0960354243610786,,,,,,,,,,,
hissed,1,9.896482790016429e-06,16.62465268685824,6,VB,VBD,hiss,0,1,5.954196310386875,0.0001905464769069,5.954196310386875,0.0161290322580645,5.954196310386875,0.0960354243610786,,,,,,,,,,,
ventured,1,9.896482790016429e-06,16.62465268685824,8,VB,VBD,ventur,0,1,5.954196310386875,0.0001905464769069,5.954196310386875,0.0161290322580645,5.954196310386875,0.0960354243610786,,,,,,,,,,,
rushing,1,9.896482790016429e-06,16.62465268685824,7,VB,VBG,rush,0,1,5.954196310386875,0.0001905464769069,5.954196310386875,0.0161290322580645,5.954196310386875,0.0960354243610786,,,,,,,,,,,
newlybuilt,1,9.896482790016429e-06,16.62465268685824,10,JJ,JJ,newlybuilt,0,1,5.954196310386875,0.0001905464769069,5.954196310386875,0.0161290322580645,5.954196310386875,0.0960354243610786,,,,,,,,,,,
lots,1,9.896482790016429e-06,16.62465268685824,4,NN,NNS,lot,0,1,5.954196310386875,0.0001362204600866,5.954196310386875,0.0161290322580645,5.954196310386875,0.0960354243610786,,,,,,,,,,,
print,1,9.896482790016429e-06,16.62465268685824,5,NN,NN,print,0,1,5.954196310386875,9.749789275236408e-05,5.954196310386875,0.0161290322580645,5.954196310386875,0.0960354243610786,,,,,,,,,,,
tripped,1,9.896482790016429e-06,16.62465268685824,7,VB,VBD,trip,0,1,5.954196310386875,0.0001905464769069,5.954196310386875,0.0161290322580645,5.954196310386875,0.0960354243610786,,,,,,,,,,,
legitimate,1,9.896482790016429e-06,16.62465268685824,10,JJ,JJ,legitim,0,1,5.954196310386875,0.0001362204600866,5.954196310386875,0.0161290322580645,5.954196310386875,0.0960354243610786,,,,,,,,,,,
office,1,9.896482790016429e-06,16.62465268685824,6,NN,NN,offic,0,1,5.954196310386875,5.0096726322941376e-05,5.954196310386875,0.0161290322580645,5.954196310386875,0.0960354243610786,,,,,,,,,,,
barefaced,1,9.896482790016429e-06,16.62465268685824,9,JJ,JJ,barefac,0,1,5.954196310386875,0.0001362204600866,5.954196310386875,0.0161290322580645,5.954196310386875,0.0960354243610786,,,,,,,,,,,
disposition,1,9.896482790016429e-06,16.62465268685824,11,NN,NN,disposit,0,1,5.954196310386875,0.0001905464769069,5.954196310386875,0.0161290322580645,5.954196310386875,0.0960354243610786,,,,,,,,,,,
robbery,1,9.896482790016429e-06,16.62465268685824,7,NN,NN,robberi,0,1,5.954196310386875,0.0001362204600866,5.954196310386875,0.0161290322580645,5.954196310386875,0.0960354243610786,1.0,0.0,1.0,1.0,0.0,1.0,0.0,1.0,0.0,0.0,-1.0
impetuous,1,9.896482790016429e-06,16.62465268685824,9,JJ,JJ,impetu,0,1,5.954196310386875,0.0001905464769069,5.954196310386875,0.0161290322580645,5.954196310386875,0.0960354243610786,,,,,,,,,,,
credentials,1,9.896482790016429e-06,16.62465268685824,11,NN,NNS,credenti,0,1,5.954196310386875,0.0001362204600866,5.954196310386875,0.0161290322580645,5.954196310386875,0.0960354243610786,,,,,,,,,,,
forfeited,1,9.896482790016429e-06,16.62465268685824,9,VB,VBN,forfeit,0,1,5.954196310386875,0.0001362204600866,5.954196310386875,0.0161290322580645,5.954196310386875,0.0960354243610786,,,,,,,,,,,
proposition,1,9.896482790016429e-06,16.62465268685824,11,NN,NN,proposit,0,1,5.954196310386875,0.0001905464769069,5.954196310386875,0.0161290322580645,5.954196310386875,0.0960354243610786,,,,,,,,,,,
foreign,1,9.896482790016429e-06,16.62465268685824,7,JJ,JJ,foreign,0,1,5.954196310386875,0.0001905464769069,5.954196310386875,0.0161290322580645,5.954196310386875,0.0960354243610786,,,,,,,,,,,
repair,1,9.896482790016429e-06,16.62465268685824,6,NN,NN,repair,0,1,5.954196310386875,0.0001905464769069,5.954196310386875,0.0161290322580645,5.954196310386875,0.0960354243610786,,,,,,,,,,,
hunters,1,9.896482790016429e-06,16.62465268685824,7,NN,NNS,hunter,0,1,5.954196310386875,4.4960404663426326e-05,5.954196310386875,0.0161290322580645,5.954196310386875,0.0960354243610786,,,,,,,,,,,
forge,1,9.896482790016429e-06,16.62465268685824,5,NN,NN,forg,0,1,5.954196310386875,2.5252543876171084e-05,5.954196310386875,0.0161290322580645,5.954196310386875,0.0960354243610786,,,,,,,,,,,
smith,1,9.896482790016429e-06,16.62465268685824,5,NN,NN,smith,0,1,5.954196310386875,2.5252543876171084e-05,5.954196310386875,0.0161290322580645,5.954196310386875,0.0960354243610786,,,,,,,,,,,
shed,1,9.896482790016429e-06,16.62465268685824,4,VB,VBD,shed,0,1,5.954196310386875,5.3116938252808974e-05,5.954196310386875,0.0161290322580645,5.954196310386875,0.0960354243610786,,,,,,,,,,,
hullo,1,9.896482790016429e-06,16.62465268685824,5,NN,NNP,hullo,0,1,5.954196310386875,2.5252543876171084e-05,5.954196310386875,0.0161290322580645,5.954196310386875,0.0960354243610786,,,,,,,,,,,
motionless,1,9.896482790016429e-06,16.62465268685824,10,NN,NN,motionless,0,1,5.954196310386875,2.5252543876171084e-05,5.954196310386875,0.0161290322580645,5.954196310386875,0.0960354243610786,,,,,,,,,,,
poultry,1,9.896482790016429e-06,16.62465268685824,7,NN,NN,poultri,0,1,5.954196310386875,4.4960404663426326e-05,5.954196310386875,0.0161290322580645,5.954196310386875,0.0960354243610786,,,,,,,,,,,
innkeeper,1,9.896482790016429e-06,16.62465268685824,9,NN,NN,innkeep,0,1,5.954196310386875,2.5252543876171084e-05,5.954196310386875,0.0161290322580645,5.954196310386875,0.0960354243610786,,,,,,,,,,,
past,1,9.896482790016429e-06,16.62465268685824,4,RB,RB,past,0,1,5.954196310386875,2.5252543876171084e-05,5.954196310386875,0.0161290322580645,5.954196310386875,0.0960354243610786,,,,,,,,,,,
sift,1,9.896482790016429e-06,16.62465268685824,4,VB,VB,sift,0,1,5.954196310386875,4.4960404663426326e-05,5.954196310386875,0.0161290322580645,5.954196310386875,0.0960354243610786,,,,,,,,,,,
upside,1,9.896482790016429e-06,16.62465268685824,6,JJ,JJ,upsid,0,1,5.954196310386875,2.5252543876171084e-05,5.954196310386875,0.0161290322580645,5.954196310386875,0.0960354243610786,,,,,,,,,,,
thresholds,1,9.896482790016429e-06,16.62465268685824,10,NN,NNS,threshold,0,1,5.954196310386875,2.5252543876171084e-05,5.954196310386875,0.0161290322580645,5.954196310386875,0.0960354243610786,,,,,,,,,,,
plunge,1,9.896482790016429e-06,16.62465268685824,6,NN,NN,plung,0,1,5.954196310386875,5.3116938252808974e-05,5.954196310386875,0.0161290322580645,5.954196310386875,0.0960354243610786,0.0,0.0,0.0,1.0,0.0,1.0,0.0,0.0,0.0,0.0,-1.0
harmed,1,9.896482790016429e-06,16.62465268685824,6,VB,VBN,harm,0,1,5.954196310386875,5.3116938252808974e-05,5.954196310386875,0.0161290322580645,5.954196310386875,0.0960354243610786,,,,,,,,,,,
passages,1,9.896482790016429e-06,16.62465268685824,8,NN,NNS,passag,0,1,5.954196310386875,2.5252543876171084e-05,5.954196310386875,0.0161290322580645,5.954196310386875,0.0960354243610786,,,,,,,,,,,
manages,1,9.896482790016429e-06,16.62465268685824,7,VB,VBZ,manag,0,1,5.954196310386875,5.0096726322941376e-05,5.954196310386875,0.0161290322580645,5.954196310386875,0.0960354243610786,,,,,,,,,,,
quilt,1,9.896482790016429e-06,16.62465268685824,5,NN,NN,quilt,0,1,5.954196310386875,5.3116938252808974e-05,5.954196310386875,0.0161290322580645,5.954196310386875,0.0960354243610786,,,,,,,,,,,
embers,1,9.896482790016429e-06,16.62465268685824,6,NN,NNS,ember,0,1,5.954196310386875,2.5252543876171084e-05,5.954196310386875,0.0161290322580645,5.954196310386875,0.0960354243610786,,,,,,,,,,,
fanned,1,9.896482790016429e-06,16.62465268685824,6,VB,VBD,fan,0,1,5.954196310386875,2.5252543876171084e-05,5.954196310386875,0.0161290322580645,5.954196310386875,0.0960354243610786,,,,,,,,,,,
pronounce,1,9.896482790016429e-06,16.62465268685824,9,VB,VB,pronounc,0,1,5.954196310386875,5.3116938252808974e-05,5.954196310386875,0.0161290322580645,5.954196310386875,0.0960354243610786,,,,,,,,,,,
vermin,1,9.896482790016429e-06,16.62465268685824,6,FW,FW,vermin,0,1,5.954196310386875,2.5252543876171084e-05,5.954196310386875,0.0161290322580645,5.954196310386875,0.0960354243610786,1.0,0.0,1.0,1.0,0.0,1.0,0.0,0.0,0.0,0.0,-1.0
sentence,1,9.896482790016429e-06,16.62465268685824,8,NN,NN,sentenc,0,1,5.954196310386875,5.3116938252808974e-05,5.954196310386875,0.0161290322580645,5.954196310386875,0.0960354243610786,1.0,1.0,1.0,1.0,0.0,1.0,0.0,1.0,0.0,0.0,-1.0
spoil,1,9.896482790016429e-06,16.62465268685824,5,VB,VB,spoil,0,1,5.954196310386875,5.0096726322941376e-05,5.954196310386875,0.0161290322580645,5.954196310386875,0.0960354243610786,0.0,0.0,1.0,0.0,0.0,1.0,0.0,0.0,0.0,0.0,-1.0
cuttingknife,1,9.896482790016429e-06,16.62465268685824,12,NN,NN,cuttingknif,0,1,5.954196310386875,2.5252543876171084e-05,5.954196310386875,0.0161290322580645,5.954196310386875,0.0960354243610786,,,,,,,,,,,
stoke,1,9.896482790016429e-06,16.62465268685824,5,VB,VB,stoke,0,1,5.954196310386875,2.5252543876171084e-05,5.954196310386875,0.0161290322580645,5.954196310386875,0.0960354243610786,,,,,,,,,,,
besmeared,1,9.896482790016429e-06,16.62465268685824,9,VB,VBD,besmear,0,1,5.954196310386875,4.4960404663426326e-05,5.954196310386875,0.0161290322580645,5.954196310386875,0.0960354243610786,,,,,,,,,,,
walled,1,9.896482790016429e-06,16.62465268685824,6,VB,VBD,wall,0,1,5.954196310386875,5.3116938252808974e-05,5.954196310386875,0.0161290322580645,5.954196310386875,0.0960354243610786,,,,,,,,,,,
suckle,1,9.896482790016429e-06,16.62465268685824,6,VB,VB,suckl,0,1,5.954196310386875,5.3116938252808974e-05,5.954196310386875,0.0161290322580645,5.954196310386875,0.0960354243610786,,,,,,,,,,,
fiend,1,9.896482790016429e-06,16.62465268685824,5,NN,NN,fiend,0,1,5.954196310386875,2.5252543876171084e-05,5.954196310386875,0.0161290322580645,5.954196310386875,0.0960354243610786,1.0,0.0,1.0,1.0,0.0,1.0,0.0,0.0,0.0,0.0,-1.0
strangle,1,9.896482790016429e-06,16.62465268685824,8,VB,VB,strangl,0,1,5.954196310386875,2.5252543876171084e-05,5.954196310386875,0.0161290322580645,5.954196310386875,0.0960354243610786,1.0,0.0,1.0,1.0,0.0,1.0,0.0,1.0,1.0,0.0,-1.0
bruised,1,9.896482790016429e-06,16.62465268685824,7,VB,VBN,bruis,0,1,5.954196310386875,5.0096726322941376e-05,5.954196310386875,0.0161290322580645,5.954196310386875,0.0960354243610786,,,,,,,,,,,
circulate,1,9.896482790016429e-06,16.62465268685824,9,VB,VB,circul,0,1,5.954196310386875,2.5252543876171084e-05,5.954196310386875,0.0161290322580645,5.954196310386875,0.0960354243610786,,,,,,,,,,,
halfpence,1,9.896482790016429e-06,16.62465268685824,9,NN,NN,halfpenc,0,1,5.954196310386875,0.0003841416974443,5.954196310386875,0.0161290322580645,5.954196310386875,0.0960354243610786,,,,,,,,,,,
furs,1,9.896482790016429e-06,16.62465268685824,4,NN,NN,fur,0,1,5.954196310386875,4.4960404663426326e-05,5.954196310386875,0.0161290322580645,5.954196310386875,0.0960354243610786,,,,,,,,,,,
ice,1,9.896482790016429e-06,16.62465268685824,3,NN,NN,ice,0,1,5.954196310386875,2.5252543876171084e-05,5.954196310386875,0.0161290322580645,5.954196310386875,0.0960354243610786,,,,,,,,,,,
beckoned,1,9.896482790016429e-06,16.62465268685824,8,VB,VBD,beckon,0,1,5.954196310386875,2.5252543876171084e-05,5.954196310386875,0.0161290322580645,5.954196310386875,0.0960354243610786,,,,,,,,,,,
grandson,1,9.896482790016429e-06,16.62465268685824,8,NN,NN,grandson,0,1,5.954196310386875,0.0003841416974443,5.954196310386875,0.0161290322580645,5.954196310386875,0.0960354243610786,,,,,,,,,,,
shuddered,1,9.896482790016429e-06,16.62465268685824,9,VB,VBD,shudder,0,1,5.954196310386875,2.5252543876171084e-05,5.954196310386875,0.0161290322580645,5.954196310386875,0.0960354243610786,,,,,,,,,,,
farthings,1,9.896482790016429e-06,16.62465268685824,9,NN,NNS,farth,0,1,5.954196310386875,2.5252543876171084e-05,5.954196310386875,0.0161290322580645,5.954196310386875,0.0960354243610786,,,,,,,,,,,
inquire,1,9.896482790016429e-06,16.62465268685824,7,VB,VB,inquir,0,1,5.954196310386875,2.5252543876171084e-05,5.954196310386875,0.0161290322580645,5.954196310386875,0.0960354243610786,,,,,,,,,,,
hurrah,1,9.896482790016429e-06,16.62465268685824,6,NN,NNP,hurrah,0,1,5.954196310386875,2.5252543876171084e-05,5.954196310386875,0.0161290322580645,5.954196310386875,0.0960354243610786,0.0,0.0,0.0,0.0,1.0,0.0,1.0,0.0,0.0,0.0,1.0
balls,1,9.896482790016429e-06,16.62465268685824,5,NN,NNS,ball,0,1,5.954196310386875,2.5252543876171084e-05,5.954196310386875,0.0161290322580645,5.954196310386875,0.0960354243610786,,,,,,,,,,,
bits,1,9.896482790016429e-06,16.62465268685824,4,NN,NNS,bit,0,1,5.954196310386875,0.0003841416974443,5.954196310386875,0.0161290322580645,5.954196310386875,0.0960354243610786,,,,,,,,,,,
join,1,9.896482790016429e-06,16.62465268685824,4,VB,VB,join,0,1,5.954196310386875,2.5252543876171084e-05,5.954196310386875,0.0161290322580645,5.954196310386875,0.0960354243610786,,,,,,,,,,,
spill,1,9.896482790016429e-06,16.62465268685824,5,VB,VB,spill,0,1,5.954196310386875,0.0003841416974443,5.954196310386875,0.0161290322580645,5.954196310386875,0.0960354243610786,,,,,,,,,,,
fastest,1,9.896482790016429e-06,16.62465268685824,7,JJ,JJS,fastest,0,1,5.954196310386875,5.0096726322941376e-05,5.954196310386875,0.0161290322580645,5.954196310386875,0.0960354243610786,,,,,,,,,,,
musing,1,9.896482790016429e-06,16.62465268685824,6,VB,VBG,muse,0,1,5.954196310386875,5.0096726322941376e-05,5.954196310386875,0.0161290322580645,5.954196310386875,0.0960354243610786,,,,,,,,,,,
halfhour,1,9.896482790016429e-06,16.62465268685824,8,JJ,JJ,halfhour,0,1,5.954196310386875,4.4960404663426326e-05,5.954196310386875,0.0161290322580645,5.954196310386875,0.0960354243610786,,,,,,,,,,,
waitingmaids,1,9.896482790016429e-06,16.62465268685824,12,NN,NNS,waitingmaid,0,1,5.954196310386875,5.3116938252808974e-05,5.954196310386875,0.0161290322580645,5.954196310386875,0.0960354243610786,,,,,,,,,,,
blacken,1,9.896482790016429e-06,16.62465268685824,7,VB,VB,blacken,0,1,5.954196310386875,4.4960404663426326e-05,5.954196310386875,0.0161290322580645,5.954196310386875,0.0960354243610786,,,,,,,,,,,
glee,1,9.896482790016429e-06,16.62465268685824,4,NN,NN,glee,0,1,5.954196310386875,0.0001027116838086,5.954196310386875,0.0161290322580645,5.954196310386875,0.0960354243610786,0.0,0.0,0.0,0.0,1.0,0.0,1.0,0.0,0.0,0.0,1.0
sprinkle,1,9.896482790016429e-06,16.62465268685824,8,VB,VB,sprinkl,0,1,5.954196310386875,6.510876227869739e-05,5.954196310386875,0.0161290322580645,5.954196310386875,0.0960354243610786,,,,,,,,,,,
observe,1,9.896482790016429e-06,16.62465268685824,7,VB,VB,observ,0,1,5.954196310386875,0.0001027116838086,5.954196310386875,0.0161290322580645,5.954196310386875,0.0960354243610786,,,,,,,,,,,
explain,1,9.896482790016429e-06,16.62465268685824,7,VB,VB,explain,0,1,5.954196310386875,6.510876227869739e-05,5.954196310386875,0.0161290322580645,5.954196310386875,0.0960354243610786,0.0,0.0,0.0,0.0,0.0,0.0,1.0,0.0,0.0,1.0,1.0
crabs,1,9.896482790016429e-06,16.62465268685824,5,NN,NNS,crab,0,1,5.954196310386875,0.0001232803907074,5.954196310386875,0.0161290322580645,5.954196310386875,0.0960354243610786,,,,,,,,,,,
mistake,1,9.896482790016429e-06,16.62465268685824,7,VB,VB,mistak,0,1,5.954196310386875,6.510876227869739e-05,5.954196310386875,0.0161290322580645,5.954196310386875,0.0960354243610786,0.0,0.0,0.0,0.0,0.0,1.0,0.0,1.0,0.0,0.0,-1.0
spoilt,1,9.896482790016429e-06,16.62465268685824,6,VB,VBN,spoilt,0,1,5.954196310386875,0.0001027116838086,5.954196310386875,0.0161290322580645,5.954196310386875,0.0960354243610786,,,,,,,,,,,
enormous,1,9.896482790016429e-06,16.62465268685824,8,JJ,JJ,enorm,0,1,5.954196310386875,0.0001027116838086,5.954196310386875,0.0161290322580645,5.954196310386875,0.0960354243610786,,,,,,,,,,,
inward,1,9.896482790016429e-06,16.62465268685824,6,NN,NN,inward,0,1,5.954196310386875,6.510876227869739e-05,5.954196310386875,0.0161290322580645,5.954196310386875,0.0960354243610786,,,,,,,,,,,
fault,1,9.896482790016429e-06,16.62465268685824,5,NN,NN,fault,0,1,5.954196310386875,6.510876227869739e-05,5.954196310386875,0.0161290322580645,5.954196310386875,0.0960354243610786,0.0,0.0,0.0,0.0,0.0,1.0,0.0,1.0,0.0,0.0,-1.0
suitable,1,9.896482790016429e-06,16.62465268685824,8,JJ,JJ,suitabl,0,1,5.954196310386875,6.510876227869739e-05,5.954196310386875,0.0161290322580645,5.954196310386875,0.0960354243610786,,,,,,,,,,,
reaching,1,9.896482790016429e-06,16.62465268685824,8,VB,VBG,reach,0,1,5.954196310386875,6.510876227869739e-05,5.954196310386875,0.0161290322580645,5.954196310386875,0.0960354243610786,,,,,,,,,,,
provided,1,9.896482790016429e-06,16.62465268685824,8,VB,VBD,provid,0,1,5.954196310386875,6.510876227869739e-05,5.954196310386875,0.0161290322580645,5.954196310386875,0.0960354243610786,,,,,,,,,,,
wherewith,1,9.896482790016429e-06,16.62465268685824,9,NN,NN,wherewith,0,1,5.954196310386875,0.0001027116838086,5.954196310386875,0.0161290322580645,5.954196310386875,0.0960354243610786,,,,,,,,,,,
dismounted,1,9.896482790016429e-06,16.62465268685824,10,VB,VBD,dismount,0,1,5.954196310386875,3.968405965333828e-05,5.954196310386875,0.0161290322580645,5.954196310386875,0.0960354243610786,,,,,,,,,,,
exclaimed,1,9.896482790016429e-06,16.62465268685824,9,VB,VBD,exclaim,0,1,5.954196310386875,3.968405965333828e-05,5.954196310386875,0.0161290322580645,5.954196310386875,0.0960354243610786,,,,,,,,,,,
carve,1,9.896482790016429e-06,16.62465268685824,5,VB,VB,carv,0,1,5.954196310386875,0.0001027116838086,5.954196310386875,0.0161290322580645,5.954196310386875,0.0960354243610786,,,,,,,,,,,
visible,1,9.896482790016429e-06,16.62465268685824,7,JJ,JJ,visibl,0,1,5.954196310386875,3.968405965333828e-05,5.954196310386875,0.0161290322580645,5.954196310386875,0.0960354243610786,,,,,,,,,,,
sharpened,1,9.896482790016429e-06,16.62465268685824,9,VB,VBD,sharpen,0,1,5.954196310386875,0.0001027116838086,5.954196310386875,0.0161290322580645,5.954196310386875,0.0960354243610786,,,,,,,,,,,
decide,1,9.896482790016429e-06,16.62465268685824,6,VB,VB,decid,0,1,5.954196310386875,3.968405965333828e-05,5.954196310386875,0.0161290322580645,5.954196310386875,0.0960354243610786,,,,,,,,,,,
obstacle,1,9.896482790016429e-06,16.62465268685824,8,NN,NN,obstacl,0,1,5.954196310386875,3.968405965333828e-05,5.954196310386875,0.0161290322580645,5.954196310386875,0.0960354243610786,1.0,0.0,0.0,1.0,0.0,1.0,0.0,1.0,0.0,0.0,-1.0
proper,1,9.896482790016429e-06,16.62465268685824,6,JJ,JJ,proper,0,1,5.954196310386875,0.0001119293990222,5.954196310386875,0.0161290322580645,5.954196310386875,0.0960354243610786,,,,,,,,,,,
darkest,1,9.896482790016429e-06,16.62465268685824,7,JJ,JJS,darkest,0,1,5.954196310386875,6.510876227869739e-05,5.954196310386875,0.0161290322580645,5.954196310386875,0.0960354243610786,,,,,,,,,,,
rider,1,9.896482790016429e-06,16.62465268685824,5,NN,NN,rider,0,1,5.954196310386875,3.968405965333828e-05,5.954196310386875,0.0161290322580645,5.954196310386875,0.0960354243610786,,,,,,,,,,,
remaining,1,9.896482790016429e-06,16.62465268685824,9,VB,VBG,remain,0,1,5.954196310386875,6.510876227869739e-05,5.954196310386875,0.0161290322580645,5.954196310386875,0.0960354243610786,,,,,,,,,,,
sum,1,9.896482790016429e-06,16.62465268685824,3,NN,NN,sum,0,1,5.954196310386875,0.0001232803907074,5.954196310386875,0.0161290322580645,5.954196310386875,0.0960354243610786,,,,,,,,,,,
daintily,1,9.896482790016429e-06,16.62465268685824,8,RB,RB,daintili,0,1,5.954196310386875,0.0001027116838086,5.954196310386875,0.0161290322580645,5.954196310386875,0.0960354243610786,,,,,,,,,,,
scalded,1,9.896482790016429e-06,16.62465268685824,7,VB,VBD,scald,0,1,5.954196310386875,0.0001027116838086,5.954196310386875,0.0161290322580645,5.954196310386875,0.0960354243610786,,,,,,,,,,,
fished,1,9.896482790016429e-06,16.62465268685824,6,VB,VBN,fish,0,1,5.954196310386875,0.0001119293990222,5.954196310386875,0.0161290322580645,5.954196310386875,0.0960354243610786,,,,,,,,,,,
mixed,1,9.896482790016429e-06,16.62465268685824,5,VB,VBD,mix,0,1,5.954196310386875,6.510876227869739e-05,5.954196310386875,0.0161290322580645,5.954196310386875,0.0960354243610786,,,,,,,,,,,
ceased,1,9.896482790016429e-06,16.62465268685824,6,VB,VBD,ceas,0,1,5.954196310386875,6.510876227869739e-05,5.954196310386875,0.0161290322580645,5.954196310386875,0.0960354243610786,,,,,,,,,,,
suppers,1,9.896482790016429e-06,16.62465268685824,7,NN,NNS,supper,0,1,5.954196310386875,6.510876227869739e-05,5.954196310386875,0.0161290322580645,5.954196310386875,0.0960354243610786,,,,,,,,,,,
juiciest,1,9.896482790016429e-06,16.62465268685824,8,NN,NN,juiciest,0,1,5.954196310386875,0.0001027116838086,5.954196310386875,0.0161290322580645,5.954196310386875,0.0960354243610786,,,,,,,,,,,
murdered,1,9.896482790016429e-06,16.62465268685824,8,JJ,JJ,murder,0,1,5.954196310386875,6.510876227869739e-05,5.954196310386875,0.0161290322580645,5.954196310386875,0.0960354243610786,,,,,,,,,,,
sweat,1,9.896482790016429e-06,16.62465268685824,5,NN,NN,sweat,0,1,5.954196310386875,0.0001027116838086,5.954196310386875,0.0161290322580645,5.954196310386875,0.0960354243610786,,,,,,,,,,,
basted,1,9.896482790016429e-06,16.62465268685824,6,VB,VBD,bast,0,1,5.954196310386875,0.0001027116838086,5.954196310386875,0.0161290322580645,5.954196310386875,0.0960354243610786,,,,,,,,,,,
crouched,1,9.896482790016429e-06,16.62465268685824,8,VB,VBN,crouch,0,1,5.954196310386875,6.510876227869739e-05,5.954196310386875,0.0161290322580645,5.954196310386875,0.0960354243610786,,,,,,,,,,,
hardest,1,9.896482790016429e-06,16.62465268685824,7,JJ,JJS,hardest,0,1,5.954196310386875,0.0001119293990222,5.954196310386875,0.0161290322580645,5.954196310386875,0.0960354243610786,,,,,,,,,,,
crew,1,9.896482790016429e-06,16.62465268685824,4,NN,NN,crew,0,1,5.954196310386875,6.510876227869739e-05,5.954196310386875,0.0161290322580645,5.954196310386875,0.0960354243610786,,,,,,,,,,,
switzerland,1,9.896482790016429e-06,16.62465268685824,11,NN,NNP,switzerland,0,1,5.954196310386875,0.000101410163,5.954196310386875,0.0161290322580645,5.954196310386875,0.0960354243610786,,,,,,,,,,,
eaters,1,9.896482790016429e-06,16.62465268685824,6,NN,NNS,eater,0,1,5.954196310386875,6.510876227869739e-05,5.954196310386875,0.0161290322580645,5.954196310386875,0.0960354243610786,,,,,,,,,,,
interrupted,1,9.896482790016429e-06,16.62465268685824,11,VB,VBN,interrupt,0,1,5.954196310386875,0.0001027116838086,5.954196310386875,0.0161290322580645,5.954196310386875,0.0960354243610786,0.0,0.0,0.0,0.0,0.0,1.0,0.0,1.0,0.0,0.0,-1.0
restore,1,9.896482790016429e-06,16.62465268685824,7,VB,VB,restor,0,1,5.954196310386875,0.0001232803907074,5.954196310386875,0.0161290322580645,5.954196310386875,0.0960354243610786,,,,,,,,,,,
syrup,1,9.896482790016429e-06,16.62465268685824,5,NN,NN,syrup,0,1,5.954196310386875,0.0001119293990222,5.954196310386875,0.0161290322580645,5.954196310386875,0.0960354243610786,,,,,,,,,,,
spoonful,1,9.896482790016429e-06,16.62465268685824,8,NN,NN,spoon,0,1,5.954196310386875,0.0001119293990222,5.954196310386875,0.0161290322580645,5.954196310386875,0.0960354243610786,,,,,,,,,,,
afternoon,1,9.896482790016429e-06,16.62465268685824,9,NN,NN,afternoon,0,1,5.954196310386875,3.968405965333828e-05,5.954196310386875,0.0161290322580645,5.954196310386875,0.0960354243610786,,,,,,,,,,,
rendered,1,9.896482790016429e-06,16.62465268685824,8,VB,VBD,render,0,1,5.954196310386875,3.968405965333828e-05,5.954196310386875,0.0161290322580645,5.954196310386875,0.0960354243610786,,,,,,,,,,,
renewed,1,9.896482790016429e-06,16.62465268685824,7,VB,VBN,renew,0,1,5.954196310386875,6.510876227869739e-05,5.954196310386875,0.0161290322580645,5.954196310386875,0.0960354243610786,,,,,,,,,,,
previous,1,9.896482790016429e-06,16.62465268685824,8,JJ,JJ,previou,0,1,5.954196310386875,3.968405965333828e-05,5.954196310386875,0.0161290322580645,5.954196310386875,0.0960354243610786,,,,,,,,,,,
persistent,1,9.896482790016429e-06,16.62465268685824,10,JJ,JJ,persist,0,1,5.954196310386875,3.968405965333828e-05,5.954196310386875,0.0161290322580645,5.954196310386875,0.0960354243610786,,,,,,,,,,,
ahead,1,9.896482790016429e-06,16.62465268685824,5,RB,RB,ahead,0,1,5.954196310386875,3.968405965333828e-05,5.954196310386875,0.0161290322580645,5.954196310386875,0.0960354243610786,,,,,,,,,,,
glimmer,1,9.896482790016429e-06,16.62465268685824,7,JJ,JJ,glimmer,0,1,5.954196310386875,3.968405965333828e-05,5.954196310386875,0.0161290322580645,5.954196310386875,0.0960354243610786,0.0,1.0,0.0,0.0,1.0,0.0,1.0,0.0,1.0,0.0,1.0
calves,1,9.896482790016429e-06,16.62465268685824,6,NN,NNS,calv,0,1,5.954196310386875,0.0001059993646369,5.954196310386875,0.0161290322580645,5.954196310386875,0.0960354243610786,,,,,,,,,,,
binds,1,9.896482790016429e-06,16.62465268685824,5,VB,VBZ,bind,0,1,5.954196310386875,0.0001059993646369,5.954196310386875,0.0161290322580645,5.954196310386875,0.0960354243610786,,,,,,,,,,,
begun,1,9.896482790016429e-06,16.62465268685824,5,VB,VBN,begun,0,1,5.954196310386875,3.968405965333828e-05,5.954196310386875,0.0161290322580645,5.954196310386875,0.0960354243610786,,,,,,,,,,,
darker,1,9.896482790016429e-06,16.62465268685824,6,NN,NN,darker,0,1,5.954196310386875,3.968405965333828e-05,5.954196310386875,0.0161290322580645,5.954196310386875,0.0960354243610786,,,,,,,,,,,
leads,1,9.896482790016429e-06,16.62465268685824,5,VB,VBZ,lead,0,1,5.954196310386875,0.0001059993646369,5.954196310386875,0.0161290322580645,5.954196310386875,0.0960354243610786,,,,,,,,,,,
wailing,1,9.896482790016429e-06,16.62465268685824,7,NN,NN,wail,0,1,5.954196310386875,3.968405965333828e-05,5.954196310386875,0.0161290322580645,5.954196310386875,0.0960354243610786,,,,,,,,,,,
kicks,1,9.896482790016429e-06,16.62465268685824,5,VB,VBZ,kick,0,1,5.954196310386875,0.0001059993646369,5.954196310386875,0.0161290322580645,5.954196310386875,0.0960354243610786,,,,,,,,,,,
height,1,9.896482790016429e-06,16.62465268685824,6,NN,NN,height,0,1,5.954196310386875,3.968405965333828e-05,5.954196310386875,0.0161290322580645,5.954196310386875,0.0960354243610786,,,,,,,,,,,
sadder,1,9.896482790016429e-06,16.62465268685824,6,NN,NN,sadder,0,1,5.954196310386875,3.968405965333828e-05,5.954196310386875,0.0161290322580645,5.954196310386875,0.0960354243610786,,,,,,,,,,,
fourteen,1,9.896482790016429e-06,16.62465268685824,8,JJ,JJ,fourteen,0,1,5.954196310386875,3.968405965333828e-05,5.954196310386875,0.0161290322580645,5.954196310386875,0.0960354243610786,,,,,,,,,,,
lamented,1,9.896482790016429e-06,16.62465268685824,8,VB,VBD,lament,0,1,5.954196310386875,0.0001027116838086,5.954196310386875,0.0161290322580645,5.954196310386875,0.0960354243610786,,,,,,,,,,,
accomplish,1,9.896482790016429e-06,16.62465268685824,10,VB,VB,accomplish,0,1,5.954196310386875,3.968405965333828e-05,5.954196310386875,0.0161290322580645,5.954196310386875,0.0960354243610786,0.0,0.0,0.0,0.0,1.0,0.0,1.0,0.0,0.0,0.0,1.0
follows,1,9.896482790016429e-06,16.62465268685824,7,VB,VBZ,follow,0,1,5.954196310386875,0.0001059993646369,5.954196310386875,0.0161290322580645,5.954196310386875,0.0960354243610786,,,,,,,,,,,
drags,1,9.896482790016429e-06,16.62465268685824,5,VB,VBZ,drag,0,1,5.954196310386875,0.0001059993646369,5.954196310386875,0.0161290322580645,5.954196310386875,0.0960354243610786,,,,,,,,,,,
particulars,1,9.896482790016429e-06,16.62465268685824,11,NN,NNS,particular,0,1,5.954196310386875,3.968405965333828e-05,5.954196310386875,0.0161290322580645,5.954196310386875,0.0960354243610786,,,,,,,,,,,
suffocated,1,9.896482790016429e-06,16.62465268685824,10,VB,VBN,suffoc,0,1,5.954196310386875,0.0001059993646369,5.954196310386875,0.0161290322580645,5.954196310386875,0.0960354243610786,,,,,,,,,,,
efforts,1,9.896482790016429e-06,16.62465268685824,7,NN,NNS,effort,0,1,5.954196310386875,3.968405965333828e-05,5.954196310386875,0.0161290322580645,5.954196310386875,0.0960354243610786,,,,,,,,,,,
contrast,1,9.896482790016429e-06,16.62465268685824,8,NN,NN,contrast,0,1,5.954196310386875,3.968405965333828e-05,5.954196310386875,0.0161290322580645,5.954196310386875,0.0960354243610786,,,,,,,,,,,
immense,1,9.896482790016429e-06,16.62465268685824,7,JJ,JJ,immens,0,1,5.954196310386875,3.968405965333828e-05,5.954196310386875,0.0161290322580645,5.954196310386875,0.0960354243610786,,,,,,,,,,,
dispute,1,9.896482790016429e-06,16.62465268685824,7,NN,NN,disput,0,1,5.954196310386875,3.968405965333828e-05,5.954196310386875,0.0161290322580645,5.954196310386875,0.0960354243610786,1.0,0.0,0.0,0.0,0.0,1.0,0.0,0.0,0.0,0.0,-1.0
politely,1,9.896482790016429e-06,16.62465268685824,8,RB,RB,polit,0,1,5.954196310386875,0.0001027116838086,5.954196310386875,0.0161290322580645,5.954196310386875,0.0960354243610786,,,,,,,,,,,
successive,1,9.896482790016429e-06,16.62465268685824,10,JJ,JJ,success,0,1,5.954196310386875,3.968405965333828e-05,5.954196310386875,0.0161290322580645,5.954196310386875,0.0960354243610786,,,,,,,,,,,
paused,1,9.896482790016429e-06,16.62465268685824,6,VB,VBD,paus,0,1,5.954196310386875,3.968405965333828e-05,5.954196310386875,0.0161290322580645,5.954196310386875,0.0960354243610786,,,,,,,,,,,
attempted,1,9.896482790016429e-06,16.62465268685824,9,VB,VBD,attempt,0,1,5.954196310386875,3.968405965333828e-05,5.954196310386875,0.0161290322580645,5.954196310386875,0.0960354243610786,,,,,,,,,,,
slippery,1,9.896482790016429e-06,16.62465268685824,8,JJ,JJ,slipperi,0,1,5.954196310386875,3.968405965333828e-05,5.954196310386875,0.0161290322580645,5.954196310386875,0.0960354243610786,,,,,,,,,,,
situated,1,9.896482790016429e-06,16.62465268685824,8,VB,VBD,situat,0,1,5.954196310386875,3.968405965333828e-05,5.954196310386875,0.0161290322580645,5.954196310386875,0.0960354243610786,,,,,,,,,,,
remainder,1,9.896482790016429e-06,16.62465268685824,9,NN,NN,remaind,0,1,5.954196310386875,3.968405965333828e-05,5.954196310386875,0.0161290322580645,5.954196310386875,0.0960354243610786,,,,,,,,,,,
leagues,1,9.896482790016429e-06,16.62465268685824,7,NN,NNS,leagu,0,1,5.954196310386875,3.968405965333828e-05,5.954196310386875,0.0161290322580645,5.954196310386875,0.0960354243610786,,,,,,,,,,,
doctored,1,9.896482790016429e-06,16.62465268685824,8,VB,VBN,doctor,0,1,5.954196310386875,0.0001232803907074,5.954196310386875,0.0161290322580645,5.954196310386875,0.0960354243610786,,,,,,,,,,,
provisions,1,9.896482790016429e-06,16.62465268685824,10,NN,NNS,provis,0,1,5.954196310386875,3.968405965333828e-05,5.954196310386875,0.0161290322580645,5.954196310386875,0.0960354243610786,,,,,,,,,,,
persuaded,1,9.896482790016429e-06,16.62465268685824,9,VB,VBN,persuad,0,1,5.954196310386875,3.968405965333828e-05,5.954196310386875,0.0161290322580645,5.954196310386875,0.0960354243610786,,,,,,,,,,,
frontispiece,1,9.896482790016429e-06,16.62465268685824,12,NN,NN,frontispiec,0,1,5.954196310386875,0.0001232803907074,5.954196310386875,0.0161290322580645,5.954196310386875,0.0960354243610786,,,,,,,,,,,
appointed,1,9.896482790016429e-06,16.62465268685824,9,VB,VBN,appoint,0,1,5.954196310386875,3.968405965333828e-05,5.954196310386875,0.0161290322580645,5.954196310386875,0.0960354243610786,,,,,,,,,,,
villages,1,9.896482790016429e-06,16.62465268685824,8,NN,NNS,villag,0,1,5.954196310386875,3.968405965333828e-05,5.954196310386875,0.0161290322580645,5.954196310386875,0.0960354243610786,,,,,,,,,,,
towns,1,9.896482790016429e-06,16.62465268685824,5,NN,NNS,town,0,1,5.954196310386875,3.968405965333828e-05,5.954196310386875,0.0161290322580645,5.954196310386875,0.0960354243610786,,,,,,,,,,,
medicine,1,9.896482790016429e-06,16.62465268685824,8,VB,VB,medicin,0,1,5.954196310386875,0.0001232803907074,5.954196310386875,0.0161290322580645,5.954196310386875,0.0960354243610786,,,,,,,,,,,
direct,1,9.896482790016429e-06,16.62465268685824,6,VB,VB,direct,0,1,5.954196310386875,3.968405965333828e-05,5.954196310386875,0.0161290322580645,5.954196310386875,0.0960354243610786,,,,,,,,,,,
noises,1,9.896482790016429e-06,16.62465268685824,6,NN,NNS,nois,0,1,5.954196310386875,3.968405965333828e-05,5.954196310386875,0.0161290322580645,5.954196310386875,0.0960354243610786,,,,,,,,,,,
unconsumed,1,9.896482790016429e-06,16.62465268685824,10,JJ,JJ,unconsum,0,1,5.954196310386875,3.968405965333828e-05,5.954196310386875,0.0161290322580645,5.954196310386875,0.0960354243610786,,,,,,,,,,,
indoors,1,9.896482790016429e-06,16.62465268685824,7,NN,NNS,indoor,0,1,5.954196310386875,3.968405965333828e-05,5.954196310386875,0.0161290322580645,5.954196310386875,0.0960354243610786,,,,,,,,,,,
satisfy,1,9.896482790016429e-06,16.62465268685824,7,VB,VB,satisfi,0,1,5.954196310386875,3.968405965333828e-05,5.954196310386875,0.0161290322580645,5.954196310386875,0.0960354243610786,,,,,,,,,,,
succeeded,1,9.896482790016429e-06,16.62465268685824,9,VB,VBD,succeed,0,1,5.954196310386875,0.0001119293990222,5.954196310386875,0.0161290322580645,5.954196310386875,0.0960354243610786,,,,,,,,,,,
undertook,1,9.896482790016429e-06,16.62465268685824,9,VB,VBD,undertook,0,1,5.954196310386875,0.0001119293990222,5.954196310386875,0.0161290322580645,5.954196310386875,0.0960354243610786,,,,,,,,,,,
insisted,1,9.896482790016429e-06,16.62465268685824,8,VB,VBN,insist,0,1,5.954196310386875,5.3116938252808974e-05,5.954196310386875,0.0161290322580645,5.954196310386875,0.0960354243610786,,,,,,,,,,,
fortunes,1,9.896482790016429e-06,16.62465268685824,8,NN,NNS,fortun,0,1,5.954196310386875,0.0001119293990222,5.954196310386875,0.0161290322580645,5.954196310386875,0.0960354243610786,,,,,,,,,,,
stipulated,1,9.896482790016429e-06,16.62465268685824,10,VB,VBD,stipul,0,1,5.954196310386875,7.177535452995414e-05,5.954196310386875,0.0161290322580645,5.954196310386875,0.0960354243610786,,,,,,,,,,,
engraved,1,9.896482790016429e-06,16.62465268685824,8,VB,VBN,engrav,0,1,5.954196310386875,3.968405965333828e-05,5.954196310386875,0.0161290322580645,5.954196310386875,0.0960354243610786,,,,,,,,,,,
mortal,1,9.896482790016429e-06,16.62465268685824,6,JJ,JJ,mortal,0,1,5.954196310386875,9.48966643884176e-05,5.954196310386875,0.0161290322580645,5.954196310386875,0.0960354243610786,,,,,,,,,,,
sense,1,9.896482790016429e-06,16.62465268685824,5,NN,NN,sens,0,1,5.954196310386875,7.177535452995414e-05,5.954196310386875,0.0161290322580645,5.954196310386875,0.0960354243610786,,,,,,,,,,,
merciful,1,9.896482790016429e-06,16.62465268685824,8,JJ,JJ,merci,0,1,5.954196310386875,5.3116938252808974e-05,5.954196310386875,0.0161290322580645,5.954196310386875,0.0960354243610786,,,,,,,,,,,
coughing,1,9.896482790016429e-06,16.62465268685824,8,VB,VBG,cough,0,1,5.954196310386875,7.177535452995414e-05,5.954196310386875,0.0161290322580645,5.954196310386875,0.0960354243610786,,,,,,,,,,,
unwrapped,1,9.896482790016429e-06,16.62465268685824,9,VB,VBD,unwrap,0,1,5.954196310386875,9.48966643884176e-05,5.954196310386875,0.0161290322580645,5.954196310386875,0.0960354243610786,,,,,,,,,,,
unlock,1,9.896482790016429e-06,16.62465268685824,6,VB,VB,unlock,0,1,5.954196310386875,9.48966643884176e-05,5.954196310386875,0.0161290322580645,5.954196310386875,0.0960354243610786,,,,,,,,,,,
consumed,1,9.896482790016429e-06,16.62465268685824,8,VB,VBD,consum,0,1,5.954196310386875,5.3116938252808974e-05,5.954196310386875,0.0161290322580645,5.954196310386875,0.0960354243610786,,,,,,,,,,,
wasteful,1,9.896482790016429e-06,16.62465268685824,8,JJ,JJ,wast,0,1,5.954196310386875,0.0001119293990222,5.954196310386875,0.0161290322580645,5.954196310386875,0.0960354243610786,1.0,0.0,1.0,0.0,0.0,1.0,0.0,1.0,0.0,0.0,-1.0
nighttime,1,9.896482790016429e-06,16.62465268685824,9,JJ,JJ,nighttim,0,1,5.954196310386875,2.5252543876171084e-05,5.954196310386875,0.0161290322580645,5.954196310386875,0.0960354243610786,,,,,,,,,,,
chilly,1,9.896482790016429e-06,16.62465268685824,6,RB,RB,chilli,0,1,5.954196310386875,9.48966643884176e-05,5.954196310386875,0.0161290322580645,5.954196310386875,0.0960354243610786,,,,,,,,,,,
unexpected,1,9.896482790016429e-06,16.62465268685824,10,JJ,JJ,unexpect,0,1,5.954196310386875,7.177535452995414e-05,5.954196310386875,0.0161290322580645,5.954196310386875,0.0960354243610786,0.0,1.0,0.0,1.0,1.0,1.0,1.0,0.0,1.0,0.0,0.0
foolishly,1,9.896482790016429e-06,16.62465268685824,9,RB,RB,foolishli,0,1,5.954196310386875,9.48966643884176e-05,5.954196310386875,0.0161290322580645,5.954196310386875,0.0960354243610786,,,,,,,,,,,
pitchers,1,9.896482790016429e-06,16.62465268685824,8,NN,NNS,pitcher,0,1,5.954196310386875,9.48966643884176e-05,5.954196310386875,0.0161290322580645,5.954196310386875,0.0960354243610786,,,,,,,,,,,
peering,1,9.896482790016429e-06,16.62465268685824,7,NN,NN,peer,0,1,5.954196310386875,7.177535452995414e-05,5.954196310386875,0.0161290322580645,5.954196310386875,0.0960354243610786,,,,,,,,,,,
masons,1,9.896482790016429e-06,16.62465268685824,6,NN,NNS,mason,0,1,5.954196310386875,7.177535452995414e-05,5.954196310386875,0.0161290322580645,5.954196310386875,0.0960354243610786,,,,,,,,,,,
accidentally,1,9.896482790016429e-06,16.62465268685824,12,RB,RB,accident,0,1,5.954196310386875,7.177535452995414e-05,5.954196310386875,0.0161290322580645,5.954196310386875,0.0960354243610786,,,,,,,,,,,
future,1,9.896482790016429e-06,16.62465268685824,6,NN,NN,futur,0,1,5.954196310386875,7.177535452995414e-05,5.954196310386875,0.0161290322580645,5.954196310386875,0.0960354243610786,,,,,,,,,,,
insignificant,1,9.896482790016429e-06,16.62465268685824,13,JJ,JJ,insignific,0,1,5.954196310386875,0.0001119293990222,5.954196310386875,0.0161290322580645,5.954196310386875,0.0960354243610786,1.0,0.0,0.0,0.0,0.0,1.0,0.0,1.0,0.0,0.0,-1.0
sensible,1,9.896482790016429e-06,16.62465268685824,8,JJ,JJ,sensibl,0,1,5.954196310386875,2.5252543876171084e-05,5.954196310386875,0.0161290322580645,5.954196310386875,0.0960354243610786,,,,,,,,,,,
depended,1,9.896482790016429e-06,16.62465268685824,8,VB,VBD,depend,0,1,5.954196310386875,5.3116938252808974e-05,5.954196310386875,0.0161290322580645,5.954196310386875,0.0960354243610786,,,,,,,,,,,
outdoing,1,9.896482790016429e-06,16.62465268685824,8,VB,VBG,outdo,0,1,5.954196310386875,7.177535452995414e-05,5.954196310386875,0.0161290322580645,5.954196310386875,0.0960354243610786,,,,,,,,,,,
formed,1,9.896482790016429e-06,16.62465268685824,6,VB,VBD,form,0,1,5.954196310386875,5.3116938252808974e-05,5.954196310386875,0.0161290322580645,5.954196310386875,0.0960354243610786,,,,,,,,,,,
principal,1,9.896482790016429e-06,16.62465268685824,9,JJ,JJ,princip,0,1,5.954196310386875,5.3116938252808974e-05,5.954196310386875,0.0161290322580645,5.954196310386875,0.0960354243610786,0.0,0.0,0.0,0.0,0.0,0.0,1.0,0.0,0.0,1.0,1.0
arise,1,9.896482790016429e-06,16.62465268685824,5,VB,VB,aris,0,1,5.954196310386875,2.5252543876171084e-05,5.954196310386875,0.0161290322580645,5.954196310386875,0.0960354243610786,,,,,,,,,,,
starry,1,9.896482790016429e-06,16.62465268685824,6,NN,NN,starri,0,1,5.954196310386875,4.4960404663426326e-05,5.954196310386875,0.0161290322580645,5.954196310386875,0.0960354243610786,0.0,1.0,0.0,0.0,1.0,0.0,1.0,0.0,0.0,0.0,1.0
polish,1,9.896482790016429e-06,16.62465268685824,6,VB,VB,polish,0,1,5.954196310386875,2.5252543876171084e-05,5.954196310386875,0.0161290322580645,5.954196310386875,0.0960354243610786,,,,,,,,,,,
faring,1,9.896482790016429e-06,16.62465268685824,6,VB,VBG,fare,0,1,5.954196310386875,5.3116938252808974e-05,5.954196310386875,0.0161290322580645,5.954196310386875,0.0960354243610786,,,,,,,,,,,
wooed,1,9.896482790016429e-06,16.62465268685824,5,VB,VBD,woo,0,1,5.954196310386875,7.177535452995414e-05,5.954196310386875,0.0161290322580645,5.954196310386875,0.0960354243610786,,,,,,,,,,,
backward,1,9.896482790016429e-06,16.62465268685824,8,RB,RB,backward,0,1,5.954196310386875,2.5252543876171084e-05,5.954196310386875,0.0161290322580645,5.954196310386875,0.0960354243610786,,,,,,,,,,,
bend,1,9.896482790016429e-06,16.62465268685824,4,VB,VB,bend,0,1,5.954196310386875,2.5252543876171084e-05,5.954196310386875,0.0161290322580645,5.954196310386875,0.0960354243610786,,,,,,,,,,,
perished,1,9.896482790016429e-06,16.62465268685824,8,VB,VBN,perish,0,1,5.954196310386875,5.3116938252808974e-05,5.954196310386875,0.0161290322580645,5.954196310386875,0.0960354243610786,0.0,0.0,0.0,0.0,0.0,1.0,0.0,1.0,0.0,0.0,-1.0
sickle,1,9.896482790016429e-06,16.62465268685824,6,NN,NN,sickl,0,1,5.954196310386875,2.5252543876171084e-05,5.954196310386875,0.0161290322580645,5.954196310386875,0.0960354243610786,,,,,,,,,,,
churchyard,1,9.896482790016429e-06,16.62465268685824,10,NN,NN,churchyard,0,1,5.954196310386875,2.5252543876171084e-05,5.954196310386875,0.0161290322580645,5.954196310386875,0.0960354243610786,,,,,,,,,,,
blockhead,1,9.896482790016429e-06,16.62465268685824,9,NN,NN,blockhead,0,1,5.954196310386875,2.5252543876171084e-05,5.954196310386875,0.0161290322580645,5.954196310386875,0.0960354243610786,,,,,,,,,,,
marshal,1,9.896482790016429e-06,16.62465268685824,7,NN,NN,marshal,0,1,5.954196310386875,5.3116938252808974e-05,5.954196310386875,0.0161290322580645,5.954196310386875,0.0960354243610786,0.0,0.0,0.0,0.0,0.0,0.0,1.0,0.0,0.0,1.0,1.0
cur,1,9.896482790016429e-06,16.62465268685824,3,JJ,JJ,cur,0,1,5.954196310386875,5.0096726322941376e-05,5.954196310386875,0.0161290322580645,5.954196310386875,0.0960354243610786,1.0,0.0,1.0,1.0,0.0,1.0,0.0,0.0,0.0,0.0,-1.0
works,1,9.896482790016429e-06,16.62465268685824,5,NN,NNS,work,0,1,5.954196310386875,2.5252543876171084e-05,5.954196310386875,0.0161290322580645,5.954196310386875,0.0960354243610786,,,,,,,,,,,
listeners,1,9.896482790016429e-06,16.62465268685824,9,NN,NNS,listen,0,1,5.954196310386875,2.5252543876171084e-05,5.954196310386875,0.0161290322580645,5.954196310386875,0.0960354243610786,,,,,,,,,,,
rascally,1,9.896482790016429e-06,16.62465268685824,8,RB,RB,rascal,0,1,5.954196310386875,5.0096726322941376e-05,5.954196310386875,0.0161290322580645,5.954196310386875,0.0960354243610786,,,,,,,,,,,
tenderly,1,9.896482790016429e-06,16.62465268685824,8,RB,RB,tenderli,0,1,5.954196310386875,5.3116938252808974e-05,5.954196310386875,0.0161290322580645,5.954196310386875,0.0960354243610786,,,,,,,,,,,
stories,1,9.896482790016429e-06,16.62465268685824,7,NN,NNS,stori,0,1,5.954196310386875,2.5252543876171084e-05,5.954196310386875,0.0161290322580645,5.954196310386875,0.0960354243610786,,,,,,,,,,,
dismal,1,9.896482790016429e-06,16.62465268685824,6,JJ,JJ,dismal,0,1,5.954196310386875,2.5252543876171084e-05,5.954196310386875,0.0161290322580645,5.954196310386875,0.0960354243610786,0.0,0.0,1.0,1.0,0.0,1.0,0.0,1.0,0.0,0.0,-1.0
piteously,1,9.896482790016429e-06,16.62465268685824,9,RB,RB,piteous,0,1,5.954196310386875,7.177535452995414e-05,5.954196310386875,0.0161290322580645,5.954196310386875,0.0960354243610786,,,,,,,,,,,
begins,1,9.896482790016429e-06,16.62465268685824,6,VB,VBZ,begin,0,1,5.954196310386875,4.349430451135807e-05,5.954196310386875,0.0161290322580645,5.954196310386875,0.0960354243610786,,,,,,,,,,,
sprouted,1,9.896482790016429e-06,16.62465268685824,8,VB,VBN,sprout,0,1,5.954196310386875,6.510876227869739e-05,5.954196310386875,0.0161290322580645,5.954196310386875,0.0960354243610786,,,,,,,,,,,
recital,1,9.896482790016429e-06,16.62465268685824,7,NN,NN,recit,0,1,5.954196310386875,6.510876227869739e-05,5.954196310386875,0.0161290322580645,5.954196310386875,0.0960354243610786,,,,,,,,,,,
insects,1,9.896482790016429e-06,16.62465268685824,7,NN,NNS,insect,0,1,5.954196310386875,0.0001119293990222,5.954196310386875,0.0161290322580645,5.954196310386875,0.0960354243610786,,,,,,,,,,,
wicket,1,9.896482790016429e-06,16.62465268685824,6,NN,NN,wicket,0,1,5.954196310386875,0.0001119293990222,5.954196310386875,0.0161290322580645,5.954196310386875,0.0960354243610786,,,,,,,,,,,
pages,1,9.896482790016429e-06,16.62465268685824,5,NN,NNS,page,0,1,5.954196310386875,0.0001232803907074,5.954196310386875,0.0161290322580645,5.954196310386875,0.0960354243610786,,,,,,,,,,,
hereupon,1,9.896482790016429e-06,16.62465268685824,8,NN,NNP,hereupon,0,1,5.954196310386875,7.177535452995414e-05,5.954196310386875,0.0161290322580645,5.954196310386875,0.0960354243610786,,,,,,,,,,,
band,1,9.896482790016429e-06,16.62465268685824,4,NN,NN,band,0,1,5.954196310386875,6.510876227869739e-05,5.954196310386875,0.0161290322580645,5.954196310386875,0.0960354243610786,,,,,,,,,,,
tablets,1,9.896482790016429e-06,16.62465268685824,7,NN,NNS,tablet,0,1,5.954196310386875,0.0001119293990222,5.954196310386875,0.0161290322580645,5.954196310386875,0.0960354243610786,,,,,,,,,,,
murderous,1,9.896482790016429e-06,16.62465268685824,9,JJ,JJ,murder,0,1,5.954196310386875,6.510876227869739e-05,5.954196310386875,0.0161290322580645,5.954196310386875,0.0960354243610786,1.0,0.0,1.0,1.0,0.0,1.0,0.0,1.0,1.0,0.0,-1.0
delivered,1,9.896482790016429e-06,16.62465268685824,9,VB,VBD,deliv,0,1,5.954196310386875,6.510876227869739e-05,5.954196310386875,0.0161290322580645,5.954196310386875,0.0960354243610786,,,,,,,,,,,
deadly,1,9.896482790016429e-06,16.62465268685824,6,RB,RB,deadli,0,1,5.954196310386875,6.510876227869739e-05,5.954196310386875,0.0161290322580645,5.954196310386875,0.0960354243610786,1.0,0.0,1.0,1.0,0.0,1.0,0.0,1.0,0.0,0.0,-1.0
containing,1,9.896482790016429e-06,16.62465268685824,10,VB,VBG,contain,0,1,5.954196310386875,0.0001119293990222,5.954196310386875,0.0161290322580645,5.954196310386875,0.0960354243610786,,,,,,,,,,,
tugging,1,9.896482790016429e-06,16.62465268685824,7,VB,VBG,tug,0,1,5.954196310386875,4.349430451135807e-05,5.954196310386875,0.0161290322580645,5.954196310386875,0.0960354243610786,,,,,,,,,,,
shewed,1,9.896482790016429e-06,16.62465268685824,6,VB,VBD,shew,0,1,5.954196310386875,6.510876227869739e-05,5.954196310386875,0.0161290322580645,5.954196310386875,0.0960354243610786,,,,,,,,,,,
denounce,1,9.896482790016429e-06,16.62465268685824,8,VB,VB,denounc,0,1,5.954196310386875,0.0001232803907074,5.954196310386875,0.0161290322580645,5.954196310386875,0.0960354243610786,1.0,0.0,1.0,0.0,0.0,1.0,0.0,0.0,0.0,0.0,-1.0
excites,1,9.896482790016429e-06,16.62465268685824,7,VB,VBZ,excit,0,1,5.954196310386875,0.0001027116838086,5.954196310386875,0.0161290322580645,5.954196310386875,0.0960354243610786,,,,,,,,,,,
relations,1,9.896482790016429e-06,16.62465268685824,9,NN,NNS,relat,0,1,5.954196310386875,6.510876227869739e-05,5.954196310386875,0.0161290322580645,5.954196310386875,0.0960354243610786,,,,,,,,,,,
invite,1,9.896482790016429e-06,16.62465268685824,6,VB,VB,invit,0,1,5.954196310386875,6.510876227869739e-05,5.954196310386875,0.0161290322580645,5.954196310386875,0.0960354243610786,0.0,1.0,0.0,0.0,1.0,0.0,1.0,0.0,1.0,1.0,1.0
moonlight,1,9.896482790016429e-06,16.62465268685824,9,NN,NN,moonlight,0,1,5.954196310386875,6.510876227869739e-05,5.954196310386875,0.0161290322580645,5.954196310386875,0.0960354243610786,,,,,,,,,,,
guide,1,9.896482790016429e-06,16.62465268685824,5,VB,VB,guid,0,1,5.954196310386875,6.510876227869739e-05,5.954196310386875,0.0161290322580645,5.954196310386875,0.0960354243610786,0.0,0.0,0.0,0.0,0.0,0.0,1.0,0.0,0.0,1.0,1.0
sufficiently,1,9.896482790016429e-06,16.62465268685824,12,RB,RB,suffici,0,1,5.954196310386875,6.510876227869739e-05,5.954196310386875,0.0161290322580645,5.954196310386875,0.0960354243610786,,,,,,,,,,,
belonging,1,9.896482790016429e-06,16.62465268685824,9,NN,NN,belong,0,1,5.954196310386875,0.0001119293990222,5.954196310386875,0.0161290322580645,5.954196310386875,0.0960354243610786,,,,,,,,,,,
uncertain,1,9.896482790016429e-06,16.62465268685824,9,JJ,JJ,uncertain,0,1,5.954196310386875,7.177535452995414e-05,5.954196310386875,0.0161290322580645,5.954196310386875,0.0960354243610786,1.0,0.0,1.0,1.0,0.0,1.0,0.0,0.0,1.0,0.0,-1.0
net,1,9.896482790016429e-06,16.62465268685824,3,NN,NN,net,0,1,5.954196310386875,7.177535452995414e-05,5.954196310386875,0.0161290322580645,5.954196310386875,0.0960354243610786,,,,,,,,,,,
scorches,1,9.896482790016429e-06,16.62465268685824,8,NN,NNS,scorch,0,1,5.954196310386875,4.349430451135807e-05,5.954196310386875,0.0161290322580645,5.954196310386875,0.0960354243610786,,,,,,,,,,,
cabbages,1,9.896482790016429e-06,16.62465268685824,8,NN,NNS,cabbag,0,1,5.954196310386875,4.349430451135807e-05,5.954196310386875,0.0161290322580645,5.954196310386875,0.0960354243610786,,,,,,,,,,,
dash,1,9.896482790016429e-06,16.62465268685824,4,VB,VB,dash,0,1,5.954196310386875,7.177535452995414e-05,5.954196310386875,0.0161290322580645,5.954196310386875,0.0960354243610786,,,,,,,,,,,
stained,1,9.896482790016429e-06,16.62465268685824,7,VB,VBD,stain,0,1,5.954196310386875,4.349430451135807e-05,5.954196310386875,0.0161290322580645,5.954196310386875,0.0960354243610786,,,,,,,,,,,
wandering,1,9.896482790016429e-06,16.62465268685824,9,VB,VBG,wander,0,1,5.954196310386875,4.349430451135807e-05,5.954196310386875,0.0161290322580645,5.954196310386875,0.0960354243610786,,,,,,,,,,,
enable,1,9.896482790016429e-06,16.62465268685824,6,VB,VB,enabl,0,1,5.954196310386875,4.349430451135807e-05,5.954196310386875,0.0161290322580645,5.954196310386875,0.0960354243610786,0.0,0.0,0.0,0.0,0.0,0.0,1.0,0.0,0.0,1.0,1.0
brains,1,9.896482790016429e-06,16.62465268685824,6,NN,NNS,brain,0,1,5.954196310386875,7.177535452995414e-05,5.954196310386875,0.0161290322580645,5.954196310386875,0.0960354243610786,,,,,,,,,,,
bites,1,9.896482790016429e-06,16.62465268685824,5,NN,NNS,bite,0,1,5.954196310386875,4.349430451135807e-05,5.954196310386875,0.0161290322580645,5.954196310386875,0.0960354243610786,,,,,,,,,,,
strengthen,1,9.896482790016429e-06,16.62465268685824,10,VB,VB,strengthen,0,1,5.954196310386875,4.349430451135807e-05,5.954196310386875,0.0161290322580645,5.954196310386875,0.0960354243610786,,,,,,,,,,,
pears,1,9.896482790016429e-06,16.62465268685824,5,NN,NNS,pear,0,1,5.954196310386875,4.349430451135807e-05,5.954196310386875,0.0161290322580645,5.954196310386875,0.0960354243610786,,,,,,,,,,,
crackle,1,9.896482790016429e-06,16.62465268685824,7,VB,VB,crackl,0,1,5.954196310386875,5.0096726322941376e-05,5.954196310386875,0.0161290322580645,5.954196310386875,0.0960354243610786,,,,,,,,,,,
greens,1,9.896482790016429e-06,16.62465268685824,6,NN,NNS,green,0,1,5.954196310386875,4.349430451135807e-05,5.954196310386875,0.0161290322580645,5.954196310386875,0.0960354243610786,,,,,,,,,,,
heaped,1,9.896482790016429e-06,16.62465268685824,6,VB,VBD,heap,0,1,5.954196310386875,4.349430451135807e-05,5.954196310386875,0.0161290322580645,5.954196310386875,0.0960354243610786,,,,,,,,,,,
worm,1,9.896482790016429e-06,16.62465268685824,4,NN,NN,worm,0,1,5.954196310386875,4.349430451135807e-05,5.954196310386875,0.0161290322580645,5.954196310386875,0.0960354243610786,0.0,1.0,0.0,0.0,0.0,1.0,0.0,0.0,1.0,0.0,-1.0
anthill,1,9.896482790016429e-06,16.62465268685824,7,NN,NN,anthil,0,1,5.954196310386875,0.0001119293990222,5.954196310386875,0.0161290322580645,5.954196310386875,0.0960354243610786,,,,,,,,,,,
feigning,1,9.896482790016429e-06,16.62465268685824,8,VB,VBG,feign,0,1,5.954196310386875,4.349430451135807e-05,5.954196310386875,0.0161290322580645,5.954196310386875,0.0960354243610786,,,,,,,,,,,
tricked,1,9.896482790016429e-06,16.62465268685824,7,VB,VBN,trick,0,1,5.954196310386875,4.349430451135807e-05,5.954196310386875,0.0161290322580645,5.954196310386875,0.0960354243610786,,,,,,,,,,,
fowler,1,9.896482790016429e-06,16.62465268685824,6,NN,NN,fowler,0,1,5.954196310386875,7.177535452995414e-05,5.954196310386875,0.0161290322580645,5.954196310386875,0.0960354243610786,,,,,,,,,,,
rare,1,9.896482790016429e-06,16.62465268685824,4,JJ,JJ,rare,0,1,5.954196310386875,4.349430451135807e-05,5.954196310386875,0.0161290322580645,5.954196310386875,0.0960354243610786,,,,,,,,,,,
brings,1,9.896482790016429e-06,16.62465268685824,6,VB,VBZ,bring,0,1,5.954196310386875,4.349430451135807e-05,5.954196310386875,0.0161290322580645,5.954196310386875,0.0960354243610786,,,,,,,,,,,
renowned,1,9.896482790016429e-06,16.62465268685824,8,JJ,JJ,renown,0,1,5.954196310386875,0.0001232803907074,5.954196310386875,0.0161290322580645,5.954196310386875,0.0960354243610786,,,,,,,,,,,
carries,1,9.896482790016429e-06,16.62465268685824,7,VB,VBZ,carri,0,1,5.954196310386875,4.349430451135807e-05,5.954196310386875,0.0161290322580645,5.954196310386875,0.0960354243610786,,,,,,,,,,,
event,1,9.896482790016429e-06,16.62465268685824,5,NN,NN,event,0,1,5.954196310386875,0.0001905464769069,5.954196310386875,0.0161290322580645,5.954196310386875,0.0960354243610786,,,,,,,,,,,
jeremiah,1,9.896482790016429e-06,16.62465268685824,8,NN,NNP,jeremiah,0,1,5.954196310386875,8.36545508371765e-05,5.954196310386875,0.0161290322580645,5.954196310386875,0.0960354243610786,,,,,,,,,,,
suspicious,1,9.896482790016429e-06,16.62465268685824,10,JJ,JJ,suspici,0,1,5.954196310386875,9.749789275236408e-05,5.954196310386875,0.0161290322580645,5.954196310386875,0.0960354243610786,1.0,1.0,0.0,0.0,0.0,1.0,0.0,0.0,0.0,0.0,-1.0
presented,1,9.896482790016429e-06,16.62465268685824,9,VB,VBD,present,0,1,5.954196310386875,0.0002348054385356,5.954196310386875,0.0161290322580645,5.954196310386875,0.0960354243610786,,,,,,,,,,,
limb,1,9.896482790016429e-06,16.62465268685824,4,NN,NN,limb,0,1,5.954196310386875,0.0002348054385356,5.954196310386875,0.0161290322580645,5.954196310386875,0.0960354243610786,,,,,,,,,,,
frolick,1,9.896482790016429e-06,16.62465268685824,7,JJ,JJ,frolick,0,1,5.954196310386875,3.383912063462954e-05,5.954196310386875,0.0161290322580645,5.954196310386875,0.0960354243610786,,,,,,,,,,,
feasted,1,9.896482790016429e-06,16.62465268685824,7,VB,VBD,feast,0,1,5.954196310386875,3.383912063462954e-05,5.954196310386875,0.0161290322580645,5.954196310386875,0.0960354243610786,,,,,,,,,,,
summons,1,9.896482790016429e-06,16.62465268685824,7,NN,NNS,summon,0,1,5.954196310386875,3.383912063462954e-05,5.954196310386875,0.0161290322580645,5.954196310386875,0.0960354243610786,,,,,,,,,,,
borne,1,9.896482790016429e-06,16.62465268685824,5,VB,VBN,born,0,1,5.954196310386875,3.383912063462954e-05,5.954196310386875,0.0161290322580645,5.954196310386875,0.0960354243610786,,,,,,,,,,,
forgiven,1,9.896482790016429e-06,16.62465268685824,8,VB,VBN,forgiven,0,1,5.954196310386875,3.383912063462954e-05,5.954196310386875,0.0161290322580645,5.954196310386875,0.0960354243610786,,,,,,,,,,,
errand,1,9.896482790016429e-06,16.62465268685824,6,NN,NN,errand,0,1,5.954196310386875,3.383912063462954e-05,5.954196310386875,0.0161290322580645,5.954196310386875,0.0960354243610786,0.0,1.0,0.0,0.0,0.0,0.0,1.0,0.0,0.0,1.0,1.0
righthand,1,9.896482790016429e-06,16.62465268685824,9,JJ,JJ,righthand,0,1,5.954196310386875,3.383912063462954e-05,5.954196310386875,0.0161290322580645,5.954196310386875,0.0960354243610786,,,,,,,,,,,
grieves,1,9.896482790016429e-06,16.62465268685824,7,VB,VBZ,griev,0,1,5.954196310386875,3.383912063462954e-05,5.954196310386875,0.0161290322580645,5.954196310386875,0.0960354243610786,,,,,,,,,,,
guiltless,1,9.896482790016429e-06,16.62465268685824,9,JJ,JJ,guiltless,0,1,5.954196310386875,3.383912063462954e-05,5.954196310386875,0.0161290322580645,5.954196310386875,0.0960354243610786,,,,,,,,,,,
embassies,1,9.896482790016429e-06,16.62465268685824,9,NN,NNS,embassi,0,1,5.954196310386875,3.383912063462954e-05,5.954196310386875,0.0161290322580645,5.954196310386875,0.0960354243610786,,,,,,,,,,,
ahunting,1,9.896482790016429e-06,16.62465268685824,8,VB,VBG,ahunt,0,1,5.954196310386875,3.383912063462954e-05,5.954196310386875,0.0161290322580645,5.954196310386875,0.0960354243610786,,,,,,,,,,,
chief,1,9.896482790016429e-06,16.62465268685824,5,NN,NN,chief,0,1,5.954196310386875,3.383912063462954e-05,5.954196310386875,0.0161290322580645,5.954196310386875,0.0960354243610786,,,,,,,,,,,
blamed,1,9.896482790016429e-06,16.62465268685824,6,VB,VBD,blame,0,1,5.954196310386875,3.383912063462954e-05,5.954196310386875,0.0161290322580645,5.954196310386875,0.0960354243610786,,,,,,,,,,,
healed,1,9.896482790016429e-06,16.62465268685824,6,VB,VBN,heal,0,1,5.954196310386875,3.383912063462954e-05,5.954196310386875,0.0161290322580645,5.954196310386875,0.0960354243610786,,,,,,,,,,,
ruin,1,9.896482790016429e-06,16.62465268685824,4,VB,VB,ruin,0,1,5.954196310386875,3.383912063462954e-05,5.954196310386875,0.0161290322580645,5.954196310386875,0.0960354243610786,0.0,0.0,0.0,1.0,0.0,1.0,0.0,1.0,0.0,0.0,-1.0
countries,1,9.896482790016429e-06,16.62465268685824,9,NN,NNS,countri,0,1,5.954196310386875,3.383912063462954e-05,5.954196310386875,0.0161290322580645,5.954196310386875,0.0960354243610786,,,,,,,,,,,
befriended,1,9.896482790016429e-06,16.62465268685824,10,VB,VBD,befriend,0,1,5.954196310386875,3.383912063462954e-05,5.954196310386875,0.0161290322580645,5.954196310386875,0.0960354243610786,,,,,,,,,,,
slew,1,9.896482790016429e-06,16.62465268685824,4,VB,VBD,slew,0,1,5.954196310386875,3.383912063462954e-05,5.954196310386875,0.0161290322580645,5.954196310386875,0.0960354243610786,,,,,,,,,,,
famine,1,9.896482790016429e-06,16.62465268685824,6,NN,NN,famin,0,1,5.954196310386875,3.383912063462954e-05,5.954196310386875,0.0161290322580645,5.954196310386875,0.0960354243610786,0.0,0.0,0.0,0.0,0.0,1.0,0.0,1.0,0.0,0.0,-1.0
waste,1,9.896482790016429e-06,16.62465268685824,5,NN,NN,wast,0,1,5.954196310386875,3.383912063462954e-05,5.954196310386875,0.0161290322580645,5.954196310386875,0.0960354243610786,0.0,0.0,1.0,0.0,0.0,1.0,0.0,0.0,0.0,0.0,-1.0
illbehaved,1,9.896482790016429e-06,16.62465268685824,10,JJ,JJ,illbehav,0,1,5.954196310386875,3.383912063462954e-05,5.954196310386875,0.0161290322580645,5.954196310386875,0.0960354243610786,,,,,,,,,,,
armies,1,9.896482790016429e-06,16.62465268685824,6,NN,NNS,armi,0,1,5.954196310386875,3.383912063462954e-05,5.954196310386875,0.0161290322580645,5.954196310386875,0.0960354243610786,,,,,,,,,,,
slay,1,9.896482790016429e-06,16.62465268685824,4,NN,NN,slay,0,1,5.954196310386875,3.383912063462954e-05,5.954196310386875,0.0161290322580645,5.954196310386875,0.0960354243610786,1.0,0.0,0.0,0.0,0.0,1.0,0.0,0.0,0.0,0.0,-1.0
striking,1,9.896482790016429e-06,16.62465268685824,8,VB,VBG,strike,0,1,5.954196310386875,3.383912063462954e-05,5.954196310386875,0.0161290322580645,5.954196310386875,0.0960354243610786,,,,,,,,,,,
scenes,1,9.896482790016429e-06,16.62465268685824,6,NN,NNS,scene,0,1,5.954196310386875,3.383912063462954e-05,5.954196310386875,0.0161290322580645,5.954196310386875,0.0960354243610786,,,,,,,,,,,
shady,1,9.896482790016429e-06,16.62465268685824,5,JJ,JJ,shadi,0,1,5.954196310386875,3.383912063462954e-05,5.954196310386875,0.0161290322580645,5.954196310386875,0.0960354243610786,0.0,0.0,0.0,1.0,0.0,1.0,0.0,0.0,0.0,0.0,-1.0
fits,1,9.896482790016429e-06,16.62465268685824,4,NN,NNS,fit,0,1,5.954196310386875,3.709363629242126e-05,5.954196310386875,0.0161290322580645,5.954196310386875,0.0960354243610786,1.0,0.0,0.0,0.0,0.0,1.0,0.0,0.0,0.0,0.0,-1.0
waking,1,9.896482790016429e-06,16.62465268685824,6,VB,VBG,wake,0,1,5.954196310386875,0.0002348054385356,5.954196310386875,0.0161290322580645,5.954196310386875,0.0960354243610786,,,,,,,,,,,
quieted,1,9.896482790016429e-06,16.62465268685824,7,VB,VBN,quiet,0,1,5.954196310386875,3.383912063462954e-05,5.954196310386875,0.0161290322580645,5.954196310386875,0.0960354243610786,,,,,,,,,,,
_my_,1,9.896482790016429e-06,16.62465268685824,4,JJ,JJ,_my_,0,1,5.954196310386875,3.709363629242126e-05,5.954196310386875,0.0161290322580645,5.954196310386875,0.0960354243610786,,,,,,,,,,,
amends,1,9.896482790016429e-06,16.62465268685824,6,NN,NNS,amend,0,1,5.954196310386875,5.953839080042072e-05,5.954196310386875,0.0161290322580645,5.954196310386875,0.0960354243610786,,,,,,,,,,,
fatten,1,9.896482790016429e-06,16.62465268685824,6,VB,VB,fatten,0,1,5.954196310386875,5.953839080042072e-05,5.954196310386875,0.0161290322580645,5.954196310386875,0.0960354243610786,,,,,,,,,,,
spared,1,9.896482790016429e-06,16.62465268685824,6,VB,VBN,spare,0,1,5.954196310386875,5.953839080042072e-05,5.954196310386875,0.0161290322580645,5.954196310386875,0.0960354243610786,,,,,,,,,,,
tone,1,9.896482790016429e-06,16.62465268685824,4,NN,NN,tone,0,1,5.954196310386875,5.953839080042072e-05,5.954196310386875,0.0161290322580645,5.954196310386875,0.0960354243610786,,,,,,,,,,,
pitiful,1,9.896482790016429e-06,16.62465268685824,7,JJ,JJ,piti,0,1,5.954196310386875,5.953839080042072e-05,5.954196310386875,0.0161290322580645,5.954196310386875,0.0960354243610786,,,,,,,,,,,
places,1,9.896482790016429e-06,16.62465268685824,6,NN,NNS,place,0,1,5.954196310386875,5.953839080042072e-05,5.954196310386875,0.0161290322580645,5.954196310386875,0.0960354243610786,,,,,,,,,,,
confidential,1,9.896482790016429e-06,16.62465268685824,12,JJ,JJ,confidenti,0,1,5.954196310386875,5.953839080042072e-05,5.954196310386875,0.0161290322580645,5.954196310386875,0.0960354243610786,,,,,,,,,,,
executed,1,9.896482790016429e-06,16.62465268685824,8,VB,VBD,execut,0,1,5.954196310386875,5.953839080042072e-05,5.954196310386875,0.0161290322580645,5.954196310386875,0.0960354243610786,,,,,,,,,,,
guilty,1,9.896482790016429e-06,16.62465268685824,6,JJ,JJ,guilti,0,1,5.954196310386875,5.953839080042072e-05,5.954196310386875,0.0161290322580645,5.954196310386875,0.0960354243610786,1.0,0.0,0.0,0.0,0.0,1.0,0.0,1.0,0.0,0.0,-1.0
suspicion,1,9.896482790016429e-06,16.62465268685824,9,NN,NN,suspicion,0,1,5.954196310386875,5.953839080042072e-05,5.954196310386875,0.0161290322580645,5.954196310386875,0.0960354243610786,0.0,0.0,0.0,1.0,0.0,1.0,0.0,0.0,0.0,0.0,-1.0
sparrows,1,9.896482790016429e-06,16.62465268685824,8,NN,NNS,sparrow,0,1,5.954196310386875,5.953839080042072e-05,5.954196310386875,0.0161290322580645,5.954196310386875,0.0960354243610786,,,,,,,,,,,
voices,1,9.896482790016429e-06,16.62465268685824,6,NN,NNS,voic,0,1,5.954196310386875,5.953839080042072e-05,5.954196310386875,0.0161290322580645,5.954196310386875,0.0960354243610786,,,,,,,,,,,
whispering,1,9.896482790016429e-06,16.62465268685824,10,NN,NN,whisper,0,1,5.954196310386875,5.953839080042072e-05,5.954196310386875,0.0161290322580645,5.954196310386875,0.0960354243610786,,,,,,,,,,,
cleared,1,9.896482790016429e-06,16.62465268685824,7,VB,VBN,clear,0,1,5.954196310386875,5.953839080042072e-05,5.954196310386875,0.0161290322580645,5.954196310386875,0.0960354243610786,,,,,,,,,,,
famed,1,9.896482790016429e-06,16.62465268685824,5,VB,VBN,fame,0,1,5.954196310386875,5.953839080042072e-05,5.954196310386875,0.0161290322580645,5.954196310386875,0.0960354243610786,,,,,,,,,,,
fling,1,9.896482790016429e-06,16.62465268685824,5,VB,VBG,fling,0,1,5.954196310386875,0.0002554133626624,5.954196310386875,0.0161290322580645,5.954196310386875,0.0960354243610786,,,,,,,,,,,
lacking,1,9.896482790016429e-06,16.62465268685824,7,VB,VBG,lack,0,1,5.954196310386875,0.0002554133626624,5.954196310386875,0.0161290322580645,5.954196310386875,0.0960354243610786,,,,,,,,,,,
possessed,1,9.896482790016429e-06,16.62465268685824,9,VB,VBN,possess,0,1,5.954196310386875,0.0002554133626624,5.954196310386875,0.0161290322580645,5.954196310386875,0.0960354243610786,1.0,0.0,1.0,1.0,0.0,1.0,0.0,0.0,0.0,0.0,-1.0
qualities,1,9.896482790016429e-06,16.62465268685824,9,NN,NNS,qualiti,0,1,5.954196310386875,0.0002554133626624,5.954196310386875,0.0161290322580645,5.954196310386875,0.0960354243610786,,,,,,,,,,,
lets,1,9.896482790016429e-06,16.62465268685824,4,VB,VBZ,let,0,1,5.954196310386875,0.0002554133626624,5.954196310386875,0.0161290322580645,5.954196310386875,0.0960354243610786,,,,,,,,,,,
stair,1,9.896482790016429e-06,16.62465268685824,5,NN,NN,stair,0,1,5.954196310386875,0.0002554133626624,5.954196310386875,0.0161290322580645,5.954196310386875,0.0960354243610786,,,,,,,,,,,
sprung,1,9.896482790016429e-06,16.62465268685824,6,VB,VBN,sprung,0,1,5.954196310386875,3.709363629242126e-05,5.954196310386875,0.0161290322580645,5.954196310386875,0.0960354243610786,,,,,,,,,,,
breaking,1,9.896482790016429e-06,16.62465268685824,8,VB,VBG,break,0,1,5.954196310386875,0.0002554133626624,5.954196310386875,0.0161290322580645,5.954196310386875,0.0960354243610786,,,,,,,,,,,
kehrewit,1,9.896482790016429e-06,16.62465268685824,8,NN,NNP,kehrewit,0,1,5.954196310386875,0.0002554133626624,5.954196310386875,0.0161290322580645,5.954196310386875,0.0960354243610786,,,,,,,,,,,
greeted,1,9.896482790016429e-06,16.62465268685824,7,VB,VBD,greet,0,1,5.954196310386875,0.0002554133626624,5.954196310386875,0.0161290322580645,5.954196310386875,0.0960354243610786,,,,,,,,,,,
rabble,1,9.896482790016429e-06,16.62465268685824,6,JJ,JJ,rabbl,0,1,5.954196310386875,0.0002348054385356,5.954196310386875,0.0161290322580645,5.954196310386875,0.0960354243610786,1.0,0.0,0.0,1.0,0.0,1.0,0.0,0.0,0.0,0.0,-1.0
cudgelled,1,9.896482790016429e-06,16.62465268685824,9,VB,VBD,cudgel,0,1,5.954196310386875,0.0002348054385356,5.954196310386875,0.0161290322580645,5.954196310386875,0.0960354243610786,,,,,,,,,,,
trance,1,9.896482790016429e-06,16.62465268685824,6,NN,NN,tranc,0,1,5.954196310386875,3.383912063462954e-05,5.954196310386875,0.0161290322580645,5.954196310386875,0.0960354243610786,,,,,,,,,,,
hasten,1,9.896482790016429e-06,16.62465268685824,6,VB,VB,hasten,0,1,5.954196310386875,3.383912063462954e-05,5.954196310386875,0.0161290322580645,5.954196310386875,0.0960354243610786,,,,,,,,,,,
prisoners,1,9.896482790016429e-06,16.62465268685824,9,NN,NNS,prison,0,1,5.954196310386875,5.953839080042072e-05,5.954196310386875,0.0161290322580645,5.954196310386875,0.0960354243610786,,,,,,,,,,,
whetted,1,9.896482790016429e-06,16.62465268685824,7,VB,VBD,whet,0,1,5.954196310386875,2.8658736007483925e-05,5.954196310386875,0.0161290322580645,5.954196310386875,0.0960354243610786,,,,,,,,,,,
havoc,1,9.896482790016429e-06,16.62465268685824,5,NN,NN,havoc,0,1,5.954196310386875,2.8658736007483925e-05,5.954196310386875,0.0161290322580645,5.954196310386875,0.0960354243610786,1.0,0.0,0.0,1.0,0.0,1.0,0.0,0.0,0.0,0.0,-1.0
demand,1,9.896482790016429e-06,16.62465268685824,6,NN,NN,demand,0,1,5.954196310386875,2.8658736007483925e-05,5.954196310386875,0.0161290322580645,5.954196310386875,0.0960354243610786,1.0,0.0,0.0,0.0,0.0,1.0,0.0,0.0,0.0,0.0,-1.0
hewed,1,9.896482790016429e-06,16.62465268685824,5,VB,VBD,hew,0,1,5.954196310386875,2.8658736007483925e-05,5.954196310386875,0.0161290322580645,5.954196310386875,0.0960354243610786,,,,,,,,,,,
ado,1,9.896482790016429e-06,16.62465268685824,3,NN,NN,ado,0,1,5.954196310386875,2.8658736007483925e-05,5.954196310386875,0.0161290322580645,5.954196310386875,0.0960354243610786,,,,,,,,,,,
fifteenth,1,9.896482790016429e-06,16.62465268685824,9,JJ,JJ,fifteenth,0,1,5.954196310386875,6.326444292561175e-05,5.954196310386875,0.0161290322580645,5.954196310386875,0.0960354243610786,,,,,,,,,,,
gore,1,9.896482790016429e-06,16.62465268685824,4,VB,VB,gore,0,1,5.954196310386875,2.8658736007483925e-05,5.954196310386875,0.0161290322580645,5.954196310386875,0.0960354243610786,1.0,0.0,1.0,1.0,0.0,1.0,0.0,1.0,0.0,0.0,-1.0
affair,1,9.896482790016429e-06,16.62465268685824,6,NN,NN,affair,0,1,5.954196310386875,2.8658736007483925e-05,5.954196310386875,0.0161290322580645,5.954196310386875,0.0960354243610786,,,,,,,,,,,
soften,1,9.896482790016429e-06,16.62465268685824,6,VB,VB,soften,0,1,5.954196310386875,6.326444292561175e-05,5.954196310386875,0.0161290322580645,5.954196310386875,0.0960354243610786,,,,,,,,,,,
roams,1,9.896482790016429e-06,16.62465268685824,5,VB,VBZ,roam,0,1,5.954196310386875,2.8658736007483925e-05,5.954196310386875,0.0161290322580645,5.954196310386875,0.0960354243610786,,,,,,,,,,,
heroic,1,9.896482790016429e-06,16.62465268685824,6,NN,NN,heroic,0,1,5.954196310386875,2.8658736007483925e-05,5.954196310386875,0.0161290322580645,5.954196310386875,0.0960354243610786,0.0,0.0,0.0,0.0,1.0,0.0,1.0,0.0,1.0,1.0,1.0
spindles,1,9.896482790016429e-06,16.62465268685824,8,NN,NNS,spindl,0,1,5.954196310386875,6.326444292561175e-05,5.954196310386875,0.0161290322580645,5.954196310386875,0.0960354243610786,,,,,,,,,,,
repented,1,9.896482790016429e-06,16.62465268685824,8,VB,VBN,repent,0,1,5.954196310386875,2.8658736007483925e-05,5.954196310386875,0.0161290322580645,5.954196310386875,0.0960354243610786,,,,,,,,,,,
demanded,1,9.896482790016429e-06,16.62465268685824,8,VB,VBD,demand,0,1,5.954196310386875,2.8658736007483925e-05,5.954196310386875,0.0161290322580645,5.954196310386875,0.0960354243610786,,,,,,,,,,,
tornup,1,9.896482790016429e-06,16.62465268685824,6,NN,NN,tornup,0,1,5.954196310386875,2.8658736007483925e-05,5.954196310386875,0.0161290322580645,5.954196310386875,0.0960354243610786,,,,,,,,,,,
concern,1,9.896482790016429e-06,16.62465268685824,7,NN,NN,concern,0,1,5.954196310386875,2.8658736007483925e-05,5.954196310386875,0.0161290322580645,5.954196310386875,0.0960354243610786,,,,,,,,,,,
defended,1,9.896482790016429e-06,16.62465268685824,8,VB,VBD,defend,0,1,5.954196310386875,2.8658736007483925e-05,5.954196310386875,0.0161290322580645,5.954196310386875,0.0960354243610786,0.0,0.0,0.0,0.0,0.0,0.0,1.0,0.0,0.0,1.0,1.0
thrusts,1,9.896482790016429e-06,16.62465268685824,7,NN,NNS,thrust,0,1,5.954196310386875,2.8658736007483925e-05,5.954196310386875,0.0161290322580645,5.954196310386875,0.0960354243610786,,,,,,,,,,,
sprint,1,9.896482790016429e-06,16.62465268685824,6,VB,VB,sprint,0,1,5.954196310386875,2.8658736007483925e-05,5.954196310386875,0.0161290322580645,5.954196310386875,0.0960354243610786,,,,,,,,,,,
belaboured,1,9.896482790016429e-06,16.62465268685824,10,VB,VBN,belabour,0,1,5.954196310386875,2.8658736007483925e-05,5.954196310386875,0.0161290322580645,5.954196310386875,0.0960354243610786,,,,,,,,,,,
coin,1,9.896482790016429e-06,16.62465268685824,4,NN,NN,coin,0,1,5.954196310386875,2.8658736007483925e-05,5.954196310386875,0.0161290322580645,5.954196310386875,0.0960354243610786,,,,,,,,,,,
madman,1,9.896482790016429e-06,16.62465268685824,6,NN,NN,madman,0,1,5.954196310386875,2.8658736007483925e-05,5.954196310386875,0.0161290322580645,5.954196310386875,0.0960354243610786,1.0,0.0,0.0,1.0,0.0,1.0,0.0,0.0,0.0,0.0,-1.0
disputed,1,9.896482790016429e-06,16.62465268685824,8,VB,VBD,disput,0,1,5.954196310386875,2.8658736007483925e-05,5.954196310386875,0.0161290322580645,5.954196310386875,0.0960354243610786,,,,,,,,,,,
fifteen,1,9.896482790016429e-06,16.62465268685824,7,JJ,JJ,fifteen,0,1,5.954196310386875,6.326444292561175e-05,5.954196310386875,0.0161290322580645,5.954196310386875,0.0960354243610786,,,,,,,,,,,
roved,1,9.896482790016429e-06,16.62465268685824,5,VB,VBD,rove,0,1,5.954196310386875,6.326444292561175e-05,5.954196310386875,0.0161290322580645,5.954196310386875,0.0960354243610786,,,,,,,,,,,
pocketsful,1,9.896482790016429e-06,16.62465268685824,10,NN,NN,pockets,0,1,5.954196310386875,2.8658736007483925e-05,5.954196310386875,0.0161290322580645,5.954196310386875,0.0960354243610786,,,,,,,,,,,
followers,1,9.896482790016429e-06,16.62465268685824,9,NN,NNS,follow,0,1,5.954196310386875,2.8658736007483925e-05,5.954196310386875,0.0161290322580645,5.954196310386875,0.0960354243610786,,,,,,,,,,,
subdue,1,9.896482790016429e-06,16.62465268685824,6,VB,VB,subdu,0,1,5.954196310386875,2.8658736007483925e-05,5.954196310386875,0.0161290322580645,5.954196310386875,0.0960354243610786,,,,,,,,,,,
foaming,1,9.896482790016429e-06,16.62465268685824,7,VB,VBG,foam,0,1,5.954196310386875,2.8658736007483925e-05,5.954196310386875,0.0161290322580645,5.954196310386875,0.0960354243610786,,,,,,,,,,,
tusks,1,9.896482790016429e-06,16.62465268685824,5,NN,NNS,tusk,0,1,5.954196310386875,2.8658736007483925e-05,5.954196310386875,0.0161290322580645,5.954196310386875,0.0960354243610786,,,,,,,,,,,
trusted,1,9.896482790016429e-06,16.62465268685824,7,VB,VBD,trust,0,1,5.954196310386875,3.383912063462954e-05,5.954196310386875,0.0161290322580645,5.954196310386875,0.0960354243610786,,,,,,,,,,,
chapel,1,9.896482790016429e-06,16.62465268685824,6,NN,NN,chapel,0,1,5.954196310386875,2.8658736007483925e-05,5.954196310386875,0.0161290322580645,5.954196310386875,0.0960354243610786,,,,,,,,,,,
scornfully,1,9.896482790016429e-06,16.62465268685824,10,RB,RB,scorn,0,1,5.954196310386875,3.383912063462954e-05,5.954196310386875,0.0161290322580645,5.954196310386875,0.0960354243610786,,,,,,,,,,,
busybody,1,9.896482790016429e-06,16.62465268685824,8,NN,NN,busybodi,0,1,5.954196310386875,3.383912063462954e-05,5.954196310386875,0.0161290322580645,5.954196310386875,0.0960354243610786,,,,,,,,,,,
affairs,1,9.896482790016429e-06,16.62465268685824,7,NN,NNS,affair,0,1,5.954196310386875,3.383912063462954e-05,5.954196310386875,0.0161290322580645,5.954196310386875,0.0960354243610786,,,,,,,,,,,
elf,1,9.896482790016429e-06,16.62465268685824,3,NN,NN,elf,0,1,5.954196310386875,3.383912063462954e-05,5.954196310386875,0.0161290322580645,5.954196310386875,0.0960354243610786,1.0,0.0,1.0,1.0,0.0,0.0,0.0,0.0,0.0,0.0,0.0
lingering,1,9.896482790016429e-06,16.62465268685824,9,VB,VBG,linger,0,1,5.954196310386875,3.383912063462954e-05,5.954196310386875,0.0161290322580645,5.954196310386875,0.0960354243610786,,,,,,,,,,,
spellbound,1,9.896482790016429e-06,16.62465268685824,10,NN,NN,spellbound,0,1,5.954196310386875,3.383912063462954e-05,5.954196310386875,0.0161290322580645,5.954196310386875,0.0960354243610786,,,,,,,,,,,
ringing,1,9.896482790016429e-06,16.62465268685824,7,VB,VBG,ring,0,1,5.954196310386875,3.383912063462954e-05,5.954196310386875,0.0161290322580645,5.954196310386875,0.0960354243610786,,,,,,,,,,,
straitened,1,9.896482790016429e-06,16.62465268685824,10,JJ,JJ,straiten,0,1,5.954196310386875,3.383912063462954e-05,5.954196310386875,0.0161290322580645,5.954196310386875,0.0960354243610786,,,,,,,,,,,
kinsmen,1,9.896482790016429e-06,16.62465268685824,7,NN,NNS,kinsmen,0,1,5.954196310386875,6.326444292561175e-05,5.954196310386875,0.0161290322580645,5.954196310386875,0.0960354243610786,,,,,,,,,,,
enraged,1,9.896482790016429e-06,16.62465268685824,7,VB,VBN,enrag,0,1,5.954196310386875,3.383912063462954e-05,5.954196310386875,0.0161290322580645,5.954196310386875,0.0960354243610786,,,,,,,,,,,
imp,1,9.896482790016429e-06,16.62465268685824,3,VB,VB,imp,0,1,5.954196310386875,3.383912063462954e-05,5.954196310386875,0.0161290322580645,5.954196310386875,0.0960354243610786,,,,,,,,,,,
nobles,1,9.896482790016429e-06,16.62465268685824,6,NN,NNS,nobl,0,1,5.954196310386875,6.326444292561175e-05,5.954196310386875,0.0161290322580645,5.954196310386875,0.0960354243610786,,,,,,,,,,,
overhung,1,9.896482790016429e-06,16.62465268685824,8,NN,NN,overhung,0,1,5.954196310386875,3.383912063462954e-05,5.954196310386875,0.0161290322580645,5.954196310386875,0.0960354243610786,,,,,,,,,,,
thirteen,1,9.896482790016429e-06,16.62465268685824,8,JJ,JJ,thirteen,0,1,5.954196310386875,6.326444292561175e-05,5.954196310386875,0.0161290322580645,5.954196310386875,0.0960354243610786,,,,,,,,,,,
pretending,1,9.896482790016429e-06,16.62465268685824,10,VB,VBG,pretend,0,1,5.954196310386875,2.8658736007483925e-05,5.954196310386875,0.0161290322580645,5.954196310386875,0.0960354243610786,1.0,0.0,0.0,0.0,0.0,1.0,0.0,0.0,0.0,0.0,-1.0
screw,1,9.896482790016429e-06,16.62465268685824,5,NN,NN,screw,0,1,5.954196310386875,2.8658736007483925e-05,5.954196310386875,0.0161290322580645,5.954196310386875,0.0960354243610786,,,,,,,,,,,
armourbearer,1,9.896482790016429e-06,16.62465268685824,12,NN,NN,armourbear,0,1,5.954196310386875,2.8658736007483925e-05,5.954196310386875,0.0161290322580645,5.954196310386875,0.0960354243610786,,,,,,,,,,,
board,1,9.896482790016429e-06,16.62465268685824,5,NN,NN,board,0,1,5.954196310386875,2.8658736007483925e-05,5.954196310386875,0.0161290322580645,5.954196310386875,0.0960354243610786,,,,,,,,,,,
asking,1,9.896482790016429e-06,16.62465268685824,6,VB,VBG,ask,0,1,5.954196310386875,6.326444292561175e-05,5.954196310386875,0.0161290322580645,5.954196310386875,0.0960354243610786,,,,,,,,,,,
state,1,9.896482790016429e-06,16.62465268685824,5,NN,NN,state,0,1,5.954196310386875,2.8658736007483925e-05,5.954196310386875,0.0161290322580645,5.954196310386875,0.0960354243610786,,,,,,,,,,,
thirteenth,1,9.896482790016429e-06,16.62465268685824,10,JJ,JJ,thirteenth,0,1,5.954196310386875,6.326444292561175e-05,5.954196310386875,0.0161290322580645,5.954196310386875,0.0960354243610786,,,,,,,,,,,
broomstick,1,9.896482790016429e-06,16.62465268685824,10,NN,NN,broomstick,0,1,5.954196310386875,6.326444292561175e-05,5.954196310386875,0.0161290322580645,5.954196310386875,0.0960354243610786,,,,,,,,,,,
dininghall,1,9.896482790016429e-06,16.62465268685824,10,NN,NN,dininghal,0,1,5.954196310386875,6.326444292561175e-05,5.954196310386875,0.0161290322580645,5.954196310386875,0.0960354243610786,,,,,,,,,,,
dreams,1,9.896482790016429e-06,16.62465268685824,6,NN,NN,dream,0,1,5.954196310386875,2.8658736007483925e-05,5.954196310386875,0.0161290322580645,5.954196310386875,0.0960354243610786,,,,,,,,,,,
magnificence,1,9.896482790016429e-06,16.62465268685824,12,NN,NN,magnific,0,1,5.954196310386875,2.8658736007483925e-05,5.954196310386875,0.0161290322580645,5.954196310386875,0.0960354243610786,0.0,1.0,0.0,0.0,1.0,0.0,1.0,0.0,0.0,1.0,1.0
warlike,1,9.896482790016429e-06,16.62465268685824,7,NN,NN,warlik,0,1,5.954196310386875,2.8658736007483925e-05,5.954196310386875,0.0161290322580645,5.954196310386875,0.0960354243610786,1.0,0.0,0.0,1.0,0.0,1.0,0.0,0.0,0.0,0.0,-1.0
awkward,1,9.896482790016429e-06,16.62465268685824,7,JJ,JJ,awkward,0,1,5.954196310386875,2.8658736007483925e-05,5.954196310386875,0.0161290322580645,5.954196310386875,0.0960354243610786,,,,,,,,,,,
dumb,1,9.896482790016429e-06,16.62465268685824,4,JJ,JJ,dumb,0,1,5.954196310386875,5.953839080042072e-05,5.954196310386875,0.0161290322580645,5.954196310386875,0.0960354243610786,,,,,,,,,,,
repay,1,9.896482790016429e-06,16.62465268685824,5,VB,VB,repay,0,1,5.954196310386875,5.953839080042072e-05,5.954196310386875,0.0161290322580645,5.954196310386875,0.0960354243610786,1.0,1.0,0.0,0.0,1.0,0.0,1.0,0.0,0.0,1.0,1.0
fortress,1,9.896482790016429e-06,16.62465268685824,8,NN,NN,fortress,0,1,5.954196310386875,0.000101410163,5.954196310386875,0.0161290322580645,5.954196310386875,0.0960354243610786,0.0,0.0,0.0,1.0,0.0,0.0,1.0,1.0,0.0,1.0,1.0
anybody,1,9.896482790016429e-06,16.62465268685824,7,NN,NN,anybodi,0,1,5.954196310386875,3.779434252698883e-05,5.954196310386875,0.0161290322580645,5.954196310386875,0.0960354243610786,,,,,,,,,,,
foul,1,9.896482790016429e-06,16.62465268685824,4,NN,NN,foul,0,1,5.954196310386875,3.709363629242126e-05,5.954196310386875,0.0161290322580645,5.954196310386875,0.0960354243610786,1.0,0.0,1.0,1.0,0.0,1.0,0.0,0.0,0.0,0.0,-1.0
rob,1,9.896482790016429e-06,16.62465268685824,3,VB,VB,rob,0,1,5.954196310386875,3.779434252698883e-05,5.954196310386875,0.0161290322580645,5.954196310386875,0.0960354243610786,1.0,0.0,1.0,1.0,0.0,1.0,0.0,1.0,0.0,0.0,-1.0
undoubtedly,1,9.896482790016429e-06,16.62465268685824,11,RB,RB,undoubtedli,0,1,5.954196310386875,3.779434252698883e-05,5.954196310386875,0.0161290322580645,5.954196310386875,0.0960354243610786,,,,,,,,,,,
clods,1,9.896482790016429e-06,16.62465268685824,5,NN,NNS,clod,0,1,5.954196310386875,3.779434252698883e-05,5.954196310386875,0.0161290322580645,5.954196310386875,0.0960354243610786,,,,,,,,,,,
hidingplace,1,9.896482790016429e-06,16.62465268685824,11,NN,NN,hidingplac,0,1,5.954196310386875,3.779434252698883e-05,5.954196310386875,0.0161290322580645,5.954196310386875,0.0960354243610786,,,,,,,,,,,
ends,1,9.896482790016429e-06,16.62465268685824,4,NN,NNS,end,0,1,5.954196310386875,3.779434252698883e-05,5.954196310386875,0.0161290322580645,5.954196310386875,0.0960354243610786,,,,,,,,,,,
poked,1,9.896482790016429e-06,16.62465268685824,5,VB,VBD,poke,0,1,5.954196310386875,3.779434252698883e-05,5.954196310386875,0.0161290322580645,5.954196310386875,0.0960354243610786,,,,,,,,,,,
ways,1,9.896482790016429e-06,16.62465268685824,4,NN,NNS,way,0,1,5.954196310386875,3.709363629242126e-05,5.954196310386875,0.0161290322580645,5.954196310386875,0.0960354243610786,,,,,,,,,,,
furrows,1,9.896482790016429e-06,16.62465268685824,7,NN,NNS,furrow,0,1,5.954196310386875,3.779434252698883e-05,5.954196310386875,0.0161290322580645,5.954196310386875,0.0960354243610786,,,,,,,,,,,
dusty,1,9.896482790016429e-06,16.62465268685824,5,JJ,JJ,dusti,0,1,5.954196310386875,3.709363629242126e-05,5.954196310386875,0.0161290322580645,5.954196310386875,0.0960354243610786,,,,,,,,,,,
clod,1,9.896482790016429e-06,16.62465268685824,4,NN,NN,clod,0,1,5.954196310386875,3.779434252698883e-05,5.954196310386875,0.0161290322580645,5.954196310386875,0.0960354243610786,,,,,,,,,,,
dusky,1,9.896482790016429e-06,16.62465268685824,5,JJ,JJ,duski,0,1,5.954196310386875,3.779434252698883e-05,5.954196310386875,0.0161290322580645,5.954196310386875,0.0960354243610786,,,,,,,,,,,
gallery,1,9.896482790016429e-06,16.62465268685824,7,NN,NN,galleri,0,1,5.954196310386875,3.779434252698883e-05,5.954196310386875,0.0161290322580645,5.954196310386875,0.0960354243610786,,,,,,,,,,,
rim,1,9.896482790016429e-06,16.62465268685824,3,NN,NN,rim,0,1,5.954196310386875,3.779434252698883e-05,5.954196310386875,0.0161290322580645,5.954196310386875,0.0960354243610786,,,,,,,,,,,
dearer,1,9.896482790016429e-06,16.62465268685824,6,JJ,JJR,dearer,0,1,5.954196310386875,3.779434252698883e-05,5.954196310386875,0.0161290322580645,5.954196310386875,0.0960354243610786,,,,,,,,,,,
brushes,1,9.896482790016429e-06,16.62465268685824,7,NN,NNS,brush,0,1,5.954196310386875,3.709363629242126e-05,5.954196310386875,0.0161290322580645,5.954196310386875,0.0960354243610786,,,,,,,,,,,
copse,1,9.896482790016429e-06,16.62465268685824,5,NN,NN,cops,0,1,5.954196310386875,3.709363629242126e-05,5.954196310386875,0.0161290322580645,5.954196310386875,0.0960354243610786,,,,,,,,,,,
thomas,1,9.896482790016429e-06,16.62465268685824,6,NN,NNP,thoma,0,1,5.954196310386875,3.779434252698883e-05,5.954196310386875,0.0161290322580645,5.954196310386875,0.0960354243610786,,,,,,,,,,,
healthy,1,9.896482790016429e-06,16.62465268685824,7,JJ,JJ,healthi,0,1,5.954196310386875,3.779434252698883e-05,5.954196310386875,0.0161290322580645,5.954196310386875,0.0960354243610786,,,,,,,,,,,
hazel,1,9.896482790016429e-06,16.62465268685824,5,NN,NN,hazel,0,1,5.954196310386875,3.709363629242126e-05,5.954196310386875,0.0161290322580645,5.954196310386875,0.0960354243610786,,,,,,,,,,,
puffed,1,9.896482790016429e-06,16.62465268685824,6,VB,VBZ,puf,0,1,5.954196310386875,3.779434252698883e-05,5.954196310386875,0.0161290322580645,5.954196310386875,0.0960354243610786,,,,,,,,,,,
smoking,1,9.896482790016429e-06,16.62465268685824,7,VB,VBG,smoke,0,1,5.954196310386875,3.779434252698883e-05,5.954196310386875,0.0161290322580645,5.954196310386875,0.0960354243610786,,,,,,,,,,,
feels,1,9.896482790016429e-06,16.62465268685824,5,VB,VBZ,feel,0,1,5.954196310386875,8.714648308627824e-05,5.954196310386875,0.0161290322580645,5.954196310386875,0.0960354243610786,,,,,,,,,,,
twas,1,9.896482790016429e-06,16.62465268685824,4,IN,IN,twa,0,1,5.954196310386875,8.714648308627824e-05,5.954196310386875,0.0161290322580645,5.954196310386875,0.0960354243610786,,,,,,,,,,,
tumbles,1,9.896482790016429e-06,16.62465268685824,7,NN,NNS,tumbl,0,1,5.954196310386875,8.714648308627824e-05,5.954196310386875,0.0161290322580645,5.954196310386875,0.0960354243610786,,,,,,,,,,,
rumbles,1,9.896482790016429e-06,16.62465268685824,7,NN,NNS,rumbl,0,1,5.954196310386875,8.714648308627824e-05,5.954196310386875,0.0161290322580645,5.954196310386875,0.0960354243610786,,,,,,,,,,,
speed,1,9.896482790016429e-06,16.62465268685824,5,NN,NN,speed,0,1,5.954196310386875,8.714648308627824e-05,5.954196310386875,0.0161290322580645,5.954196310386875,0.0960354243610786,,,,,,,,,,,
bawl,1,9.896482790016429e-06,16.62465268685824,4,VB,VB,bawl,0,1,5.954196310386875,3.779434252698883e-05,5.954196310386875,0.0161290322580645,5.954196310386875,0.0960354243610786,,,,,,,,,,,
bawled,1,9.896482790016429e-06,16.62465268685824,6,VB,VBD,bawl,0,1,5.954196310386875,3.779434252698883e-05,5.954196310386875,0.0161290322580645,5.954196310386875,0.0960354243610786,,,,,,,,,,,
gorged,1,9.896482790016429e-06,16.62465268685824,6,VB,VBN,gorg,0,1,5.954196310386875,8.714648308627824e-05,5.954196310386875,0.0161290322580645,5.954196310386875,0.0960354243610786,,,,,,,,,,,
roguish,1,9.896482790016429e-06,16.62465268685824,7,JJ,JJ,roguish,0,1,5.954196310386875,3.779434252698883e-05,5.954196310386875,0.0161290322580645,5.954196310386875,0.0960354243610786,,,,,,,,,,,
tommy,1,9.896482790016429e-06,16.62465268685824,5,NN,NNP,tommi,0,1,5.954196310386875,3.779434252698883e-05,5.954196310386875,0.0161290322580645,5.954196310386875,0.0960354243610786,,,,,,,,,,,
praised,1,9.896482790016429e-06,16.62465268685824,7,VB,VBN,prais,0,1,5.954196310386875,3.779434252698883e-05,5.954196310386875,0.0161290322580645,5.954196310386875,0.0960354243610786,0.0,0.0,0.0,0.0,1.0,0.0,1.0,0.0,0.0,0.0,1.0
rip,1,9.896482790016429e-06,16.62465268685824,3,VB,VB,rip,0,1,5.954196310386875,3.779434252698883e-05,5.954196310386875,0.0161290322580645,5.954196310386875,0.0960354243610786,,,,,,,,,,,
ve,1,9.896482790016429e-06,16.62465268685824,2,VB,VBG,ve,1,1,5.954196310386875,3.779434252698883e-05,5.954196310386875,0.0161290322580645,5.954196310386875,0.0960354243610786,,,,,,,,,,,
frolic,1,9.896482790016429e-06,16.62465268685824,6,JJ,JJ,frolic,0,1,5.954196310386875,3.779434252698883e-05,5.954196310386875,0.0161290322580645,5.954196310386875,0.0960354243610786,0.0,0.0,0.0,0.0,1.0,0.0,1.0,0.0,0.0,0.0,1.0
shout,1,9.896482790016429e-06,16.62465268685824,5,NN,NN,shout,0,1,5.954196310386875,3.779434252698883e-05,5.954196310386875,0.0161290322580645,5.954196310386875,0.0960354243610786,1.0,0.0,0.0,0.0,0.0,0.0,0.0,0.0,1.0,0.0,0.0
reckoned,1,9.896482790016429e-06,16.62465268685824,8,VB,VBN,reckon,0,1,5.954196310386875,3.779434252698883e-05,5.954196310386875,0.0161290322580645,5.954196310386875,0.0960354243610786,,,,,,,,,,,
appledumplings,1,9.896482790016429e-06,16.62465268685824,14,NN,NNS,appledumpl,0,1,5.954196310386875,3.779434252698883e-05,5.954196310386875,0.0161290322580645,5.954196310386875,0.0960354243610786,,,,,,,,,,,
beef,1,9.896482790016429e-06,16.62465268685824,4,NN,NN,beef,0,1,5.954196310386875,3.779434252698883e-05,5.954196310386875,0.0161290322580645,5.954196310386875,0.0960354243610786,,,,,,,,,,,
ham,1,9.896482790016429e-06,16.62465268685824,3,NN,NN,ham,0,1,5.954196310386875,3.779434252698883e-05,5.954196310386875,0.0161290322580645,5.954196310386875,0.0960354243610786,,,,,,,,,,,
bedside,1,9.896482790016429e-06,16.62465268685824,7,JJ,JJ,bedsid,0,1,5.954196310386875,3.709363629242126e-05,5.954196310386875,0.0161290322580645,5.954196310386875,0.0960354243610786,,,,,,,,,,,
covering,1,9.896482790016429e-06,16.62465268685824,8,NN,NN,cover,0,1,5.954196310386875,3.709363629242126e-05,5.954196310386875,0.0161290322580645,5.954196310386875,0.0960354243610786,,,,,,,,,,,
crawl,1,9.896482790016429e-06,16.62465268685824,5,VB,VB,crawl,0,1,5.954196310386875,3.779434252698883e-05,5.954196310386875,0.0161290322580645,5.954196310386875,0.0960354243610786,0.0,0.0,1.0,0.0,0.0,1.0,0.0,0.0,0.0,0.0,-1.0
describing,1,9.896482790016429e-06,16.62465268685824,10,VB,VBG,describ,0,1,5.954196310386875,3.779434252698883e-05,5.954196310386875,0.0161290322580645,5.954196310386875,0.0960354243610786,,,,,,,,,,,
dislike,1,9.896482790016429e-06,16.62465268685824,7,VB,VB,dislik,0,1,5.954196310386875,3.779434252698883e-05,5.954196310386875,0.0161290322580645,5.954196310386875,0.0960354243610786,1.0,0.0,1.0,0.0,0.0,1.0,0.0,0.0,0.0,0.0,-1.0
disheartened,1,9.896482790016429e-06,16.62465268685824,12,VB,VBN,dishearten,0,1,5.954196310386875,3.779434252698883e-05,5.954196310386875,0.0161290322580645,5.954196310386875,0.0960354243610786,0.0,0.0,0.0,0.0,0.0,1.0,0.0,1.0,0.0,0.0,-1.0
gulp,1,9.896482790016429e-06,16.62465268685824,4,NN,NN,gulp,0,1,5.954196310386875,3.779434252698883e-05,5.954196310386875,0.0161290322580645,5.954196310386875,0.0960354243610786,0.0,0.0,0.0,1.0,0.0,0.0,0.0,0.0,1.0,0.0,0.0
dunghill,1,9.896482790016429e-06,16.62465268685824,8,NN,NN,dunghil,0,1,5.954196310386875,3.779434252698883e-05,5.954196310386875,0.0161290322580645,5.954196310386875,0.0960354243610786,,,,,,,,,,,
cowhouse,1,9.896482790016429e-06,16.62465268685824,8,NN,NN,cowhous,0,1,5.954196310386875,3.779434252698883e-05,5.954196310386875,0.0161290322580645,5.954196310386875,0.0960354243610786,,,,,,,,,,,
milkpail,1,9.896482790016429e-06,16.62465268685824,8,NN,NN,milkpail,0,1,5.954196310386875,3.779434252698883e-05,5.954196310386875,0.0161290322580645,5.954196310386875,0.0960354243610786,,,,,,,,,,,
tumble,1,9.896482790016429e-06,16.62465268685824,6,VB,VB,tumbl,0,1,5.954196310386875,3.779434252698883e-05,5.954196310386875,0.0161290322580645,5.954196310386875,0.0960354243610786,,,,,,,,,,,
lackaday,1,9.896482790016429e-06,16.62465268685824,8,NN,NN,lackaday,0,1,5.954196310386875,3.779434252698883e-05,5.954196310386875,0.0161290322580645,5.954196310386875,0.0960354243610786,,,,,,,,,,,
rick,1,9.896482790016429e-06,16.62465268685824,4,NN,NN,rick,0,1,5.954196310386875,3.779434252698883e-05,5.954196310386875,0.0161290322580645,5.954196310386875,0.0960354243610786,,,,,,,,,,,
crosses,1,9.896482790016429e-06,16.62465268685824,7,VB,VBZ,cross,0,1,5.954196310386875,3.779434252698883e-05,5.954196310386875,0.0161290322580645,5.954196310386875,0.0960354243610786,,,,,,,,,,,
woefully,1,9.896482790016429e-06,16.62465268685824,8,RB,RB,woefulli,0,1,5.954196310386875,3.779434252698883e-05,5.954196310386875,0.0161290322580645,5.954196310386875,0.0960354243610786,0.0,0.0,1.0,0.0,0.0,1.0,0.0,1.0,0.0,0.0,-1.0
plain,1,9.896482790016429e-06,16.62465268685824,5,NN,NN,plain,0,1,5.954196310386875,3.779434252698883e-05,5.954196310386875,0.0161290322580645,5.954196310386875,0.0960354243610786,,,,,,,,,,,
jokes,1,9.896482790016429e-06,16.62465268685824,5,NN,NNS,joke,0,1,5.954196310386875,3.779434252698883e-05,5.954196310386875,0.0161290322580645,5.954196310386875,0.0960354243610786,,,,,,,,,,,
suffered,1,9.896482790016429e-06,16.62465268685824,8,VB,VBN,suffer,0,1,5.954196310386875,8.714648308627824e-05,5.954196310386875,0.0161290322580645,5.954196310386875,0.0960354243610786,,,,,,,,,,,
struggling,1,9.896482790016429e-06,16.62465268685824,10,VB,VBG,struggl,0,1,5.954196310386875,8.714648308627824e-05,5.954196310386875,0.0161290322580645,5.954196310386875,0.0960354243610786,,,,,,,,,,,
sand,1,9.896482790016429e-06,16.62465268685824,4,NN,NN,sand,0,1,5.954196310386875,5.953839080042072e-05,5.954196310386875,0.0161290322580645,5.954196310386875,0.0960354243610786,,,,,,,,,,,
contained,1,9.896482790016429e-06,16.62465268685824,9,VB,VBD,contain,0,1,5.954196310386875,0.0001047278346358,5.954196310386875,0.0161290322580645,5.954196310386875,0.0960354243610786,,,,,,,,,,,
dying,1,9.896482790016429e-06,16.62465268685824,5,VB,VBG,die,0,1,5.954196310386875,0.0001047278346358,5.954196310386875,0.0161290322580645,5.954196310386875,0.0960354243610786,1.0,0.0,1.0,1.0,0.0,1.0,0.0,1.0,0.0,0.0,-1.0
willowwrens,1,9.896482790016429e-06,16.62465268685824,11,NN,NNS,willowwren,0,1,5.954196310386875,0.0001047278346358,5.954196310386875,0.0161290322580645,5.954196310386875,0.0960354243610786,,,,,,,,,,,
slut,1,9.896482790016429e-06,16.62465268685824,4,VB,VBP,slut,0,1,5.954196310386875,3.709363629242126e-05,5.954196310386875,0.0161290322580645,5.954196310386875,0.0960354243610786,1.0,0.0,1.0,0.0,0.0,1.0,0.0,0.0,0.0,0.0,-1.0
disreputable,1,9.896482790016429e-06,16.62465268685824,12,JJ,JJ,disreput,0,1,5.954196310386875,0.0001047278346358,5.954196310386875,0.0161290322580645,5.954196310386875,0.0960354243610786,1.0,0.0,1.0,1.0,0.0,1.0,0.0,0.0,0.0,0.0,-1.0
age,1,9.896482790016429e-06,16.62465268685824,3,NN,NN,age,0,1,5.954196310386875,5.953839080042072e-05,5.954196310386875,0.0161290322580645,5.954196310386875,0.0960354243610786,,,,,,,,,,,
undisturbed,1,9.896482790016429e-06,16.62465268685824,11,JJ,JJ,undisturb,0,1,5.954196310386875,5.953839080042072e-05,5.954196310386875,0.0161290322580645,5.954196310386875,0.0960354243610786,,,,,,,,,,,
starving,1,9.896482790016429e-06,16.62465268685824,8,VB,VBG,starv,0,1,5.954196310386875,5.953839080042072e-05,5.954196310386875,0.0161290322580645,5.954196310386875,0.0960354243610786,,,,,,,,,,,
knee,1,9.896482790016429e-06,16.62465268685824,4,NN,NN,knee,0,1,5.954196310386875,5.953839080042072e-05,5.954196310386875,0.0161290322580645,5.954196310386875,0.0960354243610786,,,,,,,,,,,
kingdoms,1,9.896482790016429e-06,16.62465268685824,8,NN,NNS,kingdom,0,1,5.954196310386875,5.953839080042072e-05,5.954196310386875,0.0161290322580645,5.954196310386875,0.0960354243610786,,,,,,,,,,,
tasks,1,9.896482790016429e-06,16.62465268685824,5,NN,NNS,task,0,1,5.954196310386875,5.953839080042072e-05,5.954196310386875,0.0161290322580645,5.954196310386875,0.0960354243610786,,,,,,,,,,,
performed,1,9.896482790016429e-06,16.62465268685824,9,VB,VBN,perform,0,1,5.954196310386875,5.953839080042072e-05,5.954196310386875,0.0161290322580645,5.954196310386875,0.0960354243610786,,,,,,,,,,,
conquer,1,9.896482790016429e-06,16.62465268685824,7,VB,VB,conquer,0,1,5.954196310386875,5.953839080042072e-05,5.954196310386875,0.0161290322580645,5.954196310386875,0.0960354243610786,,,,,,,,,,,
grateful,1,9.896482790016429e-06,16.62465268685824,8,JJ,JJ,grate,0,1,5.954196310386875,5.953839080042072e-05,5.954196310386875,0.0161290322580645,5.954196310386875,0.0960354243610786,,,,,,,,,,,
spangled,1,9.896482790016429e-06,16.62465268685824,8,JJ,JJ,spangl,0,1,5.954196310386875,3.709363629242126e-05,5.954196310386875,0.0161290322580645,5.954196310386875,0.0960354243610786,,,,,,,,,,,
awaiting,1,9.896482790016429e-06,16.62465268685824,8,VB,VBG,await,0,1,5.954196310386875,5.953839080042072e-05,5.954196310386875,0.0161290322580645,5.954196310386875,0.0960354243610786,,,,,,,,,,,
sunrise,1,9.896482790016429e-06,16.62465268685824,7,NN,NN,sunris,0,1,5.954196310386875,5.953839080042072e-05,5.954196310386875,0.0161290322580645,5.954196310386875,0.0960354243610786,,,,,,,,,,,
sacksful,1,9.896482790016429e-06,16.62465268685824,8,JJ,JJ,sacks,0,1,5.954196310386875,5.953839080042072e-05,5.954196310386875,0.0161290322580645,5.954196310386875,0.0960354243610786,,,,,,,,,,,
shell,1,9.896482790016429e-06,16.62465268685824,5,NN,NN,shell,0,1,5.954196310386875,5.953839080042072e-05,5.954196310386875,0.0161290322580645,5.954196310386875,0.0960354243610786,1.0,0.0,0.0,1.0,0.0,1.0,0.0,1.0,1.0,0.0,-1.0
mussel,1,9.896482790016429e-06,16.62465268685824,6,NN,NN,mussel,0,1,5.954196310386875,5.953839080042072e-05,5.954196310386875,0.0161290322580645,5.954196310386875,0.0960354243610786,,,,,,,,,,,
leaving,1,9.896482790016429e-06,16.62465268685824,7,VB,VBG,leav,0,1,5.954196310386875,5.953839080042072e-05,5.954196310386875,0.0161290322580645,5.954196310386875,0.0960354243610786,,,,,,,,,,,
forfeit,1,9.896482790016429e-06,16.62465268685824,7,VB,VB,forfeit,0,1,5.954196310386875,5.953839080042072e-05,5.954196310386875,0.0161290322580645,5.954196310386875,0.0960354243610786,1.0,0.0,0.0,0.0,0.0,1.0,0.0,1.0,0.0,0.0,-1.0
chicks,1,9.896482790016429e-06,16.62465268685824,6,VB,VBZ,chick,0,1,5.954196310386875,5.953839080042072e-05,5.954196310386875,0.0161290322580645,5.954196310386875,0.0960354243610786,,,,,,,,,,,
helpless,1,9.896482790016429e-06,16.62465268685824,8,JJ,JJ,helpless,0,1,5.954196310386875,5.953839080042072e-05,5.954196310386875,0.0161290322580645,5.954196310386875,0.0960354243610786,0.0,0.0,0.0,1.0,0.0,1.0,0.0,1.0,0.0,0.0,-1.0
flapping,1,9.896482790016429e-06,16.62465268685824,8,VB,VBG,flap,0,1,5.954196310386875,5.953839080042072e-05,5.954196310386875,0.0161290322580645,5.954196310386875,0.0960354243610786,,,,,,,,,,,
treading,1,9.896482790016429e-06,16.62465268685824,8,VB,VBG,tread,0,1,5.954196310386875,5.953839080042072e-05,5.954196310386875,0.0161290322580645,5.954196310386875,0.0960354243610786,,,,,,,,,,,
hoofs,1,9.896482790016429e-06,16.62465268685824,5,NN,NN,hoof,0,1,5.954196310386875,5.953839080042072e-05,5.954196310386875,0.0161290322580645,5.954196310386875,0.0960354243610786,,,,,,,,,,,
complain,1,9.896482790016429e-06,16.62465268685824,8,NN,NN,complain,0,1,5.954196310386875,5.953839080042072e-05,5.954196310386875,0.0161290322580645,5.954196310386875,0.0960354243610786,1.0,0.0,0.0,0.0,0.0,1.0,0.0,1.0,0.0,0.0,-1.0
bloody,1,9.896482790016429e-06,16.62465268685824,6,JJ,JJ,bloodi,0,1,5.954196310386875,0.0001047278346358,5.954196310386875,0.0161290322580645,5.954196310386875,0.0960354243610786,1.0,0.0,1.0,1.0,0.0,1.0,0.0,1.0,0.0,0.0,-1.0
midges,1,9.896482790016429e-06,16.62465268685824,6,NN,NNS,midg,0,1,5.954196310386875,0.0001047278346358,5.954196310386875,0.0161290322580645,5.954196310386875,0.0960354243610786,,,,,,,,,,,
watered,1,9.896482790016429e-06,16.62465268685824,7,VB,VBN,water,0,1,5.954196310386875,3.709363629242126e-05,5.954196310386875,0.0161290322580645,5.954196310386875,0.0960354243610786,,,,,,,,,,,
hornets,1,9.896482790016429e-06,16.62465268685824,7,NN,NNS,hornet,0,1,5.954196310386875,0.0001047278346358,5.954196310386875,0.0161290322580645,5.954196310386875,0.0960354243610786,,,,,,,,,,,
talked,1,9.896482790016429e-06,16.62465268685824,6,VB,VBD,talk,0,1,5.954196310386875,3.709363629242126e-05,5.954196310386875,0.0161290322580645,5.954196310386875,0.0960354243610786,,,,,,,,,,,
brush,1,9.896482790016429e-06,16.62465268685824,5,VB,VB,brush,0,1,5.954196310386875,3.709363629242126e-05,5.954196310386875,0.0161290322580645,5.954196310386875,0.0960354243610786,,,,,,,,,,,
deceive,1,9.896482790016429e-06,16.62465268685824,7,VB,VB,deceiv,0,1,5.954196310386875,8.714648308627824e-05,5.954196310386875,0.0161290322580645,5.954196310386875,0.0960354243610786,1.0,0.0,1.0,0.0,0.0,1.0,0.0,1.0,0.0,0.0,-1.0
rub,1,9.896482790016429e-06,16.62465268685824,3,VB,VB,rub,0,1,5.954196310386875,8.714648308627824e-05,5.954196310386875,0.0161290322580645,5.954196310386875,0.0960354243610786,,,,,,,,,,,
chalk,1,9.896482790016429e-06,16.62465268685824,5,NN,NN,chalk,0,1,5.954196310386875,8.714648308627824e-05,5.954196310386875,0.0161290322580645,5.954196310386875,0.0960354243610786,,,,,,,,,,,
shopkeeper,1,9.896482790016429e-06,16.62465268685824,10,NN,NN,shopkeep,0,1,5.954196310386875,8.714648308627824e-05,5.954196310386875,0.0161290322580645,5.954196310386875,0.0960354243610786,,,,,,,,,,,
disguises,1,9.896482790016429e-06,16.62465268685824,9,VB,VBZ,disguis,0,1,5.954196310386875,8.714648308627824e-05,5.954196310386875,0.0161290322580645,5.954196310386875,0.0960354243610786,,,,,,,,,,,
sashes,1,9.896482790016429e-06,16.62465268685824,6,NN,NNS,sash,0,1,5.954196310386875,3.709363629242126e-05,5.954196310386875,0.0161290322580645,5.954196310386875,0.0960354243610786,,,,,,,,,,,
rib,1,9.896482790016429e-06,16.62465268685824,3,NN,NN,rib,0,1,5.954196310386875,0.0001047278346358,5.954196310386875,0.0161290322580645,5.954196310386875,0.0960354243610786,,,,,,,,,,,
honourable,1,9.896482790016429e-06,16.62465268685824,10,JJ,JJ,honour,0,1,5.954196310386875,0.0001047278346358,5.954196310386875,0.0161290322580645,5.954196310386875,0.0960354243610786,,,,,,,,,,,
begging,1,9.896482790016429e-06,16.62465268685824,7,NN,NN,beg,0,1,5.954196310386875,3.709363629242126e-05,5.954196310386875,0.0161290322580645,5.954196310386875,0.0960354243610786,,,,,,,,,,,
dishful,1,9.896482790016429e-06,16.62465268685824,7,NN,NN,dish,0,1,5.954196310386875,3.709363629242126e-05,5.954196310386875,0.0161290322580645,5.954196310386875,0.0960354243610786,,,,,,,,,,,
orders,1,9.896482790016429e-06,16.62465268685824,6,NN,NNS,order,0,1,5.954196310386875,0.0001047278346358,5.954196310386875,0.0161290322580645,5.954196310386875,0.0960354243610786,,,,,,,,,,,
hornet,1,9.896482790016429e-06,16.62465268685824,6,NN,NN,hornet,0,1,5.954196310386875,0.0001047278346358,5.954196310386875,0.0161290322580645,5.954196310386875,0.0960354243610786,,,,,,,,,,,
advanced,1,9.896482790016429e-06,16.62465268685824,8,VB,VBD,advanc,0,1,5.954196310386875,0.0001047278346358,5.954196310386875,0.0161290322580645,5.954196310386875,0.0960354243610786,,,,,,,,,,,
swarming,1,9.896482790016429e-06,16.62465268685824,8,VB,VBG,swarm,0,1,5.954196310386875,0.0001047278346358,5.954196310386875,0.0161290322580645,5.954196310386875,0.0960354243610786,,,,,,,,,,,
whirring,1,9.896482790016429e-06,16.62465268685824,8,NN,NN,whir,0,1,5.954196310386875,0.0001047278346358,5.954196310386875,0.0161290322580645,5.954196310386875,0.0960354243610786,,,,,,,,,,,
detail,1,9.896482790016429e-06,16.62465268685824,6,NN,NN,detail,0,1,5.954196310386875,0.0001047278346358,5.954196310386875,0.0161290322580645,5.954196310386875,0.0960354243610786,,,,,,,,,,,
minutest,1,9.896482790016429e-06,16.62465268685824,8,JJ,JJS,minutest,0,1,5.954196310386875,0.0001047278346358,5.954196310386875,0.0161290322580645,5.954196310386875,0.0960354243610786,,,,,,,,,,,
charge,1,9.896482790016429e-06,16.62465268685824,6,VB,VB,charg,0,1,5.954196310386875,0.0001047278346358,5.954196310386875,0.0161290322580645,5.954196310386875,0.0960354243610786,,,,,,,,,,,
plume,1,9.896482790016429e-06,16.62465268685824,5,NN,NN,plume,0,1,5.954196310386875,0.0001047278346358,5.954196310386875,0.0161290322580645,5.954196310386875,0.0960354243610786,,,,,,,,,,,
bushy,1,9.896482790016429e-06,16.62465268685824,5,NN,NN,bushi,0,1,5.954196310386875,0.0001047278346358,5.954196310386875,0.0161290322580645,5.954196310386875,0.0960354243610786,,,,,,,,,,,
general,1,9.896482790016429e-06,16.62465268685824,7,JJ,JJ,gener,0,1,5.954196310386875,0.0001047278346358,5.954196310386875,0.0161290322580645,5.954196310386875,0.0960354243610786,0.0,0.0,0.0,0.0,0.0,0.0,1.0,0.0,0.0,1.0,1.0
password,1,9.896482790016429e-06,16.62465268685824,8,NN,NN,password,0,1,5.954196310386875,0.0001047278346358,5.954196310386875,0.0161290322580645,5.954196310386875,0.0960354243610786,,,,,,,,,,,
ashheap,1,9.896482790016429e-06,16.62465268685824,7,JJ,JJ,ashheap,0,1,5.954196310386875,3.709363629242126e-05,5.954196310386875,0.0161290322580645,5.954196310386875,0.0960354243610786,,,,,,,,,,,
commanderinchief,1,9.896482790016429e-06,16.62465268685824,16,NN,NN,commanderinchief,0,1,5.954196310386875,0.0001047278346358,5.954196310386875,0.0161290322580645,5.954196310386875,0.0960354243610786,,,,,,,,,,,
spies,1,9.896482790016429e-06,16.62465268685824,5,NN,NNS,spi,0,1,5.954196310386875,0.0001047278346358,5.954196310386875,0.0161290322580645,5.954196310386875,0.0960354243610786,,,,,,,,,,,
assist,1,9.896482790016429e-06,16.62465268685824,6,VB,VB,assist,0,1,5.954196310386875,2.8658736007483925e-05,5.954196310386875,0.0161290322580645,5.954196310386875,0.0960354243610786,0.0,0.0,0.0,0.0,0.0,0.0,1.0,0.0,0.0,1.0,1.0
dowry,1,9.896482790016429e-06,16.62465268685824,5,NN,NN,dowri,0,1,5.954196310386875,2.8658736007483925e-05,5.954196310386875,0.0161290322580645,5.954196310386875,0.0960354243610786,,,,,,,,,,,
conquered,1,9.896482790016429e-06,16.62465268685824,9,VB,VBD,conquer,0,1,5.954196310386875,2.8658736007483925e-05,5.954196310386875,0.0161290322580645,5.954196310386875,0.0960354243610786,,,,,,,,,,,
cleverly,1,9.896482790016429e-06,16.62465268685824,8,RB,RB,cleverli,0,1,5.954196310386875,8.30756266099296e-05,5.954196310386875,0.0161290322580645,5.954196310386875,0.0960354243610786,,,,,,,,,,,
untrue,1,9.896482790016429e-06,16.62465268685824,6,JJ,JJ,untru,0,1,5.954196310386875,9.749789275236408e-05,5.954196310386875,0.0161290322580645,5.954196310386875,0.0960354243610786,,,,,,,,,,,
flocks,1,9.896482790016429e-06,16.62465268685824,6,NN,NNS,flock,0,1,5.954196310386875,8.30756266099296e-05,5.954196310386875,0.0161290322580645,5.954196310386875,0.0960354243610786,,,,,,,,,,,
lands,1,9.896482790016429e-06,16.62465268685824,5,NN,NNS,land,0,1,5.954196310386875,8.30756266099296e-05,5.954196310386875,0.0161290322580645,5.954196310386875,0.0960354243610786,,,,,,,,,,,
forgets,1,9.896482790016429e-06,16.62465268685824,7,NN,NNS,forget,0,1,5.954196310386875,8.30756266099296e-05,5.954196310386875,0.0161290322580645,5.954196310386875,0.0960354243610786,,,,,,,,,,,
tilling,1,9.896482790016429e-06,16.62465268685824,7,VB,VBG,till,0,1,5.954196310386875,8.30756266099296e-05,5.954196310386875,0.0161290322580645,5.954196310386875,0.0960354243610786,,,,,,,,,,,
lick,1,9.896482790016429e-06,16.62465268685824,4,VB,VB,lick,0,1,5.954196310386875,9.749789275236408e-05,5.954196310386875,0.0161290322580645,5.954196310386875,0.0960354243610786,0.0,0.0,1.0,0.0,0.0,1.0,0.0,0.0,0.0,0.0,-1.0
yoked,1,9.896482790016429e-06,16.62465268685824,5,VB,VBD,yoke,0,1,5.954196310386875,8.30756266099296e-05,5.954196310386875,0.0161290322580645,5.954196310386875,0.0960354243610786,,,,,,,,,,,
curse,1,9.896482790016429e-06,16.62465268685824,5,NN,NN,curs,0,1,5.954196310386875,8.30756266099296e-05,5.954196310386875,0.0161290322580645,5.954196310386875,0.0960354243610786,1.0,0.0,1.0,1.0,0.0,1.0,0.0,1.0,0.0,0.0,-1.0
roofs,1,9.896482790016429e-06,16.62465268685824,5,NN,NN,roof,0,1,5.954196310386875,9.749789275236408e-05,5.954196310386875,0.0161290322580645,5.954196310386875,0.0960354243610786,,,,,,,,,,,
sowed,1,9.896482790016429e-06,16.62465268685824,5,VB,VBD,sow,0,1,5.954196310386875,8.30756266099296e-05,5.954196310386875,0.0161290322580645,5.954196310386875,0.0960354243610786,,,,,,,,,,,
opportunities,1,9.896482790016429e-06,16.62465268685824,13,NN,NNS,opportun,0,1,5.954196310386875,9.749789275236408e-05,5.954196310386875,0.0161290322580645,5.954196310386875,0.0960354243610786,,,,,,,,,,,
musicians,1,9.896482790016429e-06,16.62465268685824,9,NN,NNS,musician,0,1,5.954196310386875,7.030411739464028e-05,5.954196310386875,0.0161290322580645,5.954196310386875,0.0960354243610786,,,,,,,,,,,
club,1,9.896482790016429e-06,16.62465268685824,4,NN,NN,club,0,1,5.954196310386875,7.030411739464028e-05,5.954196310386875,0.0161290322580645,5.954196310386875,0.0960354243610786,,,,,,,,,,,
coolly,1,9.896482790016429e-06,16.62465268685824,6,RB,RB,coolli,0,1,5.954196310386875,9.749789275236408e-05,5.954196310386875,0.0161290322580645,5.954196310386875,0.0960354243610786,,,,,,,,,,,
stabbed,1,9.896482790016429e-06,16.62465268685824,7,VB,VBD,stab,0,1,5.954196310386875,7.030411739464028e-05,5.954196310386875,0.0161290322580645,5.954196310386875,0.0960354243610786,,,,,,,,,,,
bony,1,9.896482790016429e-06,16.62465268685824,4,NN,NN,boni,0,1,5.954196310386875,7.030411739464028e-05,5.954196310386875,0.0161290322580645,5.954196310386875,0.0960354243610786,,,,,,,,,,,
remarks,1,9.896482790016429e-06,16.62465268685824,7,NN,NNS,remark,0,1,5.954196310386875,0.0001362204600866,5.954196310386875,0.0161290322580645,5.954196310386875,0.0960354243610786,,,,,,,,,,,
horrid,1,9.896482790016429e-06,16.62465268685824,6,JJ,JJ,horrid,0,1,5.954196310386875,7.030411739464028e-05,5.954196310386875,0.0161290322580645,5.954196310386875,0.0960354243610786,1.0,0.0,1.0,1.0,0.0,1.0,0.0,1.0,0.0,0.0,-1.0
captain,1,9.896482790016429e-06,16.62465268685824,7,NN,NN,captain,0,1,5.954196310386875,7.030411739464028e-05,5.954196310386875,0.0161290322580645,5.954196310386875,0.0960354243610786,,,,,,,,,,,
crossing,1,9.896482790016429e-06,16.62465268685824,8,VB,VBG,cross,0,1,5.954196310386875,7.030411739464028e-05,5.954196310386875,0.0161290322580645,5.954196310386875,0.0960354243610786,,,,,,,,,,,
uncommon,1,9.896482790016429e-06,16.62465268685824,8,JJ,JJ,uncommon,0,1,5.954196310386875,9.749789275236408e-05,5.954196310386875,0.0161290322580645,5.954196310386875,0.0960354243610786,,,,,,,,,,,
mistook,1,9.896482790016429e-06,16.62465268685824,7,VB,VBD,mistook,0,1,5.954196310386875,7.030411739464028e-05,5.954196310386875,0.0161290322580645,5.954196310386875,0.0960354243610786,,,,,,,,,,,
espying,1,9.896482790016429e-06,16.62465268685824,7,VB,VBG,espi,0,1,5.954196310386875,7.030411739464028e-05,5.954196310386875,0.0161290322580645,5.954196310386875,0.0960354243610786,,,,,,,,,,,
crumbstealer,1,9.896482790016429e-06,16.62465268685824,12,NN,NNP,crumbsteal,0,1,5.954196310386875,9.749789275236408e-05,5.954196310386875,0.0161290322580645,5.954196310386875,0.0960354243610786,,,,,,,,,,,
bolder,1,9.896482790016429e-06,16.62465268685824,6,JJ,JJR,bolder,0,1,5.954196310386875,7.030411739464028e-05,5.954196310386875,0.0161290322580645,5.954196310386875,0.0960354243610786,,,,,,,,,,,
mat,1,9.896482790016429e-06,16.62465268685824,3,NN,NN,mat,0,1,5.954196310386875,7.030411739464028e-05,5.954196310386875,0.0161290322580645,5.954196310386875,0.0960354243610786,,,,,,,,,,,
godchildren,1,9.896482790016429e-06,16.62465268685824,11,NN,NNS,godchildren,0,1,5.954196310386875,9.749789275236408e-05,5.954196310386875,0.0161290322580645,5.954196310386875,0.0960354243610786,,,,,,,,,,,
envied,1,9.896482790016429e-06,16.62465268685824,6,VB,VBD,envi,0,1,5.954196310386875,8.30756266099296e-05,5.954196310386875,0.0161290322580645,5.954196310386875,0.0960354243610786,,,,,,,,,,,
graciously,1,9.896482790016429e-06,16.62465268685824,10,RB,RB,gracious,0,1,5.954196310386875,8.30756266099296e-05,5.954196310386875,0.0161290322580645,5.954196310386875,0.0960354243610786,,,,,,,,,,,
eagerness,1,9.896482790016429e-06,16.62465268685824,9,NN,NN,eager,0,1,5.954196310386875,7.030411739464028e-05,5.954196310386875,0.0161290322580645,5.954196310386875,0.0960354243610786,0.0,1.0,0.0,0.0,1.0,0.0,1.0,0.0,0.0,1.0,1.0
vent,1,9.896482790016429e-06,16.62465268685824,4,VB,VB,vent,0,1,5.954196310386875,8.30756266099296e-05,5.954196310386875,0.0161290322580645,5.954196310386875,0.0960354243610786,,,,,,,,,,,
earnestly,1,9.896482790016429e-06,16.62465268685824,9,RB,RB,earnestli,0,1,5.954196310386875,8.30756266099296e-05,5.954196310386875,0.0161290322580645,5.954196310386875,0.0960354243610786,,,,,,,,,,,
entreat,1,9.896482790016429e-06,16.62465268685824,7,VB,VB,entreat,0,1,5.954196310386875,8.30756266099296e-05,5.954196310386875,0.0161290322580645,5.954196310386875,0.0960354243610786,,,,,,,,,,,
friendship,1,9.896482790016429e-06,16.62465268685824,10,NN,NN,friendship,0,1,5.954196310386875,9.749789275236408e-05,5.954196310386875,0.0161290322580645,5.954196310386875,0.0960354243610786,0.0,0.0,0.0,0.0,1.0,0.0,1.0,0.0,0.0,1.0,1.0
wouldst,1,9.896482790016429e-06,16.62465268685824,7,JJ,JJ,wouldst,0,1,5.954196310386875,8.30756266099296e-05,5.954196310386875,0.0161290322580645,5.954196310386875,0.0960354243610786,,,,,,,,,,,
consideration,1,9.896482790016429e-06,16.62465268685824,13,NN,NN,consider,0,1,5.954196310386875,9.749789275236408e-05,5.954196310386875,0.0161290322580645,5.954196310386875,0.0960354243610786,,,,,,,,,,,
simples,1,9.896482790016429e-06,16.62465268685824,7,NN,NNS,simpl,0,1,5.954196310386875,8.30756266099296e-05,5.954196310386875,0.0161290322580645,5.954196310386875,0.0960354243610786,,,,,,,,,,,
virtues,1,9.896482790016429e-06,16.62465268685824,7,NN,NNS,virtu,0,1,5.954196310386875,8.30756266099296e-05,5.954196310386875,0.0161290322580645,5.954196310386875,0.0960354243610786,,,,,,,,,,,
healing,1,9.896482790016429e-06,16.62465268685824,7,NN,NN,heal,0,1,5.954196310386875,8.30756266099296e-05,5.954196310386875,0.0161290322580645,5.954196310386875,0.0960354243610786,0.0,1.0,0.0,0.0,1.0,0.0,1.0,0.0,0.0,1.0,1.0
sands,1,9.896482790016429e-06,16.62465268685824,5,NN,NNS,sand,0,1,5.954196310386875,8.30756266099296e-05,5.954196310386875,0.0161290322580645,5.954196310386875,0.0960354243610786,,,,,,,,,,,
control,1,9.896482790016429e-06,16.62465268685824,7,VB,VBP,control,0,1,5.954196310386875,8.30756266099296e-05,5.954196310386875,0.0161290322580645,5.954196310386875,0.0960354243610786,,,,,,,,,,,
laws,1,9.896482790016429e-06,16.62465268685824,4,NN,NNS,law,0,1,5.954196310386875,8.30756266099296e-05,5.954196310386875,0.0161290322580645,5.954196310386875,0.0960354243610786,,,,,,,,,,,
motions,1,9.896482790016429e-06,16.62465268685824,7,NN,NNS,motion,0,1,5.954196310386875,8.30756266099296e-05,5.954196310386875,0.0161290322580645,5.954196310386875,0.0960354243610786,,,,,,,,,,,
signs,1,9.896482790016429e-06,16.62465268685824,5,NN,NNS,sign,0,1,5.954196310386875,8.30756266099296e-05,5.954196310386875,0.0161290322580645,5.954196310386875,0.0960354243610786,,,,,,,,,,,
discern,1,9.896482790016429e-06,16.62465268685824,7,VB,VBP,discern,0,1,5.954196310386875,8.30756266099296e-05,5.954196310386875,0.0161290322580645,5.954196310386875,0.0960354243610786,,,,,,,,,,,
wisest,1,9.896482790016429e-06,16.62465268685824,6,JJ,JJS,wisest,0,1,5.954196310386875,8.30756266099296e-05,5.954196310386875,0.0161290322580645,5.954196310386875,0.0960354243610786,,,,,,,,,,,
schools,1,9.896482790016429e-06,16.62465268685824,7,NN,NNS,school,0,1,5.954196310386875,8.30756266099296e-05,5.954196310386875,0.0161290322580645,5.954196310386875,0.0960354243610786,,,,,,,,,,,
dares,1,9.896482790016429e-06,16.62465268685824,5,NN,NNS,dare,0,1,5.954196310386875,9.749789275236408e-05,5.954196310386875,0.0161290322580645,5.954196310386875,0.0960354243610786,,,,,,,,,,,
calls,1,9.896482790016429e-06,16.62465268685824,5,VB,VBZ,call,0,1,5.954196310386875,8.30756266099296e-05,5.954196310386875,0.0161290322580645,5.954196310386875,0.0960354243610786,0.0,1.0,0.0,0.0,0.0,1.0,0.0,0.0,0.0,1.0,-1.0
altar,1,9.896482790016429e-06,16.62465268685824,5,NN,NN,altar,0,1,5.954196310386875,9.749789275236408e-05,5.954196310386875,0.0161290322580645,5.954196310386875,0.0960354243610786,,,,,,,,,,,
proved,1,9.896482790016429e-06,16.62465268685824,6,VB,VBD,prove,0,1,5.954196310386875,8.30756266099296e-05,5.954196310386875,0.0161290322580645,5.954196310386875,0.0960354243610786,,,,,,,,,,,
spots,1,9.896482790016429e-06,16.62465268685824,5,NN,NNS,spot,0,1,5.954196310386875,9.749789275236408e-05,5.954196310386875,0.0161290322580645,5.954196310386875,0.0960354243610786,,,,,,,,,,,
trampling,1,9.896482790016429e-06,16.62465268685824,9,NN,NN,trampl,0,1,5.954196310386875,8.30756266099296e-05,5.954196310386875,0.0161290322580645,5.954196310386875,0.0960354243610786,,,,,,,,,,,
suspicions,1,9.896482790016429e-06,16.62465268685824,10,NN,NNS,suspicion,0,1,5.954196310386875,8.30756266099296e-05,5.954196310386875,0.0161290322580645,5.954196310386875,0.0960354243610786,,,,,,,,,,,
ambush,1,9.896482790016429e-06,16.62465268685824,6,NN,NN,ambush,0,1,5.954196310386875,8.30756266099296e-05,5.954196310386875,0.0161290322580645,5.954196310386875,0.0960354243610786,1.0,0.0,0.0,1.0,0.0,1.0,0.0,0.0,1.0,0.0,-1.0
villains,1,9.896482790016429e-06,16.62465268685824,8,NN,NNS,villain,0,1,5.954196310386875,8.30756266099296e-05,5.954196310386875,0.0161290322580645,5.954196310386875,0.0960354243610786,,,,,,,,,,,
hired,1,9.896482790016429e-06,16.62465268685824,5,VB,VBD,hire,0,1,5.954196310386875,8.30756266099296e-05,5.954196310386875,0.0161290322580645,5.954196310386875,0.0960354243610786,,,,,,,,,,,
font,1,9.896482790016429e-06,16.62465268685824,4,NN,NN,font,0,1,5.954196310386875,9.749789275236408e-05,5.954196310386875,0.0161290322580645,5.954196310386875,0.0960354243610786,,,,,,,,,,,
restingplace,1,9.896482790016429e-06,16.62465268685824,12,NN,NN,restingplac,0,1,5.954196310386875,7.030411739464028e-05,5.954196310386875,0.0161290322580645,5.954196310386875,0.0960354243610786,,,,,,,,,,,
dispatched,1,9.896482790016429e-06,16.62465268685824,10,VB,VBD,dispatch,0,1,5.954196310386875,7.030411739464028e-05,5.954196310386875,0.0161290322580645,5.954196310386875,0.0960354243610786,,,,,,,,,,,
ravaging,1,9.896482790016429e-06,16.62465268685824,8,VB,VBG,ravag,0,1,5.954196310386875,2.8658736007483925e-05,5.954196310386875,0.0161290322580645,5.954196310386875,0.0960354243610786,,,,,,,,,,,
consecrated,1,9.896482790016429e-06,16.62465268685824,11,VB,VBD,consecr,0,1,5.954196310386875,0.000101410163,5.954196310386875,0.0161290322580645,5.954196310386875,0.0960354243610786,,,,,,,,,,,
counselled,1,9.896482790016429e-06,16.62465268685824,10,VB,VBD,counsel,0,1,5.954196310386875,0.000101410163,5.954196310386875,0.0161290322580645,5.954196310386875,0.0960354243610786,,,,,,,,,,,
undecided,1,9.896482790016429e-06,16.62465268685824,9,JJ,JJ,undecid,0,1,5.954196310386875,0.000101410163,5.954196310386875,0.0161290322580645,5.954196310386875,0.0960354243610786,0.0,1.0,0.0,1.0,0.0,1.0,0.0,0.0,0.0,0.0,-1.0
ecclesiastics,1,9.896482790016429e-06,16.62465268685824,13,NN,NNS,ecclesiast,0,1,5.954196310386875,0.000101410163,5.954196310386875,0.0161290322580645,5.954196310386875,0.0960354243610786,,,,,,,,,,,
decided,1,9.896482790016429e-06,16.62465268685824,7,VB,VBN,decid,0,1,5.954196310386875,0.000101410163,5.954196310386875,0.0161290322580645,5.954196310386875,0.0960354243610786,,,,,,,,,,,
miraculous,1,9.896482790016429e-06,16.62465268685824,10,JJ,JJ,miracul,0,1,5.954196310386875,0.000101410163,5.954196310386875,0.0161290322580645,5.954196310386875,0.0960354243610786,0.0,0.0,0.0,0.0,1.0,0.0,1.0,0.0,1.0,0.0,1.0
divine,1,9.896482790016429e-06,16.62465268685824,6,NN,NN,divin,0,1,5.954196310386875,0.000101410163,5.954196310386875,0.0161290322580645,5.954196310386875,0.0960354243610786,,,,,,,,,,,
distinguished,1,9.896482790016429e-06,16.62465268685824,13,VB,VBN,distinguish,0,1,5.954196310386875,0.000101410163,5.954196310386875,0.0161290322580645,5.954196310386875,0.0960354243610786,,,,,,,,,,,
exception,1,9.896482790016429e-06,16.62465268685824,9,NN,NN,except,0,1,5.954196310386875,9.749789275236408e-05,5.954196310386875,0.0161290322580645,5.954196310386875,0.0960354243610786,,,,,,,,,,,
topoff,1,9.896482790016429e-06,16.62465268685824,6,NN,NN,topoff,0,1,5.954196310386875,9.749789275236408e-05,5.954196310386875,0.0161290322580645,5.954196310386875,0.0960354243610786,,,,,,,,,,,
successor,1,9.896482790016429e-06,16.62465268685824,9,NN,NN,successor,0,1,5.954196310386875,0.000101410163,5.954196310386875,0.0161290322580645,5.954196310386875,0.0960354243610786,,,,,,,,,,,
appoint,1,9.896482790016429e-06,16.62465268685824,7,VB,VB,appoint,0,1,5.954196310386875,0.000101410163,5.954196310386875,0.0161290322580645,5.954196310386875,0.0960354243610786,,,,,,,,,,,
cardinals,1,9.896482790016429e-06,16.62465268685824,9,NN,NNS,cardin,0,1,5.954196310386875,0.000101410163,5.954196310386875,0.0161290322580645,5.954196310386875,0.0960354243610786,,,,,,,,,,,
marsh,1,9.896482790016429e-06,16.62465268685824,5,NN,NN,marsh,0,1,5.954196310386875,0.000101410163,5.954196310386875,0.0161290322580645,5.954196310386875,0.0960354243610786,,,,,,,,,,,
darkgrey,1,9.896482790016429e-06,16.62465268685824,8,JJ,JJ,darkgrey,0,1,5.954196310386875,9.749789275236408e-05,5.954196310386875,0.0161290322580645,5.954196310386875,0.0960354243610786,,,,,,,,,,,
successfully,1,9.896482790016429e-06,16.62465268685824,12,RB,RB,success,0,1,5.954196310386875,0.000101410163,5.954196310386875,0.0161290322580645,5.954196310386875,0.0960354243610786,,,,,,,,,,,
accomplished,1,9.896482790016429e-06,16.62465268685824,12,VB,VBD,accomplish,0,1,5.954196310386875,0.000101410163,5.954196310386875,0.0161290322580645,5.954196310386875,0.0960354243610786,0.0,0.0,0.0,0.0,1.0,0.0,1.0,0.0,0.0,0.0,1.0
adopt,1,9.896482790016429e-06,16.62465268685824,5,VB,VB,adopt,0,1,5.954196310386875,0.000101410163,5.954196310386875,0.0161290322580645,5.954196310386875,0.0960354243610786,,,,,,,,,,,
discourse,1,9.896482790016429e-06,16.62465268685824,9,NN,NN,discours,0,1,5.954196310386875,0.000101410163,5.954196310386875,0.0161290322580645,5.954196310386875,0.0960354243610786,,,,,,,,,,,
fancies,1,9.896482790016429e-06,16.62465268685824,7,NN,NNS,fanci,0,1,5.954196310386875,9.749789275236408e-05,5.954196310386875,0.0161290322580645,5.954196310386875,0.0960354243610786,,,,,,,,,,,
unharmed,1,9.896482790016429e-06,16.62465268685824,8,JJ,JJ,unharm,0,1,5.954196310386875,0.000101410163,5.954196310386875,0.0161290322580645,5.954196310386875,0.0960354243610786,,,,,,,,,,,
amicably,1,9.896482790016429e-06,16.62465268685824,8,RB,RB,amic,0,1,5.954196310386875,0.000101410163,5.954196310386875,0.0161290322580645,5.954196310386875,0.0960354243610786,,,,,,,,,,,
daytime,1,9.896482790016429e-06,16.62465268685824,7,NN,NN,daytim,0,1,5.954196310386875,9.749789275236408e-05,5.954196310386875,0.0161290322580645,5.954196310386875,0.0960354243610786,,,,,,,,,,,
absence,1,9.896482790016429e-06,16.62465268685824,7,NN,NN,absenc,0,1,5.954196310386875,9.749789275236408e-05,5.954196310386875,0.0161290322580645,5.954196310386875,0.0960354243610786,0.0,0.0,0.0,1.0,0.0,1.0,0.0,1.0,0.0,0.0,-1.0
barking,1,9.896482790016429e-06,16.62465268685824,7,VB,VBG,bark,0,1,5.954196310386875,0.000101410163,5.954196310386875,0.0161290322580645,5.954196310386875,0.0960354243610786,,,,,,,,,,,
dismay,1,9.896482790016429e-06,16.62465268685824,6,NN,NN,dismay,0,1,5.954196310386875,0.000101410163,5.954196310386875,0.0161290322580645,5.954196310386875,0.0960354243610786,1.0,1.0,0.0,1.0,0.0,1.0,0.0,1.0,1.0,0.0,-1.0
stopping,1,9.896482790016429e-06,16.62465268685824,8,VB,VBG,stop,0,1,5.954196310386875,0.000101410163,5.954196310386875,0.0161290322580645,5.954196310386875,0.0960354243610786,,,,,,,,,,,
warn,1,9.896482790016429e-06,16.62465268685824,4,VB,VBP,warn,0,1,5.954196310386875,0.000101410163,5.954196310386875,0.0161290322580645,5.954196310386875,0.0960354243610786,0.0,1.0,0.0,1.0,0.0,1.0,0.0,0.0,1.0,1.0,-1.0
anointed,1,9.896482790016429e-06,16.62465268685824,8,VB,VBD,anoint,0,1,5.954196310386875,0.000101410163,5.954196310386875,0.0161290322580645,5.954196310386875,0.0960354243610786,,,,,,,,,,,
affected,1,9.896482790016429e-06,16.62465268685824,8,JJ,JJ,affect,0,1,5.954196310386875,0.000101410163,5.954196310386875,0.0161290322580645,5.954196310386875,0.0960354243610786,,,,,,,,,,,
coast,1,9.896482790016429e-06,16.62465268685824,5,NN,NN,coast,0,1,5.954196310386875,7.030411739464028e-05,5.954196310386875,0.0161290322580645,5.954196310386875,0.0960354243610786,,,,,,,,,,,
holiness,1,9.896482790016429e-06,16.62465268685824,8,NN,NNP,holi,0,1,5.954196310386875,0.000101410163,5.954196310386875,0.0161290322580645,5.954196310386875,0.0960354243610786,0.0,1.0,0.0,1.0,1.0,0.0,1.0,0.0,1.0,1.0,1.0
scampered,1,9.896482790016429e-06,16.62465268685824,9,VB,VBD,scamper,0,1,5.954196310386875,7.030411739464028e-05,5.954196310386875,0.0161290322580645,5.954196310386875,0.0960354243610786,,,,,,,,,,,
frightful,1,9.896482790016429e-06,16.62465268685824,9,JJ,JJ,fright,0,1,5.954196310386875,7.030411739464028e-05,5.954196310386875,0.0161290322580645,5.954196310386875,0.0960354243610786,1.0,0.0,0.0,1.0,0.0,1.0,0.0,1.0,0.0,0.0,-1.0
opening,1,9.896482790016429e-06,16.62465268685824,7,NN,NN,open,0,1,5.954196310386875,7.030411739464028e-05,5.954196310386875,0.0161290322580645,5.954196310386875,0.0960354243610786,,,,,,,,,,,
mewed,1,9.896482790016429e-06,16.62465268685824,5,VB,VBD,mew,0,1,5.954196310386875,7.030411739464028e-05,5.954196310386875,0.0161290322580645,5.954196310386875,0.0960354243610786,,,,,,,,,,,
brayed,1,9.896482790016429e-06,16.62465268685824,6,NN,NN,bray,0,1,5.954196310386875,7.030411739464028e-05,5.954196310386875,0.0161290322580645,5.954196310386875,0.0960354243610786,,,,,,,,,,,
resting,1,9.896482790016429e-06,16.62465268685824,7,VB,VBG,rest,0,1,5.954196310386875,7.030411739464028e-05,5.954196310386875,0.0161290322580645,5.954196310386875,0.0960354243610786,,,,,,,,,,,
forefeet,1,9.896482790016429e-06,16.62465268685824,8,NN,NN,forefeet,0,1,5.954196310386875,7.030411739464028e-05,5.954196310386875,0.0161290322580645,5.954196310386875,0.0960354243610786,,,,,,,,,,,
consulted,1,9.896482790016429e-06,16.62465268685824,9,VB,VBD,consult,0,1,5.954196310386875,7.030411739464028e-05,5.954196310386875,0.0161290322580645,5.954196310386875,0.0960354243610786,,,,,,,,,,,
oneself,1,9.896482790016429e-06,16.62465268685824,7,VB,VB,oneself,0,1,5.954196310386875,9.749789275236408e-05,5.954196310386875,0.0161290322580645,5.954196310386875,0.0960354243610786,,,,,,,,,,,
gang,1,9.896482790016429e-06,16.62465268685824,4,NN,NN,gang,0,1,5.954196310386875,7.030411739464028e-05,5.954196310386875,0.0161290322580645,5.954196310386875,0.0960354243610786,1.0,0.0,0.0,1.0,0.0,1.0,0.0,0.0,0.0,0.0,-1.0
brighter,1,9.896482790016429e-06,16.62465268685824,8,NN,NN,brighter,0,1,5.954196310386875,7.030411739464028e-05,5.954196310386875,0.0161290322580645,5.954196310386875,0.0960354243610786,,,,,,,,,,,
safer,1,9.896482790016429e-06,16.62465268685824,5,NN,NN,safer,0,1,5.954196310386875,7.030411739464028e-05,5.954196310386875,0.0161290322580645,5.954196310386875,0.0960354243610786,,,,,,,,,,,
wager,1,9.896482790016429e-06,16.62465268685824,5,NN,NN,wager,0,1,5.954196310386875,9.749789275236408e-05,5.954196310386875,0.0161290322580645,5.954196310386875,0.0960354243610786,,,,,,,,,,,
threaten,1,9.896482790016429e-06,16.62465268685824,8,VB,VBP,threaten,0,1,5.954196310386875,7.030411739464028e-05,5.954196310386875,0.0161290322580645,5.954196310386875,0.0960354243610786,1.0,1.0,0.0,1.0,0.0,1.0,0.0,0.0,0.0,0.0,-1.0
washingday,1,9.896482790016429e-06,16.62465268685824,10,JJ,JJ,washingday,0,1,5.954196310386875,7.030411739464028e-05,5.954196310386875,0.0161290322580645,5.954196310386875,0.0960354243610786,,,,,,,,,,,
calendar,1,9.896482790016429e-06,16.62465268685824,8,NN,NN,calendar,0,1,5.954196310386875,9.749789275236408e-05,5.954196310386875,0.0161290322580645,5.954196310386875,0.0960354243610786,,,,,,,,,,,
bravo,1,9.896482790016429e-06,16.62465268685824,5,NN,NNP,bravo,0,1,5.954196310386875,7.030411739464028e-05,5.954196310386875,0.0161290322580645,5.954196310386875,0.0960354243610786,,,,,,,,,,,
main,1,9.896482790016429e-06,16.62465268685824,4,JJ,JJ,main,0,1,5.954196310386875,7.030411739464028e-05,5.954196310386875,0.0161290322580645,5.954196310386875,0.0960354243610786,,,,,,,,,,,
farmyard,1,9.896482790016429e-06,16.62465268685824,8,NN,NN,farmyard,0,1,5.954196310386875,7.030411739464028e-05,5.954196310386875,0.0161290322580645,5.954196310386875,0.0960354243610786,,,,,,,,,,,
singer,1,9.896482790016429e-06,16.62465268685824,6,NN,NN,singer,0,1,5.954196310386875,7.030411739464028e-05,5.954196310386875,0.0161290322580645,5.954196310386875,0.0960354243610786,,,,,,,,,,,
rueful,1,9.896482790016429e-06,16.62465268685824,6,JJ,JJ,rueful,0,1,5.954196310386875,7.030411739464028e-05,5.954196310386875,0.0161290322580645,5.954196310386875,0.0960354243610786,,,,,,,,,,,
licking,1,9.896482790016429e-06,16.62465268685824,7,JJ,JJ,lick,0,1,5.954196310386875,9.749789275236408e-05,5.954196310386875,0.0161290322580645,5.954196310386875,0.0960354243610786,,,,,,,,,,,
pant,1,9.896482790016429e-06,16.62465268685824,4,VB,VBP,pant,0,1,5.954196310386875,7.030411739464028e-05,5.954196310386875,0.0161290322580645,5.954196310386875,0.0960354243610786,,,,,,,,,,,
panting,1,9.896482790016429e-06,16.62465268685824,7,NN,NN,pant,0,1,5.954196310386875,7.030411739464028e-05,5.954196310386875,0.0161290322580645,5.954196310386875,0.0960354243610786,,,,,,,,,,,
spied,1,9.896482790016429e-06,16.62465268685824,5,VB,VBD,spi,0,1,5.954196310386875,7.030411739464028e-05,5.954196310386875,0.0161290322580645,5.954196310386875,0.0960354243610786,,,,,,,,,,,
threes,1,9.896482790016429e-06,16.62465268685824,6,NN,NNS,three,0,1,5.954196310386875,9.749789275236408e-05,5.954196310386875,0.0161290322580645,5.954196310386875,0.0960354243610786,,,,,,,,,,,
unfit,1,9.896482790016429e-06,16.62465268685824,5,JJ,JJ,unfit,0,1,5.954196310386875,7.030411739464028e-05,5.954196310386875,0.0161290322580645,5.954196310386875,0.0960354243610786,,,,,,,,,,,
plucking,1,9.896482790016429e-06,16.62465268685824,8,VB,VBG,pluck,0,1,5.954196310386875,6.326444292561175e-05,5.954196310386875,0.0161290322580645,5.954196310386875,0.0960354243610786,,,,,,,,,,,
untying,1,9.896482790016429e-06,16.62465268685824,7,VB,VBG,unti,0,1,5.954196310386875,8.30756266099296e-05,5.954196310386875,0.0161290322580645,5.954196310386875,0.0960354243610786,,,,,,,,,,,
searcher,1,9.896482790016429e-06,16.62465268685824,8,NN,NN,searcher,0,1,5.954196310386875,8.30756266099296e-05,5.954196310386875,0.0161290322580645,5.954196310386875,0.0960354243610786,,,,,,,,,,,
mite,1,9.896482790016429e-06,16.62465268685824,4,NN,NN,mite,0,1,5.954196310386875,2.8658736007483925e-05,5.954196310386875,0.0161290322580645,5.954196310386875,0.0960354243610786,0.0,0.0,1.0,0.0,0.0,1.0,0.0,0.0,0.0,0.0,-1.0
faith,1,9.896482790016429e-06,16.62465268685824,5,NN,NNP,faith,0,1,5.954196310386875,2.8658736007483925e-05,5.954196310386875,0.0161290322580645,5.954196310386875,0.0960354243610786,0.0,1.0,0.0,0.0,1.0,0.0,1.0,0.0,0.0,1.0,1.0
liquid,1,9.896482790016429e-06,16.62465268685824,6,NN,NN,liquid,0,1,5.954196310386875,2.8658736007483925e-05,5.954196310386875,0.0161290322580645,5.954196310386875,0.0960354243610786,,,,,,,,,,,
tiny,1,9.896482790016429e-06,16.62465268685824,4,JJ,JJ,tini,0,1,5.954196310386875,2.8658736007483925e-05,5.954196310386875,0.0161290322580645,5.954196310386875,0.0960354243610786,,,,,,,,,,,
unbuttoned,1,9.896482790016429e-06,16.62465268685824,10,VB,VBD,unbutton,0,1,5.954196310386875,2.8658736007483925e-05,5.954196310386875,0.0161290322580645,5.954196310386875,0.0960354243610786,,,,,,,,,,,
ragamuffin,1,9.896482790016429e-06,16.62465268685824,10,VB,VBP,ragamuffin,0,1,5.954196310386875,2.8658736007483925e-05,5.954196310386875,0.0161290322580645,5.954196310386875,0.0960354243610786,,,,,,,,,,,
contemptuously,1,9.896482790016429e-06,16.62465268685824,14,RB,RB,contemptu,0,1,5.954196310386875,2.8658736007483925e-05,5.954196310386875,0.0161290322580645,5.954196310386875,0.0960354243610786,,,,,,,,,,,
widespread,1,9.896482790016429e-06,16.62465268685824,10,JJ,JJ,widespread,0,1,5.954196310386875,2.8658736007483925e-05,5.954196310386875,0.0161290322580645,5.954196310386875,0.0960354243610786,,,,,,,,,,,
overlooking,1,9.896482790016429e-06,16.62465268685824,11,VB,VBG,overlook,0,1,5.954196310386875,2.8658736007483925e-05,5.954196310386875,0.0161290322580645,5.954196310386875,0.0960354243610786,,,,,,,,,,,
bravely,1,9.896482790016429e-06,16.62465268685824,7,RB,RB,brave,0,1,5.954196310386875,2.8658736007483925e-05,5.954196310386875,0.0161290322580645,5.954196310386875,0.0960354243610786,,,,,,,,,,,
turns,1,9.896482790016429e-06,16.62465268685824,5,VB,VBZ,turn,0,1,5.954196310386875,6.326444292561175e-05,5.954196310386875,0.0161290322580645,5.954196310386875,0.0960354243610786,,,,,,,,,,,
valour,1,9.896482790016429e-06,16.62465268685824,6,NN,NN,valour,0,1,5.954196310386875,2.8658736007483925e-05,5.954196310386875,0.0161290322580645,5.954196310386875,0.0960354243610786,,,,,,,,,,,
embroidered,1,9.896482790016429e-06,16.62465268685824,11,VB,VBD,embroid,0,1,5.954196310386875,2.8658736007483925e-05,5.954196310386875,0.0161290322580645,5.954196310386875,0.0960354243610786,,,,,,,,,,,
stitched,1,9.896482790016429e-06,16.62465268685824,8,VB,VBD,stitch,0,1,5.954196310386875,2.8658736007483925e-05,5.954196310386875,0.0161290322580645,5.954196310386875,0.0960354243610786,,,,,,,,,,,
bravery,1,9.896482790016429e-06,16.62465268685824,7,NN,NN,braveri,0,1,5.954196310386875,2.8658736007483925e-05,5.954196310386875,0.0161290322580645,5.954196310386875,0.0960354243610786,,,,,,,,,,,
admiring,1,9.896482790016429e-06,16.62465268685824,8,VB,VBG,admir,0,1,5.954196310386875,2.8658736007483925e-05,5.954196310386875,0.0161290322580645,5.954196310386875,0.0960354243610786,,,,,,,,,,,
fewer,1,9.896482790016429e-06,16.62465268685824,5,JJ,JJR,fewer,0,1,5.954196310386875,2.8658736007483925e-05,5.954196310386875,0.0161290322580645,5.954196310386875,0.0960354243610786,,,,,,,,,,,
mercilessly,1,9.896482790016429e-06,16.62465268685824,11,RB,RB,mercilessli,0,1,5.954196310386875,2.8658736007483925e-05,5.954196310386875,0.0161290322580645,5.954196310386875,0.0960354243610786,,,,,,,,,,,
worktable,1,9.896482790016429e-06,16.62465268685824,9,JJ,JJ,worktabl,0,1,5.954196310386875,2.8658736007483925e-05,5.954196310386875,0.0161290322580645,5.954196310386875,0.0960354243610786,,,,,,,,,,,
patience,1,9.896482790016429e-06,16.62465268685824,8,NN,NN,patienc,0,1,5.954196310386875,2.8658736007483925e-05,5.954196310386875,0.0161290322580645,5.954196310386875,0.0960354243610786,0.0,1.0,0.0,0.0,0.0,0.0,1.0,0.0,0.0,1.0,1.0
companies,1,9.896482790016429e-06,16.62465268685824,9,NN,NNS,compani,0,1,5.954196310386875,2.8658736007483925e-05,5.954196310386875,0.0161290322580645,5.954196310386875,0.0960354243610786,,,,,,,,,,,
everincreasing,1,9.896482790016429e-06,16.62465268685824,14,JJ,JJ,everincreas,0,1,5.954196310386875,2.8658736007483925e-05,5.954196310386875,0.0161290322580645,5.954196310386875,0.0960354243610786,,,,,,,,,,,
german,1,9.896482790016429e-06,16.62465268685824,6,JJ,JJ,german,0,1,5.954196310386875,2.8658736007483925e-05,5.954196310386875,0.0161290322580645,5.954196310386875,0.0960354243610786,,,,,,,,,,,
understood,1,9.896482790016429e-06,16.62465268685824,10,VB,VBD,understood,0,1,5.954196310386875,2.8658736007483925e-05,5.954196310386875,0.0161290322580645,5.954196310386875,0.0960354243610786,,,,,,,,,,,
unbidden,1,9.896482790016429e-06,16.62465268685824,8,JJ,JJ,unbidden,0,1,5.954196310386875,2.8658736007483925e-05,5.954196310386875,0.0161290322580645,5.954196310386875,0.0960354243610786,,,,,,,,,,,
hosts,1,9.896482790016429e-06,16.62465268685824,5,NN,NNS,host,0,1,5.954196310386875,2.8658736007483925e-05,5.954196310386875,0.0161290322580645,5.954196310386875,0.0960354243610786,,,,,,,,,,,
attracted,1,9.896482790016429e-06,16.62465268685824,9,VB,VBN,attract,0,1,5.954196310386875,2.8658736007483925e-05,5.954196310386875,0.0161290322580645,5.954196310386875,0.0960354243610786,,,,,,,,,,,
numbers,1,9.896482790016429e-06,16.62465268685824,7,NN,NNS,number,0,1,5.954196310386875,2.8658736007483925e-05,5.954196310386875,0.0161290322580645,5.954196310386875,0.0960354243610786,,,,,,,,,,,
wasn,1,9.896482790016429e-06,16.62465268685824,4,JJ,JJ,wasn,1,1,5.954196310386875,2.8658736007483925e-05,5.954196310386875,0.0161290322580645,5.954196310386875,0.0960354243610786,,,,,,,,,,,
oak,1,9.896482790016429e-06,16.62465268685824,3,NN,NN,oak,0,1,5.954196310386875,2.8658736007483925e-05,5.954196310386875,0.0161290322580645,5.954196310386875,0.0960354243610786,,,,,,,,,,,
blazed,1,9.896482790016429e-06,16.62465268685824,6,VB,VBD,blaze,0,1,5.954196310386875,6.326444292561175e-05,5.954196310386875,0.0161290322580645,5.954196310386875,0.0960354243610786,,,,,,,,,,,
readily,1,9.896482790016429e-06,16.62465268685824,7,NN,NNP,readili,0,1,5.954196310386875,2.8658736007483925e-05,5.954196310386875,0.0161290322580645,5.954196310386875,0.0960354243610786,,,,,,,,,,,
murdering,1,9.896482790016429e-06,16.62465268685824,9,VB,VBG,murder,0,1,5.954196310386875,2.8658736007483925e-05,5.954196310386875,0.0161290322580645,5.954196310386875,0.0960354243610786,,,,,,,,,,,
robbing,1,9.896482790016429e-06,16.62465268685824,7,NN,NN,rob,0,1,5.954196310386875,2.8658736007483925e-05,5.954196310386875,0.0161290322580645,5.954196310386875,0.0960354243610786,,,,,,,,,,,
kills,1,9.896482790016429e-06,16.62465268685824,5,VB,VBZ,kill,0,1,5.954196310386875,2.8658736007483925e-05,5.954196310386875,0.0161290322580645,5.954196310386875,0.0960354243610786,,,,,,,,,,,
prepared,1,9.896482790016429e-06,16.62465268685824,8,JJ,JJ,prepar,0,1,5.954196310386875,2.8658736007483925e-05,5.954196310386875,0.0161290322580645,5.954196310386875,0.0960354243610786,0.0,1.0,0.0,0.0,0.0,0.0,1.0,0.0,0.0,1.0,1.0
decision,1,9.896482790016429e-06,16.62465268685824,8,NN,NN,decis,0,1,5.954196310386875,2.8658736007483925e-05,5.954196310386875,0.0161290322580645,5.954196310386875,0.0960354243610786,,,,,,,,,,,
ending,1,9.896482790016429e-06,16.62465268685824,6,VB,VBG,end,0,1,5.954196310386875,6.326444292561175e-05,5.954196310386875,0.0161290322580645,5.954196310386875,0.0960354243610786,,,,,,,,,,,
assigned,1,9.896482790016429e-06,16.62465268685824,8,VB,VBN,assign,0,1,5.954196310386875,2.8658736007483925e-05,5.954196310386875,0.0161290322580645,5.954196310386875,0.0960354243610786,,,,,,,,,,,
special,1,9.896482790016429e-06,16.62465268685824,7,JJ,JJ,special,0,1,5.954196310386875,2.8658736007483925e-05,5.954196310386875,0.0161290322580645,5.954196310386875,0.0960354243610786,0.0,0.0,0.0,0.0,1.0,0.0,1.0,0.0,0.0,0.0,1.0
honourably,1,9.896482790016429e-06,16.62465268685824,10,RB,RB,honour,0,1,5.954196310386875,2.8658736007483925e-05,5.954196310386875,0.0161290322580645,5.954196310386875,0.0960354243610786,,,,,,,,,,,
conveyed,1,9.896482790016429e-06,16.62465268685824,8,VB,VBD,convey,0,1,5.954196310386875,2.8658736007483925e-05,5.954196310386875,0.0161290322580645,5.954196310386875,0.0960354243610786,,,,,,,,,,,
sleeper,1,9.896482790016429e-06,16.62465268685824,7,NN,NN,sleeper,0,1,5.954196310386875,2.8658736007483925e-05,5.954196310386875,0.0161290322580645,5.954196310386875,0.0960354243610786,,,,,,,,,,,
ambassador,1,9.896482790016429e-06,16.62465268685824,10,NN,NN,ambassador,0,1,5.954196310386875,2.8658736007483925e-05,5.954196310386875,0.0161290322580645,5.954196310386875,0.0960354243610786,0.0,0.0,0.0,0.0,0.0,0.0,1.0,0.0,0.0,1.0,1.0
military,1,9.896482790016429e-06,16.62465268685824,8,JJ,JJ,militari,0,1,5.954196310386875,2.8658736007483925e-05,5.954196310386875,0.0161290322580645,5.954196310386875,0.0960354243610786,,,,,,,,,,,
depart,1,9.896482790016429e-06,16.62465268685824,6,VB,VB,depart,0,1,5.954196310386875,2.8658736007483925e-05,5.954196310386875,0.0161290322580645,5.954196310386875,0.0960354243610786,0.0,1.0,0.0,0.0,0.0,0.0,0.0,1.0,0.0,0.0,0.0
weighty,1,9.896482790016429e-06,16.62465268685824,7,NN,NN,weighti,0,1,5.954196310386875,2.8658736007483925e-05,5.954196310386875,0.0161290322580645,5.954196310386875,0.0960354243610786,,,,,,,,,,,
opinion,1,9.896482790016429e-06,16.62465268685824,7,NN,NN,opinion,0,1,5.954196310386875,2.8658736007483925e-05,5.954196310386875,0.0161290322580645,5.954196310386875,0.0960354243610786,,,,,,,,,,,
busily,1,9.896482790016429e-06,16.62465268685824,6,RB,RB,busili,0,1,5.954196310386875,6.326444292561175e-05,5.954196310386875,0.0161290322580645,5.954196310386875,0.0960354243610786,,,,,,,,,,,
earliest,1,9.896482790016429e-06,16.62465268685824,8,JJ,JJS,earliest,0,1,5.954196310386875,2.8658736007483925e-05,5.954196310386875,0.0161290322580645,5.954196310386875,0.0960354243610786,,,,,,,,,,,
spacious,1,9.896482790016429e-06,16.62465268685824,8,JJ,JJ,spaciou,0,1,5.954196310386875,2.8658736007483925e-05,5.954196310386875,0.0161290322580645,5.954196310386875,0.0960354243610786,,,,,,,,,,,
valiant,1,9.896482790016429e-06,16.62465268685824,7,JJ,JJ,valiant,0,1,5.954196310386875,2.8658736007483925e-05,5.954196310386875,0.0161290322580645,5.954196310386875,0.0960354243610786,,,,,,,,,,,
shooting,1,9.896482790016429e-06,16.62465268685824,8,VB,VBG,shoot,0,1,5.954196310386875,2.8658736007483925e-05,5.954196310386875,0.0161290322580645,5.954196310386875,0.0960354243610786,1.0,0.0,0.0,1.0,0.0,1.0,0.0,0.0,0.0,0.0,-1.0
lack,1,9.896482790016429e-06,16.62465268685824,4,NN,NN,lack,0,1,5.954196310386875,2.8658736007483925e-05,5.954196310386875,0.0161290322580645,5.954196310386875,0.0960354243610786,,,,,,,,,,,
ripest,1,9.896482790016429e-06,16.62465268685824,6,JJ,JJS,ripest,0,1,5.954196310386875,2.8658736007483925e-05,5.954196310386875,0.0161290322580645,5.954196310386875,0.0960354243610786,,,,,,,,,,,
cherrytree,1,9.896482790016429e-06,16.62465268685824,10,JJ,JJ,cherrytre,0,1,5.954196310386875,2.8658736007483925e-05,5.954196310386875,0.0161290322580645,5.954196310386875,0.0960354243610786,,,,,,,,,,,
buzz,1,9.896482790016429e-06,16.62465268685824,4,NN,NN,buzz,0,1,5.954196310386875,6.326444292561175e-05,5.954196310386875,0.0161290322580645,5.954196310386875,0.0960354243610786,0.0,1.0,0.0,1.0,0.0,0.0,1.0,0.0,0.0,0.0,1.0
heaviest,1,9.896482790016429e-06,16.62465268685824,8,JJ,JJS,heaviest,0,1,5.954196310386875,2.8658736007483925e-05,5.954196310386875,0.0161290322580645,5.954196310386875,0.0960354243610786,,,,,,,,,,,
twigs,1,9.896482790016429e-06,16.62465268685824,5,NN,NNS,twig,0,1,5.954196310386875,2.8658736007483925e-05,5.954196310386875,0.0161290322580645,5.954196310386875,0.0960354243610786,,,,,,,,,,,
jacket,1,9.896482790016429e-06,16.62465268685824,6,NN,NN,jacket,0,1,5.954196310386875,2.8658736007483925e-05,5.954196310386875,0.0161290322580645,5.954196310386875,0.0960354243610786,,,,,,,,,,,
sale,1,9.896482790016429e-06,16.62465268685824,4,NN,NN,sale,0,1,5.954196310386875,2.8658736007483925e-05,5.954196310386875,0.0161290322580645,5.954196310386875,0.0960354243610786,,,,,,,,,,,
consequence,1,9.896482790016429e-06,16.62465268685824,11,NN,NN,consequ,0,1,5.954196310386875,2.8658736007483925e-05,5.954196310386875,0.0161290322580645,5.954196310386875,0.0960354243610786,,,,,,,,,,,
pound,1,9.896482790016429e-06,16.62465268685824,5,NN,NN,pound,0,1,5.954196310386875,2.8658736007483925e-05,5.954196310386875,0.0161290322580645,5.954196310386875,0.0960354243610786,1.0,0.0,0.0,0.0,0.0,1.0,0.0,0.0,0.0,0.0,-1.0
proclaimed,1,9.896482790016429e-06,16.62465268685824,10,VB,VBN,proclaim,0,1,5.954196310386875,8.966893030913037e-05,5.954196310386875,0.0161290322580645,5.954196310386875,0.0960354243610786,,,,,,,,,,,
dangerously,1,9.896482790016429e-06,16.62465268685824,11,RB,RB,danger,0,1,5.954196310386875,8.966893030913037e-05,5.954196310386875,0.0161290322580645,5.954196310386875,0.0960354243610786,,,,,,,,,,,
remembrance,1,9.896482790016429e-06,16.62465268685824,11,NN,NN,remembr,0,1,5.954196310386875,8.966893030913037e-05,5.954196310386875,0.0161290322580645,5.954196310386875,0.0960354243610786,,,,,,,,,,,
frighten,1,9.896482790016429e-06,16.62465268685824,8,VB,VB,frighten,0,1,5.954196310386875,6.326444292561175e-05,5.954196310386875,0.0161290322580645,5.954196310386875,0.0960354243610786,0.0,0.0,0.0,1.0,0.0,1.0,0.0,1.0,1.0,0.0,-1.0
declare,1,9.896482790016429e-06,16.62465268685824,7,VB,VB,declar,0,1,5.954196310386875,5.972352261261108e-05,5.954196310386875,0.0161290322580645,5.954196310386875,0.0960354243610786,,,,,,,,,,,
cups,1,9.896482790016429e-06,16.62465268685824,4,NN,NNS,cup,0,1,5.954196310386875,5.972352261261108e-05,5.954196310386875,0.0161290322580645,5.954196310386875,0.0960354243610786,,,,,,,,,,,
adventure,1,9.896482790016429e-06,16.62465268685824,9,NN,NN,adventur,0,1,5.954196310386875,5.972352261261108e-05,5.954196310386875,0.0161290322580645,5.954196310386875,0.0960354243610786,0.0,1.0,0.0,0.0,0.0,0.0,1.0,0.0,0.0,0.0,1.0
undressed,1,9.896482790016429e-06,16.62465268685824,9,VB,VBD,undress,0,1,5.954196310386875,5.972352261261108e-05,5.954196310386875,0.0161290322580645,5.954196310386875,0.0960354243610786,,,,,,,,,,,
promising,1,9.896482790016429e-06,16.62465268685824,9,VB,VBG,promis,0,1,5.954196310386875,5.972352261261108e-05,5.954196310386875,0.0161290322580645,5.954196310386875,0.0960354243610786,,,,,,,,,,,
rowed,1,9.896482790016429e-06,16.62465268685824,5,VB,VBD,row,0,1,5.954196310386875,5.972352261261108e-05,5.954196310386875,0.0161290322580645,5.954196310386875,0.0960354243610786,,,,,,,,,,,
silenced,1,9.896482790016429e-06,16.62465268685824,8,VB,VBD,silenc,0,1,5.954196310386875,5.972352261261108e-05,5.954196310386875,0.0161290322580645,5.954196310386875,0.0960354243610786,,,,,,,,,,,
landed,1,9.896482790016429e-06,16.62465268685824,6,VB,VBD,land,0,1,5.954196310386875,5.972352261261108e-05,5.954196310386875,0.0161290322580645,5.954196310386875,0.0960354243610786,,,,,,,,,,,
horns,1,9.896482790016429e-06,16.62465268685824,5,NN,NNS,horn,0,1,5.954196310386875,5.972352261261108e-05,5.954196310386875,0.0161290322580645,5.954196310386875,0.0960354243610786,,,,,,,,,,,
illuminated,1,9.896482790016429e-06,16.62465268685824,11,JJ,JJ,illumin,0,1,5.954196310386875,5.972352261261108e-05,5.954196310386875,0.0161290322580645,5.954196310386875,0.0960354243610786,,,,,,,,,,,
hinder,1,9.896482790016429e-06,16.62465268685824,6,VB,VB,hinder,0,1,5.954196310386875,6.326444292561175e-05,5.954196310386875,0.0161290322580645,5.954196310386875,0.0960354243610786,,,,,,,,,,,
boats,1,9.896482790016429e-06,16.62465268685824,5,NN,NNS,boat,0,1,5.954196310386875,5.972352261261108e-05,5.954196310386875,0.0161290322580645,5.954196310386875,0.0960354243610786,,,,,,,,,,,
tremble,1,9.896482790016429e-06,16.62465268685824,7,JJ,JJ,trembl,0,1,5.954196310386875,5.972352261261108e-05,5.954196310386875,0.0161290322580645,5.954196310386875,0.0960354243610786,,,,,,,,,,,
flowering,1,9.896482790016429e-06,16.62465268685824,9,NN,NN,flower,0,1,5.954196310386875,6.326444292561175e-05,5.954196310386875,0.0161290322580645,5.954196310386875,0.0960354243610786,,,,,,,,,,,
shrubs,1,9.896482790016429e-06,16.62465268685824,6,NN,NN,shrub,0,1,5.954196310386875,6.326444292561175e-05,5.954196310386875,0.0161290322580645,5.954196310386875,0.0960354243610786,,,,,,,,,,,
trod,1,9.896482790016429e-06,16.62465268685824,4,VB,VBZ,trod,0,1,5.954196310386875,5.972352261261108e-05,5.954196310386875,0.0161290322580645,5.954196310386875,0.0960354243610786,,,,,,,,,,,
buzzed,1,9.896482790016429e-06,16.62465268685824,6,VB,VBD,buzz,0,1,5.954196310386875,6.326444292561175e-05,5.954196310386875,0.0161290322580645,5.954196310386875,0.0960354243610786,,,,,,,,,,,
befall,1,9.896482790016429e-06,16.62465268685824,6,VB,VB,befal,0,1,5.954196310386875,5.972352261261108e-05,5.954196310386875,0.0161290322580645,5.954196310386875,0.0960354243610786,,,,,,,,,,,
skipped,1,9.896482790016429e-06,16.62465268685824,7,VB,VBD,skip,0,1,5.954196310386875,5.972352261261108e-05,5.954196310386875,0.0161290322580645,5.954196310386875,0.0960354243610786,,,,,,,,,,,
boxes,1,9.896482790016429e-06,16.62465268685824,5,NN,NNS,box,0,1,5.954196310386875,5.972352261261108e-05,5.954196310386875,0.0161290322580645,5.954196310386875,0.0960354243610786,,,,,,,,,,,
drawers,1,9.896482790016429e-06,16.62465268685824,7,NN,NNS,drawer,0,1,5.954196310386875,5.972352261261108e-05,5.954196310386875,0.0161290322580645,5.954196310386875,0.0960354243610786,,,,,,,,,,,
outer,1,9.896482790016429e-06,16.62465268685824,5,NN,NN,outer,0,1,5.954196310386875,5.972352261261108e-05,5.954196310386875,0.0161290322580645,5.954196310386875,0.0960354243610786,,,,,,,,,,,
entertained,1,9.896482790016429e-06,16.62465268685824,11,VB,VBN,entertain,0,1,5.954196310386875,5.972352261261108e-05,5.954196310386875,0.0161290322580645,5.954196310386875,0.0960354243610786,0.0,0.0,0.0,0.0,1.0,0.0,1.0,0.0,0.0,0.0,1.0
mourning,1,9.896482790016429e-06,16.62465268685824,8,NN,NN,mourn,0,1,5.954196310386875,8.966893030913037e-05,5.954196310386875,0.0161290322580645,5.954196310386875,0.0960354243610786,0.0,0.0,0.0,0.0,0.0,1.0,0.0,1.0,0.0,0.0,-1.0
fretted,1,9.896482790016429e-06,16.62465268685824,7,VB,VBD,fret,0,1,5.954196310386875,8.966893030913037e-05,5.954196310386875,0.0161290322580645,5.954196310386875,0.0960354243610786,,,,,,,,,,,
faithfulness,1,9.896482790016429e-06,16.62465268685824,12,NN,NN,faith,0,1,5.954196310386875,8.966893030913037e-05,5.954196310386875,0.0161290322580645,5.954196310386875,0.0960354243610786,,,,,,,,,,,
constraint,1,9.896482790016429e-06,16.62465268685824,10,NN,NN,constraint,0,1,5.954196310386875,8.966893030913037e-05,5.954196310386875,0.0161290322580645,5.954196310386875,0.0960354243610786,1.0,0.0,0.0,1.0,0.0,1.0,0.0,1.0,0.0,0.0,-1.0
ounces,1,9.896482790016429e-06,16.62465268685824,6,NN,NNS,ounc,0,1,5.954196310386875,2.8658736007483925e-05,5.954196310386875,0.0161290322580645,5.954196310386875,0.0960354243610786,,,,,,,,,,,
weigh,1,9.896482790016429e-06,16.62465268685824,5,JJ,JJ,weigh,0,1,5.954196310386875,2.8658736007483925e-05,5.954196310386875,0.0161290322580645,5.954196310386875,0.0960354243610786,0.0,1.0,0.0,0.0,0.0,0.0,0.0,0.0,0.0,1.0,0.0
lifeless,1,9.896482790016429e-06,16.62465268685824,8,RB,RB,lifeless,0,1,5.954196310386875,6.326444292561175e-05,5.954196310386875,0.0161290322580645,5.954196310386875,0.0960354243610786,0.0,0.0,0.0,1.0,0.0,1.0,0.0,1.0,0.0,0.0,-1.0
housetop,1,9.896482790016429e-06,16.62465268685824,8,JJ,JJ,housetop,0,1,5.954196310386875,6.326444292561175e-05,5.954196310386875,0.0161290322580645,5.954196310386875,0.0960354243610786,,,,,,,,,,,
unpack,1,9.896482790016429e-06,16.62465268685824,6,NN,NN,unpack,0,1,5.954196310386875,2.8658736007483925e-05,5.954196310386875,0.0161290322580645,5.954196310386875,0.0960354243610786,,,,,,,,,,,
pleasantly,1,9.896482790016429e-06,16.62465268685824,10,RB,RB,pleasantli,0,1,5.954196310386875,2.8658736007483925e-05,5.954196310386875,0.0161290322580645,5.954196310386875,0.0960354243610786,,,,,,,,,,,
blazing,1,9.896482790016429e-06,16.62465268685824,7,NN,NN,blaze,0,1,5.954196310386875,6.326444292561175e-05,5.954196310386875,0.0161290322580645,5.954196310386875,0.0960354243610786,,,,,,,,,,,
alter,1,9.896482790016429e-06,16.62465268685824,5,VB,VB,alter,0,1,5.954196310386875,8.966893030913037e-05,5.954196310386875,0.0161290322580645,5.954196310386875,0.0960354243610786,,,,,,,,,,,
glove,1,9.896482790016429e-06,16.62465268685824,5,NN,NN,glove,0,1,5.954196310386875,8.966893030913037e-05,5.954196310386875,0.0161290322580645,5.954196310386875,0.0960354243610786,,,,,,,,,,,
fainting,1,9.896482790016429e-06,16.62465268685824,8,VB,VBG,faint,0,1,5.954196310386875,8.966893030913037e-05,5.954196310386875,0.0161290322580645,5.954196310386875,0.0960354243610786,0.0,0.0,0.0,1.0,0.0,1.0,0.0,1.0,1.0,0.0,-1.0
increased,1,9.896482790016429e-06,16.62465268685824,9,VB,VBD,increas,0,1,5.954196310386875,8.966893030913037e-05,5.954196310386875,0.0161290322580645,5.954196310386875,0.0960354243610786,,,,,,,,,,,
chase,1,9.896482790016429e-06,16.62465268685824,5,NN,NN,chase,0,1,5.954196310386875,8.966893030913037e-05,5.954196310386875,0.0161290322580645,5.954196310386875,0.0960354243610786,,,,,,,,,,,
project,1,9.896482790016429e-06,16.62465268685824,7,NN,NN,project,0,1,5.954196310386875,8.966893030913037e-05,5.954196310386875,0.0161290322580645,5.954196310386875,0.0960354243610786,,,,,,,,,,,
resembled,1,9.896482790016429e-06,16.62465268685824,9,VB,VBD,resembl,0,1,5.954196310386875,8.966893030913037e-05,5.954196310386875,0.0161290322580645,5.954196310386875,0.0960354243610786,,,,,,,,,,,
disclosed,1,9.896482790016429e-06,16.62465268685824,9,VB,VBD,disclos,0,1,5.954196310386875,8.966893030913037e-05,5.954196310386875,0.0161290322580645,5.954196310386875,0.0960354243610786,,,,,,,,,,,
disposed,1,9.896482790016429e-06,16.62465268685824,8,VB,VBN,dispos,0,1,5.954196310386875,8.966893030913037e-05,5.954196310386875,0.0161290322580645,5.954196310386875,0.0960354243610786,0.0,1.0,0.0,0.0,0.0,0.0,1.0,0.0,0.0,1.0,1.0
kitchenboy,1,9.896482790016429e-06,16.62465268685824,10,NN,NN,kitchenboy,0,1,5.954196310386875,6.326444292561175e-05,5.954196310386875,0.0161290322580645,5.954196310386875,0.0960354243610786,,,,,,,,,,,
assumed,1,9.896482790016429e-06,16.62465268685824,7,VB,VBN,assum,0,1,5.954196310386875,8.966893030913037e-05,5.954196310386875,0.0161290322580645,5.954196310386875,0.0960354243610786,,,,,,,,,,,
amiss,1,9.896482790016429e-06,16.62465268685824,5,RB,RB,amiss,0,1,5.954196310386875,6.326444292561175e-05,5.954196310386875,0.0161290322580645,5.954196310386875,0.0960354243610786,,,,,,,,,,,
lied,1,9.896482790016429e-06,16.62465268685824,4,VB,VBN,lie,0,1,5.954196310386875,8.966893030913037e-05,5.954196310386875,0.0161290322580645,5.954196310386875,0.0960354243610786,,,,,,,,,,,
repeated,1,9.896482790016429e-06,16.62465268685824,8,VB,VBD,repeat,0,1,5.954196310386875,8.966893030913037e-05,5.954196310386875,0.0161290322580645,5.954196310386875,0.0960354243610786,,,,,,,,,,,
thicker,1,9.896482790016429e-06,16.62465268685824,7,NN,NN,thicker,0,1,5.954196310386875,6.326444292561175e-05,5.954196310386875,0.0161290322580645,5.954196310386875,0.0960354243610786,,,,,,,,,,,
favoured,1,9.896482790016429e-06,16.62465268685824,8,VB,VBD,favour,0,1,5.954196310386875,8.966893030913037e-05,5.954196310386875,0.0161290322580645,5.954196310386875,0.0960354243610786,,,,,,,,,,,
skip,1,9.896482790016429e-06,16.62465268685824,4,NN,NN,skip,0,1,5.954196310386875,8.966893030913037e-05,5.954196310386875,0.0161290322580645,5.954196310386875,0.0960354243610786,,,,,,,,,,,
report,1,9.896482790016429e-06,16.62465268685824,6,NN,NN,report,0,1,5.954196310386875,6.326444292561175e-05,5.954196310386875,0.0161290322580645,5.954196310386875,0.0960354243610786,,,,,,,,,,,
suits,1,9.896482790016429e-06,16.62465268685824,5,NN,NNS,suit,0,1,5.954196310386875,8.966893030913037e-05,5.954196310386875,0.0161290322580645,5.954196310386875,0.0960354243610786,,,,,,,,,,,
arranging,1,9.896482790016429e-06,16.62465268685824,9,VB,VBG,arrang,0,1,5.954196310386875,0.0001362204600866,5.954196310386875,0.0161290322580645,5.954196310386875,0.0960354243610786,,,,,,,,,,,
herd,1,9.896482790016429e-06,16.62465268685824,4,NN,NN,herd,0,1,5.954196310386875,4.6170877096672425e-05,5.954196310386875,0.0161290322580645,5.954196310386875,0.0960354243610786,,,,,,,,,,,
influenced,1,9.896482790016429e-06,16.62465268685824,10,VB,VBN,influenc,0,1,5.954196310386875,0.0001362204600866,5.954196310386875,0.0161290322580645,5.954196310386875,0.0960354243610786,,,,,,,,,,,
wounds,1,9.896482790016429e-06,16.62465268685824,6,NN,NNS,wound,0,1,5.954196310386875,5.490876178449321e-05,5.954196310386875,0.0161290322580645,5.954196310386875,0.0960354243610786,,,,,,,,,,,
earning,1,9.896482790016429e-06,16.62465268685824,7,VB,VBG,earn,0,1,5.954196310386875,6.484498606419895e-05,5.954196310386875,0.0161290322580645,5.954196310386875,0.0960354243610786,,,,,,,,,,,
payment,1,9.896482790016429e-06,16.62465268685824,7,NN,NN,payment,0,1,5.954196310386875,5.490876178449321e-05,5.954196310386875,0.0161290322580645,5.954196310386875,0.0960354243610786,,,,,,,,,,,
baskets,1,9.896482790016429e-06,16.62465268685824,7,NN,NNS,basket,0,1,5.954196310386875,6.484498606419895e-05,5.954196310386875,0.0161290322580645,5.954196310386875,0.0960354243610786,,,,,,,,,,,
laboured,1,9.896482790016429e-06,16.62465268685824,8,VB,VBD,labour,0,1,5.954196310386875,5.490876178449321e-05,5.954196310386875,0.0161290322580645,5.954196310386875,0.0960354243610786,,,,,,,,,,,
willows,1,9.896482790016429e-06,16.62465268685824,7,NN,NNS,willow,0,1,5.954196310386875,6.484498606419895e-05,5.954196310386875,0.0161290322580645,5.954196310386875,0.0960354243610786,,,,,,,,,,,
runaway,1,9.896482790016429e-06,16.62465268685824,7,JJ,JJ,runaway,0,1,5.954196310386875,5.490876178449321e-05,5.954196310386875,0.0161290322580645,5.954196310386875,0.0960354243610786,0.0,0.0,0.0,0.0,0.0,1.0,0.0,1.0,0.0,0.0,-1.0
gives,1,9.896482790016429e-06,16.62465268685824,5,VB,VBZ,give,0,1,5.954196310386875,5.490876178449321e-05,5.954196310386875,0.0161290322580645,5.954196310386875,0.0960354243610786,,,,,,,,,,,
oho,1,9.896482790016429e-06,16.62465268685824,3,NN,NNP,oho,0,1,5.954196310386875,5.490876178449321e-05,5.954196310386875,0.0161290322580645,5.954196310386875,0.0960354243610786,,,,,,,,,,,
threads,1,9.896482790016429e-06,16.62465268685824,7,NN,NNS,thread,0,1,5.954196310386875,6.484498606419895e-05,5.954196310386875,0.0161290322580645,5.954196310386875,0.0960354243610786,,,,,,,,,,,
pans,1,9.896482790016429e-06,16.62465268685824,4,NN,NNS,pan,0,1,5.954196310386875,6.484498606419895e-05,5.954196310386875,0.0161290322580645,5.954196310386875,0.0960354243610786,,,,,,,,,,,
renders,1,9.896482790016429e-06,16.62465268685824,7,VB,VBP,render,0,1,5.954196310386875,5.490876178449321e-05,5.954196310386875,0.0161290322580645,5.954196310386875,0.0960354243610786,,,,,,,,,,,
receives,1,9.896482790016429e-06,16.62465268685824,8,VB,VBZ,receiv,0,1,5.954196310386875,5.490876178449321e-05,5.954196310386875,0.0161290322580645,5.954196310386875,0.0960354243610786,,,,,,,,,,,
ware,1,9.896482790016429e-06,16.62465268685824,4,NN,NN,ware,0,1,5.954196310386875,6.484498606419895e-05,5.954196310386875,0.0161290322580645,5.954196310386875,0.0960354243610786,0.0,0.0,0.0,1.0,0.0,1.0,0.0,0.0,0.0,0.0,-1.0
menial,1,9.896482790016429e-06,16.62465268685824,6,JJ,JJ,menial,0,1,5.954196310386875,5.490876178449321e-05,5.954196310386875,0.0161290322580645,5.954196310386875,0.0960354243610786,,,,,,,,,,,
hillock,1,9.896482790016429e-06,16.62465268685824,7,NN,NN,hillock,0,1,5.954196310386875,5.110985862750326e-05,5.954196310386875,0.0161290322580645,5.954196310386875,0.0960354243610786,,,,,,,,,,,
mourners,1,9.896482790016429e-06,16.62465268685824,8,NN,NNS,mourner,0,1,5.954196310386875,5.110985862750326e-05,5.954196310386875,0.0161290322580645,5.954196310386875,0.0960354243610786,,,,,,,,,,,
drunken,1,9.896482790016429e-06,16.62465268685824,7,JJ,JJ,drunken,0,1,5.954196310386875,6.484498606419895e-05,5.954196310386875,0.0161290322580645,5.954196310386875,0.0960354243610786,0.0,0.0,1.0,0.0,0.0,1.0,0.0,0.0,0.0,0.0,-1.0
rapid,1,9.896482790016429e-06,16.62465268685824,5,JJ,JJ,rapid,0,1,5.954196310386875,5.110985862750326e-05,5.954196310386875,0.0161290322580645,5.954196310386875,0.0960354243610786,,,,,,,,,,,
passes,1,9.896482790016429e-06,16.62465268685824,6,VB,VBZ,pass,0,1,5.954196310386875,6.484498606419895e-05,5.954196310386875,0.0161290322580645,5.954196310386875,0.0960354243610786,,,,,,,,,,,
dirtiest,1,9.896482790016429e-06,16.62465268685824,8,JJ,JJS,dirtiest,0,1,5.954196310386875,6.484498606419895e-05,5.954196310386875,0.0161290322580645,5.954196310386875,0.0960354243610786,,,,,,,,,,,
brightness,1,9.896482790016429e-06,16.62465268685824,10,NN,NN,bright,0,1,5.954196310386875,6.484498606419895e-05,5.954196310386875,0.0161290322580645,5.954196310386875,0.0960354243610786,,,,,,,,,,,
3,1,9.896482790016429e-06,16.62465268685824,1,CD,CD,3,0,1,5.954196310386875,5.110985862750326e-05,5.954196310386875,0.0161290322580645,5.954196310386875,0.0960354243610786,,,,,,,,,,,
abashed,1,9.896482790016429e-06,16.62465268685824,7,JJ,JJ,abash,0,1,5.954196310386875,6.484498606419895e-05,5.954196310386875,0.0161290322580645,5.954196310386875,0.0960354243610786,,,,,,,,,,,
illtreatment,1,9.896482790016429e-06,16.62465268685824,12,NN,NN,illtreat,0,1,5.954196310386875,6.484498606419895e-05,5.954196310386875,0.0161290322580645,5.954196310386875,0.0960354243610786,,,,,,,,,,,
splashed,1,9.896482790016429e-06,16.62465268685824,8,VB,VBD,splash,0,1,5.954196310386875,5.110985862750326e-05,5.954196310386875,0.0161290322580645,5.954196310386875,0.0960354243610786,,,,,,,,,,,
chamberlains,1,9.896482790016429e-06,16.62465268685824,12,NN,NNS,chamberlain,0,1,5.954196310386875,6.484498606419895e-05,5.954196310386875,0.0161290322580645,5.954196310386875,0.0960354243610786,,,,,,,,,,,
proposed,1,9.896482790016429e-06,16.62465268685824,8,VB,VBD,propos,0,1,5.954196310386875,5.490876178449321e-05,5.954196310386875,0.0161290322580645,5.954196310386875,0.0960354243610786,,,,,,,,,,,
trifling,1,9.896482790016429e-06,16.62465268685824,8,JJ,JJ,trifl,0,1,5.954196310386875,5.490876178449321e-05,5.954196310386875,0.0161290322580645,5.954196310386875,0.0960354243610786,,,,,,,,,,,
burns,1,9.896482790016429e-06,16.62465268685824,5,VB,VBZ,burn,0,1,5.954196310386875,5.490876178449321e-05,5.954196310386875,0.0161290322580645,5.954196310386875,0.0960354243610786,,,,,,,,,,,
spending,1,9.896482790016429e-06,16.62465268685824,8,VB,VBG,spend,0,1,5.954196310386875,6.484498606419895e-05,5.954196310386875,0.0161290322580645,5.954196310386875,0.0960354243610786,,,,,,,,,,,
coxcomb,1,9.896482790016429e-06,16.62465268685824,7,NN,NNP,coxcomb,0,1,5.954196310386875,6.484498606419895e-05,5.954196310386875,0.0161290322580645,5.954196310386875,0.0960354243610786,,,,,,,,,,,
halfshut,1,9.896482790016429e-06,16.62465268685824,8,JJ,JJ,halfshut,0,1,5.954196310386875,5.490876178449321e-05,5.954196310386875,0.0161290322580645,5.954196310386875,0.0960354243610786,,,,,,,,,,,
silently,1,9.896482790016429e-06,16.62465268685824,8,RB,RB,silent,0,1,5.954196310386875,5.490876178449321e-05,5.954196310386875,0.0161290322580645,5.954196310386875,0.0960354243610786,,,,,,,,,,,
brighten,1,9.896482790016429e-06,16.62465268685824,8,VB,VB,brighten,0,1,5.954196310386875,5.490876178449321e-05,5.954196310386875,0.0161290322580645,5.954196310386875,0.0960354243610786,0.0,0.0,0.0,0.0,1.0,0.0,1.0,0.0,1.0,1.0,1.0
mop,1,9.896482790016429e-06,16.62465268685824,3,NN,NN,mop,0,1,5.954196310386875,6.484498606419895e-05,5.954196310386875,0.0161290322580645,5.954196310386875,0.0960354243610786,,,,,,,,,,,
nickname,1,9.896482790016429e-06,16.62465268685824,8,NN,NN,nicknam,0,1,5.954196310386875,6.484498606419895e-05,5.954196310386875,0.0161290322580645,5.954196310386875,0.0960354243610786,,,,,,,,,,,
illtreated,1,9.896482790016429e-06,16.62465268685824,10,VB,VBD,illtreat,0,1,5.954196310386875,6.484498606419895e-05,5.954196310386875,0.0161290322580645,5.954196310386875,0.0960354243610786,,,,,,,,,,,
furnish,1,9.896482790016429e-06,16.62465268685824,7,VB,VBZ,furnish,0,1,5.954196310386875,5.490876178449321e-05,5.954196310386875,0.0161290322580645,5.954196310386875,0.0960354243610786,,,,,,,,,,,
summon,1,9.896482790016429e-06,16.62465268685824,6,VB,VBP,summon,0,1,5.954196310386875,5.490876178449321e-05,5.954196310386875,0.0161290322580645,5.954196310386875,0.0960354243610786,,,,,,,,,,,
reappeared,1,9.896482790016429e-06,16.62465268685824,10,VB,VBD,reappear,0,1,5.954196310386875,5.490876178449321e-05,5.954196310386875,0.0161290322580645,5.954196310386875,0.0960354243610786,,,,,,,,,,,
beggar,1,9.896482790016429e-06,16.62465268685824,6,VB,VB,beggar,0,1,5.954196310386875,6.484498606419895e-05,5.954196310386875,0.0161290322580645,5.954196310386875,0.0960354243610786,0.0,0.0,0.0,0.0,0.0,1.0,0.0,1.0,0.0,0.0,-1.0
tomcat,1,9.896482790016429e-06,16.62465268685824,6,NN,NN,tomcat,0,1,5.954196310386875,5.490876178449321e-05,5.954196310386875,0.0161290322580645,5.954196310386875,0.0960354243610786,,,,,,,,,,,
alms,1,9.896482790016429e-06,16.62465268685824,4,NN,NNS,alm,0,1,5.954196310386875,6.484498606419895e-05,5.954196310386875,0.0161290322580645,5.954196310386875,0.0960354243610786,,,,,,,,,,,
dirtylooking,1,9.896482790016429e-06,16.62465268685824,12,JJ,JJ,dirtylook,0,1,5.954196310386875,6.484498606419895e-05,5.954196310386875,0.0161290322580645,5.954196310386875,0.0960354243610786,,,,,,,,,,,
sworn,1,9.896482790016429e-06,16.62465268685824,5,VB,VBN,sworn,0,1,5.954196310386875,6.484498606419895e-05,5.954196310386875,0.0161290322580645,5.954196310386875,0.0960354243610786,,,,,,,,,,,
passage,1,9.896482790016429e-06,16.62465268685824,7,NN,NN,passag,0,1,5.954196310386875,5.490876178449321e-05,5.954196310386875,0.0161290322580645,5.954196310386875,0.0960354243610786,,,,,,,,,,,
underground,1,9.896482790016429e-06,16.62465268685824,11,JJ,JJ,underground,0,1,5.954196310386875,5.490876178449321e-05,5.954196310386875,0.0161290322580645,5.954196310386875,0.0960354243610786,,,,,,,,,,,
comer,1,9.896482790016429e-06,16.62465268685824,5,NN,NN,comer,0,1,5.954196310386875,6.484498606419895e-05,5.954196310386875,0.0161290322580645,5.954196310386875,0.0960354243610786,,,,,,,,,,,
circled,1,9.896482790016429e-06,16.62465268685824,7,VB,VBN,circl,0,1,5.954196310386875,5.490876178449321e-05,5.954196310386875,0.0161290322580645,5.954196310386875,0.0960354243610786,,,,,,,,,,,
paltry,1,9.896482790016429e-06,16.62465268685824,6,NN,NN,paltri,0,1,5.954196310386875,6.484498606419895e-05,5.954196310386875,0.0161290322580645,5.954196310386875,0.0960354243610786,,,,,,,,,,,
tobacco,1,9.896482790016429e-06,16.62465268685824,7,NN,NN,tobacco,0,1,5.954196310386875,5.490876178449321e-05,5.954196310386875,0.0161290322580645,5.954196310386875,0.0960354243610786,,,,,,,,,,,
moist,1,9.896482790016429e-06,16.62465268685824,5,NN,NN,moist,0,1,5.954196310386875,5.490876178449321e-05,5.954196310386875,0.0161290322580645,5.954196310386875,0.0960354243610786,,,,,,,,,,,
perceiving,1,9.896482790016429e-06,16.62465268685824,10,VB,VBG,perceiv,0,1,5.954196310386875,5.490876178449321e-05,5.954196310386875,0.0161290322580645,5.954196310386875,0.0960354243610786,,,,,,,,,,,
fires,1,9.896482790016429e-06,16.62465268685824,5,NN,NNS,fire,0,1,5.954196310386875,6.484498606419895e-05,5.954196310386875,0.0161290322580645,5.954196310386875,0.0960354243610786,,,,,,,,,,,
scanty,1,9.896482790016429e-06,16.62465268685824,6,JJ,JJ,scanti,0,1,5.954196310386875,6.484498606419895e-05,5.954196310386875,0.0161290322580645,5.954196310386875,0.0960354243610786,,,,,,,,,,,
cistern,1,9.896482790016429e-06,16.62465268685824,7,NN,NN,cistern,0,1,5.954196310386875,5.110985862750326e-05,5.954196310386875,0.0161290322580645,5.954196310386875,0.0960354243610786,,,,,,,,,,,
washing,1,9.896482790016429e-06,16.62465268685824,7,VB,VBG,wash,0,1,5.954196310386875,5.110985862750326e-05,5.954196310386875,0.0161290322580645,5.954196310386875,0.0960354243610786,,,,,,,,,,,
coachhouse,1,9.896482790016429e-06,16.62465268685824,10,NN,NN,coachhous,0,1,5.954196310386875,5.110985862750326e-05,5.954196310386875,0.0161290322580645,5.954196310386875,0.0960354243610786,,,,,,,,,,,
repose,1,9.896482790016429e-06,16.62465268685824,6,NN,NN,repos,0,1,5.954196310386875,4.0831387908621866e-05,5.954196310386875,0.0161290322580645,5.954196310386875,0.0960354243610786,,,,,,,,,,,
lustily,1,9.896482790016429e-06,16.62465268685824,7,RB,RB,lustili,0,1,5.954196310386875,5.110985862750326e-05,5.954196310386875,0.0161290322580645,5.954196310386875,0.0960354243610786,,,,,,,,,,,
insolence,1,9.896482790016429e-06,16.62465268685824,9,NN,NN,insol,0,1,5.954196310386875,5.110985862750326e-05,5.954196310386875,0.0161290322580645,5.954196310386875,0.0960354243610786,,,,,,,,,,,
grounds,1,9.896482790016429e-06,16.62465268685824,7,NN,NNS,ground,0,1,5.954196310386875,5.110985862750326e-05,5.954196310386875,0.0161290322580645,5.954196310386875,0.0960354243610786,,,,,,,,,,,
thieving,1,9.896482790016429e-06,16.62465268685824,8,VB,VBG,thiev,0,1,5.954196310386875,5.110985862750326e-05,5.954196310386875,0.0161290322580645,5.954196310386875,0.0960354243610786,,,,,,,,,,,
quacking,1,9.896482790016429e-06,16.62465268685824,8,VB,VBG,quack,0,1,5.954196310386875,5.110985862750326e-05,5.954196310386875,0.0161290322580645,5.954196310386875,0.0960354243610786,,,,,,,,,,,
depth,1,9.896482790016429e-06,16.62465268685824,5,NN,NN,depth,0,1,5.954196310386875,4.0831387908621866e-05,5.954196310386875,0.0161290322580645,5.954196310386875,0.0960354243610786,0.0,0.0,0.0,0.0,0.0,0.0,1.0,0.0,0.0,1.0,1.0
anywhere,1,9.896482790016429e-06,16.62465268685824,8,RB,RB,anywher,0,1,5.954196310386875,4.0831387908621866e-05,5.954196310386875,0.0161290322580645,5.954196310386875,0.0960354243610786,,,,,,,,,,,
nutshells,1,9.896482790016429e-06,16.62465268685824,9,NN,NNS,nutshel,0,1,5.954196310386875,5.110985862750326e-05,5.954196310386875,0.0161290322580645,5.954196310386875,0.0960354243610786,,,,,,,,,,,
eventide,1,9.896482790016429e-06,16.62465268685824,8,VB,VB,eventid,0,1,5.954196310386875,4.0831387908621866e-05,5.954196310386875,0.0161290322580645,5.954196310386875,0.0960354243610786,,,,,,,,,,,
holiday,1,9.896482790016429e-06,16.62465268685824,7,NN,NN,holiday,0,1,5.954196310386875,5.110985862750326e-05,5.954196310386875,0.0161290322580645,5.954196310386875,0.0960354243610786,0.0,1.0,0.0,0.0,1.0,0.0,1.0,0.0,0.0,0.0,1.0
blowest,1,9.896482790016429e-06,16.62465268685824,7,JJ,JJS,blowest,0,1,5.954196310386875,4.0831387908621866e-05,5.954196310386875,0.0161290322580645,5.954196310386875,0.0960354243610786,,,,,,,,,,,
west,1,9.896482790016429e-06,16.62465268685824,4,NN,NN,west,0,1,5.954196310386875,4.0831387908621866e-05,5.954196310386875,0.0161290322580645,5.954196310386875,0.0960354243610786,,,,,,,,,,,
1,1,9.896482790016429e-06,16.62465268685824,1,CD,CD,1,0,1,5.954196310386875,5.110985862750326e-05,5.954196310386875,0.0161290322580645,5.954196310386875,0.0960354243610786,,,,,,,,,,,
bridal,1,9.896482790016429e-06,16.62465268685824,6,NN,NN,bridal,0,1,5.954196310386875,6.484498606419895e-05,5.954196310386875,0.0161290322580645,5.954196310386875,0.0960354243610786,0.0,1.0,0.0,0.0,1.0,0.0,1.0,0.0,0.0,1.0,1.0
honour,1,9.896482790016429e-06,16.62465268685824,6,NN,NN,honour,0,1,5.954196310386875,6.484498606419895e-05,5.954196310386875,0.0161290322580645,5.954196310386875,0.0960354243610786,,,,,,,,,,,
rods,1,9.896482790016429e-06,16.62465268685824,4,NN,NNS,rod,0,1,5.954196310386875,4.0831387908621866e-05,5.954196310386875,0.0161290322580645,5.954196310386875,0.0960354243610786,,,,,,,,,,,
deserted,1,9.896482790016429e-06,16.62465268685824,8,VB,VBN,desert,0,1,5.954196310386875,6.484498606419895e-05,5.954196310386875,0.0161290322580645,5.954196310386875,0.0960354243610786,1.0,0.0,1.0,1.0,0.0,1.0,0.0,1.0,0.0,0.0,-1.0
housekeeping,1,9.896482790016429e-06,16.62465268685824,12,NN,NN,housekeep,0,1,5.954196310386875,6.484498606419895e-05,5.954196310386875,0.0161290322580645,5.954196310386875,0.0960354243610786,,,,,,,,,,,
attended,1,9.896482790016429e-06,16.62465268685824,8,VB,VBN,attend,0,1,5.954196310386875,6.484498606419895e-05,5.954196310386875,0.0161290322580645,5.954196310386875,0.0960354243610786,,,,,,,,,,,
admitted,1,9.896482790016429e-06,16.62465268685824,8,VB,VBD,admit,0,1,5.954196310386875,6.484498606419895e-05,5.954196310386875,0.0161290322580645,5.954196310386875,0.0960354243610786,,,,,,,,,,,
transformation,1,9.896482790016429e-06,16.62465268685824,14,NN,NN,transform,0,1,5.954196310386875,6.484498606419895e-05,5.954196310386875,0.0161290322580645,5.954196310386875,0.0960354243610786,,,,,,,,,,,
comest,1,9.896482790016429e-06,16.62465268685824,6,NN,NN,comest,0,1,5.954196310386875,4.0831387908621866e-05,5.954196310386875,0.0161290322580645,5.954196310386875,0.0960354243610786,,,,,,,,,,,
smite,1,9.896482790016429e-06,16.62465268685824,5,VB,VB,smite,0,1,5.954196310386875,4.0831387908621866e-05,5.954196310386875,0.0161290322580645,5.954196310386875,0.0960354243610786,1.0,0.0,0.0,1.0,0.0,1.0,0.0,1.0,0.0,0.0,-1.0
attendance,1,9.896482790016429e-06,16.62465268685824,10,NN,NN,attend,0,1,5.954196310386875,6.484498606419895e-05,5.954196310386875,0.0161290322580645,5.954196310386875,0.0960354243610786,,,,,,,,,,,
conceive,1,9.896482790016429e-06,16.62465268685824,8,VB,VB,conceiv,0,1,5.954196310386875,6.484498606419895e-05,5.954196310386875,0.0161290322580645,5.954196310386875,0.0960354243610786,,,,,,,,,,,
coward,1,9.896482790016429e-06,16.62465268685824,6,NN,NN,coward,0,1,5.954196310386875,5.110985862750326e-05,5.954196310386875,0.0161290322580645,5.954196310386875,0.0960354243610786,0.0,0.0,1.0,1.0,0.0,1.0,0.0,1.0,0.0,0.0,-1.0
fiercely,1,9.896482790016429e-06,16.62465268685824,8,RB,RB,fierc,0,1,5.954196310386875,5.110985862750326e-05,5.954196310386875,0.0161290322580645,5.954196310386875,0.0960354243610786,,,,,,,,,,,
steady,1,9.896482790016429e-06,16.62465268685824,6,JJ,JJ,steadi,0,1,5.954196310386875,5.110985862750326e-05,5.954196310386875,0.0161290322580645,5.954196310386875,0.0960354243610786,0.0,0.0,0.0,0.0,0.0,0.0,0.0,0.0,1.0,1.0,0.0
pace,1,9.896482790016429e-06,16.62465268685824,4,NN,NN,pace,0,1,5.954196310386875,5.110985862750326e-05,5.954196310386875,0.0161290322580645,5.954196310386875,0.0960354243610786,,,,,,,,,,,
2,1,9.896482790016429e-06,16.62465268685824,1,CD,CD,2,0,1,5.954196310386875,5.110985862750326e-05,5.954196310386875,0.0161290322580645,5.954196310386875,0.0960354243610786,,,,,,,,,,,
apish,1,9.896482790016429e-06,16.62465268685824,5,JJ,JJ,apish,0,1,5.954196310386875,5.110985862750326e-05,5.954196310386875,0.0161290322580645,5.954196310386875,0.0960354243610786,,,,,,,,,,,
reckoning,1,9.896482790016429e-06,16.62465268685824,9,NN,NN,reckon,0,1,5.954196310386875,5.110985862750326e-05,5.954196310386875,0.0161290322580645,5.954196310386875,0.0960354243610786,,,,,,,,,,,
suspecting,1,9.896482790016429e-06,16.62465268685824,10,VB,VBG,suspect,0,1,5.954196310386875,5.110985862750326e-05,5.954196310386875,0.0161290322580645,5.954196310386875,0.0960354243610786,,,,,,,,,,,
bloom,1,9.896482790016429e-06,16.62465268685824,5,NN,NN,bloom,0,1,5.954196310386875,4.0831387908621866e-05,5.954196310386875,0.0161290322580645,5.954196310386875,0.0960354243610786,0.0,1.0,0.0,0.0,1.0,0.0,1.0,0.0,0.0,1.0,1.0
design,1,9.896482790016429e-06,16.62465268685824,6,NN,NN,design,0,1,5.954196310386875,5.110985862750326e-05,5.954196310386875,0.0161290322580645,5.954196310386875,0.0960354243610786,,,,,,,,,,,
eggshells,1,9.896482790016429e-06,16.62465268685824,9,NN,NNS,eggshel,0,1,5.954196310386875,5.110985862750326e-05,5.954196310386875,0.0161290322580645,5.954196310386875,0.0960354243610786,,,,,,,,,,,
seizing,1,9.896482790016429e-06,16.62465268685824,7,VB,VBG,seiz,0,1,5.954196310386875,5.110985862750326e-05,5.954196310386875,0.0161290322580645,5.954196310386875,0.0960354243610786,,,,,,,,,,,
shells,1,9.896482790016429e-06,16.62465268685824,6,NN,NNS,shell,0,1,5.954196310386875,5.110985862750326e-05,5.954196310386875,0.0161290322580645,5.954196310386875,0.0960354243610786,,,,,,,,,,,
loves,1,9.896482790016429e-06,16.62465268685824,5,VB,VBZ,love,0,1,5.954196310386875,4.0831387908621866e-05,5.954196310386875,0.0161290322580645,5.954196310386875,0.0960354243610786,,,,,,,,,,,
bold,1,9.896482790016429e-06,16.62465268685824,4,JJ,JJ,bold,0,1,5.954196310386875,4.0831387908621866e-05,5.954196310386875,0.0161290322580645,5.954196310386875,0.0960354243610786,,,,,,,,,,,
bespoke,1,9.896482790016429e-06,16.62465268685824,7,VB,VBD,bespok,0,1,5.954196310386875,5.110985862750326e-05,5.954196310386875,0.0161290322580645,5.954196310386875,0.0960354243610786,,,,,,,,,,,
weddingfeast,1,9.896482790016429e-06,16.62465268685824,12,NN,NN,weddingfeast,0,1,5.954196310386875,4.0831387908621866e-05,5.954196310386875,0.0161290322580645,5.954196310386875,0.0960354243610786,,,,,,,,,,,
habit,1,9.896482790016429e-06,16.62465268685824,5,NN,NN,habit,0,1,5.954196310386875,5.110985862750326e-05,5.954196310386875,0.0161290322580645,5.954196310386875,0.0960354243610786,,,,,,,,,,,
civilly,1,9.896482790016429e-06,16.62465268685824,7,RB,RB,civilli,0,1,5.954196310386875,5.110985862750326e-05,5.954196310386875,0.0161290322580645,5.954196310386875,0.0960354243610786,,,,,,,,,,,
hazardous,1,9.896482790016429e-06,16.62465268685824,9,JJ,JJ,hazard,0,1,5.954196310386875,4.0831387908621866e-05,5.954196310386875,0.0161290322580645,5.954196310386875,0.0960354243610786,0.0,0.0,0.0,1.0,0.0,1.0,0.0,0.0,0.0,0.0,-1.0
torchlight,1,9.896482790016429e-06,16.62465268685824,10,NN,NN,torchlight,0,1,5.954196310386875,4.0831387908621866e-05,5.954196310386875,0.0161290322580645,5.954196310386875,0.0960354243610786,,,,,,,,,,,
fix,1,9.896482790016429e-06,16.62465268685824,3,VB,VB,fix,0,1,5.954196310386875,5.110985862750326e-05,5.954196310386875,0.0161290322580645,5.954196310386875,0.0960354243610786,,,,,,,,,,,
wander,1,9.896482790016429e-06,16.62465268685824,6,VB,VB,wander,0,1,5.954196310386875,4.0831387908621866e-05,5.954196310386875,0.0161290322580645,5.954196310386875,0.0960354243610786,,,,,,,,,,,
waddled,1,9.896482790016429e-06,16.62465268685824,7,VB,VBD,waddl,0,1,5.954196310386875,5.110985862750326e-05,5.954196310386875,0.0161290322580645,5.954196310386875,0.0960354243610786,,,,,,,,,,,
chose,1,9.896482790016429e-06,16.62465268685824,5,VB,VBD,chose,0,1,5.954196310386875,4.0831387908621866e-05,5.954196310386875,0.0161290322580645,5.954196310386875,0.0960354243610786,,,,,,,,,,,
weddingtorches,1,9.896482790016429e-06,16.62465268685824,14,NN,NNS,weddingtorch,0,1,5.954196310386875,4.0831387908621866e-05,5.954196310386875,0.0161290322580645,5.954196310386875,0.0960354243610786,,,,,,,,,,,
torches,1,9.896482790016429e-06,16.62465268685824,7,NN,NNS,torch,0,1,5.954196310386875,4.0831387908621866e-05,5.954196310386875,0.0161290322580645,5.954196310386875,0.0960354243610786,,,,,,,,,,,
publichouse,1,9.896482790016429e-06,16.62465268685824,11,NN,NN,publichous,0,1,5.954196310386875,5.110985862750326e-05,5.954196310386875,0.0161290322580645,5.954196310386875,0.0960354243610786,,,,,,,,,,,
roving,1,9.896482790016429e-06,16.62465268685824,6,VB,VBG,rove,0,1,5.954196310386875,4.0831387908621866e-05,5.954196310386875,0.0161290322580645,5.954196310386875,0.0960354243610786,,,,,,,,,,,
rapidity,1,9.896482790016429e-06,16.62465268685824,8,NN,NN,rapid,0,1,5.954196310386875,5.490876178449321e-05,5.954196310386875,0.0161290322580645,5.954196310386875,0.0960354243610786,,,,,,,,,,,
wallface,1,9.896482790016429e-06,16.62465268685824,8,NN,NNP,wallfac,0,1,5.954196310386875,6.484498606419895e-05,5.954196310386875,0.0161290322580645,5.954196310386875,0.0960354243610786,,,,,,,,,,,
supposed,1,9.896482790016429e-06,16.62465268685824,8,VB,VBD,suppos,0,1,5.954196310386875,5.0096726322941376e-05,5.954196310386875,0.0161290322580645,5.954196310386875,0.0960354243610786,,,,,,,,,,,
customer,1,9.896482790016429e-06,16.62465268685824,8,NN,NN,custom,0,1,5.954196310386875,0.0001289066098806,5.954196310386875,0.0161290322580645,5.954196310386875,0.0960354243610786,,,,,,,,,,,
stitching,1,9.896482790016429e-06,16.62465268685824,9,VB,VBG,stitch,0,1,5.954196310386875,0.0001289066098806,5.954196310386875,0.0161290322580645,5.954196310386875,0.0960354243610786,,,,,,,,,,,
ply,1,9.896482790016429e-06,16.62465268685824,3,VB,VB,pli,0,1,5.954196310386875,0.0001289066098806,5.954196310386875,0.0161290322580645,5.954196310386875,0.0960354243610786,,,,,,,,,,,
curtain,1,9.896482790016429e-06,16.62465268685824,7,NN,NN,curtain,0,1,5.954196310386875,0.0001289066098806,5.954196310386875,0.0161290322580645,5.954196310386875,0.0960354243610786,,,,,,,,,,,
marriagefeast,1,9.896482790016429e-06,16.62465268685824,13,NN,NN,marriagefeast,0,1,5.954196310386875,2.973232952355375e-05,5.954196310386875,0.0161290322580645,5.954196310386875,0.0960354243610786,,,,,,,,,,,
christmastime,1,9.896482790016429e-06,16.62465268685824,13,NN,NNP,christmastim,0,1,5.954196310386875,0.0001289066098806,5.954196310386875,0.0161290322580645,5.954196310386875,0.0960354243610786,,,,,,,,,,,
thriving,1,9.896482790016429e-06,16.62465268685824,8,JJ,JJ,thrive,0,1,5.954196310386875,0.0001289066098806,5.954196310386875,0.0161290322580645,5.954196310386875,0.0960354243610786,0.0,1.0,0.0,0.0,1.0,0.0,1.0,0.0,0.0,0.0,1.0
overnight,1,9.896482790016429e-06,16.62465268685824,9,JJ,JJ,overnight,0,1,5.954196310386875,0.0001289066098806,5.954196310386875,0.0161290322580645,5.954196310386875,0.0960354243610786,,,,,,,,,,,
handsomely,1,9.896482790016429e-06,16.62465268685824,10,RB,RB,handsom,0,1,5.954196310386875,0.0001289066098806,5.954196310386875,0.0161290322580645,5.954196310386875,0.0960354243610786,,,,,,,,,,,
buyers,1,9.896482790016429e-06,16.62465268685824,6,NN,NNS,buyer,0,1,5.954196310386875,0.0001289066098806,5.954196310386875,0.0161290322580645,5.954196310386875,0.0960354243610786,,,,,,,,,,,
stately,1,9.896482790016429e-06,16.62465268685824,7,RB,RB,state,0,1,5.954196310386875,2.973232952355375e-05,5.954196310386875,0.0161290322580645,5.954196310386875,0.0960354243610786,,,,,,,,,,,
retinue,1,9.896482790016429e-06,16.62465268685824,7,NN,NN,retinu,0,1,5.954196310386875,2.973232952355375e-05,5.954196310386875,0.0161290322580645,5.954196310386875,0.0960354243610786,,,,,,,,,,,
pairs,1,9.896482790016429e-06,16.62465268685824,5,NN,NNS,pair,0,1,5.954196310386875,0.0001289066098806,5.954196310386875,0.0161290322580645,5.954196310386875,0.0960354243610786,,,,,,,,,,,
masterpiece,1,9.896482790016429e-06,16.62465268685824,11,NN,NN,masterpiec,0,1,5.954196310386875,0.0001289066098806,5.954196310386875,0.0161290322580645,5.954196310386875,0.0960354243610786,0.0,0.0,0.0,0.0,1.0,0.0,1.0,0.0,0.0,0.0,1.0
dumpling,1,9.896482790016429e-06,16.62465268685824,8,NN,NN,dumpl,0,1,5.954196310386875,6.484498606419895e-05,5.954196310386875,0.0161290322580645,5.954196310386875,0.0960354243610786,,,,,,,,,,,
stitch,1,9.896482790016429e-06,16.62465268685824,6,NN,NN,stitch,0,1,5.954196310386875,0.0001289066098806,5.954196310386875,0.0161290322580645,5.954196310386875,0.0960354243610786,,,,,,,,,,,
workmanship,1,9.896482790016429e-06,16.62465268685824,11,NN,NN,workmanship,0,1,5.954196310386875,0.0001289066098806,5.954196310386875,0.0161290322580645,5.954196310386875,0.0960354243610786,,,,,,,,,,,
happening,1,9.896482790016429e-06,16.62465268685824,9,VB,VBG,happen,0,1,5.954196310386875,0.0001289066098806,5.954196310386875,0.0161290322580645,5.954196310386875,0.0960354243610786,,,,,,,,,,,
prayers,1,9.896482790016429e-06,16.62465268685824,7,NN,NNS,prayer,0,1,5.954196310386875,0.0001289066098806,5.954196310386875,0.0161290322580645,5.954196310386875,0.0960354243610786,,,,,,,,,,,
cares,1,9.896482790016429e-06,16.62465268685824,5,NN,NNS,care,0,1,5.954196310386875,0.0001289066098806,5.954196310386875,0.0161290322580645,5.954196310386875,0.0960354243610786,,,,,,,,,,,
peaceably,1,9.896482790016429e-06,16.62465268685824,9,RB,RB,peaceabl,0,1,5.954196310386875,0.0001289066098806,5.954196310386875,0.0161290322580645,5.954196310386875,0.0960354243610786,,,,,,,,,,,
amidst,1,9.896482790016429e-06,16.62465268685824,6,IN,IN,amidst,0,1,5.954196310386875,0.0001289066098806,5.954196310386875,0.0161290322580645,5.954196310386875,0.0960354243610786,,,,,,,,,,,
conscience,1,9.896482790016429e-06,16.62465268685824,10,NN,NN,conscienc,0,1,5.954196310386875,0.0001289066098806,5.954196310386875,0.0161290322580645,5.954196310386875,0.0960354243610786,0.0,0.0,0.0,0.0,0.0,0.0,1.0,0.0,0.0,1.0,1.0
possess,1,9.896482790016429e-06,16.62465268685824,7,VB,VBP,possess,0,1,5.954196310386875,2.973232952355375e-05,5.954196310386875,0.0161290322580645,5.954196310386875,0.0960354243610786,0.0,1.0,0.0,0.0,1.0,0.0,1.0,0.0,0.0,1.0,1.0
aim,1,9.896482790016429e-06,16.62465268685824,3,NN,NN,aim,0,1,5.954196310386875,7.124289641029573e-05,5.954196310386875,0.0161290322580645,5.954196310386875,0.0960354243610786,,,,,,,,,,,
flutter,1,9.896482790016429e-06,16.62465268685824,7,VB,VB,flutter,0,1,5.954196310386875,7.124289641029573e-05,5.954196310386875,0.0161290322580645,5.954196310386875,0.0960354243610786,,,,,,,,,,,
touching,1,9.896482790016429e-06,16.62465268685824,8,VB,VBG,touch,0,1,5.954196310386875,7.124289641029573e-05,5.954196310386875,0.0161290322580645,5.954196310386875,0.0960354243610786,,,,,,,,,,,
rapping,1,9.896482790016429e-06,16.62465268685824,7,VB,VBG,rap,0,1,5.954196310386875,0.0001289066098806,5.954196310386875,0.0161290322580645,5.954196310386875,0.0960354243610786,,,,,,,,,,,
thanks,1,9.896482790016429e-06,16.62465268685824,6,NN,NNS,thank,0,1,5.954196310386875,2.973232952355375e-05,5.954196310386875,0.0161290322580645,5.954196310386875,0.0960354243610786,,,,,,,,,,,
bustled,1,9.896482790016429e-06,16.62465268685824,7,VB,VBD,bustl,0,1,5.954196310386875,0.0001289066098806,5.954196310386875,0.0161290322580645,5.954196310386875,0.0960354243610786,,,,,,,,,,,
wights,1,9.896482790016429e-06,16.62465268685824,6,NN,NNS,wight,0,1,5.954196310386875,0.0001289066098806,5.954196310386875,0.0161290322580645,5.954196310386875,0.0960354243610786,,,,,,,,,,,
proclaim,1,9.896482790016429e-06,16.62465268685824,8,VB,VB,proclaim,0,1,5.954196310386875,2.973232952355375e-05,5.954196310386875,0.0161290322580645,5.954196310386875,0.0960354243610786,,,,,,,,,,,
filthy,1,9.896482790016429e-06,16.62465268685824,6,JJ,JJ,filthi,0,1,5.954196310386875,4.5193140875801705e-05,5.954196310386875,0.0161290322580645,5.954196310386875,0.0960354243610786,0.0,0.0,1.0,0.0,0.0,1.0,0.0,0.0,0.0,0.0,-1.0
trim,1,9.896482790016429e-06,16.62465268685824,4,JJ,JJ,trim,0,1,5.954196310386875,4.5193140875801705e-05,5.954196310386875,0.0161290322580645,5.954196310386875,0.0960354243610786,,,,,,,,,,,
spirited,1,9.896482790016429e-06,16.62465268685824,8,JJ,JJ,spirit,0,1,5.954196310386875,2.973232952355375e-05,5.954196310386875,0.0161290322580645,5.954196310386875,0.0960354243610786,,,,,,,,,,,
chestnuthorse,1,9.896482790016429e-06,16.62465268685824,13,NN,NN,chestnuthors,0,1,5.954196310386875,2.973232952355375e-05,5.954196310386875,0.0161290322580645,5.954196310386875,0.0960354243610786,,,,,,,,,,,
stab,1,9.896482790016429e-06,16.62465268685824,4,VB,VB,stab,0,1,5.954196310386875,2.973232952355375e-05,5.954196310386875,0.0161290322580645,5.954196310386875,0.0960354243610786,1.0,0.0,0.0,1.0,0.0,1.0,0.0,1.0,1.0,0.0,-1.0
helmet,1,9.896482790016429e-06,16.62465268685824,6,NN,NN,helmet,0,1,5.954196310386875,2.973232952355375e-05,5.954196310386875,0.0161290322580645,5.954196310386875,0.0960354243610786,0.0,0.0,0.0,1.0,0.0,0.0,1.0,0.0,0.0,0.0,1.0
darted,1,9.896482790016429e-06,16.62465268685824,6,VB,VBD,dart,0,1,5.954196310386875,4.5193140875801705e-05,5.954196310386875,0.0161290322580645,5.954196310386875,0.0960354243610786,,,,,,,,,,,
ho,1,9.896482790016429e-06,16.62465268685824,2,NN,NN,ho,0,1,5.954196310386875,4.5193140875801705e-05,5.954196310386875,0.0161290322580645,5.954196310386875,0.0960354243610786,,,,,,,,,,,
float,1,9.896482790016429e-06,16.62465268685824,5,NN,NN,float,0,1,5.954196310386875,4.5193140875801705e-05,5.954196310386875,0.0161290322580645,5.954196310386875,0.0960354243610786,,,,,,,,,,,
afishing,1,9.896482790016429e-06,16.62465268685824,8,NN,NN,afish,0,1,5.954196310386875,4.5193140875801705e-05,5.954196310386875,0.0161290322580645,5.954196310386875,0.0960354243610786,,,,,,,,,,,
seaside,1,9.896482790016429e-06,16.62465268685824,7,NN,NN,seasid,0,1,5.954196310386875,4.5193140875801705e-05,5.954196310386875,0.0161290322580645,5.954196310386875,0.0960354243610786,,,,,,,,,,,
proof,1,9.896482790016429e-06,16.62465268685824,5,NN,NN,proof,0,1,5.954196310386875,2.973232952355375e-05,5.954196310386875,0.0161290322580645,5.954196310386875,0.0960354243610786,,,,,,,,,,,
capered,1,9.896482790016429e-06,16.62465268685824,7,VB,VBD,caper,0,1,5.954196310386875,0.0001289066098806,5.954196310386875,0.0161290322580645,5.954196310386875,0.0960354243610786,,,,,,,,,,,
twinkling,1,9.896482790016429e-06,16.62465268685824,9,NN,NN,twinkl,0,1,5.954196310386875,0.0001289066098806,5.954196310386875,0.0161290322580645,5.954196310386875,0.0960354243610786,,,,,,,,,,,
mightily,1,9.896482790016429e-06,16.62465268685824,8,RB,RB,mightili,0,1,5.954196310386875,0.0001289066098806,5.954196310386875,0.0161290322580645,5.954196310386875,0.0960354243610786,,,,,,,,,,,
chuckled,1,9.896482790016429e-06,16.62465268685824,8,VB,VBD,chuckl,0,1,5.954196310386875,0.0001289066098806,5.954196310386875,0.0161290322580645,5.954196310386875,0.0960354243610786,,,,,,,,,,,
skipping,1,9.896482790016429e-06,16.62465268685824,8,VB,VBG,skip,0,1,5.954196310386875,0.0001289066098806,5.954196310386875,0.0161290322580645,5.954196310386875,0.0960354243610786,,,,,,,,,,,
elves,1,9.896482790016429e-06,16.62465268685824,5,NN,NNS,elv,0,1,5.954196310386875,0.0001289066098806,5.954196310386875,0.0161290322580645,5.954196310386875,0.0960354243610786,,,,,,,,,,,
cobbler,1,9.896482790016429e-06,16.62465268685824,7,NN,NN,cobbler,0,1,5.954196310386875,0.0001289066098806,5.954196310386875,0.0161290322580645,5.954196310386875,0.0960354243610786,,,,,,,,,,,
owe,1,9.896482790016429e-06,16.62465268685824,3,VB,VBP,owe,0,1,5.954196310386875,2.973232952355375e-05,5.954196310386875,0.0161290322580645,5.954196310386875,0.0960354243610786,,,,,,,,,,,
waistcoat,1,9.896482790016429e-06,16.62465268685824,9,NN,NN,waistcoat,0,1,5.954196310386875,0.0001289066098806,5.954196310386875,0.0161290322580645,5.954196310386875,0.0960354243610786,,,,,,,,,,,
shirt,1,9.896482790016429e-06,16.62465268685824,5,NN,NN,shirt,0,1,5.954196310386875,0.0001289066098806,5.954196310386875,0.0161290322580645,5.954196310386875,0.0960354243610786,,,,,,,,,,,
backs,1,9.896482790016429e-06,16.62465268685824,5,NN,NNS,back,0,1,5.954196310386875,0.0001289066098806,5.954196310386875,0.0161290322580645,5.954196310386875,0.0960354243610786,,,,,,,,,,,
decent,1,9.896482790016429e-06,16.62465268685824,6,JJ,JJ,decent,0,1,5.954196310386875,0.0001289066098806,5.954196310386875,0.0161290322580645,5.954196310386875,0.0960354243610786,,,,,,,,,,,
furniture,1,9.896482790016429e-06,16.62465268685824,9,NN,NN,furnitur,0,1,5.954196310386875,7.124289641029573e-05,5.954196310386875,0.0161290322580645,5.954196310386875,0.0960354243610786,,,,,,,,,,,
cleft,1,9.896482790016429e-06,16.62465268685824,5,VB,VBD,cleft,0,1,5.954196310386875,7.124289641029573e-05,5.954196310386875,0.0161290322580645,5.954196310386875,0.0960354243610786,,,,,,,,,,,
stems,1,9.896482790016429e-06,16.62465268685824,5,NN,NN,stem,0,1,5.954196310386875,8.438965233838192e-05,5.954196310386875,0.0161290322580645,5.954196310386875,0.0960354243610786,,,,,,,,,,,
hie,1,9.896482790016429e-06,16.62465268685824,3,NN,NNP,hie,0,1,5.954196310386875,8.438965233838192e-05,5.954196310386875,0.0161290322580645,5.954196310386875,0.0960354243610786,,,,,,,,,,,
mood,1,9.896482790016429e-06,16.62465268685824,4,NN,NN,mood,0,1,5.954196310386875,7.124289641029573e-05,5.954196310386875,0.0161290322580645,5.954196310386875,0.0960354243610786,,,,,,,,,,,
ninth,1,9.896482790016429e-06,16.62465268685824,5,JJ,JJ,ninth,0,1,5.954196310386875,8.438965233838192e-05,5.954196310386875,0.0161290322580645,5.954196310386875,0.0960354243610786,,,,,,,,,,,
constable,1,9.896482790016429e-06,16.62465268685824,9,JJ,JJ,constabl,0,1,5.954196310386875,5.490876178449321e-05,5.954196310386875,0.0161290322580645,5.954196310386875,0.0960354243610786,,,,,,,,,,,
dewdrop,1,9.896482790016429e-06,16.62465268685824,7,NN,NN,dewdrop,0,1,5.954196310386875,8.438965233838192e-05,5.954196310386875,0.0161290322580645,5.954196310386875,0.0960354243610786,,,,,,,,,,,
wreaths,1,9.896482790016429e-06,16.62465268685824,7,NN,NNS,wreath,0,1,5.954196310386875,5.490876178449321e-05,5.954196310386875,0.0161290322580645,5.954196310386875,0.0960354243610786,,,,,,,,,,,
safeguard,1,9.896482790016429e-06,16.62465268685824,9,NN,NN,safeguard,0,1,5.954196310386875,8.438965233838192e-05,5.954196310386875,0.0161290322580645,5.954196310386875,0.0960354243610786,0.0,0.0,0.0,0.0,0.0,0.0,1.0,0.0,0.0,1.0,1.0
wheresoever,1,9.896482790016429e-06,16.62465268685824,11,IN,IN,wheresoev,0,1,5.954196310386875,5.490876178449321e-05,5.954196310386875,0.0161290322580645,5.954196310386875,0.0960354243610786,,,,,,,,,,,
nightingales,1,9.896482790016429e-06,16.62465268685824,12,NN,NNS,nightingal,0,1,5.954196310386875,8.438965233838192e-05,5.954196310386875,0.0161290322580645,5.954196310386875,0.0960354243610786,,,,,,,,,,,
lads,1,9.896482790016429e-06,16.62465268685824,4,NN,NNS,lad,0,1,5.954196310386875,8.438965233838192e-05,5.954196310386875,0.0161290322580645,5.954196310386875,0.0960354243610786,,,,,,,,,,,
pane,1,9.896482790016429e-06,16.62465268685824,4,NN,NN,pane,0,1,5.954196310386875,5.490876178449321e-05,5.954196310386875,0.0161290322580645,5.954196310386875,0.0960354243610786,,,,,,,,,,,
haughty,1,9.896482790016429e-06,16.62465268685824,7,NN,NN,haughti,0,1,5.954196310386875,6.484498606419895e-05,5.954196310386875,0.0161290322580645,5.954196310386875,0.0960354243610786,1.0,0.0,0.0,0.0,0.0,1.0,0.0,0.0,0.0,0.0,-1.0
conceited,1,9.896482790016429e-06,16.62465268685824,9,VB,VBD,conceit,0,1,5.954196310386875,6.484498606419895e-05,5.954196310386875,0.0161290322580645,5.954196310386875,0.0960354243610786,,,,,,,,,,,
ranged,1,9.896482790016429e-06,16.62465268685824,6,VB,VBD,rang,0,1,5.954196310386875,6.484498606419895e-05,5.954196310386875,0.0161290322580645,5.954196310386875,0.0960354243610786,,,,,,,,,,,
rank,1,9.896482790016429e-06,16.62465268685824,4,NN,NN,rank,0,1,5.954196310386875,6.484498606419895e-05,5.954196310386875,0.0161290322580645,5.954196310386875,0.0960354243610786,,,,,,,,,,,
prison,1,9.896482790016429e-06,16.62465268685824,6,NN,NN,prison,0,1,5.954196310386875,5.490876178449321e-05,5.954196310386875,0.0161290322580645,5.954196310386875,0.0960354243610786,1.0,0.0,0.0,1.0,0.0,1.0,0.0,1.0,0.0,0.0,-1.0
entreaty,1,9.896482790016429e-06,16.62465268685824,8,NN,NN,entreati,0,1,5.954196310386875,5.490876178449321e-05,5.954196310386875,0.0161290322580645,5.954196310386875,0.0960354243610786,,,,,,,,,,,
stratagem,1,9.896482790016429e-06,16.62465268685824,9,NN,NN,stratagem,0,1,5.954196310386875,5.490876178449321e-05,5.954196310386875,0.0161290322580645,5.954196310386875,0.0960354243610786,,,,,,,,,,,
counteract,1,9.896482790016429e-06,16.62465268685824,10,VB,VB,counteract,0,1,5.954196310386875,5.490876178449321e-05,5.954196310386875,0.0161290322580645,5.954196310386875,0.0960354243610786,,,,,,,,,,,
expedient,1,9.896482790016429e-06,16.62465268685824,9,NN,NN,expedi,0,1,5.954196310386875,5.490876178449321e-05,5.954196310386875,0.0161290322580645,5.954196310386875,0.0960354243610786,0.0,0.0,0.0,0.0,1.0,0.0,1.0,0.0,0.0,1.0,1.0
barons,1,9.896482790016429e-06,16.62465268685824,6,NN,NNS,baron,0,1,5.954196310386875,6.484498606419895e-05,5.954196310386875,0.0161290322580645,5.954196310386875,0.0960354243610786,,,,,,,,,,,
rained,1,9.896482790016429e-06,16.62465268685824,6,VB,VBN,rain,0,1,5.954196310386875,5.490876178449321e-05,5.954196310386875,0.0161290322580645,5.954196310386875,0.0960354243610786,,,,,,,,,,,
cockcrow,1,9.896482790016429e-06,16.62465268685824,8,JJ,JJ,cockcrow,0,1,5.954196310386875,5.490876178449321e-05,5.954196310386875,0.0161290322580645,5.954196310386875,0.0960354243610786,,,,,,,,,,,
tub,1,9.896482790016429e-06,16.62465268685824,3,NN,NN,tub,0,1,5.954196310386875,6.484498606419895e-05,5.954196310386875,0.0161290322580645,5.954196310386875,0.0960354243610786,,,,,,,,,,,
maypole,1,9.896482790016429e-06,16.62465268685824,7,NN,NN,maypol,0,1,5.954196310386875,6.484498606419895e-05,5.954196310386875,0.0161290322580645,5.954196310386875,0.0960354243610786,,,,,,,,,,,
unseen,1,9.896482790016429e-06,16.62465268685824,6,JJ,JJ,unseen,0,1,5.954196310386875,5.490876178449321e-05,5.954196310386875,0.0161290322580645,5.954196310386875,0.0960354243610786,,,,,,,,,,,
employed,1,9.896482790016429e-06,16.62465268685824,8,VB,VBD,employ,0,1,5.954196310386875,8.438965233838192e-05,5.954196310386875,0.0161290322580645,5.954196310386875,0.0960354243610786,,,,,,,,,,,
nap,1,9.896482790016429e-06,16.62465268685824,3,NN,NN,nap,0,1,5.954196310386875,7.124289641029573e-05,5.954196310386875,0.0161290322580645,5.954196310386875,0.0960354243610786,0.0,0.0,0.0,0.0,1.0,0.0,1.0,0.0,0.0,0.0,1.0
underwood,1,9.896482790016429e-06,16.62465268685824,9,NN,NN,underwood,0,1,5.954196310386875,8.438965233838192e-05,5.954196310386875,0.0161290322580645,5.954196310386875,0.0960354243610786,,,,,,,,,,,
hoarse,1,9.896482790016429e-06,16.62465268685824,6,JJ,JJ,hoars,0,1,5.954196310386875,8.438965233838192e-05,5.954196310386875,0.0161290322580645,5.954196310386875,0.0960354243610786,,,,,,,,,,,
birches,1,9.896482790016429e-06,16.62465268685824,7,NN,NNS,birch,0,1,5.954196310386875,8.438965233838192e-05,5.954196310386875,0.0161290322580645,5.954196310386875,0.0960354243610786,,,,,,,,,,,
loft,1,9.896482790016429e-06,16.62465268685824,4,NN,NN,loft,0,1,5.954196310386875,7.124289641029573e-05,5.954196310386875,0.0161290322580645,5.954196310386875,0.0960354243610786,,,,,,,,,,,
sunk,1,9.896482790016429e-06,16.62465268685824,4,VB,VBN,sunk,0,1,5.954196310386875,8.438965233838192e-05,5.954196310386875,0.0161290322580645,5.954196310386875,0.0960354243610786,0.0,0.0,1.0,1.0,0.0,1.0,0.0,1.0,0.0,0.0,-1.0
vexation,1,9.896482790016429e-06,16.62465268685824,8,NN,NN,vexat,0,1,5.954196310386875,7.124289641029573e-05,5.954196310386875,0.0161290322580645,5.954196310386875,0.0960354243610786,,,,,,,,,,,
overflowing,1,9.896482790016429e-06,16.62465268685824,11,VB,VBG,overflow,0,1,5.954196310386875,7.124289641029573e-05,5.954196310386875,0.0161290322580645,5.954196310386875,0.0960354243610786,,,,,,,,,,,
shrank,1,9.896482790016429e-06,16.62465268685824,6,VB,VBD,shrank,0,1,5.954196310386875,8.438965233838192e-05,5.954196310386875,0.0161290322580645,5.954196310386875,0.0960354243610786,,,,,,,,,,,
caring,1,9.896482790016429e-06,16.62465268685824,6,VB,VBG,care,0,1,5.954196310386875,7.124289641029573e-05,5.954196310386875,0.0161290322580645,5.954196310386875,0.0960354243610786,,,,,,,,,,,
fury,1,9.896482790016429e-06,16.62465268685824,4,NN,NN,furi,0,1,5.954196310386875,7.124289641029573e-05,5.954196310386875,0.0161290322580645,5.954196310386875,0.0960354243610786,1.0,0.0,0.0,1.0,0.0,1.0,0.0,1.0,0.0,0.0,-1.0
ringdove,1,9.896482790016429e-06,16.62465268685824,8,JJ,JJ,ringdov,0,1,5.954196310386875,8.438965233838192e-05,5.954196310386875,0.0161290322580645,5.954196310386875,0.0960354243610786,,,,,,,,,,,
perching,1,9.896482790016429e-06,16.62465268685824,8,VB,VBG,perch,0,1,5.954196310386875,7.124289641029573e-05,5.954196310386875,0.0161290322580645,5.954196310386875,0.0960354243610786,,,,,,,,,,,
spray,1,9.896482790016429e-06,16.62465268685824,5,NN,NN,spray,0,1,5.954196310386875,8.438965233838192e-05,5.954196310386875,0.0161290322580645,5.954196310386875,0.0960354243610786,,,,,,,,,,,
mourn,1,9.896482790016429e-06,16.62465268685824,5,MD,MD,mourn,0,1,5.954196310386875,8.438965233838192e-05,5.954196310386875,0.0161290322580645,5.954196310386875,0.0960354243610786,0.0,0.0,0.0,0.0,0.0,1.0,0.0,1.0,0.0,0.0,-1.0
reared,1,9.896482790016429e-06,16.62465268685824,6,VB,VBD,rear,0,1,5.954196310386875,7.124289641029573e-05,5.954196310386875,0.0161290322580645,5.954196310386875,0.0960354243610786,,,,,,,,,,,
dripping,1,9.896482790016429e-06,16.62465268685824,8,VB,VBG,drip,0,1,5.954196310386875,7.124289641029573e-05,5.954196310386875,0.0161290322580645,5.954196310386875,0.0960354243610786,,,,,,,,,,,
loosened,1,9.896482790016429e-06,16.62465268685824,8,VB,VBD,loosen,0,1,5.954196310386875,7.124289641029573e-05,5.954196310386875,0.0161290322580645,5.954196310386875,0.0960354243610786,,,,,,,,,,,
mate,1,9.896482790016429e-06,16.62465268685824,4,NN,NN,mate,0,1,5.954196310386875,8.438965233838192e-05,5.954196310386875,0.0161290322580645,5.954196310386875,0.0960354243610786,0.0,0.0,0.0,0.0,0.0,0.0,1.0,0.0,0.0,1.0,1.0
brute,1,9.896482790016429e-06,16.62465268685824,5,NN,NN,brute,0,1,5.954196310386875,7.124289641029573e-05,5.954196310386875,0.0161290322580645,5.954196310386875,0.0960354243610786,1.0,0.0,0.0,1.0,0.0,1.0,0.0,1.0,0.0,0.0,-1.0
mournful,1,9.896482790016429e-06,16.62465268685824,8,JJ,JJ,mourn,0,1,5.954196310386875,8.438965233838192e-05,5.954196310386875,0.0161290322580645,5.954196310386875,0.0960354243610786,1.0,0.0,0.0,1.0,0.0,1.0,0.0,1.0,0.0,0.0,-1.0
_jug,1,9.896482790016429e-06,16.62465268685824,4,NN,NN,_jug,0,1,5.954196310386875,8.438965233838192e-05,5.954196310386875,0.0161290322580645,5.954196310386875,0.0960354243610786,,,,,,,,,,,
jug_,1,9.896482790016429e-06,16.62465268685824,4,NN,NN,jug_,0,1,5.954196310386875,8.438965233838192e-05,5.954196310386875,0.0161290322580645,5.954196310386875,0.0960354243610786,,,,,,,,,,,
villain,1,9.896482790016429e-06,16.62465268685824,7,NN,NN,villain,0,1,5.954196310386875,7.124289641029573e-05,5.954196310386875,0.0161290322580645,5.954196310386875,0.0960354243610786,0.0,0.0,0.0,1.0,0.0,1.0,0.0,0.0,0.0,0.0,-1.0
meagre,1,9.896482790016429e-06,16.62465268685824,6,NN,NN,meagr,0,1,5.954196310386875,8.438965233838192e-05,5.954196310386875,0.0161290322580645,5.954196310386875,0.0960354243610786,,,,,,,,,,,
staring,1,9.896482790016429e-06,16.62465268685824,7,VB,VBG,stare,0,1,5.954196310386875,8.438965233838192e-05,5.954196310386875,0.0161290322580645,5.954196310386875,0.0960354243610786,,,,,,,,,,,
chin,1,9.896482790016429e-06,16.62465268685824,4,NN,NN,chin,0,1,5.954196310386875,8.438965233838192e-05,5.954196310386875,0.0161290322580645,5.954196310386875,0.0960354243610786,,,,,,,,,,,
mumbled,1,9.896482790016429e-06,16.62465268685824,7,VB,VBD,mumbl,0,1,5.954196310386875,8.438965233838192e-05,5.954196310386875,0.0161290322580645,5.954196310386875,0.0960354243610786,,,,,,,,,,,
winged,1,9.896482790016429e-06,16.62465268685824,6,VB,VBD,wing,0,1,5.954196310386875,4.0831387908621866e-05,5.954196310386875,0.0161290322580645,5.954196310386875,0.0960354243610786,,,,,,,,,,,
wanderer,1,9.896482790016429e-06,16.62465268685824,8,NN,NN,wander,0,1,5.954196310386875,4.0831387908621866e-05,5.954196310386875,0.0161290322580645,5.954196310386875,0.0960354243610786,,,,,,,,,,,
trample,1,9.896482790016429e-06,16.62465268685824,7,VB,VB,trampl,0,1,5.954196310386875,6.484498606419895e-05,5.954196310386875,0.0161290322580645,5.954196310386875,0.0960354243610786,,,,,,,,,,,
twilight,1,9.896482790016429e-06,16.62465268685824,8,NN,NN,twilight,0,1,5.954196310386875,6.796562233621985e-05,5.954196310386875,0.0161290322580645,5.954196310386875,0.0960354243610786,,,,,,,,,,,
sleek,1,9.896482790016429e-06,16.62465268685824,5,JJ,JJ,sleek,0,1,5.954196310386875,3.943959932693168e-05,5.954196310386875,0.0161290322580645,5.954196310386875,0.0960354243610786,,,,,,,,,,,
challenge,1,9.896482790016429e-06,16.62465268685824,9,VB,VB,challeng,0,1,5.954196310386875,0.0001098803482392,5.954196310386875,0.0161290322580645,5.954196310386875,0.0960354243610786,1.0,0.0,0.0,1.0,0.0,1.0,0.0,0.0,0.0,0.0,-1.0
cursed,1,9.896482790016429e-06,16.62465268685824,6,JJ,JJ,curs,0,1,5.954196310386875,3.943959932693168e-05,5.954196310386875,0.0161290322580645,5.954196310386875,0.0960354243610786,1.0,0.0,0.0,1.0,0.0,1.0,0.0,1.0,0.0,0.0,-1.0
grunted,1,9.896482790016429e-06,16.62465268685824,7,VB,VBN,grunt,0,1,5.954196310386875,0.0001098803482392,5.954196310386875,0.0161290322580645,5.954196310386875,0.0960354243610786,,,,,,,,,,,
blame,1,9.896482790016429e-06,16.62465268685824,5,VB,VB,blame,0,1,5.954196310386875,0.0001098803482392,5.954196310386875,0.0161290322580645,5.954196310386875,0.0960354243610786,1.0,0.0,1.0,0.0,0.0,1.0,0.0,0.0,0.0,0.0,-1.0
folk,1,9.896482790016429e-06,16.62465268685824,4,NN,NN,folk,0,1,5.954196310386875,3.943959932693168e-05,5.954196310386875,0.0161290322580645,5.954196310386875,0.0960354243610786,,,,,,,,,,,
coarse,1,9.896482790016429e-06,16.62465268685824,6,VB,VBP,coars,0,1,5.954196310386875,3.943959932693168e-05,5.954196310386875,0.0161290322580645,5.954196310386875,0.0960354243610786,,,,,,,,,,,
cowardly,1,9.896482790016429e-06,16.62465268685824,8,RB,RB,cowardli,0,1,5.954196310386875,0.0001098803482392,5.954196310386875,0.0161290322580645,5.954196310386875,0.0960354243610786,0.0,0.0,0.0,1.0,0.0,1.0,0.0,0.0,0.0,0.0,-1.0
logs,1,9.896482790016429e-06,16.62465268685824,4,NN,NNS,log,0,1,5.954196310386875,3.943959932693168e-05,5.954196310386875,0.0161290322580645,5.954196310386875,0.0960354243610786,,,,,,,,,,,
pined,1,9.896482790016429e-06,16.62465268685824,5,VB,VBD,pine,0,1,5.954196310386875,6.796562233621985e-05,5.954196310386875,0.0161290322580645,5.954196310386875,0.0960354243610786,,,,,,,,,,,
glared,1,9.896482790016429e-06,16.62465268685824,6,VB,VBD,glare,0,1,5.954196310386875,3.943959932693168e-05,5.954196310386875,0.0161290322580645,5.954196310386875,0.0960354243610786,,,,,,,,,,,
crevice,1,9.896482790016429e-06,16.62465268685824,7,NN,NN,crevic,0,1,5.954196310386875,3.943959932693168e-05,5.954196310386875,0.0161290322580645,5.954196310386875,0.0960354243610786,,,,,,,,,,,
firewood,1,9.896482790016429e-06,16.62465268685824,8,NN,NN,firewood,0,1,5.954196310386875,3.943959932693168e-05,5.954196310386875,0.0161290322580645,5.954196310386875,0.0960354243610786,,,,,,,,,,,
fascinated,1,9.896482790016429e-06,16.62465268685824,10,VB,VBD,fascin,0,1,5.954196310386875,6.484498606419895e-05,5.954196310386875,0.0161290322580645,5.954196310386875,0.0960354243610786,,,,,,,,,,,
greedily,1,9.896482790016429e-06,16.62465268685824,8,RB,RB,greedili,0,1,5.954196310386875,6.796562233621985e-05,5.954196310386875,0.0161290322580645,5.954196310386875,0.0960354243610786,,,,,,,,,,,
hairy,1,9.896482790016429e-06,16.62465268685824,5,NN,NN,hairi,0,1,5.954196310386875,3.943959932693168e-05,5.954196310386875,0.0161290322580645,5.954196310386875,0.0960354243610786,0.0,0.0,1.0,0.0,0.0,1.0,0.0,0.0,0.0,0.0,-1.0
necessity,1,9.896482790016429e-06,16.62465268685824,9,NN,NN,necess,0,1,5.954196310386875,6.796562233621985e-05,5.954196310386875,0.0161290322580645,5.954196310386875,0.0960354243610786,,,,,,,,,,,
departure,1,9.896482790016429e-06,16.62465268685824,9,NN,NN,departur,0,1,5.954196310386875,3.943959932693168e-05,5.954196310386875,0.0161290322580645,5.954196310386875,0.0960354243610786,0.0,0.0,0.0,0.0,0.0,1.0,0.0,1.0,0.0,0.0,-1.0
caves,1,9.896482790016429e-06,16.62465268685824,5,NN,NNS,cave,0,1,5.954196310386875,3.943959932693168e-05,5.954196310386875,0.0161290322580645,5.954196310386875,0.0960354243610786,,,,,,,,,,,
pry,1,9.896482790016429e-06,16.62465268685824,3,VB,VB,pri,0,1,5.954196310386875,3.943959932693168e-05,5.954196310386875,0.0161290322580645,5.954196310386875,0.0960354243610786,1.0,1.0,0.0,0.0,0.0,1.0,0.0,0.0,0.0,1.0,-1.0
thawed,1,9.896482790016429e-06,16.62465268685824,6,VB,VBN,thaw,0,1,5.954196310386875,3.943959932693168e-05,5.954196310386875,0.0161290322580645,5.954196310386875,0.0960354243610786,,,,,,,,,,,
frozen,1,9.896482790016429e-06,16.62465268685824,6,JJ,JJ,frozen,0,1,5.954196310386875,3.943959932693168e-05,5.954196310386875,0.0161290322580645,5.954196310386875,0.0960354243610786,,,,,,,,,,,
magnificent,1,9.896482790016429e-06,16.62465268685824,11,VB,VBN,magnific,0,1,5.954196310386875,6.796562233621985e-05,5.954196310386875,0.0161290322580645,5.954196310386875,0.0960354243610786,0.0,1.0,0.0,0.0,1.0,0.0,1.0,0.0,1.0,1.0,1.0
unfastened,1,9.896482790016429e-06,16.62465268685824,10,VB,VBD,unfasten,0,1,5.954196310386875,6.796562233621985e-05,5.954196310386875,0.0161290322580645,5.954196310386875,0.0960354243610786,,,,,,,,,,,
braided,1,9.896482790016429e-06,16.62465268685824,7,VB,VBD,braid,0,1,5.954196310386875,6.796562233621985e-05,5.954196310386875,0.0161290322580645,5.954196310386875,0.0960354243610786,,,,,,,,,,,
hooks,1,9.896482790016429e-06,16.62465268685824,5,NN,NN,hook,0,1,5.954196310386875,6.796562233621985e-05,5.954196310386875,0.0161290322580645,5.954196310386875,0.0960354243610786,,,,,,,,,,,
milkfaced,1,9.896482790016429e-06,16.62465268685824,9,JJ,JJ,milkfac,0,1,5.954196310386875,3.943959932693168e-05,5.954196310386875,0.0161290322580645,5.954196310386875,0.0960354243610786,,,,,,,,,,,
ugh,1,9.896482790016429e-06,16.62465268685824,3,NN,NN,ugh,0,1,5.954196310386875,3.943959932693168e-05,5.954196310386875,0.0161290322580645,5.954196310386875,0.0960354243610786,,,,,,,,,,,
odious,1,9.896482790016429e-06,16.62465268685824,6,JJ,JJ,odiou,0,1,5.954196310386875,3.943959932693168e-05,5.954196310386875,0.0161290322580645,5.954196310386875,0.0960354243610786,1.0,0.0,1.0,1.0,0.0,1.0,0.0,0.0,0.0,0.0,-1.0
snarled,1,9.896482790016429e-06,16.62465268685824,7,VB,VBD,snarl,0,1,5.954196310386875,3.943959932693168e-05,5.954196310386875,0.0161290322580645,5.954196310386875,0.0960354243610786,,,,,,,,,,,
hovering,1,9.896482790016429e-06,16.62465268685824,8,NN,NN,hover,0,1,5.954196310386875,3.943959932693168e-05,5.954196310386875,0.0161290322580645,5.954196310386875,0.0960354243610786,,,,,,,,,,,
sniffed,1,9.896482790016429e-06,16.62465268685824,7,VB,VBD,snif,0,1,5.954196310386875,3.598180006035168e-05,5.954196310386875,0.0161290322580645,5.954196310386875,0.0960354243610786,,,,,,,,,,,
footing,1,9.896482790016429e-06,16.62465268685824,7,NN,NN,foot,0,1,5.954196310386875,3.598180006035168e-05,5.954196310386875,0.0161290322580645,5.954196310386875,0.0960354243610786,,,,,,,,,,,
ribbons,1,9.896482790016429e-06,16.62465268685824,7,NN,NNS,ribbon,0,1,5.954196310386875,3.943959932693168e-05,5.954196310386875,0.0161290322580645,5.954196310386875,0.0960354243610786,,,,,,,,,,,
tooth,1,9.896482790016429e-06,16.62465268685824,5,NN,NN,tooth,0,1,5.954196310386875,0.0001098803482392,5.954196310386875,0.0161290322580645,5.954196310386875,0.0960354243610786,,,,,,,,,,,
needles,1,9.896482790016429e-06,16.62465268685824,7,NN,NNS,needl,0,1,5.954196310386875,3.943959932693168e-05,5.954196310386875,0.0161290322580645,5.954196310386875,0.0960354243610786,,,,,,,,,,,
depend,1,9.896482790016429e-06,16.62465268685824,6,VB,VBP,depend,0,1,5.954196310386875,0.0001098803482392,5.954196310386875,0.0161290322580645,5.954196310386875,0.0960354243610786,0.0,1.0,0.0,0.0,0.0,0.0,0.0,0.0,0.0,1.0,0.0
clip,1,9.896482790016429e-06,16.62465268685824,4,VB,VB,clip,0,1,5.954196310386875,3.943959932693168e-05,5.954196310386875,0.0161290322580645,5.954196310386875,0.0960354243610786,,,,,,,,,,,
disfigure,1,9.896482790016429e-06,16.62465268685824,9,VB,VB,disfigur,0,1,5.954196310386875,3.943959932693168e-05,5.954196310386875,0.0161290322580645,5.954196310386875,0.0960354243610786,,,,,,,,,,,
toadstool,1,9.896482790016429e-06,16.62465268685824,9,VB,VBP,toadstool,0,1,5.954196310386875,3.943959932693168e-05,5.954196310386875,0.0161290322580645,5.954196310386875,0.0960354243610786,,,,,,,,,,,
civil,1,9.896482790016429e-06,16.62465268685824,5,JJ,JJ,civil,0,1,5.954196310386875,3.943959932693168e-05,5.954196310386875,0.0161290322580645,5.954196310386875,0.0960354243610786,,,,,,,,,,,
whereby,1,9.896482790016429e-06,16.62465268685824,7,WR,WRB,wherebi,0,1,5.954196310386875,3.943959932693168e-05,5.954196310386875,0.0161290322580645,5.954196310386875,0.0960354243610786,,,,,,,,,,,
entangled,1,9.896482790016429e-06,16.62465268685824,9,VB,VBN,entangl,0,1,5.954196310386875,3.943959932693168e-05,5.954196310386875,0.0161290322580645,5.954196310386875,0.0960354243610786,1.0,0.0,1.0,1.0,0.0,1.0,0.0,1.0,0.0,0.0,-1.0
urgent,1,9.896482790016429e-06,16.62465268685824,6,JJ,JJ,urgent,0,1,5.954196310386875,3.943959932693168e-05,5.954196310386875,0.0161290322580645,5.954196310386875,0.0960354243610786,0.0,1.0,0.0,1.0,0.0,1.0,0.0,0.0,1.0,0.0,-1.0
movements,1,9.896482790016429e-06,16.62465268685824,9,NN,NNS,movement,0,1,5.954196310386875,3.943959932693168e-05,5.954196310386875,0.0161290322580645,5.954196310386875,0.0960354243610786,,,,,,,,,,,
patted,1,9.896482790016429e-06,16.62465268685824,6,VB,VBD,pat,0,1,5.954196310386875,0.0001098803482392,5.954196310386875,0.0161290322580645,5.954196310386875,0.0960354243610786,,,,,,,,,,,
feeble,1,9.896482790016429e-06,16.62465268685824,6,JJ,JJ,feebl,0,1,5.954196310386875,3.943959932693168e-05,5.954196310386875,0.0161290322580645,5.954196310386875,0.0960354243610786,0.0,0.0,0.0,0.0,0.0,1.0,0.0,1.0,0.0,0.0,-1.0
fishingline,1,9.896482790016429e-06,16.62465268685824,11,NN,NN,fishinglin,0,1,5.954196310386875,3.943959932693168e-05,5.954196310386875,0.0161290322580645,5.954196310386875,0.0960354243610786,,,,,,,,,,,
tangled,1,9.896482790016429e-06,16.62465268685824,7,VB,VBN,tangl,0,1,5.954196310386875,3.943959932693168e-05,5.954196310386875,0.0161290322580645,5.954196310386875,0.0960354243610786,,,,,,,,,,,
fishing,1,9.896482790016429e-06,16.62465268685824,7,NN,NN,fish,0,1,5.954196310386875,3.943959932693168e-05,5.954196310386875,0.0161290322580645,5.954196310386875,0.0960354243610786,,,,,,,,,,,
accursed,1,9.896482790016429e-06,16.62465268685824,8,JJ,JJ,accurs,0,1,5.954196310386875,3.943959932693168e-05,5.954196310386875,0.0161290322580645,5.954196310386875,0.0960354243610786,1.0,0.0,0.0,1.0,0.0,1.0,0.0,1.0,0.0,0.0,-1.0
stout,1,9.896482790016429e-06,16.62465268685824,5,NN,NN,stout,0,1,5.954196310386875,0.0001098803482392,5.954196310386875,0.0161290322580645,5.954196310386875,0.0960354243610786,,,,,,,,,,,
finely,1,9.896482790016429e-06,16.62465268685824,6,RB,RB,fine,0,1,5.954196310386875,0.0001098803482392,5.954196310386875,0.0161290322580645,5.954196310386875,0.0960354243610786,,,,,,,,,,,
uncouth,1,9.896482790016429e-06,16.62465268685824,7,NN,NNP,uncouth,0,1,5.954196310386875,3.943959932693168e-05,5.954196310386875,0.0161290322580645,5.954196310386875,0.0960354243610786,,,,,,,,,,,
rogue,1,9.896482790016429e-06,16.62465268685824,5,NN,NN,rogu,0,1,5.954196310386875,0.0001098803482392,5.954196310386875,0.0161290322580645,5.954196310386875,0.0960354243610786,0.0,0.0,1.0,0.0,0.0,1.0,0.0,0.0,0.0,0.0,-1.0
ells,1,9.896482790016429e-06,16.62465268685824,4,VB,VBZ,ell,0,1,5.954196310386875,6.796562233621985e-05,5.954196310386875,0.0161290322580645,5.954196310386875,0.0960354243610786,,,,,,,,,,,
hazelswitch,1,9.896482790016429e-06,16.62465268685824,11,NN,NN,hazelswitch,0,1,5.954196310386875,3.943959932693168e-05,5.954196310386875,0.0161290322580645,5.954196310386875,0.0960354243610786,,,,,,,,,,,
tugged,1,9.896482790016429e-06,16.62465268685824,6,VB,VBD,tug,0,1,5.954196310386875,3.943959932693168e-05,5.954196310386875,0.0161290322580645,5.954196310386875,0.0960354243610786,,,,,,,,,,,
butterflies,1,9.896482790016429e-06,16.62465268685824,11,NN,NNS,butterfli,0,1,5.954196310386875,3.943959932693168e-05,5.954196310386875,0.0161290322580645,5.954196310386875,0.0960354243610786,,,,,,,,,,,
roamed,1,9.896482790016429e-06,16.62465268685824,6,VB,VBD,roam,0,1,5.954196310386875,6.796562233621985e-05,5.954196310386875,0.0161290322580645,5.954196310386875,0.0960354243610786,,,,,,,,,,,
twins,1,9.896482790016429e-06,16.62465268685824,5,NN,NNS,twin,0,1,5.954196310386875,6.796562233621985e-05,5.954196310386875,0.0161290322580645,5.954196310386875,0.0960354243610786,,,,,,,,,,,
wretchedness,1,9.896482790016429e-06,16.62465268685824,12,NN,NN,wretched,0,1,5.954196310386875,6.796562233621985e-05,5.954196310386875,0.0161290322580645,5.954196310386875,0.0960354243610786,,,,,,,,,,,
wetted,1,9.896482790016429e-06,16.62465268685824,6,VB,VBD,wet,0,1,5.954196310386875,6.796562233621985e-05,5.954196310386875,0.0161290322580645,5.954196310386875,0.0960354243610786,,,,,,,,,,,
moreover,1,9.896482790016429e-06,16.62465268685824,8,RB,RB,moreov,0,1,5.954196310386875,8.36545508371765e-05,5.954196310386875,0.0161290322580645,5.954196310386875,0.0960354243610786,,,,,,,,,,,
shrewd,1,9.896482790016429e-06,16.62465268685824,6,JJ,JJ,shrewd,0,1,5.954196310386875,8.36545508371765e-05,5.954196310386875,0.0161290322580645,5.954196310386875,0.0960354243610786,,,,,,,,,,,
rumplestiltskin,1,9.896482790016429e-06,16.62465268685824,15,NN,NNP,rumplestiltskin,0,1,5.954196310386875,8.36545508371765e-05,5.954196310386875,0.0161290322580645,5.954196310386875,0.0960354243610786,,,,,,,,,,,
dashed,1,9.896482790016429e-06,16.62465268685824,6,VB,VBD,dash,0,1,5.954196310386875,8.36545508371765e-05,5.954196310386875,0.0161290322580645,5.954196310386875,0.0960354243610786,1.0,0.0,0.0,1.0,0.0,1.0,0.0,1.0,0.0,0.0,-1.0
jemmy,1,9.896482790016429e-06,16.62465268685824,5,NN,NNP,jemmi,0,1,5.954196310386875,8.36545508371765e-05,5.954196310386875,0.0161290322580645,5.954196310386875,0.0960354243610786,,,,,,,,,,,
spinningwheel,1,9.896482790016429e-06,16.62465268685824,13,NN,NN,spinningwheel,0,1,5.954196310386875,8.36545508371765e-05,5.954196310386875,0.0161290322580645,5.954196310386875,0.0960354243610786,,,,,,,,,,,
john,1,9.896482790016429e-06,16.62465268685824,4,NN,NNP,john,0,1,5.954196310386875,8.36545508371765e-05,5.954196310386875,0.0161290322580645,5.954196310386875,0.0960354243610786,0.0,0.0,1.0,0.0,0.0,1.0,0.0,0.0,0.0,0.0,-1.0
chuckle,1,9.896482790016429e-06,16.62465268685824,7,VB,VB,chuckl,0,1,5.954196310386875,8.36545508371765e-05,5.954196310386875,0.0161290322580645,5.954196310386875,0.0960354243610786,0.0,1.0,0.0,0.0,1.0,0.0,1.0,0.0,1.0,1.0,1.0
drolllooking,1,9.896482790016429e-06,16.62465268685824,12,JJ,JJ,drolllook,0,1,5.954196310386875,8.36545508371765e-05,5.954196310386875,0.0161290322580645,5.954196310386875,0.0960354243610786,,,,,,,,,,,
hobbled,1,9.896482790016429e-06,16.62465268685824,7,VB,VBN,hobbl,0,1,5.954196310386875,8.36545508371765e-05,5.954196310386875,0.0161290322580645,5.954196310386875,0.0960354243610786,,,,,,,,,,,
lass,1,9.896482790016429e-06,16.62465268685824,4,NN,NN,lass,0,1,5.954196310386875,8.36545508371765e-05,5.954196310386875,0.0161290322580645,5.954196310386875,0.0960354243610786,,,,,,,,,,,
stranger,1,9.896482790016429e-06,16.62465268685824,8,NN,NN,stranger,0,1,5.954196310386875,8.36545508371765e-05,5.954196310386875,0.0161290322580645,5.954196310386875,0.0960354243610786,0.0,0.0,0.0,1.0,0.0,1.0,0.0,0.0,0.0,0.0,-1.0
brew,1,9.896482790016429e-06,16.62465268685824,4,NN,NN,brew,0,1,5.954196310386875,8.36545508371765e-05,5.954196310386875,0.0161290322580645,5.954196310386875,0.0960354243610786,,,,,,,,,,,
funny,1,9.896482790016429e-06,16.62465268685824,5,JJ,JJ,funni,0,1,5.954196310386875,8.36545508371765e-05,5.954196310386875,0.0161290322580645,5.954196310386875,0.0960354243610786,,,,,,,,,,,
grace,1,9.896482790016429e-06,16.62465268685824,5,NN,NN,grace,0,1,5.954196310386875,8.36545508371765e-05,5.954196310386875,0.0161290322580645,5.954196310386875,0.0960354243610786,,,,,,,,,,,
timothy,1,9.896482790016429e-06,16.62465268685824,7,NN,NNP,timothi,0,1,5.954196310386875,8.36545508371765e-05,5.954196310386875,0.0161290322580645,5.954196310386875,0.0960354243610786,,,,,,,,,,,
ichabod,1,9.896482790016429e-06,16.62465268685824,7,NN,NNP,ichabod,0,1,5.954196310386875,8.36545508371765e-05,5.954196310386875,0.0161290322580645,5.954196310386875,0.0960354243610786,,,,,,,,,,,
crookshanks,1,9.896482790016429e-06,16.62465268685824,11,NN,NNP,crookshank,0,1,5.954196310386875,8.36545508371765e-05,5.954196310386875,0.0161290322580645,5.954196310386875,0.0960354243610786,,,,,,,,,,,
hunchback,1,9.896482790016429e-06,16.62465268685824,9,NN,NNP,hunchback,0,1,5.954196310386875,8.36545508371765e-05,5.954196310386875,0.0161290322580645,5.954196310386875,0.0960354243610786,,,,,,,,,,,
bandylegs,1,9.896482790016429e-06,16.62465268685824,9,NN,NNP,bandyleg,0,1,5.954196310386875,8.36545508371765e-05,5.954196310386875,0.0161290322580645,5.954196310386875,0.0960354243610786,,,,,,,,,,,
comical,1,9.896482790016429e-06,16.62465268685824,7,JJ,JJ,comic,0,1,5.954196310386875,8.36545508371765e-05,5.954196310386875,0.0161290322580645,5.954196310386875,0.0960354243610786,,,,,,,,,,,
naught,1,9.896482790016429e-06,16.62465268685824,6,RB,RB,naught,0,1,5.954196310386875,6.796562233621985e-05,5.954196310386875,0.0161290322580645,5.954196310386875,0.0960354243610786,,,,,,,,,,,
housework,1,9.896482790016429e-06,16.62465268685824,9,NN,NN,housework,0,1,5.954196310386875,3.943959932693168e-05,5.954196310386875,0.0161290322580645,5.954196310386875,0.0960354243610786,,,,,,,,,,,
resound,1,9.896482790016429e-06,16.62465268685824,7,NN,NN,resound,0,1,5.954196310386875,6.796562233621985e-05,5.954196310386875,0.0161290322580645,5.954196310386875,0.0960354243610786,,,,,,,,,,,
trustfully,1,9.896482790016429e-06,16.62465268685824,10,RB,RB,trust,0,1,5.954196310386875,3.943959932693168e-05,5.954196310386875,0.0161290322580645,5.954196310386875,0.0960354243610786,,,,,,,,,,,
mounts,1,9.896482790016429e-06,16.62465268685824,6,NN,NNS,mount,0,1,5.954196310386875,6.796562233621985e-05,5.954196310386875,0.0161290322580645,5.954196310386875,0.0960354243610786,,,,,,,,,,,
skein,1,9.896482790016429e-06,16.62465268685824,5,NN,NN,skein,0,1,5.954196310386875,6.796562233621985e-05,5.954196310386875,0.0161290322580645,5.954196310386875,0.0960354243610786,,,,,,,,,,,
byandby,1,9.896482790016429e-06,16.62465268685824,7,VB,VB,byandbi,0,1,5.954196310386875,3.943959932693168e-05,5.954196310386875,0.0161290322580645,5.954196310386875,0.0960354243610786,,,,,,,,,,,
remarked,1,9.896482790016429e-06,16.62465268685824,8,VB,VBD,remark,0,1,5.954196310386875,6.796562233621985e-05,5.954196310386875,0.0161290322580645,5.954196310386875,0.0960354243610786,,,,,,,,,,,
halffrozen,1,9.896482790016429e-06,16.62465268685824,10,JJ,JJ,halffrozen,0,1,5.954196310386875,3.943959932693168e-05,5.954196310386875,0.0161290322580645,5.954196310386875,0.0960354243610786,,,,,,,,,,,
fluttered,1,9.896482790016429e-06,16.62465268685824,9,VB,VBD,flutter,0,1,5.954196310386875,3.943959932693168e-05,5.954196310386875,0.0161290322580645,5.954196310386875,0.0960354243610786,,,,,,,,,,,
heavier,1,9.896482790016429e-06,16.62465268685824,7,JJ,JJR,heavier,0,1,5.954196310386875,6.796562233621985e-05,5.954196310386875,0.0161290322580645,5.954196310386875,0.0960354243610786,,,,,,,,,,,
separated,1,9.896482790016429e-06,16.62465268685824,9,VB,VBN,separ,0,1,5.954196310386875,6.796562233621985e-05,5.954196310386875,0.0161290322580645,5.954196310386875,0.0960354243610786,,,,,,,,,,,
snip,1,9.896482790016429e-06,16.62465268685824,4,NN,NN,snip,0,1,5.954196310386875,6.796562233621985e-05,5.954196310386875,0.0161290322580645,5.954196310386875,0.0960354243610786,,,,,,,,,,,
snap,1,9.896482790016429e-06,16.62465268685824,4,NN,NN,snap,0,1,5.954196310386875,6.796562233621985e-05,5.954196310386875,0.0161290322580645,5.954196310386875,0.0960354243610786,,,,,,,,,,,
spectacles,1,9.896482790016429e-06,16.62465268685824,10,NN,NNS,spectacl,0,1,5.954196310386875,3.943959932693168e-05,5.954196310386875,0.0161290322580645,5.954196310386875,0.0960354243610786,,,,,,,,,,,
polished,1,9.896482790016429e-06,16.62465268685824,8,VB,VBD,polish,0,1,5.954196310386875,3.943959932693168e-05,5.954196310386875,0.0161290322580645,5.954196310386875,0.0960354243610786,,,,,,,,,,,
brass,1,9.896482790016429e-06,16.62465268685824,5,NN,NN,brass,0,1,5.954196310386875,3.943959932693168e-05,5.954196310386875,0.0161290322580645,5.954196310386875,0.0960354243610786,,,,,,,,,,,
hob,1,9.896482790016429e-06,16.62465268685824,3,NN,NN,hob,0,1,5.954196310386875,3.943959932693168e-05,5.954196310386875,0.0161290322580645,5.954196310386875,0.0960354243610786,,,,,,,,,,,
pitiless,1,9.896482790016429e-06,16.62465268685824,8,JJ,JJ,pitiless,0,1,5.954196310386875,6.796562233621985e-05,5.954196310386875,0.0161290322580645,5.954196310386875,0.0960354243610786,,,,,,,,,,,
watches,1,9.896482790016429e-06,16.62465268685824,7,VB,VBZ,watch,0,1,5.954196310386875,3.943959932693168e-05,5.954196310386875,0.0161290322580645,5.954196310386875,0.0960354243610786,,,,,,,,,,,
hook,1,9.896482790016429e-06,16.62465268685824,4,NN,NN,hook,0,1,5.954196310386875,6.796562233621985e-05,5.954196310386875,0.0161290322580645,5.954196310386875,0.0960354243610786,,,,,,,,,,,
precipice,1,9.896482790016429e-06,16.62465268685824,9,NN,NN,precipic,0,1,5.954196310386875,3.943959932693168e-05,5.954196310386875,0.0161290322580645,5.954196310386875,0.0960354243610786,,,,,,,,,,,
roused,1,9.896482790016429e-06,16.62465268685824,6,VB,VBN,rous,0,1,5.954196310386875,3.943959932693168e-05,5.954196310386875,0.0161290322580645,5.954196310386875,0.0960354243610786,,,,,,,,,,,
venomous,1,9.896482790016429e-06,16.62465268685824,8,JJ,JJ,venom,0,1,5.954196310386875,6.796562233621985e-05,5.954196310386875,0.0161290322580645,5.954196310386875,0.0960354243610786,1.0,0.0,1.0,1.0,0.0,1.0,0.0,0.0,0.0,0.0,-1.0
worry,1,9.896482790016429e-06,16.62465268685824,5,VB,VB,worri,0,1,5.954196310386875,3.943959932693168e-05,5.954196310386875,0.0161290322580645,5.954196310386875,0.0960354243610786,0.0,1.0,0.0,1.0,0.0,1.0,0.0,1.0,0.0,0.0,-1.0
mishap,1,9.896482790016429e-06,16.62465268685824,6,NN,NN,mishap,0,1,5.954196310386875,3.943959932693168e-05,5.954196310386875,0.0161290322580645,5.954196310386875,0.0960354243610786,0.0,0.0,1.0,1.0,0.0,1.0,0.0,1.0,1.0,0.0,-1.0
scratch,1,9.896482790016429e-06,16.62465268685824,7,VB,VB,scratch,0,1,5.954196310386875,6.796562233621985e-05,5.954196310386875,0.0161290322580645,5.954196310386875,0.0960354243610786,,,,,,,,,,,
grazed,1,9.896482790016429e-06,16.62465268685824,6,VB,VBN,graze,0,1,5.954196310386875,3.943959932693168e-05,5.954196310386875,0.0161290322580645,5.954196310386875,0.0960354243610786,,,,,,,,,,,
cabbageleaf,1,9.896482790016429e-06,16.62465268685824,11,JJ,JJ,cabbageleaf,0,1,5.954196310386875,3.943959932693168e-05,5.954196310386875,0.0161290322580645,5.954196310386875,0.0960354243610786,,,,,,,,,,,
intending,1,9.896482790016429e-06,16.62465268685824,9,VB,VBG,intend,0,1,5.954196310386875,3.598180006035168e-05,5.954196310386875,0.0161290322580645,5.954196310386875,0.0960354243610786,,,,,,,,,,,
thrice,1,9.896482790016429e-06,16.62465268685824,6,NN,NN,thrice,0,1,5.954196310386875,3.598180006035168e-05,5.954196310386875,0.0161290322580645,5.954196310386875,0.0960354243610786,,,,,,,,,,,
greybeard,1,9.896482790016429e-06,16.62465268685824,9,JJ,JJ,greybeard,0,1,5.954196310386875,3.598180006035168e-05,5.954196310386875,0.0161290322580645,5.954196310386875,0.0960354243610786,,,,,,,,,,,
deserved,1,9.896482790016429e-06,16.62465268685824,8,VB,VBN,deserv,0,1,5.954196310386875,6.484498606419895e-05,5.954196310386875,0.0161290322580645,5.954196310386875,0.0960354243610786,,,,,,,,,,,
envious,1,9.896482790016429e-06,16.62465268685824,7,JJ,JJ,enviou,0,1,5.954196310386875,6.484498606419895e-05,5.954196310386875,0.0161290322580645,5.954196310386875,0.0960354243610786,,,,,,,,,,,
cinderella,1,9.896482790016429e-06,16.62465268685824,10,NN,NN,cinderella,0,1,5.954196310386875,3.598180006035168e-05,5.954196310386875,0.0161290322580645,5.954196310386875,0.0960354243610786,,,,,,,,,,,
bleed,1,9.896482790016429e-06,16.62465268685824,5,VB,VBP,bleed,0,1,5.954196310386875,3.598180006035168e-05,5.954196310386875,0.0161290322580645,5.954196310386875,0.0960354243610786,,,,,,,,,,,
harshly,1,9.896482790016429e-06,16.62465268685824,7,NN,NN,harshli,0,1,5.954196310386875,3.598180006035168e-05,5.954196310386875,0.0161290322580645,5.954196310386875,0.0960354243610786,,,,,,,,,,,
newmade,1,9.896482790016429e-06,16.62465268685824,7,JJ,JJ,newmad,0,1,5.954196310386875,4.0249549187375786e-05,5.954196310386875,0.0161290322580645,5.954196310386875,0.0960354243610786,,,,,,,,,,,
scolding,1,9.896482790016429e-06,16.62465268685824,8,NN,NN,scold,0,1,5.954196310386875,3.598180006035168e-05,5.954196310386875,0.0161290322580645,5.954196310386875,0.0960354243610786,1.0,0.0,0.0,0.0,0.0,1.0,0.0,0.0,0.0,0.0,-1.0
loveliest,1,9.896482790016429e-06,16.62465268685824,9,JJ,JJS,loveliest,0,1,5.954196310386875,4.0249549187375786e-05,5.954196310386875,0.0161290322580645,5.954196310386875,0.0960354243610786,,,,,,,,,,,
dressing,1,9.896482790016429e-06,16.62465268685824,8,VB,VBG,dress,0,1,5.954196310386875,4.0249549187375786e-05,5.954196310386875,0.0161290322580645,5.954196310386875,0.0960354243610786,,,,,,,,,,,
splendour,1,9.896482790016429e-06,16.62465268685824,9,NN,NN,splendour,0,1,5.954196310386875,4.0249549187375786e-05,5.954196310386875,0.0161290322580645,5.954196310386875,0.0960354243610786,,,,,,,,,,,
sunshine,1,9.896482790016429e-06,16.62465268685824,8,NN,NN,sunshin,0,1,5.954196310386875,3.598180006035168e-05,5.954196310386875,0.0161290322580645,5.954196310386875,0.0960354243610786,0.0,0.0,0.0,0.0,1.0,0.0,1.0,0.0,0.0,0.0,1.0
countless,1,9.896482790016429e-06,16.62465268685824,9,JJ,JJ,countless,0,1,5.954196310386875,3.598180006035168e-05,5.954196310386875,0.0161290322580645,5.954196310386875,0.0960354243610786,,,,,,,,,,,
bemoaned,1,9.896482790016429e-06,16.62465268685824,8,VB,VBD,bemoan,0,1,5.954196310386875,4.0249549187375786e-05,5.954196310386875,0.0161290322580645,5.954196310386875,0.0960354243610786,,,,,,,,,,,
blooming,1,9.896482790016429e-06,16.62465268685824,8,VB,VBG,bloom,0,1,5.954196310386875,3.598180006035168e-05,5.954196310386875,0.0161290322580645,5.954196310386875,0.0960354243610786,,,,,,,,,,,
wrote,1,9.896482790016429e-06,16.62465268685824,5,VB,VBD,wrote,0,1,5.954196310386875,4.0249549187375786e-05,5.954196310386875,0.0161290322580645,5.954196310386875,0.0960354243610786,,,,,,,,,,,
bier,1,9.896482790016429e-06,16.62465268685824,4,NN,NN,bier,0,1,5.954196310386875,4.0249549187375786e-05,5.954196310386875,0.0161290322580645,5.954196310386875,0.0960354243610786,0.0,0.0,0.0,1.0,0.0,1.0,0.0,1.0,0.0,0.0,-1.0
tempted,1,9.896482790016429e-06,16.62465268685824,7,VB,VBN,tempt,0,1,5.954196310386875,4.0249549187375786e-05,5.954196310386875,0.0161290322580645,5.954196310386875,0.0960354243610786,,,,,,,,,,,
tempting,1,9.896482790016429e-06,16.62465268685824,8,JJ,JJ,tempt,0,1,5.954196310386875,4.0249549187375786e-05,5.954196310386875,0.0161290322580645,5.954196310386875,0.0960354243610786,,,,,,,,,,,
breadshovel,1,9.896482790016429e-06,16.62465268685824,11,JJ,JJ,breadshovel,0,1,5.954196310386875,3.598180006035168e-05,5.954196310386875,0.0161290322580645,5.954196310386875,0.0960354243610786,,,,,,,,,,,
combs,1,9.896482790016429e-06,16.62465268685824,5,NN,NNS,comb,0,1,5.954196310386875,4.0249549187375786e-05,5.954196310386875,0.0161290322580645,5.954196310386875,0.0960354243610786,,,,,,,,,,,
ailed,1,9.896482790016429e-06,16.62465268685824,5,VB,VBD,ail,0,1,5.954196310386875,4.0249549187375786e-05,5.954196310386875,0.0161290322580645,5.954196310386875,0.0960354243610786,,,,,,,,,,,
snowing,1,9.896482790016429e-06,16.62465268685824,7,VB,VBG,snow,0,1,5.954196310386875,3.598180006035168e-05,5.954196310386875,0.0161290322580645,5.954196310386875,0.0960354243610786,,,,,,,,,,,
laced,1,9.896482790016429e-06,16.62465268685824,5,VB,VBN,lace,0,1,5.954196310386875,4.0249549187375786e-05,5.954196310386875,0.0161290322580645,5.954196310386875,0.0960354243610786,,,,,,,,,,,
stays,1,9.896482790016429e-06,16.62465268685824,5,NN,NNS,stay,0,1,5.954196310386875,4.0249549187375786e-05,5.954196310386875,0.0161290322580645,5.954196310386875,0.0960354243610786,,,,,,,,,,,
bobbins,1,9.896482790016429e-06,16.62465268685824,7,NN,NNS,bobbin,0,1,5.954196310386875,4.0249549187375786e-05,5.954196310386875,0.0161290322580645,5.954196310386875,0.0960354243610786,,,,,,,,,,,
pedlar,1,9.896482790016429e-06,16.62465268685824,6,NN,NN,pedlar,0,1,5.954196310386875,4.0249549187375786e-05,5.954196310386875,0.0161290322580645,5.954196310386875,0.0960354243610786,,,,,,,,,,,
stepsister,1,9.896482790016429e-06,16.62465268685824,10,NN,NN,stepsist,0,1,5.954196310386875,6.484498606419895e-05,5.954196310386875,0.0161290322580645,5.954196310386875,0.0960354243610786,,,,,,,,,,,
comely,1,9.896482790016429e-06,16.62465268685824,6,RB,RB,come,0,1,5.954196310386875,4.0831387908621866e-05,5.954196310386875,0.0161290322580645,5.954196310386875,0.0960354243610786,,,,,,,,,,,
handsomest,1,9.896482790016429e-06,16.62465268685824,10,JJ,JJS,handsomest,0,1,5.954196310386875,4.0249549187375786e-05,5.954196310386875,0.0161290322580645,5.954196310386875,0.0960354243610786,,,,,,,,,,,
grasped,1,9.896482790016429e-06,16.62465268685824,7,VB,VBD,grasp,0,1,5.954196310386875,6.484498606419895e-05,5.954196310386875,0.0161290322580645,5.954196310386875,0.0960354243610786,,,,,,,,,,,
snares,1,9.896482790016429e-06,16.62465268685824,6,NN,NNS,snare,0,1,5.954196310386875,6.484498606419895e-05,5.954196310386875,0.0161290322580645,5.954196310386875,0.0960354243610786,,,,,,,,,,,
recognize,1,9.896482790016429e-06,16.62465268685824,9,VB,VB,recogn,0,1,5.954196310386875,6.484498606419895e-05,5.954196310386875,0.0161290322580645,5.954196310386875,0.0960354243610786,,,,,,,,,,,
arrange,1,9.896482790016429e-06,16.62465268685824,7,NN,NN,arrang,0,1,5.954196310386875,6.484498606419895e-05,5.954196310386875,0.0161290322580645,5.954196310386875,0.0960354243610786,,,,,,,,,,,
bled,1,9.896482790016429e-06,16.62465268685824,4,VB,VBD,bled,0,1,5.954196310386875,6.484498606419895e-05,5.954196310386875,0.0161290322580645,5.954196310386875,0.0960354243610786,,,,,,,,,,,
magical,1,9.896482790016429e-06,16.62465268685824,7,JJ,JJ,magic,0,1,5.954196310386875,6.484498606419895e-05,5.954196310386875,0.0161290322580645,5.954196310386875,0.0960354243610786,0.0,1.0,0.0,0.0,1.0,0.0,1.0,0.0,1.0,0.0,1.0
perfectly,1,9.896482790016429e-06,16.62465268685824,9,RB,RB,perfectli,0,1,5.954196310386875,6.484498606419895e-05,5.954196310386875,0.0161290322580645,5.954196310386875,0.0960354243610786,,,,,,,,,,,
released,1,9.896482790016429e-06,16.62465268685824,8,VB,VBN,releas,0,1,5.954196310386875,4.0831387908621866e-05,5.954196310386875,0.0161290322580645,5.954196310386875,0.0960354243610786,,,,,,,,,,,
shapes,1,9.896482790016429e-06,16.62465268685824,6,NN,NNS,shape,0,1,5.954196310386875,6.484498606419895e-05,5.954196310386875,0.0161290322580645,5.954196310386875,0.0960354243610786,,,,,,,,,,,
natural,1,9.896482790016429e-06,16.62465268685824,7,JJ,JJ,natur,0,1,5.954196310386875,6.484498606419895e-05,5.954196310386875,0.0161290322580645,5.954196310386875,0.0960354243610786,,,,,,,,,,,
resumed,1,9.896482790016429e-06,16.62465268685824,7,VB,VBD,resum,0,1,5.954196310386875,6.484498606419895e-05,5.954196310386875,0.0161290322580645,5.954196310386875,0.0960354243610786,,,,,,,,,,,
enticed,1,9.896482790016429e-06,16.62465268685824,7,VB,VBN,entic,0,1,5.954196310386875,6.484498606419895e-05,5.954196310386875,0.0161290322580645,5.954196310386875,0.0960354243610786,,,,,,,,,,,
endless,1,9.896482790016429e-06,16.62465268685824,7,VB,VB,endless,0,1,5.954196310386875,6.484498606419895e-05,5.954196310386875,0.0161290322580645,5.954196310386875,0.0960354243610786,1.0,0.0,0.0,1.0,1.0,1.0,1.0,1.0,0.0,1.0,0.0
breadcrumbs,1,9.896482790016429e-06,16.62465268685824,11,NN,NN,breadcrumb,0,1,5.954196310386875,6.484498606419895e-05,5.954196310386875,0.0161290322580645,5.954196310386875,0.0960354243610786,,,,,,,,,,,
forsaken,1,9.896482790016429e-06,16.62465268685824,8,JJ,JJ,forsaken,0,1,5.954196310386875,4.0831387908621866e-05,5.954196310386875,0.0161290322580645,5.954196310386875,0.0960354243610786,1.0,0.0,0.0,0.0,0.0,1.0,0.0,1.0,0.0,0.0,-1.0
forlorn,1,9.896482790016429e-06,16.62465268685824,7,JJ,JJ,forlorn,0,1,5.954196310386875,4.0831387908621866e-05,5.954196310386875,0.0161290322580645,5.954196310386875,0.0960354243610786,0.0,0.0,0.0,0.0,0.0,1.0,0.0,1.0,0.0,0.0,-1.0
manyleague,1,9.896482790016429e-06,16.62465268685824,10,JJ,JJ,manyleagu,0,1,5.954196310386875,6.484498606419895e-05,5.954196310386875,0.0161290322580645,5.954196310386875,0.0960354243610786,,,,,,,,,,,
crows,1,9.896482790016429e-06,16.62465268685824,5,VB,VBZ,crow,0,1,5.954196310386875,4.0831387908621866e-05,5.954196310386875,0.0161290322580645,5.954196310386875,0.0960354243610786,,,,,,,,,,,
firtrees,1,9.896482790016429e-06,16.62465268685824,8,NN,NNS,firtre,0,1,5.954196310386875,4.0831387908621866e-05,5.954196310386875,0.0161290322580645,5.954196310386875,0.0960354243610786,,,,,,,,,,,
bathed,1,9.896482790016429e-06,16.62465268685824,6,VB,VBD,bath,0,1,5.954196310386875,6.484498606419895e-05,5.954196310386875,0.0161290322580645,5.954196310386875,0.0960354243610786,,,,,,,,,,,
warming,1,9.896482790016429e-06,16.62465268685824,7,VB,VBG,warm,0,1,5.954196310386875,6.484498606419895e-05,5.954196310386875,0.0161290322580645,5.954196310386875,0.0960354243610786,,,,,,,,,,,
sweeping,1,9.896482790016429e-06,16.62465268685824,8,VB,VBG,sweep,0,1,5.954196310386875,6.484498606419895e-05,5.954196310386875,0.0161290322580645,5.954196310386875,0.0960354243610786,,,,,,,,,,,
pursues,1,9.896482790016429e-06,16.62465268685824,7,VB,VBZ,pursu,0,1,5.954196310386875,6.484498606419895e-05,5.954196310386875,0.0161290322580645,5.954196310386875,0.0960354243610786,,,,,,,,,,,
nestled,1,9.896482790016429e-06,16.62465268685824,7,VB,VBN,nestl,0,1,5.954196310386875,4.0831387908621866e-05,5.954196310386875,0.0161290322580645,5.954196310386875,0.0960354243610786,,,,,,,,,,,
woes,1,9.896482790016429e-06,16.62465268685824,4,NN,NNS,woe,0,1,5.954196310386875,4.0831387908621866e-05,5.954196310386875,0.0161290322580645,5.954196310386875,0.0960354243610786,,,,,,,,,,,
whereon,1,9.896482790016429e-06,16.62465268685824,7,VB,VBZ,whereon,0,1,5.954196310386875,4.0831387908621866e-05,5.954196310386875,0.0161290322580645,5.954196310386875,0.0960354243610786,,,,,,,,,,,
betrayed,1,9.896482790016429e-06,16.62465268685824,8,VB,VBN,betray,0,1,5.954196310386875,4.0249549187375786e-05,5.954196310386875,0.0161290322580645,5.954196310386875,0.0960354243610786,,,,,,,,,,,
conscious,1,9.896482790016429e-06,16.62465268685824,9,JJ,JJ,consciou,0,1,5.954196310386875,3.598180006035168e-05,5.954196310386875,0.0161290322580645,5.954196310386875,0.0960354243610786,,,,,,,,,,,
public,1,9.896482790016429e-06,16.62465268685824,6,JJ,JJ,public,0,1,5.954196310386875,3.598180006035168e-05,5.954196310386875,0.0161290322580645,5.954196310386875,0.0960354243610786,0.0,1.0,0.0,0.0,0.0,0.0,1.0,0.0,0.0,0.0,1.0
oaktrees,1,9.896482790016429e-06,16.62465268685824,8,NN,NNS,oaktre,0,1,5.954196310386875,3.598180006035168e-05,5.954196310386875,0.0161290322580645,5.954196310386875,0.0960354243610786,,,,,,,,,,,
nuttrees,1,9.896482790016429e-06,16.62465268685824,8,NN,NNS,nuttre,0,1,5.954196310386875,3.598180006035168e-05,5.954196310386875,0.0161290322580645,5.954196310386875,0.0960354243610786,,,,,,,,,,,
welldeserved,1,9.896482790016429e-06,16.62465268685824,12,JJ,JJ,welldeserv,0,1,5.954196310386875,3.943959932693168e-05,5.954196310386875,0.0161290322580645,5.954196310386875,0.0960354243610786,,,,,,,,,,,
act,1,9.896482790016429e-06,16.62465268685824,3,VB,VB,act,0,1,5.954196310386875,3.598180006035168e-05,5.954196310386875,0.0161290322580645,5.954196310386875,0.0960354243610786,,,,,,,,,,,
savage,1,9.896482790016429e-06,16.62465268685824,6,NN,NN,savag,0,1,5.954196310386875,3.943959932693168e-05,5.954196310386875,0.0161290322580645,5.954196310386875,0.0960354243610786,1.0,0.0,0.0,1.0,0.0,1.0,0.0,0.0,0.0,0.0,-1.0
craftily,1,9.896482790016429e-06,16.62465268685824,8,RB,RB,craftili,0,1,5.954196310386875,3.598180006035168e-05,5.954196310386875,0.0161290322580645,5.954196310386875,0.0960354243610786,,,,,,,,,,,
clothed,1,9.896482790016429e-06,16.62465268685824,7,VB,VBD,cloth,0,1,5.954196310386875,3.943959932693168e-05,5.954196310386875,0.0161290322580645,5.954196310386875,0.0960354243610786,,,,,,,,,,,
bearskin,1,9.896482790016429e-06,16.62465268685824,8,NN,NN,bearskin,0,1,5.954196310386875,3.943959932693168e-05,5.954196310386875,0.0161290322580645,5.954196310386875,0.0960354243610786,,,,,,,,,,,
paw,1,9.896482790016429e-06,16.62465268685824,3,NN,NN,paw,0,1,5.954196310386875,3.943959932693168e-05,5.954196310386875,0.0161290322580645,5.954196310386875,0.0960354243610786,,,,,,,,,,,
sweetly,1,9.896482790016429e-06,16.62465268685824,7,RB,RB,sweetli,0,1,5.954196310386875,3.598180006035168e-05,5.954196310386875,0.0161290322580645,5.954196310386875,0.0960354243610786,,,,,,,,,,,
gravely,1,9.896482790016429e-06,16.62465268685824,7,RB,RB,grave,0,1,5.954196310386875,3.598180006035168e-05,5.954196310386875,0.0161290322580645,5.954196310386875,0.0960354243610786,,,,,,,,,,,
quails,1,9.896482790016429e-06,16.62465268685824,6,NN,NNS,quail,0,1,5.954196310386875,3.943959932693168e-05,5.954196310386875,0.0161290322580645,5.954196310386875,0.0960354243610786,,,,,,,,,,,
morsels,1,9.896482790016429e-06,16.62465268685824,7,NN,NNS,morsel,0,1,5.954196310386875,3.943959932693168e-05,5.954196310386875,0.0161290322580645,5.954196310386875,0.0960354243610786,,,,,,,,,,,
sunbeams,1,9.896482790016429e-06,16.62465268685824,8,NN,NNS,sunbeam,0,1,5.954196310386875,3.598180006035168e-05,5.954196310386875,0.0161290322580645,5.954196310386875,0.0960354243610786,,,,,,,,,,,
slender,1,9.896482790016429e-06,16.62465268685824,7,NN,NN,slender,0,1,5.954196310386875,3.943959932693168e-05,5.954196310386875,0.0161290322580645,5.954196310386875,0.0960354243610786,,,,,,,,,,,
cursing,1,9.896482790016429e-06,16.62465268685824,7,VB,VBG,curs,0,1,5.954196310386875,3.943959932693168e-05,5.954196310386875,0.0161290322580645,5.954196310386875,0.0960354243610786,1.0,0.0,1.0,0.0,0.0,1.0,0.0,0.0,0.0,0.0,-1.0
copperred,1,9.896482790016429e-06,16.62465268685824,9,JJ,JJ,copper,0,1,5.954196310386875,3.943959932693168e-05,5.954196310386875,0.0161290322580645,5.954196310386875,0.0960354243610786,,,,,,,,,,,
ashengrey,1,9.896482790016429e-06,16.62465268685824,9,JJ,JJ,ashengrey,0,1,5.954196310386875,3.943959932693168e-05,5.954196310386875,0.0161290322580645,5.954196310386875,0.0960354243610786,,,,,,,,,,,
cottagedoor,1,9.896482790016429e-06,16.62465268685824,11,JJ,JJ,cottagedoor,0,1,5.954196310386875,3.598180006035168e-05,5.954196310386875,0.0161290322580645,5.954196310386875,0.0960354243610786,,,,,,,,,,,
stared,1,9.896482790016429e-06,16.62465268685824,6,VB,VBN,stare,0,1,5.954196310386875,3.943959932693168e-05,5.954196310386875,0.0161290322580645,5.954196310386875,0.0960354243610786,,,,,,,,,,,
hug,1,9.896482790016429e-06,16.62465268685824,3,VB,VB,hug,0,1,5.954196310386875,3.598180006035168e-05,5.954196310386875,0.0161290322580645,5.954196310386875,0.0960354243610786,0.0,0.0,0.0,0.0,1.0,0.0,1.0,0.0,0.0,1.0,1.0
ingratitude,1,9.896482790016429e-06,16.62465268685824,11,NN,NN,ingratitud,0,1,5.954196310386875,3.943959932693168e-05,5.954196310386875,0.0161290322580645,5.954196310386875,0.0960354243610786,,,,,,,,,,,
shrill,1,9.896482790016429e-06,16.62465268685824,6,NN,NN,shrill,0,1,5.954196310386875,3.943959932693168e-05,5.954196310386875,0.0161290322580645,5.954196310386875,0.0960354243610786,1.0,0.0,0.0,1.0,0.0,1.0,0.0,0.0,1.0,0.0,-1.0
recovered,1,9.896482790016429e-06,16.62465268685824,9,VB,VBN,recov,0,1,5.954196310386875,3.943959932693168e-05,5.954196310386875,0.0161290322580645,5.954196310386875,0.0960354243610786,,,,,,,,,,,
collapsed,1,9.896482790016429e-06,16.62465268685824,9,VB,VBD,collaps,0,1,5.954196310386875,3.598180006035168e-05,5.954196310386875,0.0161290322580645,5.954196310386875,0.0960354243610786,,,,,,,,,,,
revived,1,9.896482790016429e-06,16.62465268685824,7,VB,VBD,reviv,0,1,5.954196310386875,3.598180006035168e-05,5.954196310386875,0.0161290322580645,5.954196310386875,0.0960354243610786,,,,,,,,,,,
divided,1,9.896482790016429e-06,16.62465268685824,7,VB,VBD,divid,0,1,5.954196310386875,3.943959932693168e-05,5.954196310386875,0.0161290322580645,5.954196310386875,0.0960354243610786,,,,,,,,,,,
flakes,1,9.896482790016429e-06,16.62465268685824,6,NN,NNS,flake,0,1,5.954196310386875,4.0249549187375786e-05,5.954196310386875,0.0161290322580645,5.954196310386875,0.0960354243610786,,,,,,,,,,,
knit,1,9.896482790016429e-06,16.62465268685824,4,NN,NN,knit,0,1,5.954196310386875,4.0249549187375786e-05,5.954196310386875,0.0161290322580645,5.954196310386875,0.0960354243610786,,,,,,,,,,,
bakingday,1,9.896482790016429e-06,16.62465268685824,9,JJ,JJ,bakingday,0,1,5.954196310386875,3.598180006035168e-05,5.954196310386875,0.0161290322580645,5.954196310386875,0.0960354243610786,,,,,,,,,,,
clung,1,9.896482790016429e-06,16.62465268685824,5,NN,NN,clung,0,1,5.954196310386875,3.598180006035168e-05,5.954196310386875,0.0161290322580645,5.954196310386875,0.0960354243610786,,,,,,,,,,,
cutting,1,9.896482790016429e-06,16.62465268685824,7,VB,VBG,cut,0,1,5.954196310386875,4.0249549187375786e-05,5.954196310386875,0.0161290322580645,5.954196310386875,0.0960354243610786,1.0,0.0,1.0,1.0,0.0,1.0,0.0,1.0,0.0,0.0,-1.0
handling,1,9.896482790016429e-06,16.62465268685824,8,VB,VBG,handl,0,1,5.954196310386875,4.0249549187375786e-05,5.954196310386875,0.0161290322580645,5.954196310386875,0.0960354243610786,,,,,,,,,,,
meddling,1,9.896482790016429e-06,16.62465268685824,8,VB,VBG,meddl,0,1,5.954196310386875,4.0249549187375786e-05,5.954196310386875,0.0161290322580645,5.954196310386875,0.0960354243610786,,,,,,,,,,,
thornbush,1,9.896482790016429e-06,16.62465268685824,9,JJ,JJ,thornbush,0,1,5.954196310386875,3.598180006035168e-05,5.954196310386875,0.0161290322580645,5.954196310386875,0.0960354243610786,,,,,,,,,,,
appletree,1,9.896482790016429e-06,16.62465268685824,9,JJ,JJ,appletre,0,1,5.954196310386875,3.598180006035168e-05,5.954196310386875,0.0161290322580645,5.954196310386875,0.0960354243610786,,,,,,,,,,,
forks,1,9.896482790016429e-06,16.62465268685824,5,NN,NNS,fork,0,1,5.954196310386875,4.0249549187375786e-05,5.954196310386875,0.0161290322580645,5.954196310386875,0.0960354243610786,,,,,,,,,,,
knives,1,9.896482790016429e-06,16.62465268685824,6,NN,NNS,knive,0,1,5.954196310386875,4.0249549187375786e-05,5.954196310386875,0.0161290322580645,5.954196310386875,0.0960354243610786,,,,,,,,,,,
obedient,1,9.896482790016429e-06,16.62465268685824,8,JJ,JJ,obedi,0,1,5.954196310386875,3.598180006035168e-05,5.954196310386875,0.0161290322580645,5.954196310386875,0.0960354243610786,,,,,,,,,,,
exerted,1,9.896482790016429e-06,16.62465268685824,7,VB,VBD,exert,0,1,5.954196310386875,3.598180006035168e-05,5.954196310386875,0.0161290322580645,5.954196310386875,0.0960354243610786,,,,,,,,,,,
spruce,1,9.896482790016429e-06,16.62465268685824,6,JJ,JJ,spruce,0,1,5.954196310386875,4.0249549187375786e-05,5.954196310386875,0.0161290322580645,5.954196310386875,0.0960354243610786,,,,,,,,,,,
weight,1,9.896482790016429e-06,16.62465268685824,6,NN,NN,weight,0,1,5.954196310386875,4.0249549187375786e-05,5.954196310386875,0.0161290322580645,5.954196310386875,0.0960354243610786,0.0,1.0,1.0,1.0,1.0,1.0,1.0,1.0,1.0,1.0,0.0
dawdle,1,9.896482790016429e-06,16.62465268685824,6,VB,VB,dawdl,0,1,5.954196310386875,3.598180006035168e-05,5.954196310386875,0.0161290322580645,5.954196310386875,0.0960354243610786,,,,,,,,,,,
neglected,1,9.896482790016429e-06,16.62465268685824,9,VB,VBD,neglect,0,1,5.954196310386875,3.598180006035168e-05,5.954196310386875,0.0161290322580645,5.954196310386875,0.0960354243610786,1.0,0.0,1.0,0.0,0.0,1.0,0.0,1.0,0.0,0.0,-1.0
beauteous,1,9.896482790016429e-06,16.62465268685824,9,JJ,JJ,beauteou,0,1,5.954196310386875,4.0249549187375786e-05,5.954196310386875,0.0161290322580645,5.954196310386875,0.0960354243610786,,,,,,,,,,,
fairer,1,9.896482790016429e-06,16.62465268685824,6,JJ,JJR,fairer,0,1,5.954196310386875,4.0249549187375786e-05,5.954196310386875,0.0161290322580645,5.954196310386875,0.0960354243610786,,,,,,,,,,,
pouring,1,9.896482790016429e-06,16.62465268685824,7,VB,VBG,pour,0,1,5.954196310386875,3.598180006035168e-05,5.954196310386875,0.0161290322580645,5.954196310386875,0.0960354243610786,,,,,,,,,,,
services,1,9.896482790016429e-06,16.62465268685824,8,NN,NNS,servic,0,1,5.954196310386875,3.598180006035168e-05,5.954196310386875,0.0161290322580645,5.954196310386875,0.0960354243610786,,,,,,,,,,,
lookingglass,1,9.896482790016429e-06,16.62465268685824,12,NN,NN,lookingglass,0,1,5.954196310386875,4.0249549187375786e-05,5.954196310386875,0.0161290322580645,5.954196310386875,0.0960354243610786,,,,,,,,,,,
handsomer,1,9.896482790016429e-06,16.62465268685824,9,JJ,JJR,handsom,0,1,5.954196310386875,4.0249549187375786e-05,5.954196310386875,0.0161290322580645,5.954196310386875,0.0960354243610786,,,,,,,,,,,
hood,1,9.896482790016429e-06,16.62465268685824,4,NN,NNP,hood,0,1,5.954196310386875,3.598180006035168e-05,5.954196310386875,0.0161290322580645,5.954196310386875,0.0960354243610786,1.0,0.0,1.0,1.0,0.0,1.0,0.0,0.0,0.0,0.0,-1.0
windowframe,1,9.896482790016429e-06,16.62465268685824,11,NN,NN,windowfram,0,1,5.954196310386875,4.0249549187375786e-05,5.954196310386875,0.0161290322580645,5.954196310386875,0.0960354243610786,,,,,,,,,,,
thoughtfully,1,9.896482790016429e-06,16.62465268685824,12,RB,RB,thought,0,1,5.954196310386875,4.0249549187375786e-05,5.954196310386875,0.0161290322580645,5.954196310386875,0.0960354243610786,,,,,,,,,,,
velvet,1,9.896482790016429e-06,16.62465268685824,6,NN,NN,velvet,0,1,5.954196310386875,3.598180006035168e-05,5.954196310386875,0.0161290322580645,5.954196310386875,0.0960354243610786,,,,,,,,,,,
frame,1,9.896482790016429e-06,16.62465268685824,5,NN,NN,frame,0,1,5.954196310386875,4.0249549187375786e-05,5.954196310386875,0.0161290322580645,5.954196310386875,0.0960354243610786,,,,,,,,,,,
ridiculed,1,9.896482790016429e-06,16.62465268685824,9,JJ,JJ,ridicul,0,1,5.954196310386875,2.973232952355375e-05,5.954196310386875,0.0161290322580645,5.954196310386875,0.0960354243610786,,,,,,,,,,,
week,1,9.896482790016429e-06,16.62465268685824,4,NN,NN,week,0,1,5.954196310386875,4.5193140875801705e-05,5.954196310386875,0.0161290322580645,5.954196310386875,0.0960354243610786,,,,,,,,,,,
mocking,1,9.896482790016429e-06,16.62465268685824,7,VB,VBG,mock,0,1,5.954196310386875,2.973232952355375e-05,5.954196310386875,0.0161290322580645,5.954196310386875,0.0960354243610786,1.0,0.0,1.0,0.0,0.0,1.0,0.0,1.0,0.0,0.0,-1.0
lighten,1,9.896482790016429e-06,16.62465268685824,7,VB,VB,lighten,0,1,5.954196310386875,3.109955452107468e-05,5.954196310386875,0.0161290322580645,5.954196310386875,0.0960354243610786,,,,,,,,,,,
managing,1,9.896482790016429e-06,16.62465268685824,8,VB,VBG,manag,0,1,5.954196310386875,4.0384955576567965e-05,5.954196310386875,0.0161290322580645,5.954196310386875,0.0960354243610786,,,,,,,,,,,
prithee,1,9.896482790016429e-06,16.62465268685824,7,NN,NNP,prithe,0,1,5.954196310386875,3.877086167181212e-05,5.954196310386875,0.0161290322580645,5.954196310386875,0.0960354243610786,,,,,,,,,,,
roughlooking,1,9.896482790016429e-06,16.62465268685824,12,JJ,JJ,roughlook,0,1,5.954196310386875,3.877086167181212e-05,5.954196310386875,0.0161290322580645,5.954196310386875,0.0960354243610786,,,,,,,,,,,
study,1,9.896482790016429e-06,16.62465268685824,5,NN,NN,studi,0,1,5.954196310386875,3.877086167181212e-05,5.954196310386875,0.0161290322580645,5.954196310386875,0.0960354243610786,,,,,,,,,,,
kick,1,9.896482790016429e-06,16.62465268685824,4,NN,NN,kick,0,1,5.954196310386875,4.0384955576567965e-05,5.954196310386875,0.0161290322580645,5.954196310386875,0.0960354243610786,1.0,0.0,0.0,0.0,0.0,1.0,0.0,0.0,0.0,0.0,-1.0
gains,1,9.896482790016429e-06,16.62465268685824,5,NN,NNS,gain,0,1,5.954196310386875,3.877086167181212e-05,5.954196310386875,0.0161290322580645,5.954196310386875,0.0960354243610786,,,,,,,,,,,
embarked,1,9.896482790016429e-06,16.62465268685824,8,VB,VBN,embark,0,1,5.954196310386875,3.877086167181212e-05,5.954196310386875,0.0161290322580645,5.954196310386875,0.0960354243610786,,,,,,,,,,,
seas,1,9.896482790016429e-06,16.62465268685824,4,NN,NNS,sea,0,1,5.954196310386875,3.877086167181212e-05,5.954196310386875,0.0161290322580645,5.954196310386875,0.0960354243610786,,,,,,,,,,,
laden,1,9.896482790016429e-06,16.62465268685824,5,JJ,JJ,laden,0,1,5.954196310386875,3.877086167181212e-05,5.954196310386875,0.0161290322580645,5.954196310386875,0.0960354243610786,,,,,,,,,,,
barely,1,9.896482790016429e-06,16.62465268685824,6,RB,RB,bare,0,1,5.954196310386875,3.877086167181212e-05,5.954196310386875,0.0161290322580645,5.954196310386875,0.0960354243610786,,,,,,,,,,,
dinners,1,9.896482790016429e-06,16.62465268685824,7,NN,NNS,dinner,0,1,5.954196310386875,3.109955452107468e-05,5.954196310386875,0.0161290322580645,5.954196310386875,0.0960354243610786,,,,,,,,,,,
flame,1,9.896482790016429e-06,16.62465268685824,5,NN,NN,flame,0,1,5.954196310386875,3.109955452107468e-05,5.954196310386875,0.0161290322580645,5.954196310386875,0.0960354243610786,,,,,,,,,,,
sobbed,1,9.896482790016429e-06,16.62465268685824,6,VB,VBD,sob,0,1,5.954196310386875,3.109955452107468e-05,5.954196310386875,0.0161290322580645,5.954196310386875,0.0960354243610786,,,,,,,,,,,
tease,1,9.896482790016429e-06,16.62465268685824,5,VB,VB,teas,0,1,5.954196310386875,4.270138922235599e-05,5.954196310386875,0.0161290322580645,5.954196310386875,0.0960354243610786,1.0,1.0,0.0,0.0,0.0,1.0,0.0,1.0,0.0,0.0,-1.0
spice,1,9.896482790016429e-06,16.62465268685824,5,NN,NN,spice,0,1,5.954196310386875,3.109955452107468e-05,5.954196310386875,0.0161290322580645,5.954196310386875,0.0960354243610786,,,,,,,,,,,
delicious,1,9.896482790016429e-06,16.62465268685824,9,JJ,JJ,delici,0,1,5.954196310386875,3.109955452107468e-05,5.954196310386875,0.0161290322580645,5.954196310386875,0.0960354243610786,0.0,0.0,0.0,0.0,1.0,0.0,1.0,0.0,0.0,0.0,1.0
flashing,1,9.896482790016429e-06,16.62465268685824,8,VB,VBG,flash,0,1,5.954196310386875,3.109955452107468e-05,5.954196310386875,0.0161290322580645,5.954196310386875,0.0960354243610786,,,,,,,,,,,
wet,1,9.896482790016429e-06,16.62465268685824,3,JJ,JJ,wet,0,1,5.954196310386875,3.109955452107468e-05,5.954196310386875,0.0161290322580645,5.954196310386875,0.0960354243610786,,,,,,,,,,,
veins,1,9.896482790016429e-06,16.62465268685824,5,NN,NNS,vein,0,1,5.954196310386875,3.109955452107468e-05,5.954196310386875,0.0161290322580645,5.954196310386875,0.0960354243610786,,,,,,,,,,,
uneasiness,1,9.896482790016429e-06,16.62465268685824,10,NN,NN,uneasi,0,1,5.954196310386875,3.109955452107468e-05,5.954196310386875,0.0161290322580645,5.954196310386875,0.0960354243610786,0.0,1.0,0.0,0.0,0.0,1.0,0.0,1.0,0.0,0.0,-1.0
shines,1,9.896482790016429e-06,16.62465268685824,6,NN,NNS,shine,0,1,5.954196310386875,3.109955452107468e-05,5.954196310386875,0.0161290322580645,5.954196310386875,0.0960354243610786,,,,,,,,,,,
thunderstorm,1,9.896482790016429e-06,16.62465268685824,12,NN,NN,thunderstorm,0,1,5.954196310386875,3.109955452107468e-05,5.954196310386875,0.0161290322580645,5.954196310386875,0.0960354243610786,,,,,,,,,,,
slaughterhouse,1,9.896482790016429e-06,16.62465268685824,14,NN,NN,slaughterhous,0,1,5.954196310386875,4.0384955576567965e-05,5.954196310386875,0.0161290322580645,5.954196310386875,0.0960354243610786,1.0,0.0,1.0,1.0,0.0,1.0,0.0,1.0,0.0,0.0,-1.0
millers,1,9.896482790016429e-06,16.62465268685824,7,NN,NNS,miller,0,1,5.954196310386875,3.109955452107468e-05,5.954196310386875,0.0161290322580645,5.954196310386875,0.0960354243610786,,,,,,,,,,,
limetree,1,9.896482790016429e-06,16.62465268685824,8,JJ,JJ,limetre,0,1,5.954196310386875,3.109955452107468e-05,5.954196310386875,0.0161290322580645,5.954196310386875,0.0960354243610786,,,,,,,,,,,
hate,1,9.896482790016429e-06,16.62465268685824,4,VB,VBP,hate,0,1,5.954196310386875,4.0384955576567965e-05,5.954196310386875,0.0161290322580645,5.954196310386875,0.0960354243610786,1.0,0.0,1.0,1.0,0.0,1.0,0.0,1.0,0.0,0.0,-1.0
signed,1,9.896482790016429e-06,16.62465268685824,6,VB,VBD,sign,0,1,5.954196310386875,3.877086167181212e-05,5.954196310386875,0.0161290322580645,5.954196310386875,0.0960354243610786,,,,,,,,,,,
sealed,1,9.896482790016429e-06,16.62465268685824,6,VB,VBD,seal,0,1,5.954196310386875,3.877086167181212e-05,5.954196310386875,0.0161290322580645,5.954196310386875,0.0960354243610786,,,,,,,,,,,
utterly,1,9.896482790016429e-06,16.62465268685824,7,JJ,JJ,utterli,0,1,5.954196310386875,4.0384955576567965e-05,5.954196310386875,0.0161290322580645,5.954196310386875,0.0960354243610786,,,,,,,,,,,
bearer,1,9.896482790016429e-06,16.62465268685824,6,NN,NN,bearer,0,1,5.954196310386875,3.877086167181212e-05,5.954196310386875,0.0161290322580645,5.954196310386875,0.0960354243610786,,,,,,,,,,,
borrowed,1,9.896482790016429e-06,16.62465268685824,8,VB,VBD,borrow,0,1,5.954196310386875,3.877086167181212e-05,5.954196310386875,0.0161290322580645,5.954196310386875,0.0960354243610786,,,,,,,,,,,
neighbouring,1,9.896482790016429e-06,16.62465268685824,12,NN,NN,neighbour,0,1,5.954196310386875,3.877086167181212e-05,5.954196310386875,0.0161290322580645,5.954196310386875,0.0960354243610786,,,,,,,,,,,
clad,1,9.896482790016429e-06,16.62465268685824,4,JJ,JJ,clad,0,1,5.954196310386875,3.877086167181212e-05,5.954196310386875,0.0161290322580645,5.954196310386875,0.0960354243610786,,,,,,,,,,,
strangely,1,9.896482790016429e-06,16.62465268685824,9,RB,RB,strang,0,1,5.954196310386875,3.877086167181212e-05,5.954196310386875,0.0161290322580645,5.954196310386875,0.0960354243610786,,,,,,,,,,,
smells,1,9.896482790016429e-06,16.62465268685824,6,NN,NNS,smell,0,1,5.954196310386875,4.0384955576567965e-05,5.954196310386875,0.0161290322580645,5.954196310386875,0.0960354243610786,,,,,,,,,,,
wishingring,1,9.896482790016429e-06,16.62465268685824,11,NN,NN,wishingr,0,1,5.954196310386875,3.877086167181212e-05,5.954196310386875,0.0161290322580645,5.954196310386875,0.0960354243610786,,,,,,,,,,,
crowned,1,9.896482790016429e-06,16.62465268685824,7,VB,VBN,crown,0,1,5.954196310386875,3.877086167181212e-05,5.954196310386875,0.0161290322580645,5.954196310386875,0.0960354243610786,,,,,,,,,,,
twentyfour,1,9.896482790016429e-06,16.62465268685824,10,NN,NN,twentyfour,0,1,5.954196310386875,3.877086167181212e-05,5.954196310386875,0.0161290322580645,5.954196310386875,0.0960354243610786,,,,,,,,,,,
torment,1,9.896482790016429e-06,16.62465268685824,7,NN,NN,torment,0,1,5.954196310386875,3.877086167181212e-05,5.954196310386875,0.0161290322580645,5.954196310386875,0.0960354243610786,1.0,0.0,0.0,1.0,0.0,1.0,0.0,1.0,0.0,0.0,-1.0
prick,1,9.896482790016429e-06,16.62465268685824,5,NN,NN,prick,0,1,5.954196310386875,3.877086167181212e-05,5.954196310386875,0.0161290322580645,5.954196310386875,0.0960354243610786,1.0,0.0,1.0,1.0,0.0,1.0,0.0,0.0,1.0,0.0,-1.0
pinch,1,9.896482790016429e-06,16.62465268685824,5,NN,NN,pinch,0,1,5.954196310386875,3.877086167181212e-05,5.954196310386875,0.0161290322580645,5.954196310386875,0.0960354243610786,,,,,,,,,,,
faces,1,9.896482790016429e-06,16.62465268685824,5,VB,VBZ,face,0,1,5.954196310386875,3.877086167181212e-05,5.954196310386875,0.0161290322580645,5.954196310386875,0.0960354243610786,,,,,,,,,,,
coiled,1,9.896482790016429e-06,16.62465268685824,6,VB,VBN,coil,0,1,5.954196310386875,3.877086167181212e-05,5.954196310386875,0.0161290322580645,5.954196310386875,0.0960354243610786,,,,,,,,,,,
ashore,1,9.896482790016429e-06,16.62465268685824,6,RB,RB,ashor,0,1,5.954196310386875,3.877086167181212e-05,5.954196310386875,0.0161290322580645,5.954196310386875,0.0960354243610786,,,,,,,,,,,
sink,1,9.896482790016429e-06,16.62465268685824,4,VB,VB,sink,0,1,5.954196310386875,3.877086167181212e-05,5.954196310386875,0.0161290322580645,5.954196310386875,0.0960354243610786,,,,,,,,,,,
wiped,1,9.896482790016429e-06,16.62465268685824,5,VB,VBD,wipe,0,1,5.954196310386875,4.0384955576567965e-05,5.954196310386875,0.0161290322580645,5.954196310386875,0.0960354243610786,,,,,,,,,,,
humpbacked,1,9.896482790016429e-06,16.62465268685824,10,JJ,JJ,humpback,0,1,5.954196310386875,3.877086167181212e-05,5.954196310386875,0.0161290322580645,5.954196310386875,0.0960354243610786,,,,,,,,,,,
terms,1,9.896482790016429e-06,16.62465268685824,5,NN,NNS,term,0,1,5.954196310386875,3.877086167181212e-05,5.954196310386875,0.0161290322580645,5.954196310386875,0.0960354243610786,,,,,,,,,,,
grinned,1,9.896482790016429e-06,16.62465268685824,7,VB,VBD,grin,0,1,5.954196310386875,3.877086167181212e-05,5.954196310386875,0.0161290322580645,5.954196310386875,0.0960354243610786,,,,,,,,,,,
halted,1,9.896482790016429e-06,16.62465268685824,6,VB,VBD,halt,0,1,5.954196310386875,4.0384955576567965e-05,5.954196310386875,0.0161290322580645,5.954196310386875,0.0960354243610786,,,,,,,,,,,
uglylooking,1,9.896482790016429e-06,16.62465268685824,11,JJ,JJ,uglylook,0,1,5.954196310386875,3.877086167181212e-05,5.954196310386875,0.0161290322580645,5.954196310386875,0.0960354243610786,,,,,,,,,,,
parched,1,9.896482790016429e-06,16.62465268685824,7,VB,VBD,parch,0,1,5.954196310386875,4.0384955576567965e-05,5.954196310386875,0.0161290322580645,5.954196310386875,0.0960354243610786,,,,,,,,,,,
clave,1,9.896482790016429e-06,16.62465268685824,5,NN,NN,clave,0,1,5.954196310386875,4.0384955576567965e-05,5.954196310386875,0.0161290322580645,5.954196310386875,0.0960354243610786,,,,,,,,,,,
stump,1,9.896482790016429e-06,16.62465268685824,5,NN,NN,stump,0,1,5.954196310386875,4.0384955576567965e-05,5.954196310386875,0.0161290322580645,5.954196310386875,0.0960354243610786,,,,,,,,,,,
lumberroom,1,9.896482790016429e-06,16.62465268685824,10,NN,NN,lumberroom,0,1,5.954196310386875,3.877086167181212e-05,5.954196310386875,0.0161290322580645,5.954196310386875,0.0960354243610786,,,,,,,,,,,
cowbeef,1,9.896482790016429e-06,16.62465268685824,7,JJ,JJ,cowbeef,0,1,5.954196310386875,4.0384955576567965e-05,5.954196310386875,0.0161290322580645,5.954196310386875,0.0960354243610786,,,,,,,,,,,
hewing,1,9.896482790016429e-06,16.62465268685824,6,VB,VBG,hew,0,1,5.954196310386875,3.109955452107468e-05,5.954196310386875,0.0161290322580645,5.954196310386875,0.0960354243610786,,,,,,,,,,,
neighbourly,1,9.896482790016429e-06,16.62465268685824,11,JJ,JJ,neighbourli,0,1,5.954196310386875,4.0384955576567965e-05,5.954196310386875,0.0161290322580645,5.954196310386875,0.0960354243610786,,,,,,,,,,,
cuffings,1,9.896482790016429e-06,16.62465268685824,8,NN,NNS,cuf,0,1,5.954196310386875,3.109955452107468e-05,5.954196310386875,0.0161290322580645,5.954196310386875,0.0960354243610786,,,,,,,,,,,
blythe,1,9.896482790016429e-06,16.62465268685824,6,RB,RB,blyth,0,1,5.954196310386875,4.0384955576567965e-05,5.954196310386875,0.0161290322580645,5.954196310386875,0.0960354243610786,,,,,,,,,,,
thriven,1,9.896482790016429e-06,16.62465268685824,7,VB,VBN,thriven,0,1,5.954196310386875,4.0384955576567965e-05,5.954196310386875,0.0161290322580645,5.954196310386875,0.0960354243610786,,,,,,,,,,,
leaped,1,9.896482790016429e-06,16.62465268685824,6,VB,VBD,leap,0,1,5.954196310386875,3.109955452107468e-05,5.954196310386875,0.0161290322580645,5.954196310386875,0.0960354243610786,,,,,,,,,,,
blossoms,1,9.896482790016429e-06,16.62465268685824,8,NN,NNS,blossom,0,1,5.954196310386875,3.109955452107468e-05,5.954196310386875,0.0161290322580645,5.954196310386875,0.0960354243610786,,,,,,,,,,,
intertwined,1,9.896482790016429e-06,16.62465268685824,11,VB,VBN,intertwin,0,1,5.954196310386875,3.109955452107468e-05,5.954196310386875,0.0161290322580645,5.954196310386875,0.0960354243610786,,,,,,,,,,,
thickly,1,9.896482790016429e-06,16.62465268685824,7,RB,RB,thickli,0,1,5.954196310386875,3.109955452107468e-05,5.954196310386875,0.0161290322580645,5.954196310386875,0.0960354243610786,,,,,,,,,,,
budded,1,9.896482790016429e-06,16.62465268685824,6,VB,VBN,bud,0,1,5.954196310386875,3.109955452107468e-05,5.954196310386875,0.0161290322580645,5.954196310386875,0.0960354243610786,,,,,,,,,,,
hitherto,1,9.896482790016429e-06,16.62465268685824,8,NN,NN,hitherto,0,1,5.954196310386875,4.0384955576567965e-05,5.954196310386875,0.0161290322580645,5.954196310386875,0.0960354243610786,,,,,,,,,,,
grindstone,1,9.896482790016429e-06,16.62465268685824,10,NN,NN,grindston,0,1,5.954196310386875,4.0384955576567965e-05,5.954196310386875,0.0161290322580645,5.954196310386875,0.0960354243610786,,,,,,,,,,,
peeling,1,9.896482790016429e-06,16.62465268685824,7,VB,VBG,peel,0,1,5.954196310386875,3.109955452107468e-05,5.954196310386875,0.0161290322580645,5.954196310386875,0.0960354243610786,,,,,,,,,,,
peel,1,9.896482790016429e-06,16.62465268685824,4,VB,VB,peel,0,1,5.954196310386875,3.109955452107468e-05,5.954196310386875,0.0161290322580645,5.954196310386875,0.0960354243610786,,,,,,,,,,,
happiest,1,9.896482790016429e-06,16.62465268685824,8,JJ,JJS,happiest,0,1,5.954196310386875,4.0384955576567965e-05,5.954196310386875,0.0161290322580645,5.954196310386875,0.0960354243610786,,,,,,,,,,,
childless,1,9.896482790016429e-06,16.62465268685824,9,NN,NN,childless,0,1,5.954196310386875,3.109955452107468e-05,5.954196310386875,0.0161290322580645,5.954196310386875,0.0960354243610786,,,,,,,,,,,
restored,1,9.896482790016429e-06,16.62465268685824,8,VB,VBD,restor,0,1,5.954196310386875,4.270138922235599e-05,5.954196310386875,0.0161290322580645,5.954196310386875,0.0960354243610786,,,,,,,,,,,
thyself,1,9.896482790016429e-06,16.62465268685824,7,PR,PRP,thyself,0,1,5.954196310386875,4.270138922235599e-05,5.954196310386875,0.0161290322580645,5.954196310386875,0.0960354243610786,,,,,,,,,,,
sinking,1,9.896482790016429e-06,16.62465268685824,7,VB,VBG,sink,0,1,5.954196310386875,4.0384955576567965e-05,5.954196310386875,0.0161290322580645,5.954196310386875,0.0960354243610786,,,,,,,,,,,
patient,1,9.896482790016429e-06,16.62465268685824,7,JJ,JJ,patient,0,1,5.954196310386875,4.270138922235599e-05,5.954196310386875,0.0161290322580645,5.954196310386875,0.0960354243610786,0.0,1.0,0.0,0.0,0.0,0.0,1.0,0.0,0.0,0.0,1.0
woodcutter,1,9.896482790016429e-06,16.62465268685824,10,NN,NN,woodcutt,0,1,5.954196310386875,3.2620728383518555e-05,5.954196310386875,0.0161290322580645,5.954196310386875,0.0960354243610786,,,,,,,,,,,
gale,1,9.896482790016429e-06,16.62465268685824,4,NN,NN,gale,0,1,5.954196310386875,4.270138922235599e-05,5.954196310386875,0.0161290322580645,5.954196310386875,0.0960354243610786,,,,,,,,,,,
blown,1,9.896482790016429e-06,16.62465268685824,5,VB,VBN,blown,0,1,5.954196310386875,4.270138922235599e-05,5.954196310386875,0.0161290322580645,5.954196310386875,0.0960354243610786,,,,,,,,,,,
fed,1,9.896482790016429e-06,16.62465268685824,3,NN,NN,fed,0,1,5.954196310386875,4.270138922235599e-05,5.954196310386875,0.0161290322580645,5.954196310386875,0.0960354243610786,,,,,,,,,,,
answers,1,9.896482790016429e-06,16.62465268685824,7,NN,NNS,answer,0,1,5.954196310386875,4.270138922235599e-05,5.954196310386875,0.0161290322580645,5.954196310386875,0.0960354243610786,,,,,,,,,,,
groaned,1,9.896482790016429e-06,16.62465268685824,7,VB,VBD,groan,0,1,5.954196310386875,3.2620728383518555e-05,5.954196310386875,0.0161290322580645,5.954196310386875,0.0960354243610786,,,,,,,,,,,
talks,1,9.896482790016429e-06,16.62465268685824,5,NN,NNS,talk,0,1,5.954196310386875,4.270138922235599e-05,5.954196310386875,0.0161290322580645,5.954196310386875,0.0960354243610786,,,,,,,,,,,
thickest,1,9.896482790016429e-06,16.62465268685824,8,NN,NN,thickest,0,1,5.954196310386875,3.2620728383518555e-05,5.954196310386875,0.0161290322580645,5.954196310386875,0.0960354243610786,,,,,,,,,,,
degrees,1,9.896482790016429e-06,16.62465268685824,7,NN,NNS,degre,0,1,5.954196310386875,3.109955452107468e-05,5.954196310386875,0.0161290322580645,5.954196310386875,0.0960354243610786,,,,,,,,,,,
buffetings,1,9.896482790016429e-06,16.62465268685824,10,NN,NNS,buffet,0,1,5.954196310386875,3.109955452107468e-05,5.954196310386875,0.0161290322580645,5.954196310386875,0.0960354243610786,,,,,,,,,,,
selfdenial,1,9.896482790016429e-06,16.62465268685824,10,JJ,JJ,selfdeni,0,1,5.954196310386875,4.0384955576567965e-05,5.954196310386875,0.0161290322580645,5.954196310386875,0.0960354243610786,,,,,,,,,,,
storeroom,1,9.896482790016429e-06,16.62465268685824,9,NN,NN,storeroom,0,1,5.954196310386875,3.109955452107468e-05,5.954196310386875,0.0161290322580645,5.954196310386875,0.0960354243610786,,,,,,,,,,,
garret,1,9.896482790016429e-06,16.62465268685824,6,NN,NN,garret,0,1,5.954196310386875,3.109955452107468e-05,5.954196310386875,0.0161290322580645,5.954196310386875,0.0960354243610786,,,,,,,,,,,
burnished,1,9.896482790016429e-06,16.62465268685824,9,VB,VBN,burnish,0,1,5.954196310386875,3.109955452107468e-05,5.954196310386875,0.0161290322580645,5.954196310386875,0.0960354243610786,,,,,,,,,,,
boys,1,9.896482790016429e-06,16.62465268685824,4,NN,NNS,boy,0,1,5.954196310386875,3.109955452107468e-05,5.954196310386875,0.0161290322580645,5.954196310386875,0.0960354243610786,,,,,,,,,,,
apprentices,1,9.896482790016429e-06,16.62465268685824,11,NN,NNS,apprentic,0,1,5.954196310386875,3.109955452107468e-05,5.954196310386875,0.0161290322580645,5.954196310386875,0.0960354243610786,,,,,,,,,,,
repaid,1,9.896482790016429e-06,16.62465268685824,6,VB,VBN,repaid,0,1,5.954196310386875,4.0384955576567965e-05,5.954196310386875,0.0161290322580645,5.954196310386875,0.0960354243610786,,,,,,,,,,,
shirtsleeves,1,9.896482790016429e-06,16.62465268685824,12,NN,NNS,shirtsleev,0,1,5.954196310386875,3.109955452107468e-05,5.954196310386875,0.0161290322580645,5.954196310386875,0.0960354243610786,,,,,,,,,,,
pincers,1,9.896482790016429e-06,16.62465268685824,7,NN,NNS,pincer,0,1,5.954196310386875,3.109955452107468e-05,5.954196310386875,0.0161290322580645,5.954196310386875,0.0960354243610786,,,,,,,,,,,
sock,1,9.896482790016429e-06,16.62465268685824,4,NN,NN,sock,0,1,5.954196310386875,3.109955452107468e-05,5.954196310386875,0.0161290322580645,5.954196310386875,0.0960354243610786,,,,,,,,,,,
smiling,1,9.896482790016429e-06,16.62465268685824,7,VB,VBG,smile,0,1,5.954196310386875,4.0384955576567965e-05,5.954196310386875,0.0161290322580645,5.954196310386875,0.0960354243610786,0.0,0.0,0.0,0.0,1.0,0.0,1.0,0.0,0.0,0.0,1.0
roasts,1,9.896482790016429e-06,16.62465268685824,6,NN,NNS,roast,0,1,5.954196310386875,4.0384955576567965e-05,5.954196310386875,0.0161290322580645,5.954196310386875,0.0960354243610786,,,,,,,,,,,
cheerfully,1,9.896482790016429e-06,16.62465268685824,10,RB,RB,cheer,0,1,5.954196310386875,3.109955452107468e-05,5.954196310386875,0.0161290322580645,5.954196310386875,0.0960354243610786,,,,,,,,,,,
trifle,1,9.896482790016429e-06,16.62465268685824,6,NN,NN,trifl,0,1,5.954196310386875,4.0384955576567965e-05,5.954196310386875,0.0161290322580645,5.954196310386875,0.0960354243610786,,,,,,,,,,,
clapping,1,9.896482790016429e-06,16.62465268685824,8,VB,VBG,clap,0,1,5.954196310386875,3.109955452107468e-05,5.954196310386875,0.0161290322580645,5.954196310386875,0.0960354243610786,,,,,,,,,,,
sty,1,9.896482790016429e-06,16.62465268685824,3,NN,NN,sti,0,1,5.954196310386875,4.0384955576567965e-05,5.954196310386875,0.0161290322580645,5.954196310386875,0.0960354243610786,0.0,0.0,1.0,0.0,0.0,1.0,0.0,0.0,0.0,0.0,-1.0
sadness,1,9.896482790016429e-06,16.62465268685824,7,NN,NN,sad,0,1,5.954196310386875,3.109955452107468e-05,5.954196310386875,0.0161290322580645,5.954196310386875,0.0960354243610786,0.0,0.0,0.0,0.0,0.0,1.0,0.0,1.0,0.0,1.0,-1.0
uncle,1,9.896482790016429e-06,16.62465268685824,5,NN,NN,uncl,0,1,5.954196310386875,3.109955452107468e-05,5.954196310386875,0.0161290322580645,5.954196310386875,0.0960354243610786,,,,,,,,,,,
ceasing,1,9.896482790016429e-06,16.62465268685824,7,VB,VBG,ceas,0,1,5.954196310386875,3.109955452107468e-05,5.954196310386875,0.0161290322580645,5.954196310386875,0.0960354243610786,,,,,,,,,,,
horsepond,1,9.896482790016429e-06,16.62465268685824,9,NN,NN,horsepond,0,1,5.954196310386875,4.0384955576567965e-05,5.954196310386875,0.0161290322580645,5.954196310386875,0.0960354243610786,,,,,,,,,,,
bred,1,9.896482790016429e-06,16.62465268685824,4,VB,VBN,bred,0,1,5.954196310386875,4.0384955576567965e-05,5.954196310386875,0.0161290322580645,5.954196310386875,0.0960354243610786,,,,,,,,,,,
aught,1,9.896482790016429e-06,16.62465268685824,5,NN,NN,aught,0,1,5.954196310386875,4.0384955576567965e-05,5.954196310386875,0.0161290322580645,5.954196310386875,0.0960354243610786,,,,,,,,,,,
chap,1,9.896482790016429e-06,16.62465268685824,4,NN,NN,chap,0,1,5.954196310386875,4.0384955576567965e-05,5.954196310386875,0.0161290322580645,5.954196310386875,0.0960354243610786,,,,,,,,,,,
goosegrease,1,9.896482790016429e-06,16.62465268685824,11,NN,NN,goosegreas,0,1,5.954196310386875,4.0384955576567965e-05,5.954196310386875,0.0161290322580645,5.954196310386875,0.0960354243610786,,,,,,,,,,,
rocking,1,9.896482790016429e-06,16.62465268685824,7,VB,VBG,rock,0,1,5.954196310386875,4.0384955576567965e-05,5.954196310386875,0.0161290322580645,5.954196310386875,0.0960354243610786,,,,,,,,,,,
scissorgrinder,1,9.896482790016429e-06,16.62465268685824,14,NN,NN,scissorgrind,0,1,5.954196310386875,4.0384955576567965e-05,5.954196310386875,0.0161290322580645,5.954196310386875,0.0960354243610786,,,,,,,,,,,
roam,1,9.896482790016429e-06,16.62465268685824,4,VB,VBP,roam,0,1,5.954196310386875,4.0384955576567965e-05,5.954196310386875,0.0161290322580645,5.954196310386875,0.0960354243610786,,,,,,,,,,,
puddle,1,9.896482790016429e-06,16.62465268685824,6,NN,NN,puddl,0,1,5.954196310386875,4.0384955576567965e-05,5.954196310386875,0.0161290322580645,5.954196310386875,0.0960354243610786,,,,,,,,,,,
raspberry,1,9.896482790016429e-06,16.62465268685824,9,NN,NN,raspberri,0,1,5.954196310386875,3.877086167181212e-05,5.954196310386875,0.0161290322580645,5.954196310386875,0.0960354243610786,,,,,,,,,,,
travels,1,9.896482790016429e-06,16.62465268685824,7,VB,VBZ,travel,0,1,5.954196310386875,3.877086167181212e-05,5.954196310386875,0.0161290322580645,5.954196310386875,0.0960354243610786,,,,,,,,,,,
officers,1,9.896482790016429e-06,16.62465268685824,8,NN,NNS,offic,0,1,5.954196310386875,8.152412933877642e-05,5.954196310386875,0.0161290322580645,5.954196310386875,0.0960354243610786,,,,,,,,,,,
ponder,1,9.896482790016429e-06,16.62465268685824,6,VB,VB,ponder,0,1,5.954196310386875,8.152412933877642e-05,5.954196310386875,0.0161290322580645,5.954196310386875,0.0960354243610786,,,,,,,,,,,
plight,1,9.896482790016429e-06,16.62465268685824,6,NN,NN,plight,0,1,5.954196310386875,8.152412933877642e-05,5.954196310386875,0.0161290322580645,5.954196310386875,0.0960354243610786,0.0,1.0,1.0,1.0,0.0,1.0,0.0,1.0,0.0,0.0,-1.0
halfnaked,1,9.896482790016429e-06,16.62465268685824,9,JJ,JJ,halfnak,0,1,5.954196310386875,8.152412933877642e-05,5.954196310386875,0.0161290322580645,5.954196310386875,0.0960354243610786,,,,,,,,,,,
cheating,1,9.896482790016429e-06,16.62465268685824,8,VB,VBG,cheat,0,1,5.954196310386875,8.152412933877642e-05,5.954196310386875,0.0161290322580645,5.954196310386875,0.0960354243610786,,,,,,,,,,,
gained,1,9.896482790016429e-06,16.62465268685824,6,VB,VBN,gain,0,1,5.954196310386875,8.152412933877642e-05,5.954196310386875,0.0161290322580645,5.954196310386875,0.0960354243610786,,,,,,,,,,,
hailing,1,9.896482790016429e-06,16.62465268685824,7,VB,VBG,hail,0,1,5.954196310386875,5.0096726322941376e-05,5.954196310386875,0.0161290322580645,5.954196310386875,0.0960354243610786,,,,,,,,,,,
dew,1,9.896482790016429e-06,16.62465268685824,3,NN,NN,dew,0,1,5.954196310386875,5.0096726322941376e-05,5.954196310386875,0.0161290322580645,5.954196310386875,0.0960354243610786,,,,,,,,,,,
shaved,1,9.896482790016429e-06,16.62465268685824,6,VB,VBD,shave,0,1,5.954196310386875,8.152412933877642e-05,5.954196310386875,0.0161290322580645,5.954196310386875,0.0960354243610786,,,,,,,,,,,
topmost,1,9.896482790016429e-06,16.62465268685824,7,NN,NN,topmost,0,1,5.954196310386875,8.152412933877642e-05,5.954196310386875,0.0161290322580645,5.954196310386875,0.0960354243610786,,,,,,,,,,,
pails,1,9.896482790016429e-06,16.62465268685824,5,NN,NNS,pail,0,1,5.954196310386875,0.0001022741473493,5.954196310386875,0.0161290322580645,5.954196310386875,0.0960354243610786,,,,,,,,,,,
hears,1,9.896482790016429e-06,16.62465268685824,5,NN,NNS,hear,0,1,5.954196310386875,8.152412933877642e-05,5.954196310386875,0.0161290322580645,5.954196310386875,0.0960354243610786,,,,,,,,,,,
secondly,1,9.896482790016429e-06,16.62465268685824,8,RB,RB,secondli,0,1,5.954196310386875,8.152412933877642e-05,5.954196310386875,0.0161290322580645,5.954196310386875,0.0960354243610786,,,,,,,,,,,
earnings,1,9.896482790016429e-06,16.62465268685824,8,NN,NNS,earn,0,1,5.954196310386875,8.152412933877642e-05,5.954196310386875,0.0161290322580645,5.954196310386875,0.0960354243610786,,,,,,,,,,,
downhearted,1,9.896482790016429e-06,16.62465268685824,11,JJ,JJ,downheart,0,1,5.954196310386875,8.152412933877642e-05,5.954196310386875,0.0161290322580645,5.954196310386875,0.0960354243610786,,,,,,,,,,,
simplehearted,1,9.896482790016429e-06,16.62465268685824,13,JJ,JJ,simpleheart,0,1,5.954196310386875,8.152412933877642e-05,5.954196310386875,0.0161290322580645,5.954196310386875,0.0960354243610786,,,,,,,,,,,
diligent,1,9.896482790016429e-06,16.62465268685824,8,NN,NN,dilig,0,1,5.954196310386875,8.152412933877642e-05,5.954196310386875,0.0161290322580645,5.954196310386875,0.0960354243610786,,,,,,,,,,,
simpletons,1,9.896482790016429e-06,16.62465268685824,10,NN,NNS,simpleton,0,1,5.954196310386875,0.0001022741473493,5.954196310386875,0.0161290322580645,5.954196310386875,0.0960354243610786,,,,,,,,,,,
plunged,1,9.896482790016429e-06,16.62465268685824,7,VB,VBD,plung,0,1,5.954196310386875,4.6170877096672425e-05,5.954196310386875,0.0161290322580645,5.954196310386875,0.0960354243610786,,,,,,,,,,,
sounded,1,9.896482790016429e-06,16.62465268685824,7,VB,VBD,sound,0,1,5.954196310386875,4.6170877096672425e-05,5.954196310386875,0.0161290322580645,5.954196310386875,0.0960354243610786,,,,,,,,,,,
splash,1,9.896482790016429e-06,16.62465268685824,6,NN,NN,splash,0,1,5.954196310386875,4.6170877096672425e-05,5.954196310386875,0.0161290322580645,5.954196310386875,0.0960354243610786,,,,,,,,,,,
pursuit,1,9.896482790016429e-06,16.62465268685824,7,NN,NN,pursuit,0,1,5.954196310386875,0.0001022741473493,5.954196310386875,0.0161290322580645,5.954196310386875,0.0960354243610786,,,,,,,,,,,
whereupon,1,9.896482790016429e-06,16.62465268685824,9,IN,IN,whereupon,0,1,5.954196310386875,4.6170877096672425e-05,5.954196310386875,0.0161290322580645,5.954196310386875,0.0960354243610786,,,,,,,,,,,
reflected,1,9.896482790016429e-06,16.62465268685824,9,VB,VBN,reflect,0,1,5.954196310386875,4.6170877096672425e-05,5.954196310386875,0.0161290322580645,5.954196310386875,0.0960354243610786,,,,,,,,,,,
fleecy,1,9.896482790016429e-06,16.62465268685824,6,NN,NN,fleeci,0,1,5.954196310386875,4.6170877096672425e-05,5.954196310386875,0.0161290322580645,5.954196310386875,0.0960354243610786,,,,,,,,,,,
apiece,1,9.896482790016429e-06,16.62465268685824,6,NN,NN,apiec,0,1,5.954196310386875,4.6170877096672425e-05,5.954196310386875,0.0161290322580645,5.954196310386875,0.0960354243610786,,,,,,,,,,,
firapples,1,9.896482790016429e-06,16.62465268685824,9,NN,NNS,firappl,0,1,5.954196310386875,5.0096726322941376e-05,5.954196310386875,0.0161290322580645,5.954196310386875,0.0960354243610786,,,,,,,,,,,
ordering,1,9.896482790016429e-06,16.62465268685824,8,VB,VBG,order,0,1,5.954196310386875,8.152412933877642e-05,5.954196310386875,0.0161290322580645,5.954196310386875,0.0960354243610786,,,,,,,,,,,
entering,1,9.896482790016429e-06,16.62465268685824,8,VB,VBG,enter,0,1,5.954196310386875,4.6170877096672425e-05,5.954196310386875,0.0161290322580645,5.954196310386875,0.0960354243610786,,,,,,,,,,,
shakes,1,9.896482790016429e-06,16.62465268685824,6,VB,VBZ,shake,0,1,5.954196310386875,5.0096726322941376e-05,5.954196310386875,0.0161290322580645,5.954196310386875,0.0960354243610786,,,,,,,,,,,
buttered,1,9.896482790016429e-06,16.62465268685824,8,VB,VBN,butter,0,1,5.954196310386875,0.0001362204600866,5.954196310386875,0.0161290322580645,5.954196310386875,0.0960354243610786,,,,,,,,,,,
bolted,1,9.896482790016429e-06,16.62465268685824,6,VB,VBD,bolt,0,1,5.954196310386875,5.0096726322941376e-05,5.954196310386875,0.0161290322580645,5.954196310386875,0.0960354243610786,,,,,,,,,,,
arrangements,1,9.896482790016429e-06,16.62465268685824,12,NN,NNS,arrang,0,1,5.954196310386875,0.0001362204600866,5.954196310386875,0.0161290322580645,5.954196310386875,0.0960354243610786,,,,,,,,,,,
excellence,1,9.896482790016429e-06,16.62465268685824,10,NN,NN,excel,0,1,5.954196310386875,0.0001362204600866,5.954196310386875,0.0161290322580645,5.954196310386875,0.0960354243610786,0.0,0.0,1.0,0.0,1.0,0.0,1.0,0.0,0.0,1.0,1.0
expatiated,1,9.896482790016429e-06,16.62465268685824,10,VB,VBD,expati,0,1,5.954196310386875,0.0001362204600866,5.954196310386875,0.0161290322580645,5.954196310386875,0.0960354243610786,,,,,,,,,,,
boastfully,1,9.896482790016429e-06,16.62465268685824,10,RB,RB,boast,0,1,5.954196310386875,0.0001362204600866,5.954196310386875,0.0161290322580645,5.954196310386875,0.0960354243610786,,,,,,,,,,,
hinges,1,9.896482790016429e-06,16.62465268685824,6,NN,NNS,hing,0,1,5.954196310386875,5.0096726322941376e-05,5.954196310386875,0.0161290322580645,5.954196310386875,0.0960354243610786,,,,,,,,,,,
duty,1,9.896482790016429e-06,16.62465268685824,4,NN,NN,duti,0,1,5.954196310386875,0.0001362204600866,5.954196310386875,0.0161290322580645,5.954196310386875,0.0960354243610786,,,,,,,,,,,
stores,1,9.896482790016429e-06,16.62465268685824,6,NN,NNS,store,0,1,5.954196310386875,0.0001362204600866,5.954196310386875,0.0161290322580645,5.954196310386875,0.0960354243610786,,,,,,,,,,,
considerably,1,9.896482790016429e-06,16.62465268685824,12,RB,RB,consider,0,1,5.954196310386875,0.0001362204600866,5.954196310386875,0.0161290322580645,5.954196310386875,0.0960354243610786,,,,,,,,,,,
prospered,1,9.896482790016429e-06,16.62465268685824,9,VB,VBD,prosper,0,1,5.954196310386875,0.0001362204600866,5.954196310386875,0.0161290322580645,5.954196310386875,0.0960354243610786,,,,,,,,,,,
partnership,1,9.896482790016429e-06,16.62465268685824,11,NN,NN,partnership,0,1,5.954196310386875,0.0001362204600866,5.954196310386875,0.0161290322580645,5.954196310386875,0.0960354243610786,0.0,0.0,0.0,0.0,0.0,0.0,1.0,0.0,0.0,1.0,1.0
fasten,1,9.896482790016429e-06,16.62465268685824,6,VB,VB,fasten,0,1,5.954196310386875,5.0096726322941376e-05,5.954196310386875,0.0161290322580645,5.954196310386875,0.0960354243610786,,,,,,,,,,,
fairly,1,9.896482790016429e-06,16.62465268685824,6,RB,RB,fairli,0,1,5.954196310386875,8.152412933877642e-05,5.954196310386875,0.0161290322580645,5.954196310386875,0.0960354243610786,0.0,0.0,0.0,0.0,0.0,0.0,1.0,0.0,0.0,1.0,1.0
earned,1,9.896482790016429e-06,16.62465268685824,6,VB,VBD,earn,0,1,5.954196310386875,8.152412933877642e-05,5.954196310386875,0.0161290322580645,5.954196310386875,0.0960354243610786,,,,,,,,,,,
acknowledge,1,9.896482790016429e-06,16.62465268685824,11,VB,VBP,acknowledg,0,1,5.954196310386875,8.152412933877642e-05,5.954196310386875,0.0161290322580645,5.954196310386875,0.0960354243610786,,,,,,,,,,,
amusement,1,9.896482790016429e-06,16.62465268685824,9,NN,NN,amus,0,1,5.954196310386875,8.152412933877642e-05,5.954196310386875,0.0161290322580645,5.954196310386875,0.0960354243610786,0.0,0.0,0.0,0.0,1.0,0.0,1.0,0.0,0.0,0.0,1.0
vagabond,1,9.896482790016429e-06,16.62465268685824,8,VB,VBP,vagabond,0,1,5.954196310386875,8.152412933877642e-05,5.954196310386875,0.0161290322580645,5.954196310386875,0.0960354243610786,,,,,,,,,,,
whit,1,9.896482790016429e-06,16.62465268685824,4,NN,NN,whit,0,1,5.954196310386875,8.152412933877642e-05,5.954196310386875,0.0161290322580645,5.954196310386875,0.0960354243610786,,,,,,,,,,,
hangman,1,9.896482790016429e-06,16.62465268685824,7,NN,NN,hangman,0,1,5.954196310386875,8.152412933877642e-05,5.954196310386875,0.0161290322580645,5.954196310386875,0.0960354243610786,0.0,0.0,0.0,1.0,0.0,1.0,0.0,0.0,0.0,0.0,-1.0
motion,1,9.896482790016429e-06,16.62465268685824,6,NN,NN,motion,0,1,5.954196310386875,8.152412933877642e-05,5.954196310386875,0.0161290322580645,5.954196310386875,0.0960354243610786,,,,,,,,,,,
jailer,1,9.896482790016429e-06,16.62465268685824,6,NN,NN,jailer,0,1,5.954196310386875,8.152412933877642e-05,5.954196310386875,0.0161290322580645,5.954196310386875,0.0960354243610786,,,,,,,,,,,
clerks,1,9.896482790016429e-06,16.62465268685824,6,NN,NNS,clerk,0,1,5.954196310386875,8.152412933877642e-05,5.954196310386875,0.0161290322580645,5.954196310386875,0.0960354243610786,,,,,,,,,,,
class,1,9.896482790016429e-06,16.62465268685824,5,NN,NN,class,0,1,5.954196310386875,5.0096726322941376e-05,5.954196310386875,0.0161290322580645,5.954196310386875,0.0960354243610786,,,,,,,,,,,
fact,1,9.896482790016429e-06,16.62465268685824,4,NN,NN,fact,0,1,5.954196310386875,8.152412933877642e-05,5.954196310386875,0.0161290322580645,5.954196310386875,0.0960354243610786,,,,,,,,,,,
feeding,1,9.896482790016429e-06,16.62465268685824,7,VB,VBG,feed,0,1,5.954196310386875,4.6170877096672425e-05,5.954196310386875,0.0161290322580645,5.954196310386875,0.0960354243610786,,,,,,,,,,,
intend,1,9.896482790016429e-06,16.62465268685824,6,VB,VBP,intend,0,1,5.954196310386875,4.6170877096672425e-05,5.954196310386875,0.0161290322580645,5.954196310386875,0.0960354243610786,,,,,,,,,,,
sorcerer,1,9.896482790016429e-06,16.62465268685824,8,NN,NN,sorcer,0,1,5.954196310386875,3.877086167181212e-05,5.954196310386875,0.0161290322580645,5.954196310386875,0.0960354243610786,,,,,,,,,,,
concerned,1,9.896482790016429e-06,16.62465268685824,9,JJ,JJ,concern,0,1,5.954196310386875,4.6170877096672425e-05,5.954196310386875,0.0161290322580645,5.954196310386875,0.0960354243610786,0.0,0.0,0.0,1.0,0.0,0.0,0.0,1.0,0.0,0.0,0.0
hurts,1,9.896482790016429e-06,16.62465268685824,5,VB,VBZ,hurt,0,1,5.954196310386875,4.0384955576567965e-05,5.954196310386875,0.0161290322580645,5.954196310386875,0.0960354243610786,,,,,,,,,,,
smack,1,9.896482790016429e-06,16.62465268685824,5,VB,VB,smack,0,1,5.954196310386875,4.0384955576567965e-05,5.954196310386875,0.0161290322580645,5.954196310386875,0.0960354243610786,1.0,0.0,0.0,0.0,0.0,1.0,0.0,0.0,0.0,0.0,-1.0
squared,1,9.896482790016429e-06,16.62465268685824,7,VB,VBD,squar,0,1,5.954196310386875,4.0384955576567965e-05,5.954196310386875,0.0161290322580645,5.954196310386875,0.0960354243610786,,,,,,,,,,,
proceeds,1,9.896482790016429e-06,16.62465268685824,8,NN,NNS,proce,0,1,5.954196310386875,4.6170877096672425e-05,5.954196310386875,0.0161290322580645,5.954196310386875,0.0960354243610786,,,,,,,,,,,
elbows,1,9.896482790016429e-06,16.62465268685824,6,NN,NNS,elbow,0,1,5.954196310386875,4.0384955576567965e-05,5.954196310386875,0.0161290322580645,5.954196310386875,0.0960354243610786,,,,,,,,,,,
carelessness,1,9.896482790016429e-06,16.62465268685824,12,NN,NN,careless,0,1,5.954196310386875,4.6170877096672425e-05,5.954196310386875,0.0161290322580645,5.954196310386875,0.0960354243610786,1.0,0.0,1.0,0.0,0.0,1.0,0.0,0.0,0.0,0.0,-1.0
benjamin,1,9.896482790016429e-06,16.62465268685824,8,NN,NNP,benjamin,0,1,5.954196310386875,8.36545508371765e-05,5.954196310386875,0.0161290322580645,5.954196310386875,0.0960354243610786,,,,,,,,,,,
pasture,1,9.896482790016429e-06,16.62465268685824,7,NN,NN,pastur,0,1,5.954196310386875,4.6170877096672425e-05,5.954196310386875,0.0161290322580645,5.954196310386875,0.0960354243610786,,,,,,,,,,,
planed,1,9.896482790016429e-06,16.62465268685824,6,VB,VBD,plane,0,1,5.954196310386875,4.6170877096672425e-05,5.954196310386875,0.0161290322580645,5.954196310386875,0.0960354243610786,,,,,,,,,,,
paint,1,9.896482790016429e-06,16.62465268685824,5,VB,VB,paint,0,1,5.954196310386875,4.6170877096672425e-05,5.954196310386875,0.0161290322580645,5.954196310386875,0.0960354243610786,,,,,,,,,,,
fig,1,9.896482790016429e-06,16.62465268685824,3,NN,NN,fig,0,1,5.954196310386875,4.0384955576567965e-05,5.954196310386875,0.0161290322580645,5.954196310386875,0.0960354243610786,,,,,,,,,,,
neigh,1,9.896482790016429e-06,16.62465268685824,5,JJ,JJ,neigh,0,1,5.954196310386875,4.0384955576567965e-05,5.954196310386875,0.0161290322580645,5.954196310386875,0.0960354243610786,,,,,,,,,,,
derry,1,9.896482790016429e-06,16.62465268685824,5,NN,NN,derri,0,1,5.954196310386875,4.0384955576567965e-05,5.954196310386875,0.0161290322580645,5.954196310386875,0.0960354243610786,,,,,,,,,,,
traitors,1,9.896482790016429e-06,16.62465268685824,8,NN,NNS,traitor,0,1,5.954196310386875,3.877086167181212e-05,5.954196310386875,0.0161290322580645,5.954196310386875,0.0960354243610786,,,,,,,,,,,
smacked,1,9.896482790016429e-06,16.62465268685824,7,VB,VBD,smack,0,1,5.954196310386875,4.0384955576567965e-05,5.954196310386875,0.0161290322580645,5.954196310386875,0.0960354243610786,,,,,,,,,,,
parley,1,9.896482790016429e-06,16.62465268685824,6,NN,NN,parley,0,1,5.954196310386875,3.877086167181212e-05,5.954196310386875,0.0161290322580645,5.954196310386875,0.0960354243610786,,,,,,,,,,,
peers,1,9.896482790016429e-06,16.62465268685824,5,NN,NNS,peer,0,1,5.954196310386875,3.877086167181212e-05,5.954196310386875,0.0161290322580645,5.954196310386875,0.0960354243610786,,,,,,,,,,,
treatment,1,9.896482790016429e-06,16.62465268685824,9,NN,NN,treatment,0,1,5.954196310386875,3.877086167181212e-05,5.954196310386875,0.0161290322580645,5.954196310386875,0.0960354243610786,,,,,,,,,,,
fickle,1,9.896482790016429e-06,16.62465268685824,6,VB,VB,fickl,0,1,5.954196310386875,3.877086167181212e-05,5.954196310386875,0.0161290322580645,5.954196310386875,0.0960354243610786,,,,,,,,,,,
remorse,1,9.896482790016429e-06,16.62465268685824,7,NN,NN,remors,0,1,5.954196310386875,3.877086167181212e-05,5.954196310386875,0.0161290322580645,5.954196310386875,0.0960354243610786,0.0,0.0,0.0,0.0,0.0,1.0,0.0,1.0,0.0,0.0,-1.0
charging,1,9.896482790016429e-06,16.62465268685824,8,VB,VBG,charg,0,1,5.954196310386875,3.877086167181212e-05,5.954196310386875,0.0161290322580645,5.954196310386875,0.0960354243610786,,,,,,,,,,,
owner,1,9.896482790016429e-06,16.62465268685824,5,NN,NN,owner,0,1,5.954196310386875,3.877086167181212e-05,5.954196310386875,0.0161290322580645,5.954196310386875,0.0960354243610786,,,,,,,,,,,
stumbles,1,9.896482790016429e-06,16.62465268685824,8,VB,VBZ,stumbl,0,1,5.954196310386875,4.0384955576567965e-05,5.954196310386875,0.0161290322580645,5.954196310386875,0.0960354243610786,,,,,,,,,,,
sharing,1,9.896482790016429e-06,16.62465268685824,7,VB,VBG,share,0,1,5.954196310386875,3.877086167181212e-05,5.954196310386875,0.0161290322580645,5.954196310386875,0.0960354243610786,,,,,,,,,,,
flings,1,9.896482790016429e-06,16.62465268685824,6,NN,NNS,fling,0,1,5.954196310386875,4.0384955576567965e-05,5.954196310386875,0.0161290322580645,5.954196310386875,0.0960354243610786,,,,,,,,,,,
knave,1,9.896482790016429e-06,16.62465268685824,5,NN,NN,knave,0,1,5.954196310386875,4.6170877096672425e-05,5.954196310386875,0.0161290322580645,5.954196310386875,0.0960354243610786,,,,,,,,,,,
soothsayer,1,9.896482790016429e-06,16.62465268685824,10,NN,NN,soothsay,0,1,5.954196310386875,4.6170877096672425e-05,5.954196310386875,0.0161290322580645,5.954196310386875,0.0960354243610786,,,,,,,,,,,
needful,1,9.896482790016429e-06,16.62465268685824,7,JJ,JJ,need,0,1,5.954196310386875,4.6170877096672425e-05,5.954196310386875,0.0161290322580645,5.954196310386875,0.0960354243610786,,,,,,,,,,,
shoeleather,1,9.896482790016429e-06,16.62465268685824,11,NN,NN,shoeleath,0,1,5.954196310386875,4.0384955576567965e-05,5.954196310386875,0.0161290322580645,5.954196310386875,0.0960354243610786,,,,,,,,,,,
insists,1,9.896482790016429e-06,16.62465268685824,7,VB,VBZ,insist,0,1,5.954196310386875,4.6170877096672425e-05,5.954196310386875,0.0161290322580645,5.954196310386875,0.0960354243610786,,,,,,,,,,,
swans,1,9.896482790016429e-06,16.62465268685824,5,NN,NNS,swan,0,1,5.954196310386875,4.0384955576567965e-05,5.954196310386875,0.0161290322580645,5.954196310386875,0.0960354243610786,,,,,,,,,,,
trumps,1,9.896482790016429e-06,16.62465268685824,6,NN,NNS,trump,0,1,5.954196310386875,4.0384955576567965e-05,5.954196310386875,0.0161290322580645,5.954196310386875,0.0960354243610786,,,,,,,,,,,
toss,1,9.896482790016429e-06,16.62465268685824,4,IN,IN,toss,0,1,5.954196310386875,4.0384955576567965e-05,5.954196310386875,0.0161290322580645,5.954196310386875,0.0960354243610786,,,,,,,,,,,
puss,1,9.896482790016429e-06,16.62465268685824,4,NN,NN,puss,0,1,5.954196310386875,4.0384955576567965e-05,5.954196310386875,0.0161290322580645,5.954196310386875,0.0960354243610786,,,,,,,,,,,
unanimously,1,9.896482790016429e-06,16.62465268685824,11,RB,RB,unanim,0,1,5.954196310386875,4.6170877096672425e-05,5.954196310386875,0.0161290322580645,5.954196310386875,0.0960354243610786,,,,,,,,,,,
alight,1,9.896482790016429e-06,16.62465268685824,6,RB,RB,alight,0,1,5.954196310386875,4.0384955576567965e-05,5.954196310386875,0.0161290322580645,5.954196310386875,0.0960354243610786,,,,,,,,,,,
neighbour,1,9.896482790016429e-06,16.62465268685824,9,JJ,JJ,neighbour,0,1,5.954196310386875,4.0384955576567965e-05,5.954196310386875,0.0161290322580645,5.954196310386875,0.0960354243610786,,,,,,,,,,,
vengeance,1,9.896482790016429e-06,16.62465268685824,9,NN,NN,vengeanc,0,1,5.954196310386875,4.6170877096672425e-05,5.954196310386875,0.0161290322580645,5.954196310386875,0.0960354243610786,1.0,0.0,0.0,0.0,0.0,1.0,0.0,0.0,0.0,0.0,-1.0
outwitted,1,9.896482790016429e-06,16.62465268685824,9,VB,VBN,outwit,0,1,5.954196310386875,4.6170877096672425e-05,5.954196310386875,0.0161290322580645,5.954196310386875,0.0960354243610786,,,,,,,,,,,
advantage,1,9.896482790016429e-06,16.62465268685824,9,NN,NN,advantag,0,1,5.954196310386875,4.6170877096672425e-05,5.954196310386875,0.0161290322580645,5.954196310386875,0.0960354243610786,,,,,,,,,,,
stripped,1,9.896482790016429e-06,16.62465268685824,8,VB,VBD,strip,0,1,5.954196310386875,4.6170877096672425e-05,5.954196310386875,0.0161290322580645,5.954196310386875,0.0960354243610786,1.0,1.0,1.0,1.0,0.0,1.0,0.0,1.0,0.0,0.0,-1.0
profit,1,9.896482790016429e-06,16.62465268685824,6,NN,NN,profit,0,1,5.954196310386875,4.6170877096672425e-05,5.954196310386875,0.0161290322580645,5.954196310386875,0.0960354243610786,,,,,,,,,,,
bidden,1,9.896482790016429e-06,16.62465268685824,6,NN,NN,bidden,0,1,5.954196310386875,4.6170877096672425e-05,5.954196310386875,0.0161290322580645,5.954196310386875,0.0960354243610786,,,,,,,,,,,
shovels,1,9.896482790016429e-06,16.62465268685824,7,NN,NNS,shovel,0,1,5.954196310386875,4.6170877096672425e-05,5.954196310386875,0.0161290322580645,5.954196310386875,0.0960354243610786,,,,,,,,,,,
launched,1,9.896482790016429e-06,16.62465268685824,8,VB,VBD,launch,0,1,5.954196310386875,4.6170877096672425e-05,5.954196310386875,0.0161290322580645,5.954196310386875,0.0960354243610786,,,,,,,,,,,
gradually,1,9.896482790016429e-06,16.62465268685824,9,RB,RB,gradual,0,1,5.954196310386875,4.6170877096672425e-05,5.954196310386875,0.0161290322580645,5.954196310386875,0.0960354243610786,,,,,,,,,,,
unlocked,1,9.896482790016429e-06,16.62465268685824,8,VB,VBD,unlock,0,1,5.954196310386875,4.6170877096672425e-05,5.954196310386875,0.0161290322580645,5.954196310386875,0.0960354243610786,,,,,,,,,,,
lazily,1,9.896482790016429e-06,16.62465268685824,6,RB,RB,lazili,0,1,5.954196310386875,4.0384955576567965e-05,5.954196310386875,0.0161290322580645,5.954196310386875,0.0960354243610786,,,,,,,,,,,
bargained,1,9.896482790016429e-06,16.62465268685824,9,VB,VBD,bargain,0,1,5.954196310386875,4.6170877096672425e-05,5.954196310386875,0.0161290322580645,5.954196310386875,0.0960354243610786,,,,,,,,,,,
gaily,1,9.896482790016429e-06,16.62465268685824,5,RB,RB,gaili,0,1,5.954196310386875,4.0384955576567965e-05,5.954196310386875,0.0161290322580645,5.954196310386875,0.0960354243610786,,,,,,,,,,,
fourthly,1,9.896482790016429e-06,16.62465268685824,8,NN,NNP,fourthli,0,1,5.954196310386875,4.6170877096672425e-05,5.954196310386875,0.0161290322580645,5.954196310386875,0.0960354243610786,,,,,,,,,,,
prophesy,1,9.896482790016429e-06,16.62465268685824,8,NN,NN,prophesi,0,1,5.954196310386875,4.6170877096672425e-05,5.954196310386875,0.0161290322580645,5.954196310386875,0.0960354243610786,,,,,,,,,,,
trips,1,9.896482790016429e-06,16.62465268685824,5,VB,VBZ,trip,0,1,5.954196310386875,4.0384955576567965e-05,5.954196310386875,0.0161290322580645,5.954196310386875,0.0960354243610786,,,,,,,,,,,
saves,1,9.896482790016429e-06,16.62465268685824,5,VB,VBZ,save,0,1,5.954196310386875,4.0384955576567965e-05,5.954196310386875,0.0161290322580645,5.954196310386875,0.0960354243610786,,,,,,,,,,,
plane,1,9.896482790016429e-06,16.62465268685824,5,IN,IN,plane,0,1,5.954196310386875,3.2620728383518555e-05,5.954196310386875,0.0161290322580645,5.954196310386875,0.0960354243610786,,,,,,,,,,,
coffins,1,9.896482790016429e-06,16.62465268685824,7,NN,NNS,coffin,0,1,5.954196310386875,3.2620728383518555e-05,5.954196310386875,0.0161290322580645,5.954196310386875,0.0960354243610786,,,,,,,,,,,
calm,1,9.896482790016429e-06,16.62465268685824,4,JJ,JJ,calm,0,1,5.954196310386875,4.5193140875801705e-05,5.954196310386875,0.0161290322580645,5.954196310386875,0.0960354243610786,,,,,,,,,,,
neatly,1,9.896482790016429e-06,16.62465268685824,6,RB,RB,neatli,0,1,5.954196310386875,5.642504369041047e-05,5.954196310386875,0.0161290322580645,5.954196310386875,0.0960354243610786,,,,,,,,,,,
tacked,1,9.896482790016429e-06,16.62465268685824,6,VB,VBD,tack,0,1,5.954196310386875,5.642504369041047e-05,5.954196310386875,0.0161290322580645,5.954196310386875,0.0960354243610786,,,,,,,,,,,
pounce,1,9.896482790016429e-06,16.62465268685824,6,VB,VB,pounc,0,1,5.954196310386875,5.642504369041047e-05,5.954196310386875,0.0161290322580645,5.954196310386875,0.0960354243610786,,,,,,,,,,,
involuntarily,1,9.896482790016429e-06,16.62465268685824,13,RB,RB,involuntarili,0,1,5.954196310386875,2.973232952355375e-05,5.954196310386875,0.0161290322580645,5.954196310386875,0.0960354243610786,,,,,,,,,,,
dipped,1,9.896482790016429e-06,16.62465268685824,6,VB,VBN,dip,0,1,5.954196310386875,2.973232952355375e-05,5.954196310386875,0.0161290322580645,5.954196310386875,0.0960354243610786,,,,,,,,,,,
guarding,1,9.896482790016429e-06,16.62465268685824,8,VB,VBG,guard,0,1,5.954196310386875,5.642504369041047e-05,5.954196310386875,0.0161290322580645,5.954196310386875,0.0960354243610786,,,,,,,,,,,
spy,1,9.896482790016429e-06,16.62465268685824,3,VB,VB,spi,0,1,5.954196310386875,5.642504369041047e-05,5.954196310386875,0.0161290322580645,5.954196310386875,0.0960354243610786,,,,,,,,,,,
bustle,1,9.896482790016429e-06,16.62465268685824,6,NN,NN,bustl,0,1,5.954196310386875,5.642504369041047e-05,5.954196310386875,0.0161290322580645,5.954196310386875,0.0960354243610786,,,,,,,,,,,
unhappily,1,9.896482790016429e-06,16.62465268685824,9,RB,RB,unhappili,0,1,5.954196310386875,2.973232952355375e-05,5.954196310386875,0.0161290322580645,5.954196310386875,0.0960354243610786,,,,,,,,,,,
necks,1,9.896482790016429e-06,16.62465268685824,5,NN,NNS,neck,0,1,5.954196310386875,5.642504369041047e-05,5.954196310386875,0.0161290322580645,5.954196310386875,0.0960354243610786,,,,,,,,,,,
reflection,1,9.896482790016429e-06,16.62465268685824,10,NN,NN,reflect,0,1,5.954196310386875,2.973232952355375e-05,5.954196310386875,0.0161290322580645,5.954196310386875,0.0960354243610786,,,,,,,,,,,
hatched,1,9.896482790016429e-06,16.62465268685824,7,VB,VBD,hatch,0,1,5.954196310386875,5.642504369041047e-05,5.954196310386875,0.0161290322580645,5.954196310386875,0.0960354243610786,,,,,,,,,,,
surface,1,9.896482790016429e-06,16.62465268685824,7,NN,NN,surfac,0,1,5.954196310386875,2.973232952355375e-05,5.954196310386875,0.0161290322580645,5.954196310386875,0.0960354243610786,,,,,,,,,,,
trial,1,9.896482790016429e-06,16.62465268685824,5,NN,NN,trial,0,1,5.954196310386875,2.973232952355375e-05,5.954196310386875,0.0161290322580645,5.954196310386875,0.0960354243610786,,,,,,,,,,,
pennies,1,9.896482790016429e-06,16.62465268685824,7,NN,NNS,penni,0,1,5.954196310386875,3.2620728383518555e-05,5.954196310386875,0.0161290322580645,5.954196310386875,0.0960354243610786,,,,,,,,,,,
poverty,1,9.896482790016429e-06,16.62465268685824,7,NN,NN,poverti,0,1,5.954196310386875,2.973232952355375e-05,5.954196310386875,0.0161290322580645,5.954196310386875,0.0960354243610786,1.0,0.0,1.0,1.0,0.0,1.0,0.0,1.0,0.0,0.0,-1.0
hatching,1,9.896482790016429e-06,16.62465268685824,8,VB,VBG,hatch,0,1,5.954196310386875,5.642504369041047e-05,5.954196310386875,0.0161290322580645,5.954196310386875,0.0960354243610786,,,,,,,,,,,
abundance,1,9.896482790016429e-06,16.62465268685824,9,NN,NN,abund,0,1,5.954196310386875,2.973232952355375e-05,5.954196310386875,0.0161290322580645,5.954196310386875,0.0960354243610786,0.0,1.0,1.0,0.0,1.0,1.0,1.0,0.0,0.0,1.0,0.0
unbeaten,1,9.896482790016429e-06,16.62465268685824,8,JJ,JJ,unbeaten,0,1,5.954196310386875,2.973232952355375e-05,5.954196310386875,0.0161290322580645,5.954196310386875,0.0960354243610786,0.0,1.0,0.0,0.0,1.0,1.0,1.0,1.0,1.0,0.0,0.0
crossroads,1,9.896482790016429e-06,16.62465268685824,10,NN,NNS,crossroad,0,1,5.954196310386875,5.642504369041047e-05,5.954196310386875,0.0161290322580645,5.954196310386875,0.0960354243610786,,,,,,,,,,,
paths,1,9.896482790016429e-06,16.62465268685824,5,NN,NNS,path,0,1,5.954196310386875,2.973232952355375e-05,5.954196310386875,0.0161290322580645,5.954196310386875,0.0960354243610786,,,,,,,,,,,
joint,1,9.896482790016429e-06,16.62465268685824,5,NN,NN,joint,0,1,5.954196310386875,5.642504369041047e-05,5.954196310386875,0.0161290322580645,5.954196310386875,0.0960354243610786,,,,,,,,,,,
steel,1,9.896482790016429e-06,16.62465268685824,5,NN,NN,steel,0,1,5.954196310386875,5.642504369041047e-05,5.954196310386875,0.0161290322580645,5.954196310386875,0.0960354243610786,,,,,,,,,,,
crosslegged,1,9.896482790016429e-06,16.62465268685824,11,JJ,JJ,crossleg,0,1,5.954196310386875,5.642504369041047e-05,5.954196310386875,0.0161290322580645,5.954196310386875,0.0960354243610786,,,,,,,,,,,
exchanged,1,9.896482790016429e-06,16.62465268685824,9,VB,VBD,exchang,0,1,5.954196310386875,2.973232952355375e-05,5.954196310386875,0.0161290322580645,5.954196310386875,0.0960354243610786,,,,,,,,,,,
taught,1,9.896482790016429e-06,16.62465268685824,6,VB,VBD,taught,0,1,5.954196310386875,5.642504369041047e-05,5.954196310386875,0.0161290322580645,5.954196310386875,0.0960354243610786,,,,,,,,,,,
hoe,1,9.896482790016429e-06,16.62465268685824,3,NN,NN,hoe,0,1,5.954196310386875,2.973232952355375e-05,5.954196310386875,0.0161290322580645,5.954196310386875,0.0960354243610786,,,,,,,,,,,
obeyed,1,9.896482790016429e-06,16.62465268685824,6,VB,VBN,obey,0,1,5.954196310386875,2.973232952355375e-05,5.954196310386875,0.0161290322580645,5.954196310386875,0.0960354243610786,,,,,,,,,,,
quarrelling,1,9.896482790016429e-06,16.62465268685824,11,VB,VBG,quarrel,0,1,5.954196310386875,5.642504369041047e-05,5.954196310386875,0.0161290322580645,5.954196310386875,0.0960354243610786,,,,,,,,,,,
marrying,1,9.896482790016429e-06,16.62465268685824,8,VB,VBG,marri,0,1,5.954196310386875,5.642504369041047e-05,5.954196310386875,0.0161290322580645,5.954196310386875,0.0960354243610786,,,,,,,,,,,
craftsmen,1,9.896482790016429e-06,16.62465268685824,9,NN,NNS,craftsmen,0,1,5.954196310386875,5.642504369041047e-05,5.954196310386875,0.0161290322580645,5.954196310386875,0.0960354243610786,,,,,,,,,,,
roar,1,9.896482790016429e-06,16.62465268685824,4,VB,VB,roar,0,1,5.954196310386875,0.0001940109583052,5.954196310386875,0.0161290322580645,5.954196310386875,0.0960354243610786,,,,,,,,,,,
dobbin,1,9.896482790016429e-06,16.62465268685824,6,NN,NN,dobbin,0,1,5.954196310386875,0.0001940109583052,5.954196310386875,0.0161290322580645,5.954196310386875,0.0960354243610786,,,,,,,,,,,
rusty,1,9.896482790016429e-06,16.62465268685824,5,JJ,JJ,rusti,0,1,5.954196310386875,2.973232952355375e-05,5.954196310386875,0.0161290322580645,5.954196310386875,0.0960354243610786,,,,,,,,,,,
cords,1,9.896482790016429e-06,16.62465268685824,5,NN,NNS,cord,0,1,5.954196310386875,2.973232952355375e-05,5.954196310386875,0.0161290322580645,5.954196310386875,0.0960354243610786,,,,,,,,,,,
carcase,1,9.896482790016429e-06,16.62465268685824,7,NN,NN,carcas,0,1,5.954196310386875,0.0001940109583052,5.954196310386875,0.0161290322580645,5.954196310386875,0.0960354243610786,,,,,,,,,,,
stiff,1,9.896482790016429e-06,16.62465268685824,5,JJ,JJ,stiff,0,1,5.954196310386875,0.0001940109583052,5.954196310386875,0.0161290322580645,5.954196310386875,0.0960354243610786,,,,,,,,,,,
forbade,1,9.896482790016429e-06,16.62465268685824,7,VB,VBD,forbad,0,1,5.954196310386875,2.973232952355375e-05,5.954196310386875,0.0161290322580645,5.954196310386875,0.0960354243610786,,,,,,,,,,,
avarice,1,9.896482790016429e-06,16.62465268685824,7,NN,NN,avaric,0,1,5.954196310386875,0.0001940109583052,5.954196310386875,0.0161290322580645,5.954196310386875,0.0960354243610786,1.0,0.0,1.0,0.0,0.0,1.0,0.0,0.0,0.0,0.0,-1.0
woebegone,1,9.896482790016429e-06,16.62465268685824,9,NN,NN,woebegon,0,1,5.954196310386875,0.0001940109583052,5.954196310386875,0.0161290322580645,5.954196310386875,0.0960354243610786,,,,,,,,,,,
melancholy,1,9.896482790016429e-06,16.62465268685824,10,JJ,JJ,melancholi,0,1,5.954196310386875,0.0001940109583052,5.954196310386875,0.0161290322580645,5.954196310386875,0.0960354243610786,0.0,0.0,0.0,0.0,0.0,1.0,0.0,1.0,0.0,0.0,-1.0
ridden,1,9.896482790016429e-06,16.62465268685824,6,VB,VBN,ridden,0,1,5.954196310386875,2.973232952355375e-05,5.954196310386875,0.0161290322580645,5.954196310386875,0.0960354243610786,,,,,,,,,,,
hasty,1,9.896482790016429e-06,16.62465268685824,5,JJ,JJ,hasti,0,1,5.954196310386875,2.973232952355375e-05,5.954196310386875,0.0161290322580645,5.954196310386875,0.0960354243610786,,,,,,,,,,,
lurch,1,9.896482790016429e-06,16.62465268685824,5,NN,NN,lurch,0,1,5.954196310386875,0.0003288884395927,5.954196310386875,0.0161290322580645,5.954196310386875,0.0960354243610786,,,,,,,,,,,
foliage,1,9.896482790016429e-06,16.62465268685824,7,VB,VB,foliag,0,1,5.954196310386875,0.0003288884395927,5.954196310386875,0.0161290322580645,5.954196310386875,0.0960354243610786,,,,,,,,,,,
hunter,1,9.896482790016429e-06,16.62465268685824,6,NN,NN,hunter,0,1,5.954196310386875,0.0003288884395927,5.954196310386875,0.0161290322580645,5.954196310386875,0.0960354243610786,0.0,1.0,0.0,1.0,0.0,1.0,0.0,1.0,0.0,0.0,-1.0
sackful,1,9.896482790016429e-06,16.62465268685824,7,NN,NN,sack,0,1,5.954196310386875,0.0003288884395927,5.954196310386875,0.0161290322580645,5.954196310386875,0.0960354243610786,,,,,,,,,,,
modestly,1,9.896482790016429e-06,16.62465268685824,8,RB,RB,modestli,0,1,5.954196310386875,0.0003288884395927,5.954196310386875,0.0161290322580645,5.954196310386875,0.0960354243610786,,,,,,,,,,,
compassion,1,9.896482790016429e-06,16.62465268685824,10,NN,NN,compass,0,1,5.954196310386875,2.973232952355375e-05,5.954196310386875,0.0161290322580645,5.954196310386875,0.0960354243610786,0.0,0.0,0.0,1.0,0.0,0.0,1.0,0.0,0.0,0.0,1.0
mousehunter,1,9.896482790016429e-06,16.62465268685824,11,NN,NN,mousehunt,0,1,5.954196310386875,0.0003288884395927,5.954196310386875,0.0161290322580645,5.954196310386875,0.0960354243610786,,,,,,,,,,,
piebald,1,9.896482790016429e-06,16.62465268685824,7,VB,VBP,piebald,0,1,5.954196310386875,0.0003288884395927,5.954196310386875,0.0161290322580645,5.954196310386875,0.0960354243610786,,,,,,,,,,,
beardcleaner,1,9.896482790016429e-06,16.62465268685824,12,NN,NN,beardclean,0,1,5.954196310386875,0.0003288884395927,5.954196310386875,0.0161290322580645,5.954196310386875,0.0960354243610786,,,,,,,,,,,
crystal,1,9.896482790016429e-06,16.62465268685824,7,NN,NN,crystal,0,1,5.954196310386875,2.973232952355375e-05,5.954196310386875,0.0161290322580645,5.954196310386875,0.0960354243610786,,,,,,,,,,,
arrogance,1,9.896482790016429e-06,16.62465268685824,9,NN,NN,arrog,0,1,5.954196310386875,0.0003288884395927,5.954196310386875,0.0161290322580645,5.954196310386875,0.0960354243610786,,,,,,,,,,,
esteemed,1,9.896482790016429e-06,16.62465268685824,8,VB,VBN,esteem,0,1,5.954196310386875,0.0003288884395927,5.954196310386875,0.0161290322580645,5.954196310386875,0.0960354243610786,,,,,,,,,,,
experience,1,9.896482790016429e-06,16.62465268685824,10,NN,NN,experi,0,1,5.954196310386875,0.0003288884395927,5.954196310386875,0.0161290322580645,5.954196310386875,0.0960354243610786,,,,,,,,,,,
cunningest,1,9.896482790016429e-06,16.62465268685824,10,JJ,JJS,cunningest,0,1,5.954196310386875,5.642504369041047e-05,5.954196310386875,0.0161290322580645,5.954196310386875,0.0960354243610786,,,,,,,,,,,
ascending,1,9.896482790016429e-06,16.62465268685824,9,VB,VBG,ascend,0,1,5.954196310386875,2.973232952355375e-05,5.954196310386875,0.0161290322580645,5.954196310386875,0.0960354243610786,,,,,,,,,,,
hastening,1,9.896482790016429e-06,16.62465268685824,9,VB,VBG,hasten,0,1,5.954196310386875,5.642504369041047e-05,5.954196310386875,0.0161290322580645,5.954196310386875,0.0960354243610786,,,,,,,,,,,
swords,1,9.896482790016429e-06,16.62465268685824,6,NN,NNS,sword,0,1,5.954196310386875,2.973232952355375e-05,5.954196310386875,0.0161290322580645,5.954196310386875,0.0960354243610786,,,,,,,,,,,
lofty,1,9.896482790016429e-06,16.62465268685824,5,JJ,JJ,lofti,0,1,5.954196310386875,4.5193140875801705e-05,5.954196310386875,0.0161290322580645,5.954196310386875,0.0960354243610786,,,,,,,,,,,
battlefield,1,9.896482790016429e-06,16.62465268685824,11,NN,NN,battlefield,0,1,5.954196310386875,2.973232952355375e-05,5.954196310386875,0.0161290322580645,5.954196310386875,0.0960354243610786,0.0,0.0,0.0,1.0,0.0,1.0,0.0,0.0,0.0,0.0,-1.0
muddy,1,9.896482790016429e-06,16.62465268685824,5,JJ,JJ,muddi,0,1,5.954196310386875,4.5193140875801705e-05,5.954196310386875,0.0161290322580645,5.954196310386875,0.0960354243610786,0.0,0.0,1.0,0.0,0.0,1.0,0.0,0.0,0.0,0.0,-1.0
slave,1,9.896482790016429e-06,16.62465268685824,5,NN,NN,slave,0,1,5.954196310386875,4.5193140875801705e-05,5.954196310386875,0.0161290322580645,5.954196310386875,0.0960354243610786,1.0,0.0,0.0,1.0,0.0,1.0,0.0,1.0,0.0,0.0,-1.0
hurricane,1,9.896482790016429e-06,16.62465268685824,9,NN,NN,hurrican,0,1,5.954196310386875,2.973232952355375e-05,5.954196310386875,0.0161290322580645,5.954196310386875,0.0960354243610786,0.0,0.0,0.0,1.0,0.0,1.0,0.0,0.0,0.0,0.0,-1.0
opposed,1,9.896482790016429e-06,16.62465268685824,7,VB,VBD,oppos,0,1,5.954196310386875,2.973232952355375e-05,5.954196310386875,0.0161290322580645,5.954196310386875,0.0960354243610786,1.0,0.0,0.0,1.0,0.0,1.0,0.0,0.0,0.0,0.0,-1.0
returning,1,9.896482790016429e-06,16.62465268685824,9,VB,VBG,return,0,1,5.954196310386875,2.973232952355375e-05,5.954196310386875,0.0161290322580645,5.954196310386875,0.0960354243610786,,,,,,,,,,,
conducted,1,9.896482790016429e-06,16.62465268685824,9,VB,VBD,conduct,0,1,5.954196310386875,2.973232952355375e-05,5.954196310386875,0.0161290322580645,5.954196310386875,0.0960354243610786,,,,,,,,,,,
drums,1,9.896482790016429e-06,16.62465268685824,5,NN,NNS,drum,0,1,5.954196310386875,4.5193140875801705e-05,5.954196310386875,0.0161290322580645,5.954196310386875,0.0960354243610786,,,,,,,,,,,
byways,1,9.896482790016429e-06,16.62465268685824,6,NN,NNS,byway,0,1,5.954196310386875,2.973232952355375e-05,5.954196310386875,0.0161290322580645,5.954196310386875,0.0960354243610786,,,,,,,,,,,
ridges,1,9.896482790016429e-06,16.62465268685824,6,NN,NNS,ridg,0,1,5.954196310386875,4.5193140875801705e-05,5.954196310386875,0.0161290322580645,5.954196310386875,0.0960354243610786,,,,,,,,,,,
troops,1,9.896482790016429e-06,16.62465268685824,6,NN,NNS,troop,0,1,5.954196310386875,2.973232952355375e-05,5.954196310386875,0.0161290322580645,5.954196310386875,0.0960354243610786,,,,,,,,,,,
overspread,1,9.896482790016429e-06,16.62465268685824,10,VB,VBN,overspread,0,1,5.954196310386875,4.5193140875801705e-05,5.954196310386875,0.0161290322580645,5.954196310386875,0.0960354243610786,,,,,,,,,,,
colour,1,9.896482790016429e-06,16.62465268685824,6,NN,NN,colour,0,1,5.954196310386875,4.5193140875801705e-05,5.954196310386875,0.0161290322580645,5.954196310386875,0.0960354243610786,,,,,,,,,,,
bestir,1,9.896482790016429e-06,16.62465268685824,6,VB,VB,bestir,0,1,5.954196310386875,4.5193140875801705e-05,5.954196310386875,0.0161290322580645,5.954196310386875,0.0960354243610786,,,,,,,,,,,
elbow,1,9.896482790016429e-06,16.62465268685824,5,NN,NN,elbow,0,1,5.954196310386875,4.5193140875801705e-05,5.954196310386875,0.0161290322580645,5.954196310386875,0.0960354243610786,,,,,,,,,,,
cowhouses,1,9.896482790016429e-06,16.62465268685824,9,NN,NNS,cowhous,0,1,5.954196310386875,4.5193140875801705e-05,5.954196310386875,0.0161290322580645,5.954196310386875,0.0960354243610786,,,,,,,,,,,
assistance,1,9.896482790016429e-06,16.62465268685824,10,NN,NN,assist,0,1,5.954196310386875,2.973232952355375e-05,5.954196310386875,0.0161290322580645,5.954196310386875,0.0960354243610786,,,,,,,,,,,
hares,1,9.896482790016429e-06,16.62465268685824,5,NN,NNS,hare,0,1,5.954196310386875,4.5193140875801705e-05,5.954196310386875,0.0161290322580645,5.954196310386875,0.0960354243610786,,,,,,,,,,,
goats,1,9.896482790016429e-06,16.62465268685824,5,NN,NNS,goat,0,1,5.954196310386875,4.5193140875801705e-05,5.954196310386875,0.0161290322580645,5.954196310386875,0.0960354243610786,,,,,,,,,,,
mile,1,9.896482790016429e-06,16.62465268685824,4,NN,NN,mile,0,1,5.954196310386875,4.5193140875801705e-05,5.954196310386875,0.0161290322580645,5.954196310386875,0.0960354243610786,,,,,,,,,,,
park,1,9.896482790016429e-06,16.62465268685824,4,NN,NN,park,0,1,5.954196310386875,4.5193140875801705e-05,5.954196310386875,0.0161290322580645,5.954196310386875,0.0960354243610786,,,,,,,,,,,
tables,1,9.896482790016429e-06,16.62465268685824,6,NN,NNS,tabl,0,1,5.954196310386875,4.5193140875801705e-05,5.954196310386875,0.0161290322580645,5.954196310386875,0.0960354243610786,,,,,,,,,,,
furnished,1,9.896482790016429e-06,16.62465268685824,9,VB,VBN,furnish,0,1,5.954196310386875,4.5193140875801705e-05,5.954196310386875,0.0161290322580645,5.954196310386875,0.0960354243610786,,,,,,,,,,,
dolefully,1,9.896482790016429e-06,16.62465268685824,9,RB,RB,dole,0,1,5.954196310386875,4.5193140875801705e-05,5.954196310386875,0.0161290322580645,5.954196310386875,0.0960354243610786,,,,,,,,,,,
solid,1,9.896482790016429e-06,16.62465268685824,5,JJ,JJ,solid,0,1,5.954196310386875,4.5193140875801705e-05,5.954196310386875,0.0161290322580645,5.954196310386875,0.0960354243610786,,,,,,,,,,,
warriors,1,9.896482790016429e-06,16.62465268685824,8,NN,NNS,warrior,0,1,5.954196310386875,2.973232952355375e-05,5.954196310386875,0.0161290322580645,5.954196310386875,0.0960354243610786,,,,,,,,,,,
crossways,1,9.896482790016429e-06,16.62465268685824,9,NN,NNS,crossway,0,1,5.954196310386875,5.642504369041047e-05,5.954196310386875,0.0161290322580645,5.954196310386875,0.0960354243610786,,,,,,,,,,,
christendom,1,9.896482790016429e-06,16.62465268685824,11,NN,NNP,christendom,0,1,5.954196310386875,4.5193140875801705e-05,5.954196310386875,0.0161290322580645,5.954196310386875,0.0960354243610786,,,,,,,,,,,
bundles,1,9.896482790016429e-06,16.62465268685824,7,NN,NNS,bundl,0,1,5.954196310386875,5.642504369041047e-05,5.954196310386875,0.0161290322580645,5.954196310386875,0.0960354243610786,,,,,,,,,,,
walkingsticks,1,9.896482790016429e-06,16.62465268685824,13,NN,NNS,walkingstick,0,1,5.954196310386875,5.642504369041047e-05,5.954196310386875,0.0161290322580645,5.954196310386875,0.0960354243610786,,,,,,,,,,,
rarest,1,9.896482790016429e-06,16.62465268685824,6,NN,NN,rarest,0,1,5.954196310386875,2.973232952355375e-05,5.954196310386875,0.0161290322580645,5.954196310386875,0.0960354243610786,,,,,,,,,,,
swelling,1,9.896482790016429e-06,16.62465268685824,8,VB,VBG,swell,0,1,5.954196310386875,4.5193140875801705e-05,5.954196310386875,0.0161290322580645,5.954196310386875,0.0960354243610786,0.0,0.0,0.0,1.0,0.0,1.0,0.0,0.0,0.0,0.0,-1.0
thunders,1,9.896482790016429e-06,16.62465268685824,8,NN,NNS,thunder,0,1,5.954196310386875,4.5193140875801705e-05,5.954196310386875,0.0161290322580645,5.954196310386875,0.0960354243610786,,,,,,,,,,,
lightnings,1,9.896482790016429e-06,16.62465268685824,10,NN,NNS,lightn,0,1,5.954196310386875,4.5193140875801705e-05,5.954196310386875,0.0161290322580645,5.954196310386875,0.0960354243610786,,,,,,,,,,,
stormy,1,9.896482790016429e-06,16.62465268685824,6,NN,NN,stormi,0,1,5.954196310386875,4.5193140875801705e-05,5.954196310386875,0.0161290322580645,5.954196310386875,0.0960354243610786,0.0,0.0,0.0,1.0,0.0,1.0,0.0,0.0,0.0,0.0,-1.0
departed,1,9.896482790016429e-06,16.62465268685824,8,VB,VBD,depart,0,1,5.954196310386875,2.973232952355375e-05,5.954196310386875,0.0161290322580645,5.954196310386875,0.0960354243610786,0.0,0.0,0.0,0.0,0.0,1.0,0.0,1.0,0.0,0.0,-1.0
shivering,1,9.896482790016429e-06,16.62465268685824,9,VB,VBG,shiver,0,1,5.954196310386875,4.5193140875801705e-05,5.954196310386875,0.0161290322580645,5.954196310386875,0.0960354243610786,,,,,,,,,,,
playthings,1,9.896482790016429e-06,16.62465268685824,10,NN,NNS,playth,0,1,5.954196310386875,2.973232952355375e-05,5.954196310386875,0.0161290322580645,5.954196310386875,0.0960354243610786,,,,,,,,,,,
overrun,1,9.896482790016429e-06,16.62465268685824,7,VB,VBN,overrun,0,1,5.954196310386875,2.973232952355375e-05,5.954196310386875,0.0161290322580645,5.954196310386875,0.0960354243610786,,,,,,,,,,,
dropping,1,9.896482790016429e-06,16.62465268685824,8,VB,VBG,drop,0,1,5.954196310386875,4.5193140875801705e-05,5.954196310386875,0.0161290322580645,5.954196310386875,0.0960354243610786,,,,,,,,,,,
greatness,1,9.896482790016429e-06,16.62465268685824,9,NN,NN,great,0,1,5.954196310386875,4.5193140875801705e-05,5.954196310386875,0.0161290322580645,5.954196310386875,0.0960354243610786,0.0,0.0,0.0,0.0,1.0,0.0,1.0,0.0,1.0,1.0,1.0
rushlight,1,9.896482790016429e-06,16.62465268685824,9,NN,NN,rushlight,0,1,5.954196310386875,4.5193140875801705e-05,5.954196310386875,0.0161290322580645,5.954196310386875,0.0960354243610786,,,,,,,,,,,
superior,1,9.896482790016429e-06,16.62465268685824,8,JJ,JJ,superior,0,1,5.954196310386875,2.973232952355375e-05,5.954196310386875,0.0161290322580645,5.954196310386875,0.0960354243610786,,,,,,,,,,,
sizes,1,9.896482790016429e-06,16.62465268685824,5,NN,NNS,size,0,1,5.954196310386875,4.5193140875801705e-05,5.954196310386875,0.0161290322580645,5.954196310386875,0.0960354243610786,,,,,,,,,,,
lame,1,9.896482790016429e-06,16.62465268685824,4,NN,NN,lame,0,1,5.954196310386875,2.973232952355375e-05,5.954196310386875,0.0161290322580645,5.954196310386875,0.0960354243610786,,,,,,,,,,,
rows,1,9.896482790016429e-06,16.62465268685824,4,NN,NNS,row,0,1,5.954196310386875,4.5193140875801705e-05,5.954196310386875,0.0161290322580645,5.954196310386875,0.0960354243610786,,,,,,,,,,,
echoed,1,9.896482790016429e-06,16.62465268685824,6,VB,VBD,echo,0,1,5.954196310386875,2.973232952355375e-05,5.954196310386875,0.0161290322580645,5.954196310386875,0.0960354243610786,,,,,,,,,,,
steed,1,9.896482790016429e-06,16.62465268685824,5,NN,NN,steed,0,1,5.954196310386875,2.973232952355375e-05,5.954196310386875,0.0161290322580645,5.954196310386875,0.0960354243610786,,,,,,,,,,,
billows,1,9.896482790016429e-06,16.62465268685824,7,NN,NNS,billow,0,1,5.954196310386875,4.5193140875801705e-05,5.954196310386875,0.0161290322580645,5.954196310386875,0.0960354243610786,,,,,,,,,,,
tops,1,9.896482790016429e-06,16.62465268685824,4,NN,NNS,top,0,1,5.954196310386875,4.5193140875801705e-05,5.954196310386875,0.0161290322580645,5.954196310386875,0.0960354243610786,,,,,,,,,,,
fearfully,1,9.896482790016429e-06,16.62465268685824,9,RB,RB,fear,0,1,5.954196310386875,4.5193140875801705e-05,5.954196310386875,0.0161290322580645,5.954196310386875,0.0960354243610786,0.0,0.0,0.0,1.0,0.0,1.0,0.0,1.0,1.0,0.0,-1.0
snorted,1,9.896482790016429e-06,16.62465268685824,7,VB,VBD,snort,0,1,5.954196310386875,2.973232952355375e-05,5.954196310386875,0.0161290322580645,5.954196310386875,0.0960354243610786,,,,,,,,,,,
nostrils,1,9.896482790016429e-06,16.62465268685824,8,NN,NNS,nostril,0,1,5.954196310386875,2.973232952355375e-05,5.954196310386875,0.0161290322580645,5.954196310386875,0.0960354243610786,,,,,,,,,,,
bellow,1,9.896482790016429e-06,16.62465268685824,6,VB,VB,bellow,0,1,5.954196310386875,0.0001940109583052,5.954196310386875,0.0161290322580645,5.954196310386875,0.0960354243610786,,,,,,,,,,,
relented,1,9.896482790016429e-06,16.62465268685824,8,VB,VBD,relent,0,1,5.954196310386875,0.0001940109583052,5.954196310386875,0.0161290322580645,5.954196310386875,0.0960354243610786,,,,,,,,,,,
bale,1,9.896482790016429e-06,16.62465268685824,4,NN,NN,bale,0,1,5.954196310386875,2.973232952355375e-05,5.954196310386875,0.0161290322580645,5.954196310386875,0.0960354243610786,0.0,0.0,0.0,1.0,0.0,1.0,0.0,0.0,0.0,0.0,-1.0
flour,1,9.896482790016429e-06,16.62465268685824,5,NN,NN,flour,0,1,5.954196310386875,6.047570803594372e-05,5.954196310386875,0.0161290322580645,5.954196310386875,0.0960354243610786,,,,,,,,,,,
ovenful,1,9.896482790016429e-06,16.62465268685824,7,NN,NN,oven,0,1,5.954196310386875,6.047570803594372e-05,5.954196310386875,0.0161290322580645,5.954196310386875,0.0960354243610786,,,,,,,,,,,
awful,1,9.896482790016429e-06,16.62465268685824,5,JJ,JJ,aw,0,1,5.954196310386875,6.047570803594372e-05,5.954196310386875,0.0161290322580645,5.954196310386875,0.0960354243610786,1.0,0.0,1.0,1.0,0.0,1.0,0.0,1.0,0.0,0.0,-1.0
strap,1,9.896482790016429e-06,16.62465268685824,5,NN,NN,strap,0,1,5.954196310386875,6.047570803594372e-05,5.954196310386875,0.0161290322580645,5.954196310386875,0.0960354243610786,,,,,,,,,,,
tying,1,9.896482790016429e-06,16.62465268685824,5,VB,VBG,tie,0,1,5.954196310386875,6.047570803594372e-05,5.954196310386875,0.0161290322580645,5.954196310386875,0.0960354243610786,,,,,,,,,,,
loins,1,9.896482790016429e-06,16.62465268685824,5,NN,NNS,loin,0,1,5.954196310386875,6.047570803594372e-05,5.954196310386875,0.0161290322580645,5.954196310386875,0.0960354243610786,,,,,,,,,,,
cellarful,1,9.896482790016429e-06,16.62465268685824,9,NN,NN,cellar,0,1,5.954196310386875,6.047570803594372e-05,5.954196310386875,0.0161290322580645,5.954196310386875,0.0960354243610786,,,,,,,,,,,
produce,1,9.896482790016429e-06,16.62465268685824,7,VB,VB,produc,0,1,5.954196310386875,6.047570803594372e-05,5.954196310386875,0.0161290322580645,5.954196310386875,0.0960354243610786,,,,,,,,,,,
soninlaw,1,9.896482790016429e-06,16.62465268685824,8,NN,NN,soninlaw,0,1,5.954196310386875,6.047570803594372e-05,5.954196310386875,0.0161290322580645,5.954196310386875,0.0960354243610786,,,,,,,,,,,
decree,1,9.896482790016429e-06,16.62465268685824,6,NN,NN,decre,0,1,5.954196310386875,6.047570803594372e-05,5.954196310386875,0.0161290322580645,5.954196310386875,0.0960354243610786,,,,,,,,,,,
serious,1,9.896482790016429e-06,16.62465268685824,7,JJ,JJ,seriou,0,1,5.954196310386875,6.047570803594372e-05,5.954196310386875,0.0161290322580645,5.954196310386875,0.0960354243610786,,,,,,,,,,,
ruled,1,9.896482790016429e-06,16.62465268685824,5,VB,VBN,rule,0,1,5.954196310386875,6.047570803594372e-05,5.954196310386875,0.0161290322580645,5.954196310386875,0.0960354243610786,,,,,,,,,,,
hoes,1,9.896482790016429e-06,16.62465268685824,4,NN,NNS,hoe,0,1,5.954196310386875,6.047570803594372e-05,5.954196310386875,0.0161290322580645,5.954196310386875,0.0960354243610786,,,,,,,,,,,
labourers,1,9.896482790016429e-06,16.62465268685824,9,NN,NNS,labour,0,1,5.954196310386875,6.047570803594372e-05,5.954196310386875,0.0161290322580645,5.954196310386875,0.0960354243610786,,,,,,,,,,,
reverence,1,9.896482790016429e-06,16.62465268685824,9,NN,NN,rever,0,1,5.954196310386875,6.047570803594372e-05,5.954196310386875,0.0161290322580645,5.954196310386875,0.0960354243610786,0.0,0.0,0.0,0.0,1.0,0.0,1.0,0.0,0.0,1.0,1.0
delightfully,1,9.896482790016429e-06,16.62465268685824,12,RB,RB,delight,0,1,5.954196310386875,3.2620728383518555e-05,5.954196310386875,0.0161290322580645,5.954196310386875,0.0960354243610786,,,,,,,,,,,
leant,1,9.896482790016429e-06,16.62465268685824,5,NN,NN,leant,0,1,5.954196310386875,3.2620728383518555e-05,5.954196310386875,0.0161290322580645,5.954196310386875,0.0960354243610786,,,,,,,,,,,
procession,1,9.896482790016429e-06,16.62465268685824,10,NN,NN,process,0,1,5.954196310386875,6.047570803594372e-05,5.954196310386875,0.0161290322580645,5.954196310386875,0.0960354243610786,0.0,0.0,0.0,0.0,1.0,0.0,1.0,1.0,1.0,0.0,1.0
nibbled,1,9.896482790016429e-06,16.62465268685824,7,VB,VBN,nibbl,0,1,5.954196310386875,3.2620728383518555e-05,5.954196310386875,0.0161290322580645,5.954196310386875,0.0960354243610786,,,,,,,,,,,
troubling,1,9.896482790016429e-06,16.62465268685824,9,VB,VBG,troubl,0,1,5.954196310386875,6.047570803594372e-05,5.954196310386875,0.0161290322580645,5.954196310386875,0.0960354243610786,,,,,,,,,,,
panes,1,9.896482790016429e-06,16.62465268685824,5,NN,NNS,pane,0,1,5.954196310386875,3.2620728383518555e-05,5.954196310386875,0.0161290322580645,5.954196310386875,0.0960354243610786,,,,,,,,,,,
wing,1,9.896482790016429e-06,16.62465268685824,4,NN,NN,wing,0,1,5.954196310386875,6.047570803594372e-05,5.954196310386875,0.0161290322580645,5.954196310386875,0.0960354243610786,,,,,,,,,,,
gnaw,1,9.896482790016429e-06,16.62465268685824,4,JJ,JJ,gnaw,0,1,5.954196310386875,3.2620728383518555e-05,5.954196310386875,0.0161290322580645,5.954196310386875,0.0960354243610786,,,,,,,,,,,
nibbling,1,9.896482790016429e-06,16.62465268685824,8,VB,VBG,nibbl,0,1,5.954196310386875,3.2620728383518555e-05,5.954196310386875,0.0161290322580645,5.954196310386875,0.0960354243610786,,,,,,,,,,,
divide,1,9.896482790016429e-06,16.62465268685824,6,VB,VB,divid,0,1,5.954196310386875,6.047570803594372e-05,5.954196310386875,0.0161290322580645,5.954196310386875,0.0960354243610786,,,,,,,,,,,
heavenborn,1,9.896482790016429e-06,16.62465268685824,10,JJ,JJ,heavenborn,0,1,5.954196310386875,3.2620728383518555e-05,5.954196310386875,0.0161290322580645,5.954196310386875,0.0960354243610786,,,,,,,,,,,
remains,1,9.896482790016429e-06,16.62465268685824,7,VB,VBZ,remain,0,1,5.954196310386875,6.047570803594372e-05,5.954196310386875,0.0161290322580645,5.954196310386875,0.0960354243610786,0.0,0.0,1.0,1.0,0.0,1.0,1.0,0.0,0.0,1.0,0.0
rises,1,9.896482790016429e-06,16.62465268685824,5,VB,VBZ,rise,0,1,5.954196310386875,3.2620728383518555e-05,5.954196310386875,0.0161290322580645,5.954196310386875,0.0960354243610786,,,,,,,,,,,
disturbing,1,9.896482790016429e-06,16.62465268685824,10,VB,VBG,disturb,0,1,5.954196310386875,3.2620728383518555e-05,5.954196310386875,0.0161290322580645,5.954196310386875,0.0960354243610786,,,,,,,,,,,
sailing,1,9.896482790016429e-06,16.62465268685824,7,VB,VBG,sail,0,1,5.954196310386875,6.047570803594372e-05,5.954196310386875,0.0161290322580645,5.954196310386875,0.0960354243610786,,,,,,,,,,,
stuffed,1,9.896482790016429e-06,16.62465268685824,7,VB,VBD,stuf,0,1,5.954196310386875,3.2620728383518555e-05,5.954196310386875,0.0161290322580645,5.954196310386875,0.0960354243610786,,,,,,,,,,,
sluggards,1,9.896482790016429e-06,16.62465268685824,9,VB,VBP,sluggard,0,1,5.954196310386875,3.2620728383518555e-05,5.954196310386875,0.0161290322580645,5.954196310386875,0.0960354243610786,,,,,,,,,,,
glitter,1,9.896482790016429e-06,16.62465268685824,7,RB,RBR,glitter,0,1,5.954196310386875,4.270138922235599e-05,5.954196310386875,0.0161290322580645,5.954196310386875,0.0960354243610786,0.0,0.0,1.0,0.0,1.0,0.0,0.0,0.0,0.0,0.0,0.0
waving,1,9.896482790016429e-06,16.62465268685824,6,VB,VBG,wave,0,1,5.954196310386875,4.270138922235599e-05,5.954196310386875,0.0161290322580645,5.954196310386875,0.0960354243610786,,,,,,,,,,,
attention,1,9.896482790016429e-06,16.62465268685824,9,NN,NN,attent,0,1,5.954196310386875,3.2620728383518555e-05,5.954196310386875,0.0161290322580645,5.954196310386875,0.0960354243610786,,,,,,,,,,,
constantly,1,9.896482790016429e-06,16.62465268685824,10,RB,RB,constantli,0,1,5.954196310386875,3.2620728383518555e-05,5.954196310386875,0.0161290322580645,5.954196310386875,0.0960354243610786,,,,,,,,,,,
slaughterer,1,9.896482790016429e-06,16.62465268685824,11,NN,NN,slaughter,0,1,5.954196310386875,4.270138922235599e-05,5.954196310386875,0.0161290322580645,5.954196310386875,0.0960354243610786,,,,,,,,,,,
pebblestones,1,9.896482790016429e-06,16.62465268685824,12,NN,NNS,pebbleston,0,1,5.954196310386875,3.2620728383518555e-05,5.954196310386875,0.0161290322580645,5.954196310386875,0.0960354243610786,,,,,,,,,,,
unruly,1,9.896482790016429e-06,16.62465268685824,6,JJ,JJ,unruli,0,1,5.954196310386875,4.270138922235599e-05,5.954196310386875,0.0161290322580645,5.954196310386875,0.0960354243610786,1.0,0.0,1.0,1.0,0.0,1.0,0.0,0.0,0.0,0.0,-1.0
slaughterers,1,9.896482790016429e-06,16.62465268685824,12,NN,NNS,slaughter,0,1,5.954196310386875,4.270138922235599e-05,5.954196310386875,0.0161290322580645,5.954196310386875,0.0960354243610786,,,,,,,,,,,
amused,1,9.896482790016429e-06,16.62465268685824,6,VB,VBD,amus,0,1,5.954196310386875,4.270138922235599e-05,5.954196310386875,0.0161290322580645,5.954196310386875,0.0960354243610786,0.0,0.0,0.0,0.0,1.0,0.0,1.0,0.0,0.0,0.0,1.0
treacherous,1,9.896482790016429e-06,16.62465268685824,11,JJ,JJ,treacher,0,1,5.954196310386875,4.270138922235599e-05,5.954196310386875,0.0161290322580645,5.954196310386875,0.0960354243610786,1.0,0.0,1.0,1.0,0.0,1.0,0.0,0.0,0.0,0.0,-1.0
floated,1,9.896482790016429e-06,16.62465268685824,7,VB,VBD,float,0,1,5.954196310386875,4.270138922235599e-05,5.954196310386875,0.0161290322580645,5.954196310386875,0.0960354243610786,,,,,,,,,,,
leaned,1,9.896482790016429e-06,16.62465268685824,6,VB,VBD,lean,0,1,5.954196310386875,4.270138922235599e-05,5.954196310386875,0.0161290322580645,5.954196310386875,0.0960354243610786,,,,,,,,,,,
strokes,1,9.896482790016429e-06,16.62465268685824,7,NN,NNS,stroke,0,1,5.954196310386875,3.2620728383518555e-05,5.954196310386875,0.0161290322580645,5.954196310386875,0.0960354243610786,,,,,,,,,,,
speech,1,9.896482790016429e-06,16.62465268685824,6,NN,NN,speech,0,1,5.954196310386875,4.270138922235599e-05,5.954196310386875,0.0161290322580645,5.954196310386875,0.0960354243610786,,,,,,,,,,,
rude,1,9.896482790016429e-06,16.62465268685824,4,NN,NN,rude,0,1,5.954196310386875,4.270138922235599e-05,5.954196310386875,0.0161290322580645,5.954196310386875,0.0960354243610786,,,,,,,,,,,
scorching,1,9.896482790016429e-06,16.62465268685824,9,JJ,JJ,scorch,0,1,5.954196310386875,4.270138922235599e-05,5.954196310386875,0.0161290322580645,5.954196310386875,0.0960354243610786,1.0,0.0,0.0,0.0,0.0,1.0,0.0,0.0,0.0,0.0,-1.0
woodaxe,1,9.896482790016429e-06,16.62465268685824,7,NN,NN,woodax,0,1,5.954196310386875,3.2620728383518555e-05,5.954196310386875,0.0161290322580645,5.954196310386875,0.0960354243610786,,,,,,,,,,,
knelt,1,9.896482790016429e-06,16.62465268685824,5,VB,VBD,knelt,0,1,5.954196310386875,4.270138922235599e-05,5.954196310386875,0.0161290322580645,5.954196310386875,0.0960354243610786,,,,,,,,,,,
newlycoined,1,9.896482790016429e-06,16.62465268685824,11,JJ,JJ,newlycoin,0,1,5.954196310386875,3.2620728383518555e-05,5.954196310386875,0.0161290322580645,5.954196310386875,0.0960354243610786,,,,,,,,,,,
naughty,1,9.896482790016429e-06,16.62465268685824,7,VB,VBP,naughti,0,1,5.954196310386875,3.2620728383518555e-05,5.954196310386875,0.0161290322580645,5.954196310386875,0.0960354243610786,,,,,,,,,,,
reproached,1,9.896482790016429e-06,16.62465268685824,10,VB,VBD,reproach,0,1,5.954196310386875,3.2620728383518555e-05,5.954196310386875,0.0161290322580645,5.954196310386875,0.0960354243610786,,,,,,,,,,,
crumbled,1,9.896482790016429e-06,16.62465268685824,8,VB,VBD,crumbl,0,1,5.954196310386875,3.2620728383518555e-05,5.954196310386875,0.0161290322580645,5.954196310386875,0.0960354243610786,,,,,,,,,,,
inherited,1,9.896482790016429e-06,16.62465268685824,9,VB,VBN,inherit,0,1,5.954196310386875,6.047570803594372e-05,5.954196310386875,0.0161290322580645,5.954196310386875,0.0960354243610786,,,,,,,,,,,
greeting,1,9.896482790016429e-06,16.62465268685824,8,VB,VBG,greet,0,1,5.954196310386875,6.047570803594372e-05,5.954196310386875,0.0161290322580645,5.954196310386875,0.0960354243610786,0.0,0.0,0.0,0.0,0.0,0.0,1.0,0.0,1.0,0.0,1.0
hurting,1,9.896482790016429e-06,16.62465268685824,7,VB,VBG,hurt,0,1,5.954196310386875,6.047570803594372e-05,5.954196310386875,0.0161290322580645,5.954196310386875,0.0960354243610786,1.0,0.0,0.0,1.0,0.0,1.0,0.0,1.0,0.0,0.0,-1.0
bonnet,1,9.896482790016429e-06,16.62465268685824,6,NN,NN,bonnet,0,1,5.954196310386875,7.996288456376238e-05,5.954196310386875,0.0161290322580645,5.954196310386875,0.0960354243610786,,,,,,,,,,,
droll,1,9.896482790016429e-06,16.62465268685824,5,JJ,JJ,droll,0,1,5.954196310386875,3.779434252698883e-05,5.954196310386875,0.0161290322580645,5.954196310386875,0.0960354243610786,,,,,,,,,,,
withstand,1,9.896482790016429e-06,16.62465268685824,9,VB,VB,withstand,0,1,5.954196310386875,3.779434252698883e-05,5.954196310386875,0.0161290322580645,5.954196310386875,0.0960354243610786,0.0,1.0,0.0,1.0,0.0,0.0,1.0,0.0,0.0,0.0,1.0
merrymaking,1,9.896482790016429e-06,16.62465268685824,11,NN,NN,merrymak,0,1,5.954196310386875,3.779434252698883e-05,5.954196310386875,0.0161290322580645,5.954196310386875,0.0960354243610786,,,,,,,,,,,
embrace,1,9.896482790016429e-06,16.62465268685824,7,NN,NN,embrac,0,1,5.954196310386875,3.2620728383518555e-05,5.954196310386875,0.0161290322580645,5.954196310386875,0.0960354243610786,0.0,1.0,0.0,0.0,1.0,0.0,1.0,0.0,1.0,1.0,1.0
ferry,1,9.896482790016429e-06,16.62465268685824,5,NN,NN,ferri,0,1,5.954196310386875,3.2620728383518555e-05,5.954196310386875,0.0161290322580645,5.954196310386875,0.0960354243610786,,,,,,,,,,,
council,1,9.896482790016429e-06,16.62465268685824,7,NN,NN,council,0,1,5.954196310386875,3.779434252698883e-05,5.954196310386875,0.0161290322580645,5.954196310386875,0.0960354243610786,0.0,1.0,0.0,0.0,0.0,0.0,1.0,0.0,0.0,1.0,1.0
plank,1,9.896482790016429e-06,16.62465268685824,5,NN,NN,plank,0,1,5.954196310386875,3.2620728383518555e-05,5.954196310386875,0.0161290322580645,5.954196310386875,0.0960354243610786,,,,,,,,,,,
snapping,1,9.896482790016429e-06,16.62465268685824,8,VB,VBG,snap,0,1,5.954196310386875,3.779434252698883e-05,5.954196310386875,0.0161290322580645,5.954196310386875,0.0960354243610786,,,,,,,,,,,
merriment,1,9.896482790016429e-06,16.62465268685824,9,NN,NN,merriment,0,1,5.954196310386875,7.996288456376238e-05,5.954196310386875,0.0161290322580645,5.954196310386875,0.0960354243610786,0.0,0.0,0.0,0.0,1.0,0.0,1.0,0.0,1.0,0.0,1.0
perfect,1,9.896482790016429e-06,16.62465268685824,7,JJ,JJ,perfect,0,1,5.954196310386875,3.2620728383518555e-05,5.954196310386875,0.0161290322580645,5.954196310386875,0.0960354243610786,0.0,1.0,0.0,0.0,1.0,0.0,1.0,0.0,0.0,1.0,1.0
wellnigh,1,9.896482790016429e-06,16.62465268685824,8,JJ,JJ,wellnigh,0,1,5.954196310386875,7.996288456376238e-05,5.954196310386875,0.0161290322580645,5.954196310386875,0.0960354243610786,,,,,,,,,,,
heinrich,1,9.896482790016429e-06,16.62465268685824,8,NN,NNP,heinrich,0,1,5.954196310386875,7.996288456376238e-05,5.954196310386875,0.0161290322580645,5.954196310386875,0.0960354243610786,,,,,,,,,,,
plumes,1,9.896482790016429e-06,16.62465268685824,6,NN,NNS,plume,0,1,5.954196310386875,7.996288456376238e-05,5.954196310386875,0.0161290322580645,5.954196310386875,0.0960354243610786,,,,,,,,,,,
decked,1,9.896482790016429e-06,16.62465268685824,6,VB,VBN,deck,0,1,5.954196310386875,7.996288456376238e-05,5.954196310386875,0.0161290322580645,5.954196310386875,0.0960354243610786,,,,,,,,,,,
accident,1,9.896482790016429e-06,16.62465268685824,8,NN,NN,accid,0,1,5.954196310386875,2.973232952355375e-05,5.954196310386875,0.0161290322580645,5.954196310386875,0.0960354243610786,0.0,0.0,0.0,1.0,0.0,1.0,0.0,1.0,1.0,0.0,-1.0
fated,1,9.896482790016429e-06,16.62465268685824,5,VB,VBN,fate,0,1,5.954196310386875,7.996288456376238e-05,5.954196310386875,0.0161290322580645,5.954196310386875,0.0960354243610786,,,,,,,,,,,
scour,1,9.896482790016429e-06,16.62465268685824,5,NN,NNP,scour,0,1,5.954196310386875,2.973232952355375e-05,5.954196310386875,0.0161290322580645,5.954196310386875,0.0960354243610786,,,,,,,,,,,
stillness,1,9.896482790016429e-06,16.62465268685824,9,NN,NN,still,0,1,5.954196310386875,2.973232952355375e-05,5.954196310386875,0.0161290322580645,5.954196310386875,0.0960354243610786,0.0,0.0,0.0,1.0,0.0,0.0,1.0,1.0,0.0,0.0,1.0
shutting,1,9.896482790016429e-06,16.62465268685824,8,VB,VBG,shut,0,1,5.954196310386875,7.996288456376238e-05,5.954196310386875,0.0161290322580645,5.954196310386875,0.0960354243610786,,,,,,,,,,,
hawk,1,9.896482790016429e-06,16.62465268685824,4,NN,NN,hawk,0,1,5.954196310386875,2.973232952355375e-05,5.954196310386875,0.0161290322580645,5.954196310386875,0.0960354243610786,,,,,,,,,,,
risk,1,9.896482790016429e-06,16.62465268685824,4,NN,NN,risk,0,1,5.954196310386875,2.973232952355375e-05,5.954196310386875,0.0161290322580645,5.954196310386875,0.0960354243610786,0.0,1.0,0.0,1.0,0.0,1.0,0.0,0.0,0.0,0.0,-1.0
pool,1,9.896482790016429e-06,16.62465268685824,4,NN,NN,pool,0,1,5.954196310386875,2.973232952355375e-05,5.954196310386875,0.0161290322580645,5.954196310386875,0.0960354243610786,,,,,,,,,,,
tossing,1,9.896482790016429e-06,16.62465268685824,7,VB,VBG,toss,0,1,5.954196310386875,7.996288456376238e-05,5.954196310386875,0.0161290322580645,5.954196310386875,0.0960354243610786,,,,,,,,,,,
plaything,1,9.896482790016429e-06,16.62465268685824,9,NN,NN,playth,0,1,5.954196310386875,7.996288456376238e-05,5.954196310386875,0.0161290322580645,5.954196310386875,0.0960354243610786,,,,,,,,,,,
favourite,1,9.896482790016429e-06,16.62465268685824,9,JJ,JJ,favourit,0,1,5.954196310386875,7.996288456376238e-05,5.954196310386875,0.0161290322580645,5.954196310386875,0.0960354243610786,,,,,,,,,,,
clogs,1,9.896482790016429e-06,16.62465268685824,5,NN,NNS,clog,0,1,5.954196310386875,7.996288456376238e-05,5.954196310386875,0.0161290322580645,5.954196310386875,0.0960354243610786,,,,,,,,,,,
repent,1,9.896482790016429e-06,16.62465268685824,6,VB,VB,repent,0,1,5.954196310386875,3.779434252698883e-05,5.954196310386875,0.0161290322580645,5.954196310386875,0.0960354243610786,0.0,0.0,0.0,1.0,0.0,0.0,1.0,0.0,0.0,0.0,1.0
kneaded,1,9.896482790016429e-06,16.62465268685824,7,VB,VBD,knead,0,1,5.954196310386875,3.2620728383518555e-05,5.954196310386875,0.0161290322580645,5.954196310386875,0.0960354243610786,,,,,,,,,,,
windowpane,1,9.896482790016429e-06,16.62465268685824,10,NN,NN,windowpan,0,1,5.954196310386875,3.2620728383518555e-05,5.954196310386875,0.0161290322580645,5.954196310386875,0.0960354243610786,,,,,,,,,,,
lean,1,9.896482790016429e-06,16.62465268685824,4,JJ,JJ,lean,0,1,5.954196310386875,3.2620728383518555e-05,5.954196310386875,0.0161290322580645,5.954196310386875,0.0960354243610786,,,,,,,,,,,
delayed,1,9.896482790016429e-06,16.62465268685824,7,VB,VBN,delay,0,1,5.954196310386875,6.047570803594372e-05,5.954196310386875,0.0161290322580645,5.954196310386875,0.0960354243610786,,,,,,,,,,,
sensibly,1,9.896482790016429e-06,16.62465268685824,8,RB,RB,sensibl,0,1,5.954196310386875,6.047570803594372e-05,5.954196310386875,0.0161290322580645,5.954196310386875,0.0960354243610786,,,,,,,,,,,
greyhaired,1,9.896482790016429e-06,16.62465268685824,10,JJ,JJ,greyhair,0,1,5.954196310386875,6.047570803594372e-05,5.954196310386875,0.0161290322580645,5.954196310386875,0.0960354243610786,,,,,,,,,,,
crutches,1,9.896482790016429e-06,16.62465268685824,8,NN,NNS,crutch,0,1,5.954196310386875,3.2620728383518555e-05,5.954196310386875,0.0161290322580645,5.954196310386875,0.0960354243610786,,,,,,,,,,,
pancakes,1,9.896482790016429e-06,16.62465268685824,8,NN,NNS,pancak,0,1,5.954196310386875,3.2620728383518555e-05,5.954196310386875,0.0161290322580645,5.954196310386875,0.0960354243610786,,,,,,,,,,,
linen,1,9.896482790016429e-06,16.62465268685824,5,NN,NN,linen,0,1,5.954196310386875,3.2620728383518555e-05,5.954196310386875,0.0161290322580645,5.954196310386875,0.0960354243610786,,,,,,,,,,,
despised,1,9.896482790016429e-06,16.62465268685824,8,VB,VBN,despis,0,1,5.954196310386875,6.047570803594372e-05,5.954196310386875,0.0161290322580645,5.954196310386875,0.0960354243610786,,,,,,,,,,,
witches,1,9.896482790016429e-06,16.62465268685824,7,NN,NNS,witch,0,1,5.954196310386875,3.2620728383518555e-05,5.954196310386875,0.0161290322580645,5.954196310386875,0.0960354243610786,,,,,,,,,,,
keen,1,9.896482790016429e-06,16.62465268685824,4,JJ,JJ,keen,0,1,5.954196310386875,3.2620728383518555e-05,5.954196310386875,0.0161290322580645,5.954196310386875,0.0960354243610786,,,,,,,,,,,
steep,1,9.896482790016429e-06,16.62465268685824,5,JJ,JJ,steep,0,1,5.954196310386875,3.779434252698883e-05,5.954196310386875,0.0161290322580645,5.954196310386875,0.0960354243610786,,,,,,,,,,,
labour,1,9.896482790016429e-06,16.62465268685824,6,NN,NN,labour,0,1,5.954196310386875,3.779434252698883e-05,5.954196310386875,0.0161290322580645,5.954196310386875,0.0960354243610786,,,,,,,,,,,
suspected,1,9.896482790016429e-06,16.62465268685824,9,VB,VBD,suspect,0,1,5.954196310386875,3.779434252698883e-05,5.954196310386875,0.0161290322580645,5.954196310386875,0.0960354243610786,,,,,,,,,,,
shrivelled,1,9.896482790016429e-06,16.62465268685824,10,JJ,JJ,shrivel,0,1,5.954196310386875,3.2620728383518555e-05,5.954196310386875,0.0161290322580645,5.954196310386875,0.0960354243610786,,,,,,,,,,,
grated,1,9.896482790016429e-06,16.62465268685824,6,JJ,JJ,grate,0,1,5.954196310386875,3.2620728383518555e-05,5.954196310386875,0.0161290322580645,5.954196310386875,0.0960354243610786,1.0,0.0,0.0,0.0,0.0,1.0,0.0,0.0,0.0,0.0,-1.0
ransom,1,9.896482790016429e-06,16.62465268685824,6,NN,NN,ransom,0,1,5.954196310386875,3.779434252698883e-05,5.954196310386875,0.0161290322580645,5.954196310386875,0.0960354243610786,1.0,0.0,0.0,1.0,0.0,1.0,0.0,0.0,0.0,0.0,-1.0
crabshells,1,9.896482790016429e-06,16.62465268685824,10,NN,NNS,crabshel,0,1,5.954196310386875,3.2620728383518555e-05,5.954196310386875,0.0161290322580645,5.954196310386875,0.0960354243610786,,,,,,,,,,,
clap,1,9.896482790016429e-06,16.62465268685824,4,VB,VB,clap,0,1,5.954196310386875,3.779434252698883e-05,5.954196310386875,0.0161290322580645,5.954196310386875,0.0960354243610786,0.0,1.0,0.0,0.0,1.0,0.0,1.0,0.0,0.0,1.0,1.0
mount,1,9.896482790016429e-06,16.62465268685824,5,VB,VB,mount,0,1,5.954196310386875,3.779434252698883e-05,5.954196310386875,0.0161290322580645,5.954196310386875,0.0960354243610786,,,,,,,,,,,
removed,1,9.896482790016429e-06,16.62465268685824,7,VB,VBN,remov,0,1,5.954196310386875,3.779434252698883e-05,5.954196310386875,0.0161290322580645,5.954196310386875,0.0960354243610786,,,,,,,,,,,
fattening,1,9.896482790016429e-06,16.62465268685824,9,VB,VBG,fatten,0,1,5.954196310386875,3.2620728383518555e-05,5.954196310386875,0.0161290322580645,5.954196310386875,0.0960354243610786,,,,,,,,,,,
stops,1,9.896482790016429e-06,16.62465268685824,5,VB,VBZ,stop,0,1,5.954196310386875,3.779434252698883e-05,5.954196310386875,0.0161290322580645,5.954196310386875,0.0960354243610786,,,,,,,,,,,
bath,1,9.896482790016429e-06,16.62465268685824,4,NN,NN,bath,0,1,5.954196310386875,3.779434252698883e-05,5.954196310386875,0.0161290322580645,5.954196310386875,0.0960354243610786,,,,,,,,,,,
bathinghouse,1,9.896482790016429e-06,16.62465268685824,12,NN,NN,bathinghous,0,1,5.954196310386875,3.779434252698883e-05,5.954196310386875,0.0161290322580645,5.954196310386875,0.0960354243610786,,,,,,,,,,,
arrive,1,9.896482790016429e-06,16.62465268685824,6,VB,VB,arriv,0,1,5.954196310386875,3.779434252698883e-05,5.954196310386875,0.0161290322580645,5.954196310386875,0.0960354243610786,,,,,,,,,,,
impatience,1,9.896482790016429e-06,16.62465268685824,10,NN,NN,impati,0,1,5.954196310386875,3.2620728383518555e-05,5.954196310386875,0.0161290322580645,5.954196310386875,0.0960354243610786,,,,,,,,,,,
fears,1,9.896482790016429e-06,16.62465268685824,5,VB,VBZ,fear,0,1,5.954196310386875,3.779434252698883e-05,5.954196310386875,0.0161290322580645,5.954196310386875,0.0960354243610786,,,,,,,,,,,
