doc_title,term_str,n
ASHPUTTEL,_my_,1
ASHPUTTEL,a,21
ASHPUTTEL,about,3
ASHPUTTEL,after,2
ASHPUTTEL,afterwards,1
ASHPUTTEL,again,14
ASHPUTTEL,against,2
ASHPUTTEL,all,20
ASHPUTTEL,almost,1
ASHPUTTEL,also,1
ASHPUTTEL,altogether,1
ASHPUTTEL,always,4
ASHPUTTEL,am,1
ASHPUTTEL,amid,1
ASHPUTTEL,among,4
ASHPUTTEL,an,3
ASHPUTTEL,and,179
ASHPUTTEL,anger,1
ASHPUTTEL,another,1
ASHPUTTEL,anyone,3
ASHPUTTEL,are,2
ASHPUTTEL,as,14
ASHPUTTEL,ashes,11
ASHPUTTEL,ashheap,1
ASHPUTTEL,ashputtel,16
ASHPUTTEL,ask,1
ASHPUTTEL,asked,5
ASHPUTTEL,at,24
ASHPUTTEL,away,14
ASHPUTTEL,axe,1
ASHPUTTEL,back,11
ASHPUTTEL,ball,6
ASHPUTTEL,be,4
ASHPUTTEL,beautiful,6
ASHPUTTEL,beauty,2
ASHPUTTEL,became,1
ASHPUTTEL,bed,1
ASHPUTTEL,bedside,1
ASHPUTTEL,been,2
ASHPUTTEL,before,7
ASHPUTTEL,began,2
ASHPUTTEL,begged,2
ASHPUTTEL,begging,1
ASHPUTTEL,behind,1
ASHPUTTEL,being,1
ASHPUTTEL,beneath,1
ASHPUTTEL,beside,1
ASHPUTTEL,besides,1
ASHPUTTEL,bird,6
ASHPUTTEL,birds,2
ASHPUTTEL,blackbird,2
ASHPUTTEL,blood,3
ASHPUTTEL,both,2
ASHPUTTEL,bought,1
ASHPUTTEL,branch,1
ASHPUTTEL,bread,1
ASHPUTTEL,bride,11
ASHPUTTEL,bring,2
ASHPUTTEL,broke,1
ASHPUTTEL,broken,1
ASHPUTTEL,brought,10
ASHPUTTEL,brush,1
ASHPUTTEL,brushed,1
ASHPUTTEL,brushes,1
ASHPUTTEL,built,1
ASHPUTTEL,buried,1
ASHPUTTEL,burning,1
ASHPUTTEL,but,26
ASHPUTTEL,by,12
ASHPUTTEL,called,3
ASHPUTTEL,came,24
ASHPUTTEL,can,7
ASHPUTTEL,care,2
ASHPUTTEL,carried,1
ASHPUTTEL,carry,1
ASHPUTTEL,chaffinch,2
ASHPUTTEL,child,2
ASHPUTTEL,chimney,1
ASHPUTTEL,chirping,2
ASHPUTTEL,choose,1
ASHPUTTEL,clothes,9
ASHPUTTEL,clumsy,1
ASHPUTTEL,comb,1
ASHPUTTEL,come,5
ASHPUTTEL,cook,1
ASHPUTTEL,copse,1
ASHPUTTEL,could,5
ASHPUTTEL,course,1
ASHPUTTEL,covering,1
ASHPUTTEL,cried,6
ASHPUTTEL,crying,1
ASHPUTTEL,curtsied,1
ASHPUTTEL,cut,3
ASHPUTTEL,dance,7
ASHPUTTEL,danced,5
ASHPUTTEL,dancing,2
ASHPUTTEL,dare,1
ASHPUTTEL,daughter,3
ASHPUTTEL,daughters,4
ASHPUTTEL,day,6
ASHPUTTEL,daylight,1
ASHPUTTEL,days,1
ASHPUTTEL,dear,1
ASHPUTTEL,diamonds,2
ASHPUTTEL,did,3
ASHPUTTEL,died,1
ASHPUTTEL,dim,1
ASHPUTTEL,dirt,1
ASHPUTTEL,dirty,4
ASHPUTTEL,dish,2
ASHPUTTEL,dishes,4
ASHPUTTEL,dishful,1
ASHPUTTEL,do,1
ASHPUTTEL,does,1
ASHPUTTEL,done,4
ASHPUTTEL,door,3
ASHPUTTEL,doubt,1
ASHPUTTEL,dove,4
ASHPUTTEL,doves,4
ASHPUTTEL,down,13
ASHPUTTEL,dress,3
ASHPUTTEL,drew,2
ASHPUTTEL,dropped,1
ASHPUTTEL,dusty,1
ASHPUTTEL,early,1
ASHPUTTEL,earn,1
ASHPUTTEL,eat,1
ASHPUTTEL,eldest,1
ASHPUTTEL,else,3
ASHPUTTEL,end,2
ASHPUTTEL,even,1
ASHPUTTEL,evening,1
ASHPUTTEL,every,2
ASHPUTTEL,everyone,1
ASHPUTTEL,eyes,1
ASHPUTTEL,face,4
ASHPUTTEL,fair,2
ASHPUTTEL,false,1
ASHPUTTEL,father,11
ASHPUTTEL,feast,7
ASHPUTTEL,feet,1
ASHPUTTEL,fell,2
ASHPUTTEL,felt,1
ASHPUTTEL,find,1
ASHPUTTEL,fine,6
ASHPUTTEL,finer,2
ASHPUTTEL,fire,1
ASHPUTTEL,first,9
ASHPUTTEL,fits,1
ASHPUTTEL,fitted,1
ASHPUTTEL,flew,5
ASHPUTTEL,fluttering,1
ASHPUTTEL,fly,2
ASHPUTTEL,flying,2
ASHPUTTEL,followed,3
ASHPUTTEL,foot,3
ASHPUTTEL,for,28
ASHPUTTEL,forced,1
ASHPUTTEL,former,1
ASHPUTTEL,foul,1
ASHPUTTEL,found,2
ASHPUTTEL,friend,2
ASHPUTTEL,frightened,1
ASHPUTTEL,frock,4
ASHPUTTEL,from,6
ASHPUTTEL,fruit,1
ASHPUTTEL,full,1
ASHPUTTEL,garden,6
ASHPUTTEL,gave,3
ASHPUTTEL,gay,2
ASHPUTTEL,get,2
ASHPUTTEL,girl,4
ASHPUTTEL,go,15
ASHPUTTEL,going,2
ASHPUTTEL,gold,5
ASHPUTTEL,golden,5
ASHPUTTEL,gone,5
ASHPUTTEL,good,4
ASHPUTTEL,goodfornothing,1
ASHPUTTEL,got,3
ASHPUTTEL,grain,2
ASHPUTTEL,granted,1
ASHPUTTEL,grave,3
ASHPUTTEL,great,2
ASHPUTTEL,green,1
ASHPUTTEL,grew,1
ASHPUTTEL,grey,3
ASHPUTTEL,had,21
ASHPUTTEL,hair,1
ASHPUTTEL,half,1
ASHPUTTEL,hand,3
ASHPUTTEL,hands,1
ASHPUTTEL,happened,2
ASHPUTTEL,hard,3
ASHPUTTEL,has,1
ASHPUTTEL,haste,6
ASHPUTTEL,hat,2
ASHPUTTEL,have,10
ASHPUTTEL,hazel,1
ASHPUTTEL,hazeltree,10
ASHPUTTEL,he,27
ASHPUTTEL,heads,2
ASHPUTTEL,hear,1
ASHPUTTEL,heart,1
ASHPUTTEL,hearth,1
ASHPUTTEL,heaven,3
ASHPUTTEL,heel,1
ASHPUTTEL,held,2
ASHPUTTEL,help,3
ASHPUTTEL,her,95
ASHPUTTEL,here,2
ASHPUTTEL,herself,4
ASHPUTTEL,hid,1
ASHPUTTEL,hide,1
ASHPUTTEL,him,10
ASHPUTTEL,himself,3
ASHPUTTEL,his,15
ASHPUTTEL,hither,8
ASHPUTTEL,home,18
ASHPUTTEL,homewards,2
ASHPUTTEL,hopping,1
ASHPUTTEL,horse,5
ASHPUTTEL,hour,4
ASHPUTTEL,hours,1
ASHPUTTEL,house,4
ASHPUTTEL,however,2
ASHPUTTEL,hurry,1
ASHPUTTEL,i,7
ASHPUTTEL,if,3
ASHPUTTEL,in,21
ASHPUTTEL,into,21
ASHPUTTEL,is,12
ASHPUTTEL,it,31
ASHPUTTEL,its,2
ASHPUTTEL,jumped,2
ASHPUTTEL,kept,1
ASHPUTTEL,kind,2
ASHPUTTEL,king,12
ASHPUTTEL,kitchen,4
ASHPUTTEL,kitchenmaid,1
ASHPUTTEL,knew,2
ASHPUTTEL,knife,1
ASHPUTTEL,know,1
ASHPUTTEL,knowing,1
ASHPUTTEL,lady,5
ASHPUTTEL,lain,1
ASHPUTTEL,lamp,1
ASHPUTTEL,land,1
ASHPUTTEL,large,2
ASHPUTTEL,last,3
ASHPUTTEL,late,1
ASHPUTTEL,laughed,2
ASHPUTTEL,lay,1
ASHPUTTEL,least,1
ASHPUTTEL,left,6
ASHPUTTEL,let,2
ASHPUTTEL,lie,2
ASHPUTTEL,liked,1
ASHPUTTEL,linnets,2
ASHPUTTEL,little,15
ASHPUTTEL,lived,1
ASHPUTTEL,long,1
ASHPUTTEL,look,6
ASHPUTTEL,looked,4
ASHPUTTEL,lose,1
ASHPUTTEL,lost,1
ASHPUTTEL,lying,1
ASHPUTTEL,made,6
ASHPUTTEL,maiden,4
ASHPUTTEL,make,1
ASHPUTTEL,man,1
ASHPUTTEL,married,1
ASHPUTTEL,me,8
ASHPUTTEL,melted,1
ASHPUTTEL,might,2
ASHPUTTEL,mind,1
ASHPUTTEL,mother,13
ASHPUTTEL,much,4
ASHPUTTEL,must,2
ASHPUTTEL,my,2
ASHPUTTEL,near,1
ASHPUTTEL,nest,1
ASHPUTTEL,never,3
ASHPUTTEL,new,1
ASHPUTTEL,next,4
ASHPUTTEL,nigh,1
ASHPUTTEL,night,3
ASHPUTTEL,no,16
ASHPUTTEL,nobody,2
ASHPUTTEL,not,21
ASHPUTTEL,nothing,1
ASHPUTTEL,now,7
ASHPUTTEL,of,26
ASHPUTTEL,off,8
ASHPUTTEL,old,1
ASHPUTTEL,on,17
ASHPUTTEL,once,3
ASHPUTTEL,one,12
ASHPUTTEL,only,3
ASHPUTTEL,open,1
ASHPUTTEL,other,3
ASHPUTTEL,others,2
ASHPUTTEL,our,3
ASHPUTTEL,out,13
ASHPUTTEL,over,6
ASHPUTTEL,overjoyed,2
ASHPUTTEL,own,2
ASHPUTTEL,pale,1
ASHPUTTEL,parlour,1
ASHPUTTEL,partner,1
ASHPUTTEL,pass,1
ASHPUTTEL,pearls,2
ASHPUTTEL,peartree,2
ASHPUTTEL,peas,4
ASHPUTTEL,perched,1
ASHPUTTEL,pick,19
ASHPUTTEL,picked,2
ASHPUTTEL,pigeonhouse,3
ASHPUTTEL,plagued,1
ASHPUTTEL,planted,2
ASHPUTTEL,played,1
ASHPUTTEL,poor,1
ASHPUTTEL,prince,11
ASHPUTTEL,princess,2
ASHPUTTEL,pushed,1
ASHPUTTEL,put,10
ASHPUTTEL,queen,1
ASHPUTTEL,quick,2
ASHPUTTEL,quickly,1
ASHPUTTEL,quite,2
ASHPUTTEL,ran,2
ASHPUTTEL,reached,1
ASHPUTTEL,red,1
ASHPUTTEL,rejoicing,1
ASHPUTTEL,rich,2
ASHPUTTEL,rid,2
ASHPUTTEL,right,3
ASHPUTTEL,ripe,1
ASHPUTTEL,rise,1
ASHPUTTEL,rode,4
ASHPUTTEL,room,2
ASHPUTTEL,round,1
ASHPUTTEL,run,1
ASHPUTTEL,s,18
ASHPUTTEL,safe,1
ASHPUTTEL,said,26
ASHPUTTEL,sang,2
ASHPUTTEL,sashes,1
ASHPUTTEL,sat,3
ASHPUTTEL,saw,2
ASHPUTTEL,say,1
ASHPUTTEL,second,1
ASHPUTTEL,see,2
ASHPUTTEL,seen,1
ASHPUTTEL,send,1
ASHPUTTEL,set,4
ASHPUTTEL,shake,6
ASHPUTTEL,shall,4
ASHPUTTEL,shame,1
ASHPUTTEL,she,60
ASHPUTTEL,shoe,12
ASHPUTTEL,shoes,1
ASHPUTTEL,shook,1
ASHPUTTEL,should,6
ASHPUTTEL,shoulder,1
ASHPUTTEL,show,1
ASHPUTTEL,shut,2
ASHPUTTEL,sick,1
ASHPUTTEL,side,5
ASHPUTTEL,sight,1
ASHPUTTEL,silk,1
ASHPUTTEL,silly,1
ASHPUTTEL,silver,4
ASHPUTTEL,singing,1
ASHPUTTEL,sir,1
ASHPUTTEL,sister,1
ASHPUTTEL,sisters,7
ASHPUTTEL,sits,3
ASHPUTTEL,sky,2
ASHPUTTEL,slipped,4
ASHPUTTEL,slipper,7
ASHPUTTEL,slippers,2
ASHPUTTEL,slut,1
ASHPUTTEL,small,3
ASHPUTTEL,snow,1
ASHPUTTEL,so,13
ASHPUTTEL,some,1
ASHPUTTEL,son,10
ASHPUTTEL,song,1
ASHPUTTEL,soon,4
ASHPUTTEL,sorrowfully,1
ASHPUTTEL,sorry,1
ASHPUTTEL,sorts,1
ASHPUTTEL,spangled,1
ASHPUTTEL,sprang,1
ASHPUTTEL,spread,1
ASHPUTTEL,spring,1
ASHPUTTEL,sprung,1
ASHPUTTEL,squeezed,2
ASHPUTTEL,stairs,1
ASHPUTTEL,still,3
ASHPUTTEL,stockings,1
ASHPUTTEL,stood,2
ASHPUTTEL,stooped,1
ASHPUTTEL,strange,1
ASHPUTTEL,streamed,2
ASHPUTTEL,such,1
ASHPUTTEL,sun,1
ASHPUTTEL,sure,1
ASHPUTTEL,take,3
ASHPUTTEL,taken,1
ASHPUTTEL,taking,1
ASHPUTTEL,talked,1
ASHPUTTEL,tears,1
ASHPUTTEL,than,2
ASHPUTTEL,that,25
ASHPUTTEL,the,184
ASHPUTTEL,their,3
ASHPUTTEL,them,9
ASHPUTTEL,then,25
ASHPUTTEL,there,7
ASHPUTTEL,they,25
ASHPUTTEL,think,2
ASHPUTTEL,third,1
ASHPUTTEL,this,12
ASHPUTTEL,those,2
ASHPUTTEL,though,1
ASHPUTTEL,thought,6
ASHPUTTEL,three,2
ASHPUTTEL,threw,1
ASHPUTTEL,through,4
ASHPUTTEL,throw,1
ASHPUTTEL,thrush,2
ASHPUTTEL,thus,3
ASHPUTTEL,thy,6
ASHPUTTEL,tie,1
ASHPUTTEL,till,4
ASHPUTTEL,time,6
ASHPUTTEL,times,1
ASHPUTTEL,tired,1
ASHPUTTEL,to,80
ASHPUTTEL,toe,2
ASHPUTTEL,toes,1
ASHPUTTEL,told,3
ASHPUTTEL,too,7
ASHPUTTEL,took,10
ASHPUTTEL,towards,1
ASHPUTTEL,tree,6
ASHPUTTEL,trick,1
ASHPUTTEL,true,4
ASHPUTTEL,try,2
ASHPUTTEL,turn,1
ASHPUTTEL,turned,4
ASHPUTTEL,turtledoves,4
ASHPUTTEL,twig,2
ASHPUTTEL,two,11
ASHPUTTEL,unawares,1
ASHPUTTEL,under,3
ASHPUTTEL,unknown,2
ASHPUTTEL,up,4
ASHPUTTEL,upon,4
ASHPUTTEL,us,2
ASHPUTTEL,use,1
ASHPUTTEL,very,2
ASHPUTTEL,waited,2
ASHPUTTEL,waiting,1
ASHPUTTEL,walk,1
ASHPUTTEL,want,3
ASHPUTTEL,wanted,5
ASHPUTTEL,was,24
ASHPUTTEL,wash,1
ASHPUTTEL,washed,1
ASHPUTTEL,watch,1
ASHPUTTEL,watched,1
ASHPUTTEL,water,1
ASHPUTTEL,watered,1
ASHPUTTEL,way,2
ASHPUTTEL,ways,1
ASHPUTTEL,we,1
ASHPUTTEL,wear,2
ASHPUTTEL,went,15
ASHPUTTEL,wept,1
ASHPUTTEL,were,9
ASHPUTTEL,what,6
ASHPUTTEL,whatever,1
ASHPUTTEL,when,24
ASHPUTTEL,where,4
ASHPUTTEL,which,3
ASHPUTTEL,white,5
ASHPUTTEL,who,7
ASHPUTTEL,wife,6
ASHPUTTEL,will,8
ASHPUTTEL,window,2
ASHPUTTEL,windows,1
ASHPUTTEL,wished,1
ASHPUTTEL,with,18
ASHPUTTEL,within,1
ASHPUTTEL,without,1
ASHPUTTEL,wonder,1
ASHPUTTEL,wondered,1
ASHPUTTEL,work,4
ASHPUTTEL,worn,1
ASHPUTTEL,would,4
ASHPUTTEL,ye,4
ASHPUTTEL,you,24
ASHPUTTEL,your,3
BRIAR ROSE,a,33
BRIAR ROSE,about,3
BRIAR ROSE,after,3
BRIAR ROSE,again,2
BRIAR ROSE,ale,3
BRIAR ROSE,all,14
BRIAR ROSE,alone,1
BRIAR ROSE,also,2
BRIAR ROSE,altogether,1
BRIAR ROSE,amiss,1
BRIAR ROSE,an,3
BRIAR ROSE,and,105
BRIAR ROSE,angry,1
BRIAR ROSE,another,2
BRIAR ROSE,are,1
BRIAR ROSE,as,9
BRIAR ROSE,asked,2
BRIAR ROSE,asking,1
BRIAR ROSE,asleep,8
BRIAR ROSE,at,10
BRIAR ROSE,away,2
BRIAR ROSE,awoke,2
BRIAR ROSE,back,1
BRIAR ROSE,bank,1
BRIAR ROSE,barked,1
BRIAR ROSE,be,7
BRIAR ROSE,beat,1
BRIAR ROSE,beautiful,6
BRIAR ROSE,beauty,1
BRIAR ROSE,became,1
BRIAR ROSE,been,2
BRIAR ROSE,before,2
BRIAR ROSE,began,1
BRIAR ROSE,behaved,1
BRIAR ROSE,behind,1
BRIAR ROSE,bent,1
BRIAR ROSE,best,1
BRIAR ROSE,black,2
BRIAR ROSE,blazed,1
BRIAR ROSE,blazing,1
BRIAR ROSE,blessing,1
BRIAR ROSE,both,1
BRIAR ROSE,bottom,1
BRIAR ROSE,bought,1
BRIAR ROSE,box,2
BRIAR ROSE,boy,2
BRIAR ROSE,break,2
BRIAR ROSE,breath,1
BRIAR ROSE,briar,5
BRIAR ROSE,broomstick,1
BRIAR ROSE,brought,1
BRIAR ROSE,burnt,1
BRIAR ROSE,bushes,1
BRIAR ROSE,busily,1
BRIAR ROSE,but,14
BRIAR ROSE,butler,3
BRIAR ROSE,buzz,1
BRIAR ROSE,buzzed,1
BRIAR ROSE,by,5
BRIAR ROSE,called,2
BRIAR ROSE,came,11
BRIAR ROSE,cap,2
BRIAR ROSE,cease,1
BRIAR ROSE,chambers,1
BRIAR ROSE,child,2
BRIAR ROSE,children,1
BRIAR ROSE,chimneys,1
BRIAR ROSE,clothes,1
BRIAR ROSE,coach,1
BRIAR ROSE,come,3
BRIAR ROSE,cook,3
BRIAR ROSE,couch,1
BRIAR ROSE,could,6
BRIAR ROSE,country,1
BRIAR ROSE,court,5
BRIAR ROSE,courtyard,1
BRIAR ROSE,cried,1
BRIAR ROSE,daughter,5
BRIAR ROSE,day,4
BRIAR ROSE,days,1
BRIAR ROSE,dead,3
BRIAR ROSE,dear,1
BRIAR ROSE,deep,1
BRIAR ROSE,die,1
BRIAR ROSE,died,2
BRIAR ROSE,dininghall,1
BRIAR ROSE,dinner,2
BRIAR ROSE,dishes,1
BRIAR ROSE,do,1
BRIAR ROSE,dogs,3
BRIAR ROSE,doing,1
BRIAR ROSE,done,2
BRIAR ROSE,door,4
BRIAR ROSE,down,3
BRIAR ROSE,draught,2
BRIAR ROSE,drew,1
BRIAR ROSE,drink,2
BRIAR ROSE,each,2
BRIAR ROSE,ear,2
BRIAR ROSE,ease,1
BRIAR ROSE,eat,2
BRIAR ROSE,eleven,2
BRIAR ROSE,ended,1
BRIAR ROSE,ending,1
BRIAR ROSE,even,2
BRIAR ROSE,ever,2
BRIAR ROSE,every,3
BRIAR ROSE,everyone,1
BRIAR ROSE,everything,1
BRIAR ROSE,evil,2
BRIAR ROSE,eyes,2
BRIAR ROSE,fairies,7
BRIAR ROSE,fairy,2
BRIAR ROSE,fall,2
BRIAR ROSE,fallen,1
BRIAR ROSE,farther,1
BRIAR ROSE,fast,4
BRIAR ROSE,feast,4
BRIAR ROSE,feet,2
BRIAR ROSE,fell,4
BRIAR ROSE,fields,1
BRIAR ROSE,fifteen,1
BRIAR ROSE,fifteenth,1
BRIAR ROSE,fine,1
BRIAR ROSE,finished,1
BRIAR ROSE,fire,2
BRIAR ROSE,first,1
BRIAR ROSE,fish,3
BRIAR ROSE,flew,1
BRIAR ROSE,flies,3
BRIAR ROSE,flowering,1
BRIAR ROSE,for,10
BRIAR ROSE,forced,1
BRIAR ROSE,foretold,1
BRIAR ROSE,forward,1
BRIAR ROSE,fowl,2
BRIAR ROSE,friendly,1
BRIAR ROSE,friends,1
BRIAR ROSE,frighten,1
BRIAR ROSE,from,4
BRIAR ROSE,fulfilled,4
BRIAR ROSE,garden,1
BRIAR ROSE,gasping,1
BRIAR ROSE,gathered,1
BRIAR ROSE,gave,4
BRIAR ROSE,gazed,1
BRIAR ROSE,gift,2
BRIAR ROSE,gifts,2
BRIAR ROSE,girl,1
BRIAR ROSE,give,1
BRIAR ROSE,given,2
BRIAR ROSE,go,2
BRIAR ROSE,going,3
BRIAR ROSE,golden,2
BRIAR ROSE,good,5
BRIAR ROSE,goodness,1
BRIAR ROSE,goose,2
BRIAR ROSE,grandfather,1
BRIAR ROSE,great,4
BRIAR ROSE,grew,1
BRIAR ROSE,grieved,1
BRIAR ROSE,ground,1
BRIAR ROSE,had,20
BRIAR ROSE,hair,1
BRIAR ROSE,hand,3
BRIAR ROSE,hands,1
BRIAR ROSE,happened,1
BRIAR ROSE,happily,1
BRIAR ROSE,have,2
BRIAR ROSE,he,18
BRIAR ROSE,head,4
BRIAR ROSE,heads,2
BRIAR ROSE,hear,1
BRIAR ROSE,heard,2
BRIAR ROSE,hearth,1
BRIAR ROSE,hedge,1
BRIAR ROSE,heels,1
BRIAR ROSE,her,25
BRIAR ROSE,herself,1
BRIAR ROSE,hidden,1
BRIAR ROSE,high,2
BRIAR ROSE,higher,1
BRIAR ROSE,him,6
BRIAR ROSE,hinder,1
BRIAR ROSE,his,8
BRIAR ROSE,hold,2
BRIAR ROSE,holding,1
BRIAR ROSE,home,2
BRIAR ROSE,hoped,1
BRIAR ROSE,horses,3
BRIAR ROSE,housetop,1
BRIAR ROSE,how,5
BRIAR ROSE,however,3
BRIAR ROSE,humming,1
BRIAR ROSE,hundred,2
BRIAR ROSE,i,3
BRIAR ROSE,if,1
BRIAR ROSE,in,26
BRIAR ROSE,indeed,1
BRIAR ROSE,into,7
BRIAR ROSE,is,1
BRIAR ROSE,it,15
BRIAR ROSE,its,2
BRIAR ROSE,itself,1
BRIAR ROSE,jack,2
BRIAR ROSE,joy,1
BRIAR ROSE,jug,2
BRIAR ROSE,jumped,1
BRIAR ROSE,just,2
BRIAR ROSE,key,1
BRIAR ROSE,kind,1
BRIAR ROSE,kindness,1
BRIAR ROSE,king,15
BRIAR ROSE,kingdom,2
BRIAR ROSE,kings,1
BRIAR ROSE,kinsmen,1
BRIAR ROSE,kiss,1
BRIAR ROSE,kissed,1
BRIAR ROSE,kitchen,2
BRIAR ROSE,kitchenboy,1
BRIAR ROSE,knew,1
BRIAR ROSE,know,1
BRIAR ROSE,lady,2
BRIAR ROSE,laid,1
BRIAR ROSE,land,3
BRIAR ROSE,lap,1
BRIAR ROSE,large,1
BRIAR ROSE,last,4
BRIAR ROSE,lay,4
BRIAR ROSE,leave,1
BRIAR ROSE,left,2
BRIAR ROSE,let,1
BRIAR ROSE,lifeless,1
BRIAR ROSE,lifted,1
BRIAR ROSE,lips,2
BRIAR ROSE,little,9
BRIAR ROSE,lived,1
BRIAR ROSE,lives,1
BRIAR ROSE,long,2
BRIAR ROSE,looked,3
BRIAR ROSE,looking,1
BRIAR ROSE,loved,1
BRIAR ROSE,maid,2
BRIAR ROSE,make,1
BRIAR ROSE,man,2
BRIAR ROSE,many,5
BRIAR ROSE,married,2
BRIAR ROSE,me,2
BRIAR ROSE,meantime,1
BRIAR ROSE,merry,1
BRIAR ROSE,might,1
BRIAR ROSE,mischief,1
BRIAR ROSE,moment,2
BRIAR ROSE,money,1
BRIAR ROSE,mother,1
BRIAR ROSE,much,2
BRIAR ROSE,must,1
BRIAR ROSE,narrow,1
BRIAR ROSE,nearly,1
BRIAR ROSE,neighbours,1
BRIAR ROSE,no,1
BRIAR ROSE,nobles,1
BRIAR ROSE,nodded,1
BRIAR ROSE,noise,1
BRIAR ROSE,none,1
BRIAR ROSE,not,9
BRIAR ROSE,nothing,1
BRIAR ROSE,now,5
BRIAR ROSE,of,21
BRIAR ROSE,off,3
BRIAR ROSE,old,8
BRIAR ROSE,on,21
BRIAR ROSE,once,1
BRIAR ROSE,one,3
BRIAR ROSE,only,3
BRIAR ROSE,open,1
BRIAR ROSE,opened,2
BRIAR ROSE,or,1
BRIAR ROSE,ordered,1
BRIAR ROSE,other,1
BRIAR ROSE,our,1
BRIAR ROSE,out,6
BRIAR ROSE,over,1
BRIAR ROSE,palace,7
BRIAR ROSE,pass,1
BRIAR ROSE,pigeons,3
BRIAR ROSE,pity,1
BRIAR ROSE,plenty,3
BRIAR ROSE,plucked,1
BRIAR ROSE,plucking,1
BRIAR ROSE,poor,1
BRIAR ROSE,presently,1
BRIAR ROSE,prettily,1
BRIAR ROSE,prince,3
BRIAR ROSE,princes,1
BRIAR ROSE,princess,5
BRIAR ROSE,prophecy,1
BRIAR ROSE,pulling,1
BRIAR ROSE,queen,11
BRIAR ROSE,ready,1
BRIAR ROSE,really,1
BRIAR ROSE,red,2
BRIAR ROSE,reigned,1
BRIAR ROSE,report,1
BRIAR ROSE,return,1
BRIAR ROSE,revenge,1
BRIAR ROSE,riches,1
BRIAR ROSE,ride,1
BRIAR ROSE,ring,1
BRIAR ROSE,river,2
BRIAR ROSE,roof,2
BRIAR ROSE,room,1
BRIAR ROSE,rooms,1
BRIAR ROSE,rose,5
BRIAR ROSE,round,5
BRIAR ROSE,roved,1
BRIAR ROSE,s,7
BRIAR ROSE,said,8
BRIAR ROSE,sat,3
BRIAR ROSE,save,1
BRIAR ROSE,saw,2
BRIAR ROSE,scarcely,1
BRIAR ROSE,scolded,1
BRIAR ROSE,see,1
BRIAR ROSE,seen,1
BRIAR ROSE,set,1
BRIAR ROSE,several,1
BRIAR ROSE,shall,3
BRIAR ROSE,she,19
BRIAR ROSE,shoes,2
BRIAR ROSE,shook,1
BRIAR ROSE,should,3
BRIAR ROSE,show,1
BRIAR ROSE,shrubs,1
BRIAR ROSE,shut,1
BRIAR ROSE,side,1
BRIAR ROSE,sleep,2
BRIAR ROSE,sleeping,2
BRIAR ROSE,slept,3
BRIAR ROSE,slyly,1
BRIAR ROSE,smiled,1
BRIAR ROSE,so,15
BRIAR ROSE,soften,1
BRIAR ROSE,something,1
BRIAR ROSE,son,1
BRIAR ROSE,sons,1
BRIAR ROSE,soon,4
BRIAR ROSE,soundly,1
BRIAR ROSE,spin,1
BRIAR ROSE,spindle,4
BRIAR ROSE,spindles,1
BRIAR ROSE,spinning,2
BRIAR ROSE,spit,3
BRIAR ROSE,sprang,1
BRIAR ROSE,stables,2
BRIAR ROSE,staircase,1
BRIAR ROSE,standing,2
BRIAR ROSE,still,7
BRIAR ROSE,stood,3
BRIAR ROSE,stooped,1
BRIAR ROSE,stopped,1
BRIAR ROSE,story,1
BRIAR ROSE,stuck,2
BRIAR ROSE,surrounded,1
BRIAR ROSE,swam,1
BRIAR ROSE,take,2
BRIAR ROSE,tasting,1
BRIAR ROSE,that,22
BRIAR ROSE,the,141
BRIAR ROSE,their,7
BRIAR ROSE,them,5
BRIAR ROSE,themselves,1
BRIAR ROSE,then,6
BRIAR ROSE,there,11
BRIAR ROSE,they,10
BRIAR ROSE,thick,1
BRIAR ROSE,thicker,1
BRIAR ROSE,thicket,4
BRIAR ROSE,thing,1
BRIAR ROSE,things,1
BRIAR ROSE,thirteen,1
BRIAR ROSE,thirteenth,1
BRIAR ROSE,this,5
BRIAR ROSE,thorns,3
BRIAR ROSE,those,1
BRIAR ROSE,though,1
BRIAR ROSE,threatened,1
BRIAR ROSE,threw,1
BRIAR ROSE,through,4
BRIAR ROSE,thrown,1
BRIAR ROSE,thus,1
BRIAR ROSE,till,4
BRIAR ROSE,time,3
BRIAR ROSE,to,29
BRIAR ROSE,together,2
BRIAR ROSE,told,2
BRIAR ROSE,too,2
BRIAR ROSE,took,3
BRIAR ROSE,touched,1
BRIAR ROSE,tower,2
BRIAR ROSE,tried,3
BRIAR ROSE,try,1
BRIAR ROSE,tune,1
BRIAR ROSE,turned,1
BRIAR ROSE,turning,1
BRIAR ROSE,turns,1
BRIAR ROSE,twelfth,1
BRIAR ROSE,twelve,2
BRIAR ROSE,under,2
BRIAR ROSE,up,5
BRIAR ROSE,upon,6
BRIAR ROSE,very,8
BRIAR ROSE,walking,1
BRIAR ROSE,walls,3
BRIAR ROSE,wand,1
BRIAR ROSE,was,27
BRIAR ROSE,water,2
BRIAR ROSE,way,1
BRIAR ROSE,wear,1
BRIAR ROSE,wedding,1
BRIAR ROSE,well,1
BRIAR ROSE,went,9
BRIAR ROSE,were,10
BRIAR ROSE,what,3
BRIAR ROSE,wheel,1
BRIAR ROSE,when,3
BRIAR ROSE,where,1
BRIAR ROSE,which,3
BRIAR ROSE,while,1
BRIAR ROSE,white,1
BRIAR ROSE,who,5
BRIAR ROSE,why,1
BRIAR ROSE,will,3
BRIAR ROSE,window,1
BRIAR ROSE,wings,2
BRIAR ROSE,wise,1
BRIAR ROSE,wish,2
BRIAR ROSE,with,13
BRIAR ROSE,without,1
BRIAR ROSE,wonder,1
BRIAR ROSE,wonderful,1
BRIAR ROSE,word,1
BRIAR ROSE,work,1
BRIAR ROSE,world,1
BRIAR ROSE,would,1
BRIAR ROSE,wounded,3
BRIAR ROSE,wretchedly,1
BRIAR ROSE,year,2
BRIAR ROSE,years,5
BRIAR ROSE,yet,1
BRIAR ROSE,you,2
BRIAR ROSE,young,1
BRIAR ROSE,your,2
CAT AND MOUSE IN PARTNERSHIP,a,17
CAT AND MOUSE IN PARTNERSHIP,about,1
CAT AND MOUSE IN PARTNERSHIP,absence,1
CAT AND MOUSE IN PARTNERSHIP,acquaintance,1
CAT AND MOUSE IN PARTNERSHIP,advice,1
CAT AND MOUSE IN PARTNERSHIP,after,2
CAT AND MOUSE IN PARTNERSHIP,again,3
CAT AND MOUSE IN PARTNERSHIP,agreed,1
CAT AND MOUSE IN PARTNERSHIP,alas,1
CAT AND MOUSE IN PARTNERSHIP,all,6
CAT AND MOUSE IN PARTNERSHIP,allgone,4
CAT AND MOUSE IN PARTNERSHIP,alone,1
CAT AND MOUSE IN PARTNERSHIP,already,1
CAT AND MOUSE IN PARTNERSHIP,altar,1
CAT AND MOUSE IN PARTNERSHIP,am,3
CAT AND MOUSE IN PARTNERSHIP,and,33
CAT AND MOUSE IN PARTNERSHIP,another,1
CAT AND MOUSE IN PARTNERSHIP,answered,5
CAT AND MOUSE IN PARTNERSHIP,anything,4
CAT AND MOUSE IN PARTNERSHIP,are,7
CAT AND MOUSE IN PARTNERSHIP,arrived,1
CAT AND MOUSE IN PARTNERSHIP,as,5
CAT AND MOUSE IN PARTNERSHIP,asked,5
CAT AND MOUSE IN PARTNERSHIP,at,6
CAT AND MOUSE IN PARTNERSHIP,away,1
CAT AND MOUSE IN PARTNERSHIP,be,7
CAT AND MOUSE IN PARTNERSHIP,because,1
CAT AND MOUSE IN PARTNERSHIP,been,2
CAT AND MOUSE IN PARTNERSHIP,before,3
CAT AND MOUSE IN PARTNERSHIP,began,2
CAT AND MOUSE IN PARTNERSHIP,behind,1
CAT AND MOUSE IN PARTNERSHIP,beneath,1
CAT AND MOUSE IN PARTNERSHIP,better,1
CAT AND MOUSE IN PARTNERSHIP,black,1
CAT AND MOUSE IN PARTNERSHIP,body,1
CAT AND MOUSE IN PARTNERSHIP,bought,1
CAT AND MOUSE IN PARTNERSHIP,brought,1
CAT AND MOUSE IN PARTNERSHIP,brown,1
CAT AND MOUSE IN PARTNERSHIP,but,9
CAT AND MOUSE IN PARTNERSHIP,by,3
CAT AND MOUSE IN PARTNERSHIP,calendar,1
CAT AND MOUSE IN PARTNERSHIP,called,2
CAT AND MOUSE IN PARTNERSHIP,can,3
CAT AND MOUSE IN PARTNERSHIP,cat,21
CAT AND MOUSE IN PARTNERSHIP,caught,1
CAT AND MOUSE IN PARTNERSHIP,certain,1
CAT AND MOUSE IN PARTNERSHIP,certainly,1
CAT AND MOUSE IN PARTNERSHIP,child,5
CAT AND MOUSE IN PARTNERSHIP,christened,1
CAT AND MOUSE IN PARTNERSHIP,christening,2
CAT AND MOUSE IN PARTNERSHIP,church,3
CAT AND MOUSE IN PARTNERSHIP,cleaned,1
CAT AND MOUSE IN PARTNERSHIP,coat,1
CAT AND MOUSE IN PARTNERSHIP,come,2
CAT AND MOUSE IN PARTNERSHIP,comes,1
CAT AND MOUSE IN PARTNERSHIP,consented,1
CAT AND MOUSE IN PARTNERSHIP,consideration,1
CAT AND MOUSE IN PARTNERSHIP,coolly,1
CAT AND MOUSE IN PARTNERSHIP,cousin,2
CAT AND MOUSE IN PARTNERSHIP,crept,1
CAT AND MOUSE IN PARTNERSHIP,cried,3
CAT AND MOUSE IN PARTNERSHIP,crumbstealer,1
CAT AND MOUSE IN PARTNERSHIP,curled,1
CAT AND MOUSE IN PARTNERSHIP,dainty,1
CAT AND MOUSE IN PARTNERSHIP,dares,1
CAT AND MOUSE IN PARTNERSHIP,darkgrey,1
CAT AND MOUSE IN PARTNERSHIP,day,4
CAT AND MOUSE IN PARTNERSHIP,daytime,1
CAT AND MOUSE IN PARTNERSHIP,devoured,2
CAT AND MOUSE IN PARTNERSHIP,did,4
CAT AND MOUSE IN PARTNERSHIP,do,2
CAT AND MOUSE IN PARTNERSHIP,does,1
CAT AND MOUSE IN PARTNERSHIP,doubt,1
CAT AND MOUSE IN PARTNERSHIP,down,2
CAT AND MOUSE IN PARTNERSHIP,drop,1
CAT AND MOUSE IN PARTNERSHIP,during,1
CAT AND MOUSE IN PARTNERSHIP,eat,2
CAT AND MOUSE IN PARTNERSHIP,eaten,1
CAT AND MOUSE IN PARTNERSHIP,else,1
CAT AND MOUSE IN PARTNERSHIP,emptied,1
CAT AND MOUSE IN PARTNERSHIP,empty,1
CAT AND MOUSE IN PARTNERSHIP,enjoy,3
CAT AND MOUSE IN PARTNERSHIP,entirely,1
CAT AND MOUSE IN PARTNERSHIP,evening,1
CAT AND MOUSE IN PARTNERSHIP,ever,1
CAT AND MOUSE IN PARTNERSHIP,every,1
CAT AND MOUSE IN PARTNERSHIP,everything,1
CAT AND MOUSE IN PARTNERSHIP,everywhere,1
CAT AND MOUSE IN PARTNERSHIP,exception,1
CAT AND MOUSE IN PARTNERSHIP,family,1
CAT AND MOUSE IN PARTNERSHIP,fancies,1
CAT AND MOUSE IN PARTNERSHIP,fat,9
CAT AND MOUSE IN PARTNERSHIP,favour,1
CAT AND MOUSE IN PARTNERSHIP,felt,1
CAT AND MOUSE IN PARTNERSHIP,few,1
CAT AND MOUSE IN PARTNERSHIP,filled,2
CAT AND MOUSE IN PARTNERSHIP,first,1
CAT AND MOUSE IN PARTNERSHIP,fit,1
CAT AND MOUSE IN PARTNERSHIP,followed,1
CAT AND MOUSE IN PARTNERSHIP,font,1
CAT AND MOUSE IN PARTNERSHIP,for,8
CAT AND MOUSE IN PARTNERSHIP,forth,1
CAT AND MOUSE IN PARTNERSHIP,found,1
CAT AND MOUSE IN PARTNERSHIP,friend,1
CAT AND MOUSE IN PARTNERSHIP,friendship,1
CAT AND MOUSE IN PARTNERSHIP,from,3
CAT AND MOUSE IN PARTNERSHIP,fur,1
CAT AND MOUSE IN PARTNERSHIP,get,1
CAT AND MOUSE IN PARTNERSHIP,give,1
CAT AND MOUSE IN PARTNERSHIP,given,1
CAT AND MOUSE IN PARTNERSHIP,go,6
CAT AND MOUSE IN PARTNERSHIP,godchildren,1
CAT AND MOUSE IN PARTNERSHIP,godmother,6
CAT AND MOUSE IN PARTNERSHIP,good,5
CAT AND MOUSE IN PARTNERSHIP,great,2
CAT AND MOUSE IN PARTNERSHIP,greedy,1
CAT AND MOUSE IN PARTNERSHIP,had,9
CAT AND MOUSE IN PARTNERSHIP,hair,1
CAT AND MOUSE IN PARTNERSHIP,half,1
CAT AND MOUSE IN PARTNERSHIP,halfdone,4
CAT AND MOUSE IN PARTNERSHIP,happened,1
CAT AND MOUSE IN PARTNERSHIP,happens,1
CAT AND MOUSE IN PARTNERSHIP,has,7
CAT AND MOUSE IN PARTNERSHIP,have,4
CAT AND MOUSE IN PARTNERSHIP,he,2
CAT AND MOUSE IN PARTNERSHIP,head,1
CAT AND MOUSE IN PARTNERSHIP,heard,1
CAT AND MOUSE IN PARTNERSHIP,her,8
CAT AND MOUSE IN PARTNERSHIP,here,1
CAT AND MOUSE IN PARTNERSHIP,herself,3
CAT AND MOUSE IN PARTNERSHIP,him,1
CAT AND MOUSE IN PARTNERSHIP,hold,2
CAT AND MOUSE IN PARTNERSHIP,home,4
CAT AND MOUSE IN PARTNERSHIP,house,4
CAT AND MOUSE IN PARTNERSHIP,however,1
CAT AND MOUSE IN PARTNERSHIP,hunger,1
CAT AND MOUSE IN PARTNERSHIP,i,12
CAT AND MOUSE IN PARTNERSHIP,if,1
CAT AND MOUSE IN PARTNERSHIP,in,14
CAT AND MOUSE IN PARTNERSHIP,inquired,1
CAT AND MOUSE IN PARTNERSHIP,into,1
CAT AND MOUSE IN PARTNERSHIP,invited,1
CAT AND MOUSE IN PARTNERSHIP,is,10
CAT AND MOUSE IN PARTNERSHIP,it,21
CAT AND MOUSE IN PARTNERSHIP,its,3
CAT AND MOUSE IN PARTNERSHIP,keep,1
CAT AND MOUSE IN PARTNERSHIP,keeps,1
CAT AND MOUSE IN PARTNERSHIP,know,2
CAT AND MOUSE IN PARTNERSHIP,lay,1
CAT AND MOUSE IN PARTNERSHIP,length,2
CAT AND MOUSE IN PARTNERSHIP,let,2
CAT AND MOUSE IN PARTNERSHIP,lick,1
CAT AND MOUSE IN PARTNERSHIP,licked,2
CAT AND MOUSE IN PARTNERSHIP,licking,1
CAT AND MOUSE IN PARTNERSHIP,life,1
CAT AND MOUSE IN PARTNERSHIP,light,1
CAT AND MOUSE IN PARTNERSHIP,like,1
CAT AND MOUSE IN PARTNERSHIP,lips,2
CAT AND MOUSE IN PARTNERSHIP,little,3
CAT AND MOUSE IN PARTNERSHIP,live,1
CAT AND MOUSE IN PARTNERSHIP,ll,1
CAT AND MOUSE IN PARTNERSHIP,long,3
CAT AND MOUSE IN PARTNERSHIP,longer,1
CAT AND MOUSE IN PARTNERSHIP,look,1
CAT AND MOUSE IN PARTNERSHIP,looked,1
CAT AND MOUSE IN PARTNERSHIP,love,1
CAT AND MOUSE IN PARTNERSHIP,made,1
CAT AND MOUSE IN PARTNERSHIP,make,2
CAT AND MOUSE IN PARTNERSHIP,manage,1
CAT AND MOUSE IN PARTNERSHIP,matter,1
CAT AND MOUSE IN PARTNERSHIP,me,6
CAT AND MOUSE IN PARTNERSHIP,mean,1
CAT AND MOUSE IN PARTNERSHIP,means,1
CAT AND MOUSE IN PARTNERSHIP,merry,1
CAT AND MOUSE IN PARTNERSHIP,more,4
CAT AND MOUSE IN PARTNERSHIP,most,1
CAT AND MOUSE IN PARTNERSHIP,mouse,18
CAT AND MOUSE IN PARTNERSHIP,mouth,1
CAT AND MOUSE IN PARTNERSHIP,much,3
CAT AND MOUSE IN PARTNERSHIP,must,2
CAT AND MOUSE IN PARTNERSHIP,my,2
CAT AND MOUSE IN PARTNERSHIP,myself,1
CAT AND MOUSE IN PARTNERSHIP,name,5
CAT AND MOUSE IN PARTNERSHIP,names,1
CAT AND MOUSE IN PARTNERSHIP,neck,1
CAT AND MOUSE IN PARTNERSHIP,need,1
CAT AND MOUSE IN PARTNERSHIP,never,2
CAT AND MOUSE IN PARTNERSHIP,night,1
CAT AND MOUSE IN PARTNERSHIP,no,7
CAT AND MOUSE IN PARTNERSHIP,not,12
CAT AND MOUSE IN PARTNERSHIP,nothing,1
CAT AND MOUSE IN PARTNERSHIP,now,2
CAT AND MOUSE IN PARTNERSHIP,odd,2
CAT AND MOUSE IN PARTNERSHIP,of,20
CAT AND MOUSE IN PARTNERSHIP,off,5
CAT AND MOUSE IN PARTNERSHIP,on,4
CAT AND MOUSE IN PARTNERSHIP,once,3
CAT AND MOUSE IN PARTNERSHIP,one,6
CAT AND MOUSE IN PARTNERSHIP,oneself,1
CAT AND MOUSE IN PARTNERSHIP,only,2
CAT AND MOUSE IN PARTNERSHIP,opportunities,1
CAT AND MOUSE IN PARTNERSHIP,or,2
CAT AND MOUSE IN PARTNERSHIP,order,1
CAT AND MOUSE IN PARTNERSHIP,others,1
CAT AND MOUSE IN PARTNERSHIP,our,1
CAT AND MOUSE IN PARTNERSHIP,ourselves,1
CAT AND MOUSE IN PARTNERSHIP,out,5
CAT AND MOUSE IN PARTNERSHIP,outside,1
CAT AND MOUSE IN PARTNERSHIP,over,1
CAT AND MOUSE IN PARTNERSHIP,paws,1
CAT AND MOUSE IN PARTNERSHIP,peace,1
CAT AND MOUSE IN PARTNERSHIP,place,2
CAT AND MOUSE IN PARTNERSHIP,placed,1
CAT AND MOUSE IN PARTNERSHIP,please,1
CAT AND MOUSE IN PARTNERSHIP,poor,1
CAT AND MOUSE IN PARTNERSHIP,pot,8
CAT AND MOUSE IN PARTNERSHIP,print,1
CAT AND MOUSE IN PARTNERSHIP,provision,2
CAT AND MOUSE IN PARTNERSHIP,put,2
CAT AND MOUSE IN PARTNERSHIP,quite,3
CAT AND MOUSE IN PARTNERSHIP,really,1
CAT AND MOUSE IN PARTNERSHIP,red,1
CAT AND MOUSE IN PARTNERSHIP,refuse,1
CAT AND MOUSE IN PARTNERSHIP,return,2
CAT AND MOUSE IN PARTNERSHIP,ring,1
CAT AND MOUSE IN PARTNERSHIP,roofs,1
CAT AND MOUSE IN PARTNERSHIP,round,1
CAT AND MOUSE IN PARTNERSHIP,s,5
CAT AND MOUSE IN PARTNERSHIP,safety,1
CAT AND MOUSE IN PARTNERSHIP,said,15
CAT AND MOUSE IN PARTNERSHIP,satisfied,1
CAT AND MOUSE IN PARTNERSHIP,saying,1
CAT AND MOUSE IN PARTNERSHIP,scarcely,1
CAT AND MOUSE IN PARTNERSHIP,see,1
CAT AND MOUSE IN PARTNERSHIP,seems,1
CAT AND MOUSE IN PARTNERSHIP,seen,1
CAT AND MOUSE IN PARTNERSHIP,seized,2
CAT AND MOUSE IN PARTNERSHIP,set,2
CAT AND MOUSE IN PARTNERSHIP,shall,2
CAT AND MOUSE IN PARTNERSHIP,she,13
CAT AND MOUSE IN PARTNERSHIP,shook,1
CAT AND MOUSE IN PARTNERSHIP,should,2
CAT AND MOUSE IN PARTNERSHIP,single,1
CAT AND MOUSE IN PARTNERSHIP,sit,1
CAT AND MOUSE IN PARTNERSHIP,sleep,1
CAT AND MOUSE IN PARTNERSHIP,so,3
CAT AND MOUSE IN PARTNERSHIP,some,3
CAT AND MOUSE IN PARTNERSHIP,something,1
CAT AND MOUSE IN PARTNERSHIP,son,1
CAT AND MOUSE IN PARTNERSHIP,soon,1
CAT AND MOUSE IN PARTNERSHIP,spoken,1
CAT AND MOUSE IN PARTNERSHIP,spots,1
CAT AND MOUSE IN PARTNERSHIP,sprang,1
CAT AND MOUSE IN PARTNERSHIP,stand,1
CAT AND MOUSE IN PARTNERSHIP,standing,1
CAT AND MOUSE IN PARTNERSHIP,sticking,1
CAT AND MOUSE IN PARTNERSHIP,still,1
CAT AND MOUSE IN PARTNERSHIP,stole,1
CAT AND MOUSE IN PARTNERSHIP,stored,2
CAT AND MOUSE IN PARTNERSHIP,straight,1
CAT AND MOUSE IN PARTNERSHIP,stretched,1
CAT AND MOUSE IN PARTNERSHIP,such,1
CAT AND MOUSE IN PARTNERSHIP,suffer,1
CAT AND MOUSE IN PARTNERSHIP,sun,1
CAT AND MOUSE IN PARTNERSHIP,suspicious,1
CAT AND MOUSE IN PARTNERSHIP,swallowed,1
CAT AND MOUSE IN PARTNERSHIP,sweet,1
CAT AND MOUSE IN PARTNERSHIP,t,1
CAT AND MOUSE IN PARTNERSHIP,tail,1
CAT AND MOUSE IN PARTNERSHIP,take,1
CAT AND MOUSE IN PARTNERSHIP,tell,1
CAT AND MOUSE IN PARTNERSHIP,than,3
CAT AND MOUSE IN PARTNERSHIP,that,11
CAT AND MOUSE IN PARTNERSHIP,the,73
CAT AND MOUSE IN PARTNERSHIP,their,2
CAT AND MOUSE IN PARTNERSHIP,then,4
CAT AND MOUSE IN PARTNERSHIP,there,2
CAT AND MOUSE IN PARTNERSHIP,they,7
CAT AND MOUSE IN PARTNERSHIP,things,1
CAT AND MOUSE IN PARTNERSHIP,think,1
CAT AND MOUSE IN PARTNERSHIP,third,1
CAT AND MOUSE IN PARTNERSHIP,this,3
CAT AND MOUSE IN PARTNERSHIP,thought,2
CAT AND MOUSE IN PARTNERSHIP,thoughtful,1
CAT AND MOUSE IN PARTNERSHIP,threes,1
CAT AND MOUSE IN PARTNERSHIP,till,1
CAT AND MOUSE IN PARTNERSHIP,time,1
CAT AND MOUSE IN PARTNERSHIP,to,24
CAT AND MOUSE IN PARTNERSHIP,today,1
CAT AND MOUSE IN PARTNERSHIP,together,1
CAT AND MOUSE IN PARTNERSHIP,tongue,2
CAT AND MOUSE IN PARTNERSHIP,too,1
CAT AND MOUSE IN PARTNERSHIP,took,1
CAT AND MOUSE IN PARTNERSHIP,top,4
CAT AND MOUSE IN PARTNERSHIP,topoff,1
CAT AND MOUSE IN PARTNERSHIP,touch,1
CAT AND MOUSE IN PARTNERSHIP,town,2
CAT AND MOUSE IN PARTNERSHIP,trap,1
CAT AND MOUSE IN PARTNERSHIP,true,1
CAT AND MOUSE IN PARTNERSHIP,uncommon,1
CAT AND MOUSE IN PARTNERSHIP,until,2
CAT AND MOUSE IN PARTNERSHIP,untrue,1
CAT AND MOUSE IN PARTNERSHIP,up,4
CAT AND MOUSE IN PARTNERSHIP,upon,1
CAT AND MOUSE IN PARTNERSHIP,usual,1
CAT AND MOUSE IN PARTNERSHIP,venture,1
CAT AND MOUSE IN PARTNERSHIP,verily,1
CAT AND MOUSE IN PARTNERSHIP,very,3
CAT AND MOUSE IN PARTNERSHIP,wager,1
CAT AND MOUSE IN PARTNERSHIP,walk,1
CAT AND MOUSE IN PARTNERSHIP,walls,1
CAT AND MOUSE IN PARTNERSHIP,want,1
CAT AND MOUSE IN PARTNERSHIP,was,13
CAT AND MOUSE IN PARTNERSHIP,water,1
CAT AND MOUSE IN PARTNERSHIP,way,2
CAT AND MOUSE IN PARTNERSHIP,we,7
CAT AND MOUSE IN PARTNERSHIP,well,3
CAT AND MOUSE IN PARTNERSHIP,went,3
CAT AND MOUSE IN PARTNERSHIP,were,1
CAT AND MOUSE IN PARTNERSHIP,what,8
CAT AND MOUSE IN PARTNERSHIP,when,5
CAT AND MOUSE IN PARTNERSHIP,whenever,1
CAT AND MOUSE IN PARTNERSHIP,where,2
CAT AND MOUSE IN PARTNERSHIP,which,1
CAT AND MOUSE IN PARTNERSHIP,white,4
CAT AND MOUSE IN PARTNERSHIP,whole,1
CAT AND MOUSE IN PARTNERSHIP,will,9
CAT AND MOUSE IN PARTNERSHIP,window,1
CAT AND MOUSE IN PARTNERSHIP,wine,1
CAT AND MOUSE IN PARTNERSHIP,winter,2
CAT AND MOUSE IN PARTNERSHIP,with,4
CAT AND MOUSE IN PARTNERSHIP,won,1
CAT AND MOUSE IN PARTNERSHIP,word,1
CAT AND MOUSE IN PARTNERSHIP,work,1
CAT AND MOUSE IN PARTNERSHIP,world,2
CAT AND MOUSE IN PARTNERSHIP,worse,1
CAT AND MOUSE IN PARTNERSHIP,would,1
CAT AND MOUSE IN PARTNERSHIP,yearning,2
CAT AND MOUSE IN PARTNERSHIP,years,1
CAT AND MOUSE IN PARTNERSHIP,yes,3
CAT AND MOUSE IN PARTNERSHIP,you,21
CAT AND MOUSE IN PARTNERSHIP,your,4
CAT AND MOUSE IN PARTNERSHIP,yours,1
CAT AND MOUSE IN PARTNERSHIP,yourself,1
CAT-SKIN,a,46
CAT-SKIN,about,3
CAT-SKIN,above,1
CAT-SKIN,after,2
CAT-SKIN,again,13
CAT-SKIN,ah,1
CAT-SKIN,alive,1
CAT-SKIN,all,8
CAT-SKIN,alone,1
CAT-SKIN,also,1
CAT-SKIN,always,1
CAT-SKIN,am,4
CAT-SKIN,an,5
CAT-SKIN,and,122
CAT-SKIN,another,4
CAT-SKIN,answered,2
CAT-SKIN,any,4
CAT-SKIN,anyone,1
CAT-SKIN,anything,1
CAT-SKIN,are,2
CAT-SKIN,as,27
CAT-SKIN,ashes,5
CAT-SKIN,asked,5
CAT-SKIN,asleep,3
CAT-SKIN,at,11
CAT-SKIN,ate,1
CAT-SKIN,away,6
CAT-SKIN,awoke,1
CAT-SKIN,back,2
CAT-SKIN,ballroom,1
CAT-SKIN,bark,1
CAT-SKIN,be,21
CAT-SKIN,beast,2
CAT-SKIN,beasts,1
CAT-SKIN,beating,1
CAT-SKIN,beautiful,10
CAT-SKIN,beauty,1
CAT-SKIN,become,1
CAT-SKIN,been,1
CAT-SKIN,before,9
CAT-SKIN,began,3
CAT-SKIN,behind,2
CAT-SKIN,belonged,1
CAT-SKIN,beloved,1
CAT-SKIN,besides,1
CAT-SKIN,besmeared,1
CAT-SKIN,better,2
CAT-SKIN,beyond,1
CAT-SKIN,blacken,1
CAT-SKIN,blackened,1
CAT-SKIN,blow,1
CAT-SKIN,boots,2
CAT-SKIN,both,1
CAT-SKIN,bottom,2
CAT-SKIN,bread,1
CAT-SKIN,bride,3
CAT-SKIN,brooch,2
CAT-SKIN,brought,4
CAT-SKIN,business,1
CAT-SKIN,but,24
CAT-SKIN,by,1
CAT-SKIN,cabin,6
CAT-SKIN,called,3
CAT-SKIN,came,7
CAT-SKIN,can,3
CAT-SKIN,care,2
CAT-SKIN,castle,2
CAT-SKIN,catch,1
CAT-SKIN,catskin,14
CAT-SKIN,chance,1
CAT-SKIN,child,2
CAT-SKIN,cloak,2
CAT-SKIN,clouds,1
CAT-SKIN,coach,1
CAT-SKIN,come,3
CAT-SKIN,comforted,1
CAT-SKIN,cook,15
CAT-SKIN,cooked,3
CAT-SKIN,corner,1
CAT-SKIN,could,6
CAT-SKIN,country,1
CAT-SKIN,courtiers,2
CAT-SKIN,crowd,1
CAT-SKIN,curtsied,1
CAT-SKIN,dance,5
CAT-SKIN,danced,3
CAT-SKIN,dancing,2
CAT-SKIN,daughter,6
CAT-SKIN,day,3
CAT-SKIN,dazzling,1
CAT-SKIN,dead,1
CAT-SKIN,did,7
CAT-SKIN,died,1
CAT-SKIN,different,1
CAT-SKIN,dirty,1
CAT-SKIN,dish,2
CAT-SKIN,do,5
CAT-SKIN,dogs,1
CAT-SKIN,don,1
CAT-SKIN,done,1
CAT-SKIN,door,1
CAT-SKIN,down,1
CAT-SKIN,dress,6
CAT-SKIN,dresses,3
CAT-SKIN,drew,1
CAT-SKIN,dropped,1
CAT-SKIN,each,1
CAT-SKIN,earth,3
CAT-SKIN,eating,1
CAT-SKIN,end,4
CAT-SKIN,ever,3
CAT-SKIN,every,1
CAT-SKIN,everyone,1
CAT-SKIN,eyes,1
CAT-SKIN,face,6
CAT-SKIN,fall,2
CAT-SKIN,far,1
CAT-SKIN,fast,4
CAT-SKIN,father,3
CAT-SKIN,feast,5
CAT-SKIN,fell,3
CAT-SKIN,felt,1
CAT-SKIN,fetch,1
CAT-SKIN,find,1
CAT-SKIN,fine,1
CAT-SKIN,finest,1
CAT-SKIN,finger,2
CAT-SKIN,fingers,1
CAT-SKIN,fire,1
CAT-SKIN,first,1
CAT-SKIN,fit,1
CAT-SKIN,for,15
CAT-SKIN,forbid,1
CAT-SKIN,forced,1
CAT-SKIN,form,1
CAT-SKIN,forth,1
CAT-SKIN,found,1
CAT-SKIN,frightened,2
CAT-SKIN,from,4
CAT-SKIN,fur,8
CAT-SKIN,furs,1
CAT-SKIN,furskin,1
CAT-SKIN,game,1
CAT-SKIN,gate,1
CAT-SKIN,get,1
CAT-SKIN,give,3
CAT-SKIN,go,4
CAT-SKIN,going,1
CAT-SKIN,gold,4
CAT-SKIN,golden,11
CAT-SKIN,gone,3
CAT-SKIN,good,4
CAT-SKIN,got,6
CAT-SKIN,great,1
CAT-SKIN,greatly,1
CAT-SKIN,grief,1
CAT-SKIN,grown,1
CAT-SKIN,guards,1
CAT-SKIN,had,17
CAT-SKIN,hair,7
CAT-SKIN,half,3
CAT-SKIN,halfhour,1
CAT-SKIN,hand,3
CAT-SKIN,hands,3
CAT-SKIN,happened,2
CAT-SKIN,has,3
CAT-SKIN,haste,1
CAT-SKIN,have,9
CAT-SKIN,he,27
CAT-SKIN,head,2
CAT-SKIN,heard,3
CAT-SKIN,heart,1
CAT-SKIN,heat,1
CAT-SKIN,heated,1
CAT-SKIN,heaven,2
CAT-SKIN,held,4
CAT-SKIN,help,1
CAT-SKIN,her,56
CAT-SKIN,herbs,1
CAT-SKIN,herself,9
CAT-SKIN,hide,1
CAT-SKIN,him,6
CAT-SKIN,his,13
CAT-SKIN,hold,2
CAT-SKIN,hollow,2
CAT-SKIN,home,2
CAT-SKIN,hoped,1
CAT-SKIN,hour,2
CAT-SKIN,how,3
CAT-SKIN,however,2
CAT-SKIN,hunt,1
CAT-SKIN,hunters,1
CAT-SKIN,hunting,1
CAT-SKIN,huntsmen,3
CAT-SKIN,i,16
CAT-SKIN,if,3
CAT-SKIN,ill,1
CAT-SKIN,image,1
CAT-SKIN,in,28
CAT-SKIN,indeed,1
CAT-SKIN,into,17
CAT-SKIN,is,4
CAT-SKIN,it,35
CAT-SKIN,its,1
CAT-SKIN,journeyed,1
CAT-SKIN,just,3
CAT-SKIN,kept,3
CAT-SKIN,kinds,2
CAT-SKIN,king,38
CAT-SKIN,kingdom,3
CAT-SKIN,kitchen,5
CAT-SKIN,knew,3
CAT-SKIN,lamp,1
CAT-SKIN,large,1
CAT-SKIN,last,2
CAT-SKIN,late,2
CAT-SKIN,left,2
CAT-SKIN,less,1
CAT-SKIN,let,6
CAT-SKIN,lie,1
CAT-SKIN,lies,3
CAT-SKIN,light,1
CAT-SKIN,like,12
CAT-SKIN,likes,1
CAT-SKIN,little,9
CAT-SKIN,lived,1
CAT-SKIN,long,4
CAT-SKIN,longer,1
CAT-SKIN,look,1
CAT-SKIN,looked,4
CAT-SKIN,looking,1
CAT-SKIN,loose,1
CAT-SKIN,lost,2
CAT-SKIN,lying,1
CAT-SKIN,made,6
CAT-SKIN,maiden,1
CAT-SKIN,make,1
CAT-SKIN,managed,1
CAT-SKIN,mantle,4
CAT-SKIN,marry,5
CAT-SKIN,match,1
CAT-SKIN,matter,1
CAT-SKIN,may,5
CAT-SKIN,me,3
CAT-SKIN,meet,1
CAT-SKIN,men,1
CAT-SKIN,merry,1
CAT-SKIN,messengers,2
CAT-SKIN,met,1
CAT-SKIN,midday,1
CAT-SKIN,mine,2
CAT-SKIN,miss,1
CAT-SKIN,moon,4
CAT-SKIN,more,3
CAT-SKIN,morning,1
CAT-SKIN,most,3
CAT-SKIN,mother,3
CAT-SKIN,much,1
CAT-SKIN,must,9
CAT-SKIN,my,5
CAT-SKIN,near,1
CAT-SKIN,necklace,2
CAT-SKIN,need,1
CAT-SKIN,neither,1
CAT-SKIN,never,8
CAT-SKIN,next,1
CAT-SKIN,nicely,1
CAT-SKIN,night,2
CAT-SKIN,no,8
CAT-SKIN,nobody,1
CAT-SKIN,nor,1
CAT-SKIN,not,13
CAT-SKIN,nothing,2
CAT-SKIN,now,4
CAT-SKIN,nutshell,2
CAT-SKIN,of,33
CAT-SKIN,off,6
CAT-SKIN,on,11
CAT-SKIN,once,2
CAT-SKIN,one,9
CAT-SKIN,only,1
CAT-SKIN,opened,1
CAT-SKIN,or,3
CAT-SKIN,order,1
CAT-SKIN,ordered,5
CAT-SKIN,other,2
CAT-SKIN,out,9
CAT-SKIN,over,3
CAT-SKIN,own,1
CAT-SKIN,packed,1
CAT-SKIN,palace,2
CAT-SKIN,part,1
CAT-SKIN,parted,1
CAT-SKIN,peep,1
CAT-SKIN,peeped,1
CAT-SKIN,pick,1
CAT-SKIN,pity,1
CAT-SKIN,pleased,2
CAT-SKIN,pleases,1
CAT-SKIN,pluck,1
CAT-SKIN,poor,2
CAT-SKIN,poultry,1
CAT-SKIN,pretty,1
CAT-SKIN,princess,3
CAT-SKIN,promise,1
CAT-SKIN,promised,1
CAT-SKIN,pulled,1
CAT-SKIN,purest,1
CAT-SKIN,put,10
CAT-SKIN,queen,6
CAT-SKIN,quickly,2
CAT-SKIN,rake,2
CAT-SKIN,ran,3
CAT-SKIN,ready,3
CAT-SKIN,rejoiced,1
CAT-SKIN,ring,7
CAT-SKIN,round,3
CAT-SKIN,run,4
CAT-SKIN,s,8
CAT-SKIN,said,23
CAT-SKIN,same,2
CAT-SKIN,sat,1
CAT-SKIN,saw,5
CAT-SKIN,say,1
CAT-SKIN,sculliongirl,1
CAT-SKIN,see,5
CAT-SKIN,seeing,2
CAT-SKIN,seek,1
CAT-SKIN,seems,1
CAT-SKIN,seen,3
CAT-SKIN,seized,1
CAT-SKIN,sent,6
CAT-SKIN,shall,1
CAT-SKIN,sharp,1
CAT-SKIN,she,53
CAT-SKIN,shining,1
CAT-SKIN,shocked,2
CAT-SKIN,shoes,2
CAT-SKIN,shone,2
CAT-SKIN,should,3
CAT-SKIN,showed,2
CAT-SKIN,shut,1
CAT-SKIN,side,1
CAT-SKIN,sift,1
CAT-SKIN,sight,1
CAT-SKIN,silver,1
CAT-SKIN,silvery,2
CAT-SKIN,sin,1
CAT-SKIN,skilful,1
CAT-SKIN,skin,3
CAT-SKIN,skins,1
CAT-SKIN,sleep,1
CAT-SKIN,slept,1
CAT-SKIN,slice,1
CAT-SKIN,slip,1
CAT-SKIN,slipped,1
CAT-SKIN,slyly,1
CAT-SKIN,snuff,1
CAT-SKIN,so,26
CAT-SKIN,something,1
CAT-SKIN,soon,5
CAT-SKIN,soot,4
CAT-SKIN,sorrowfully,1
CAT-SKIN,sort,2
CAT-SKIN,sorts,1
CAT-SKIN,soup,12
CAT-SKIN,sparkled,2
CAT-SKIN,sparkling,1
CAT-SKIN,sprang,2
CAT-SKIN,spring,1
CAT-SKIN,staircase,1
CAT-SKIN,stairs,2
CAT-SKIN,stand,1
CAT-SKIN,starry,1
CAT-SKIN,stars,4
CAT-SKIN,stayed,1
CAT-SKIN,still,2
CAT-SKIN,stood,1
CAT-SKIN,such,2
CAT-SKIN,sun,5
CAT-SKIN,sweep,1
CAT-SKIN,t,1
CAT-SKIN,take,6
CAT-SKIN,taking,1
CAT-SKIN,tasted,1
CAT-SKIN,tell,2
CAT-SKIN,than,3
CAT-SKIN,that,28
CAT-SKIN,the,155
CAT-SKIN,thee,1
CAT-SKIN,their,2
CAT-SKIN,them,1
CAT-SKIN,then,16
CAT-SKIN,there,12
CAT-SKIN,they,8
CAT-SKIN,things,1
CAT-SKIN,think,1
CAT-SKIN,third,3
CAT-SKIN,this,6
CAT-SKIN,thought,7
CAT-SKIN,thoughts,1
CAT-SKIN,thousand,3
CAT-SKIN,three,4
CAT-SKIN,threw,2
CAT-SKIN,through,1
CAT-SKIN,thrown,2
CAT-SKIN,thus,3
CAT-SKIN,till,3
CAT-SKIN,time,8
CAT-SKIN,tired,1
CAT-SKIN,to,50
CAT-SKIN,toasted,1
CAT-SKIN,together,1
CAT-SKIN,told,2
CAT-SKIN,too,1
CAT-SKIN,took,6
CAT-SKIN,tore,1
CAT-SKIN,tree,4
CAT-SKIN,trinkets,1
CAT-SKIN,trouble,1
CAT-SKIN,true,1
CAT-SKIN,truth,2
CAT-SKIN,under,2
CAT-SKIN,underneath,1
CAT-SKIN,unless,2
CAT-SKIN,up,16
CAT-SKIN,upon,3
CAT-SKIN,us,1
CAT-SKIN,very,3
CAT-SKIN,want,1
CAT-SKIN,wanted,1
CAT-SKIN,was,42
CAT-SKIN,washed,3
CAT-SKIN,water,1
CAT-SKIN,way,1
CAT-SKIN,we,4
CAT-SKIN,weave,1
CAT-SKIN,wedding,1
CAT-SKIN,well,2
CAT-SKIN,went,12
CAT-SKIN,were,8
CAT-SKIN,what,3
CAT-SKIN,when,20
CAT-SKIN,where,2
CAT-SKIN,which,4
CAT-SKIN,while,1
CAT-SKIN,whilst,3
CAT-SKIN,white,2
CAT-SKIN,who,8
CAT-SKIN,whole,3
CAT-SKIN,whom,1
CAT-SKIN,whose,1
CAT-SKIN,wide,1
CAT-SKIN,wife,3
CAT-SKIN,will,9
CAT-SKIN,wise,1
CAT-SKIN,witch,1
CAT-SKIN,with,10
CAT-SKIN,wither,1
CAT-SKIN,without,1
CAT-SKIN,wonderful,1
CAT-SKIN,wood,3
CAT-SKIN,work,2
CAT-SKIN,workmen,1
CAT-SKIN,world,1
CAT-SKIN,would,4
CAT-SKIN,wrapped,1
CAT-SKIN,yes,3
CAT-SKIN,you,20
CAT-SKIN,your,1
CLEVER ELSIE,a,23
CLEVER ELSIE,about,3
CLEVER ELSIE,above,1
CLEVER ELSIE,accidentally,1
CLEVER ELSIE,after,4
CLEVER ELSIE,ah,4
CLEVER ELSIE,alarmed,1
CLEVER ELSIE,all,4
CLEVER ELSIE,alone,1
CLEVER ELSIE,also,1
CLEVER ELSIE,am,1
CLEVER ELSIE,among,2
CLEVER ELSIE,and,85
CLEVER ELSIE,another,1
CLEVER ELSIE,answer,1
CLEVER ELSIE,answered,2
CLEVER ELSIE,any,1
CLEVER ELSIE,appear,1
CLEVER ELSIE,are,4
CLEVER ELSIE,as,6
CLEVER ELSIE,ask,1
CLEVER ELSIE,asked,3
CLEVER ELSIE,asleep,2
CLEVER ELSIE,at,9
CLEVER ELSIE,away,2
CLEVER ELSIE,awoke,1
CLEVER ELSIE,back,4
CLEVER ELSIE,barrel,2
CLEVER ELSIE,be,9
CLEVER ELSIE,became,1
CLEVER ELSIE,been,2
CLEVER ELSIE,beer,8
CLEVER ELSIE,before,3
CLEVER ELSIE,began,3
CLEVER ELSIE,bells,3
CLEVER ELSIE,below,2
CLEVER ELSIE,beneath,1
CLEVER ELSIE,beside,1
CLEVER ELSIE,big,5
CLEVER ELSIE,body,1
CLEVER ELSIE,both,1
CLEVER ELSIE,boy,4
CLEVER ELSIE,brains,1
CLEVER ELSIE,bread,1
CLEVER ELSIE,bridegroom,1
CLEVER ELSIE,bring,1
CLEVER ELSIE,briskly,1
CLEVER ELSIE,broth,2
CLEVER ELSIE,brought,1
CLEVER ELSIE,but,12
CLEVER ELSIE,by,3
CLEVER ELSIE,called,2
CLEVER ELSIE,came,3
CLEVER ELSIE,can,2
CLEVER ELSIE,cause,2
CLEVER ELSIE,cellar,8
CLEVER ELSIE,chair,2
CLEVER ELSIE,child,6
CLEVER ELSIE,clever,14
CLEVER ELSIE,come,8
CLEVER ELSIE,coming,1
CLEVER ELSIE,cooked,1
CLEVER ELSIE,corn,3
CLEVER ELSIE,coughing,1
CLEVER ELSIE,could,1
CLEVER ELSIE,cried,2
CLEVER ELSIE,crying,1
CLEVER ELSIE,cup,1
CLEVER ELSIE,cut,5
CLEVER ELSIE,dark,1
CLEVER ELSIE,dash,1
CLEVER ELSIE,daughter,1
CLEVER ELSIE,day,1
CLEVER ELSIE,dear,2
CLEVER ELSIE,did,6
CLEVER ELSIE,dinner,1
CLEVER ELSIE,distance,1
CLEVER ELSIE,do,5
CLEVER ELSIE,does,1
CLEVER ELSIE,door,2
CLEVER ELSIE,doubt,1
CLEVER ELSIE,down,15
CLEVER ELSIE,drank,1
CLEVER ELSIE,draw,5
CLEVER ELSIE,drawing,1
CLEVER ELSIE,drink,2
CLEVER ELSIE,each,3
CLEVER ELSIE,earn,1
CLEVER ELSIE,eat,3
CLEVER ELSIE,eaten,1
CLEVER ELSIE,elsie,27
CLEVER ELSIE,even,1
CLEVER ELSIE,evening,1
CLEVER ELSIE,ever,1
CLEVER ELSIE,exactly,1
CLEVER ELSIE,eyes,1
CLEVER ELSIE,fall,4
CLEVER ELSIE,father,2
CLEVER ELSIE,fell,3
CLEVER ELSIE,fetch,1
CLEVER ELSIE,fetched,1
CLEVER ELSIE,field,3
CLEVER ELSIE,first,6
CLEVER ELSIE,five,1
CLEVER ELSIE,flies,1
CLEVER ELSIE,for,9
CLEVER ELSIE,found,2
CLEVER ELSIE,fowler,1
CLEVER ELSIE,from,2
CLEVER ELSIE,front,1
CLEVER ELSIE,fully,1
CLEVER ELSIE,future,1
CLEVER ELSIE,get,5
CLEVER ELSIE,girl,2
CLEVER ELSIE,go,8
CLEVER ELSIE,going,1
CLEVER ELSIE,gone,1
CLEVER ELSIE,good,2
CLEVER ELSIE,got,3
CLEVER ELSIE,greater,1
CLEVER ELSIE,grew,2
CLEVER ELSIE,grown,1
CLEVER ELSIE,grows,3
CLEVER ELSIE,had,11
CLEVER ELSIE,hand,1
CLEVER ELSIE,hans,15
CLEVER ELSIE,happen,1
CLEVER ELSIE,happened,1
CLEVER ELSIE,has,6
CLEVER ELSIE,hastened,1
CLEVER ELSIE,have,15
CLEVER ELSIE,he,19
CLEVER ELSIE,head,3
CLEVER ELSIE,hear,1
CLEVER ELSIE,heard,2
CLEVER ELSIE,heavens,1
CLEVER ELSIE,her,26
CLEVER ELSIE,here,5
CLEVER ELSIE,hereupon,1
CLEVER ELSIE,herself,4
CLEVER ELSIE,him,6
CLEVER ELSIE,his,7
CLEVER ELSIE,home,5
CLEVER ELSIE,house,1
CLEVER ELSIE,housedoor,1
CLEVER ELSIE,household,1
CLEVER ELSIE,howl,1
CLEVER ELSIE,hung,1
CLEVER ELSIE,hurt,1
CLEVER ELSIE,i,26
CLEVER ELSIE,idle,1
CLEVER ELSIE,if,10
CLEVER ELSIE,in,5
CLEVER ELSIE,industrious,1
CLEVER ELSIE,injury,1
CLEVER ELSIE,inquired,1
CLEVER ELSIE,into,11
CLEVER ELSIE,is,12
CLEVER ELSIE,it,15
CLEVER ELSIE,jingling,2
CLEVER ELSIE,just,4
CLEVER ELSIE,kill,3
CLEVER ELSIE,killed,2
CLEVER ELSIE,knew,1
CLEVER ELSIE,knocked,1
CLEVER ELSIE,know,1
CLEVER ELSIE,lamentations,1
CLEVER ELSIE,lamenting,1
CLEVER ELSIE,lay,2
CLEVER ELSIE,left,2
CLEVER ELSIE,length,3
CLEVER ELSIE,let,1
CLEVER ELSIE,lid,1
CLEVER ELSIE,likewise,3
CLEVER ELSIE,little,1
CLEVER ELSIE,long,3
CLEVER ELSIE,looked,1
CLEVER ELSIE,loudly,3
CLEVER ELSIE,lying,1
CLEVER ELSIE,maid,4
CLEVER ELSIE,make,1
CLEVER ELSIE,man,5
CLEVER ELSIE,married,2
CLEVER ELSIE,marry,1
CLEVER ELSIE,masons,1
CLEVER ELSIE,may,1
CLEVER ELSIE,me,1
CLEVER ELSIE,midst,1
CLEVER ELSIE,might,4
CLEVER ELSIE,misfortune,3
CLEVER ELSIE,money,1
CLEVER ELSIE,more,2
CLEVER ELSIE,mother,4
CLEVER ELSIE,much,1
CLEVER ELSIE,must,3
CLEVER ELSIE,my,1
CLEVER ELSIE,myself,1
CLEVER ELSIE,need,1
CLEVER ELSIE,needed,1
CLEVER ELSIE,net,1
CLEVER ELSIE,no,3
CLEVER ELSIE,not,20
CLEVER ELSIE,nothing,1
CLEVER ELSIE,nowhere,1
CLEVER ELSIE,of,9
CLEVER ELSIE,oh,4
CLEVER ELSIE,on,4
CLEVER ELSIE,once,2
CLEVER ELSIE,one,3
CLEVER ELSIE,only,1
CLEVER ELSIE,open,1
CLEVER ELSIE,or,6
CLEVER ELSIE,other,2
CLEVER ELSIE,out,4
CLEVER ELSIE,outdoing,1
CLEVER ELSIE,over,2
CLEVER ELSIE,own,1
CLEVER ELSIE,peering,1
CLEVER ELSIE,people,1
CLEVER ELSIE,perhaps,3
CLEVER ELSIE,pickaxe,8
CLEVER ELSIE,pitcher,1
CLEVER ELSIE,piteously,1
CLEVER ELSIE,placed,1
CLEVER ELSIE,plenty,1
CLEVER ELSIE,quite,2
CLEVER ELSIE,ran,3
CLEVER ELSIE,rang,1
CLEVER ELSIE,really,3
CLEVER ELSIE,reason,4
CLEVER ELSIE,return,1
CLEVER ELSIE,round,2
CLEVER ELSIE,running,1
CLEVER ELSIE,s,2
CLEVER ELSIE,said,23
CLEVER ELSIE,sat,7
CLEVER ELSIE,satisfied,1
CLEVER ELSIE,saw,1
CLEVER ELSIE,screamed,1
CLEVER ELSIE,screaming,2
CLEVER ELSIE,see,7
CLEVER ELSIE,seen,1
CLEVER ELSIE,seized,1
CLEVER ELSIE,send,2
CLEVER ELSIE,sense,1
CLEVER ELSIE,servant,1
CLEVER ELSIE,set,1
CLEVER ELSIE,shall,6
CLEVER ELSIE,she,37
CLEVER ELSIE,short,1
CLEVER ELSIE,should,2
CLEVER ELSIE,shut,2
CLEVER ELSIE,since,1
CLEVER ELSIE,sitting,5
CLEVER ELSIE,sleep,2
CLEVER ELSIE,sleeping,1
CLEVER ELSIE,smart,2
CLEVER ELSIE,so,4
CLEVER ELSIE,some,6
CLEVER ELSIE,someone,1
CLEVER ELSIE,something,1
CLEVER ELSIE,stayed,2
CLEVER ELSIE,step,1
CLEVER ELSIE,still,4
CLEVER ELSIE,stipulated,1
CLEVER ELSIE,stood,1
CLEVER ELSIE,stoop,1
CLEVER ELSIE,street,1
CLEVER ELSIE,strength,1
CLEVER ELSIE,such,1
CLEVER ELSIE,sure,1
CLEVER ELSIE,t,1
CLEVER ELSIE,tap,1
CLEVER ELSIE,tapped,1
CLEVER ELSIE,terrified,1
CLEVER ELSIE,than,1
CLEVER ELSIE,that,10
CLEVER ELSIE,the,80
CLEVER ELSIE,their,1
CLEVER ELSIE,them,3
CLEVER ELSIE,then,23
CLEVER ELSIE,there,7
CLEVER ELSIE,they,7
CLEVER ELSIE,thirst,1
CLEVER ELSIE,thirsty,1
CLEVER ELSIE,this,1
CLEVER ELSIE,those,2
CLEVER ELSIE,thought,2
CLEVER ELSIE,three,1
CLEVER ELSIE,time,7
CLEVER ELSIE,to,29
CLEVER ELSIE,together,2
CLEVER ELSIE,told,1
CLEVER ELSIE,too,1
CLEVER ELSIE,took,4
CLEVER ELSIE,turned,1
CLEVER ELSIE,uncertain,1
CLEVER ELSIE,understanding,1
CLEVER ELSIE,unexpected,1
CLEVER ELSIE,up,5
CLEVER ELSIE,upstairs,6
CLEVER ELSIE,us,1
CLEVER ELSIE,very,1
CLEVER ELSIE,village,1
CLEVER ELSIE,waited,3
CLEVER ELSIE,waiting,1
CLEVER ELSIE,wall,2
CLEVER ELSIE,was,17
CLEVER ELSIE,we,12
CLEVER ELSIE,weep,6
CLEVER ELSIE,weeping,2
CLEVER ELSIE,well,1
CLEVER ELSIE,went,8
CLEVER ELSIE,wept,3
CLEVER ELSIE,were,5
CLEVER ELSIE,what,12
CLEVER ELSIE,when,13
CLEVER ELSIE,where,4
CLEVER ELSIE,whether,1
CLEVER ELSIE,which,4
CLEVER ELSIE,while,2
CLEVER ELSIE,who,4
CLEVER ELSIE,why,2
CLEVER ELSIE,wife,2
CLEVER ELSIE,will,10
CLEVER ELSIE,wind,1
CLEVER ELSIE,window,1
CLEVER ELSIE,with,6
CLEVER ELSIE,within,2
CLEVER ELSIE,woman,3
CLEVER ELSIE,won,1
CLEVER ELSIE,wooed,1
CLEVER ELSIE,work,1
CLEVER ELSIE,worked,1
CLEVER ELSIE,world,1
CLEVER ELSIE,would,5
CLEVER ELSIE,yes,3
CLEVER ELSIE,you,4
CLEVER GRETEL,a,14
CLEVER GRETEL,after,2
CLEVER GRETEL,again,3
CLEVER GRETEL,ah,1
CLEVER GRETEL,all,1
CLEVER GRETEL,an,1
CLEVER GRETEL,and,48
CLEVER GRETEL,another,4
CLEVER GRETEL,answered,2
CLEVER GRETEL,are,6
CLEVER GRETEL,arrived,1
CLEVER GRETEL,as,7
CLEVER GRETEL,ask,1
CLEVER GRETEL,at,5
CLEVER GRETEL,ate,2
CLEVER GRETEL,away,3
CLEVER GRETEL,back,2
CLEVER GRETEL,basted,1
CLEVER GRETEL,be,7
CLEVER GRETEL,been,1
CLEVER GRETEL,before,1
CLEVER GRETEL,began,1
CLEVER GRETEL,best,1
CLEVER GRETEL,better,1
CLEVER GRETEL,bless,1
CLEVER GRETEL,both,2
CLEVER GRETEL,brown,1
CLEVER GRETEL,burning,2
CLEVER GRETEL,but,7
CLEVER GRETEL,by,2
CLEVER GRETEL,called,2
CLEVER GRETEL,came,4
CLEVER GRETEL,can,1
CLEVER GRETEL,carve,1
CLEVER GRETEL,catches,1
CLEVER GRETEL,cellar,2
CLEVER GRETEL,certainly,3
CLEVER GRETEL,chicken,3
CLEVER GRETEL,chickens,4
CLEVER GRETEL,come,3
CLEVER GRETEL,coming,4
CLEVER GRETEL,cook,2
CLEVER GRETEL,cooking,1
CLEVER GRETEL,could,1
CLEVER GRETEL,courteously,1
CLEVER GRETEL,cried,2
CLEVER GRETEL,crying,1
CLEVER GRETEL,cut,3
CLEVER GRETEL,daintily,1
CLEVER GRETEL,day,1
CLEVER GRETEL,desire,1
CLEVER GRETEL,did,3
CLEVER GRETEL,directly,1
CLEVER GRETEL,dish,1
CLEVER GRETEL,do,2
CLEVER GRETEL,does,1
CLEVER GRETEL,done,1
CLEVER GRETEL,down,5
CLEVER GRETEL,drank,1
CLEVER GRETEL,draught,3
CLEVER GRETEL,drink,5
CLEVER GRETEL,drove,1
CLEVER GRETEL,ears,2
CLEVER GRETEL,eat,4
CLEVER GRETEL,eaten,4
CLEVER GRETEL,else,1
CLEVER GRETEL,enjoy,1
CLEVER GRETEL,enjoyed,1
CLEVER GRETEL,enormous,1
CLEVER GRETEL,entirely,1
CLEVER GRETEL,evening,2
CLEVER GRETEL,excites,1
CLEVER GRETEL,fast,1
CLEVER GRETEL,fetch,1
CLEVER GRETEL,fine,2
CLEVER GRETEL,finger,2
CLEVER GRETEL,fire,5
CLEVER GRETEL,first,1
CLEVER GRETEL,flow,1
CLEVER GRETEL,follow,1
CLEVER GRETEL,food,1
CLEVER GRETEL,for,7
CLEVER GRETEL,fowl,1
CLEVER GRETEL,fowls,8
CLEVER GRETEL,from,1
CLEVER GRETEL,gifts,1
CLEVER GRETEL,girl,1
CLEVER GRETEL,give,1
CLEVER GRETEL,gladness,1
CLEVER GRETEL,glee,1
CLEVER GRETEL,go,3
CLEVER GRETEL,god,2
CLEVER GRETEL,going,2
CLEVER GRETEL,good,4
CLEVER GRETEL,great,2
CLEVER GRETEL,gretel,14
CLEVER GRETEL,guest,13
CLEVER GRETEL,had,5
CLEVER GRETEL,hand,1
CLEVER GRETEL,happy,1
CLEVER GRETEL,harm,1
CLEVER GRETEL,has,3
CLEVER GRETEL,have,3
CLEVER GRETEL,he,9
CLEVER GRETEL,hear,1
CLEVER GRETEL,heard,1
CLEVER GRETEL,heart,1
CLEVER GRETEL,hearty,2
CLEVER GRETEL,heels,1
CLEVER GRETEL,her,12
CLEVER GRETEL,herself,1
CLEVER GRETEL,him,6
CLEVER GRETEL,his,5
CLEVER GRETEL,home,1
CLEVER GRETEL,housedoor,1
CLEVER GRETEL,how,2
CLEVER GRETEL,however,1
CLEVER GRETEL,hurried,1
CLEVER GRETEL,hurry,1
CLEVER GRETEL,hush,2
CLEVER GRETEL,i,9
CLEVER GRETEL,idle,1
CLEVER GRETEL,if,7
CLEVER GRETEL,in,5
CLEVER GRETEL,intention,1
CLEVER GRETEL,interrupted,1
CLEVER GRETEL,into,3
CLEVER GRETEL,invited,1
CLEVER GRETEL,is,11
CLEVER GRETEL,it,20
CLEVER GRETEL,jug,1
CLEVER GRETEL,juiciest,1
CLEVER GRETEL,just,5
CLEVER GRETEL,killed,1
CLEVER GRETEL,knife,3
CLEVER GRETEL,knocked,1
CLEVER GRETEL,know,1
CLEVER GRETEL,knows,2
CLEVER GRETEL,laid,2
CLEVER GRETEL,lamented,1
CLEVER GRETEL,leave,1
CLEVER GRETEL,left,1
CLEVER GRETEL,let,1
CLEVER GRETEL,like,1
CLEVER GRETEL,likewise,1
CLEVER GRETEL,lips,1
CLEVER GRETEL,listen,1
CLEVER GRETEL,long,1
CLEVER GRETEL,looked,4
CLEVER GRETEL,makes,1
CLEVER GRETEL,making,1
CLEVER GRETEL,master,14
CLEVER GRETEL,me,5
CLEVER GRETEL,mean,1
CLEVER GRETEL,meaning,1
CLEVER GRETEL,meantime,1
CLEVER GRETEL,meanwhile,1
CLEVER GRETEL,meat,1
CLEVER GRETEL,merrily,1
CLEVER GRETEL,might,2
CLEVER GRETEL,missing,1
CLEVER GRETEL,moment,1
CLEVER GRETEL,most,1
CLEVER GRETEL,must,3
CLEVER GRETEL,my,1
CLEVER GRETEL,myself,1
CLEVER GRETEL,named,1
CLEVER GRETEL,nearly,1
CLEVER GRETEL,nice,1
CLEVER GRETEL,no,3
CLEVER GRETEL,not,12
CLEVER GRETEL,observe,1
CLEVER GRETEL,occurred,1
CLEVER GRETEL,of,7
CLEVER GRETEL,off,4
CLEVER GRETEL,on,5
CLEVER GRETEL,once,1
CLEVER GRETEL,one,15
CLEVER GRETEL,or,1
CLEVER GRETEL,order,1
CLEVER GRETEL,other,4
CLEVER GRETEL,otherwise,1
CLEVER GRETEL,ought,1
CLEVER GRETEL,out,2
CLEVER GRETEL,pass,1
CLEVER GRETEL,peace,1
CLEVER GRETEL,perhaps,1
CLEVER GRETEL,plucked,1
CLEVER GRETEL,politely,1
CLEVER GRETEL,prepare,1
CLEVER GRETEL,presently,1
CLEVER GRETEL,pretended,1
CLEVER GRETEL,pretty,1
CLEVER GRETEL,properly,1
CLEVER GRETEL,put,3
CLEVER GRETEL,quickly,1
CLEVER GRETEL,quite,1
CLEVER GRETEL,ran,7
CLEVER GRETEL,ready,1
CLEVER GRETEL,red,1
CLEVER GRETEL,remained,1
CLEVER GRETEL,right,3
CLEVER GRETEL,roast,2
CLEVER GRETEL,round,1
CLEVER GRETEL,run,3
CLEVER GRETEL,s,3
CLEVER GRETEL,said,10
CLEVER GRETEL,satisfied,1
CLEVER GRETEL,saw,2
CLEVER GRETEL,scalded,1
CLEVER GRETEL,screaming,1
CLEVER GRETEL,second,1
CLEVER GRETEL,see,5
CLEVER GRETEL,serve,2
CLEVER GRETEL,set,2
CLEVER GRETEL,shame,2
CLEVER GRETEL,sharpened,1
CLEVER GRETEL,sharpening,2
CLEVER GRETEL,she,25
CLEVER GRETEL,shoes,1
CLEVER GRETEL,should,5
CLEVER GRETEL,side,1
CLEVER GRETEL,sin,2
CLEVER GRETEL,sir,1
CLEVER GRETEL,smelt,1
CLEVER GRETEL,so,6
CLEVER GRETEL,some,1
CLEVER GRETEL,something,3
CLEVER GRETEL,somewhere,1
CLEVER GRETEL,soon,1
CLEVER GRETEL,spit,3
CLEVER GRETEL,spoilt,1
CLEVER GRETEL,standing,1
CLEVER GRETEL,steps,2
CLEVER GRETEL,still,2
CLEVER GRETEL,stop,1
CLEVER GRETEL,suddenly,1
CLEVER GRETEL,supper,1
CLEVER GRETEL,swallowed,1
CLEVER GRETEL,sweat,1
CLEVER GRETEL,table,1
CLEVER GRETEL,take,7
CLEVER GRETEL,taken,1
CLEVER GRETEL,tasted,2
CLEVER GRETEL,than,1
CLEVER GRETEL,that,12
CLEVER GRETEL,the,62
CLEVER GRETEL,their,1
CLEVER GRETEL,them,8
CLEVER GRETEL,then,4
CLEVER GRETEL,there,4
CLEVER GRETEL,they,6
CLEVER GRETEL,think,1
CLEVER GRETEL,thirsty,1
CLEVER GRETEL,this,2
CLEVER GRETEL,thought,7
CLEVER GRETEL,time,1
CLEVER GRETEL,to,27
CLEVER GRETEL,together,1
CLEVER GRETEL,too,1
CLEVER GRETEL,took,5
CLEVER GRETEL,touched,1
CLEVER GRETEL,towards,1
CLEVER GRETEL,trick,1
CLEVER GRETEL,turn,1
CLEVER GRETEL,turned,3
CLEVER GRETEL,two,5
CLEVER GRETEL,under,1
CLEVER GRETEL,until,1
CLEVER GRETEL,up,6
CLEVER GRETEL,very,1
CLEVER GRETEL,walked,1
CLEVER GRETEL,was,13
CLEVER GRETEL,way,1
CLEVER GRETEL,well,1
CLEVER GRETEL,went,3
CLEVER GRETEL,were,4
CLEVER GRETEL,what,4
CLEVER GRETEL,whatever,1
CLEVER GRETEL,when,9
CLEVER GRETEL,wherewith,1
CLEVER GRETEL,which,1
CLEVER GRETEL,while,1
CLEVER GRETEL,who,4
CLEVER GRETEL,why,2
CLEVER GRETEL,will,9
CLEVER GRETEL,window,1
CLEVER GRETEL,wine,3
CLEVER GRETEL,wings,2
CLEVER GRETEL,with,8
CLEVER GRETEL,wore,1
CLEVER GRETEL,worse,1
CLEVER GRETEL,would,1
CLEVER GRETEL,wrong,1
CLEVER GRETEL,yes,2
CLEVER GRETEL,yet,2
CLEVER GRETEL,you,9
CLEVER GRETEL,your,1
CLEVER GRETEL,yourself,1
CLEVER HANS,a,15
CLEVER HANS,all,1
CLEVER HANS,and,15
CLEVER HANS,angry,1
CLEVER HANS,answered,1
CLEVER HANS,anything,1
CLEVER HANS,away,8
CLEVER HANS,bacon,6
CLEVER HANS,became,1
CLEVER HANS,been,6
CLEVER HANS,behave,12
CLEVER HANS,behind,1
CLEVER HANS,better,6
CLEVER HANS,binds,1
CLEVER HANS,bit,1
CLEVER HANS,bride,1
CLEVER HANS,bring,12
CLEVER HANS,brought,1
CLEVER HANS,but,3
CLEVER HANS,by,1
CLEVER HANS,calf,6
CLEVER HANS,calves,1
CLEVER HANS,came,1
CLEVER HANS,carried,1
CLEVER HANS,cart,1
CLEVER HANS,cast,1
CLEVER HANS,come,1
CLEVER HANS,comes,6
CLEVER HANS,cut,1
CLEVER HANS,day,12
CLEVER HANS,devour,1
CLEVER HANS,did,12
CLEVER HANS,do,12
CLEVER HANS,dogs,2
CLEVER HANS,done,6
CLEVER HANS,drags,1
CLEVER HANS,evening,12
CLEVER HANS,eyes,2
CLEVER HANS,face,3
CLEVER HANS,fast,1
CLEVER HANS,follows,1
CLEVER HANS,for,1
CLEVER HANS,friendly,1
CLEVER HANS,gave,8
CLEVER HANS,gets,2
CLEVER HANS,give,6
CLEVER HANS,given,8
CLEVER HANS,go,1
CLEVER HANS,goat,5
CLEVER HANS,goes,2
CLEVER HANS,good,30
CLEVER HANS,goodbye,22
CLEVER HANS,grass,1
CLEVER HANS,gretel,45
CLEVER HANS,had,2
CLEVER HANS,hand,1
CLEVER HANS,hanging,1
CLEVER HANS,hans,70
CLEVER HANS,has,1
CLEVER HANS,have,18
CLEVER HANS,haycart,2
CLEVER HANS,he,3
CLEVER HANS,head,3
CLEVER HANS,her,16
CLEVER HANS,herself,1
CLEVER HANS,him,1
CLEVER HANS,his,6
CLEVER HANS,home,5
CLEVER HANS,i,24
CLEVER HANS,ill,6
CLEVER HANS,in,10
CLEVER HANS,into,2
CLEVER HANS,is,8
CLEVER HANS,it,15
CLEVER HANS,its,1
CLEVER HANS,kicked,1
CLEVER HANS,kicks,1
CLEVER HANS,knife,5
CLEVER HANS,leads,1
CLEVER HANS,led,2
CLEVER HANS,left,1
CLEVER HANS,legs,1
CLEVER HANS,ll,7
CLEVER HANS,longer,2
CLEVER HANS,loose,1
CLEVER HANS,me,15
CLEVER HANS,mind,6
CLEVER HANS,mother,19
CLEVER HANS,my,4
CLEVER HANS,neck,1
CLEVER HANS,needle,5
CLEVER HANS,never,6
CLEVER HANS,next,5
CLEVER HANS,no,2
CLEVER HANS,nothing,13
CLEVER HANS,of,4
CLEVER HANS,oh,4
CLEVER HANS,on,5
CLEVER HANS,out,1
CLEVER HANS,piece,1
CLEVER HANS,pocket,3
CLEVER HANS,presents,5
CLEVER HANS,put,4
CLEVER HANS,puts,2
CLEVER HANS,rack,2
CLEVER HANS,ran,1
CLEVER HANS,rope,6
CLEVER HANS,round,1
CLEVER HANS,s,4
CLEVER HANS,said,1
CLEVER HANS,says,2
CLEVER HANS,scattered,1
CLEVER HANS,set,1
CLEVER HANS,she,6
CLEVER HANS,sheep,1
CLEVER HANS,should,6
CLEVER HANS,sleeve,3
CLEVER HANS,some,1
CLEVER HANS,something,11
CLEVER HANS,stable,1
CLEVER HANS,stall,1
CLEVER HANS,sticks,2
CLEVER HANS,stuck,3
CLEVER HANS,suffocated,1
CLEVER HANS,take,6
CLEVER HANS,takes,6
CLEVER HANS,that,8
CLEVER HANS,the,29
CLEVER HANS,them,1
CLEVER HANS,then,2
CLEVER HANS,there,1
CLEVER HANS,thing,4
CLEVER HANS,threw,1
CLEVER HANS,tied,2
CLEVER HANS,ties,3
CLEVER HANS,time,5
CLEVER HANS,to,23
CLEVER HANS,took,7
CLEVER HANS,tore,1
CLEVER HANS,want,4
CLEVER HANS,was,6
CLEVER HANS,well,12
CLEVER HANS,went,1
CLEVER HANS,what,18
CLEVER HANS,when,2
CLEVER HANS,where,12
CLEVER HANS,whither,6
CLEVER HANS,will,6
CLEVER HANS,with,13
CLEVER HANS,would,2
CLEVER HANS,you,33
CLEVER HANS,young,1
CLEVER HANS,your,3
DOCTOR KNOWALL,a,20
DOCTOR KNOWALL,about,1
DOCTOR KNOWALL,above,1
DOCTOR KNOWALL,actually,2
DOCTOR KNOWALL,again,1
DOCTOR KNOWALL,ah,1
DOCTOR KNOWALL,alarmed,1
DOCTOR KNOWALL,all,4
DOCTOR KNOWALL,also,1
DOCTOR KNOWALL,am,1
DOCTOR KNOWALL,an,1
DOCTOR KNOWALL,and,39
DOCTOR KNOWALL,are,1
DOCTOR KNOWALL,as,4
DOCTOR KNOWALL,asked,2
DOCTOR KNOWALL,at,5
DOCTOR KNOWALL,ate,1
DOCTOR KNOWALL,away,1
DOCTOR KNOWALL,awhile,1
DOCTOR KNOWALL,b,2
DOCTOR KNOWALL,back,1
DOCTOR KNOWALL,backwards,1
DOCTOR KNOWALL,bargain,1
DOCTOR KNOWALL,be,2
DOCTOR KNOWALL,became,1
DOCTOR KNOWALL,become,1
DOCTOR KNOWALL,been,2
DOCTOR KNOWALL,being,1
DOCTOR KNOWALL,beneath,1
DOCTOR KNOWALL,better,2
DOCTOR KNOWALL,book,3
DOCTOR KNOWALL,both,2
DOCTOR KNOWALL,bring,1
DOCTOR KNOWALL,brought,1
DOCTOR KNOWALL,but,6
DOCTOR KNOWALL,buy,1
DOCTOR KNOWALL,by,1
DOCTOR KNOWALL,c,2
DOCTOR KNOWALL,called,1
DOCTOR KNOWALL,came,2
DOCTOR KNOWALL,carriage,2
DOCTOR KNOWALL,carry,1
DOCTOR KNOWALL,cart,1
DOCTOR KNOWALL,castle,1
DOCTOR KNOWALL,clothes,1
DOCTOR KNOWALL,cock,2
DOCTOR KNOWALL,come,1
DOCTOR KNOWALL,comrade,1
DOCTOR KNOWALL,concealed,1
DOCTOR KNOWALL,confessed,1
DOCTOR KNOWALL,could,3
DOCTOR KNOWALL,counted,1
DOCTOR KNOWALL,cover,1
DOCTOR KNOWALL,covered,1
DOCTOR KNOWALL,crabb,4
DOCTOR KNOWALL,crabs,1
DOCTOR KNOWALL,crept,1
DOCTOR KNOWALL,cried,2
DOCTOR KNOWALL,crying,1
DOCTOR KNOWALL,delicate,1
DOCTOR KNOWALL,denounce,1
DOCTOR KNOWALL,desired,1
DOCTOR KNOWALL,did,4
DOCTOR KNOWALL,dish,5
DOCTOR KNOWALL,do,2
DOCTOR KNOWALL,doctor,17
DOCTOR KNOWALL,doctored,1
DOCTOR KNOWALL,down,2
DOCTOR KNOWALL,drank,1
DOCTOR KNOWALL,drove,3
DOCTOR KNOWALL,eat,1
DOCTOR KNOWALL,else,1
DOCTOR KNOWALL,equally,1
DOCTOR KNOWALL,everything,2
DOCTOR KNOWALL,fare,2
DOCTOR KNOWALL,fared,1
DOCTOR KNOWALL,fast,1
DOCTOR KNOWALL,fellow,1
DOCTOR KNOWALL,fifth,1
DOCTOR KNOWALL,find,1
DOCTOR KNOWALL,first,6
DOCTOR KNOWALL,for,6
DOCTOR KNOWALL,forced,1
DOCTOR KNOWALL,forwards,1
DOCTOR KNOWALL,four,1
DOCTOR KNOWALL,fourth,1
DOCTOR KNOWALL,from,1
DOCTOR KNOWALL,frontispiece,1
DOCTOR KNOWALL,full,1
DOCTOR KNOWALL,get,1
DOCTOR KNOWALL,give,1
DOCTOR KNOWALL,go,3
DOCTOR KNOWALL,gold,1
DOCTOR KNOWALL,got,1
DOCTOR KNOWALL,great,1
DOCTOR KNOWALL,grete,5
DOCTOR KNOWALL,guess,1
DOCTOR KNOWALL,had,10
DOCTOR KNOWALL,hall,1
DOCTOR KNOWALL,hanged,1
DOCTOR KNOWALL,happened,1
DOCTOR KNOWALL,harnessed,1
DOCTOR KNOWALL,has,2
DOCTOR KNOWALL,have,4
DOCTOR KNOWALL,he,29
DOCTOR KNOWALL,hear,1
DOCTOR KNOWALL,heard,1
DOCTOR KNOWALL,heart,1
DOCTOR KNOWALL,heavy,1
DOCTOR KNOWALL,her,1
DOCTOR KNOWALL,hidden,1
DOCTOR KNOWALL,him,7
DOCTOR KNOWALL,himself,1
DOCTOR KNOWALL,his,8
DOCTOR KNOWALL,horses,1
DOCTOR KNOWALL,housedoor,1
DOCTOR KNOWALL,how,1
DOCTOR KNOWALL,however,2
DOCTOR KNOWALL,i,5
DOCTOR KNOWALL,idea,1
DOCTOR KNOWALL,if,5
DOCTOR KNOWALL,ill,1
DOCTOR KNOWALL,immediately,1
DOCTOR KNOWALL,in,10
DOCTOR KNOWALL,inquired,1
DOCTOR KNOWALL,intended,1
DOCTOR KNOWALL,into,3
DOCTOR KNOWALL,is,5
DOCTOR KNOWALL,it,6
DOCTOR KNOWALL,kind,1
DOCTOR KNOWALL,knew,1
DOCTOR KNOWALL,know,3
DOCTOR KNOWALL,knowall,4
DOCTOR KNOWALL,knows,3
DOCTOR KNOWALL,led,1
DOCTOR KNOWALL,length,1
DOCTOR KNOWALL,let,1
DOCTOR KNOWALL,lived,1
DOCTOR KNOWALL,load,1
DOCTOR KNOWALL,long,1
DOCTOR KNOWALL,looked,3
DOCTOR KNOWALL,lord,7
DOCTOR KNOWALL,made,1
DOCTOR KNOWALL,man,2
DOCTOR KNOWALL,managed,1
DOCTOR KNOWALL,meaning,1
DOCTOR KNOWALL,meant,1
DOCTOR KNOWALL,medicine,1
DOCTOR KNOWALL,moment,1
DOCTOR KNOWALL,money,10
DOCTOR KNOWALL,more,1
DOCTOR KNOWALL,much,1
DOCTOR KNOWALL,must,4
DOCTOR KNOWALL,my,4
DOCTOR KNOWALL,nailed,1
DOCTOR KNOWALL,no,2
DOCTOR KNOWALL,nobleman,1
DOCTOR KNOWALL,not,6
DOCTOR KNOWALL,now,1
DOCTOR KNOWALL,nudged,2
DOCTOR KNOWALL,of,7
DOCTOR KNOWALL,oh,2
DOCTOR KNOWALL,on,2
DOCTOR KNOWALL,once,1
DOCTOR KNOWALL,opened,1
DOCTOR KNOWALL,out,6
DOCTOR KNOWALL,outside,2
DOCTOR KNOWALL,oxen,2
DOCTOR KNOWALL,pages,1
DOCTOR KNOWALL,painted,1
DOCTOR KNOWALL,peasant,7
DOCTOR KNOWALL,people,1
DOCTOR KNOWALL,pertains,1
DOCTOR KNOWALL,place,1
DOCTOR KNOWALL,poor,2
DOCTOR KNOWALL,received,1
DOCTOR KNOWALL,remained,1
DOCTOR KNOWALL,renowned,1
DOCTOR KNOWALL,restore,1
DOCTOR KNOWALL,returned,1
DOCTOR KNOWALL,reward,1
DOCTOR KNOWALL,rich,1
DOCTOR KNOWALL,s,1
DOCTOR KNOWALL,said,11
DOCTOR KNOWALL,sat,2
DOCTOR KNOWALL,satisfied,1
DOCTOR KNOWALL,saw,2
DOCTOR KNOWALL,say,3
DOCTOR KNOWALL,search,1
DOCTOR KNOWALL,seat,1
DOCTOR KNOWALL,seated,1
DOCTOR KNOWALL,second,3
DOCTOR KNOWALL,servant,5
DOCTOR KNOWALL,servants,1
DOCTOR KNOWALL,shall,1
DOCTOR KNOWALL,show,1
DOCTOR KNOWALL,showed,1
DOCTOR KNOWALL,sides,1
DOCTOR KNOWALL,sign,2
DOCTOR KNOWALL,sit,1
DOCTOR KNOWALL,sitting,1
DOCTOR KNOWALL,skill,1
DOCTOR KNOWALL,so,6
DOCTOR KNOWALL,sold,1
DOCTOR KNOWALL,some,2
DOCTOR KNOWALL,soon,1
DOCTOR KNOWALL,spot,1
DOCTOR KNOWALL,sprang,1
DOCTOR KNOWALL,spread,1
DOCTOR KNOWALL,standing,1
DOCTOR KNOWALL,step,1
DOCTOR KNOWALL,still,2
DOCTOR KNOWALL,stolen,4
DOCTOR KNOWALL,stove,2
DOCTOR KNOWALL,such,2
DOCTOR KNOWALL,sum,1
DOCTOR KNOWALL,table,4
DOCTOR KNOWALL,talers,1
DOCTOR KNOWALL,terribly,1
DOCTOR KNOWALL,terrified,1
DOCTOR KNOWALL,terror,1
DOCTOR KNOWALL,that,18
DOCTOR KNOWALL,the,66
DOCTOR KNOWALL,them,3
DOCTOR KNOWALL,then,4
DOCTOR KNOWALL,there,4
DOCTOR KNOWALL,therefore,1
DOCTOR KNOWALL,they,7
DOCTOR KNOWALL,thief,1
DOCTOR KNOWALL,third,2
DOCTOR KNOWALL,thirdly,1
DOCTOR KNOWALL,this,3
DOCTOR KNOWALL,thought,2
DOCTOR KNOWALL,time,1
DOCTOR KNOWALL,to,23
DOCTOR KNOWALL,together,1
DOCTOR KNOWALL,told,4
DOCTOR KNOWALL,too,4
DOCTOR KNOWALL,town,1
DOCTOR KNOWALL,turn,1
DOCTOR KNOWALL,turned,1
DOCTOR KNOWALL,two,3
DOCTOR KNOWALL,uneasy,1
DOCTOR KNOWALL,up,1
DOCTOR KNOWALL,upon,1
DOCTOR KNOWALL,village,2
DOCTOR KNOWALL,want,1
DOCTOR KNOWALL,was,22
DOCTOR KNOWALL,we,1
DOCTOR KNOWALL,well,1
DOCTOR KNOWALL,went,2
DOCTOR KNOWALL,were,2
DOCTOR KNOWALL,what,5
DOCTOR KNOWALL,whatsoever,1
DOCTOR KNOWALL,when,8
DOCTOR KNOWALL,where,3
DOCTOR KNOWALL,which,1
DOCTOR KNOWALL,while,1
DOCTOR KNOWALL,who,5
DOCTOR KNOWALL,wife,4
DOCTOR KNOWALL,will,1
DOCTOR KNOWALL,willing,1
DOCTOR KNOWALL,willingly,2
DOCTOR KNOWALL,wished,1
DOCTOR KNOWALL,with,7
DOCTOR KNOWALL,wood,1
DOCTOR KNOWALL,words,1
DOCTOR KNOWALL,would,4
DOCTOR KNOWALL,yes,4
DOCTOR KNOWALL,you,2
DOCTOR KNOWALL,your,3
DOCTOR KNOWALL,yourself,3
FREDERICK AND CATHERINE,a,30
FREDERICK AND CATHERINE,about,4
FREDERICK AND CATHERINE,across,1
FREDERICK AND CATHERINE,after,5
FREDERICK AND CATHERINE,again,1
FREDERICK AND CATHERINE,ah,2
FREDERICK AND CATHERINE,alas,2
FREDERICK AND CATHERINE,ale,10
FREDERICK AND CATHERINE,all,19
FREDERICK AND CATHERINE,almost,1
FREDERICK AND CATHERINE,also,2
FREDERICK AND CATHERINE,always,1
FREDERICK AND CATHERINE,am,2
FREDERICK AND CATHERINE,among,1
FREDERICK AND CATHERINE,and,81
FREDERICK AND CATHERINE,another,1
FREDERICK AND CATHERINE,answered,8
FREDERICK AND CATHERINE,any,3
FREDERICK AND CATHERINE,are,5
FREDERICK AND CATHERINE,as,14
FREDERICK AND CATHERINE,asked,1
FREDERICK AND CATHERINE,at,9
FREDERICK AND CATHERINE,ate,1
FREDERICK AND CATHERINE,away,12
FREDERICK AND CATHERINE,back,5
FREDERICK AND CATHERINE,bag,1
FREDERICK AND CATHERINE,basket,1
FREDERICK AND CATHERINE,be,10
FREDERICK AND CATHERINE,been,3
FREDERICK AND CATHERINE,beer,2
FREDERICK AND CATHERINE,before,3
FREDERICK AND CATHERINE,began,2
FREDERICK AND CATHERINE,begged,1
FREDERICK AND CATHERINE,behind,1
FREDERICK AND CATHERINE,belonged,1
FREDERICK AND CATHERINE,betray,1
FREDERICK AND CATHERINE,bless,1
FREDERICK AND CATHERINE,bolted,1
FREDERICK AND CATHERINE,both,1
FREDERICK AND CATHERINE,bottle,1
FREDERICK AND CATHERINE,boughs,1
FREDERICK AND CATHERINE,bought,2
FREDERICK AND CATHERINE,box,1
FREDERICK AND CATHERINE,bread,2
FREDERICK AND CATHERINE,bring,2
FREDERICK AND CATHERINE,brought,1
FREDERICK AND CATHERINE,brown,1
FREDERICK AND CATHERINE,bruised,1
FREDERICK AND CATHERINE,bury,1
FREDERICK AND CATHERINE,but,19
FREDERICK AND CATHERINE,butter,5
FREDERICK AND CATHERINE,buttons,7
FREDERICK AND CATHERINE,buy,2
FREDERICK AND CATHERINE,by,6
FREDERICK AND CATHERINE,called,1
FREDERICK AND CATHERINE,came,7
FREDERICK AND CATHERINE,can,5
FREDERICK AND CATHERINE,care,1
FREDERICK AND CATHERINE,carefully,1
FREDERICK AND CATHERINE,carry,3
FREDERICK AND CATHERINE,cart,1
FREDERICK AND CATHERINE,cask,2
FREDERICK AND CATHERINE,catherine,16
FREDERICK AND CATHERINE,cellar,6
FREDERICK AND CATHERINE,chafed,2
FREDERICK AND CATHERINE,cheese,4
FREDERICK AND CATHERINE,cheeses,2
FREDERICK AND CATHERINE,class,1
FREDERICK AND CATHERINE,clatter,1
FREDERICK AND CATHERINE,clean,2
FREDERICK AND CATHERINE,clever,1
FREDERICK AND CATHERINE,cleverness,1
FREDERICK AND CATHERINE,climbed,2
FREDERICK AND CATHERINE,close,1
FREDERICK AND CATHERINE,cock,1
FREDERICK AND CATHERINE,come,2
FREDERICK AND CATHERINE,coming,1
FREDERICK AND CATHERINE,cooked,1
FREDERICK AND CATHERINE,cooking,1
FREDERICK AND CATHERINE,cool,1
FREDERICK AND CATHERINE,could,5
FREDERICK AND CATHERINE,course,1
FREDERICK AND CATHERINE,crackle,1
FREDERICK AND CATHERINE,cried,5
FREDERICK AND CATHERINE,cur,1
FREDERICK AND CATHERINE,cured,1
FREDERICK AND CATHERINE,dare,1
FREDERICK AND CATHERINE,dark,1
FREDERICK AND CATHERINE,day,2
FREDERICK AND CATHERINE,deal,2
FREDERICK AND CATHERINE,dear,1
FREDERICK AND CATHERINE,desired,1
FREDERICK AND CATHERINE,dew,1
FREDERICK AND CATHERINE,did,6
FREDERICK AND CATHERINE,dig,1
FREDERICK AND CATHERINE,dinner,1
FREDERICK AND CATHERINE,dinnertime,1
FREDERICK AND CATHERINE,discover,2
FREDERICK AND CATHERINE,dishes,2
FREDERICK AND CATHERINE,do,6
FREDERICK AND CATHERINE,does,1
FREDERICK AND CATHERINE,dog,3
FREDERICK AND CATHERINE,doing,3
FREDERICK AND CATHERINE,don,2
FREDERICK AND CATHERINE,door,14
FREDERICK AND CATHERINE,down,15
FREDERICK AND CATHERINE,draught,1
FREDERICK AND CATHERINE,draw,1
FREDERICK AND CATHERINE,drew,1
FREDERICK AND CATHERINE,dry,4
FREDERICK AND CATHERINE,dug,1
FREDERICK AND CATHERINE,each,1
FREDERICK AND CATHERINE,earthenware,1
FREDERICK AND CATHERINE,eat,4
FREDERICK AND CATHERINE,empty,1
FREDERICK AND CATHERINE,endured,1
FREDERICK AND CATHERINE,enough,1
FREDERICK AND CATHERINE,everybody,1
FREDERICK AND CATHERINE,fair,2
FREDERICK AND CATHERINE,farther,1
FREDERICK AND CATHERINE,fast,2
FREDERICK AND CATHERINE,fasten,1
FREDERICK AND CATHERINE,faster,1
FREDERICK AND CATHERINE,fastest,1
FREDERICK AND CATHERINE,fell,1
FREDERICK AND CATHERINE,field,1
FREDERICK AND CATHERINE,fields,1
FREDERICK AND CATHERINE,find,5
FREDERICK AND CATHERINE,fine,2
FREDERICK AND CATHERINE,firapples,1
FREDERICK AND CATHERINE,fire,3
FREDERICK AND CATHERINE,floor,3
FREDERICK AND CATHERINE,follow,2
FREDERICK AND CATHERINE,fond,1
FREDERICK AND CATHERINE,for,15
FREDERICK AND CATHERINE,fork,1
FREDERICK AND CATHERINE,found,2
FREDERICK AND CATHERINE,frederick,24
FREDERICK AND CATHERINE,from,2
FREDERICK AND CATHERINE,front,1
FREDERICK AND CATHERINE,fry,2
FREDERICK AND CATHERINE,full,2
FREDERICK AND CATHERINE,garden,2
FREDERICK AND CATHERINE,gave,1
FREDERICK AND CATHERINE,get,2
FREDERICK AND CATHERINE,give,1
FREDERICK AND CATHERINE,go,11
FREDERICK AND CATHERINE,goes,2
FREDERICK AND CATHERINE,going,1
FREDERICK AND CATHERINE,gold,3
FREDERICK AND CATHERINE,gone,3
FREDERICK AND CATHERINE,good,4
FREDERICK AND CATHERINE,goose,1
FREDERICK AND CATHERINE,got,3
FREDERICK AND CATHERINE,grease,2
FREDERICK AND CATHERINE,great,2
FREDERICK AND CATHERINE,grew,1
FREDERICK AND CATHERINE,had,12
FREDERICK AND CATHERINE,hailing,1
FREDERICK AND CATHERINE,happened,1
FREDERICK AND CATHERINE,hark,1
FREDERICK AND CATHERINE,harm,1
FREDERICK AND CATHERINE,has,1
FREDERICK AND CATHERINE,haste,1
FREDERICK AND CATHERINE,have,16
FREDERICK AND CATHERINE,he,22
FREDERICK AND CATHERINE,head,3
FREDERICK AND CATHERINE,heavy,4
FREDERICK AND CATHERINE,help,2
FREDERICK AND CATHERINE,her,13
FREDERICK AND CATHERINE,here,1
FREDERICK AND CATHERINE,herself,3
FREDERICK AND CATHERINE,hill,3
FREDERICK AND CATHERINE,him,5
FREDERICK AND CATHERINE,himself,1
FREDERICK AND CATHERINE,hinges,1
FREDERICK AND CATHERINE,his,2
FREDERICK AND CATHERINE,hit,1
FREDERICK AND CATHERINE,home,5
FREDERICK AND CATHERINE,hope,1
FREDERICK AND CATHERINE,house,3
FREDERICK AND CATHERINE,how,5
FREDERICK AND CATHERINE,however,2
FREDERICK AND CATHERINE,hungry,1
FREDERICK AND CATHERINE,hurt,1
FREDERICK AND CATHERINE,husband,4
FREDERICK AND CATHERINE,i,45
FREDERICK AND CATHERINE,if,6
FREDERICK AND CATHERINE,in,8
FREDERICK AND CATHERINE,into,8
FREDERICK AND CATHERINE,is,7
FREDERICK AND CATHERINE,it,35
FREDERICK AND CATHERINE,itself,2
FREDERICK AND CATHERINE,jug,5
FREDERICK AND CATHERINE,just,1
FREDERICK AND CATHERINE,kate,5
FREDERICK AND CATHERINE,keep,1
FREDERICK AND CATHERINE,kept,1
FREDERICK AND CATHERINE,kind,1
FREDERICK AND CATHERINE,knew,1
FREDERICK AND CATHERINE,know,2
FREDERICK AND CATHERINE,knowing,1
FREDERICK AND CATHERINE,knows,1
FREDERICK AND CATHERINE,large,1
FREDERICK AND CATHERINE,last,6
FREDERICK AND CATHERINE,leave,1
FREDERICK AND CATHERINE,left,4
FREDERICK AND CATHERINE,legs,1
FREDERICK AND CATHERINE,leisurely,1
FREDERICK AND CATHERINE,let,4
FREDERICK AND CATHERINE,like,1
FREDERICK AND CATHERINE,liquor,1
FREDERICK AND CATHERINE,little,1
FREDERICK AND CATHERINE,ll,4
FREDERICK AND CATHERINE,load,1
FREDERICK AND CATHERINE,lock,1
FREDERICK AND CATHERINE,locked,1
FREDERICK AND CATHERINE,long,1
FREDERICK AND CATHERINE,look,4
FREDERICK AND CATHERINE,looked,1
FREDERICK AND CATHERINE,looking,2
FREDERICK AND CATHERINE,looks,2
FREDERICK AND CATHERINE,lost,1
FREDERICK AND CATHERINE,lucky,1
FREDERICK AND CATHERINE,made,4
FREDERICK AND CATHERINE,make,2
FREDERICK AND CATHERINE,making,1
FREDERICK AND CATHERINE,man,1
FREDERICK AND CATHERINE,managed,1
FREDERICK AND CATHERINE,manages,1
FREDERICK AND CATHERINE,married,1
FREDERICK AND CATHERINE,matter,1
FREDERICK AND CATHERINE,matters,1
FREDERICK AND CATHERINE,may,6
FREDERICK AND CATHERINE,me,9
FREDERICK AND CATHERINE,meal,5
FREDERICK AND CATHERINE,meat,1
FREDERICK AND CATHERINE,meddle,1
FREDERICK AND CATHERINE,might,2
FREDERICK AND CATHERINE,money,3
FREDERICK AND CATHERINE,morning,1
FREDERICK AND CATHERINE,mouth,1
FREDERICK AND CATHERINE,much,4
FREDERICK AND CATHERINE,murder,1
FREDERICK AND CATHERINE,musing,1
FREDERICK AND CATHERINE,must,8
FREDERICK AND CATHERINE,my,3
FREDERICK AND CATHERINE,myself,3
FREDERICK AND CATHERINE,name,1
FREDERICK AND CATHERINE,narrow,1
FREDERICK AND CATHERINE,near,2
FREDERICK AND CATHERINE,nearer,1
FREDERICK AND CATHERINE,neat,1
FREDERICK AND CATHERINE,never,4
FREDERICK AND CATHERINE,nice,2
FREDERICK AND CATHERINE,nicely,1
FREDERICK AND CATHERINE,nigh,1
FREDERICK AND CATHERINE,night,1
FREDERICK AND CATHERINE,no,5
FREDERICK AND CATHERINE,nobody,1
FREDERICK AND CATHERINE,noon,1
FREDERICK AND CATHERINE,not,18
FREDERICK AND CATHERINE,now,8
FREDERICK AND CATHERINE,nowhere,1
FREDERICK AND CATHERINE,nuts,5
FREDERICK AND CATHERINE,o,1
FREDERICK AND CATHERINE,objection,1
FREDERICK AND CATHERINE,of,20
FREDERICK AND CATHERINE,off,3
FREDERICK AND CATHERINE,office,1
FREDERICK AND CATHERINE,often,1
FREDERICK AND CATHERINE,oh,2
FREDERICK AND CATHERINE,on,10
FREDERICK AND CATHERINE,once,1
FREDERICK AND CATHERINE,one,5
FREDERICK AND CATHERINE,only,1
FREDERICK AND CATHERINE,or,1
FREDERICK AND CATHERINE,other,4
FREDERICK AND CATHERINE,out,7
FREDERICK AND CATHERINE,over,1
FREDERICK AND CATHERINE,overtook,2
FREDERICK AND CATHERINE,pains,1
FREDERICK AND CATHERINE,pan,2
FREDERICK AND CATHERINE,passed,1
FREDERICK AND CATHERINE,pedlars,2
FREDERICK AND CATHERINE,people,1
FREDERICK AND CATHERINE,picked,1
FREDERICK AND CATHERINE,piece,1
FREDERICK AND CATHERINE,pity,1
FREDERICK AND CATHERINE,plan,1
FREDERICK AND CATHERINE,plates,2
FREDERICK AND CATHERINE,please,3
FREDERICK AND CATHERINE,pleased,1
FREDERICK AND CATHERINE,plenty,1
FREDERICK AND CATHERINE,poor,2
FREDERICK AND CATHERINE,popped,2
FREDERICK AND CATHERINE,poured,1
FREDERICK AND CATHERINE,pray,1
FREDERICK AND CATHERINE,prayed,1
FREDERICK AND CATHERINE,presently,1
FREDERICK AND CATHERINE,pretty,2
FREDERICK AND CATHERINE,put,2
FREDERICK AND CATHERINE,quite,2
FREDERICK AND CATHERINE,ran,11
FREDERICK AND CATHERINE,rascally,1
FREDERICK AND CATHERINE,rascals,1
FREDERICK AND CATHERINE,rattled,1
FREDERICK AND CATHERINE,reached,1
FREDERICK AND CATHERINE,ready,2
FREDERICK AND CATHERINE,remembered,1
FREDERICK AND CATHERINE,road,3
FREDERICK AND CATHERINE,rogues,2
FREDERICK AND CATHERINE,rolled,2
FREDERICK AND CATHERINE,round,1
FREDERICK AND CATHERINE,run,3
FREDERICK AND CATHERINE,running,2
FREDERICK AND CATHERINE,s,3
FREDERICK AND CATHERINE,sack,2
FREDERICK AND CATHERINE,safe,3
FREDERICK AND CATHERINE,said,32
FREDERICK AND CATHERINE,same,1
FREDERICK AND CATHERINE,sat,1
FREDERICK AND CATHERINE,saved,1
FREDERICK AND CATHERINE,saw,1
FREDERICK AND CATHERINE,say,1
FREDERICK AND CATHERINE,scarcely,1
FREDERICK AND CATHERINE,see,3
FREDERICK AND CATHERINE,seeing,1
FREDERICK AND CATHERINE,seen,1
FREDERICK AND CATHERINE,sent,2
FREDERICK AND CATHERINE,set,5
FREDERICK AND CATHERINE,shakes,1
FREDERICK AND CATHERINE,shall,6
FREDERICK AND CATHERINE,sharp,1
FREDERICK AND CATHERINE,she,56
FREDERICK AND CATHERINE,should,4
FREDERICK AND CATHERINE,shoulder,1
FREDERICK AND CATHERINE,show,1
FREDERICK AND CATHERINE,shut,1
FREDERICK AND CATHERINE,side,3
FREDERICK AND CATHERINE,silly,1
FREDERICK AND CATHERINE,slipped,1
FREDERICK AND CATHERINE,slopping,1
FREDERICK AND CATHERINE,so,31
FREDERICK AND CATHERINE,softly,1
FREDERICK AND CATHERINE,some,5
FREDERICK AND CATHERINE,something,5
FREDERICK AND CATHERINE,somewhere,1
FREDERICK AND CATHERINE,soon,4
FREDERICK AND CATHERINE,sound,1
FREDERICK AND CATHERINE,spend,1
FREDERICK AND CATHERINE,spoil,1
FREDERICK AND CATHERINE,sprinkled,1
FREDERICK AND CATHERINE,stairs,1
FREDERICK AND CATHERINE,stars,1
FREDERICK AND CATHERINE,stay,1
FREDERICK AND CATHERINE,steak,8
FREDERICK AND CATHERINE,still,1
FREDERICK AND CATHERINE,stones,1
FREDERICK AND CATHERINE,stood,3
FREDERICK AND CATHERINE,strewed,1
FREDERICK AND CATHERINE,stuck,1
FREDERICK AND CATHERINE,such,3
FREDERICK AND CATHERINE,suck,1
FREDERICK AND CATHERINE,suppose,2
FREDERICK AND CATHERINE,supposed,1
FREDERICK AND CATHERINE,sure,3
FREDERICK AND CATHERINE,surely,1
FREDERICK AND CATHERINE,swimming,1
FREDERICK AND CATHERINE,t,5
FREDERICK AND CATHERINE,take,5
FREDERICK AND CATHERINE,tapped,1
FREDERICK AND CATHERINE,tell,2
FREDERICK AND CATHERINE,than,4
FREDERICK AND CATHERINE,that,24
FREDERICK AND CATHERINE,the,123
FREDERICK AND CATHERINE,their,1
FREDERICK AND CATHERINE,them,17
FREDERICK AND CATHERINE,themselves,1
FREDERICK AND CATHERINE,then,10
FREDERICK AND CATHERINE,there,11
FREDERICK AND CATHERINE,these,3
FREDERICK AND CATHERINE,they,28
FREDERICK AND CATHERINE,thieves,6
FREDERICK AND CATHERINE,thing,2
FREDERICK AND CATHERINE,things,2
FREDERICK AND CATHERINE,think,1
FREDERICK AND CATHERINE,this,5
FREDERICK AND CATHERINE,those,3
FREDERICK AND CATHERINE,thought,7
FREDERICK AND CATHERINE,throw,3
FREDERICK AND CATHERINE,thus,2
FREDERICK AND CATHERINE,till,1
FREDERICK AND CATHERINE,time,3
FREDERICK AND CATHERINE,tired,3
FREDERICK AND CATHERINE,to,42
FREDERICK AND CATHERINE,together,2
FREDERICK AND CATHERINE,told,5
FREDERICK AND CATHERINE,too,2
FREDERICK AND CATHERINE,took,6
FREDERICK AND CATHERINE,top,1
FREDERICK AND CATHERINE,touch,1
FREDERICK AND CATHERINE,tree,2
FREDERICK AND CATHERINE,trees,3
FREDERICK AND CATHERINE,tried,1
FREDERICK AND CATHERINE,truth,1
FREDERICK AND CATHERINE,try,1
FREDERICK AND CATHERINE,turn,1
FREDERICK AND CATHERINE,turned,3
FREDERICK AND CATHERINE,under,1
FREDERICK AND CATHERINE,up,9
FREDERICK AND CATHERINE,upon,4
FREDERICK AND CATHERINE,upset,2
FREDERICK AND CATHERINE,us,4
FREDERICK AND CATHERINE,use,3
FREDERICK AND CATHERINE,used,1
FREDERICK AND CATHERINE,very,10
FREDERICK AND CATHERINE,vinegar,4
FREDERICK AND CATHERINE,waiting,1
FREDERICK AND CATHERINE,walked,2
FREDERICK AND CATHERINE,wants,1
FREDERICK AND CATHERINE,was,23
FREDERICK AND CATHERINE,watch,1
FREDERICK AND CATHERINE,way,6
FREDERICK AND CATHERINE,we,8
FREDERICK AND CATHERINE,well,11
FREDERICK AND CATHERINE,went,8
FREDERICK AND CATHERINE,were,8
FREDERICK AND CATHERINE,what,13
FREDERICK AND CATHERINE,wheels,3
FREDERICK AND CATHERINE,when,14
FREDERICK AND CATHERINE,where,5
FREDERICK AND CATHERINE,whether,1
FREDERICK AND CATHERINE,which,2
FREDERICK AND CATHERINE,while,6
FREDERICK AND CATHERINE,whispered,2
FREDERICK AND CATHERINE,who,4
FREDERICK AND CATHERINE,whose,1
FREDERICK AND CATHERINE,why,3
FREDERICK AND CATHERINE,wife,7
FREDERICK AND CATHERINE,will,9
FREDERICK AND CATHERINE,wind,1
FREDERICK AND CATHERINE,with,16
FREDERICK AND CATHERINE,wood,1
FREDERICK AND CATHERINE,work,2
FREDERICK AND CATHERINE,would,5
FREDERICK AND CATHERINE,wounded,1
FREDERICK AND CATHERINE,wrong,1
FREDERICK AND CATHERINE,ye,1
FREDERICK AND CATHERINE,yellow,7
FREDERICK AND CATHERINE,you,32
FREDERICK AND CATHERINE,younger,1
FREDERICK AND CATHERINE,your,2
FUNDEVOGEL,a,18
FUNDEVOGEL,about,1
FUNDEVOGEL,afar,2
FUNDEVOGEL,after,2
FUNDEVOGEL,again,1
FUNDEVOGEL,alarmed,1
FUNDEVOGEL,an,1
FUNDEVOGEL,and,56
FUNDEVOGEL,anyone,3
FUNDEVOGEL,are,3
FUNDEVOGEL,arms,1
FUNDEVOGEL,as,2
FUNDEVOGEL,asked,2
FUNDEVOGEL,asleep,1
FUNDEVOGEL,at,3
FUNDEVOGEL,away,4
FUNDEVOGEL,back,1
FUNDEVOGEL,be,5
FUNDEVOGEL,beak,1
FUNDEVOGEL,because,1
FUNDEVOGEL,become,2
FUNDEVOGEL,bed,1
FUNDEVOGEL,bedroom,1
FUNDEVOGEL,beds,1
FUNDEVOGEL,began,1
FUNDEVOGEL,bird,2
FUNDEVOGEL,boil,2
FUNDEVOGEL,boiling,2
FUNDEVOGEL,both,1
FUNDEVOGEL,bring,2
FUNDEVOGEL,broken,1
FUNDEVOGEL,brought,2
FUNDEVOGEL,buckets,1
FUNDEVOGEL,but,9
FUNDEVOGEL,by,1
FUNDEVOGEL,called,1
FUNDEVOGEL,came,5
FUNDEVOGEL,can,1
FUNDEVOGEL,carried,2
FUNDEVOGEL,chandelier,4
FUNDEVOGEL,child,4
FUNDEVOGEL,children,12
FUNDEVOGEL,church,4
FUNDEVOGEL,climbed,1
FUNDEVOGEL,comes,1
FUNDEVOGEL,coming,2
FUNDEVOGEL,cook,11
FUNDEVOGEL,cut,1
FUNDEVOGEL,dearly,1
FUNDEVOGEL,delighted,1
FUNDEVOGEL,did,3
FUNDEVOGEL,died,1
FUNDEVOGEL,distance,1
FUNDEVOGEL,do,4
FUNDEVOGEL,doing,1
FUNDEVOGEL,done,1
FUNDEVOGEL,down,3
FUNDEVOGEL,dress,1
FUNDEVOGEL,dressed,1
FUNDEVOGEL,drew,1
FUNDEVOGEL,drink,1
FUNDEVOGEL,drown,1
FUNDEVOGEL,duck,2
FUNDEVOGEL,each,3
FUNDEVOGEL,early,3
FUNDEVOGEL,entered,1
FUNDEVOGEL,evening,1
FUNDEVOGEL,ever,4
FUNDEVOGEL,fallen,1
FUNDEVOGEL,father,1
FUNDEVOGEL,fetch,2
FUNDEVOGEL,fetching,1
FUNDEVOGEL,fishpond,1
FUNDEVOGEL,flown,1
FUNDEVOGEL,followed,2
FUNDEVOGEL,fools,1
FUNDEVOGEL,for,2
FUNDEVOGEL,forest,4
FUNDEVOGEL,forester,6
FUNDEVOGEL,found,3
FUNDEVOGEL,from,3
FUNDEVOGEL,full,1
FUNDEVOGEL,fundevogel,12
FUNDEVOGEL,get,2
FUNDEVOGEL,go,5
FUNDEVOGEL,gone,3
FUNDEVOGEL,got,4
FUNDEVOGEL,grew,1
FUNDEVOGEL,had,11
FUNDEVOGEL,have,3
FUNDEVOGEL,he,6
FUNDEVOGEL,head,1
FUNDEVOGEL,heard,1
FUNDEVOGEL,heartily,1
FUNDEVOGEL,heat,1
FUNDEVOGEL,her,6
FUNDEVOGEL,here,2
FUNDEVOGEL,herself,2
FUNDEVOGEL,high,2
FUNDEVOGEL,him,4
FUNDEVOGEL,himself,1
FUNDEVOGEL,home,9
FUNDEVOGEL,house,1
FUNDEVOGEL,however,4
FUNDEVOGEL,hunt,1
FUNDEVOGEL,hunting,3
FUNDEVOGEL,i,15
FUNDEVOGEL,if,6
FUNDEVOGEL,in,14
FUNDEVOGEL,instantly,1
FUNDEVOGEL,into,6
FUNDEVOGEL,is,3
FUNDEVOGEL,it,23
FUNDEVOGEL,its,1
FUNDEVOGEL,kettle,3
FUNDEVOGEL,last,2
FUNDEVOGEL,lay,1
FUNDEVOGEL,leave,9
FUNDEVOGEL,legs,1
FUNDEVOGEL,let,1
FUNDEVOGEL,lina,12
FUNDEVOGEL,listen,1
FUNDEVOGEL,little,3
FUNDEVOGEL,living,1
FUNDEVOGEL,ll,1
FUNDEVOGEL,look,1
FUNDEVOGEL,loved,1
FUNDEVOGEL,many,2
FUNDEVOGEL,me,4
FUNDEVOGEL,morning,3
FUNDEVOGEL,mother,1
FUNDEVOGEL,much,1
FUNDEVOGEL,must,1
FUNDEVOGEL,neither,4
FUNDEVOGEL,never,10
FUNDEVOGEL,next,1
FUNDEVOGEL,night,1
FUNDEVOGEL,no,2
FUNDEVOGEL,nor,4
FUNDEVOGEL,not,6
FUNDEVOGEL,nothing,5
FUNDEVOGEL,now,7
FUNDEVOGEL,nowhere,1
FUNDEVOGEL,of,6
FUNDEVOGEL,off,1
FUNDEVOGEL,old,6
FUNDEVOGEL,on,5
FUNDEVOGEL,once,3
FUNDEVOGEL,one,4
FUNDEVOGEL,only,1
FUNDEVOGEL,other,3
FUNDEVOGEL,ourselves,1
FUNDEVOGEL,out,5
FUNDEVOGEL,outside,1
FUNDEVOGEL,overtake,1
FUNDEVOGEL,pails,1
FUNDEVOGEL,pieces,1
FUNDEVOGEL,pond,1
FUNDEVOGEL,prey,1
FUNDEVOGEL,promise,1
FUNDEVOGEL,pull,1
FUNDEVOGEL,pursuit,1
FUNDEVOGEL,quickly,3
FUNDEVOGEL,repeat,2
FUNDEVOGEL,rose,4
FUNDEVOGEL,rosebush,2
FUNDEVOGEL,rosetree,2
FUNDEVOGEL,run,1
FUNDEVOGEL,running,1
FUNDEVOGEL,sad,1
FUNDEVOGEL,said,23
FUNDEVOGEL,sanna,2
FUNDEVOGEL,saw,5
FUNDEVOGEL,say,1
FUNDEVOGEL,scolded,2
FUNDEVOGEL,screaming,1
FUNDEVOGEL,second,1
FUNDEVOGEL,see,1
FUNDEVOGEL,seen,2
FUNDEVOGEL,sees,1
FUNDEVOGEL,seized,1
FUNDEVOGEL,sent,1
FUNDEVOGEL,servants,6
FUNDEVOGEL,set,2
FUNDEVOGEL,shall,1
FUNDEVOGEL,she,10
FUNDEVOGEL,should,1
FUNDEVOGEL,simpletons,1
FUNDEVOGEL,sitting,2
FUNDEVOGEL,snatched,1
FUNDEVOGEL,so,6
FUNDEVOGEL,sound,2
FUNDEVOGEL,spring,1
FUNDEVOGEL,still,2
FUNDEVOGEL,swam,1
FUNDEVOGEL,take,1
FUNDEVOGEL,tell,3
FUNDEVOGEL,terribly,1
FUNDEVOGEL,that,8
FUNDEVOGEL,the,65
FUNDEVOGEL,them,7
FUNDEVOGEL,themselves,1
FUNDEVOGEL,then,14
FUNDEVOGEL,there,7
FUNDEVOGEL,therefore,4
FUNDEVOGEL,they,15
FUNDEVOGEL,this,2
FUNDEVOGEL,thought,1
FUNDEVOGEL,three,6
FUNDEVOGEL,throw,3
FUNDEVOGEL,time,1
FUNDEVOGEL,times,1
FUNDEVOGEL,to,24
FUNDEVOGEL,together,3
FUNDEVOGEL,told,1
FUNDEVOGEL,tomorrow,2
FUNDEVOGEL,too,1
FUNDEVOGEL,took,2
FUNDEVOGEL,top,1
FUNDEVOGEL,tree,4
FUNDEVOGEL,two,4
FUNDEVOGEL,under,1
FUNDEVOGEL,up,8
FUNDEVOGEL,upon,2
FUNDEVOGEL,us,1
FUNDEVOGEL,waddling,1
FUNDEVOGEL,was,12
FUNDEVOGEL,water,7
FUNDEVOGEL,we,2
FUNDEVOGEL,went,8
FUNDEVOGEL,were,9
FUNDEVOGEL,what,2
FUNDEVOGEL,when,13
FUNDEVOGEL,which,1
FUNDEVOGEL,who,3
FUNDEVOGEL,why,4
FUNDEVOGEL,will,15
FUNDEVOGEL,witch,1
FUNDEVOGEL,with,8
FUNDEVOGEL,would,3
FUNDEVOGEL,you,22
FUNDEVOGEL,your,1
HANS IN LUCK,a,74
HANS IN LUCK,able,1
HANS IN LUCK,about,4
HANS IN LUCK,afraid,1
HANS IN LUCK,after,3
HANS IN LUCK,again,3
HANS IN LUCK,against,1
HANS IN LUCK,ah,2
HANS IN LUCK,alas,2
HANS IN LUCK,ale,1
HANS IN LUCK,alight,1
HANS IN LUCK,all,17
HANS IN LUCK,along,3
HANS IN LUCK,aloud,1
HANS IN LUCK,always,3
HANS IN LUCK,am,3
HANS IN LUCK,an,5
HANS IN LUCK,and,86
HANS IN LUCK,another,2
HANS IN LUCK,any,1
HANS IN LUCK,are,9
HANS IN LUCK,as,26
HANS IN LUCK,ask,3
HANS IN LUCK,asked,1
HANS IN LUCK,at,12
HANS IN LUCK,ate,1
HANS IN LUCK,aught,1
HANS IN LUCK,away,6
HANS IN LUCK,back,1
HANS IN LUCK,bad,1
HANS IN LUCK,bank,1
HANS IN LUCK,bargain,4
HANS IN LUCK,bargains,2
HANS IN LUCK,be,19
HANS IN LUCK,beast,4
HANS IN LUCK,beautiful,2
HANS IN LUCK,been,4
HANS IN LUCK,beer,1
HANS IN LUCK,before,1
HANS IN LUCK,began,5
HANS IN LUCK,behind,1
HANS IN LUCK,beings,1
HANS IN LUCK,best,2
HANS IN LUCK,better,2
HANS IN LUCK,big,2
HANS IN LUCK,blythe,1
HANS IN LUCK,born,3
HANS IN LUCK,bread,2
HANS IN LUCK,break,1
HANS IN LUCK,bred,1
HANS IN LUCK,bridle,1
HANS IN LUCK,bring,1
HANS IN LUCK,brushed,1
HANS IN LUCK,but,17
HANS IN LUCK,butcher,5
HANS IN LUCK,butter,3
HANS IN LUCK,buy,2
HANS IN LUCK,by,11
HANS IN LUCK,came,8
HANS IN LUCK,can,12
HANS IN LUCK,cap,1
HANS IN LUCK,capital,3
HANS IN LUCK,cards,1
HANS IN LUCK,care,4
HANS IN LUCK,carefully,1
HANS IN LUCK,carry,1
HANS IN LUCK,carrying,2
HANS IN LUCK,catch,1
HANS IN LUCK,certainly,1
HANS IN LUCK,chair,1
HANS IN LUCK,change,2
HANS IN LUCK,chap,1
HANS IN LUCK,chat,1
HANS IN LUCK,cheese,3
HANS IN LUCK,christening,1
HANS IN LUCK,clave,1
HANS IN LUCK,clear,1
HANS IN LUCK,clock,1
HANS IN LUCK,clumsily,1
HANS IN LUCK,coat,2
HANS IN LUCK,come,1
HANS IN LUCK,comes,2
HANS IN LUCK,coming,1
HANS IN LUCK,common,1
HANS IN LUCK,companion,1
HANS IN LUCK,company,1
HANS IN LUCK,could,7
HANS IN LUCK,country,1
HANS IN LUCK,countryman,5
HANS IN LUCK,cow,19
HANS IN LUCK,cowbeef,1
HANS IN LUCK,cracked,1
HANS IN LUCK,cried,3
HANS IN LUCK,cross,1
HANS IN LUCK,cry,1
HANS IN LUCK,cure,1
HANS IN LUCK,cut,1
HANS IN LUCK,dale,1
HANS IN LUCK,danced,1
HANS IN LUCK,day,1
HANS IN LUCK,deal,2
HANS IN LUCK,deep,1
HANS IN LUCK,delighted,1
HANS IN LUCK,derry,1
HANS IN LUCK,did,4
HANS IN LUCK,do,12
HANS IN LUCK,doing,1
HANS IN LUCK,don,3
HANS IN LUCK,done,1
HANS IN LUCK,down,4
HANS IN LUCK,dragged,1
HANS IN LUCK,dragging,1
HANS IN LUCK,draw,1
HANS IN LUCK,dreadfully,1
HANS IN LUCK,drew,1
HANS IN LUCK,drink,4
HANS IN LUCK,driving,4
HANS IN LUCK,drop,1
HANS IN LUCK,drove,3
HANS IN LUCK,dry,4
HANS IN LUCK,ease,1
HANS IN LUCK,easy,2
HANS IN LUCK,eat,1
HANS IN LUCK,eats,1
HANS IN LUCK,eight,1
HANS IN LUCK,either,1
HANS IN LUCK,elbows,1
HANS IN LUCK,enough,2
HANS IN LUCK,er,2
HANS IN LUCK,even,1
HANS IN LUCK,ever,1
HANS IN LUCK,every,1
HANS IN LUCK,everyone,1
HANS IN LUCK,everything,1
HANS IN LUCK,exchange,1
HANS IN LUCK,eyes,2
HANS IN LUCK,face,1
HANS IN LUCK,faithful,1
HANS IN LUCK,falls,1
HANS IN LUCK,farther,1
HANS IN LUCK,fast,1
HANS IN LUCK,faster,2
HANS IN LUCK,fat,7
HANS IN LUCK,favour,1
HANS IN LUCK,feathers,1
HANS IN LUCK,feel,1
HANS IN LUCK,fell,1
HANS IN LUCK,fellow,1
HANS IN LUCK,fig,1
HANS IN LUCK,find,4
HANS IN LUCK,finding,1
HANS IN LUCK,fine,4
HANS IN LUCK,fireside,1
HANS IN LUCK,first,1
HANS IN LUCK,flask,1
HANS IN LUCK,flings,1
HANS IN LUCK,fond,1
HANS IN LUCK,foot,2
HANS IN LUCK,for,34
HANS IN LUCK,forgot,1
HANS IN LUCK,fortune,1
HANS IN LUCK,found,2
HANS IN LUCK,free,2
HANS IN LUCK,friend,3
HANS IN LUCK,frightened,1
HANS IN LUCK,from,4
HANS IN LUCK,full,1
HANS IN LUCK,further,1
HANS IN LUCK,gaily,1
HANS IN LUCK,gain,1
HANS IN LUCK,gallop,1
HANS IN LUCK,gave,11
HANS IN LUCK,gay,1
HANS IN LUCK,geese,1
HANS IN LUCK,gentleman,1
HANS IN LUCK,get,6
HANS IN LUCK,gets,1
HANS IN LUCK,getting,1
HANS IN LUCK,give,9
HANS IN LUCK,given,1
HANS IN LUCK,giving,1
HANS IN LUCK,glass,1
HANS IN LUCK,go,7
HANS IN LUCK,going,1
HANS IN LUCK,golden,1
HANS IN LUCK,good,15
HANS IN LUCK,goose,8
HANS IN LUCK,goosegrease,1
HANS IN LUCK,got,5
HANS IN LUCK,grave,1
HANS IN LUCK,great,2
HANS IN LUCK,greater,1
HANS IN LUCK,grew,1
HANS IN LUCK,grinder,5
HANS IN LUCK,grindstone,1
HANS IN LUCK,had,12
HANS IN LUCK,halted,1
HANS IN LUCK,hand,6
HANS IN LUCK,hands,1
HANS IN LUCK,handsome,1
HANS IN LUCK,hans,24
HANS IN LUCK,happened,1
HANS IN LUCK,happiest,1
HANS IN LUCK,happy,5
HANS IN LUCK,hard,3
HANS IN LUCK,hardly,1
HANS IN LUCK,hark,1
HANS IN LUCK,has,6
HANS IN LUCK,hate,1
HANS IN LUCK,have,16
HANS IN LUCK,he,60
HANS IN LUCK,head,5
HANS IN LUCK,heard,1
HANS IN LUCK,heart,4
HANS IN LUCK,heat,1
HANS IN LUCK,heath,1
HANS IN LUCK,heaven,2
HANS IN LUCK,heavy,4
HANS IN LUCK,held,1
HANS IN LUCK,help,1
HANS IN LUCK,helped,2
HANS IN LUCK,her,4
HANS IN LUCK,here,1
HANS IN LUCK,hill,1
HANS IN LUCK,him,16
HANS IN LUCK,himself,6
HANS IN LUCK,his,48
HANS IN LUCK,hitherto,1
HANS IN LUCK,hold,1
HANS IN LUCK,holding,1
HANS IN LUCK,home,3
HANS IN LUCK,homewards,2
HANS IN LUCK,horse,10
HANS IN LUCK,horseback,1
HANS IN LUCK,horseman,3
HANS IN LUCK,horsepond,1
HANS IN LUCK,hot,1
HANS IN LUCK,hour,2
HANS IN LUCK,house,1
HANS IN LUCK,how,12
HANS IN LUCK,however,3
HANS IN LUCK,hungry,1
HANS IN LUCK,hurts,1
HANS IN LUCK,i,56
HANS IN LUCK,if,11
HANS IN LUCK,in,24
HANS IN LUCK,indeed,2
HANS IN LUCK,inn,1
HANS IN LUCK,into,11
HANS IN LUCK,is,21
HANS IN LUCK,it,44
HANS IN LUCK,its,2
HANS IN LUCK,itself,2
HANS IN LUCK,jip,2
HANS IN LUCK,job,1
HANS IN LUCK,jogged,2
HANS IN LUCK,joke,1
HANS IN LUCK,joy,3
HANS IN LUCK,jumped,1
HANS IN LUCK,just,1
HANS IN LUCK,keep,1
HANS IN LUCK,kick,1
HANS IN LUCK,kill,1
HANS IN LUCK,kind,4
HANS IN LUCK,kindness,2
HANS IN LUCK,knees,1
HANS IN LUCK,knew,1
HANS IN LUCK,knocked,1
HANS IN LUCK,know,4
HANS IN LUCK,knows,1
HANS IN LUCK,laid,1
HANS IN LUCK,last,8
HANS IN LUCK,laugh,1
HANS IN LUCK,lay,3
HANS IN LUCK,lazily,1
HANS IN LUCK,least,1
HANS IN LUCK,leathern,1
HANS IN LUCK,led,1
HANS IN LUCK,leg,1
HANS IN LUCK,legs,2
HANS IN LUCK,leisure,1
HANS IN LUCK,let,1
HANS IN LUCK,letting,1
HANS IN LUCK,light,3
HANS IN LUCK,like,10
HANS IN LUCK,likely,1
HANS IN LUCK,lips,2
HANS IN LUCK,little,3
HANS IN LUCK,live,1
HANS IN LUCK,lived,1
HANS IN LUCK,ll,1
HANS IN LUCK,load,2
HANS IN LUCK,long,3
HANS IN LUCK,look,1
HANS IN LUCK,looking,2
HANS IN LUCK,lose,1
HANS IN LUCK,loudly,1
HANS IN LUCK,luck,5
HANS IN LUCK,luckily,1
HANS IN LUCK,lucky,4
HANS IN LUCK,lump,2
HANS IN LUCK,m,1
HANS IN LUCK,made,1
HANS IN LUCK,make,3
HANS IN LUCK,making,1
HANS IN LUCK,man,7
HANS IN LUCK,managed,1
HANS IN LUCK,managing,1
HANS IN LUCK,many,1
HANS IN LUCK,master,4
HANS IN LUCK,matter,3
HANS IN LUCK,may,3
HANS IN LUCK,me,14
HANS IN LUCK,meantime,2
HANS IN LUCK,men,1
HANS IN LUCK,merrily,2
HANS IN LUCK,merry,3
HANS IN LUCK,met,2
HANS IN LUCK,might,1
HANS IN LUCK,milk,8
HANS IN LUCK,milking,1
HANS IN LUCK,mine,1
HANS IN LUCK,minute,1
HANS IN LUCK,misfortunes,1
HANS IN LUCK,money,3
HANS IN LUCK,months,1
HANS IN LUCK,more,5
HANS IN LUCK,morning,1
HANS IN LUCK,morrow,1
HANS IN LUCK,most,1
HANS IN LUCK,mother,4
HANS IN LUCK,mouth,1
HANS IN LUCK,move,1
HANS IN LUCK,much,4
HANS IN LUCK,must,6
HANS IN LUCK,my,26
HANS IN LUCK,myself,2
HANS IN LUCK,nail,1
HANS IN LUCK,neck,1
HANS IN LUCK,neigh,1
HANS IN LUCK,neighbour,1
HANS IN LUCK,neighbourly,1
HANS IN LUCK,neighbours,1
HANS IN LUCK,never,1
HANS IN LUCK,next,2
HANS IN LUCK,no,8
HANS IN LUCK,noble,1
HANS IN LUCK,nobody,1
HANS IN LUCK,noon,1
HANS IN LUCK,nosegay,1
HANS IN LUCK,not,11
HANS IN LUCK,nothing,2
HANS IN LUCK,now,8
HANS IN LUCK,o,3
HANS IN LUCK,of,28
HANS IN LUCK,off,12
HANS IN LUCK,oh,1
HANS IN LUCK,old,3
HANS IN LUCK,on,17
HANS IN LUCK,once,2
HANS IN LUCK,one,11
HANS IN LUCK,only,6
HANS IN LUCK,or,3
HANS IN LUCK,other,3
HANS IN LUCK,otherwise,1
HANS IN LUCK,ought,1
HANS IN LUCK,out,4
HANS IN LUCK,over,1
HANS IN LUCK,parched,1
HANS IN LUCK,path,1
HANS IN LUCK,pay,2
HANS IN LUCK,penny,2
HANS IN LUCK,people,1
HANS IN LUCK,piece,2
HANS IN LUCK,pig,16
HANS IN LUCK,pillow,1
HANS IN LUCK,plague,1
HANS IN LUCK,played,1
HANS IN LUCK,please,1
HANS IN LUCK,plenty,1
HANS IN LUCK,plump,1
HANS IN LUCK,pocket,3
HANS IN LUCK,pockethandkerchief,1
HANS IN LUCK,poor,3
HANS IN LUCK,pray,2
HANS IN LUCK,pretty,1
HANS IN LUCK,prize,1
HANS IN LUCK,puddle,1
HANS IN LUCK,pushed,1
HANS IN LUCK,puss,1
HANS IN LUCK,put,4
HANS IN LUCK,puts,1
HANS IN LUCK,quench,1
HANS IN LUCK,quietly,1
HANS IN LUCK,ran,1
HANS IN LUCK,rate,1
HANS IN LUCK,re,1
HANS IN LUCK,reached,1
HANS IN LUCK,really,1
HANS IN LUCK,refresh,1
HANS IN LUCK,repaid,1
HANS IN LUCK,rest,2
HANS IN LUCK,rested,2
HANS IN LUCK,reward,1
HANS IN LUCK,rich,1
HANS IN LUCK,ride,1
HANS IN LUCK,riding,1
HANS IN LUCK,right,3
HANS IN LUCK,river,1
HANS IN LUCK,road,2
HANS IN LUCK,roadside,1
HANS IN LUCK,roam,1
HANS IN LUCK,roast,1
HANS IN LUCK,roasts,1
HANS IN LUCK,rocking,1
HANS IN LUCK,rode,2
HANS IN LUCK,rolled,1
HANS IN LUCK,roof,1
HANS IN LUCK,rough,1
HANS IN LUCK,s,6
HANS IN LUCK,sadly,4
HANS IN LUCK,said,27
HANS IN LUCK,sat,1
HANS IN LUCK,sausages,1
HANS IN LUCK,save,1
HANS IN LUCK,saves,1
HANS IN LUCK,saw,2
HANS IN LUCK,say,2
HANS IN LUCK,saying,1
HANS IN LUCK,scissorgrinder,1
HANS IN LUCK,scrape,2
HANS IN LUCK,see,3
HANS IN LUCK,seem,3
HANS IN LUCK,seemed,1
HANS IN LUCK,selfdenial,1
HANS IN LUCK,senseless,1
HANS IN LUCK,servant,1
HANS IN LUCK,set,1
HANS IN LUCK,seven,2
HANS IN LUCK,shall,4
HANS IN LUCK,shame,1
HANS IN LUCK,she,2
HANS IN LUCK,shepherd,4
HANS IN LUCK,shoeleather,1
HANS IN LUCK,shook,1
HANS IN LUCK,should,2
HANS IN LUCK,shoulder,2
HANS IN LUCK,side,4
HANS IN LUCK,sight,1
HANS IN LUCK,silver,8
HANS IN LUCK,sing,1
HANS IN LUCK,singing,2
HANS IN LUCK,sinking,1
HANS IN LUCK,sits,1
HANS IN LUCK,six,1
HANS IN LUCK,slaughterhouse,1
HANS IN LUCK,sleep,1
HANS IN LUCK,smack,1
HANS IN LUCK,smacked,1
HANS IN LUCK,smart,1
HANS IN LUCK,smells,1
HANS IN LUCK,smiling,1
HANS IN LUCK,so,23
HANS IN LUCK,softly,1
HANS IN LUCK,some,2
HANS IN LUCK,something,2
HANS IN LUCK,soon,3
HANS IN LUCK,sorrow,1
HANS IN LUCK,sort,1
HANS IN LUCK,soundly,1
HANS IN LUCK,sparkled,1
HANS IN LUCK,speak,1
HANS IN LUCK,spoiled,1
HANS IN LUCK,sprang,1
HANS IN LUCK,squared,1
HANS IN LUCK,squire,3
HANS IN LUCK,stolen,1
HANS IN LUCK,stone,6
HANS IN LUCK,stones,1
HANS IN LUCK,stood,1
HANS IN LUCK,stooped,1
HANS IN LUCK,stopped,2
HANS IN LUCK,stream,1
HANS IN LUCK,string,2
HANS IN LUCK,stumbles,1
HANS IN LUCK,stump,1
HANS IN LUCK,sty,1
HANS IN LUCK,such,4
HANS IN LUCK,sure,3
HANS IN LUCK,surely,1
HANS IN LUCK,swans,1
HANS IN LUCK,swim,1
HANS IN LUCK,t,5
HANS IN LUCK,take,5
HANS IN LUCK,taken,1
HANS IN LUCK,taking,2
HANS IN LUCK,tale,1
HANS IN LUCK,talk,2
HANS IN LUCK,task,1
HANS IN LUCK,tears,1
HANS IN LUCK,tell,3
HANS IN LUCK,tender,1
HANS IN LUCK,than,4
HANS IN LUCK,thanked,1
HANS IN LUCK,that,24
HANS IN LUCK,the,96
HANS IN LUCK,their,3
HANS IN LUCK,them,6
HANS IN LUCK,themselves,1
HANS IN LUCK,then,13
HANS IN LUCK,there,6
HANS IN LUCK,these,1
HANS IN LUCK,they,7
HANS IN LUCK,thing,3
HANS IN LUCK,think,4
HANS IN LUCK,thirst,1
HANS IN LUCK,thirsty,1
HANS IN LUCK,this,12
HANS IN LUCK,though,1
HANS IN LUCK,thought,8
HANS IN LUCK,threw,1
HANS IN LUCK,thriven,1
HANS IN LUCK,throw,1
HANS IN LUCK,thrown,1
HANS IN LUCK,tied,2
HANS IN LUCK,till,2
HANS IN LUCK,time,3
HANS IN LUCK,tired,2
HANS IN LUCK,tis,1
HANS IN LUCK,to,52
HANS IN LUCK,toes,1
HANS IN LUCK,together,1
HANS IN LUCK,told,3
HANS IN LUCK,tongue,1
HANS IN LUCK,too,2
HANS IN LUCK,took,4
HANS IN LUCK,toss,1
HANS IN LUCK,towards,1
HANS IN LUCK,trade,1
HANS IN LUCK,travelling,1
HANS IN LUCK,tree,1
HANS IN LUCK,trick,1
HANS IN LUCK,trifle,1
HANS IN LUCK,trips,1
HANS IN LUCK,trotting,1
HANS IN LUCK,trouble,2
HANS IN LUCK,troubles,1
HANS IN LUCK,troublesome,1
HANS IN LUCK,true,1
HANS IN LUCK,trumps,1
HANS IN LUCK,try,1
HANS IN LUCK,trying,1
HANS IN LUCK,tune,1
HANS IN LUCK,turn,2
HANS IN LUCK,turned,1
HANS IN LUCK,ugly,1
HANS IN LUCK,uneasy,1
HANS IN LUCK,up,8
HANS IN LUCK,upon,7
HANS IN LUCK,utterly,1
HANS IN LUCK,value,1
HANS IN LUCK,very,9
HANS IN LUCK,vexed,1
HANS IN LUCK,village,3
HANS IN LUCK,wages,1
HANS IN LUCK,walk,1
HANS IN LUCK,walked,1
HANS IN LUCK,want,4
HANS IN LUCK,wanted,1
HANS IN LUCK,was,22
HANS IN LUCK,watched,1
HANS IN LUCK,water,2
HANS IN LUCK,way,3
HANS IN LUCK,we,1
HANS IN LUCK,wear,1
HANS IN LUCK,weary,1
HANS IN LUCK,weeks,1
HANS IN LUCK,weighed,1
HANS IN LUCK,well,10
HANS IN LUCK,went,5
HANS IN LUCK,were,1
HANS IN LUCK,what,14
HANS IN LUCK,wheel,1
HANS IN LUCK,wheelbarrow,2
HANS IN LUCK,when,7
HANS IN LUCK,whenever,3
HANS IN LUCK,where,3
HANS IN LUCK,wherever,1
HANS IN LUCK,which,4
HANS IN LUCK,while,7
HANS IN LUCK,whip,2
HANS IN LUCK,whistling,1
HANS IN LUCK,white,2
HANS IN LUCK,who,4
HANS IN LUCK,whoever,1
HANS IN LUCK,whose,1
HANS IN LUCK,why,2
HANS IN LUCK,wide,1
HANS IN LUCK,will,21
HANS IN LUCK,wiped,1
HANS IN LUCK,wish,2
HANS IN LUCK,wished,1
HANS IN LUCK,with,15
HANS IN LUCK,without,2
HANS IN LUCK,work,3
HANS IN LUCK,worked,2
HANS IN LUCK,working,1
HANS IN LUCK,world,6
HANS IN LUCK,worse,1
HANS IN LUCK,worthy,1
HANS IN LUCK,would,10
HANS IN LUCK,ye,1
HANS IN LUCK,years,2
HANS IN LUCK,yes,1
HANS IN LUCK,yet,1
HANS IN LUCK,you,51
HANS IN LUCK,your,12
HANS IN LUCK,yourself,1
HANSEL AND GRETEL,a,44
HANSEL AND GRETEL,able,1
HANSEL AND GRETEL,about,5
HANSEL AND GRETEL,above,1
HANSEL AND GRETEL,across,3
HANSEL AND GRETEL,add,1
HANSEL AND GRETEL,afar,1
HANSEL AND GRETEL,after,2
HANSEL AND GRETEL,afterwards,2
HANSEL AND GRETEL,again,11
HANSEL AND GRETEL,against,1
HANSEL AND GRETEL,ah,2
HANSEL AND GRETEL,alighted,1
HANSEL AND GRETEL,all,11
HANSEL AND GRETEL,alone,3
HANSEL AND GRETEL,already,4
HANSEL AND GRETEL,also,3
HANSEL AND GRETEL,always,1
HANSEL AND GRETEL,am,3
HANSEL AND GRETEL,an,1
HANSEL AND GRETEL,and,165
HANSEL AND GRETEL,animals,1
HANSEL AND GRETEL,another,1
HANSEL AND GRETEL,answered,4
HANSEL AND GRETEL,anxiety,2
HANSEL AND GRETEL,any,3
HANSEL AND GRETEL,anything,1
HANSEL AND GRETEL,apples,1
HANSEL AND GRETEL,approached,1
HANSEL AND GRETEL,apron,1
HANSEL AND GRETEL,are,11
HANSEL AND GRETEL,as,15
HANSEL AND GRETEL,ask,1
HANSEL AND GRETEL,asleep,5
HANSEL AND GRETEL,astonished,1
HANSEL AND GRETEL,at,15
HANSEL AND GRETEL,ate,2
HANSEL AND GRETEL,attention,1
HANSEL AND GRETEL,awake,3
HANSEL AND GRETEL,aware,1
HANSEL AND GRETEL,away,4
HANSEL AND GRETEL,awoke,3
HANSEL AND GRETEL,axe,1
HANSEL AND GRETEL,b,1
HANSEL AND GRETEL,back,8
HANSEL AND GRETEL,backwards,1
HANSEL AND GRETEL,bake,2
HANSEL AND GRETEL,be,14
HANSEL AND GRETEL,bear,1
HANSEL AND GRETEL,beasts,2
HANSEL AND GRETEL,beautiful,1
HANSEL AND GRETEL,become,1
HANSEL AND GRETEL,bed,2
HANSEL AND GRETEL,beds,2
HANSEL AND GRETEL,been,5
HANSEL AND GRETEL,before,8
HANSEL AND GRETEL,began,5
HANSEL AND GRETEL,behind,3
HANSEL AND GRETEL,beings,1
HANSEL AND GRETEL,believed,1
HANSEL AND GRETEL,below,1
HANSEL AND GRETEL,beneath,1
HANSEL AND GRETEL,berries,1
HANSEL AND GRETEL,best,1
HANSEL AND GRETEL,better,2
HANSEL AND GRETEL,big,2
HANSEL AND GRETEL,bird,2
HANSEL AND GRETEL,birds,1
HANSEL AND GRETEL,bit,1
HANSEL AND GRETEL,bite,1
HANSEL AND GRETEL,bitter,1
HANSEL AND GRETEL,bitterly,1
HANSEL AND GRETEL,blowing,1
HANSEL AND GRETEL,bolt,1
HANSEL AND GRETEL,bone,1
HANSEL AND GRETEL,both,2
HANSEL AND GRETEL,bough,1
HANSEL AND GRETEL,boy,1
HANSEL AND GRETEL,branch,1
HANSEL AND GRETEL,bread,11
HANSEL AND GRETEL,break,2
HANSEL AND GRETEL,bridge,2
HANSEL AND GRETEL,brightly,1
HANSEL AND GRETEL,bring,1
HANSEL AND GRETEL,broke,1
HANSEL AND GRETEL,brother,1
HANSEL AND GRETEL,brought,1
HANSEL AND GRETEL,brushwood,2
HANSEL AND GRETEL,built,2
HANSEL AND GRETEL,burning,1
HANSEL AND GRETEL,burnt,1
HANSEL AND GRETEL,but,25
HANSEL AND GRETEL,by,11
HANSEL AND GRETEL,cage,1
HANSEL AND GRETEL,cakes,1
HANSEL AND GRETEL,called,1
HANSEL AND GRETEL,came,11
HANSEL AND GRETEL,can,6
HANSEL AND GRETEL,cap,1
HANSEL AND GRETEL,carried,1
HANSEL AND GRETEL,carry,1
HANSEL AND GRETEL,cat,3
HANSEL AND GRETEL,catches,1
HANSEL AND GRETEL,cauldron,1
HANSEL AND GRETEL,cheeks,2
HANSEL AND GRETEL,chests,1
HANSEL AND GRETEL,child,1
HANSEL AND GRETEL,children,23
HANSEL AND GRETEL,chimney,1
HANSEL AND GRETEL,chimneys,1
HANSEL AND GRETEL,clean,1
HANSEL AND GRETEL,clear,1
HANSEL AND GRETEL,closed,1
HANSEL AND GRETEL,coat,2
HANSEL AND GRETEL,coffins,1
HANSEL AND GRETEL,cold,1
HANSEL AND GRETEL,come,5
HANSEL AND GRETEL,comforted,4
HANSEL AND GRETEL,coming,1
HANSEL AND GRETEL,commanded,1
HANSEL AND GRETEL,consented,1
HANSEL AND GRETEL,constantly,1
HANSEL AND GRETEL,conversation,1
HANSEL AND GRETEL,cook,2
HANSEL AND GRETEL,cooked,2
HANSEL AND GRETEL,corner,1
HANSEL AND GRETEL,could,5
HANSEL AND GRETEL,covered,2
HANSEL AND GRETEL,crabshells,1
HANSEL AND GRETEL,creep,1
HANSEL AND GRETEL,creeping,1
HANSEL AND GRETEL,crept,3
HANSEL AND GRETEL,cried,7
HANSEL AND GRETEL,cross,1
HANSEL AND GRETEL,crumbled,1
HANSEL AND GRETEL,crumbs,3
HANSEL AND GRETEL,crutches,1
HANSEL AND GRETEL,cry,2
HANSEL AND GRETEL,cut,3
HANSEL AND GRETEL,daily,1
HANSEL AND GRETEL,dainty,1
HANSEL AND GRETEL,dance,1
HANSEL AND GRETEL,dark,2
HANSEL AND GRETEL,darting,1
HANSEL AND GRETEL,dawned,1
HANSEL AND GRETEL,day,4
HANSEL AND GRETEL,dead,2
HANSEL AND GRETEL,dear,3
HANSEL AND GRETEL,dearth,2
HANSEL AND GRETEL,death,1
HANSEL AND GRETEL,deeper,2
HANSEL AND GRETEL,delightfully,1
HANSEL AND GRETEL,devoured,1
HANSEL AND GRETEL,did,9
HANSEL AND GRETEL,die,2
HANSEL AND GRETEL,died,1
HANSEL AND GRETEL,dim,1
HANSEL AND GRETEL,dinner,1
HANSEL AND GRETEL,distress,1
HANSEL AND GRETEL,disturbing,1
HANSEL AND GRETEL,do,13
HANSEL AND GRETEL,done,4
HANSEL AND GRETEL,door,8
HANSEL AND GRETEL,dost,1
HANSEL AND GRETEL,dough,1
HANSEL AND GRETEL,down,7
HANSEL AND GRETEL,draw,1
HANSEL AND GRETEL,drove,1
HANSEL AND GRETEL,duck,6
HANSEL AND GRETEL,dwelt,1
HANSEL AND GRETEL,each,5
HANSEL AND GRETEL,early,4
HANSEL AND GRETEL,eat,6
HANSEL AND GRETEL,eaten,1
HANSEL AND GRETEL,eating,1
HANSEL AND GRETEL,else,1
HANSEL AND GRETEL,embrace,1
HANSEL AND GRETEL,emptied,1
HANSEL AND GRETEL,end,2
HANSEL AND GRETEL,enjoyed,1
HANSEL AND GRETEL,enough,1
HANSEL AND GRETEL,entice,1
HANSEL AND GRETEL,escape,1
HANSEL AND GRETEL,even,2
HANSEL AND GRETEL,evening,3
HANSEL AND GRETEL,every,2
HANSEL AND GRETEL,everything,1
HANSEL AND GRETEL,eyes,3
HANSEL AND GRETEL,fall,1
HANSEL AND GRETEL,fallen,1
HANSEL AND GRETEL,familiar,1
HANSEL AND GRETEL,far,3
HANSEL AND GRETEL,farther,1
HANSEL AND GRETEL,fast,1
HANSEL AND GRETEL,fastened,2
HANSEL AND GRETEL,fat,4
HANSEL AND GRETEL,father,12
HANSEL AND GRETEL,fatigue,1
HANSEL AND GRETEL,fattening,1
HANSEL AND GRETEL,fear,1
HANSEL AND GRETEL,feast,1
HANSEL AND GRETEL,feed,1
HANSEL AND GRETEL,feel,2
HANSEL AND GRETEL,fell,5
HANSEL AND GRETEL,ferry,1
HANSEL AND GRETEL,fetch,5
HANSEL AND GRETEL,fields,1
HANSEL AND GRETEL,filled,1
HANSEL AND GRETEL,find,6
HANSEL AND GRETEL,finger,2
HANSEL AND GRETEL,fire,7
HANSEL AND GRETEL,first,2
HANSEL AND GRETEL,flames,2
HANSEL AND GRETEL,flew,1
HANSEL AND GRETEL,flow,1
HANSEL AND GRETEL,fly,1
HANSEL AND GRETEL,folks,2
HANSEL AND GRETEL,followed,2
HANSEL AND GRETEL,food,2
HANSEL AND GRETEL,fool,3
HANSEL AND GRETEL,footplank,1
HANSEL AND GRETEL,for,20
HANSEL AND GRETEL,forced,1
HANSEL AND GRETEL,forest,18
HANSEL AND GRETEL,forget,1
HANSEL AND GRETEL,forsake,1
HANSEL AND GRETEL,forwards,1
HANSEL AND GRETEL,found,1
HANSEL AND GRETEL,four,2
HANSEL AND GRETEL,frightened,1
HANSEL AND GRETEL,from,5
HANSEL AND GRETEL,front,1
HANSEL AND GRETEL,full,3
HANSEL AND GRETEL,fur,1
HANSEL AND GRETEL,gathered,1
HANSEL AND GRETEL,gave,2
HANSEL AND GRETEL,get,10
HANSEL AND GRETEL,girl,2
HANSEL AND GRETEL,give,1
HANSEL AND GRETEL,given,1
HANSEL AND GRETEL,glittered,1
HANSEL AND GRETEL,gnaw,1
HANSEL AND GRETEL,go,7
HANSEL AND GRETEL,god,3
HANSEL AND GRETEL,godless,1
HANSEL AND GRETEL,going,2
HANSEL AND GRETEL,gone,1
HANSEL AND GRETEL,good,5
HANSEL AND GRETEL,goodbye,2
HANSEL AND GRETEL,goose,1
HANSEL AND GRETEL,got,4
HANSEL AND GRETEL,grated,1
HANSEL AND GRETEL,great,6
HANSEL AND GRETEL,gretel,35
HANSEL AND GRETEL,grew,1
HANSEL AND GRETEL,groaned,1
HANSEL AND GRETEL,ground,2
HANSEL AND GRETEL,had,40
HANSEL AND GRETEL,half,1
HANSEL AND GRETEL,hand,3
HANSEL AND GRETEL,handful,1
HANSEL AND GRETEL,hands,1
HANSEL AND GRETEL,hang,1
HANSEL AND GRETEL,hansel,45
HANSEL AND GRETEL,happen,1
HANSEL AND GRETEL,happiness,1
HANSEL AND GRETEL,happy,1
HANSEL AND GRETEL,hard,1
HANSEL AND GRETEL,harm,1
HANSEL AND GRETEL,has,2
HANSEL AND GRETEL,have,11
HANSEL AND GRETEL,he,21
HANSEL AND GRETEL,head,2
HANSEL AND GRETEL,heard,4
HANSEL AND GRETEL,heart,2
HANSEL AND GRETEL,heated,2
HANSEL AND GRETEL,heaven,1
HANSEL AND GRETEL,heavenborn,1
HANSEL AND GRETEL,heavy,2
HANSEL AND GRETEL,help,7
HANSEL AND GRETEL,her,22
HANSEL AND GRETEL,here,1
HANSEL AND GRETEL,herself,3
HANSEL AND GRETEL,high,2
HANSEL AND GRETEL,hill,1
HANSEL AND GRETEL,hills,1
HANSEL AND GRETEL,him,11
HANSEL AND GRETEL,himself,2
HANSEL AND GRETEL,his,21
HANSEL AND GRETEL,home,3
HANSEL AND GRETEL,horribly,1
HANSEL AND GRETEL,hour,1
HANSEL AND GRETEL,hours,1
HANSEL AND GRETEL,house,11
HANSEL AND GRETEL,how,10
HANSEL AND GRETEL,however,10
HANSEL AND GRETEL,howl,1
HANSEL AND GRETEL,human,1
HANSEL AND GRETEL,hunger,3
HANSEL AND GRETEL,hungry,1
HANSEL AND GRETEL,husband,1
HANSEL AND GRETEL,i,22
HANSEL AND GRETEL,if,5
HANSEL AND GRETEL,impatience,1
HANSEL AND GRETEL,in,38
HANSEL AND GRETEL,inside,1
HANSEL AND GRETEL,intended,1
HANSEL AND GRETEL,into,17
HANSEL AND GRETEL,iron,1
HANSEL AND GRETEL,is,26
HANSEL AND GRETEL,it,36
HANSEL AND GRETEL,its,4
HANSEL AND GRETEL,jewels,1
HANSEL AND GRETEL,just,5
HANSEL AND GRETEL,keen,1
HANSEL AND GRETEL,keep,1
HANSEL AND GRETEL,kill,1
HANSEL AND GRETEL,killed,1
HANSEL AND GRETEL,kind,1
HANSEL AND GRETEL,kiss,1
HANSEL AND GRETEL,kneaded,1
HANSEL AND GRETEL,knocked,1
HANSEL AND GRETEL,know,1
HANSEL AND GRETEL,known,1
HANSEL AND GRETEL,lament,1
HANSEL AND GRETEL,land,2
HANSEL AND GRETEL,last,2
HANSEL AND GRETEL,laughed,1
HANSEL AND GRETEL,lay,6
HANSEL AND GRETEL,lazy,1
HANSEL AND GRETEL,lean,1
HANSEL AND GRETEL,leant,1
HANSEL AND GRETEL,leave,3
HANSEL AND GRETEL,led,2
HANSEL AND GRETEL,left,4
HANSEL AND GRETEL,legs,2
HANSEL AND GRETEL,length,1
HANSEL AND GRETEL,let,3
HANSEL AND GRETEL,light,3
HANSEL AND GRETEL,lighted,1
HANSEL AND GRETEL,lightning,1
HANSEL AND GRETEL,like,5
HANSEL AND GRETEL,liked,1
HANSEL AND GRETEL,likewise,1
HANSEL AND GRETEL,linen,1
HANSEL AND GRETEL,listen,1
HANSEL AND GRETEL,listened,1
HANSEL AND GRETEL,little,34
HANSEL AND GRETEL,lived,1
HANSEL AND GRETEL,lives,1
HANSEL AND GRETEL,ll,1
HANSEL AND GRETEL,loaf,1
HANSEL AND GRETEL,locked,2
HANSEL AND GRETEL,long,4
HANSEL AND GRETEL,longer,5
HANSEL AND GRETEL,look,2
HANSEL AND GRETEL,looking,5
HANSEL AND GRETEL,made,2
HANSEL AND GRETEL,make,1
HANSEL AND GRETEL,malice,1
HANSEL AND GRETEL,man,4
HANSEL AND GRETEL,many,2
HANSEL AND GRETEL,may,6
HANSEL AND GRETEL,me,5
HANSEL AND GRETEL,meal,1
HANSEL AND GRETEL,means,1
HANSEL AND GRETEL,midday,1
HANSEL AND GRETEL,middle,1
HANSEL AND GRETEL,might,1
HANSEL AND GRETEL,milk,1
HANSEL AND GRETEL,mind,1
HANSEL AND GRETEL,miserably,1
HANSEL AND GRETEL,mockingly,1
HANSEL AND GRETEL,moon,5
HANSEL AND GRETEL,more,5
HANSEL AND GRETEL,morning,8
HANSEL AND GRETEL,mornings,1
HANSEL AND GRETEL,morsel,1
HANSEL AND GRETEL,mother,2
HANSEL AND GRETEL,mouse,1
HANSEL AND GRETEL,mouthful,2
HANSEL AND GRETEL,must,5
HANSEL AND GRETEL,muttered,1
HANSEL AND GRETEL,my,5
HANSEL AND GRETEL,myself,1
HANSEL AND GRETEL,naughty,1
HANSEL AND GRETEL,near,2
HANSEL AND GRETEL,neck,1
HANSEL AND GRETEL,need,1
HANSEL AND GRETEL,neighbourhood,1
HANSEL AND GRETEL,never,3
HANSEL AND GRETEL,nevertheless,1
HANSEL AND GRETEL,newlycoined,1
HANSEL AND GRETEL,next,1
HANSEL AND GRETEL,nibble,2
HANSEL AND GRETEL,nibbled,1
HANSEL AND GRETEL,nibbling,1
HANSEL AND GRETEL,night,6
HANSEL AND GRETEL,no,15
HANSEL AND GRETEL,nodded,1
HANSEL AND GRETEL,noise,1
HANSEL AND GRETEL,noon,2
HANSEL AND GRETEL,not,28
HANSEL AND GRETEL,nothing,4
HANSEL AND GRETEL,now,9
HANSEL AND GRETEL,nuts,1
HANSEL AND GRETEL,o,1
HANSEL AND GRETEL,of,41
HANSEL AND GRETEL,off,2
HANSEL AND GRETEL,often,1
HANSEL AND GRETEL,oh,2
HANSEL AND GRETEL,old,10
HANSEL AND GRETEL,on,20
HANSEL AND GRETEL,once,5
HANSEL AND GRETEL,one,8
HANSEL AND GRETEL,only,2
HANSEL AND GRETEL,opened,5
HANSEL AND GRETEL,or,3
HANSEL AND GRETEL,order,1
HANSEL AND GRETEL,other,4
HANSEL AND GRETEL,our,4
HANSEL AND GRETEL,ourselves,2
HANSEL AND GRETEL,out,19
HANSEL AND GRETEL,outside,2
HANSEL AND GRETEL,oven,4
HANSEL AND GRETEL,over,4
HANSEL AND GRETEL,pancakes,1
HANSEL AND GRETEL,panes,1
HANSEL AND GRETEL,parlour,2
HANSEL AND GRETEL,passed,1
HANSEL AND GRETEL,path,1
HANSEL AND GRETEL,pay,1
HANSEL AND GRETEL,peace,2
HANSEL AND GRETEL,pearls,2
HANSEL AND GRETEL,pebbles,5
HANSEL AND GRETEL,pebblestones,1
HANSEL AND GRETEL,peeped,1
HANSEL AND GRETEL,pennies,1
HANSEL AND GRETEL,perfect,1
HANSEL AND GRETEL,pick,1
HANSEL AND GRETEL,picked,1
HANSEL AND GRETEL,piece,6
HANSEL AND GRETEL,pieces,2
HANSEL AND GRETEL,pigeon,2
HANSEL AND GRETEL,pile,1
HANSEL AND GRETEL,pinafore,2
HANSEL AND GRETEL,plane,1
HANSEL AND GRETEL,plank,1
HANSEL AND GRETEL,planks,1
HANSEL AND GRETEL,plump,1
HANSEL AND GRETEL,pocket,5
HANSEL AND GRETEL,pockets,1
HANSEL AND GRETEL,poor,7
HANSEL AND GRETEL,power,1
HANSEL AND GRETEL,precious,1
HANSEL AND GRETEL,pretended,1
HANSEL AND GRETEL,pretty,2
HANSEL AND GRETEL,procure,1
HANSEL AND GRETEL,properly,1
HANSEL AND GRETEL,push,1
HANSEL AND GRETEL,pushed,2
HANSEL AND GRETEL,put,2
HANSEL AND GRETEL,quiet,1
HANSEL AND GRETEL,quietly,1
HANSEL AND GRETEL,quite,1
HANSEL AND GRETEL,ran,3
HANSEL AND GRETEL,rate,1
HANSEL AND GRETEL,reached,3
HANSEL AND GRETEL,real,1
HANSEL AND GRETEL,reality,1
HANSEL AND GRETEL,red,1
HANSEL AND GRETEL,rejoice,1
HANSEL AND GRETEL,rejoiced,1
HANSEL AND GRETEL,remained,1
HANSEL AND GRETEL,replied,1
HANSEL AND GRETEL,reproached,1
HANSEL AND GRETEL,rest,1
HANSEL AND GRETEL,rid,1
HANSEL AND GRETEL,risen,3
HANSEL AND GRETEL,rises,1
HANSEL AND GRETEL,road,1
HANSEL AND GRETEL,roof,6
HANSEL AND GRETEL,room,1
HANSEL AND GRETEL,rosy,1
HANSEL AND GRETEL,round,3
HANSEL AND GRETEL,run,1
HANSEL AND GRETEL,runs,1
HANSEL AND GRETEL,rushed,1
HANSEL AND GRETEL,s,9
HANSEL AND GRETEL,safely,1
HANSEL AND GRETEL,said,35
HANSEL AND GRETEL,same,1
HANSEL AND GRETEL,sang,1
HANSEL AND GRETEL,sat,2
HANSEL AND GRETEL,saved,1
HANSEL AND GRETEL,saving,1
HANSEL AND GRETEL,saw,6
HANSEL AND GRETEL,say,4
HANSEL AND GRETEL,saying,2
HANSEL AND GRETEL,says,1
HANSEL AND GRETEL,scattered,1
HANSEL AND GRETEL,scent,1
HANSEL AND GRETEL,scolded,1
HANSEL AND GRETEL,scream,1
HANSEL AND GRETEL,seated,1
HANSEL AND GRETEL,second,1
HANSEL AND GRETEL,see,6
HANSEL AND GRETEL,seemed,1
HANSEL AND GRETEL,seized,2
HANSEL AND GRETEL,set,4
HANSEL AND GRETEL,shall,6
HANSEL AND GRETEL,share,1
HANSEL AND GRETEL,shared,1
HANSEL AND GRETEL,she,28
HANSEL AND GRETEL,shining,2
HANSEL AND GRETEL,shone,2
HANSEL AND GRETEL,shook,1
HANSEL AND GRETEL,short,2
HANSEL AND GRETEL,should,1
HANSEL AND GRETEL,show,1
HANSEL AND GRETEL,showed,1
HANSEL AND GRETEL,shrivelled,1
HANSEL AND GRETEL,shut,2
HANSEL AND GRETEL,sight,1
HANSEL AND GRETEL,silly,1
HANSEL AND GRETEL,silver,2
HANSEL AND GRETEL,since,2
HANSEL AND GRETEL,sister,6
HANSEL AND GRETEL,sit,2
HANSEL AND GRETEL,sitting,4
HANSEL AND GRETEL,sleep,4
HANSEL AND GRETEL,sleeping,1
HANSEL AND GRETEL,slept,1
HANSEL AND GRETEL,sluggards,1
HANSEL AND GRETEL,smaller,1
HANSEL AND GRETEL,snowwhite,1
HANSEL AND GRETEL,so,12
HANSEL AND GRETEL,soft,1
HANSEL AND GRETEL,some,5
HANSEL AND GRETEL,something,3
HANSEL AND GRETEL,song,1
HANSEL AND GRETEL,soon,6
HANSEL AND GRETEL,sorry,1
HANSEL AND GRETEL,sprang,1
HANSEL AND GRETEL,spread,1
HANSEL AND GRETEL,stable,4
HANSEL AND GRETEL,stay,1
HANSEL AND GRETEL,staying,1
HANSEL AND GRETEL,stepmother,1
HANSEL AND GRETEL,still,7
HANSEL AND GRETEL,stir,1
HANSEL AND GRETEL,stones,1
HANSEL AND GRETEL,stood,4
HANSEL AND GRETEL,stooped,1
HANSEL AND GRETEL,stop,1
HANSEL AND GRETEL,stretch,2
HANSEL AND GRETEL,stretched,1
HANSEL AND GRETEL,strewn,1
HANSEL AND GRETEL,strokes,1
HANSEL AND GRETEL,stuffed,1
HANSEL AND GRETEL,such,1
HANSEL AND GRETEL,suddenly,1
HANSEL AND GRETEL,sugar,2
HANSEL AND GRETEL,sun,3
HANSEL AND GRETEL,supported,1
HANSEL AND GRETEL,sweet,1
HANSEL AND GRETEL,swimming,1
HANSEL AND GRETEL,t,1
HANSEL AND GRETEL,take,5
HANSEL AND GRETEL,tale,1
HANSEL AND GRETEL,taste,2
HANSEL AND GRETEL,tasted,1
HANSEL AND GRETEL,tear,1
HANSEL AND GRETEL,tears,2
HANSEL AND GRETEL,tell,1
HANSEL AND GRETEL,terribly,1
HANSEL AND GRETEL,than,2
HANSEL AND GRETEL,that,26
HANSEL AND GRETEL,the,181
HANSEL AND GRETEL,thee,1
HANSEL AND GRETEL,their,17
HANSEL AND GRETEL,them,22
HANSEL AND GRETEL,themselves,2
HANSEL AND GRETEL,then,21
HANSEL AND GRETEL,there,13
HANSEL AND GRETEL,these,1
HANSEL AND GRETEL,they,48
HANSEL AND GRETEL,thickest,1
HANSEL AND GRETEL,thin,1
HANSEL AND GRETEL,thing,1
HANSEL AND GRETEL,this,1
HANSEL AND GRETEL,thou,1
HANSEL AND GRETEL,thought,5
HANSEL AND GRETEL,thousands,1
HANSEL AND GRETEL,three,2
HANSEL AND GRETEL,threw,4
HANSEL AND GRETEL,throughout,1
HANSEL AND GRETEL,throwing,1
HANSEL AND GRETEL,thrust,2
HANSEL AND GRETEL,thy,1
HANSEL AND GRETEL,till,2
HANSEL AND GRETEL,time,6
HANSEL AND GRETEL,tired,1
HANSEL AND GRETEL,to,72
HANSEL AND GRETEL,together,4
HANSEL AND GRETEL,told,1
HANSEL AND GRETEL,tomorrow,2
HANSEL AND GRETEL,too,4
HANSEL AND GRETEL,took,4
HANSEL AND GRETEL,tore,1
HANSEL AND GRETEL,tossed,1
HANSEL AND GRETEL,tree,2
HANSEL AND GRETEL,try,1
HANSEL AND GRETEL,two,6
HANSEL AND GRETEL,under,1
HANSEL AND GRETEL,until,6
HANSEL AND GRETEL,up,13
HANSEL AND GRETEL,us,11
HANSEL AND GRETEL,use,1
HANSEL AND GRETEL,vain,1
HANSEL AND GRETEL,very,3
HANSEL AND GRETEL,voice,1
HANSEL AND GRETEL,wait,4
HANSEL AND GRETEL,waiting,1
HANSEL AND GRETEL,walk,1
HANSEL AND GRETEL,walked,5
HANSEL AND GRETEL,wanted,1
HANSEL AND GRETEL,wants,2
HANSEL AND GRETEL,was,33
HANSEL AND GRETEL,water,5
HANSEL AND GRETEL,way,11
HANSEL AND GRETEL,we,29
HANSEL AND GRETEL,weariness,1
HANSEL AND GRETEL,weary,1
HANSEL AND GRETEL,weeks,1
HANSEL AND GRETEL,weep,1
HANSEL AND GRETEL,well,1
HANSEL AND GRETEL,went,4
HANSEL AND GRETEL,wept,1
HANSEL AND GRETEL,were,13
HANSEL AND GRETEL,what,7
HANSEL AND GRETEL,whatever,1
HANSEL AND GRETEL,when,31
HANSEL AND GRETEL,where,2
HANSEL AND GRETEL,which,13
HANSEL AND GRETEL,white,6
HANSEL AND GRETEL,who,8
HANSEL AND GRETEL,whole,3
HANSEL AND GRETEL,whosoever,1
HANSEL AND GRETEL,why,2
HANSEL AND GRETEL,wicked,2
HANSEL AND GRETEL,wife,4
HANSEL AND GRETEL,wild,2
HANSEL AND GRETEL,will,28
HANSEL AND GRETEL,wind,4
HANSEL AND GRETEL,window,2
HANSEL AND GRETEL,windowpane,1
HANSEL AND GRETEL,windows,1
HANSEL AND GRETEL,wings,1
HANSEL AND GRETEL,witch,7
HANSEL AND GRETEL,witches,1
HANSEL AND GRETEL,with,18
HANSEL AND GRETEL,withered,1
HANSEL AND GRETEL,without,1
HANSEL AND GRETEL,woman,18
HANSEL AND GRETEL,won,1
HANSEL AND GRETEL,wood,5
HANSEL AND GRETEL,woodaxe,1
HANSEL AND GRETEL,woodcutter,1
HANSEL AND GRETEL,woods,1
HANSEL AND GRETEL,work,2
HANSEL AND GRETEL,would,7
HANSEL AND GRETEL,yielded,1
HANSEL AND GRETEL,you,23
HANSEL AND GRETEL,your,8
HANSEL AND GRETEL,yourself,3
HANSEL AND GRETEL,yourselves,1
IRON HANS,a,51
IRON HANS,about,3
IRON HANS,abundance,1
IRON HANS,accident,1
IRON HANS,afraid,1
IRON HANS,after,1
IRON HANS,afterwards,1
IRON HANS,again,21
IRON HANS,ah,1
IRON HANS,air,1
IRON HANS,all,15
IRON HANS,allow,1
IRON HANS,allowed,1
IRON HANS,alone,1
IRON HANS,already,8
IRON HANS,also,2
IRON HANS,always,1
IRON HANS,am,5
IRON HANS,amazed,1
IRON HANS,amongst,1
IRON HANS,an,4
IRON HANS,and,170
IRON HANS,angry,1
IRON HANS,animals,1
IRON HANS,announced,3
IRON HANS,another,1
IRON HANS,answered,6
IRON HANS,any,3
IRON HANS,anyone,1
IRON HANS,anything,2
IRON HANS,appear,1
IRON HANS,appeared,1
IRON HANS,apple,6
IRON HANS,apples,3
IRON HANS,are,4
IRON HANS,arm,2
IRON HANS,armour,2
IRON HANS,army,1
IRON HANS,as,21
IRON HANS,ascending,1
IRON HANS,ask,1
IRON HANS,asked,10
IRON HANS,assistance,1
IRON HANS,astonishment,1
IRON HANS,at,15
IRON HANS,attendants,1
IRON HANS,away,12
IRON HANS,back,12
IRON HANS,bad,3
IRON HANS,badly,1
IRON HANS,bale,1
IRON HANS,ball,5
IRON HANS,battlefield,1
IRON HANS,be,7
IRON HANS,bear,1
IRON HANS,beat,1
IRON HANS,beaten,2
IRON HANS,become,1
IRON HANS,bed,1
IRON HANS,bedroom,1
IRON HANS,been,3
IRON HANS,befallen,1
IRON HANS,before,5
IRON HANS,began,1
IRON HANS,behind,3
IRON HANS,behold,2
IRON HANS,bent,1
IRON HANS,beside,1
IRON HANS,best,1
IRON HANS,betook,1
IRON HANS,better,2
IRON HANS,bid,1
IRON HANS,black,2
IRON HANS,body,1
IRON HANS,both,1
IRON HANS,bottom,1
IRON HANS,bound,2
IRON HANS,boy,27
IRON HANS,bright,1
IRON HANS,bring,2
IRON HANS,brink,1
IRON HANS,broke,1
IRON HANS,brought,1
IRON HANS,brown,1
IRON HANS,buckets,1
IRON HANS,but,38
IRON HANS,by,14
IRON HANS,byways,1
IRON HANS,cage,3
IRON HANS,called,7
IRON HANS,came,15
IRON HANS,can,11
IRON HANS,cap,8
IRON HANS,care,3
IRON HANS,cared,1
IRON HANS,carried,1
IRON HANS,carry,2
IRON HANS,cast,1
IRON HANS,castle,1
IRON HANS,catch,1
IRON HANS,caught,6
IRON HANS,ceremony,1
IRON HANS,chestnuthorse,1
IRON HANS,children,3
IRON HANS,cinders,1
IRON HANS,city,1
IRON HANS,clear,1
IRON HANS,colours,1
IRON HANS,come,10
IRON HANS,comes,1
IRON HANS,common,1
IRON HANS,compassion,1
IRON HANS,conducted,1
IRON HANS,consent,1
IRON HANS,cook,4
IRON HANS,cool,1
IRON HANS,cords,1
IRON HANS,could,13
IRON HANS,country,1
IRON HANS,court,2
IRON HANS,courtyard,2
IRON HANS,creature,1
IRON HANS,cried,2
IRON HANS,cry,1
IRON HANS,crying,1
IRON HANS,crystal,1
IRON HANS,cut,1
IRON HANS,dangerous,1
IRON HANS,dark,2
IRON HANS,daughter,12
IRON HANS,day,14
IRON HANS,daybreak,1
IRON HANS,days,1
IRON HANS,dear,1
IRON HANS,death,1
IRON HANS,deeds,1
IRON HANS,deep,2
IRON HANS,delight,1
IRON HANS,departed,1
IRON HANS,desire,4
IRON HANS,did,10
IRON HANS,different,1
IRON HANS,difficulty,2
IRON HANS,dig,1
IRON HANS,dipped,1
IRON HANS,do,9
IRON HANS,does,1
IRON HANS,dog,3
IRON HANS,doing,1
IRON HANS,done,1
IRON HANS,door,5
IRON HANS,doors,1
IRON HANS,down,9
IRON HANS,drew,2
IRON HANS,ducats,2
IRON HANS,eagle,1
IRON HANS,easily,1
IRON HANS,echoed,1
IRON HANS,eight,1
IRON HANS,else,1
IRON HANS,embraced,1
IRON HANS,empty,1
IRON HANS,enchantment,1
IRON HANS,enemies,1
IRON HANS,enemy,3
IRON HANS,enough,1
IRON HANS,entirely,1
IRON HANS,equipped,2
IRON HANS,escaped,1
IRON HANS,even,1
IRON HANS,evening,3
IRON HANS,ever,2
IRON HANS,every,2
IRON HANS,everyone,1
IRON HANS,everything,1
IRON HANS,exchanged,1
IRON HANS,excuse,1
IRON HANS,eyes,1
IRON HANS,face,2
IRON HANS,fall,2
IRON HANS,fallen,1
IRON HANS,falls,1
IRON HANS,fare,2
IRON HANS,farther,1
IRON HANS,fast,1
IRON HANS,father,4
IRON HANS,fear,2
IRON HANS,feast,2
IRON HANS,fell,8
IRON HANS,festival,2
IRON HANS,fetched,1
IRON HANS,fieldflowers,2
IRON HANS,fields,1
IRON HANS,find,2
IRON HANS,finger,5
IRON HANS,fingers,1
IRON HANS,fish,1
IRON HANS,flashed,2
IRON HANS,flee,1
IRON HANS,flowers,2
IRON HANS,flying,1
IRON HANS,followed,3
IRON HANS,following,2
IRON HANS,food,1
IRON HANS,foot,1
IRON HANS,for,22
IRON HANS,forbade,1
IRON HANS,forbidden,1
IRON HANS,forest,14
IRON HANS,forth,6
IRON HANS,forward,1
IRON HANS,found,1
IRON HANS,free,2
IRON HANS,from,9
IRON HANS,full,1
IRON HANS,further,1
IRON HANS,galloped,4
IRON HANS,game,1
IRON HANS,garden,3
IRON HANS,gardener,9
IRON HANS,garland,1
IRON HANS,gathered,2
IRON HANS,gave,7
IRON HANS,get,3
IRON HANS,gilded,2
IRON HANS,give,7
IRON HANS,given,1
IRON HANS,glittered,1
IRON HANS,go,9
IRON HANS,going,1
IRON HANS,gold,6
IRON HANS,golden,16
IRON HANS,gone,4
IRON HANS,got,3
IRON HANS,grant,1
IRON HANS,great,10
IRON HANS,greater,1
IRON HANS,grew,1
IRON HANS,grief,1
IRON HANS,grown,1
IRON HANS,guess,1
IRON HANS,had,23
IRON HANS,hair,12
IRON HANS,hand,1
IRON HANS,handful,2
IRON HANS,handkerchief,1
IRON HANS,hands,1
IRON HANS,handsome,1
IRON HANS,hans,10
IRON HANS,happened,5
IRON HANS,happens,1
IRON HANS,hardly,2
IRON HANS,has,7
IRON HANS,haste,1
IRON HANS,hasty,1
IRON HANS,hat,1
IRON HANS,have,25
IRON HANS,hawk,1
IRON HANS,he,97
IRON HANS,head,8
IRON HANS,hear,1
IRON HANS,heart,1
IRON HANS,hedge,1
IRON HANS,held,3
IRON HANS,helmet,1
IRON HANS,help,2
IRON HANS,helped,1
IRON HANS,her,4
IRON HANS,here,3
IRON HANS,herself,1
IRON HANS,him,54
IRON HANS,himself,7
IRON HANS,his,63
IRON HANS,hobblety,3
IRON HANS,hoe,1
IRON HANS,home,4
IRON HANS,hope,1
IRON HANS,horse,11
IRON HANS,how,4
IRON HANS,however,6
IRON HANS,hung,1
IRON HANS,hunting,1
IRON HANS,huntsman,5
IRON HANS,huntsmen,2
IRON HANS,hurricane,1
IRON HANS,hurried,1
IRON HANS,hurt,3
IRON HANS,i,40
IRON HANS,if,11
IRON HANS,imagine,1
IRON HANS,immediately,1
IRON HANS,in,29
IRON HANS,indeed,1
IRON HANS,inquired,1
IRON HANS,instant,1
IRON HANS,instantly,1
IRON HANS,instead,1
IRON HANS,into,21
IRON HANS,involuntarily,1
IRON HANS,iron,14
IRON HANS,is,12
IRON HANS,it,56
IRON HANS,its,1
IRON HANS,itself,2
IRON HANS,jib,3
IRON HANS,joy,1
IRON HANS,just,2
IRON HANS,keep,3
IRON HANS,keeping,1
IRON HANS,kept,1
IRON HANS,key,4
IRON HANS,kinds,1
IRON HANS,king,36
IRON HANS,kissed,1
IRON HANS,knees,1
IRON HANS,knew,3
IRON HANS,knight,6
IRON HANS,knights,2
IRON HANS,know,4
IRON HANS,lame,1
IRON HANS,last,1
IRON HANS,lasted,1
IRON HANS,laughed,2
IRON HANS,lay,2
IRON HANS,leapt,1
IRON HANS,learn,1
IRON HANS,learnt,1
IRON HANS,leave,1
IRON HANS,led,3
IRON HANS,left,2
IRON HANS,leg,1
IRON HANS,length,3
IRON HANS,let,4
IRON HANS,lies,1
IRON HANS,like,4
IRON HANS,liked,1
IRON HANS,likewise,3
IRON HANS,limped,1
IRON HANS,linger,1
IRON HANS,little,4
IRON HANS,long,5
IRON HANS,longer,3
IRON HANS,look,1
IRON HANS,looked,3
IRON HANS,lord,2
IRON HANS,loudly,1
IRON HANS,lying,1
IRON HANS,made,2
IRON HANS,maiden,1
IRON HANS,make,2
IRON HANS,man,18
IRON HANS,many,1
IRON HANS,marriagefeast,1
IRON HANS,may,4
IRON HANS,me,15
IRON HANS,mean,1
IRON HANS,meet,1
IRON HANS,men,2
IRON HANS,met,1
IRON HANS,might,5
IRON HANS,mighty,2
IRON HANS,mocking,1
IRON HANS,money,1
IRON HANS,more,10
IRON HANS,morning,1
IRON HANS,moss,1
IRON HANS,mother,3
IRON HANS,mounted,2
IRON HANS,much,3
IRON HANS,music,1
IRON HANS,must,2
IRON HANS,my,12
IRON HANS,naked,1
IRON HANS,name,1
IRON HANS,near,3
IRON HANS,never,4
IRON HANS,nevertheless,2
IRON HANS,next,3
IRON HANS,no,14
IRON HANS,none,4
IRON HANS,nostrils,1
IRON HANS,not,38
IRON HANS,nothing,9
IRON HANS,notice,1
IRON HANS,now,1
IRON HANS,obeyed,1
IRON HANS,observed,1
IRON HANS,occasion,1
IRON HANS,of,39
IRON HANS,off,9
IRON HANS,offer,1
IRON HANS,offered,1
IRON HANS,often,1
IRON HANS,oh,2
IRON HANS,on,24
IRON HANS,once,8
IRON HANS,one,12
IRON HANS,ones,1
IRON HANS,only,4
IRON HANS,onwards,1
IRON HANS,open,3
IRON HANS,opened,4
IRON HANS,opposed,1
IRON HANS,opposition,1
IRON HANS,or,5
IRON HANS,order,3
IRON HANS,ordered,1
IRON HANS,other,1
IRON HANS,others,3
IRON HANS,our,1
IRON HANS,out,17
IRON HANS,outskirts,1
IRON HANS,over,8
IRON HANS,overrun,1
IRON HANS,owe,1
IRON HANS,own,1
IRON HANS,pain,1
IRON HANS,pains,1
IRON HANS,palace,3
IRON HANS,part,1
IRON HANS,pass,1
IRON HANS,passed,1
IRON HANS,paths,1
IRON HANS,people,4
IRON HANS,perform,1
IRON HANS,perhaps,2
IRON HANS,pieces,1
IRON HANS,pillow,1
IRON HANS,pinched,1
IRON HANS,pity,1
IRON HANS,place,2
IRON HANS,placed,1
IRON HANS,plant,1
IRON HANS,play,1
IRON HANS,playing,2
IRON HANS,playthings,1
IRON HANS,please,2
IRON HANS,plenty,1
IRON HANS,pocket,1
IRON HANS,pockethandkerchief,1
IRON HANS,point,1
IRON HANS,polluted,2
IRON HANS,pool,1
IRON HANS,poor,1
IRON HANS,possess,1
IRON HANS,poverty,1
IRON HANS,power,1
IRON HANS,presence,2
IRON HANS,present,1
IRON HANS,prettiest,1
IRON HANS,proclaim,1
IRON HANS,proof,1
IRON HANS,property,1
IRON HANS,pulled,1
IRON HANS,purpose,1
IRON HANS,pursue,2
IRON HANS,pursued,2
IRON HANS,put,3
IRON HANS,queen,2
IRON HANS,queer,1
IRON HANS,quickly,4
IRON HANS,quite,2
IRON HANS,raised,1
IRON HANS,rake,1
IRON HANS,ran,2
IRON HANS,rarest,1
IRON HANS,rays,1
IRON HANS,reached,2
IRON HANS,received,1
IRON HANS,recognized,1
IRON HANS,red,1
IRON HANS,reflection,1
IRON HANS,reigned,1
IRON HANS,remain,1
IRON HANS,replied,2
IRON HANS,require,1
IRON HANS,rest,1
IRON HANS,restrained,1
IRON HANS,retinue,1
IRON HANS,returned,2
IRON HANS,returning,1
IRON HANS,ridden,1
IRON HANS,ride,1
IRON HANS,ridiculed,1
IRON HANS,riding,2
IRON HANS,risk,1
IRON HANS,rode,3
IRON HANS,roe,1
IRON HANS,rolled,1
IRON HANS,room,1
IRON HANS,round,1
IRON HANS,royal,3
IRON HANS,run,2
IRON HANS,rusty,1
IRON HANS,s,20
IRON HANS,safe,2
IRON HANS,safety,1
IRON HANS,said,33
IRON HANS,same,1
IRON HANS,sat,1
IRON HANS,saw,4
IRON HANS,scent,1
IRON HANS,scolded,1
IRON HANS,scour,1
IRON HANS,search,1
IRON HANS,second,1
IRON HANS,see,10
IRON HANS,seeing,1
IRON HANS,seek,3
IRON HANS,seeking,1
IRON HANS,seemly,1
IRON HANS,seen,4
IRON HANS,seized,1
IRON HANS,send,1
IRON HANS,sent,4
IRON HANS,service,2
IRON HANS,set,3
IRON HANS,shall,8
IRON HANS,she,11
IRON HANS,shone,2
IRON HANS,shoot,1
IRON HANS,should,2
IRON HANS,shoulder,2
IRON HANS,shoulders,3
IRON HANS,show,2
IRON HANS,shown,1
IRON HANS,silver,1
IRON HANS,single,1
IRON HANS,sit,1
IRON HANS,sitting,3
IRON HANS,situation,1
IRON HANS,sleeping,1
IRON HANS,slept,1
IRON HANS,smiled,1
IRON HANS,snake,1
IRON HANS,snatched,1
IRON HANS,snorted,1
IRON HANS,so,10
IRON HANS,soldiers,3
IRON HANS,solitude,1
IRON HANS,some,2
IRON HANS,sometimes,1
IRON HANS,son,3
IRON HANS,soon,2
IRON HANS,sore,2
IRON HANS,sought,1
IRON HANS,spirited,1
IRON HANS,splendid,1
IRON HANS,spot,1
IRON HANS,sprang,1
IRON HANS,stab,1
IRON HANS,stable,2
IRON HANS,stableboy,2
IRON HANS,stairs,1
IRON HANS,stand,1
IRON HANS,stately,1
IRON HANS,stay,2
IRON HANS,stayed,1
IRON HANS,steed,1
IRON HANS,stepped,1
IRON HANS,steps,2
IRON HANS,still,3
IRON HANS,stillness,1
IRON HANS,stir,1
IRON HANS,stood,2
IRON HANS,stopped,2
IRON HANS,straight,1
IRON HANS,strange,2
IRON HANS,streamed,1
IRON HANS,strength,1
IRON HANS,stretched,1
IRON HANS,strong,1
IRON HANS,such,4
IRON HANS,suddenly,1
IRON HANS,suit,2
IRON HANS,summer,1
IRON HANS,summoned,1
IRON HANS,sun,3
IRON HANS,superior,1
IRON HANS,surface,1
IRON HANS,sword,1
IRON HANS,swords,1
IRON HANS,table,2
IRON HANS,take,11
IRON HANS,tell,2
IRON HANS,terrified,1
IRON HANS,than,4
IRON HANS,thanks,1
IRON HANS,that,34
IRON HANS,the,242
IRON HANS,their,2
IRON HANS,them,13
IRON HANS,then,18
IRON HANS,there,10
IRON HANS,therefore,1
IRON HANS,therein,1
IRON HANS,thereupon,1
IRON HANS,these,2
IRON HANS,they,18
IRON HANS,thing,2
IRON HANS,things,1
IRON HANS,think,1
IRON HANS,third,6
IRON HANS,this,5
IRON HANS,thither,2
IRON HANS,thought,1
IRON HANS,three,6
IRON HANS,threelegged,4
IRON HANS,threw,1
IRON HANS,through,2
IRON HANS,throw,1
IRON HANS,thus,1
IRON HANS,tied,1
IRON HANS,till,1
IRON HANS,time,7
IRON HANS,times,1
IRON HANS,to,73
IRON HANS,together,3
IRON HANS,told,1
IRON HANS,too,3
IRON HANS,took,13
IRON HANS,treasure,1
IRON HANS,treasures,1
IRON HANS,trees,1
IRON HANS,trial,1
IRON HANS,troop,2
IRON HANS,troops,1
IRON HANS,trying,1
IRON HANS,turned,1
IRON HANS,two,2
IRON HANS,unbeaten,1
IRON HANS,under,4
IRON HANS,unhappily,1
IRON HANS,unknown,2
IRON HANS,until,3
IRON HANS,up,8
IRON HANS,upon,1
IRON HANS,us,1
IRON HANS,use,2
IRON HANS,venture,2
IRON HANS,victory,3
IRON HANS,violently,2
IRON HANS,walked,1
IRON HANS,want,1
IRON HANS,wanted,5
IRON HANS,wanting,1
IRON HANS,war,1
IRON HANS,warm,1
IRON HANS,warriors,1
IRON HANS,wars,2
IRON HANS,was,45
IRON HANS,wash,1
IRON HANS,watch,1
IRON HANS,watching,1
IRON HANS,water,8
IRON HANS,way,2
IRON HANS,we,2
IRON HANS,weather,1
IRON HANS,wedding,1
IRON HANS,well,12
IRON HANS,went,14
IRON HANS,were,6
IRON HANS,what,10
IRON HANS,whatsoever,1
IRON HANS,when,22
IRON HANS,where,1
IRON HANS,whether,1
IRON HANS,which,5
IRON HANS,while,2
IRON HANS,white,2
IRON HANS,who,16
IRON HANS,whole,2
IRON HANS,whose,2
IRON HANS,wife,1
IRON HANS,wild,15
IRON HANS,will,15
IRON HANS,willingly,1
IRON HANS,wind,1
IRON HANS,winds,1
IRON HANS,wished,2
IRON HANS,with,24
IRON HANS,without,1
IRON HANS,won,1
IRON HANS,wood,1
IRON HANS,work,2
IRON HANS,working,1
IRON HANS,world,2
IRON HANS,would,10
IRON HANS,wound,1
IRON HANS,wounded,1
IRON HANS,wreath,2
IRON HANS,years,2
IRON HANS,yes,2
IRON HANS,yesterday,1
IRON HANS,yet,1
IRON HANS,you,51
IRON HANS,your,14
IRON HANS,yourself,1
IRON HANS,youth,9
JORINDA AND JORINDEL,_jug,1
JORINDA AND JORINDEL,a,29
JORINDA AND JORINDEL,about,2
JORINDA AND JORINDEL,after,2
JORINDA AND JORINDEL,again,6
JORINDA AND JORINDEL,alas,2
JORINDA AND JORINDEL,all,7
JORINDA AND JORINDEL,almost,1
JORINDA AND JORINDEL,alone,1
JORINDA AND JORINDEL,already,1
JORINDA AND JORINDEL,always,1
JORINDA AND JORINDEL,an,5
JORINDA AND JORINDEL,and,53
JORINDA AND JORINDEL,angry,1
JORINDA AND JORINDEL,another,2
JORINDA AND JORINDEL,any,3
JORINDA AND JORINDEL,arms,1
JORINDA AND JORINDEL,around,2
JORINDA AND JORINDEL,as,11
JORINDA AND JORINDEL,at,7
JORINDA AND JORINDEL,away,3
JORINDA AND JORINDEL,awoke,1
JORINDA AND JORINDEL,back,3
JORINDA AND JORINDEL,be,3
JORINDA AND JORINDEL,beautiful,6
JORINDA AND JORINDEL,became,2
JORINDA AND JORINDEL,become,2
JORINDA AND JORINDEL,been,1
JORINDA AND JORINDEL,before,4
JORINDA AND JORINDEL,began,1
JORINDA AND JORINDEL,beheld,1
JORINDA AND JORINDEL,behind,2
JORINDA AND JORINDEL,beneath,1
JORINDA AND JORINDEL,best,1
JORINDA AND JORINDEL,big,1
JORINDA AND JORINDEL,birches,1
JORINDA AND JORINDEL,bird,1
JORINDA AND JORINDEL,birds,5
JORINDA AND JORINDEL,both,1
JORINDA AND JORINDEL,bound,1
JORINDA AND JORINDEL,bright,1
JORINDA AND JORINDEL,bush,1
JORINDA AND JORINDEL,bushes,1
JORINDA AND JORINDEL,but,11
JORINDA AND JORINDEL,by,2
JORINDA AND JORINDEL,cage,2
JORINDA AND JORINDEL,cages,4
JORINDA AND JORINDEL,came,8
JORINDA AND JORINDEL,care,1
JORINDA AND JORINDEL,cast,1
JORINDA AND JORINDEL,castle,10
JORINDA AND JORINDEL,cat,1
JORINDA AND JORINDEL,chamber,2
JORINDA AND JORINDEL,changed,2
JORINDA AND JORINDEL,charm,1
JORINDA AND JORINDEL,chin,1
JORINDA AND JORINDEL,circle,1
JORINDA AND JORINDEL,close,2
JORINDA AND JORINDEL,come,2
JORINDA AND JORINDEL,costly,2
JORINDA AND JORINDEL,could,10
JORINDA AND JORINDEL,country,1
JORINDA AND JORINDEL,court,1
JORINDA AND JORINDEL,crept,1
JORINDA AND JORINDEL,d,1
JORINDA AND JORINDEL,dale,1
JORINDA AND JORINDEL,dared,1
JORINDA AND JORINDEL,darling,1
JORINDA AND JORINDEL,day,4
JORINDA AND JORINDEL,days,1
JORINDA AND JORINDEL,dear,1
JORINDA AND JORINDEL,deep,1
JORINDA AND JORINDEL,dewdrop,1
JORINDA AND JORINDEL,did,3
JORINDA AND JORINDEL,disenchanted,1
JORINDA AND JORINDEL,do,3
JORINDA AND JORINDEL,don,1
JORINDA AND JORINDEL,doom,1
JORINDA AND JORINDEL,door,3
JORINDA AND JORINDEL,down,4
JORINDA AND JORINDEL,dreamt,2
JORINDA AND JORINDEL,early,1
JORINDA AND JORINDEL,eight,1
JORINDA AND JORINDEL,employed,1
JORINDA AND JORINDEL,ended,1
JORINDA AND JORINDEL,evening,1
JORINDA AND JORINDEL,ever,3
JORINDA AND JORINDEL,everything,1
JORINDA AND JORINDEL,eyes,2
JORINDA AND JORINDEL,fairy,10
JORINDA AND JORINDEL,fast,2
JORINDA AND JORINDEL,fate,1
JORINDA AND JORINDEL,fear,1
JORINDA AND JORINDEL,fell,1
JORINDA AND JORINDEL,felt,1
JORINDA AND JORINDEL,fiery,1
JORINDA AND JORINDEL,find,1
JORINDA AND JORINDEL,fixed,3
JORINDA AND JORINDEL,flew,4
JORINDA AND JORINDEL,flower,9
JORINDA AND JORINDEL,fond,1
JORINDA AND JORINDEL,foot,1
JORINDA AND JORINDEL,for,6
JORINDA AND JORINDEL,forced,1
JORINDA AND JORINDEL,form,1
JORINDA AND JORINDEL,forms,1
JORINDA AND JORINDEL,forth,1
JORINDA AND JORINDEL,found,6
JORINDA AND JORINDEL,free,2
JORINDA AND JORINDEL,from,4
JORINDA AND JORINDEL,gaze,1
JORINDA AND JORINDEL,girls,1
JORINDA AND JORINDEL,give,1
JORINDA AND JORINDEL,given,1
JORINDA AND JORINDEL,glad,1
JORINDA AND JORINDEL,gloomy,2
JORINDA AND JORINDEL,go,5
JORINDA AND JORINDEL,gone,1
JORINDA AND JORINDEL,good,1
JORINDA AND JORINDEL,green,1
JORINDA AND JORINDEL,had,6
JORINDA AND JORINDEL,half,1
JORINDA AND JORINDEL,hand,4
JORINDA AND JORINDEL,hanging,1
JORINDA AND JORINDEL,happily,1
JORINDA AND JORINDEL,has,1
JORINDA AND JORINDEL,hated,1
JORINDA AND JORINDEL,he,47
JORINDA AND JORINDEL,heard,2
JORINDA AND JORINDEL,held,1
JORINDA AND JORINDEL,her,18
JORINDA AND JORINDEL,herself,1
JORINDA AND JORINDEL,hie,1
JORINDA AND JORINDEL,hill,2
JORINDA AND JORINDEL,him,6
JORINDA AND JORINDEL,himself,2
JORINDA AND JORINDEL,his,12
JORINDA AND JORINDEL,hoarse,1
JORINDA AND JORINDEL,home,3
JORINDA AND JORINDEL,how,1
JORINDA AND JORINDEL,hundred,5
JORINDA AND JORINDEL,hung,1
JORINDA AND JORINDEL,if,1
JORINDA AND JORINDEL,in,23
JORINDA AND JORINDEL,indeed,1
JORINDA AND JORINDEL,into,5
JORINDA AND JORINDEL,is,3
JORINDA AND JORINDEL,it,11
JORINDA AND JORINDEL,its,1
JORINDA AND JORINDEL,jorinda,10
JORINDA AND JORINDEL,jorindel,10
JORINDA AND JORINDEL,jug_,1
JORINDA AND JORINDEL,just,1
JORINDA AND JORINDEL,keeping,1
JORINDA AND JORINDEL,knees,1
JORINDA AND JORINDEL,knew,1
JORINDA AND JORINDEL,know,1
JORINDA AND JORINDEL,knowing,1
JORINDA AND JORINDEL,lad,1
JORINDA AND JORINDEL,lads,1
JORINDA AND JORINDEL,large,1
JORINDA AND JORINDEL,last,4
JORINDA AND JORINDEL,laughed,1
JORINDA AND JORINDEL,lay,1
JORINDA AND JORINDEL,like,1
JORINDA AND JORINDEL,liked,1
JORINDA AND JORINDEL,listened,1
JORINDA AND JORINDEL,lived,2
JORINDA AND JORINDEL,long,4
JORINDA AND JORINDEL,longer,1
JORINDA AND JORINDEL,looked,3
JORINDA AND JORINDEL,looking,1
JORINDA AND JORINDEL,loss,1
JORINDA AND JORINDEL,maiden,2
JORINDA AND JORINDEL,maidens,1
JORINDA AND JORINDEL,making,1
JORINDA AND JORINDEL,man,1
JORINDA AND JORINDEL,many,6
JORINDA AND JORINDEL,married,2
JORINDA AND JORINDEL,mate,1
JORINDA AND JORINDEL,me,1
JORINDA AND JORINDEL,meagre,1
JORINDA AND JORINDEL,met,1
JORINDA AND JORINDEL,middle,3
JORINDA AND JORINDEL,might,1
JORINDA AND JORINDEL,moment,1
JORINDA AND JORINDEL,morning,2
JORINDA AND JORINDEL,mourn,1
JORINDA AND JORINDEL,mournful,1
JORINDA AND JORINDEL,move,3
JORINDA AND JORINDEL,much,1
JORINDA AND JORINDEL,mumbled,1
JORINDA AND JORINDEL,must,1
JORINDA AND JORINDEL,name,2
JORINDA AND JORINDEL,near,2
JORINDA AND JORINDEL,nearer,1
JORINDA AND JORINDEL,neck,1
JORINDA AND JORINDEL,neither,1
JORINDA AND JORINDEL,never,2
JORINDA AND JORINDEL,night,4
JORINDA AND JORINDEL,nightingale,3
JORINDA AND JORINDEL,nightingales,1
JORINDA AND JORINDEL,ninth,1
JORINDA AND JORINDEL,nor,2
JORINDA AND JORINDEL,nose,1
JORINDA AND JORINDEL,not,9
JORINDA AND JORINDEL,nothing,1
JORINDA AND JORINDEL,now,3
JORINDA AND JORINDEL,of,17
JORINDA AND JORINDEL,off,1
JORINDA AND JORINDEL,oh,1
JORINDA AND JORINDEL,old,7
JORINDA AND JORINDEL,on,4
JORINDA AND JORINDEL,once,2
JORINDA AND JORINDEL,one,5
JORINDA AND JORINDEL,open,1
JORINDA AND JORINDEL,or,4
JORINDA AND JORINDEL,other,2
JORINDA AND JORINDEL,out,2
JORINDA AND JORINDEL,over,1
JORINDA AND JORINDEL,owl,3
JORINDA AND JORINDEL,own,1
JORINDA AND JORINDEL,paces,2
JORINDA AND JORINDEL,pale,2
JORINDA AND JORINDEL,parted,1
JORINDA AND JORINDEL,path,1
JORINDA AND JORINDEL,pearl,2
JORINDA AND JORINDEL,pleased,1
JORINDA AND JORINDEL,plucked,2
JORINDA AND JORINDEL,poor,1
JORINDA AND JORINDEL,prayed,2
JORINDA AND JORINDEL,prettier,1
JORINDA AND JORINDEL,pretty,3
JORINDA AND JORINDEL,prisoner,1
JORINDA AND JORINDEL,purple,2
JORINDA AND JORINDEL,put,1
JORINDA AND JORINDEL,quite,3
JORINDA AND JORINDEL,rage,1
JORINDA AND JORINDEL,ran,1
JORINDA AND JORINDEL,rays,1
JORINDA AND JORINDEL,reason,1
JORINDA AND JORINDEL,ringdove,1
JORINDA AND JORINDEL,round,4
JORINDA AND JORINDEL,s,2
JORINDA AND JORINDEL,sad,1
JORINDA AND JORINDEL,safeguard,1
JORINDA AND JORINDEL,said,3
JORINDA AND JORINDEL,sang,3
JORINDA AND JORINDEL,sat,4
JORINDA AND JORINDEL,saw,5
JORINDA AND JORINDEL,screamed,2
JORINDA AND JORINDEL,search,1
JORINDA AND JORINDEL,see,4
JORINDA AND JORINDEL,seemed,1
JORINDA AND JORINDEL,seen,1
JORINDA AND JORINDEL,seized,1
JORINDA AND JORINDEL,set,2
JORINDA AND JORINDEL,setting,2
JORINDA AND JORINDEL,seven,3
JORINDA AND JORINDEL,shape,1
JORINDA AND JORINDEL,she,13
JORINDA AND JORINDEL,sheep,1
JORINDA AND JORINDEL,shepherd,1
JORINDA AND JORINDEL,shone,1
JORINDA AND JORINDEL,should,3
JORINDA AND JORINDEL,shrank,1
JORINDA AND JORINDEL,side,1
JORINDA AND JORINDEL,sing,1
JORINDA AND JORINDEL,singing,3
JORINDA AND JORINDEL,so,6
JORINDA AND JORINDEL,something,1
JORINDA AND JORINDEL,song,2
JORINDA AND JORINDEL,soon,1
JORINDA AND JORINDEL,sorrowed,1
JORINDA AND JORINDEL,sought,1
JORINDA AND JORINDEL,space,1
JORINDA AND JORINDEL,speak,2
JORINDA AND JORINDEL,spell,1
JORINDA AND JORINDEL,spot,1
JORINDA AND JORINDEL,sprang,1
JORINDA AND JORINDEL,spray,1
JORINDA AND JORINDEL,staring,1
JORINDA AND JORINDEL,stay,2
JORINDA AND JORINDEL,stems,1
JORINDA AND JORINDEL,step,1
JORINDA AND JORINDEL,stir,1
JORINDA AND JORINDEL,stone,1
JORINDA AND JORINDEL,stood,4
JORINDA AND JORINDEL,stopped,1
JORINDA AND JORINDEL,strange,1
JORINDA AND JORINDEL,sudden,2
JORINDA AND JORINDEL,suddenly,1
JORINDA AND JORINDEL,sun,4
JORINDA AND JORINDEL,sunk,1
JORINDA AND JORINDEL,t,1
JORINDA AND JORINDEL,take,3
JORINDA AND JORINDEL,taken,1
JORINDA AND JORINDEL,tall,1
JORINDA AND JORINDEL,than,3
JORINDA AND JORINDEL,that,16
JORINDA AND JORINDEL,the,71
JORINDA AND JORINDEL,their,1
JORINDA AND JORINDEL,them,2
JORINDA AND JORINDEL,themselves,2
JORINDA AND JORINDEL,then,7
JORINDA AND JORINDEL,there,7
JORINDA AND JORINDEL,these,1
JORINDA AND JORINDEL,they,14
JORINDA AND JORINDEL,thinking,1
JORINDA AND JORINDEL,this,3
JORINDA AND JORINDEL,three,2
JORINDA AND JORINDEL,threw,1
JORINDA AND JORINDEL,through,4
JORINDA AND JORINDEL,till,4
JORINDA AND JORINDEL,time,1
JORINDA AND JORINDEL,times,2
JORINDA AND JORINDEL,to,23
JORINDA AND JORINDEL,together,2
JORINDA AND JORINDEL,too,1
JORINDA AND JORINDEL,took,2
JORINDA AND JORINDEL,touched,4
JORINDA AND JORINDEL,travelled,1
JORINDA AND JORINDEL,trees,1
JORINDA AND JORINDEL,trembled,1
JORINDA AND JORINDEL,tu,3
JORINDA AND JORINDEL,turned,2
JORINDA AND JORINDEL,turtledoves,1
JORINDA AND JORINDEL,two,1
JORINDA AND JORINDEL,under,1
JORINDA AND JORINDEL,underwood,1
JORINDA AND JORINDEL,up,2
JORINDA AND JORINDEL,upon,2
JORINDA AND JORINDEL,vain,3
JORINDA AND JORINDEL,very,3
JORINDA AND JORINDEL,village,1
JORINDA AND JORINDEL,voice,1
JORINDA AND JORINDEL,walk,2
JORINDA AND JORINDEL,walked,2
JORINDA AND JORINDEL,walls,1
JORINDA AND JORINDEL,wandered,1
JORINDA AND JORINDEL,was,19
JORINDA AND JORINDEL,way,4
JORINDA AND JORINDEL,we,2
JORINDA AND JORINDEL,weep,1
JORINDA AND JORINDEL,welladay,3
JORINDA AND JORINDEL,went,7
JORINDA AND JORINDEL,wept,1
JORINDA AND JORINDEL,were,6
JORINDA AND JORINDEL,what,4
JORINDA AND JORINDEL,when,9
JORINDA AND JORINDEL,where,3
JORINDA AND JORINDEL,which,3
JORINDA AND JORINDEL,while,1
JORINDA AND JORINDEL,whose,3
JORINDA AND JORINDEL,whu,3
JORINDA AND JORINDEL,why,1
JORINDA AND JORINDEL,will,1
JORINDA AND JORINDEL,willow,1
JORINDA AND JORINDEL,with,13
JORINDA AND JORINDEL,within,3
JORINDA AND JORINDEL,without,1
JORINDA AND JORINDEL,woman,1
JORINDA AND JORINDEL,wood,3
JORINDA AND JORINDEL,word,1
JORINDA AND JORINDEL,would,1
JORINDA AND JORINDEL,yards,1
JORINDA AND JORINDEL,years,1
JORINDA AND JORINDEL,yet,1
JORINDA AND JORINDEL,young,1
KING GRISLY-BEARD,a,31
KING GRISLY-BEARD,abashed,1
KING GRISLY-BEARD,about,1
KING GRISLY-BEARD,according,1
KING GRISLY-BEARD,after,1
KING GRISLY-BEARD,against,1
KING GRISLY-BEARD,ah,4
KING GRISLY-BEARD,alas,1
KING GRISLY-BEARD,all,16
KING GRISLY-BEARD,allowed,1
KING GRISLY-BEARD,alms,1
KING GRISLY-BEARD,already,1
KING GRISLY-BEARD,also,1
KING GRISLY-BEARD,am,7
KING GRISLY-BEARD,an,2
KING GRISLY-BEARD,and,80
KING GRISLY-BEARD,angry,1
KING GRISLY-BEARD,another,1
KING GRISLY-BEARD,answered,1
KING GRISLY-BEARD,any,1
KING GRISLY-BEARD,are,5
KING GRISLY-BEARD,as,7
KING GRISLY-BEARD,ask,1
KING GRISLY-BEARD,asked,2
KING GRISLY-BEARD,at,7
KING GRISLY-BEARD,avail,1
KING GRISLY-BEARD,away,3
KING GRISLY-BEARD,back,1
KING GRISLY-BEARD,baker,1
KING GRISLY-BEARD,bargain,1
KING GRISLY-BEARD,barons,1
KING GRISLY-BEARD,basket,2
KING GRISLY-BEARD,baskets,1
KING GRISLY-BEARD,be,5
KING GRISLY-BEARD,beard,1
KING GRISLY-BEARD,beautiful,5
KING GRISLY-BEARD,became,1
KING GRISLY-BEARD,because,1
KING GRISLY-BEARD,become,1
KING GRISLY-BEARD,bed,1
KING GRISLY-BEARD,been,8
KING GRISLY-BEARD,before,2
KING GRISLY-BEARD,beg,1
KING GRISLY-BEARD,began,3
KING GRISLY-BEARD,beggar,1
KING GRISLY-BEARD,begged,2
KING GRISLY-BEARD,behaved,1
KING GRISLY-BEARD,belong,2
KING GRISLY-BEARD,belongs,2
KING GRISLY-BEARD,better,1
KING GRISLY-BEARD,bitterly,1
KING GRISLY-BEARD,blood,1
KING GRISLY-BEARD,boon,1
KING GRISLY-BEARD,bought,1
KING GRISLY-BEARD,brightness,1
KING GRISLY-BEARD,broke,1
KING GRISLY-BEARD,brought,6
KING GRISLY-BEARD,business,1
KING GRISLY-BEARD,but,14
KING GRISLY-BEARD,buy,1
KING GRISLY-BEARD,by,6
KING GRISLY-BEARD,called,4
KING GRISLY-BEARD,came,12
KING GRISLY-BEARD,can,2
KING GRISLY-BEARD,care,1
KING GRISLY-BEARD,carry,1
KING GRISLY-BEARD,chamberlains,1
KING GRISLY-BEARD,city,2
KING GRISLY-BEARD,clean,1
KING GRISLY-BEARD,clothes,1
KING GRISLY-BEARD,come,1
KING GRISLY-BEARD,comer,1
KING GRISLY-BEARD,conceited,1
KING GRISLY-BEARD,cook,2
KING GRISLY-BEARD,cooking,1
KING GRISLY-BEARD,corner,2
KING GRISLY-BEARD,cottage,2
KING GRISLY-BEARD,counts,1
KING GRISLY-BEARD,court,3
KING GRISLY-BEARD,cover,1
KING GRISLY-BEARD,coxcomb,1
KING GRISLY-BEARD,crack,1
KING GRISLY-BEARD,cried,1
KING GRISLY-BEARD,cry,1
KING GRISLY-BEARD,crying,1
KING GRISLY-BEARD,cure,1
KING GRISLY-BEARD,cut,2
KING GRISLY-BEARD,dance,1
KING GRISLY-BEARD,danced,1
KING GRISLY-BEARD,daughter,3
KING GRISLY-BEARD,days,2
KING GRISLY-BEARD,deep,1
KING GRISLY-BEARD,did,4
KING GRISLY-BEARD,die,1
KING GRISLY-BEARD,dirtiest,1
KING GRISLY-BEARD,dirty,1
KING GRISLY-BEARD,dirtylooking,1
KING GRISLY-BEARD,do,7
KING GRISLY-BEARD,does,1
KING GRISLY-BEARD,done,2
KING GRISLY-BEARD,door,3
KING GRISLY-BEARD,down,2
KING GRISLY-BEARD,drunken,1
KING GRISLY-BEARD,dry,1
KING GRISLY-BEARD,dukes,1
KING GRISLY-BEARD,dumpling,1
KING GRISLY-BEARD,earls,1
KING GRISLY-BEARD,early,1
KING GRISLY-BEARD,earning,1
KING GRISLY-BEARD,earth,1
KING GRISLY-BEARD,earthenware,1
KING GRISLY-BEARD,east,1
KING GRISLY-BEARD,eat,1
KING GRISLY-BEARD,eaten,2
KING GRISLY-BEARD,eldest,1
KING GRISLY-BEARD,enough,3
KING GRISLY-BEARD,every,4
KING GRISLY-BEARD,everybody,2
KING GRISLY-BEARD,everything,1
KING GRISLY-BEARD,face,1
KING GRISLY-BEARD,far,1
KING GRISLY-BEARD,fast,1
KING GRISLY-BEARD,fat,1
KING GRISLY-BEARD,father,2
KING GRISLY-BEARD,fear,2
KING GRISLY-BEARD,feast,3
KING GRISLY-BEARD,feet,1
KING GRISLY-BEARD,fell,1
KING GRISLY-BEARD,fellow,1
KING GRISLY-BEARD,fiddler,9
KING GRISLY-BEARD,fifth,1
KING GRISLY-BEARD,fine,1
KING GRISLY-BEARD,fingers,2
KING GRISLY-BEARD,fire,1
KING GRISLY-BEARD,fires,1
KING GRISLY-BEARD,first,4
KING GRISLY-BEARD,fit,1
KING GRISLY-BEARD,folly,2
KING GRISLY-BEARD,for,15
KING GRISLY-BEARD,forced,1
KING GRISLY-BEARD,fourth,1
KING GRISLY-BEARD,fresh,1
KING GRISLY-BEARD,gave,1
KING GRISLY-BEARD,get,1
KING GRISLY-BEARD,give,2
KING GRISLY-BEARD,go,2
KING GRISLY-BEARD,going,2
KING GRISLY-BEARD,golden,1
KING GRISLY-BEARD,good,4
KING GRISLY-BEARD,goods,2
KING GRISLY-BEARD,got,2
KING GRISLY-BEARD,grand,1
KING GRISLY-BEARD,great,4
KING GRISLY-BEARD,green,2
KING GRISLY-BEARD,grieved,1
KING GRISLY-BEARD,grislybeard,10
KING GRISLY-BEARD,guests,1
KING GRISLY-BEARD,had,15
KING GRISLY-BEARD,hadst,3
KING GRISLY-BEARD,hand,1
KING GRISLY-BEARD,has,1
KING GRISLY-BEARD,haughty,1
KING GRISLY-BEARD,have,10
KING GRISLY-BEARD,he,17
KING GRISLY-BEARD,heard,2
KING GRISLY-BEARD,heart,1
KING GRISLY-BEARD,held,1
KING GRISLY-BEARD,help,1
KING GRISLY-BEARD,helped,1
KING GRISLY-BEARD,her,26
KING GRISLY-BEARD,here,1
KING GRISLY-BEARD,herself,2
KING GRISLY-BEARD,him,10
KING GRISLY-BEARD,his,7
KING GRISLY-BEARD,hold,2
KING GRISLY-BEARD,hole,1
KING GRISLY-BEARD,home,5
KING GRISLY-BEARD,horse,1
KING GRISLY-BEARD,house,2
KING GRISLY-BEARD,how,3
KING GRISLY-BEARD,however,2
KING GRISLY-BEARD,hunger,1
KING GRISLY-BEARD,husband,5
KING GRISLY-BEARD,hut,1
KING GRISLY-BEARD,i,23
KING GRISLY-BEARD,if,3
KING GRISLY-BEARD,illtreated,1
KING GRISLY-BEARD,illtreatment,1
KING GRISLY-BEARD,in,21
KING GRISLY-BEARD,into,2
KING GRISLY-BEARD,is,8
KING GRISLY-BEARD,it,9
KING GRISLY-BEARD,jeered,1
KING GRISLY-BEARD,joke,1
KING GRISLY-BEARD,joy,1
KING GRISLY-BEARD,keep,1
KING GRISLY-BEARD,kept,1
KING GRISLY-BEARD,king,21
KING GRISLY-BEARD,kings,1
KING GRISLY-BEARD,kitchenmaid,2
KING GRISLY-BEARD,knew,2
KING GRISLY-BEARD,knights,1
KING GRISLY-BEARD,laid,1
KING GRISLY-BEARD,land,1
KING GRISLY-BEARD,last,1
KING GRISLY-BEARD,lasted,1
KING GRISLY-BEARD,laugh,1
KING GRISLY-BEARD,laughed,2
KING GRISLY-BEARD,learn,1
KING GRISLY-BEARD,learnt,1
KING GRISLY-BEARD,led,1
KING GRISLY-BEARD,left,1
KING GRISLY-BEARD,let,2
KING GRISLY-BEARD,like,2
KING GRISLY-BEARD,little,1
KING GRISLY-BEARD,live,1
KING GRISLY-BEARD,lived,4
KING GRISLY-BEARD,ll,1
KING GRISLY-BEARD,long,2
KING GRISLY-BEARD,look,1
KING GRISLY-BEARD,looked,1
KING GRISLY-BEARD,lot,1
KING GRISLY-BEARD,loved,1
KING GRISLY-BEARD,low,1
KING GRISLY-BEARD,made,2
KING GRISLY-BEARD,make,1
KING GRISLY-BEARD,making,2
KING GRISLY-BEARD,man,2
KING GRISLY-BEARD,many,1
KING GRISLY-BEARD,market,4
KING GRISLY-BEARD,marriage,3
KING GRISLY-BEARD,married,4
KING GRISLY-BEARD,marry,2
KING GRISLY-BEARD,maypole,1
KING GRISLY-BEARD,me,5
KING GRISLY-BEARD,meadows,2
KING GRISLY-BEARD,meal,1
KING GRISLY-BEARD,meat,1
KING GRISLY-BEARD,meats,2
KING GRISLY-BEARD,merry,1
KING GRISLY-BEARD,mine,1
KING GRISLY-BEARD,money,2
KING GRISLY-BEARD,mop,1
KING GRISLY-BEARD,more,2
KING GRISLY-BEARD,morning,1
KING GRISLY-BEARD,most,1
KING GRISLY-BEARD,must,5
KING GRISLY-BEARD,my,6
KING GRISLY-BEARD,next,3
KING GRISLY-BEARD,nickname,1
KING GRISLY-BEARD,no,4
KING GRISLY-BEARD,noble,1
KING GRISLY-BEARD,none,1
KING GRISLY-BEARD,not,11
KING GRISLY-BEARD,nothing,3
KING GRISLY-BEARD,now,4
KING GRISLY-BEARD,of,25
KING GRISLY-BEARD,off,1
KING GRISLY-BEARD,old,2
KING GRISLY-BEARD,on,8
KING GRISLY-BEARD,once,1
KING GRISLY-BEARD,one,3
KING GRISLY-BEARD,only,3
KING GRISLY-BEARD,or,2
KING GRISLY-BEARD,our,1
KING GRISLY-BEARD,out,3
KING GRISLY-BEARD,oven,1
KING GRISLY-BEARD,over,3
KING GRISLY-BEARD,overset,1
KING GRISLY-BEARD,overtook,1
KING GRISLY-BEARD,paid,1
KING GRISLY-BEARD,palace,1
KING GRISLY-BEARD,pale,1
KING GRISLY-BEARD,paltry,1
KING GRISLY-BEARD,pans,1
KING GRISLY-BEARD,parson,1
KING GRISLY-BEARD,partner,1
KING GRISLY-BEARD,party,1
KING GRISLY-BEARD,pass,1
KING GRISLY-BEARD,passed,1
KING GRISLY-BEARD,passes,1
KING GRISLY-BEARD,passing,1
KING GRISLY-BEARD,people,1
KING GRISLY-BEARD,perhaps,1
KING GRISLY-BEARD,pieces,1
KING GRISLY-BEARD,place,1
KING GRISLY-BEARD,play,1
KING GRISLY-BEARD,plenty,1
KING GRISLY-BEARD,pomp,1
KING GRISLY-BEARD,pots,1
KING GRISLY-BEARD,pray,1
KING GRISLY-BEARD,prayed,1
KING GRISLY-BEARD,pride,2
KING GRISLY-BEARD,prince,1
KING GRISLY-BEARD,princes,2
KING GRISLY-BEARD,princess,5
KING GRISLY-BEARD,proud,1
KING GRISLY-BEARD,put,3
KING GRISLY-BEARD,ran,2
KING GRISLY-BEARD,ranged,1
KING GRISLY-BEARD,rank,1
KING GRISLY-BEARD,ready,2
KING GRISLY-BEARD,really,1
KING GRISLY-BEARD,red,1
KING GRISLY-BEARD,rich,1
KING GRISLY-BEARD,robes,1
KING GRISLY-BEARD,rode,1
KING GRISLY-BEARD,round,1
KING GRISLY-BEARD,row,1
KING GRISLY-BEARD,run,1
KING GRISLY-BEARD,s,6
KING GRISLY-BEARD,said,25
KING GRISLY-BEARD,sang,1
KING GRISLY-BEARD,sat,3
KING GRISLY-BEARD,saw,3
KING GRISLY-BEARD,say,3
KING GRISLY-BEARD,scanty,1
KING GRISLY-BEARD,see,4
KING GRISLY-BEARD,seeing,1
KING GRISLY-BEARD,sell,1
KING GRISLY-BEARD,sent,1
KING GRISLY-BEARD,servants,3
KING GRISLY-BEARD,set,1
KING GRISLY-BEARD,shall,2
KING GRISLY-BEARD,she,45
KING GRISLY-BEARD,short,1
KING GRISLY-BEARD,should,4
KING GRISLY-BEARD,show,1
KING GRISLY-BEARD,sighed,3
KING GRISLY-BEARD,silly,2
KING GRISLY-BEARD,sixth,1
KING GRISLY-BEARD,small,1
KING GRISLY-BEARD,so,14
KING GRISLY-BEARD,soldier,2
KING GRISLY-BEARD,some,4
KING GRISLY-BEARD,something,1
KING GRISLY-BEARD,son,2
KING GRISLY-BEARD,soon,2
KING GRISLY-BEARD,sore,1
KING GRISLY-BEARD,sort,1
KING GRISLY-BEARD,spending,1
KING GRISLY-BEARD,spin,2
KING GRISLY-BEARD,spiteful,1
KING GRISLY-BEARD,sport,2
KING GRISLY-BEARD,sprang,1
KING GRISLY-BEARD,stall,3
KING GRISLY-BEARD,stand,1
KING GRISLY-BEARD,standing,1
KING GRISLY-BEARD,stay,1
KING GRISLY-BEARD,steps,1
KING GRISLY-BEARD,stick,1
KING GRISLY-BEARD,straight,1
KING GRISLY-BEARD,such,1
KING GRISLY-BEARD,sudden,1
KING GRISLY-BEARD,suitors,1
KING GRISLY-BEARD,sung,2
KING GRISLY-BEARD,supper,1
KING GRISLY-BEARD,sworn,1
KING GRISLY-BEARD,t,2
KING GRISLY-BEARD,take,2
KING GRISLY-BEARD,taken,3
KING GRISLY-BEARD,taking,1
KING GRISLY-BEARD,tall,1
KING GRISLY-BEARD,tears,1
KING GRISLY-BEARD,tender,1
KING GRISLY-BEARD,than,1
KING GRISLY-BEARD,that,22
KING GRISLY-BEARD,the,78
KING GRISLY-BEARD,their,2
KING GRISLY-BEARD,them,4
KING GRISLY-BEARD,then,11
KING GRISLY-BEARD,there,8
KING GRISLY-BEARD,these,1
KING GRISLY-BEARD,they,19
KING GRISLY-BEARD,thine,3
KING GRISLY-BEARD,thinking,1
KING GRISLY-BEARD,this,8
KING GRISLY-BEARD,thither,1
KING GRISLY-BEARD,thou,3
KING GRISLY-BEARD,thought,1
KING GRISLY-BEARD,thousand,2
KING GRISLY-BEARD,threads,1
KING GRISLY-BEARD,thus,4
KING GRISLY-BEARD,till,1
KING GRISLY-BEARD,time,2
KING GRISLY-BEARD,tired,1
KING GRISLY-BEARD,to,45
KING GRISLY-BEARD,told,1
KING GRISLY-BEARD,too,5
KING GRISLY-BEARD,took,2
KING GRISLY-BEARD,trade,2
KING GRISLY-BEARD,travel,1
KING GRISLY-BEARD,travelling,1
KING GRISLY-BEARD,trembled,1
KING GRISLY-BEARD,tried,1
KING GRISLY-BEARD,try,2
KING GRISLY-BEARD,tub,1
KING GRISLY-BEARD,two,2
KING GRISLY-BEARD,under,1
KING GRISLY-BEARD,unlucky,2
KING GRISLY-BEARD,unwilling,1
KING GRISLY-BEARD,up,3
KING GRISLY-BEARD,upon,2
KING GRISLY-BEARD,us,1
KING GRISLY-BEARD,very,6
KING GRISLY-BEARD,vowed,1
KING GRISLY-BEARD,wallface,1
KING GRISLY-BEARD,want,2
KING GRISLY-BEARD,ware,1
KING GRISLY-BEARD,wares,1
KING GRISLY-BEARD,was,27
KING GRISLY-BEARD,water,1
KING GRISLY-BEARD,way,1
KING GRISLY-BEARD,we,3
KING GRISLY-BEARD,weave,2
KING GRISLY-BEARD,welcomed,1
KING GRISLY-BEARD,well,2
KING GRISLY-BEARD,went,6
KING GRISLY-BEARD,were,3
KING GRISLY-BEARD,what,8
KING GRISLY-BEARD,whatever,1
KING GRISLY-BEARD,when,7
KING GRISLY-BEARD,where,3
KING GRISLY-BEARD,which,2
KING GRISLY-BEARD,who,7
KING GRISLY-BEARD,whole,1
KING GRISLY-BEARD,whom,1
KING GRISLY-BEARD,whose,3
KING GRISLY-BEARD,why,2
KING GRISLY-BEARD,wife,2
KING GRISLY-BEARD,will,8
KING GRISLY-BEARD,willing,1
KING GRISLY-BEARD,willows,1
KING GRISLY-BEARD,window,1
KING GRISLY-BEARD,windows,1
KING GRISLY-BEARD,wisdom,1
KING GRISLY-BEARD,wish,3
KING GRISLY-BEARD,wished,1
KING GRISLY-BEARD,with,5
KING GRISLY-BEARD,without,1
KING GRISLY-BEARD,woman,2
KING GRISLY-BEARD,won,1
KING GRISLY-BEARD,wood,2
KING GRISLY-BEARD,word,1
KING GRISLY-BEARD,words,1
KING GRISLY-BEARD,work,5
KING GRISLY-BEARD,would,4
KING GRISLY-BEARD,wretch,3
KING GRISLY-BEARD,you,24
KING GRISLY-BEARD,your,7
KING GRISLY-BEARD,yourself,1
LILY AND THE LION,a,47
LILY AND THE LION,able,1
LILY AND THE LION,about,3
LILY AND THE LION,across,1
LILY AND THE LION,after,3
LILY AND THE LION,again,9
LILY AND THE LION,agree,1
LILY AND THE LION,agreed,3
LILY AND THE LION,aid,2
LILY AND THE LION,alas,1
LILY AND THE LION,alive,1
LILY AND THE LION,all,9
LILY AND THE LION,alone,1
LILY AND THE LION,also,1
LILY AND THE LION,altogether,1
LILY AND THE LION,always,1
LILY AND THE LION,am,1
LILY AND THE LION,among,1
LILY AND THE LION,an,3
LILY AND THE LION,and,146
LILY AND THE LION,any,2
LILY AND THE LION,anywhere,1
LILY AND THE LION,appear,1
LILY AND THE LION,are,2
LILY AND THE LION,arm,1
LILY AND THE LION,arose,2
LILY AND THE LION,around,2
LILY AND THE LION,as,20
LILY AND THE LION,ask,1
LILY AND THE LION,asked,10
LILY AND THE LION,asleep,1
LILY AND THE LION,at,11
LILY AND THE LION,awakened,1
LILY AND THE LION,away,8
LILY AND THE LION,back,5
LILY AND THE LION,be,18
LILY AND THE LION,bear,1
LILY AND THE LION,beautiful,2
LILY AND THE LION,became,1
LILY AND THE LION,become,1
LILY AND THE LION,bed,1
LILY AND THE LION,been,2
LILY AND THE LION,befallen,1
LILY AND THE LION,before,4
LILY AND THE LION,began,3
LILY AND THE LION,belonged,1
LILY AND THE LION,beloved,2
LILY AND THE LION,bethought,1
LILY AND THE LION,betray,1
LILY AND THE LION,bid,1
LILY AND THE LION,bird,1
LILY AND THE LION,blew,1
LILY AND THE LION,blood,2
LILY AND THE LION,bloom,1
LILY AND THE LION,blowest,1
LILY AND THE LION,blows,1
LILY AND THE LION,bold,1
LILY AND THE LION,both,2
LILY AND THE LION,bought,2
LILY AND THE LION,break,2
LILY AND THE LION,bride,3
LILY AND THE LION,bridegroom,2
LILY AND THE LION,bring,4
LILY AND THE LION,broke,1
LILY AND THE LION,brood,2
LILY AND THE LION,brought,1
LILY AND THE LION,buried,1
LILY AND THE LION,but,27
LILY AND THE LION,by,5
LILY AND THE LION,called,2
LILY AND THE LION,came,14
LILY AND THE LION,can,3
LILY AND THE LION,care,2
LILY AND THE LION,carried,2
LILY AND THE LION,carry,1
LILY AND THE LION,carrying,1
LILY AND THE LION,casket,2
LILY AND THE LION,castle,4
LILY AND THE LION,cat,1
LILY AND THE LION,chamber,5
LILY AND THE LION,chamberlain,3
LILY AND THE LION,changed,2
LILY AND THE LION,chickens,1
LILY AND THE LION,child,4
LILY AND THE LION,chose,1
LILY AND THE LION,church,1
LILY AND THE LION,cock,1
LILY AND THE LION,come,3
LILY AND THE LION,comely,1
LILY AND THE LION,comes,2
LILY AND THE LION,comest,1
LILY AND THE LION,comforted,1
LILY AND THE LION,coming,1
LILY AND THE LION,continued,1
LILY AND THE LION,could,2
LILY AND THE LION,counsel,1
LILY AND THE LION,count,1
LILY AND THE LION,court,2
LILY AND THE LION,courteously,1
LILY AND THE LION,crack,1
LILY AND THE LION,cried,1
LILY AND THE LION,crows,1
LILY AND THE LION,daughter,5
LILY AND THE LION,daughters,1
LILY AND THE LION,day,2
LILY AND THE LION,days,1
LILY AND THE LION,dazzling,1
LILY AND THE LION,dead,1
LILY AND THE LION,dear,2
LILY AND THE LION,dearest,3
LILY AND THE LION,depth,1
LILY AND THE LION,disappeared,1
LILY AND THE LION,do,2
LILY AND THE LION,dog,1
LILY AND THE LION,done,1
LILY AND THE LION,door,2
LILY AND THE LION,dost,1
LILY AND THE LION,dove,7
LILY AND THE LION,down,5
LILY AND THE LION,dragon,6
LILY AND THE LION,draught,3
LILY AND THE LION,dream,1
LILY AND THE LION,dreary,1
LILY AND THE LION,dress,4
LILY AND THE LION,drove,1
LILY AND THE LION,each,1
LILY AND THE LION,earth,1
LILY AND THE LION,east,1
LILY AND THE LION,easy,1
LILY AND THE LION,eat,1
LILY AND THE LION,eaten,1
LILY AND THE LION,egg,2
LILY AND THE LION,eldest,3
LILY AND THE LION,eleventh,2
LILY AND THE LION,enchanted,2
LILY AND THE LION,enchantment,1
LILY AND THE LION,end,2
LILY AND THE LION,evening,4
LILY AND THE LION,eventide,1
LILY AND THE LION,every,5
LILY AND THE LION,everyone,1
LILY AND THE LION,everything,1
LILY AND THE LION,everywhere,2
LILY AND THE LION,eyes,1
LILY AND THE LION,face,1
LILY AND THE LION,fair,1
LILY AND THE LION,faithful,1
LILY AND THE LION,fall,5
LILY AND THE LION,fallen,1
LILY AND THE LION,far,2
LILY AND THE LION,fast,1
LILY AND THE LION,father,7
LILY AND THE LION,feast,3
LILY AND THE LION,feather,3
LILY AND THE LION,feet,1
LILY AND THE LION,fell,2
LILY AND THE LION,field,1
LILY AND THE LION,fierce,1
LILY AND THE LION,fighting,1
LILY AND THE LION,find,2
LILY AND THE LION,fine,1
LILY AND THE LION,finest,2
LILY AND THE LION,first,1
LILY AND THE LION,firtrees,1
LILY AND THE LION,fled,1
LILY AND THE LION,flesh,2
LILY AND THE LION,flew,2
LILY AND THE LION,flower,1
LILY AND THE LION,flowers,3
LILY AND THE LION,fly,1
LILY AND THE LION,follow,1
LILY AND THE LION,followed,2
LILY AND THE LION,fond,1
LILY AND THE LION,for,29
LILY AND THE LION,forced,2
LILY AND THE LION,forget,2
LILY AND THE LION,forgotten,1
LILY AND THE LION,forlorn,1
LILY AND THE LION,form,1
LILY AND THE LION,forms,2
LILY AND THE LION,forsaken,1
LILY AND THE LION,forth,3
LILY AND THE LION,forthwith,1
LILY AND THE LION,found,4
LILY AND THE LION,free,1
LILY AND THE LION,frightened,1
LILY AND THE LION,from,6
LILY AND THE LION,full,1
LILY AND THE LION,garden,3
LILY AND THE LION,gave,1
LILY AND THE LION,gazed,1
LILY AND THE LION,gift,1
LILY AND THE LION,give,12
LILY AND THE LION,given,4
LILY AND THE LION,glad,2
LILY AND THE LION,go,11
LILY AND THE LION,going,1
LILY AND THE LION,gold,3
LILY AND THE LION,golden,1
LILY AND THE LION,goodbye,1
LILY AND THE LION,got,1
LILY AND THE LION,great,2
LILY AND THE LION,greatly,1
LILY AND THE LION,grew,1
LILY AND THE LION,grieved,1
LILY AND THE LION,griffin,5
LILY AND THE LION,grove,1
LILY AND THE LION,grown,1
LILY AND THE LION,had,19
LILY AND THE LION,half,2
LILY AND THE LION,halfway,2
LILY AND THE LION,hall,2
LILY AND THE LION,hand,1
LILY AND THE LION,happen,1
LILY AND THE LION,happened,1
LILY AND THE LION,happily,2
LILY AND THE LION,happy,1
LILY AND THE LION,has,3
LILY AND THE LION,hast,3
LILY AND THE LION,hath,1
LILY AND THE LION,have,12
LILY AND THE LION,hazardous,1
LILY AND THE LION,he,40
LILY AND THE LION,hear,1
LILY AND THE LION,heard,1
LILY AND THE LION,heart,3
LILY AND THE LION,heaven,2
LILY AND THE LION,heavy,1
LILY AND THE LION,held,4
LILY AND THE LION,help,2
LILY AND THE LION,helped,1
LILY AND THE LION,hen,1
LILY AND THE LION,her,33
LILY AND THE LION,herself,5
LILY AND THE LION,high,2
LILY AND THE LION,hill,1
LILY AND THE LION,him,26
LILY AND THE LION,himself,1
LILY AND THE LION,his,18
LILY AND THE LION,hit,1
LILY AND THE LION,home,9
LILY AND THE LION,hour,2
LILY AND THE LION,house,1
LILY AND THE LION,how,4
LILY AND THE LION,however,1
LILY AND THE LION,i,27
LILY AND THE LION,if,5
LILY AND THE LION,immediately,2
LILY AND THE LION,in,20
LILY AND THE LION,into,9
LILY AND THE LION,is,4
LILY AND THE LION,it,23
LILY AND THE LION,itself,1
LILY AND THE LION,jewels,2
LILY AND THE LION,journey,3
LILY AND THE LION,journeying,1
LILY AND THE LION,jump,1
LILY AND THE LION,kept,1
LILY AND THE LION,kissed,2
LILY AND THE LION,knew,3
LILY AND THE LION,large,2
LILY AND THE LION,last,5
LILY AND THE LION,laughed,1
LILY AND THE LION,lay,1
LILY AND THE LION,lead,1
LILY AND THE LION,leaf,1
LILY AND THE LION,least,1
LILY AND THE LION,leave,1
LILY AND THE LION,led,2
LILY AND THE LION,left,2
LILY AND THE LION,length,1
LILY AND THE LION,let,7
LILY AND THE LION,life,2
LILY AND THE LION,lifted,1
LILY AND THE LION,light,2
LILY AND THE LION,lighted,1
LILY AND THE LION,like,2
LILY AND THE LION,lily,9
LILY AND THE LION,lion,9
LILY AND THE LION,lions,3
LILY AND THE LION,little,1
LILY AND THE LION,lived,2
LILY AND THE LION,long,6
LILY AND THE LION,look,1
LILY AND THE LION,looked,3
LILY AND THE LION,loves,1
LILY AND THE LION,lucky,2
LILY AND THE LION,maiden,1
LILY AND THE LION,man,4
LILY AND THE LION,many,1
LILY AND THE LION,married,2
LILY AND THE LION,marry,1
LILY AND THE LION,may,3
LILY AND THE LION,me,15
LILY AND THE LION,meadow,1
LILY AND THE LION,meant,1
LILY AND THE LION,meet,2
LILY AND THE LION,meets,1
LILY AND THE LION,merchant,1
LILY AND THE LION,met,1
LILY AND THE LION,middle,1
LILY AND THE LION,might,1
LILY AND THE LION,missed,1
LILY AND THE LION,moment,1
LILY AND THE LION,moon,5
LILY AND THE LION,more,3
LILY AND THE LION,morning,2
LILY AND THE LION,most,2
LILY AND THE LION,much,3
LILY AND THE LION,must,3
LILY AND THE LION,my,8
LILY AND THE LION,near,1
LILY AND THE LION,need,2
LILY AND THE LION,neither,1
LILY AND THE LION,nestled,1
LILY AND THE LION,next,1
LILY AND THE LION,night,6
LILY AND THE LION,nightwind,6
LILY AND THE LION,no,11
LILY AND THE LION,nor,2
LILY AND THE LION,not,13
LILY AND THE LION,nothing,2
LILY AND THE LION,now,6
LILY AND THE LION,nowhere,2
LILY AND THE LION,nut,3
LILY AND THE LION,nuttree,2
LILY AND THE LION,of,20
LILY AND THE LION,off,3
LILY AND THE LION,old,1
LILY AND THE LION,on,17
LILY AND THE LION,once,4
LILY AND THE LION,one,7
LILY AND THE LION,only,4
LILY AND THE LION,open,1
LILY AND THE LION,or,3
LILY AND THE LION,other,3
LILY AND THE LION,otherwise,1
LILY AND THE LION,our,1
LILY AND THE LION,out,9
LILY AND THE LION,over,7
LILY AND THE LION,overcome,1
LILY AND THE LION,overjoyed,1
LILY AND THE LION,overtake,1
LILY AND THE LION,own,1
LILY AND THE LION,palace,2
LILY AND THE LION,passed,3
LILY AND THE LION,pearls,2
LILY AND THE LION,people,2
LILY AND THE LION,perhaps,3
LILY AND THE LION,pieces,1
LILY AND THE LION,played,1
LILY AND THE LION,pleased,3
LILY AND THE LION,plucked,1
LILY AND THE LION,pomp,1
LILY AND THE LION,poor,4
LILY AND THE LION,possible,1
LILY AND THE LION,prettiest,1
LILY AND THE LION,price,1
LILY AND THE LION,prince,13
LILY AND THE LION,princess,8
LILY AND THE LION,pure,1
LILY AND THE LION,put,1
LILY AND THE LION,quickly,1
LILY AND THE LION,quite,1
LILY AND THE LION,raised,1
LILY AND THE LION,ran,1
LILY AND THE LION,ray,2
LILY AND THE LION,ready,1
LILY AND THE LION,red,4
LILY AND THE LION,rejoiced,1
LILY AND THE LION,released,1
LILY AND THE LION,repose,1
LILY AND THE LION,rest,3
LILY AND THE LION,rested,1
LILY AND THE LION,return,2
LILY AND THE LION,riding,1
LILY AND THE LION,right,3
LILY AND THE LION,roared,1
LILY AND THE LION,rod,1
LILY AND THE LION,rods,1
LILY AND THE LION,rose,7
LILY AND THE LION,roses,3
LILY AND THE LION,round,1
LILY AND THE LION,roving,1
LILY AND THE LION,running,1
LILY AND THE LION,runs,1
LILY AND THE LION,s,6
LILY AND THE LION,safe,1
LILY AND THE LION,safely,1
LILY AND THE LION,said,33
LILY AND THE LION,sat,3
LILY AND THE LION,save,1
LILY AND THE LION,saw,4
LILY AND THE LION,saying,1
LILY AND THE LION,sea,6
LILY AND THE LION,seated,1
LILY AND THE LION,second,2
LILY AND THE LION,see,4
LILY AND THE LION,seeing,1
LILY AND THE LION,seek,1
LILY AND THE LION,seeks,1
LILY AND THE LION,seemed,2
LILY AND THE LION,seen,8
LILY AND THE LION,seized,1
LILY AND THE LION,sell,1
LILY AND THE LION,sent,1
LILY AND THE LION,separate,1
LILY AND THE LION,servant,2
LILY AND THE LION,set,3
LILY AND THE LION,setting,1
LILY AND THE LION,seven,5
LILY AND THE LION,shall,2
LILY AND THE LION,she,57
LILY AND THE LION,shinest,2
LILY AND THE LION,shore,1
LILY AND THE LION,should,8
LILY AND THE LION,show,1
LILY AND THE LION,showed,1
LILY AND THE LION,side,1
LILY AND THE LION,sight,1
LILY AND THE LION,silver,2
LILY AND THE LION,since,1
LILY AND THE LION,sister,2
LILY AND THE LION,sit,1
LILY AND THE LION,sitting,1
LILY AND THE LION,sleeping,3
LILY AND THE LION,slept,1
LILY AND THE LION,small,1
LILY AND THE LION,smite,1
LILY AND THE LION,smote,1
LILY AND THE LION,snow,2
LILY AND THE LION,so,16
LILY AND THE LION,sold,1
LILY AND THE LION,some,1
LILY AND THE LION,soon,2
LILY AND THE LION,sooner,1
LILY AND THE LION,soothe,1
LILY AND THE LION,sorrowful,1
LILY AND THE LION,sought,1
LILY AND THE LION,soundly,1
LILY AND THE LION,south,1
LILY AND THE LION,speak,2
LILY AND THE LION,spell,2
LILY AND THE LION,spoken,1
LILY AND THE LION,sprang,3
LILY AND THE LION,spring,1
LILY AND THE LION,stand,1
LILY AND THE LION,stayed,1
LILY AND THE LION,still,3
LILY AND THE LION,stole,1
LILY AND THE LION,stolen,1
LILY AND THE LION,strange,1
LILY AND THE LION,strength,1
LILY AND THE LION,such,1
LILY AND THE LION,summertime,1
LILY AND THE LION,sun,6
LILY AND THE LION,take,1
LILY AND THE LION,task,1
LILY AND THE LION,tear,1
LILY AND THE LION,tell,1
LILY AND THE LION,than,1
LILY AND THE LION,thanked,2
LILY AND THE LION,that,22
LILY AND THE LION,the,164
LILY AND THE LION,thee,10
LILY AND THE LION,their,6
LILY AND THE LION,them,9
LILY AND THE LION,themselves,1
LILY AND THE LION,then,20
LILY AND THE LION,there,8
LILY AND THE LION,therefore,1
LILY AND THE LION,they,11
LILY AND THE LION,thick,1
LILY AND THE LION,thing,2
LILY AND THE LION,thinking,1
LILY AND THE LION,third,1
LILY AND THE LION,this,9
LILY AND THE LION,thither,1
LILY AND THE LION,thou,10
LILY AND THE LION,thought,5
LILY AND THE LION,thoughts,1
LILY AND THE LION,three,3
LILY AND THE LION,through,3
LILY AND THE LION,throw,3
LILY AND THE LION,thrown,1
LILY AND THE LION,thus,2
LILY AND THE LION,thy,2
LILY AND THE LION,till,7
LILY AND THE LION,time,6
LILY AND THE LION,to,71
LILY AND THE LION,together,3
LILY AND THE LION,told,5
LILY AND THE LION,tomorrow,1
LILY AND THE LION,too,2
LILY AND THE LION,took,8
LILY AND THE LION,top,1
LILY AND THE LION,torches,1
LILY AND THE LION,torchlight,1
LILY AND THE LION,train,1
LILY AND THE LION,traveller,1
LILY AND THE LION,travelling,1
LILY AND THE LION,tree,1
LILY AND THE LION,troubles,2
LILY AND THE LION,true,1
LILY AND THE LION,try,1
LILY AND THE LION,twelve,1
LILY AND THE LION,two,1
LILY AND THE LION,unawares,1
LILY AND THE LION,under,2
LILY AND THE LION,undertake,1
LILY AND THE LION,unhappy,1
LILY AND THE LION,unless,1
LILY AND THE LION,unluckily,1
LILY AND THE LION,unto,1
LILY AND THE LION,unwilling,1
LILY AND THE LION,up,10
LILY AND THE LION,upon,5
LILY AND THE LION,use,1
LILY AND THE LION,vain,1
LILY AND THE LION,valley,1
LILY AND THE LION,very,5
LILY AND THE LION,victory,1
LILY AND THE LION,visit,1
LILY AND THE LION,voice,3
LILY AND THE LION,walls,1
LILY AND THE LION,wander,1
LILY AND THE LION,wanderer,1
LILY AND THE LION,was,39
LILY AND THE LION,water,1
LILY AND THE LION,waters,2
LILY AND THE LION,way,6
LILY AND THE LION,wedding,3
LILY AND THE LION,weddingfeast,1
LILY AND THE LION,weddingtorches,1
LILY AND THE LION,weep,1
LILY AND THE LION,welcomed,2
LILY AND THE LION,well,1
LILY AND THE LION,went,15
LILY AND THE LION,wept,1
LILY AND THE LION,were,5
LILY AND THE LION,west,1
LILY AND THE LION,what,7
LILY AND THE LION,whatever,2
LILY AND THE LION,when,22
LILY AND THE LION,whereon,1
LILY AND THE LION,whether,2
LILY AND THE LION,which,2
LILY AND THE LION,while,2
LILY AND THE LION,whistled,1
LILY AND THE LION,whistling,1
LILY AND THE LION,white,8
LILY AND THE LION,whither,2
LILY AND THE LION,who,5
LILY AND THE LION,whoever,1
LILY AND THE LION,whole,2
LILY AND THE LION,why,1
LILY AND THE LION,wide,1
LILY AND THE LION,wife,2
LILY AND THE LION,wild,1
LILY AND THE LION,will,22
LILY AND THE LION,wilt,2
LILY AND THE LION,wind,6
LILY AND THE LION,window,1
LILY AND THE LION,winds,1
LILY AND THE LION,winged,1
LILY AND THE LION,wings,1
LILY AND THE LION,winter,2
LILY AND THE LION,wish,1
LILY AND THE LION,wished,1
LILY AND THE LION,with,15
LILY AND THE LION,within,1
LILY AND THE LION,woes,1
LILY AND THE LION,wood,2
LILY AND THE LION,word,1
LILY AND THE LION,world,3
LILY AND THE LION,worse,1
LILY AND THE LION,would,10
LILY AND THE LION,years,5
LILY AND THE LION,yet,2
LILY AND THE LION,yielded,1
LILY AND THE LION,you,24
LILY AND THE LION,youngest,2
LILY AND THE LION,your,6
MOTHER HOLLE,a,41
MOTHER HOLLE,able,1
MOTHER HOLLE,about,6
MOTHER HOLLE,according,1
MOTHER HOLLE,act,1
MOTHER HOLLE,afraid,3
MOTHER HOLLE,after,7
MOTHER HOLLE,afterwards,1
MOTHER HOLLE,again,4
MOTHER HOLLE,aged,1
MOTHER HOLLE,ago,2
MOTHER HOLLE,agreed,1
MOTHER HOLLE,ah,1
MOTHER HOLLE,alas,2
MOTHER HOLLE,alive,1
MOTHER HOLLE,all,10
MOTHER HOLLE,along,1
MOTHER HOLLE,also,2
MOTHER HOLLE,although,2
MOTHER HOLLE,always,2
MOTHER HOLLE,am,8
MOTHER HOLLE,an,1
MOTHER HOLLE,and,125
MOTHER HOLLE,angrily,1
MOTHER HOLLE,another,1
MOTHER HOLLE,answer,1
MOTHER HOLLE,answered,2
MOTHER HOLLE,any,1
MOTHER HOLLE,anything,3
MOTHER HOLLE,appeased,1
MOTHER HOLLE,appetite,1
MOTHER HOLLE,apple,1
MOTHER HOLLE,apples,6
MOTHER HOLLE,appletree,1
MOTHER HOLLE,apron,1
MOTHER HOLLE,are,7
MOTHER HOLLE,as,22
MOTHER HOLLE,ask,1
MOTHER HOLLE,asleep,1
MOTHER HOLLE,at,13
MOTHER HOLLE,ate,1
MOTHER HOLLE,away,3
MOTHER HOLLE,awhile,1
MOTHER HOLLE,awoke,3
MOTHER HOLLE,back,6
MOTHER HOLLE,baked,2
MOTHER HOLLE,baker,1
MOTHER HOLLE,bakingday,1
MOTHER HOLLE,be,6
MOTHER HOLLE,beautiful,3
MOTHER HOLLE,became,1
MOTHER HOLLE,because,1
MOTHER HOLLE,bed,10
MOTHER HOLLE,been,3
MOTHER HOLLE,before,3
MOTHER HOLLE,began,6
MOTHER HOLLE,being,1
MOTHER HOLLE,believe,1
MOTHER HOLLE,belly,1
MOTHER HOLLE,below,1
MOTHER HOLLE,best,1
MOTHER HOLLE,better,6
MOTHER HOLLE,bidding,1
MOTHER HOLLE,big,3
MOTHER HOLLE,birds,1
MOTHER HOLLE,bleed,1
MOTHER HOLLE,blood,2
MOTHER HOLLE,blooming,1
MOTHER HOLLE,boiled,2
MOTHER HOLLE,both,1
MOTHER HOLLE,bottle,2
MOTHER HOLLE,bound,1
MOTHER HOLLE,bread,1
MOTHER HOLLE,breadshovel,1
MOTHER HOLLE,break,1
MOTHER HOLLE,breathe,1
MOTHER HOLLE,bringing,2
MOTHER HOLLE,broad,2
MOTHER HOLLE,brought,1
MOTHER HOLLE,bucketful,1
MOTHER HOLLE,burnt,2
MOTHER HOLLE,but,21
MOTHER HOLLE,by,8
MOTHER HOLLE,cake,4
MOTHER HOLLE,cakes,2
MOTHER HOLLE,called,6
MOTHER HOLLE,came,10
MOTHER HOLLE,can,2
MOTHER HOLLE,cap,3
MOTHER HOLLE,care,2
MOTHER HOLLE,careful,1
MOTHER HOLLE,carefully,1
MOTHER HOLLE,carried,1
MOTHER HOLLE,carry,2
MOTHER HOLLE,catch,1
MOTHER HOLLE,certain,1
MOTHER HOLLE,chanced,1
MOTHER HOLLE,child,4
MOTHER HOLLE,cinder,2
MOTHER HOLLE,cinderella,1
MOTHER HOLLE,close,1
MOTHER HOLLE,closed,1
MOTHER HOLLE,clothes,1
MOTHER HOLLE,clung,1
MOTHER HOLLE,cock,2
MOTHER HOLLE,cockadoodledoo,2
MOTHER HOLLE,collapsed,1
MOTHER HOLLE,come,5
MOTHER HOLLE,conscious,1
MOTHER HOLLE,continued,1
MOTHER HOLLE,corner,1
MOTHER HOLLE,cottagedoor,1
MOTHER HOLLE,could,4
MOTHER HOLLE,countless,1
MOTHER HOLLE,courage,1
MOTHER HOLLE,courtyard,1
MOTHER HOLLE,covered,3
MOTHER HOLLE,craftily,1
MOTHER HOLLE,creature,2
MOTHER HOLLE,cried,5
MOTHER HOLLE,crying,2
MOTHER HOLLE,curtains,2
MOTHER HOLLE,cut,1
MOTHER HOLLE,dancing,1
MOTHER HOLLE,dark,1
MOTHER HOLLE,darkness,1
MOTHER HOLLE,daughter,4
MOTHER HOLLE,daughters,1
MOTHER HOLLE,dawdle,1
MOTHER HOLLE,day,9
MOTHER HOLLE,dead,1
MOTHER HOLLE,dear,4
MOTHER HOLLE,deeper,2
MOTHER HOLLE,delay,1
MOTHER HOLLE,delighted,2
MOTHER HOLLE,devour,1
MOTHER HOLLE,devoured,2
MOTHER HOLLE,did,4
MOTHER HOLLE,direction,1
MOTHER HOLLE,dirty,2
MOTHER HOLLE,distress,1
MOTHER HOLLE,do,13
MOTHER HOLLE,does,1
MOTHER HOLLE,don,2
MOTHER HOLLE,door,6
MOTHER HOLLE,down,5
MOTHER HOLLE,drank,1
MOTHER HOLLE,dressed,1
MOTHER HOLLE,drew,4
MOTHER HOLLE,drop,1
MOTHER HOLLE,dropped,1
MOTHER HOLLE,drowned,1
MOTHER HOLLE,early,2
MOTHER HOLLE,ears,1
MOTHER HOLLE,eat,2
MOTHER HOLLE,eaten,1
MOTHER HOLLE,else,2
MOTHER HOLLE,engaged,1
MOTHER HOLLE,enter,1
MOTHER HOLLE,entered,2
MOTHER HOLLE,entice,1
MOTHER HOLLE,evening,1
MOTHER HOLLE,ever,1
MOTHER HOLLE,every,5
MOTHER HOLLE,everyone,1
MOTHER HOLLE,everything,2
MOTHER HOLLE,everywhere,1
MOTHER HOLLE,exerted,1
MOTHER HOLLE,eyes,3
MOTHER HOLLE,face,1
MOTHER HOLLE,faithfully,1
MOTHER HOLLE,fall,3
MOTHER HOLLE,falling,1
MOTHER HOLLE,family,1
MOTHER HOLLE,fancied,1
MOTHER HOLLE,far,2
MOTHER HOLLE,farther,3
MOTHER HOLLE,feathers,3
MOTHER HOLLE,feel,1
MOTHER HOLLE,feeling,1
MOTHER HOLLE,fell,5
MOTHER HOLLE,felt,1
MOTHER HOLLE,fetch,1
MOTHER HOLLE,fetched,1
MOTHER HOLLE,filled,1
MOTHER HOLLE,find,2
MOTHER HOLLE,finger,1
MOTHER HOLLE,fingers,1
MOTHER HOLLE,fire,2
MOTHER HOLLE,first,2
MOTHER HOLLE,flew,1
MOTHER HOLLE,flowers,5
MOTHER HOLLE,fly,2
MOTHER HOLLE,foot,1
MOTHER HOLLE,footing,1
MOTHER HOLLE,for,11
MOTHER HOLLE,forbidden,1
MOTHER HOLLE,forget,1
MOTHER HOLLE,forgot,1
MOTHER HOLLE,fortune,1
MOTHER HOLLE,forward,1
MOTHER HOLLE,found,2
MOTHER HOLLE,fresh,1
MOTHER HOLLE,frightened,1
MOTHER HOLLE,from,6
MOTHER HOLLE,front,1
MOTHER HOLLE,full,4
MOTHER HOLLE,gate,3
MOTHER HOLLE,gateway,2
MOTHER HOLLE,gathered,2
MOTHER HOLLE,gave,4
MOTHER HOLLE,get,6
MOTHER HOLLE,gets,1
MOTHER HOLLE,girl,12
MOTHER HOLLE,given,1
MOTHER HOLLE,giving,1
MOTHER HOLLE,go,8
MOTHER HOLLE,going,4
MOTHER HOLLE,gold,6
MOTHER HOLLE,golden,1
MOTHER HOLLE,good,9
MOTHER HOLLE,got,3
MOTHER HOLLE,grandmother,26
MOTHER HOLLE,gravely,1
MOTHER HOLLE,great,8
MOTHER HOLLE,greybeard,1
MOTHER HOLLE,grow,1
MOTHER HOLLE,growing,1
MOTHER HOLLE,guard,1
MOTHER HOLLE,had,18
MOTHER HOLLE,half,1
MOTHER HOLLE,hand,4
MOTHER HOLLE,handed,1
MOTHER HOLLE,hands,2
MOTHER HOLLE,happened,1
MOTHER HOLLE,happy,2
MOTHER HOLLE,harm,1
MOTHER HOLLE,harshly,1
MOTHER HOLLE,has,1
MOTHER HOLLE,have,13
MOTHER HOLLE,he,25
MOTHER HOLLE,head,2
MOTHER HOLLE,heap,1
MOTHER HOLLE,hear,2
MOTHER HOLLE,heard,2
MOTHER HOLLE,heavy,1
MOTHER HOLLE,her,74
MOTHER HOLLE,here,6
MOTHER HOLLE,herself,8
MOTHER HOLLE,high,1
MOTHER HOLLE,him,3
MOTHER HOLLE,himself,4
MOTHER HOLLE,his,5
MOTHER HOLLE,holle,10
MOTHER HOLLE,home,7
MOTHER HOLLE,homesick,2
MOTHER HOLLE,hood,1
MOTHER HOLLE,hot,1
MOTHER HOLLE,house,10
MOTHER HOLLE,how,7
MOTHER HOLLE,however,6
MOTHER HOLLE,hug,1
MOTHER HOLLE,huntsman,2
MOTHER HOLLE,i,29
MOTHER HOLLE,idle,1
MOTHER HOLLE,if,4
MOTHER HOLLE,ill,1
MOTHER HOLLE,in,32
MOTHER HOLLE,industrious,2
MOTHER HOLLE,industry,1
MOTHER HOLLE,inside,1
MOTHER HOLLE,instead,1
MOTHER HOLLE,intending,1
MOTHER HOLLE,into,15
MOTHER HOLLE,is,11
MOTHER HOLLE,it,24
MOTHER HOLLE,joyously,1
MOTHER HOLLE,jumped,3
MOTHER HOLLE,just,5
MOTHER HOLLE,keep,1
MOTHER HOLLE,kindly,2
MOTHER HOLLE,knew,1
MOTHER HOLLE,knocked,2
MOTHER HOLLE,know,2
MOTHER HOLLE,knowing,1
MOTHER HOLLE,laid,1
MOTHER HOLLE,large,4
MOTHER HOLLE,last,5
MOTHER HOLLE,latch,2
MOTHER HOLLE,lay,2
MOTHER HOLLE,lazy,6
MOTHER HOLLE,league,2
MOTHER HOLLE,leave,1
MOTHER HOLLE,led,3
MOTHER HOLLE,left,1
MOTHER HOLLE,let,1
MOTHER HOLLE,lie,1
MOTHER HOLLE,lift,1
MOTHER HOLLE,lifted,1
MOTHER HOLLE,like,5
MOTHER HOLLE,little,23
MOTHER HOLLE,live,2
MOTHER HOLLE,lived,2
MOTHER HOLLE,loaves,2
MOTHER HOLLE,long,5
MOTHER HOLLE,longer,2
MOTHER HOLLE,longing,1
MOTHER HOLLE,look,3
MOTHER HOLLE,looked,1
MOTHER HOLLE,looking,2
MOTHER HOLLE,loud,1
MOTHER HOLLE,loved,2
MOTHER HOLLE,lying,1
MOTHER HOLLE,made,7
MOTHER HOLLE,make,4
MOTHER HOLLE,many,2
MOTHER HOLLE,may,3
MOTHER HOLLE,me,9
MOTHER HOLLE,meadow,3
MOTHER HOLLE,meanwhile,1
MOTHER HOLLE,meats,1
MOTHER HOLLE,merry,1
MOTHER HOLLE,met,2
MOTHER HOLLE,might,7
MOTHER HOLLE,mine,1
MOTHER HOLLE,misfortune,1
MOTHER HOLLE,more,4
MOTHER HOLLE,morning,3
MOTHER HOLLE,mornings,1
MOTHER HOLLE,most,1
MOTHER HOLLE,mother,18
MOTHER HOLLE,mouth,1
MOTHER HOLLE,mouthful,1
MOTHER HOLLE,much,1
MOTHER HOLLE,must,5
MOTHER HOLLE,my,11
MOTHER HOLLE,myself,2
MOTHER HOLLE,neck,1
MOTHER HOLLE,neglected,1
MOTHER HOLLE,never,3
MOTHER HOLLE,next,2
MOTHER HOLLE,nice,2
MOTHER HOLLE,nicely,1
MOTHER HOLLE,no,4
MOTHER HOLLE,nosegay,1
MOTHER HOLLE,not,17
MOTHER HOLLE,nothing,3
MOTHER HOLLE,now,1
MOTHER HOLLE,nuttrees,1
MOTHER HOLLE,oaktrees,1
MOTHER HOLLE,obedient,1
MOTHER HOLLE,occurred,1
MOTHER HOLLE,of,31
MOTHER HOLLE,off,5
MOTHER HOLLE,oh,3
MOTHER HOLLE,old,13
MOTHER HOLLE,on,19
MOTHER HOLLE,once,5
MOTHER HOLLE,one,11
MOTHER HOLLE,only,2
MOTHER HOLLE,open,6
MOTHER HOLLE,opened,1
MOTHER HOLLE,or,5
MOTHER HOLLE,other,3
MOTHER HOLLE,out,22
MOTHER HOLLE,oven,2
MOTHER HOLLE,over,6
MOTHER HOLLE,own,3
MOTHER HOLLE,pail,1
MOTHER HOLLE,pair,1
MOTHER HOLLE,passed,2
MOTHER HOLLE,passing,2
MOTHER HOLLE,path,4
MOTHER HOLLE,peep,1
MOTHER HOLLE,peeped,1
MOTHER HOLLE,people,2
MOTHER HOLLE,perched,1
MOTHER HOLLE,picked,1
MOTHER HOLLE,picking,1
MOTHER HOLLE,piece,1
MOTHER HOLLE,pitch,3
MOTHER HOLLE,please,2
MOTHER HOLLE,pleased,1
MOTHER HOLLE,plump,1
MOTHER HOLLE,poor,1
MOTHER HOLLE,pouring,1
MOTHER HOLLE,pray,2
MOTHER HOLLE,presently,2
MOTHER HOLLE,prettier,1
MOTHER HOLLE,pretty,2
MOTHER HOLLE,pricked,1
MOTHER HOLLE,properly,2
MOTHER HOLLE,public,1
MOTHER HOLLE,pulled,1
MOTHER HOLLE,put,1
MOTHER HOLLE,quarter,1
MOTHER HOLLE,quickly,1
MOTHER HOLLE,quietly,1
MOTHER HOLLE,quite,2
MOTHER HOLLE,rain,1
MOTHER HOLLE,raised,1
MOTHER HOLLE,ran,4
MOTHER HOLLE,reached,1
MOTHER HOLLE,received,1
MOTHER HOLLE,red,2
MOTHER HOLLE,redcap,27
MOTHER HOLLE,refused,1
MOTHER HOLLE,related,2
MOTHER HOLLE,remembered,2
MOTHER HOLLE,replied,2
MOTHER HOLLE,reply,1
MOTHER HOLLE,return,3
MOTHER HOLLE,revived,1
MOTHER HOLLE,reward,1
MOTHER HOLLE,riches,1
MOTHER HOLLE,richly,1
MOTHER HOLLE,riding,1
MOTHER HOLLE,right,1
MOTHER HOLLE,ripe,2
MOTHER HOLLE,road,2
MOTHER HOLLE,roast,1
MOTHER HOLLE,roof,2
MOTHER HOLLE,room,3
MOTHER HOLLE,round,2
MOTHER HOLLE,run,4
MOTHER HOLLE,running,1
MOTHER HOLLE,s,12
MOTHER HOLLE,sad,1
MOTHER HOLLE,said,17
MOTHER HOLLE,sausages,2
MOTHER HOLLE,saved,1
MOTHER HOLLE,saw,7
MOTHER HOLLE,say,2
MOTHER HOLLE,saying,1
MOTHER HOLLE,scarcely,2
MOTHER HOLLE,school,1
MOTHER HOLLE,scissors,1
MOTHER HOLLE,scolding,1
MOTHER HOLLE,see,3
MOTHER HOLLE,sent,1
MOTHER HOLLE,served,1
MOTHER HOLLE,service,1
MOTHER HOLLE,services,1
MOTHER HOLLE,set,2
MOTHER HOLLE,shake,6
MOTHER HOLLE,shaking,1
MOTHER HOLLE,shall,3
MOTHER HOLLE,she,96
MOTHER HOLLE,shining,1
MOTHER HOLLE,shook,2
MOTHER HOLLE,short,1
MOTHER HOLLE,should,3
MOTHER HOLLE,shower,2
MOTHER HOLLE,shut,2
MOTHER HOLLE,sick,1
MOTHER HOLLE,side,1
MOTHER HOLLE,singing,1
MOTHER HOLLE,single,1
MOTHER HOLLE,sinner,1
MOTHER HOLLE,sister,6
MOTHER HOLLE,sit,2
MOTHER HOLLE,skin,1
MOTHER HOLLE,sleeping,1
MOTHER HOLLE,slip,1
MOTHER HOLLE,slipped,1
MOTHER HOLLE,smell,1
MOTHER HOLLE,sniffed,1
MOTHER HOLLE,snips,2
MOTHER HOLLE,snore,1
MOTHER HOLLE,snoring,1
MOTHER HOLLE,snowflakes,1
MOTHER HOLLE,snowing,1
MOTHER HOLLE,so,38
MOTHER HOLLE,some,5
MOTHER HOLLE,something,1
MOTHER HOLLE,soon,3
MOTHER HOLLE,sought,1
MOTHER HOLLE,speak,1
MOTHER HOLLE,spin,2
MOTHER HOLLE,spindle,6
MOTHER HOLLE,spoke,5
MOTHER HOLLE,sprang,3
MOTHER HOLLE,standing,1
MOTHER HOLLE,stands,1
MOTHER HOLLE,stay,2
MOTHER HOLLE,stayed,1
MOTHER HOLLE,steal,1
MOTHER HOLLE,stepdaughter,1
MOTHER HOLLE,stepmother,2
MOTHER HOLLE,still,5
MOTHER HOLLE,stole,1
MOTHER HOLLE,stomach,1
MOTHER HOLLE,stone,1
MOTHER HOLLE,stones,2
MOTHER HOLLE,stopped,1
MOTHER HOLLE,straight,4
MOTHER HOLLE,strange,2
MOTHER HOLLE,stretched,1
MOTHER HOLLE,stronger,1
MOTHER HOLLE,stuck,1
MOTHER HOLLE,such,3
MOTHER HOLLE,suddenly,1
MOTHER HOLLE,suited,1
MOTHER HOLLE,summoned,1
MOTHER HOLLE,sunbeams,1
MOTHER HOLLE,sunshine,1
MOTHER HOLLE,suppose,1
MOTHER HOLLE,surely,1
MOTHER HOLLE,surprised,1
MOTHER HOLLE,swallowed,1
MOTHER HOLLE,sweetly,1
MOTHER HOLLE,t,2
MOTHER HOLLE,take,9
MOTHER HOLLE,taking,1
MOTHER HOLLE,teeth,2
MOTHER HOLLE,tell,2
MOTHER HOLLE,tender,1
MOTHER HOLLE,terrible,1
MOTHER HOLLE,terrified,1
MOTHER HOLLE,than,3
MOTHER HOLLE,thank,1
MOTHER HOLLE,that,33
MOTHER HOLLE,the,180
MOTHER HOLLE,them,6
MOTHER HOLLE,then,17
MOTHER HOLLE,there,11
MOTHER HOLLE,thereupon,1
MOTHER HOLLE,they,6
MOTHER HOLLE,thing,2
MOTHER HOLLE,think,1
MOTHER HOLLE,third,1
MOTHER HOLLE,this,2
MOTHER HOLLE,thornbush,1
MOTHER HOLLE,thoroughly,1
MOTHER HOLLE,thought,7
MOTHER HOLLE,thoughts,1
MOTHER HOLLE,thousand,1
MOTHER HOLLE,three,2
MOTHER HOLLE,threw,1
MOTHER HOLLE,thrice,1
MOTHER HOLLE,through,5
MOTHER HOLLE,thrust,1
MOTHER HOLLE,till,2
MOTHER HOLLE,time,6
MOTHER HOLLE,times,2
MOTHER HOLLE,tired,1
MOTHER HOLLE,to,98
MOTHER HOLLE,today,1
MOTHER HOLLE,together,1
MOTHER HOLLE,told,2
MOTHER HOLLE,too,3
MOTHER HOLLE,took,3
MOTHER HOLLE,tree,3
MOTHER HOLLE,trees,1
MOTHER HOLLE,tried,1
MOTHER HOLLE,trough,4
MOTHER HOLLE,try,2
MOTHER HOLLE,turned,1
MOTHER HOLLE,twice,1
MOTHER HOLLE,two,3
MOTHER HOLLE,ugly,3
MOTHER HOLLE,under,1
MOTHER HOLLE,uneasy,1
MOTHER HOLLE,unhappy,1
MOTHER HOLLE,unkindly,1
MOTHER HOLLE,until,5
MOTHER HOLLE,up,6
MOTHER HOLLE,upon,6
MOTHER HOLLE,us,4
MOTHER HOLLE,velvet,1
MOTHER HOLLE,very,6
MOTHER HOLLE,village,1
MOTHER HOLLE,violent,1
MOTHER HOLLE,wait,1
MOTHER HOLLE,waiting,1
MOTHER HOLLE,walk,2
MOTHER HOLLE,walked,5
MOTHER HOLLE,want,1
MOTHER HOLLE,wanted,1
MOTHER HOLLE,wants,1
MOTHER HOLLE,warm,1
MOTHER HOLLE,was,43
MOTHER HOLLE,wash,1
MOTHER HOLLE,water,2
MOTHER HOLLE,way,3
MOTHER HOLLE,we,5
MOTHER HOLLE,weak,2
MOTHER HOLLE,wear,1
MOTHER HOLLE,welcome,1
MOTHER HOLLE,well,13
MOTHER HOLLE,went,12
MOTHER HOLLE,were,5
MOTHER HOLLE,what,12
MOTHER HOLLE,when,12
MOTHER HOLLE,whenever,1
MOTHER HOLLE,where,1
MOTHER HOLLE,which,5
MOTHER HOLLE,while,1
MOTHER HOLLE,whither,1
MOTHER HOLLE,who,6
MOTHER HOLLE,why,2
MOTHER HOLLE,wicked,2
MOTHER HOLLE,widow,1
MOTHER HOLLE,will,10
MOTHER HOLLE,wine,4
MOTHER HOLLE,wish,1
MOTHER HOLLE,with,21
MOTHER HOLLE,without,2
MOTHER HOLLE,wolf,18
MOTHER HOLLE,woman,10
MOTHER HOLLE,wood,7
MOTHER HOLLE,word,2
MOTHER HOLLE,work,3
MOTHER HOLLE,world,2
MOTHER HOLLE,worse,1
MOTHER HOLLE,would,5
MOTHER HOLLE,yesterday,2
MOTHER HOLLE,you,38
MOTHER HOLLE,young,1
MOTHER HOLLE,your,9
MOTHER HOLLE,yourself,1
OLD SULTAN,a,17
OLD SULTAN,about,2
OLD SULTAN,accordingly,1
OLD SULTAN,advice,1
OLD SULTAN,after,1
OLD SULTAN,afterwards,1
OLD SULTAN,again,1
OLD SULTAN,air,2
OLD SULTAN,all,5
OLD SULTAN,along,1
OLD SULTAN,amongst,1
OLD SULTAN,an,1
OLD SULTAN,and,53
OLD SULTAN,angry,1
OLD SULTAN,another,1
OLD SULTAN,are,1
OLD SULTAN,as,7
OLD SULTAN,ashamed,1
OLD SULTAN,ask,1
OLD SULTAN,at,3
OLD SULTAN,away,2
OLD SULTAN,back,3
OLD SULTAN,barn,1
OLD SULTAN,be,9
OLD SULTAN,before,1
OLD SULTAN,behind,3
OLD SULTAN,bit,1
OLD SULTAN,blame,1
OLD SULTAN,boar,5
OLD SULTAN,branches,1
OLD SULTAN,bush,2
OLD SULTAN,busy,1
OLD SULTAN,but,7
OLD SULTAN,by,2
OLD SULTAN,called,3
OLD SULTAN,came,3
OLD SULTAN,can,2
OLD SULTAN,care,3
OLD SULTAN,carried,1
OLD SULTAN,carry,1
OLD SULTAN,carrying,1
OLD SULTAN,cat,4
OLD SULTAN,challenge,1
OLD SULTAN,child,5
OLD SULTAN,close,2
OLD SULTAN,combed,1
OLD SULTAN,come,3
OLD SULTAN,coming,1
OLD SULTAN,could,2
OLD SULTAN,cowardly,1
OLD SULTAN,creature,1
OLD SULTAN,cudgel,1
OLD SULTAN,cushion,1
OLD SULTAN,dainty,1
OLD SULTAN,day,3
OLD SULTAN,days,1
OLD SULTAN,depend,1
OLD SULTAN,did,1
OLD SULTAN,dinner,1
OLD SULTAN,do,3
OLD SULTAN,dog,2
OLD SULTAN,don,1
OLD SULTAN,door,1
OLD SULTAN,down,4
OLD SULTAN,drop,1
OLD SULTAN,early,1
OLD SULTAN,earn,1
OLD SULTAN,ears,1
OLD SULTAN,easy,1
OLD SULTAN,eat,1
OLD SULTAN,enemies,1
OLD SULTAN,espied,2
OLD SULTAN,evening,1
OLD SULTAN,every,2
OLD SULTAN,faithful,2
OLD SULTAN,fast,1
OLD SULTAN,fat,2
OLD SULTAN,fellow,1
OLD SULTAN,field,1
OLD SULTAN,fight,2
OLD SULTAN,fighting,1
OLD SULTAN,fine,1
OLD SULTAN,finely,1
OLD SULTAN,first,1
OLD SULTAN,for,9
OLD SULTAN,forward,1
OLD SULTAN,friend,1
OLD SULTAN,friends,1
OLD SULTAN,frightened,1
OLD SULTAN,from,2
OLD SULTAN,get,1
OLD SULTAN,give,3
OLD SULTAN,go,1
OLD SULTAN,goes,1
OLD SULTAN,good,6
OLD SULTAN,great,1
OLD SULTAN,ground,1
OLD SULTAN,grown,1
OLD SULTAN,grunted,1
OLD SULTAN,had,8
OLD SULTAN,has,4
OLD SULTAN,have,4
OLD SULTAN,he,17
OLD SULTAN,head,3
OLD SULTAN,heard,1
OLD SULTAN,heartily,1
OLD SULTAN,hedge,1
OLD SULTAN,her,2
OLD SULTAN,hidden,1
OLD SULTAN,him,15
OLD SULTAN,himself,2
OLD SULTAN,his,21
OLD SULTAN,home,1
OLD SULTAN,house,1
OLD SULTAN,how,1
OLD SULTAN,however,2
OLD SULTAN,i,6
OLD SULTAN,in,9
OLD SULTAN,into,3
OLD SULTAN,is,2
OLD SULTAN,it,11
OLD SULTAN,joke,1
OLD SULTAN,joy,1
OLD SULTAN,jumped,2
OLD SULTAN,kill,1
OLD SULTAN,know,1
OLD SULTAN,laid,2
OLD SULTAN,last,2
OLD SULTAN,lay,2
OLD SULTAN,let,3
OLD SULTAN,lie,1
OLD SULTAN,like,1
OLD SULTAN,liked,1
OLD SULTAN,limped,2
OLD SULTAN,little,4
OLD SULTAN,live,3
OLD SULTAN,lived,1
OLD SULTAN,livelihood,2
OLD SULTAN,lives,1
OLD SULTAN,locks,1
OLD SULTAN,long,3
OLD SULTAN,look,1
OLD SULTAN,looked,2
OLD SULTAN,looking,1
OLD SULTAN,lost,1
OLD SULTAN,lying,1
OLD SULTAN,make,1
OLD SULTAN,managed,1
OLD SULTAN,many,1
OLD SULTAN,master,5
OLD SULTAN,matter,1
OLD SULTAN,may,1
OLD SULTAN,me,1
OLD SULTAN,meant,2
OLD SULTAN,mistress,1
OLD SULTAN,morning,4
OLD SULTAN,morsel,1
OLD SULTAN,mouse,1
OLD SULTAN,move,1
OLD SULTAN,much,1
OLD SULTAN,must,2
OLD SULTAN,my,3
OLD SULTAN,next,1
OLD SULTAN,night,1
OLD SULTAN,no,4
OLD SULTAN,nobody,1
OLD SULTAN,not,4
OLD SULTAN,now,4
OLD SULTAN,of,10
OLD SULTAN,old,8
OLD SULTAN,on,3
OLD SULTAN,one,7
OLD SULTAN,other,1
OLD SULTAN,ought,1
OLD SULTAN,our,1
OLD SULTAN,out,6
OLD SULTAN,overtook,1
OLD SULTAN,patted,1
OLD SULTAN,picking,1
OLD SULTAN,plan,1
OLD SULTAN,plenty,1
OLD SULTAN,poor,4
OLD SULTAN,pray,1
OLD SULTAN,pretend,1
OLD SULTAN,promised,1
OLD SULTAN,quite,1
OLD SULTAN,ran,2
OLD SULTAN,rascal,1
OLD SULTAN,rest,1
OLD SULTAN,revenge,1
OLD SULTAN,roaring,1
OLD SULTAN,rogue,1
OLD SULTAN,run,2
OLD SULTAN,s,3
OLD SULTAN,said,9
OLD SULTAN,saved,2
OLD SULTAN,saw,1
OLD SULTAN,scratched,1
OLD SULTAN,screamed,1
OLD SULTAN,second,1
OLD SULTAN,seeing,1
OLD SULTAN,sent,1
OLD SULTAN,served,2
OLD SULTAN,shade,1
OLD SULTAN,shall,2
OLD SULTAN,she,4
OLD SULTAN,sheep,2
OLD SULTAN,shepherd,9
OLD SULTAN,shook,1
OLD SULTAN,shoot,1
OLD SULTAN,should,1
OLD SULTAN,sits,1
OLD SULTAN,sitting,1
OLD SULTAN,sleep,1
OLD SULTAN,so,10
OLD SULTAN,some,2
OLD SULTAN,something,1
OLD SULTAN,soon,3
OLD SULTAN,sorrows,1
OLD SULTAN,sprang,1
OLD SULTAN,standing,2
OLD SULTAN,stone,1
OLD SULTAN,stout,1
OLD SULTAN,straight,2
OLD SULTAN,stuck,2
OLD SULTAN,suffer,1
OLD SULTAN,sultan,14
OLD SULTAN,sure,1
OLD SULTAN,sword,1
OLD SULTAN,swore,1
OLD SULTAN,t,1
OLD SULTAN,tail,2
OLD SULTAN,take,2
OLD SULTAN,taken,1
OLD SULTAN,tales,1
OLD SULTAN,taste,1
OLD SULTAN,teeth,1
OLD SULTAN,tell,1
OLD SULTAN,thankful,1
OLD SULTAN,that,6
OLD SULTAN,the,59
OLD SULTAN,their,3
OLD SULTAN,them,4
OLD SULTAN,then,4
OLD SULTAN,there,2
OLD SULTAN,therefore,1
OLD SULTAN,they,11
OLD SULTAN,thieves,1
OLD SULTAN,thing,2
OLD SULTAN,think,2
OLD SULTAN,thinking,1
OLD SULTAN,this,3
OLD SULTAN,thought,3
OLD SULTAN,threelegged,1
OLD SULTAN,throw,1
OLD SULTAN,till,1
OLD SULTAN,time,2
OLD SULTAN,to,25
OLD SULTAN,together,1
OLD SULTAN,told,2
OLD SULTAN,tomorrow,3
OLD SULTAN,took,1
OLD SULTAN,tooth,1
OLD SULTAN,tree,2
OLD SULTAN,trouble,1
OLD SULTAN,true,1
OLD SULTAN,turn,1
OLD SULTAN,up,7
OLD SULTAN,upon,2
OLD SULTAN,us,2
OLD SULTAN,use,1
OLD SULTAN,very,5
OLD SULTAN,wait,1
OLD SULTAN,want,1
OLD SULTAN,was,12
OLD SULTAN,watching,1
OLD SULTAN,way,3
OLD SULTAN,we,2
OLD SULTAN,well,3
OLD SULTAN,went,1
OLD SULTAN,were,2
OLD SULTAN,what,2
OLD SULTAN,when,5
OLD SULTAN,while,1
OLD SULTAN,who,4
OLD SULTAN,wife,6
OLD SULTAN,wild,1
OLD SULTAN,will,8
OLD SULTAN,wish,1
OLD SULTAN,wished,1
OLD SULTAN,with,9
OLD SULTAN,wolf,13
OLD SULTAN,wondered,1
OLD SULTAN,wood,3
OLD SULTAN,work,1
OLD SULTAN,would,3
OLD SULTAN,years,1
OLD SULTAN,you,11
OLD SULTAN,your,2
OLD SULTAN,yourself,1
RAPUNZEL,a,29
RAPUNZEL,about,3
RAPUNZEL,above,1
RAPUNZEL,afraid,1
RAPUNZEL,after,1
RAPUNZEL,afterwards,1
RAPUNZEL,again,3
RAPUNZEL,agreed,1
RAPUNZEL,ah,3
RAPUNZEL,aha,1
RAPUNZEL,ails,1
RAPUNZEL,alarmed,1
RAPUNZEL,all,2
RAPUNZEL,allow,1
RAPUNZEL,allowed,1
RAPUNZEL,an,2
RAPUNZEL,and,65
RAPUNZEL,anger,2
RAPUNZEL,angry,1
RAPUNZEL,answered,1
RAPUNZEL,any,1
RAPUNZEL,appeared,1
RAPUNZEL,approached,1
RAPUNZEL,are,1
RAPUNZEL,as,9
RAPUNZEL,ascended,1
RAPUNZEL,asked,2
RAPUNZEL,at,9
RAPUNZEL,ate,2
RAPUNZEL,away,4
RAPUNZEL,back,1
RAPUNZEL,be,5
RAPUNZEL,beautiful,5
RAPUNZEL,because,1
RAPUNZEL,bed,2
RAPUNZEL,been,2
RAPUNZEL,before,3
RAPUNZEL,began,3
RAPUNZEL,beheld,1
RAPUNZEL,behind,2
RAPUNZEL,belonged,1
RAPUNZEL,beneath,1
RAPUNZEL,berries,1
RAPUNZEL,beside,1
RAPUNZEL,bird,1
RAPUNZEL,birth,1
RAPUNZEL,blind,1
RAPUNZEL,boy,1
RAPUNZEL,braided,1
RAPUNZEL,braids,3
RAPUNZEL,bring,3
RAPUNZEL,brought,1
RAPUNZEL,but,11
RAPUNZEL,by,7
RAPUNZEL,came,6
RAPUNZEL,can,2
RAPUNZEL,care,1
RAPUNZEL,case,1
RAPUNZEL,cast,1
RAPUNZEL,cat,1
RAPUNZEL,charming,1
RAPUNZEL,child,5
RAPUNZEL,clambered,2
RAPUNZEL,clear,1
RAPUNZEL,climb,1
RAPUNZEL,climbed,3
RAPUNZEL,clutched,2
RAPUNZEL,come,2
RAPUNZEL,condition,1
RAPUNZEL,consented,1
RAPUNZEL,contented,1
RAPUNZEL,cost,1
RAPUNZEL,could,2
RAPUNZEL,cried,6
RAPUNZEL,cut,2
RAPUNZEL,dame,2
RAPUNZEL,dare,1
RAPUNZEL,dared,1
RAPUNZEL,dark,1
RAPUNZEL,day,6
RAPUNZEL,dear,1
RAPUNZEL,dearest,3
RAPUNZEL,deceived,1
RAPUNZEL,deeply,1
RAPUNZEL,descend,3
RAPUNZEL,desert,2
RAPUNZEL,desire,1
RAPUNZEL,despair,1
RAPUNZEL,did,1
RAPUNZEL,die,2
RAPUNZEL,died,1
RAPUNZEL,do,3
RAPUNZEL,does,1
RAPUNZEL,door,2
RAPUNZEL,down,14
RAPUNZEL,draw,1
RAPUNZEL,dreaded,1
RAPUNZEL,eat,2
RAPUNZEL,ells,1
RAPUNZEL,enchantress,15
RAPUNZEL,escaped,1
RAPUNZEL,evening,2
RAPUNZEL,every,3
RAPUNZEL,everything,1
RAPUNZEL,eyes,4
RAPUNZEL,familiar,1
RAPUNZEL,fastened,1
RAPUNZEL,fear,1
RAPUNZEL,fell,4
RAPUNZEL,felt,1
RAPUNZEL,fetch,1
RAPUNZEL,finding,1
RAPUNZEL,fine,1
RAPUNZEL,first,1
RAPUNZEL,flowers,1
RAPUNZEL,for,13
RAPUNZEL,forced,1
RAPUNZEL,forest,4
RAPUNZEL,fortune,1
RAPUNZEL,found,2
RAPUNZEL,fresh,1
RAPUNZEL,friend,1
RAPUNZEL,frightened,1
RAPUNZEL,from,4
RAPUNZEL,full,1
RAPUNZEL,garden,6
RAPUNZEL,gave,1
RAPUNZEL,gazed,1
RAPUNZEL,get,1
RAPUNZEL,girl,1
RAPUNZEL,give,1
RAPUNZEL,given,1
RAPUNZEL,gloom,1
RAPUNZEL,go,3
RAPUNZEL,god,1
RAPUNZEL,gold,1
RAPUNZEL,good,2
RAPUNZEL,got,2
RAPUNZEL,gothel,2
RAPUNZEL,grant,1
RAPUNZEL,great,2
RAPUNZEL,greedily,1
RAPUNZEL,green,1
RAPUNZEL,grew,2
RAPUNZEL,grief,1
RAPUNZEL,ground,1
RAPUNZEL,grow,1
RAPUNZEL,had,16
RAPUNZEL,hair,10
RAPUNZEL,hand,2
RAPUNZEL,handful,1
RAPUNZEL,handsome,1
RAPUNZEL,happens,1
RAPUNZEL,happy,1
RAPUNZEL,has,1
RAPUNZEL,hastily,1
RAPUNZEL,have,4
RAPUNZEL,he,34
RAPUNZEL,hear,1
RAPUNZEL,heard,4
RAPUNZEL,heart,2
RAPUNZEL,heavier,1
RAPUNZEL,her,32
RAPUNZEL,herbs,1
RAPUNZEL,herself,2
RAPUNZEL,high,1
RAPUNZEL,him,7
RAPUNZEL,himself,2
RAPUNZEL,his,13
RAPUNZEL,home,1
RAPUNZEL,hook,1
RAPUNZEL,hooks,1
RAPUNZEL,hoped,1
RAPUNZEL,horse,1
RAPUNZEL,house,2
RAPUNZEL,how,4
RAPUNZEL,however,2
RAPUNZEL,husband,3
RAPUNZEL,i,14
RAPUNZEL,if,6
RAPUNZEL,immediately,1
RAPUNZEL,in,16
RAPUNZEL,instead,1
RAPUNZEL,into,11
RAPUNZEL,is,5
RAPUNZEL,it,29
RAPUNZEL,joyfully,1
RAPUNZEL,justice,1
RAPUNZEL,king,8
RAPUNZEL,kingdom,1
RAPUNZEL,knew,1
RAPUNZEL,know,1
RAPUNZEL,ladder,2
RAPUNZEL,laid,1
RAPUNZEL,lament,1
RAPUNZEL,lay,2
RAPUNZEL,leapt,1
RAPUNZEL,led,1
RAPUNZEL,left,1
RAPUNZEL,length,2
RAPUNZEL,let,11
RAPUNZEL,letting,1
RAPUNZEL,life,1
RAPUNZEL,like,3
RAPUNZEL,listened,2
RAPUNZEL,little,2
RAPUNZEL,live,1
RAPUNZEL,lived,2
RAPUNZEL,long,3
RAPUNZEL,longed,2
RAPUNZEL,longer,1
RAPUNZEL,longing,1
RAPUNZEL,look,2
RAPUNZEL,looked,2
RAPUNZEL,looking,1
RAPUNZEL,looks,1
RAPUNZEL,loss,1
RAPUNZEL,lost,2
RAPUNZEL,love,1
RAPUNZEL,loved,1
RAPUNZEL,lovely,1
RAPUNZEL,made,2
RAPUNZEL,magnificent,1
RAPUNZEL,make,1
RAPUNZEL,man,4
RAPUNZEL,me,11
RAPUNZEL,mercy,1
RAPUNZEL,mind,1
RAPUNZEL,miserable,1
RAPUNZEL,misery,2
RAPUNZEL,mockingly,1
RAPUNZEL,moment,1
RAPUNZEL,more,2
RAPUNZEL,most,3
RAPUNZEL,mother,1
RAPUNZEL,mounts,1
RAPUNZEL,much,3
RAPUNZEL,must,2
RAPUNZEL,my,5
RAPUNZEL,name,1
RAPUNZEL,naught,1
RAPUNZEL,necessity,1
RAPUNZEL,neck,1
RAPUNZEL,neither,1
RAPUNZEL,nest,1
RAPUNZEL,never,2
RAPUNZEL,next,2
RAPUNZEL,no,3
RAPUNZEL,none,1
RAPUNZEL,nor,1
RAPUNZEL,not,2
RAPUNZEL,nothing,2
RAPUNZEL,of,24
RAPUNZEL,off,2
RAPUNZEL,old,3
RAPUNZEL,on,4
RAPUNZEL,once,6
RAPUNZEL,one,5
RAPUNZEL,only,2
RAPUNZEL,or,1
RAPUNZEL,our,1
RAPUNZEL,out,4
RAPUNZEL,over,2
RAPUNZEL,pain,1
RAPUNZEL,pair,1
RAPUNZEL,pale,1
RAPUNZEL,pass,1
RAPUNZEL,passed,2
RAPUNZEL,people,1
RAPUNZEL,pierced,1
RAPUNZEL,pined,1
RAPUNZEL,pitiless,1
RAPUNZEL,place,1
RAPUNZEL,placed,1
RAPUNZEL,planted,1
RAPUNZEL,poor,1
RAPUNZEL,power,1
RAPUNZEL,quite,4
RAPUNZEL,rampion,7
RAPUNZEL,rapunzel,24
RAPUNZEL,ready,1
RAPUNZEL,received,1
RAPUNZEL,remarked,1
RAPUNZEL,replied,1
RAPUNZEL,resound,1
RAPUNZEL,rest,2
RAPUNZEL,right,1
RAPUNZEL,roamed,1
RAPUNZEL,rode,2
RAPUNZEL,roots,1
RAPUNZEL,round,2
RAPUNZEL,s,9
RAPUNZEL,said,6
RAPUNZEL,salad,1
RAPUNZEL,same,1
RAPUNZEL,saw,5
RAPUNZEL,say,2
RAPUNZEL,scissors,1
RAPUNZEL,scratch,1
RAPUNZEL,see,3
RAPUNZEL,seemed,1
RAPUNZEL,seen,1
RAPUNZEL,seized,1
RAPUNZEL,separated,1
RAPUNZEL,shall,3
RAPUNZEL,she,28
RAPUNZEL,should,1
RAPUNZEL,shut,1
RAPUNZEL,silk,1
RAPUNZEL,singing,2
RAPUNZEL,sits,1
RAPUNZEL,skein,1
RAPUNZEL,snap,1
RAPUNZEL,snip,1
RAPUNZEL,so,9
RAPUNZEL,softened,1
RAPUNZEL,solitude,1
RAPUNZEL,some,4
RAPUNZEL,son,8
RAPUNZEL,song,1
RAPUNZEL,sooner,1
RAPUNZEL,splendid,1
RAPUNZEL,spun,1
RAPUNZEL,stairs,1
RAPUNZEL,standing,3
RAPUNZEL,steal,1
RAPUNZEL,still,1
RAPUNZEL,stirred,1
RAPUNZEL,stood,1
RAPUNZEL,such,2
RAPUNZEL,suffer,1
RAPUNZEL,sun,1
RAPUNZEL,surrounded,1
RAPUNZEL,sweet,1
RAPUNZEL,t,1
RAPUNZEL,take,4
RAPUNZEL,talk,1
RAPUNZEL,tasted,1
RAPUNZEL,tears,1
RAPUNZEL,tell,1
RAPUNZEL,terribly,2
RAPUNZEL,terror,1
RAPUNZEL,than,3
RAPUNZEL,that,20
RAPUNZEL,the,84
RAPUNZEL,their,1
RAPUNZEL,them,3
RAPUNZEL,then,7
RAPUNZEL,there,2
RAPUNZEL,therefore,1
RAPUNZEL,these,1
RAPUNZEL,they,4
RAPUNZEL,thief,1
RAPUNZEL,this,3
RAPUNZEL,thorns,1
RAPUNZEL,thought,3
RAPUNZEL,three,1
RAPUNZEL,through,1
RAPUNZEL,thus,2
RAPUNZEL,time,4
RAPUNZEL,times,1
RAPUNZEL,to,42
RAPUNZEL,told,1
RAPUNZEL,too,1
RAPUNZEL,took,3
RAPUNZEL,top,1
RAPUNZEL,touched,1
RAPUNZEL,towards,1
RAPUNZEL,tower,5
RAPUNZEL,treated,1
RAPUNZEL,tree,1
RAPUNZEL,tresses,2
RAPUNZEL,try,1
RAPUNZEL,twelve,1
RAPUNZEL,twenty,1
RAPUNZEL,twice,1
RAPUNZEL,twilight,1
RAPUNZEL,twins,1
RAPUNZEL,two,2
RAPUNZEL,under,1
RAPUNZEL,unfastened,1
RAPUNZEL,until,2
RAPUNZEL,up,6
RAPUNZEL,vain,1
RAPUNZEL,venomous,1
RAPUNZEL,very,1
RAPUNZEL,voice,3
RAPUNZEL,wall,3
RAPUNZEL,wandered,1
RAPUNZEL,wanted,2
RAPUNZEL,was,21
RAPUNZEL,weave,1
RAPUNZEL,weep,1
RAPUNZEL,well,2
RAPUNZEL,went,3
RAPUNZEL,wept,1
RAPUNZEL,were,2
RAPUNZEL,wetted,1
RAPUNZEL,what,3
RAPUNZEL,when,13
RAPUNZEL,where,3
RAPUNZEL,which,11
RAPUNZEL,who,5
RAPUNZEL,wicked,2
RAPUNZEL,wife,6
RAPUNZEL,will,13
RAPUNZEL,willingly,1
RAPUNZEL,window,6
RAPUNZEL,wished,1
RAPUNZEL,with,14
RAPUNZEL,woman,5
RAPUNZEL,world,3
RAPUNZEL,would,3
RAPUNZEL,wound,1
RAPUNZEL,wrapped,1
RAPUNZEL,wretchedness,1
RAPUNZEL,year,1
RAPUNZEL,years,2
RAPUNZEL,yes,1
RAPUNZEL,yet,2
RAPUNZEL,you,20
RAPUNZEL,young,2
RAPUNZEL,your,10
RAPUNZEL,yourself,1
RUMPELSTILTSKIN,a,22
RUMPELSTILTSKIN,about,6
RUMPELSTILTSKIN,again,4
RUMPELSTILTSKIN,alas,1
RUMPELSTILTSKIN,all,15
RUMPELSTILTSKIN,alone,2
RUMPELSTILTSKIN,among,1
RUMPELSTILTSKIN,and,62
RUMPELSTILTSKIN,any,1
RUMPELSTILTSKIN,are,2
RUMPELSTILTSKIN,arms,1
RUMPELSTILTSKIN,as,9
RUMPELSTILTSKIN,asked,2
RUMPELSTILTSKIN,astonished,1
RUMPELSTILTSKIN,at,7
RUMPELSTILTSKIN,awake,1
RUMPELSTILTSKIN,away,4
RUMPELSTILTSKIN,baby,3
RUMPELSTILTSKIN,back,1
RUMPELSTILTSKIN,bake,1
RUMPELSTILTSKIN,bandylegs,1
RUMPELSTILTSKIN,be,7
RUMPELSTILTSKIN,beautiful,1
RUMPELSTILTSKIN,became,1
RUMPELSTILTSKIN,before,4
RUMPELSTILTSKIN,began,5
RUMPELSTILTSKIN,behold,2
RUMPELSTILTSKIN,benjamin,1
RUMPELSTILTSKIN,best,1
RUMPELSTILTSKIN,bewail,1
RUMPELSTILTSKIN,bid,1
RUMPELSTILTSKIN,birth,1
RUMPELSTILTSKIN,boast,2
RUMPELSTILTSKIN,both,1
RUMPELSTILTSKIN,brew,1
RUMPELSTILTSKIN,bring,1
RUMPELSTILTSKIN,brought,1
RUMPELSTILTSKIN,burnt,1
RUMPELSTILTSKIN,but,8
RUMPELSTILTSKIN,by,3
RUMPELSTILTSKIN,called,1
RUMPELSTILTSKIN,came,7
RUMPELSTILTSKIN,can,1
RUMPELSTILTSKIN,chamber,2
RUMPELSTILTSKIN,child,4
RUMPELSTILTSKIN,chuckle,1
RUMPELSTILTSKIN,clever,1
RUMPELSTILTSKIN,climbing,1
RUMPELSTILTSKIN,close,1
RUMPELSTILTSKIN,come,1
RUMPELSTILTSKIN,comical,1
RUMPELSTILTSKIN,corner,1
RUMPELSTILTSKIN,could,4
RUMPELSTILTSKIN,country,1
RUMPELSTILTSKIN,court,2
RUMPELSTILTSKIN,cried,2
RUMPELSTILTSKIN,crookshanks,1
RUMPELSTILTSKIN,crowed,1
RUMPELSTILTSKIN,dance,1
RUMPELSTILTSKIN,dancing,1
RUMPELSTILTSKIN,dashed,1
RUMPELSTILTSKIN,daughter,6
RUMPELSTILTSKIN,day,6
RUMPELSTILTSKIN,days,2
RUMPELSTILTSKIN,deep,1
RUMPELSTILTSKIN,delighted,1
RUMPELSTILTSKIN,do,5
RUMPELSTILTSKIN,does,1
RUMPELSTILTSKIN,done,3
RUMPELSTILTSKIN,door,3
RUMPELSTILTSKIN,down,4
RUMPELSTILTSKIN,dream,1
RUMPELSTILTSKIN,drolllooking,1
RUMPELSTILTSKIN,during,1
RUMPELSTILTSKIN,dwarf,4
RUMPELSTILTSKIN,each,2
RUMPELSTILTSKIN,enjoy,1
RUMPELSTILTSKIN,enough,1
RUMPELSTILTSKIN,ever,1
RUMPELSTILTSKIN,every,1
RUMPELSTILTSKIN,fate,1
RUMPELSTILTSKIN,father,1
RUMPELSTILTSKIN,feast,2
RUMPELSTILTSKIN,find,1
RUMPELSTILTSKIN,finding,1
RUMPELSTILTSKIN,fine,1
RUMPELSTILTSKIN,finger,1
RUMPELSTILTSKIN,fire,2
RUMPELSTILTSKIN,first,2
RUMPELSTILTSKIN,floor,1
RUMPELSTILTSKIN,fond,1
RUMPELSTILTSKIN,foot,1
RUMPELSTILTSKIN,for,9
RUMPELSTILTSKIN,forced,2
RUMPELSTILTSKIN,forest,1
RUMPELSTILTSKIN,forgot,1
RUMPELSTILTSKIN,fox,1
RUMPELSTILTSKIN,fresh,1
RUMPELSTILTSKIN,friend,2
RUMPELSTILTSKIN,fun,1
RUMPELSTILTSKIN,funny,1
RUMPELSTILTSKIN,gain,1
RUMPELSTILTSKIN,gave,1
RUMPELSTILTSKIN,gentleman,1
RUMPELSTILTSKIN,get,1
RUMPELSTILTSKIN,girl,1
RUMPELSTILTSKIN,give,6
RUMPELSTILTSKIN,given,1
RUMPELSTILTSKIN,glad,1
RUMPELSTILTSKIN,glittering,1
RUMPELSTILTSKIN,gold,9
RUMPELSTILTSKIN,good,4
RUMPELSTILTSKIN,grace,1
RUMPELSTILTSKIN,great,1
RUMPELSTILTSKIN,greatly,2
RUMPELSTILTSKIN,greediness,1
RUMPELSTILTSKIN,greedy,1
RUMPELSTILTSKIN,grew,1
RUMPELSTILTSKIN,grieved,1
RUMPELSTILTSKIN,had,5
RUMPELSTILTSKIN,hands,1
RUMPELSTILTSKIN,hard,1
RUMPELSTILTSKIN,hare,1
RUMPELSTILTSKIN,have,3
RUMPELSTILTSKIN,having,2
RUMPELSTILTSKIN,he,19
RUMPELSTILTSKIN,heap,3
RUMPELSTILTSKIN,hear,1
RUMPELSTILTSKIN,heard,3
RUMPELSTILTSKIN,hearing,1
RUMPELSTILTSKIN,heart,1
RUMPELSTILTSKIN,her,21
RUMPELSTILTSKIN,high,1
RUMPELSTILTSKIN,hill,1
RUMPELSTILTSKIN,him,5
RUMPELSTILTSKIN,himself,1
RUMPELSTILTSKIN,his,8
RUMPELSTILTSKIN,hobbled,1
RUMPELSTILTSKIN,hobgoblin,1
RUMPELSTILTSKIN,hold,1
RUMPELSTILTSKIN,home,1
RUMPELSTILTSKIN,house,1
RUMPELSTILTSKIN,how,1
RUMPELSTILTSKIN,hunchback,1
RUMPELSTILTSKIN,hunt,1
RUMPELSTILTSKIN,hut,3
RUMPELSTILTSKIN,i,10
RUMPELSTILTSKIN,ichabod,1
RUMPELSTILTSKIN,if,4
RUMPELSTILTSKIN,in,13
RUMPELSTILTSKIN,into,9
RUMPELSTILTSKIN,is,9
RUMPELSTILTSKIN,it,12
RUMPELSTILTSKIN,jeered,1
RUMPELSTILTSKIN,jemmy,1
RUMPELSTILTSKIN,jeremiah,1
RUMPELSTILTSKIN,john,1
RUMPELSTILTSKIN,joy,1
RUMPELSTILTSKIN,jumped,1
RUMPELSTILTSKIN,keep,2
RUMPELSTILTSKIN,king,5
RUMPELSTILTSKIN,kingdom,1
RUMPELSTILTSKIN,knew,2
RUMPELSTILTSKIN,know,2
RUMPELSTILTSKIN,lady,3
RUMPELSTILTSKIN,land,2
RUMPELSTILTSKIN,larger,1
RUMPELSTILTSKIN,lass,1
RUMPELSTILTSKIN,last,1
RUMPELSTILTSKIN,laughed,1
RUMPELSTILTSKIN,lay,2
RUMPELSTILTSKIN,led,1
RUMPELSTILTSKIN,left,2
RUMPELSTILTSKIN,leg,1
RUMPELSTILTSKIN,let,1
RUMPELSTILTSKIN,life,1
RUMPELSTILTSKIN,little,13
RUMPELSTILTSKIN,ll,3
RUMPELSTILTSKIN,lo,2
RUMPELSTILTSKIN,locked,1
RUMPELSTILTSKIN,long,2
RUMPELSTILTSKIN,love,1
RUMPELSTILTSKIN,madam,4
RUMPELSTILTSKIN,made,1
RUMPELSTILTSKIN,maiden,2
RUMPELSTILTSKIN,make,1
RUMPELSTILTSKIN,man,5
RUMPELSTILTSKIN,manikin,1
RUMPELSTILTSKIN,married,1
RUMPELSTILTSKIN,may,2
RUMPELSTILTSKIN,me,5
RUMPELSTILTSKIN,merrily,3
RUMPELSTILTSKIN,merry,1
RUMPELSTILTSKIN,messengers,2
RUMPELSTILTSKIN,mill,1
RUMPELSTILTSKIN,miller,8
RUMPELSTILTSKIN,mind,1
RUMPELSTILTSKIN,misfortune,1
RUMPELSTILTSKIN,money,1
RUMPELSTILTSKIN,more,3
RUMPELSTILTSKIN,moreover,1
RUMPELSTILTSKIN,morning,4
RUMPELSTILTSKIN,morrow,1
RUMPELSTILTSKIN,mr,1
RUMPELSTILTSKIN,much,1
RUMPELSTILTSKIN,must,4
RUMPELSTILTSKIN,my,10
RUMPELSTILTSKIN,name,6
RUMPELSTILTSKIN,names,4
RUMPELSTILTSKIN,necklace,1
RUMPELSTILTSKIN,never,1
RUMPELSTILTSKIN,new,1
RUMPELSTILTSKIN,next,2
RUMPELSTILTSKIN,night,2
RUMPELSTILTSKIN,no,4
RUMPELSTILTSKIN,not,6
RUMPELSTILTSKIN,nothing,2
RUMPELSTILTSKIN,now,3
RUMPELSTILTSKIN,nurse,2
RUMPELSTILTSKIN,odd,1
RUMPELSTILTSKIN,of,23
RUMPELSTILTSKIN,off,3
RUMPELSTILTSKIN,old,1
RUMPELSTILTSKIN,on,3
RUMPELSTILTSKIN,once,2
RUMPELSTILTSKIN,one,6
RUMPELSTILTSKIN,ones,1
RUMPELSTILTSKIN,only,1
RUMPELSTILTSKIN,opened,2
RUMPELSTILTSKIN,other,3
RUMPELSTILTSKIN,out,4
RUMPELSTILTSKIN,over,1
RUMPELSTILTSKIN,palace,1
RUMPELSTILTSKIN,playing,1
RUMPELSTILTSKIN,pleased,1
RUMPELSTILTSKIN,poor,3
RUMPELSTILTSKIN,proud,1
RUMPELSTILTSKIN,pull,1
RUMPELSTILTSKIN,put,1
RUMPELSTILTSKIN,queen,5
RUMPELSTILTSKIN,quickly,1
RUMPELSTILTSKIN,quite,1
RUMPELSTILTSKIN,rage,1
RUMPELSTILTSKIN,raised,1
RUMPELSTILTSKIN,ran,1
RUMPELSTILTSKIN,ready,1
RUMPELSTILTSKIN,really,1
RUMPELSTILTSKIN,reel,4
RUMPELSTILTSKIN,remember,1
RUMPELSTILTSKIN,replied,1
RUMPELSTILTSKIN,right,1
RUMPELSTILTSKIN,ring,2
RUMPELSTILTSKIN,room,2
RUMPELSTILTSKIN,round,8
RUMPELSTILTSKIN,rumpelstiltskin,2
RUMPELSTILTSKIN,rumplestiltskin,1
RUMPELSTILTSKIN,s,6
RUMPELSTILTSKIN,said,20
RUMPELSTILTSKIN,sang,2
RUMPELSTILTSKIN,sat,4
RUMPELSTILTSKIN,saw,2
RUMPELSTILTSKIN,say,1
RUMPELSTILTSKIN,second,1
RUMPELSTILTSKIN,see,1
RUMPELSTILTSKIN,sent,2
RUMPELSTILTSKIN,shall,2
RUMPELSTILTSKIN,she,27
RUMPELSTILTSKIN,shrewd,1
RUMPELSTILTSKIN,shut,1
RUMPELSTILTSKIN,side,2
RUMPELSTILTSKIN,silly,1
RUMPELSTILTSKIN,sing,1
RUMPELSTILTSKIN,singing,1
RUMPELSTILTSKIN,sitting,1
RUMPELSTILTSKIN,slyly,1
RUMPELSTILTSKIN,so,7
RUMPELSTILTSKIN,softened,1
RUMPELSTILTSKIN,some,2
RUMPELSTILTSKIN,song,1
RUMPELSTILTSKIN,soon,3
RUMPELSTILTSKIN,sorely,1
RUMPELSTILTSKIN,spin,4
RUMPELSTILTSKIN,spinningwheel,1
RUMPELSTILTSKIN,spun,4
RUMPELSTILTSKIN,still,3
RUMPELSTILTSKIN,stood,2
RUMPELSTILTSKIN,stranger,1
RUMPELSTILTSKIN,straw,7
RUMPELSTILTSKIN,stream,2
RUMPELSTILTSKIN,such,1
RUMPELSTILTSKIN,sudden,1
RUMPELSTILTSKIN,take,1
RUMPELSTILTSKIN,task,3
RUMPELSTILTSKIN,tears,1
RUMPELSTILTSKIN,tell,1
RUMPELSTILTSKIN,that,15
RUMPELSTILTSKIN,the,76
RUMPELSTILTSKIN,them,2
RUMPELSTILTSKIN,then,6
RUMPELSTILTSKIN,there,2
RUMPELSTILTSKIN,thing,1
RUMPELSTILTSKIN,thinking,1
RUMPELSTILTSKIN,third,2
RUMPELSTILTSKIN,this,8
RUMPELSTILTSKIN,thought,2
RUMPELSTILTSKIN,three,1
RUMPELSTILTSKIN,throne,1
RUMPELSTILTSKIN,till,2
RUMPELSTILTSKIN,time,2
RUMPELSTILTSKIN,timothy,1
RUMPELSTILTSKIN,to,27
RUMPELSTILTSKIN,today,1
RUMPELSTILTSKIN,told,3
RUMPELSTILTSKIN,tom,1
RUMPELSTILTSKIN,tomorrow,1
RUMPELSTILTSKIN,tonight,1
RUMPELSTILTSKIN,took,3
RUMPELSTILTSKIN,travelled,1
RUMPELSTILTSKIN,treasure,1
RUMPELSTILTSKIN,trees,1
RUMPELSTILTSKIN,trouble,1
RUMPELSTILTSKIN,two,1
RUMPELSTILTSKIN,up,2
RUMPELSTILTSKIN,upon,3
RUMPELSTILTSKIN,used,1
RUMPELSTILTSKIN,vain,2
RUMPELSTILTSKIN,very,5
RUMPELSTILTSKIN,wanted,1
RUMPELSTILTSKIN,was,23
RUMPELSTILTSKIN,water,1
RUMPELSTILTSKIN,way,3
RUMPELSTILTSKIN,we,1
RUMPELSTILTSKIN,wealth,1
RUMPELSTILTSKIN,weep,1
RUMPELSTILTSKIN,weeping,1
RUMPELSTILTSKIN,went,2
RUMPELSTILTSKIN,what,8
RUMPELSTILTSKIN,wheel,4
RUMPELSTILTSKIN,when,5
RUMPELSTILTSKIN,where,3
RUMPELSTILTSKIN,while,1
RUMPELSTILTSKIN,whistled,2
RUMPELSTILTSKIN,who,1
RUMPELSTILTSKIN,will,6
RUMPELSTILTSKIN,wish,1
RUMPELSTILTSKIN,witch,2
RUMPELSTILTSKIN,with,7
RUMPELSTILTSKIN,without,1
RUMPELSTILTSKIN,wood,2
RUMPELSTILTSKIN,woods,1
RUMPELSTILTSKIN,word,2
RUMPELSTILTSKIN,work,2
RUMPELSTILTSKIN,would,3
RUMPELSTILTSKIN,yesterday,1
RUMPELSTILTSKIN,yet,1
RUMPELSTILTSKIN,you,19
RUMPELSTILTSKIN,your,4
SNOW-WHITE AND ROSE-RED,a,57
SNOW-WHITE AND ROSE-RED,about,7
SNOW-WHITE AND ROSE-RED,above,1
SNOW-WHITE AND ROSE-RED,account,1
SNOW-WHITE AND ROSE-RED,accursed,1
SNOW-WHITE AND ROSE-RED,acquaintance,1
SNOW-WHITE AND ROSE-RED,across,2
SNOW-WHITE AND ROSE-RED,add,1
SNOW-WHITE AND ROSE-RED,afraid,3
SNOW-WHITE AND ROSE-RED,afterwards,3
SNOW-WHITE AND ROSE-RED,again,4
SNOW-WHITE AND ROSE-RED,against,2
SNOW-WHITE AND ROSE-RED,air,1
SNOW-WHITE AND ROSE-RED,alive,1
SNOW-WHITE AND ROSE-RED,all,8
SNOW-WHITE AND ROSE-RED,alone,1
SNOW-WHITE AND ROSE-RED,aloud,1
SNOW-WHITE AND ROSE-RED,already,2
SNOW-WHITE AND ROSE-RED,always,1
SNOW-WHITE AND ROSE-RED,am,3
SNOW-WHITE AND ROSE-RED,amongst,1
SNOW-WHITE AND ROSE-RED,amuse,1
SNOW-WHITE AND ROSE-RED,an,1
SNOW-WHITE AND ROSE-RED,and,133
SNOW-WHITE AND ROSE-RED,angel,1
SNOW-WHITE AND ROSE-RED,another,3
SNOW-WHITE AND ROSE-RED,answered,2
SNOW-WHITE AND ROSE-RED,any,1
SNOW-WHITE AND ROSE-RED,anyone,1
SNOW-WHITE AND ROSE-RED,are,7
SNOW-WHITE AND ROSE-RED,arrived,1
SNOW-WHITE AND ROSE-RED,as,25
SNOW-WHITE AND ROSE-RED,ashengrey,1
SNOW-WHITE AND ROSE-RED,asked,2
SNOW-WHITE AND ROSE-RED,at,13
SNOW-WHITE AND ROSE-RED,away,7
SNOW-WHITE AND ROSE-RED,awoke,1
SNOW-WHITE AND ROSE-RED,back,5
SNOW-WHITE AND ROSE-RED,backwards,1
SNOW-WHITE AND ROSE-RED,bad,2
SNOW-WHITE AND ROSE-RED,bag,3
SNOW-WHITE AND ROSE-RED,be,7
SNOW-WHITE AND ROSE-RED,bear,19
SNOW-WHITE AND ROSE-RED,beard,11
SNOW-WHITE AND ROSE-RED,bearskin,1
SNOW-WHITE AND ROSE-RED,beasts,1
SNOW-WHITE AND ROSE-RED,beat,2
SNOW-WHITE AND ROSE-RED,beautiful,4
SNOW-WHITE AND ROSE-RED,beautifully,1
SNOW-WHITE AND ROSE-RED,became,1
SNOW-WHITE AND ROSE-RED,bed,4
SNOW-WHITE AND ROSE-RED,bedtime,1
SNOW-WHITE AND ROSE-RED,been,4
SNOW-WHITE AND ROSE-RED,before,3
SNOW-WHITE AND ROSE-RED,began,1
SNOW-WHITE AND ROSE-RED,behind,4
SNOW-WHITE AND ROSE-RED,being,1
SNOW-WHITE AND ROSE-RED,below,1
SNOW-WHITE AND ROSE-RED,beneath,1
SNOW-WHITE AND ROSE-RED,berries,1
SNOW-WHITE AND ROSE-RED,beside,1
SNOW-WHITE AND ROSE-RED,best,1
SNOW-WHITE AND ROSE-RED,better,2
SNOW-WHITE AND ROSE-RED,between,2
SNOW-WHITE AND ROSE-RED,bewitched,1
SNOW-WHITE AND ROSE-RED,big,2
SNOW-WHITE AND ROSE-RED,bird,1
SNOW-WHITE AND ROSE-RED,birds,1
SNOW-WHITE AND ROSE-RED,bit,1
SNOW-WHITE AND ROSE-RED,bite,1
SNOW-WHITE AND ROSE-RED,black,3
SNOW-WHITE AND ROSE-RED,bleated,1
SNOW-WHITE AND ROSE-RED,blow,1
SNOW-WHITE AND ROSE-RED,bolt,3
SNOW-WHITE AND ROSE-RED,book,1
SNOW-WHITE AND ROSE-RED,booty,1
SNOW-WHITE AND ROSE-RED,bore,2
SNOW-WHITE AND ROSE-RED,both,1
SNOW-WHITE AND ROSE-RED,boughs,1
SNOW-WHITE AND ROSE-RED,brass,1
SNOW-WHITE AND ROSE-RED,break,1
SNOW-WHITE AND ROSE-RED,brightly,1
SNOW-WHITE AND ROSE-RED,brilliant,1
SNOW-WHITE AND ROSE-RED,bring,1
SNOW-WHITE AND ROSE-RED,broad,1
SNOW-WHITE AND ROSE-RED,brook,1
SNOW-WHITE AND ROSE-RED,broom,1
SNOW-WHITE AND ROSE-RED,brother,1
SNOW-WHITE AND ROSE-RED,brought,1
SNOW-WHITE AND ROSE-RED,brown,1
SNOW-WHITE AND ROSE-RED,burn,1
SNOW-WHITE AND ROSE-RED,burnt,1
SNOW-WHITE AND ROSE-RED,business,1
SNOW-WHITE AND ROSE-RED,busy,1
SNOW-WHITE AND ROSE-RED,but,17
SNOW-WHITE AND ROSE-RED,butterflies,1
SNOW-WHITE AND ROSE-RED,buy,1
SNOW-WHITE AND ROSE-RED,by,14
SNOW-WHITE AND ROSE-RED,byandby,1
SNOW-WHITE AND ROSE-RED,cabbageleaf,1
SNOW-WHITE AND ROSE-RED,called,3
SNOW-WHITE AND ROSE-RED,came,11
SNOW-WHITE AND ROSE-RED,can,7
SNOW-WHITE AND ROSE-RED,care,2
SNOW-WHITE AND ROSE-RED,carefully,1
SNOW-WHITE AND ROSE-RED,carry,1
SNOW-WHITE AND ROSE-RED,catch,1
SNOW-WHITE AND ROSE-RED,catching,1
SNOW-WHITE AND ROSE-RED,caught,3
SNOW-WHITE AND ROSE-RED,cave,2
SNOW-WHITE AND ROSE-RED,caves,1
SNOW-WHITE AND ROSE-RED,certainly,1
SNOW-WHITE AND ROSE-RED,cheerful,1
SNOW-WHITE AND ROSE-RED,child,1
SNOW-WHITE AND ROSE-RED,children,15
SNOW-WHITE AND ROSE-RED,civil,1
SNOW-WHITE AND ROSE-RED,clean,2
SNOW-WHITE AND ROSE-RED,clip,1
SNOW-WHITE AND ROSE-RED,close,5
SNOW-WHITE AND ROSE-RED,closed,1
SNOW-WHITE AND ROSE-RED,clothed,1
SNOW-WHITE AND ROSE-RED,clumsy,2
SNOW-WHITE AND ROSE-RED,coarse,1
SNOW-WHITE AND ROSE-RED,coat,4
SNOW-WHITE AND ROSE-RED,cold,1
SNOW-WHITE AND ROSE-RED,colours,1
SNOW-WHITE AND ROSE-RED,come,8
SNOW-WHITE AND ROSE-RED,comfortably,2
SNOW-WHITE AND ROSE-RED,contentedly,1
SNOW-WHITE AND ROSE-RED,cooking,1
SNOW-WHITE AND ROSE-RED,copperred,1
SNOW-WHITE AND ROSE-RED,cottage,3
SNOW-WHITE AND ROSE-RED,could,5
SNOW-WHITE AND ROSE-RED,creature,2
SNOW-WHITE AND ROSE-RED,creatures,1
SNOW-WHITE AND ROSE-RED,crevice,1
SNOW-WHITE AND ROSE-RED,cried,6
SNOW-WHITE AND ROSE-RED,crossed,1
SNOW-WHITE AND ROSE-RED,cry,1
SNOW-WHITE AND ROSE-RED,cursed,1
SNOW-WHITE AND ROSE-RED,cursing,1
SNOW-WHITE AND ROSE-RED,cut,4
SNOW-WHITE AND ROSE-RED,danger,1
SNOW-WHITE AND ROSE-RED,darkness,1
SNOW-WHITE AND ROSE-RED,dawn,1
SNOW-WHITE AND ROSE-RED,dawned,1
SNOW-WHITE AND ROSE-RED,day,1
SNOW-WHITE AND ROSE-RED,daylight,1
SNOW-WHITE AND ROSE-RED,dead,1
SNOW-WHITE AND ROSE-RED,dear,2
SNOW-WHITE AND ROSE-RED,death,1
SNOW-WHITE AND ROSE-RED,departure,1
SNOW-WHITE AND ROSE-RED,did,5
SNOW-WHITE AND ROSE-RED,disappeared,1
SNOW-WHITE AND ROSE-RED,disfigure,1
SNOW-WHITE AND ROSE-RED,dish,1
SNOW-WHITE AND ROSE-RED,divided,1
SNOW-WHITE AND ROSE-RED,do,12
SNOW-WHITE AND ROSE-RED,does,1
SNOW-WHITE AND ROSE-RED,dog,1
SNOW-WHITE AND ROSE-RED,don,3
SNOW-WHITE AND ROSE-RED,done,1
SNOW-WHITE AND ROSE-RED,door,5
SNOW-WHITE AND ROSE-RED,doors,1
SNOW-WHITE AND ROSE-RED,dove,3
SNOW-WHITE AND ROSE-RED,down,3
SNOW-WHITE AND ROSE-RED,dragged,3
SNOW-WHITE AND ROSE-RED,dread,1
SNOW-WHITE AND ROSE-RED,dress,1
SNOW-WHITE AND ROSE-RED,driven,1
SNOW-WHITE AND ROSE-RED,dwarf,15
SNOW-WHITE AND ROSE-RED,dwarfs,1
SNOW-WHITE AND ROSE-RED,each,3
SNOW-WHITE AND ROSE-RED,eagle,2
SNOW-WHITE AND ROSE-RED,earth,2
SNOW-WHITE AND ROSE-RED,easily,1
SNOW-WHITE AND ROSE-RED,eat,2
SNOW-WHITE AND ROSE-RED,emptied,1
SNOW-WHITE AND ROSE-RED,end,3
SNOW-WHITE AND ROSE-RED,enough,1
SNOW-WHITE AND ROSE-RED,entangled,1
SNOW-WHITE AND ROSE-RED,even,1
SNOW-WHITE AND ROSE-RED,evening,4
SNOW-WHITE AND ROSE-RED,ever,1
SNOW-WHITE AND ROSE-RED,every,3
SNOW-WHITE AND ROSE-RED,everything,1
SNOW-WHITE AND ROSE-RED,eyes,1
SNOW-WHITE AND ROSE-RED,face,3
SNOW-WHITE AND ROSE-RED,fallen,1
SNOW-WHITE AND ROSE-RED,far,1
SNOW-WHITE AND ROSE-RED,fast,3
SNOW-WHITE AND ROSE-RED,fastened,1
SNOW-WHITE AND ROSE-RED,fat,1
SNOW-WHITE AND ROSE-RED,feeble,1
SNOW-WHITE AND ROSE-RED,feel,1
SNOW-WHITE AND ROSE-RED,feet,1
SNOW-WHITE AND ROSE-RED,fell,2
SNOW-WHITE AND ROSE-RED,felled,1
SNOW-WHITE AND ROSE-RED,fellow,2
SNOW-WHITE AND ROSE-RED,felt,1
SNOW-WHITE AND ROSE-RED,fetch,2
SNOW-WHITE AND ROSE-RED,few,1
SNOW-WHITE AND ROSE-RED,fields,1
SNOW-WHITE AND ROSE-RED,fiery,1
SNOW-WHITE AND ROSE-RED,fine,1
SNOW-WHITE AND ROSE-RED,fire,3
SNOW-WHITE AND ROSE-RED,firewood,1
SNOW-WHITE AND ROSE-RED,first,1
SNOW-WHITE AND ROSE-RED,fish,5
SNOW-WHITE AND ROSE-RED,fishing,1
SNOW-WHITE AND ROSE-RED,fishingline,1
SNOW-WHITE AND ROSE-RED,floor,1
SNOW-WHITE AND ROSE-RED,flowers,2
SNOW-WHITE AND ROSE-RED,fluttered,1
SNOW-WHITE AND ROSE-RED,flying,1
SNOW-WHITE AND ROSE-RED,folk,1
SNOW-WHITE AND ROSE-RED,follow,1
SNOW-WHITE AND ROSE-RED,fond,1
SNOW-WHITE AND ROSE-RED,food,1
SNOW-WHITE AND ROSE-RED,fool,1
SNOW-WHITE AND ROSE-RED,for,9
SNOW-WHITE AND ROSE-RED,forced,1
SNOW-WHITE AND ROSE-RED,forest,8
SNOW-WHITE AND ROSE-RED,forwards,1
SNOW-WHITE AND ROSE-RED,found,3
SNOW-WHITE AND ROSE-RED,free,2
SNOW-WHITE AND ROSE-RED,freed,1
SNOW-WHITE AND ROSE-RED,friend,1
SNOW-WHITE AND ROSE-RED,fright,2
SNOW-WHITE AND ROSE-RED,from,5
SNOW-WHITE AND ROSE-RED,front,1
SNOW-WHITE AND ROSE-RED,frozen,1
SNOW-WHITE AND ROSE-RED,full,4
SNOW-WHITE AND ROSE-RED,further,1
SNOW-WHITE AND ROSE-RED,gaping,1
SNOW-WHITE AND ROSE-RED,garden,1
SNOW-WHITE AND ROSE-RED,gathered,2
SNOW-WHITE AND ROSE-RED,gave,1
SNOW-WHITE AND ROSE-RED,gentle,1
SNOW-WHITE AND ROSE-RED,get,4
SNOW-WHITE AND ROSE-RED,gets,1
SNOW-WHITE AND ROSE-RED,girls,6
SNOW-WHITE AND ROSE-RED,give,1
SNOW-WHITE AND ROSE-RED,glared,1
SNOW-WHITE AND ROSE-RED,glittered,1
SNOW-WHITE AND ROSE-RED,go,5
SNOW-WHITE AND ROSE-RED,going,6
SNOW-WHITE AND ROSE-RED,gold,4
SNOW-WHITE AND ROSE-RED,gone,1
SNOW-WHITE AND ROSE-RED,good,4
SNOW-WHITE AND ROSE-RED,goose,2
SNOW-WHITE AND ROSE-RED,got,3
SNOW-WHITE AND ROSE-RED,grant,1
SNOW-WHITE AND ROSE-RED,grass,1
SNOW-WHITE AND ROSE-RED,grasshopper,1
SNOW-WHITE AND ROSE-RED,grazed,1
SNOW-WHITE AND ROSE-RED,great,1
SNOW-WHITE AND ROSE-RED,greedy,1
SNOW-WHITE AND ROSE-RED,green,1
SNOW-WHITE AND ROSE-RED,grew,1
SNOW-WHITE AND ROSE-RED,ground,1
SNOW-WHITE AND ROSE-RED,growled,2
SNOW-WHITE AND ROSE-RED,growling,1
SNOW-WHITE AND ROSE-RED,grumbling,1
SNOW-WHITE AND ROSE-RED,guard,1
SNOW-WHITE AND ROSE-RED,guest,1
SNOW-WHITE AND ROSE-RED,had,22
SNOW-WHITE AND ROSE-RED,hair,1
SNOW-WHITE AND ROSE-RED,hairy,1
SNOW-WHITE AND ROSE-RED,halffrozen,1
SNOW-WHITE AND ROSE-RED,hand,2
SNOW-WHITE AND ROSE-RED,hands,3
SNOW-WHITE AND ROSE-RED,handsome,1
SNOW-WHITE AND ROSE-RED,happened,1
SNOW-WHITE AND ROSE-RED,happily,1
SNOW-WHITE AND ROSE-RED,happy,1
SNOW-WHITE AND ROSE-RED,hard,2
SNOW-WHITE AND ROSE-RED,hare,1
SNOW-WHITE AND ROSE-RED,harm,3
SNOW-WHITE AND ROSE-RED,has,3
SNOW-WHITE AND ROSE-RED,have,5
SNOW-WHITE AND ROSE-RED,hazelswitch,1
SNOW-WHITE AND ROSE-RED,he,27
SNOW-WHITE AND ROSE-RED,head,2
SNOW-WHITE AND ROSE-RED,heard,2
SNOW-WHITE AND ROSE-RED,heart,1
SNOW-WHITE AND ROSE-RED,hearth,3
SNOW-WHITE AND ROSE-RED,heath,2
SNOW-WHITE AND ROSE-RED,heavy,1
SNOW-WHITE AND ROSE-RED,heed,1
SNOW-WHITE AND ROSE-RED,held,3
SNOW-WHITE AND ROSE-RED,help,2
SNOW-WHITE AND ROSE-RED,helped,1
SNOW-WHITE AND ROSE-RED,henceforth,1
SNOW-WHITE AND ROSE-RED,her,13
SNOW-WHITE AND ROSE-RED,here,2
SNOW-WHITE AND ROSE-RED,herself,1
SNOW-WHITE AND ROSE-RED,hid,1
SNOW-WHITE AND ROSE-RED,hidden,1
SNOW-WHITE AND ROSE-RED,hide,1
SNOW-WHITE AND ROSE-RED,him,11
SNOW-WHITE AND ROSE-RED,himself,4
SNOW-WHITE AND ROSE-RED,his,26
SNOW-WHITE AND ROSE-RED,hob,1
SNOW-WHITE AND ROSE-RED,hold,2
SNOW-WHITE AND ROSE-RED,hole,1
SNOW-WHITE AND ROSE-RED,holes,1
SNOW-WHITE AND ROSE-RED,home,3
SNOW-WHITE AND ROSE-RED,horror,1
SNOW-WHITE AND ROSE-RED,house,1
SNOW-WHITE AND ROSE-RED,housework,1
SNOW-WHITE AND ROSE-RED,hovering,1
SNOW-WHITE AND ROSE-RED,how,1
SNOW-WHITE AND ROSE-RED,huge,1
SNOW-WHITE AND ROSE-RED,hung,1
SNOW-WHITE AND ROSE-RED,hurrying,1
SNOW-WHITE AND ROSE-RED,i,21
SNOW-WHITE AND ROSE-RED,if,5
SNOW-WHITE AND ROSE-RED,immediately,2
SNOW-WHITE AND ROSE-RED,impatient,1
SNOW-WHITE AND ROSE-RED,in,32
SNOW-WHITE AND ROSE-RED,ingratitude,1
SNOW-WHITE AND ROSE-RED,inside,1
SNOW-WHITE AND ROSE-RED,into,9
SNOW-WHITE AND ROSE-RED,is,6
SNOW-WHITE AND ROSE-RED,it,33
SNOW-WHITE AND ROSE-RED,its,2
SNOW-WHITE AND ROSE-RED,jewels,1
SNOW-WHITE AND ROSE-RED,jumping,3
SNOW-WHITE AND ROSE-RED,just,2
SNOW-WHITE AND ROSE-RED,kept,2
SNOW-WHITE AND ROSE-RED,kettle,2
SNOW-WHITE AND ROSE-RED,kindly,1
SNOW-WHITE AND ROSE-RED,king,1
SNOW-WHITE AND ROSE-RED,knew,2
SNOW-WHITE AND ROSE-RED,knock,1
SNOW-WHITE AND ROSE-RED,knocked,1
SNOW-WHITE AND ROSE-RED,know,1
SNOW-WHITE AND ROSE-RED,laces,1
SNOW-WHITE AND ROSE-RED,laid,4
SNOW-WHITE AND ROSE-RED,lamb,3
SNOW-WHITE AND ROSE-RED,large,3
SNOW-WHITE AND ROSE-RED,last,2
SNOW-WHITE AND ROSE-RED,late,2
SNOW-WHITE AND ROSE-RED,later,1
SNOW-WHITE AND ROSE-RED,laugh,1
SNOW-WHITE AND ROSE-RED,laughed,1
SNOW-WHITE AND ROSE-RED,lay,5
SNOW-WHITE AND ROSE-RED,leap,1
SNOW-WHITE AND ROSE-RED,leapt,1
SNOW-WHITE AND ROSE-RED,leave,2
SNOW-WHITE AND ROSE-RED,led,1
SNOW-WHITE AND ROSE-RED,let,5
SNOW-WHITE AND ROSE-RED,lie,2
SNOW-WHITE AND ROSE-RED,life,1
SNOW-WHITE AND ROSE-RED,lifted,1
SNOW-WHITE AND ROSE-RED,like,4
SNOW-WHITE AND ROSE-RED,liked,2
SNOW-WHITE AND ROSE-RED,line,2
SNOW-WHITE AND ROSE-RED,listened,1
SNOW-WHITE AND ROSE-RED,lit,1
SNOW-WHITE AND ROSE-RED,little,12
SNOW-WHITE AND ROSE-RED,live,1
SNOW-WHITE AND ROSE-RED,lived,2
SNOW-WHITE AND ROSE-RED,logs,1
SNOW-WHITE AND ROSE-RED,lonely,1
SNOW-WHITE AND ROSE-RED,long,4
SNOW-WHITE AND ROSE-RED,look,2
SNOW-WHITE AND ROSE-RED,looked,2
SNOW-WHITE AND ROSE-RED,looking,1
SNOW-WHITE AND ROSE-RED,lost,1
SNOW-WHITE AND ROSE-RED,loud,2
SNOW-WHITE AND ROSE-RED,lower,2
SNOW-WHITE AND ROSE-RED,luck,1
SNOW-WHITE AND ROSE-RED,lying,1
SNOW-WHITE AND ROSE-RED,made,2
SNOW-WHITE AND ROSE-RED,make,1
SNOW-WHITE AND ROSE-RED,man,6
SNOW-WHITE AND ROSE-RED,many,2
SNOW-WHITE AND ROSE-RED,married,1
SNOW-WHITE AND ROSE-RED,me,7
SNOW-WHITE AND ROSE-RED,meadows,1
SNOW-WHITE AND ROSE-RED,means,1
SNOW-WHITE AND ROSE-RED,mercy,1
SNOW-WHITE AND ROSE-RED,merrily,1
SNOW-WHITE AND ROSE-RED,milkfaced,1
SNOW-WHITE AND ROSE-RED,mishap,1
SNOW-WHITE AND ROSE-RED,moment,1
SNOW-WHITE AND ROSE-RED,more,2
SNOW-WHITE AND ROSE-RED,morning,3
SNOW-WHITE AND ROSE-RED,morsels,1
SNOW-WHITE AND ROSE-RED,moss,1
SNOW-WHITE AND ROSE-RED,most,1
SNOW-WHITE AND ROSE-RED,mother,15
SNOW-WHITE AND ROSE-RED,move,1
SNOW-WHITE AND ROSE-RED,movements,1
SNOW-WHITE AND ROSE-RED,mr,1
SNOW-WHITE AND ROSE-RED,much,2
SNOW-WHITE AND ROSE-RED,must,5
SNOW-WHITE AND ROSE-RED,my,10
SNOW-WHITE AND ROSE-RED,myself,2
SNOW-WHITE AND ROSE-RED,near,4
SNOW-WHITE AND ROSE-RED,nearer,2
SNOW-WHITE AND ROSE-RED,neat,1
SNOW-WHITE AND ROSE-RED,needles,1
SNOW-WHITE AND ROSE-RED,never,2
SNOW-WHITE AND ROSE-RED,night,2
SNOW-WHITE AND ROSE-RED,no,5
SNOW-WHITE AND ROSE-RED,not,30
SNOW-WHITE AND ROSE-RED,nothing,3
SNOW-WHITE AND ROSE-RED,noticed,1
SNOW-WHITE AND ROSE-RED,now,5
SNOW-WHITE AND ROSE-RED,obliged,1
SNOW-WHITE AND ROSE-RED,odious,1
SNOW-WHITE AND ROSE-RED,of,39
SNOW-WHITE AND ROSE-RED,off,9
SNOW-WHITE AND ROSE-RED,often,1
SNOW-WHITE AND ROSE-RED,old,3
SNOW-WHITE AND ROSE-RED,on,7
SNOW-WHITE AND ROSE-RED,once,5
SNOW-WHITE AND ROSE-RED,one,7
SNOW-WHITE AND ROSE-RED,only,5
SNOW-WHITE AND ROSE-RED,open,1
SNOW-WHITE AND ROSE-RED,or,2
SNOW-WHITE AND ROSE-RED,other,5
SNOW-WHITE AND ROSE-RED,others,1
SNOW-WHITE AND ROSE-RED,out,22
SNOW-WHITE AND ROSE-RED,outside,1
SNOW-WHITE AND ROSE-RED,over,1
SNOW-WHITE AND ROSE-RED,overtook,1
SNOW-WHITE AND ROSE-RED,paces,1
SNOW-WHITE AND ROSE-RED,part,3
SNOW-WHITE AND ROSE-RED,paw,1
SNOW-WHITE AND ROSE-RED,peacefully,1
SNOW-WHITE AND ROSE-RED,pearls,1
SNOW-WHITE AND ROSE-RED,people,3
SNOW-WHITE AND ROSE-RED,perch,1
SNOW-WHITE AND ROSE-RED,piece,2
SNOW-WHITE AND ROSE-RED,pieces,1
SNOW-WHITE AND ROSE-RED,piteous,1
SNOW-WHITE AND ROSE-RED,pity,1
SNOW-WHITE AND ROSE-RED,played,1
SNOW-WHITE AND ROSE-RED,pleasure,1
SNOW-WHITE AND ROSE-RED,pocket,1
SNOW-WHITE AND ROSE-RED,polished,1
SNOW-WHITE AND ROSE-RED,poor,3
SNOW-WHITE AND ROSE-RED,precious,2
SNOW-WHITE AND ROSE-RED,precipice,1
SNOW-WHITE AND ROSE-RED,pry,1
SNOW-WHITE AND ROSE-RED,prying,1
SNOW-WHITE AND ROSE-RED,pull,4
SNOW-WHITE AND ROSE-RED,pulled,3
SNOW-WHITE AND ROSE-RED,punishment,1
SNOW-WHITE AND ROSE-RED,pushed,1
SNOW-WHITE AND ROSE-RED,put,1
SNOW-WHITE AND ROSE-RED,quails,1
SNOW-WHITE AND ROSE-RED,quick,1
SNOW-WHITE AND ROSE-RED,quickly,2
SNOW-WHITE AND ROSE-RED,quiet,1
SNOW-WHITE AND ROSE-RED,quite,4
SNOW-WHITE AND ROSE-RED,rage,1
SNOW-WHITE AND ROSE-RED,ran,4
SNOW-WHITE AND ROSE-RED,reach,1
SNOW-WHITE AND ROSE-RED,read,2
SNOW-WHITE AND ROSE-RED,recognized,1
SNOW-WHITE AND ROSE-RED,recovered,1
SNOW-WHITE AND ROSE-RED,red,4
SNOW-WHITE AND ROSE-RED,reeds,1
SNOW-WHITE AND ROSE-RED,ribbons,1
SNOW-WHITE AND ROSE-RED,road,1
SNOW-WHITE AND ROSE-RED,rock,3
SNOW-WHITE AND ROSE-RED,roe,1
SNOW-WHITE AND ROSE-RED,rolled,1
SNOW-WHITE AND ROSE-RED,roots,1
SNOW-WHITE AND ROSE-RED,rope,1
SNOW-WHITE AND ROSE-RED,rose,1
SNOW-WHITE AND ROSE-RED,rosered,17
SNOW-WHITE AND ROSE-RED,roses,2
SNOW-WHITE AND ROSE-RED,rosetrees,3
SNOW-WHITE AND ROSE-RED,rough,1
SNOW-WHITE AND ROSE-RED,round,4
SNOW-WHITE AND ROSE-RED,roused,1
SNOW-WHITE AND ROSE-RED,run,5
SNOW-WHITE AND ROSE-RED,rushes,2
SNOW-WHITE AND ROSE-RED,s,7
SNOW-WHITE AND ROSE-RED,sack,2
SNOW-WHITE AND ROSE-RED,safe,1
SNOW-WHITE AND ROSE-RED,safely,1
SNOW-WHITE AND ROSE-RED,said,13
SNOW-WHITE AND ROSE-RED,sake,1
SNOW-WHITE AND ROSE-RED,same,1
SNOW-WHITE AND ROSE-RED,sang,1
SNOW-WHITE AND ROSE-RED,sank,1
SNOW-WHITE AND ROSE-RED,sat,5
SNOW-WHITE AND ROSE-RED,savage,1
SNOW-WHITE AND ROSE-RED,saw,5
SNOW-WHITE AND ROSE-RED,scissors,2
SNOW-WHITE AND ROSE-RED,screamed,2
SNOW-WHITE AND ROSE-RED,see,2
SNOW-WHITE AND ROSE-RED,seeking,2
SNOW-WHITE AND ROSE-RED,seemed,1
SNOW-WHITE AND ROSE-RED,seen,2
SNOW-WHITE AND ROSE-RED,seized,1
SNOW-WHITE AND ROSE-RED,senseless,1
SNOW-WHITE AND ROSE-RED,sent,2
SNOW-WHITE AND ROSE-RED,settled,1
SNOW-WHITE AND ROSE-RED,share,1
SNOW-WHITE AND ROSE-RED,she,9
SNOW-WHITE AND ROSE-RED,shelter,1
SNOW-WHITE AND ROSE-RED,shining,2
SNOW-WHITE AND ROSE-RED,shoes,1
SNOW-WHITE AND ROSE-RED,shone,2
SNOW-WHITE AND ROSE-RED,short,1
SNOW-WHITE AND ROSE-RED,should,1
SNOW-WHITE AND ROSE-RED,shrill,1
SNOW-WHITE AND ROSE-RED,side,1
SNOW-WHITE AND ROSE-RED,sight,1
SNOW-WHITE AND ROSE-RED,silly,1
SNOW-WHITE AND ROSE-RED,single,1
SNOW-WHITE AND ROSE-RED,sitting,3
SNOW-WHITE AND ROSE-RED,sleek,1
SNOW-WHITE AND ROSE-RED,sleeping,1
SNOW-WHITE AND ROSE-RED,slender,1
SNOW-WHITE AND ROSE-RED,slept,1
SNOW-WHITE AND ROSE-RED,slipped,1
SNOW-WHITE AND ROSE-RED,slowly,1
SNOW-WHITE AND ROSE-RED,small,1
SNOW-WHITE AND ROSE-RED,smooth,1
SNOW-WHITE AND ROSE-RED,snarled,1
SNOW-WHITE AND ROSE-RED,snow,2
SNOW-WHITE AND ROSE-RED,snowflakes,1
SNOW-WHITE AND ROSE-RED,snowwhite,19
SNOW-WHITE AND ROSE-RED,so,14
SNOW-WHITE AND ROSE-RED,soles,1
SNOW-WHITE AND ROSE-RED,some,1
SNOW-WHITE AND ROSE-RED,someone,3
SNOW-WHITE AND ROSE-RED,something,3
SNOW-WHITE AND ROSE-RED,son,1
SNOW-WHITE AND ROSE-RED,soon,5
SNOW-WHITE AND ROSE-RED,sorry,1
SNOW-WHITE AND ROSE-RED,spare,1
SNOW-WHITE AND ROSE-RED,sparkled,1
SNOW-WHITE AND ROSE-RED,speak,1
SNOW-WHITE AND ROSE-RED,spectacles,1
SNOW-WHITE AND ROSE-RED,spent,1
SNOW-WHITE AND ROSE-RED,split,1
SNOW-WHITE AND ROSE-RED,spot,1
SNOW-WHITE AND ROSE-RED,sprang,3
SNOW-WHITE AND ROSE-RED,spring,1
SNOW-WHITE AND ROSE-RED,spun,1
SNOW-WHITE AND ROSE-RED,stag,1
SNOW-WHITE AND ROSE-RED,stand,2
SNOW-WHITE AND ROSE-RED,stared,1
SNOW-WHITE AND ROSE-RED,stay,1
SNOW-WHITE AND ROSE-RED,stayed,1
SNOW-WHITE AND ROSE-RED,steal,1
SNOW-WHITE AND ROSE-RED,still,3
SNOW-WHITE AND ROSE-RED,stolen,1
SNOW-WHITE AND ROSE-RED,stone,1
SNOW-WHITE AND ROSE-RED,stones,3
SNOW-WHITE AND ROSE-RED,stood,4
SNOW-WHITE AND ROSE-RED,strength,1
SNOW-WHITE AND ROSE-RED,stretched,2
SNOW-WHITE AND ROSE-RED,strewn,1
SNOW-WHITE AND ROSE-RED,stupid,1
SNOW-WHITE AND ROSE-RED,such,2
SNOW-WHITE AND ROSE-RED,suddenly,2
SNOW-WHITE AND ROSE-RED,summer,2
SNOW-WHITE AND ROSE-RED,sun,2
SNOW-WHITE AND ROSE-RED,sure,1
SNOW-WHITE AND ROSE-RED,surely,1
SNOW-WHITE AND ROSE-RED,surprised,1
SNOW-WHITE AND ROSE-RED,swallow,1
SNOW-WHITE AND ROSE-RED,swept,1
SNOW-WHITE AND ROSE-RED,swung,1
SNOW-WHITE AND ROSE-RED,t,3
SNOW-WHITE AND ROSE-RED,take,2
SNOW-WHITE AND ROSE-RED,tangled,1
SNOW-WHITE AND ROSE-RED,teeth,1
SNOW-WHITE AND ROSE-RED,tender,1
SNOW-WHITE AND ROSE-RED,than,1
SNOW-WHITE AND ROSE-RED,that,20
SNOW-WHITE AND ROSE-RED,thawed,1
SNOW-WHITE AND ROSE-RED,the,170
SNOW-WHITE AND ROSE-RED,their,19
SNOW-WHITE AND ROSE-RED,them,17
SNOW-WHITE AND ROSE-RED,themselves,2
SNOW-WHITE AND ROSE-RED,then,9
SNOW-WHITE AND ROSE-RED,there,12
SNOW-WHITE AND ROSE-RED,these,1
SNOW-WHITE AND ROSE-RED,they,46
SNOW-WHITE AND ROSE-RED,things,1
SNOW-WHITE AND ROSE-RED,think,1
SNOW-WHITE AND ROSE-RED,thinking,1
SNOW-WHITE AND ROSE-RED,this,2
SNOW-WHITE AND ROSE-RED,thought,1
SNOW-WHITE AND ROSE-RED,thread,1
SNOW-WHITE AND ROSE-RED,through,3
SNOW-WHITE AND ROSE-RED,thus,1
SNOW-WHITE AND ROSE-RED,tied,1
SNOW-WHITE AND ROSE-RED,tight,2
SNOW-WHITE AND ROSE-RED,time,5
SNOW-WHITE AND ROSE-RED,to,48
SNOW-WHITE AND ROSE-RED,toadstool,1
SNOW-WHITE AND ROSE-RED,together,4
SNOW-WHITE AND ROSE-RED,told,1
SNOW-WHITE AND ROSE-RED,too,5
SNOW-WHITE AND ROSE-RED,took,9
SNOW-WHITE AND ROSE-RED,torn,2
SNOW-WHITE AND ROSE-RED,towards,3
SNOW-WHITE AND ROSE-RED,town,2
SNOW-WHITE AND ROSE-RED,traveller,1
SNOW-WHITE AND ROSE-RED,treasure,1
SNOW-WHITE AND ROSE-RED,treasures,3
SNOW-WHITE AND ROSE-RED,tree,6
SNOW-WHITE AND ROSE-RED,trees,1
SNOW-WHITE AND ROSE-RED,tricks,1
SNOW-WHITE AND ROSE-RED,tried,2
SNOW-WHITE AND ROSE-RED,trotted,1
SNOW-WHITE AND ROSE-RED,trotting,1
SNOW-WHITE AND ROSE-RED,trunk,1
SNOW-WHITE AND ROSE-RED,trustfully,1
SNOW-WHITE AND ROSE-RED,tugged,1
SNOW-WHITE AND ROSE-RED,two,11
SNOW-WHITE AND ROSE-RED,ugh,1
SNOW-WHITE AND ROSE-RED,unbolted,1
SNOW-WHITE AND ROSE-RED,uncouth,1
SNOW-WHITE AND ROSE-RED,under,1
SNOW-WHITE AND ROSE-RED,unluckily,1
SNOW-WHITE AND ROSE-RED,until,3
SNOW-WHITE AND ROSE-RED,up,9
SNOW-WHITE AND ROSE-RED,upon,8
SNOW-WHITE AND ROSE-RED,upper,1
SNOW-WHITE AND ROSE-RED,urgent,1
SNOW-WHITE AND ROSE-RED,used,2
SNOW-WHITE AND ROSE-RED,vain,1
SNOW-WHITE AND ROSE-RED,very,1
SNOW-WHITE AND ROSE-RED,voice,2
SNOW-WHITE AND ROSE-RED,wait,1
SNOW-WHITE AND ROSE-RED,waited,1
SNOW-WHITE AND ROSE-RED,want,3
SNOW-WHITE AND ROSE-RED,wants,1
SNOW-WHITE AND ROSE-RED,warm,1
SNOW-WHITE AND ROSE-RED,warmed,1
SNOW-WHITE AND ROSE-RED,was,43
SNOW-WHITE AND ROSE-RED,watches,1
SNOW-WHITE AND ROSE-RED,water,3
SNOW-WHITE AND ROSE-RED,way,3
SNOW-WHITE AND ROSE-RED,we,4
SNOW-WHITE AND ROSE-RED,weather,1
SNOW-WHITE AND ROSE-RED,wedge,2
SNOW-WHITE AND ROSE-RED,well,1
SNOW-WHITE AND ROSE-RED,welldeserved,1
SNOW-WHITE AND ROSE-RED,went,7
SNOW-WHITE AND ROSE-RED,were,11
SNOW-WHITE AND ROSE-RED,what,6
SNOW-WHITE AND ROSE-RED,whatever,1
SNOW-WHITE AND ROSE-RED,when,16
SNOW-WHITE AND ROSE-RED,where,2
SNOW-WHITE AND ROSE-RED,whereby,1
SNOW-WHITE AND ROSE-RED,wherein,1
SNOW-WHITE AND ROSE-RED,which,8
SNOW-WHITE AND ROSE-RED,white,5
SNOW-WHITE AND ROSE-RED,who,7
SNOW-WHITE AND ROSE-RED,whole,1
SNOW-WHITE AND ROSE-RED,why,3
SNOW-WHITE AND ROSE-RED,wicked,4
SNOW-WHITE AND ROSE-RED,widow,1
SNOW-WHITE AND ROSE-RED,will,9
SNOW-WHITE AND ROSE-RED,wind,1
SNOW-WHITE AND ROSE-RED,window,1
SNOW-WHITE AND ROSE-RED,wings,1
SNOW-WHITE AND ROSE-RED,winter,2
SNOW-WHITE AND ROSE-RED,wish,1
SNOW-WHITE AND ROSE-RED,wished,2
SNOW-WHITE AND ROSE-RED,with,20
SNOW-WHITE AND ROSE-RED,withered,1
SNOW-WHITE AND ROSE-RED,within,1
SNOW-WHITE AND ROSE-RED,without,2
SNOW-WHITE AND ROSE-RED,wood,2
SNOW-WHITE AND ROSE-RED,wooer,1
SNOW-WHITE AND ROSE-RED,word,1
SNOW-WHITE AND ROSE-RED,words,1
SNOW-WHITE AND ROSE-RED,work,1
SNOW-WHITE AND ROSE-RED,world,1
SNOW-WHITE AND ROSE-RED,worry,1
SNOW-WHITE AND ROSE-RED,would,5
SNOW-WHITE AND ROSE-RED,wreath,1
SNOW-WHITE AND ROSE-RED,yard,1
SNOW-WHITE AND ROSE-RED,year,1
SNOW-WHITE AND ROSE-RED,years,1
SNOW-WHITE AND ROSE-RED,you,35
SNOW-WHITE AND ROSE-RED,young,1
SNOW-WHITE AND ROSE-RED,your,4
SNOWDROP,a,23
SNOWDROP,about,1
SNOWDROP,afraid,2
SNOWDROP,after,1
SNOWDROP,again,2
SNOWDROP,ailed,1
SNOWDROP,air,1
SNOWDROP,alive,1
SNOWDROP,all,22
SNOWDROP,along,1
SNOWDROP,always,3
SNOWDROP,am,1
SNOWDROP,among,4
SNOWDROP,an,4
SNOWDROP,and,162
SNOWDROP,another,4
SNOWDROP,answer,1
SNOWDROP,answered,5
SNOWDROP,any,4
SNOWDROP,anyone,5
SNOWDROP,apple,5
SNOWDROP,are,4
SNOWDROP,around,1
SNOWDROP,art,7
SNOWDROP,as,38
SNOWDROP,asked,1
SNOWDROP,asleep,1
SNOWDROP,astonishment,1
SNOWDROP,at,17
SNOWDROP,away,6
SNOWDROP,awoke,1
SNOWDROP,badly,1
SNOWDROP,be,6
SNOWDROP,bear,2
SNOWDROP,beasts,2
SNOWDROP,beauteous,1
SNOWDROP,beautiful,4
SNOWDROP,beauty,1
SNOWDROP,became,1
SNOWDROP,bed,2
SNOWDROP,beds,2
SNOWDROP,been,11
SNOWDROP,before,4
SNOWDROP,began,1
SNOWDROP,begged,1
SNOWDROP,believed,1
SNOWDROP,bemoaned,1
SNOWDROP,besought,1
SNOWDROP,betrayed,1
SNOWDROP,better,1
SNOWDROP,between,1
SNOWDROP,bewailed,1
SNOWDROP,bier,1
SNOWDROP,birds,1
SNOWDROP,black,4
SNOWDROP,bless,1
SNOWDROP,blood,5
SNOWDROP,bobbins,1
SNOWDROP,body,1
SNOWDROP,bread,1
SNOWDROP,breath,2
SNOWDROP,breathe,1
SNOWDROP,brethren,1
SNOWDROP,bride,1
SNOWDROP,bright,1
SNOWDROP,broad,1
SNOWDROP,brought,1
SNOWDROP,bury,2
SNOWDROP,but,30
SNOWDROP,by,8
SNOWDROP,called,4
SNOWDROP,came,11
SNOWDROP,care,4
SNOWDROP,carry,2
SNOWDROP,chamber,1
SNOWDROP,chance,1
SNOWDROP,cheeks,2
SNOWDROP,child,2
SNOWDROP,choked,1
SNOWDROP,cloth,1
SNOWDROP,clothes,1
SNOWDROP,coffin,3
SNOWDROP,cold,2
SNOWDROP,colours,1
SNOWDROP,comb,2
SNOWDROP,combed,1
SNOWDROP,combs,1
SNOWDROP,come,3
SNOWDROP,consented,1
SNOWDROP,cook,1
SNOWDROP,cost,1
SNOWDROP,cottage,5
SNOWDROP,could,6
SNOWDROP,country,1
SNOWDROP,cried,4
SNOWDROP,curiosity,1
SNOWDROP,cut,1
SNOWDROP,cutting,1
SNOWDROP,dare,3
SNOWDROP,daughter,2
SNOWDROP,day,4
SNOWDROP,days,1
SNOWDROP,dead,7
SNOWDROP,did,4
SNOWDROP,die,2
SNOWDROP,died,2
SNOWDROP,do,3
SNOWDROP,door,5
SNOWDROP,dove,1
SNOWDROP,down,8
SNOWDROP,drank,1
SNOWDROP,dream,1
SNOWDROP,dress,1
SNOWDROP,dressed,3
SNOWDROP,dressing,1
SNOWDROP,drinking,1
SNOWDROP,drops,2
SNOWDROP,dug,1
SNOWDROP,dwarf,1
SNOWDROP,dwarfs,15
SNOWDROP,dwelling,2
SNOWDROP,dwelt,1
SNOWDROP,each,3
SNOWDROP,early,1
SNOWDROP,eat,3
SNOWDROP,eating,1
SNOWDROP,ebony,4
SNOWDROP,end,1
SNOWDROP,enemy,1
SNOWDROP,envy,2
SNOWDROP,even,1
SNOWDROP,evening,4
SNOWDROP,everyone,1
SNOWDROP,everything,2
SNOWDROP,face,2
SNOWDROP,fair,2
SNOWDROP,fairer,1
SNOWDROP,fairest,7
SNOWDROP,fairy,1
SNOWDROP,faithful,1
SNOWDROP,falling,1
SNOWDROP,far,5
SNOWDROP,fate,1
SNOWDROP,father,1
SNOWDROP,fear,1
SNOWDROP,feast,1
SNOWDROP,feet,1
SNOWDROP,fell,6
SNOWDROP,felt,1
SNOWDROP,fifth,1
SNOWDROP,find,1
SNOWDROP,finding,1
SNOWDROP,fine,5
SNOWDROP,finger,1
SNOWDROP,first,3
SNOWDROP,flakes,1
SNOWDROP,for,12
SNOWDROP,fork,1
SNOWDROP,forks,1
SNOWDROP,found,3
SNOWDROP,fourth,1
SNOWDROP,frame,1
SNOWDROP,frightened,1
SNOWDROP,from,3
SNOWDROP,further,1
SNOWDROP,gave,2
SNOWDROP,gaze,1
SNOWDROP,gazed,1
SNOWDROP,girl,3
SNOWDROP,give,1
SNOWDROP,glad,2
SNOWDROP,glass,15
SNOWDROP,glasses,1
SNOWDROP,go,1
SNOWDROP,gold,3
SNOWDROP,golden,2
SNOWDROP,gone,2
SNOWDROP,good,8
SNOWDROP,got,5
SNOWDROP,great,5
SNOWDROP,greenwood,2
SNOWDROP,grew,1
SNOWDROP,grief,1
SNOWDROP,grieved,1
SNOWDROP,ground,5
SNOWDROP,grow,1
SNOWDROP,had,13
SNOWDROP,hair,3
SNOWDROP,handling,1
SNOWDROP,handsomer,1
SNOWDROP,handsomest,1
SNOWDROP,happened,2
SNOWDROP,happily,1
SNOWDROP,happy,1
SNOWDROP,harm,1
SNOWDROP,has,8
SNOWDROP,have,4
SNOWDROP,he,9
SNOWDROP,head,4
SNOWDROP,heard,2
SNOWDROP,heart,5
SNOWDROP,heavens,1
SNOWDROP,help,1
SNOWDROP,her,69
SNOWDROP,here,1
SNOWDROP,herself,10
SNOWDROP,hiding,2
SNOWDROP,hills,6
SNOWDROP,him,6
SNOWDROP,his,5
SNOWDROP,home,9
SNOWDROP,hour,1
SNOWDROP,house,1
SNOWDROP,how,2
SNOWDROP,however,2
SNOWDROP,hungry,1
SNOWDROP,hurt,1
SNOWDROP,i,12
SNOWDROP,if,5
SNOWDROP,in,41
SNOWDROP,into,5
SNOWDROP,is,11
SNOWDROP,it,25
SNOWDROP,just,1
SNOWDROP,keep,1
SNOWDROP,kill,1
SNOWDROP,kind,1
SNOWDROP,king,2
SNOWDROP,knew,1
SNOWDROP,knife,1
SNOWDROP,knit,1
SNOWDROP,knives,1
SNOWDROP,knocked,3
SNOWDROP,lace,3
SNOWDROP,laced,1
SNOWDROP,laces,2
SNOWDROP,ladies,3
SNOWDROP,lady,3
SNOWDROP,laid,3
SNOWDROP,lamps,2
SNOWDROP,land,8
SNOWDROP,last,5
SNOWDROP,lay,1
SNOWDROP,leave,1
SNOWDROP,led,1
SNOWDROP,left,2
SNOWDROP,let,7
SNOWDROP,letters,2
SNOWDROP,lie,2
SNOWDROP,life,3
SNOWDROP,lifted,3
SNOWDROP,lighted,1
SNOWDROP,likely,1
SNOWDROP,lips,2
SNOWDROP,little,14
SNOWDROP,lived,4
SNOWDROP,loaf,1
SNOWDROP,loaves,1
SNOWDROP,long,5
SNOWDROP,longer,1
SNOWDROP,look,4
SNOWDROP,looked,8
SNOWDROP,looking,1
SNOWDROP,lookingglass,1
SNOWDROP,love,1
SNOWDROP,lovelier,4
SNOWDROP,loveliest,1
SNOWDROP,lovely,1
SNOWDROP,luck,1
SNOWDROP,lying,3
SNOWDROP,made,6
SNOWDROP,malice,1
SNOWDROP,many,3
SNOWDROP,married,1
SNOWDROP,masters,1
SNOWDROP,may,3
SNOWDROP,me,15
SNOWDROP,meantime,1
SNOWDROP,meddling,1
SNOWDROP,melted,1
SNOWDROP,middle,1
SNOWDROP,might,2
SNOWDROP,miles,1
SNOWDROP,mind,1
SNOWDROP,mischief,1
SNOWDROP,moment,2
SNOWDROP,money,1
SNOWDROP,more,5
SNOWDROP,morning,1
SNOWDROP,most,1
SNOWDROP,mountains,3
SNOWDROP,mouth,1
SNOWDROP,much,2
SNOWDROP,must,1
SNOWDROP,my,14
SNOWDROP,name,1
SNOWDROP,neat,1
SNOWDROP,need,2
SNOWDROP,never,2
SNOWDROP,new,1
SNOWDROP,newmade,1
SNOWDROP,nice,2
SNOWDROP,night,1
SNOWDROP,nimbly,1
SNOWDROP,no,7
SNOWDROP,none,1
SNOWDROP,not,15
SNOWDROP,nothing,1
SNOWDROP,now,4
SNOWDROP,o,2
SNOWDROP,of,29
SNOWDROP,off,3
SNOWDROP,offered,1
SNOWDROP,old,9
SNOWDROP,on,6
SNOWDROP,once,2
SNOWDROP,one,11
SNOWDROP,only,2
SNOWDROP,open,1
SNOWDROP,order,2
SNOWDROP,other,5
SNOWDROP,out,10
SNOWDROP,outside,1
SNOWDROP,over,5
SNOWDROP,owl,1
SNOWDROP,paid,1
SNOWDROP,palace,1
SNOWDROP,pale,1
SNOWDROP,part,2
SNOWDROP,passed,1
SNOWDROP,peasant,1
SNOWDROP,pedlar,1
SNOWDROP,picked,1
SNOWDROP,picking,1
SNOWDROP,piece,3
SNOWDROP,pieces,1
SNOWDROP,pitied,1
SNOWDROP,pity,1
SNOWDROP,place,1
SNOWDROP,plate,1
SNOWDROP,plates,1
SNOWDROP,please,1
SNOWDROP,poison,1
SNOWDROP,poisoned,6
SNOWDROP,pomp,1
SNOWDROP,poor,1
SNOWDROP,powerful,1
SNOWDROP,prayed,1
SNOWDROP,pretty,3
SNOWDROP,pricked,1
SNOWDROP,prince,4
SNOWDROP,pulled,1
SNOWDROP,put,3
SNOWDROP,queen,24
SNOWDROP,quite,5
SNOWDROP,rage,4
SNOWDROP,ran,2
SNOWDROP,rate,1
SNOWDROP,raven,1
SNOWDROP,reached,1
SNOWDROP,read,2
SNOWDROP,ready,2
SNOWDROP,really,1
SNOWDROP,red,3
SNOWDROP,reigned,1
SNOWDROP,rest,4
SNOWDROP,rich,1
SNOWDROP,right,1
SNOWDROP,roared,1
SNOWDROP,rosy,3
SNOWDROP,round,1
SNOWDROP,running,1
SNOWDROP,s,6
SNOWDROP,safe,1
SNOWDROP,said,30
SNOWDROP,same,1
SNOWDROP,sat,4
SNOWDROP,save,1
SNOWDROP,saving,1
SNOWDROP,saw,6
SNOWDROP,say,2
SNOWDROP,scarcely,1
SNOWDROP,searched,1
SNOWDROP,second,1
SNOWDROP,see,7
SNOWDROP,seeking,1
SNOWDROP,seemed,1
SNOWDROP,seems,1
SNOWDROP,sell,3
SNOWDROP,senseless,1
SNOWDROP,servant,2
SNOWDROP,servants,1
SNOWDROP,set,2
SNOWDROP,setting,1
SNOWDROP,seven,12
SNOWDROP,seventh,4
SNOWDROP,shade,2
SNOWDROP,shall,2
SNOWDROP,she,74
SNOWDROP,shook,1
SNOWDROP,short,1
SNOWDROP,side,3
SNOWDROP,silly,1
SNOWDROP,silver,1
SNOWDROP,sitting,1
SNOWDROP,sixth,1
SNOWDROP,skin,1
SNOWDROP,sleep,1
SNOWDROP,slept,1
SNOWDROP,snow,6
SNOWDROP,snowdrop,34
SNOWDROP,so,20
SNOWDROP,somebody,1
SNOWDROP,someone,1
SNOWDROP,sometimes,1
SNOWDROP,soon,4
SNOWDROP,sort,1
SNOWDROP,spare,1
SNOWDROP,spin,1
SNOWDROP,spite,1
SNOWDROP,spiteful,1
SNOWDROP,splendour,1
SNOWDROP,spoke,2
SNOWDROP,spoon,1
SNOWDROP,spread,1
SNOWDROP,sprinkled,1
SNOWDROP,spruce,1
SNOWDROP,started,1
SNOWDROP,stay,1
SNOWDROP,stays,1
SNOWDROP,still,5
SNOWDROP,stood,2
SNOWDROP,stool,1
SNOWDROP,stopped,1
SNOWDROP,story,1
SNOWDROP,straight,1
SNOWDROP,stretched,1
SNOWDROP,such,1
SNOWDROP,suited,1
SNOWDROP,sure,2
SNOWDROP,table,1
SNOWDROP,take,7
SNOWDROP,taken,1
SNOWDROP,taste,1
SNOWDROP,tasted,1
SNOWDROP,tear,1
SNOWDROP,tell,9
SNOWDROP,tempted,1
SNOWDROP,tempting,1
SNOWDROP,than,8
SNOWDROP,that,32
SNOWDROP,the,152
SNOWDROP,thee,4
SNOWDROP,their,7
SNOWDROP,them,6
SNOWDROP,then,19
SNOWDROP,there,7
SNOWDROP,they,29
SNOWDROP,things,1
SNOWDROP,think,3
SNOWDROP,third,1
SNOWDROP,this,8
SNOWDROP,thou,8
SNOWDROP,though,3
SNOWDROP,thought,7
SNOWDROP,thoughtfully,1
SNOWDROP,thousand,1
SNOWDROP,three,2
SNOWDROP,through,1
SNOWDROP,thus,1
SNOWDROP,thy,1
SNOWDROP,tight,1
SNOWDROP,till,2
SNOWDROP,time,5
SNOWDROP,to,50
SNOWDROP,told,4
SNOWDROP,too,3
SNOWDROP,took,4
SNOWDROP,touched,1
SNOWDROP,travelled,1
SNOWDROP,tried,1
SNOWDROP,true,3
SNOWDROP,truth,1
SNOWDROP,try,1
SNOWDROP,turn,1
SNOWDROP,turned,1
SNOWDROP,unbolted,1
SNOWDROP,up,13
SNOWDROP,upon,9
SNOWDROP,used,1
SNOWDROP,usual,1
SNOWDROP,vain,2
SNOWDROP,very,11
SNOWDROP,visit,1
SNOWDROP,wait,1
SNOWDROP,wake,1
SNOWDROP,wall,1
SNOWDROP,wandered,1
SNOWDROP,wares,4
SNOWDROP,warned,2
SNOWDROP,was,45
SNOWDROP,wash,1
SNOWDROP,washed,1
SNOWDROP,watched,2
SNOWDROP,water,1
SNOWDROP,way,2
SNOWDROP,we,3
SNOWDROP,wedding,1
SNOWDROP,ween,1
SNOWDROP,weight,1
SNOWDROP,well,1
SNOWDROP,went,14
SNOWDROP,were,10
SNOWDROP,what,7
SNOWDROP,when,18
SNOWDROP,where,6
SNOWDROP,which,1
SNOWDROP,while,2
SNOWDROP,white,5
SNOWDROP,who,18
SNOWDROP,whoever,1
SNOWDROP,whole,1
SNOWDROP,wicked,1
SNOWDROP,wide,1
SNOWDROP,wife,3
SNOWDROP,wild,2
SNOWDROP,will,8
SNOWDROP,window,4
SNOWDROP,windowframe,1
SNOWDROP,wine,4
SNOWDROP,winter,1
SNOWDROP,with,20
SNOWDROP,woman,6
SNOWDROP,wonder,1
SNOWDROP,wood,2
SNOWDROP,wore,1
SNOWDROP,work,2
SNOWDROP,working,1
SNOWDROP,world,2
SNOWDROP,would,8
SNOWDROP,written,1
SNOWDROP,wrote,1
SNOWDROP,years,2
SNOWDROP,you,12
SNOWDROP,your,1
SWEETHEART ROLAND,a,24
SWEETHEART ROLAND,according,1
SWEETHEART ROLAND,admitted,1
SWEETHEART ROLAND,advice,1
SWEETHEART ROLAND,afraid,1
SWEETHEART ROLAND,again,4
SWEETHEART ROLAND,ah,1
SWEETHEART ROLAND,all,6
SWEETHEART ROLAND,already,1
SWEETHEART ROLAND,although,1
SWEETHEART ROLAND,am,3
SWEETHEART ROLAND,an,5
SWEETHEART ROLAND,and,76
SWEETHEART ROLAND,announced,1
SWEETHEART ROLAND,another,1
SWEETHEART ROLAND,answered,2
SWEETHEART ROLAND,anyone,1
SWEETHEART ROLAND,anything,2
SWEETHEART ROLAND,apron,3
SWEETHEART ROLAND,are,4
SWEETHEART ROLAND,arose,1
SWEETHEART ROLAND,arrange,1
SWEETHEART ROLAND,as,11
SWEETHEART ROLAND,asked,2
SWEETHEART ROLAND,asleep,2
SWEETHEART ROLAND,at,14
SWEETHEART ROLAND,attendance,1
SWEETHEART ROLAND,attended,1
SWEETHEART ROLAND,away,7
SWEETHEART ROLAND,axe,2
SWEETHEART ROLAND,back,2
SWEETHEART ROLAND,bade,1
SWEETHEART ROLAND,bathed,1
SWEETHEART ROLAND,be,7
SWEETHEART ROLAND,beautiful,4
SWEETHEART ROLAND,became,1
SWEETHEART ROLAND,because,2
SWEETHEART ROLAND,bed,5
SWEETHEART ROLAND,bedtime,1
SWEETHEART ROLAND,been,3
SWEETHEART ROLAND,befell,1
SWEETHEART ROLAND,before,3
SWEETHEART ROLAND,began,3
SWEETHEART ROLAND,behind,1
SWEETHEART ROLAND,being,1
SWEETHEART ROLAND,beloved,1
SWEETHEART ROLAND,benches,1
SWEETHEART ROLAND,bled,1
SWEETHEART ROLAND,blood,5
SWEETHEART ROLAND,body,1
SWEETHEART ROLAND,boots,1
SWEETHEART ROLAND,both,1
SWEETHEART ROLAND,breadcrumbs,1
SWEETHEART ROLAND,break,1
SWEETHEART ROLAND,briar,1
SWEETHEART ROLAND,bridal,1
SWEETHEART ROLAND,bride,1
SWEETHEART ROLAND,but,14
SWEETHEART ROLAND,by,1
SWEETHEART ROLAND,called,2
SWEETHEART ROLAND,came,9
SWEETHEART ROLAND,can,1
SWEETHEART ROLAND,careful,1
SWEETHEART ROLAND,celebrated,1
SWEETHEART ROLAND,certainly,1
SWEETHEART ROLAND,change,1
SWEETHEART ROLAND,changed,3
SWEETHEART ROLAND,chest,2
SWEETHEART ROLAND,child,4
SWEETHEART ROLAND,cleaned,1
SWEETHEART ROLAND,close,1
SWEETHEART ROLAND,cloth,2
SWEETHEART ROLAND,clothes,1
SWEETHEART ROLAND,come,7
SWEETHEART ROLAND,comes,1
SWEETHEART ROLAND,concealed,1
SWEETHEART ROLAND,conceive,1
SWEETHEART ROLAND,continue,1
SWEETHEART ROLAND,corner,1
SWEETHEART ROLAND,could,4
SWEETHEART ROLAND,counsel,1
SWEETHEART ROLAND,country,1
SWEETHEART ROLAND,covered,1
SWEETHEART ROLAND,creeping,2
SWEETHEART ROLAND,cried,7
SWEETHEART ROLAND,custom,1
SWEETHEART ROLAND,cut,3
SWEETHEART ROLAND,dance,3
SWEETHEART ROLAND,dared,1
SWEETHEART ROLAND,daughter,3
SWEETHEART ROLAND,daughters,1
SWEETHEART ROLAND,dawned,1
SWEETHEART ROLAND,day,2
SWEETHEART ROLAND,daybreak,1
SWEETHEART ROLAND,daylight,1
SWEETHEART ROLAND,dead,2
SWEETHEART ROLAND,dear,1
SWEETHEART ROLAND,dearest,1
SWEETHEART ROLAND,death,1
SWEETHEART ROLAND,deserted,1
SWEETHEART ROLAND,deserved,1
SWEETHEART ROLAND,did,6
SWEETHEART ROLAND,dinner,1
SWEETHEART ROLAND,do,1
SWEETHEART ROLAND,done,2
SWEETHEART ROLAND,door,1
SWEETHEART ROLAND,doors,1
SWEETHEART ROLAND,down,1
SWEETHEART ROLAND,drew,1
SWEETHEART ROLAND,drop,3
SWEETHEART ROLAND,dropped,1
SWEETHEART ROLAND,drops,1
SWEETHEART ROLAND,duck,3
SWEETHEART ROLAND,early,1
SWEETHEART ROLAND,ears,1
SWEETHEART ROLAND,enchantment,1
SWEETHEART ROLAND,end,2
SWEETHEART ROLAND,endless,1
SWEETHEART ROLAND,entice,1
SWEETHEART ROLAND,enticed,1
SWEETHEART ROLAND,envious,1
SWEETHEART ROLAND,escape,2
SWEETHEART ROLAND,even,1
SWEETHEART ROLAND,every,1
SWEETHEART ROLAND,everything,2
SWEETHEART ROLAND,faithful,3
SWEETHEART ROLAND,fancied,1
SWEETHEART ROLAND,far,3
SWEETHEART ROLAND,fascinated,1
SWEETHEART ROLAND,faster,1
SWEETHEART ROLAND,father,1
SWEETHEART ROLAND,fell,2
SWEETHEART ROLAND,felt,1
SWEETHEART ROLAND,fetched,2
SWEETHEART ROLAND,fiddler,1
SWEETHEART ROLAND,field,2
SWEETHEART ROLAND,fire,1
SWEETHEART ROLAND,first,3
SWEETHEART ROLAND,flower,8
SWEETHEART ROLAND,fly,1
SWEETHEART ROLAND,for,10
SWEETHEART ROLAND,forced,2
SWEETHEART ROLAND,forgot,1
SWEETHEART ROLAND,forgotten,1
SWEETHEART ROLAND,forth,2
SWEETHEART ROLAND,found,1
SWEETHEART ROLAND,free,1
SWEETHEART ROLAND,from,3
SWEETHEART ROLAND,front,3
SWEETHEART ROLAND,gently,1
SWEETHEART ROLAND,girl,9
SWEETHEART ROLAND,girls,2
SWEETHEART ROLAND,give,1
SWEETHEART ROLAND,go,5
SWEETHEART ROLAND,going,1
SWEETHEART ROLAND,gone,1
SWEETHEART ROLAND,good,3
SWEETHEART ROLAND,got,5
SWEETHEART ROLAND,grasped,1
SWEETHEART ROLAND,grew,1
SWEETHEART ROLAND,grief,1
SWEETHEART ROLAND,ground,2
SWEETHEART ROLAND,had,15
SWEETHEART ROLAND,hand,1
SWEETHEART ROLAND,hands,1
SWEETHEART ROLAND,happened,1
SWEETHEART ROLAND,has,3
SWEETHEART ROLAND,haste,1
SWEETHEART ROLAND,hastily,1
SWEETHEART ROLAND,hated,1
SWEETHEART ROLAND,have,6
SWEETHEART ROLAND,he,21
SWEETHEART ROLAND,head,4
SWEETHEART ROLAND,heard,2
SWEETHEART ROLAND,heart,2
SWEETHEART ROLAND,hearth,1
SWEETHEART ROLAND,hedge,2
SWEETHEART ROLAND,held,2
SWEETHEART ROLAND,help,1
SWEETHEART ROLAND,her,41
SWEETHEART ROLAND,here,4
SWEETHEART ROLAND,herself,6
SWEETHEART ROLAND,him,9
SWEETHEART ROLAND,himself,1
SWEETHEART ROLAND,his,7
SWEETHEART ROLAND,home,4
SWEETHEART ROLAND,honour,1
SWEETHEART ROLAND,hour,1
SWEETHEART ROLAND,house,3
SWEETHEART ROLAND,housekeeping,1
SWEETHEART ROLAND,how,1
SWEETHEART ROLAND,however,2
SWEETHEART ROLAND,human,1
SWEETHEART ROLAND,hurried,1
SWEETHEART ROLAND,hurrying,1
SWEETHEART ROLAND,i,12
SWEETHEART ROLAND,if,7
SWEETHEART ROLAND,in,26
SWEETHEART ROLAND,instantly,1
SWEETHEART ROLAND,into,13
SWEETHEART ROLAND,is,5
SWEETHEART ROLAND,it,22
SWEETHEART ROLAND,joy,1
SWEETHEART ROLAND,just,3
SWEETHEART ROLAND,keeping,1
SWEETHEART ROLAND,kept,1
SWEETHEART ROLAND,kill,1
SWEETHEART ROLAND,kitchen,3
SWEETHEART ROLAND,knocked,1
SWEETHEART ROLAND,know,1
SWEETHEART ROLAND,knowing,1
SWEETHEART ROLAND,laid,2
SWEETHEART ROLAND,lake,1
SWEETHEART ROLAND,landmark,2
SWEETHEART ROLAND,last,2
SWEETHEART ROLAND,lay,1
SWEETHEART ROLAND,left,2
SWEETHEART ROLAND,length,1
SWEETHEART ROLAND,let,1
SWEETHEART ROLAND,lie,1
SWEETHEART ROLAND,lighted,1
SWEETHEART ROLAND,like,1
SWEETHEART ROLAND,listen,2
SWEETHEART ROLAND,long,6
SWEETHEART ROLAND,look,1
SWEETHEART ROLAND,lost,1
SWEETHEART ROLAND,loved,1
SWEETHEART ROLAND,lover,1
SWEETHEART ROLAND,lying,1
SWEETHEART ROLAND,magic,4
SWEETHEART ROLAND,magical,1
SWEETHEART ROLAND,maiden,5
SWEETHEART ROLAND,make,1
SWEETHEART ROLAND,manyleague,1
SWEETHEART ROLAND,marry,1
SWEETHEART ROLAND,matter,1
SWEETHEART ROLAND,may,2
SWEETHEART ROLAND,me,4
SWEETHEART ROLAND,meantime,1
SWEETHEART ROLAND,middle,1
SWEETHEART ROLAND,midst,1
SWEETHEART ROLAND,mind,1
SWEETHEART ROLAND,more,1
SWEETHEART ROLAND,morning,4
SWEETHEART ROLAND,mother,1
SWEETHEART ROLAND,moving,1
SWEETHEART ROLAND,much,1
SWEETHEART ROLAND,musician,2
SWEETHEART ROLAND,must,2
SWEETHEART ROLAND,my,3
SWEETHEART ROLAND,myself,3
SWEETHEART ROLAND,natural,1
SWEETHEART ROLAND,near,1
SWEETHEART ROLAND,never,1
SWEETHEART ROLAND,nevertheless,1
SWEETHEART ROLAND,next,2
SWEETHEART ROLAND,night,3
SWEETHEART ROLAND,no,7
SWEETHEART ROLAND,noon,1
SWEETHEART ROLAND,not,16
SWEETHEART ROLAND,now,3
SWEETHEART ROLAND,of,12
SWEETHEART ROLAND,off,4
SWEETHEART ROLAND,oh,1
SWEETHEART ROLAND,old,7
SWEETHEART ROLAND,on,8
SWEETHEART ROLAND,once,2
SWEETHEART ROLAND,one,12
SWEETHEART ROLAND,only,2
SWEETHEART ROLAND,open,1
SWEETHEART ROLAND,or,2
SWEETHEART ROLAND,other,4
SWEETHEART ROLAND,out,4
SWEETHEART ROLAND,outside,1
SWEETHEART ROLAND,over,3
SWEETHEART ROLAND,overtook,1
SWEETHEART ROLAND,own,4
SWEETHEART ROLAND,pair,1
SWEETHEART ROLAND,pass,1
SWEETHEART ROLAND,passion,1
SWEETHEART ROLAND,perceived,1
SWEETHEART ROLAND,perfectly,1
SWEETHEART ROLAND,place,1
SWEETHEART ROLAND,placed,1
SWEETHEART ROLAND,play,2
SWEETHEART ROLAND,played,1
SWEETHEART ROLAND,pleased,2
SWEETHEART ROLAND,pluck,2
SWEETHEART ROLAND,plucked,1
SWEETHEART ROLAND,poor,2
SWEETHEART ROLAND,present,1
SWEETHEART ROLAND,pretty,2
SWEETHEART ROLAND,pricked,1
SWEETHEART ROLAND,promised,1
SWEETHEART ROLAND,pursues,1
SWEETHEART ROLAND,push,1
SWEETHEART ROLAND,pushed,1
SWEETHEART ROLAND,put,1
SWEETHEART ROLAND,quiet,1
SWEETHEART ROLAND,quite,1
SWEETHEART ROLAND,reached,1
SWEETHEART ROLAND,real,1
SWEETHEART ROLAND,recognize,1
SWEETHEART ROLAND,red,2
SWEETHEART ROLAND,refuse,1
SWEETHEART ROLAND,remain,1
SWEETHEART ROLAND,remained,1
SWEETHEART ROLAND,replied,1
SWEETHEART ROLAND,resumed,1
SWEETHEART ROLAND,return,1
SWEETHEART ROLAND,right,1
SWEETHEART ROLAND,roland,14
SWEETHEART ROLAND,room,3
SWEETHEART ROLAND,s,7
SWEETHEART ROLAND,sad,2
SWEETHEART ROLAND,said,7
SWEETHEART ROLAND,saw,5
SWEETHEART ROLAND,second,1
SWEETHEART ROLAND,see,3
SWEETHEART ROLAND,sees,1
SWEETHEART ROLAND,served,1
SWEETHEART ROLAND,set,1
SWEETHEART ROLAND,shall,4
SWEETHEART ROLAND,shapes,1
SWEETHEART ROLAND,she,58
SWEETHEART ROLAND,sheep,1
SWEETHEART ROLAND,shepherd,4
SWEETHEART ROLAND,shore,1
SWEETHEART ROLAND,side,2
SWEETHEART ROLAND,sing,2
SWEETHEART ROLAND,sleeping,1
SWEETHEART ROLAND,snares,1
SWEETHEART ROLAND,so,6
SWEETHEART ROLAND,some,2
SWEETHEART ROLAND,someone,1
SWEETHEART ROLAND,song,1
SWEETHEART ROLAND,sprang,3
SWEETHEART ROLAND,springs,1
SWEETHEART ROLAND,stairs,3
SWEETHEART ROLAND,standing,1
SWEETHEART ROLAND,stay,1
SWEETHEART ROLAND,step,1
SWEETHEART ROLAND,stepdaughter,3
SWEETHEART ROLAND,stepmother,1
SWEETHEART ROLAND,stepped,1
SWEETHEART ROLAND,stepsister,1
SWEETHEART ROLAND,still,2
SWEETHEART ROLAND,stone,1
SWEETHEART ROLAND,stood,3
SWEETHEART ROLAND,stop,1
SWEETHEART ROLAND,stopped,1
SWEETHEART ROLAND,story,1
SWEETHEART ROLAND,strange,1
SWEETHEART ROLAND,striding,2
SWEETHEART ROLAND,struck,1
SWEETHEART ROLAND,suddenly,1
SWEETHEART ROLAND,surely,1
SWEETHEART ROLAND,sweeping,1
SWEETHEART ROLAND,sweetheart,7
SWEETHEART ROLAND,swept,1
SWEETHEART ROLAND,swiftly,1
SWEETHEART ROLAND,swimming,1
SWEETHEART ROLAND,table,2
SWEETHEART ROLAND,take,1
SWEETHEART ROLAND,that,16
SWEETHEART ROLAND,the,102
SWEETHEART ROLAND,their,1
SWEETHEART ROLAND,them,2
SWEETHEART ROLAND,then,12
SWEETHEART ROLAND,there,4
SWEETHEART ROLAND,they,2
SWEETHEART ROLAND,things,1
SWEETHEART ROLAND,third,1
SWEETHEART ROLAND,this,8
SWEETHEART ROLAND,thither,1
SWEETHEART ROLAND,thorns,1
SWEETHEART ROLAND,thought,2
SWEETHEART ROLAND,three,1
SWEETHEART ROLAND,threw,2
SWEETHEART ROLAND,throw,1
SWEETHEART ROLAND,till,2
SWEETHEART ROLAND,time,5
SWEETHEART ROLAND,to,39
SWEETHEART ROLAND,told,2
SWEETHEART ROLAND,tonight,1
SWEETHEART ROLAND,took,4
SWEETHEART ROLAND,tore,1
SWEETHEART ROLAND,towards,3
SWEETHEART ROLAND,trample,1
SWEETHEART ROLAND,transformation,1
SWEETHEART ROLAND,trouble,1
SWEETHEART ROLAND,true,1
SWEETHEART ROLAND,turn,1
SWEETHEART ROLAND,two,1
SWEETHEART ROLAND,ugly,1
SWEETHEART ROLAND,until,2
SWEETHEART ROLAND,up,5
SWEETHEART ROLAND,upon,1
SWEETHEART ROLAND,us,1
SWEETHEART ROLAND,vanished,1
SWEETHEART ROLAND,very,1
SWEETHEART ROLAND,violent,1
SWEETHEART ROLAND,voice,1
SWEETHEART ROLAND,wait,1
SWEETHEART ROLAND,waited,1
SWEETHEART ROLAND,walk,1
SWEETHEART ROLAND,walked,1
SWEETHEART ROLAND,wall,1
SWEETHEART ROLAND,wand,3
SWEETHEART ROLAND,wanted,3
SWEETHEART ROLAND,warming,1
SWEETHEART ROLAND,was,26
SWEETHEART ROLAND,water,1
SWEETHEART ROLAND,way,2
SWEETHEART ROLAND,we,3
SWEETHEART ROLAND,wedding,3
SWEETHEART ROLAND,well,2
SWEETHEART ROLAND,went,7
SWEETHEART ROLAND,were,3
SWEETHEART ROLAND,what,3
SWEETHEART ROLAND,when,15
SWEETHEART ROLAND,where,3
SWEETHEART ROLAND,whether,1
SWEETHEART ROLAND,which,4
SWEETHEART ROLAND,while,1
SWEETHEART ROLAND,white,2
SWEETHEART ROLAND,who,5
SWEETHEART ROLAND,whole,1
SWEETHEART ROLAND,whose,1
SWEETHEART ROLAND,wicked,1
SWEETHEART ROLAND,will,8
SWEETHEART ROLAND,window,1
SWEETHEART ROLAND,wise,2
SWEETHEART ROLAND,witch,7
SWEETHEART ROLAND,with,9
SWEETHEART ROLAND,woman,8
SWEETHEART ROLAND,work,1
SWEETHEART ROLAND,world,1
SWEETHEART ROLAND,would,6
SWEETHEART ROLAND,wounded,1
SWEETHEART ROLAND,yes,1
SWEETHEART ROLAND,you,13
SWEETHEART ROLAND,your,1
THE ADVENTURES OF CHANTICLEER AND PARTLET,1,1
THE ADVENTURES OF CHANTICLEER AND PARTLET,2,1
THE ADVENTURES OF CHANTICLEER AND PARTLET,3,1
THE ADVENTURES OF CHANTICLEER AND PARTLET,a,42
THE ADVENTURES OF CHANTICLEER AND PARTLET,able,1
THE ADVENTURES OF CHANTICLEER AND PARTLET,about,2
THE ADVENTURES OF CHANTICLEER AND PARTLET,across,3
THE ADVENTURES OF CHANTICLEER AND PARTLET,after,3
THE ADVENTURES OF CHANTICLEER AND PARTLET,afterwards,2
THE ADVENTURES OF CHANTICLEER AND PARTLET,again,2
THE ADVENTURES OF CHANTICLEER AND PARTLET,against,1
THE ADVENTURES OF CHANTICLEER AND PARTLET,agreed,2
THE ADVENTURES OF CHANTICLEER AND PARTLET,air,1
THE ADVENTURES OF CHANTICLEER AND PARTLET,all,18
THE ADVENTURES OF CHANTICLEER AND PARTLET,almost,1
THE ADVENTURES OF CHANTICLEER AND PARTLET,alone,1
THE ADVENTURES OF CHANTICLEER AND PARTLET,along,2
THE ADVENTURES OF CHANTICLEER AND PARTLET,am,1
THE ADVENTURES OF CHANTICLEER AND PARTLET,an,3
THE ADVENTURES OF CHANTICLEER AND PARTLET,and,116
THE ADVENTURES OF CHANTICLEER AND PARTLET,angry,1
THE ADVENTURES OF CHANTICLEER AND PARTLET,another,2
THE ADVENTURES OF CHANTICLEER AND PARTLET,any,1
THE ADVENTURES OF CHANTICLEER AND PARTLET,apish,1
THE ADVENTURES OF CHANTICLEER AND PARTLET,are,4
THE ADVENTURES OF CHANTICLEER AND PARTLET,arrived,2
THE ADVENTURES OF CHANTICLEER AND PARTLET,as,14
THE ADVENTURES OF CHANTICLEER AND PARTLET,ashes,1
THE ADVENTURES OF CHANTICLEER AND PARTLET,ask,1
THE ADVENTURES OF CHANTICLEER AND PARTLET,asleep,1
THE ADVENTURES OF CHANTICLEER AND PARTLET,at,12
THE ADVENTURES OF CHANTICLEER AND PARTLET,ate,2
THE ADVENTURES OF CHANTICLEER AND PARTLET,awakened,1
THE ADVENTURES OF CHANTICLEER AND PARTLET,away,7
THE ADVENTURES OF CHANTICLEER AND PARTLET,back,1
THE ADVENTURES OF CHANTICLEER AND PARTLET,bad,1
THE ADVENTURES OF CHANTICLEER AND PARTLET,be,11
THE ADVENTURES OF CHANTICLEER AND PARTLET,beam,1
THE ADVENTURES OF CHANTICLEER AND PARTLET,bear,1
THE ADVENTURES OF CHANTICLEER AND PARTLET,beasts,2
THE ADVENTURES OF CHANTICLEER AND PARTLET,became,1
THE ADVENTURES OF CHANTICLEER AND PARTLET,become,1
THE ADVENTURES OF CHANTICLEER AND PARTLET,bed,2
THE ADVENTURES OF CHANTICLEER AND PARTLET,been,1
THE ADVENTURES OF CHANTICLEER AND PARTLET,before,4
THE ADVENTURES OF CHANTICLEER AND PARTLET,began,2
THE ADVENTURES OF CHANTICLEER AND PARTLET,begged,1
THE ADVENTURES OF CHANTICLEER AND PARTLET,behind,4
THE ADVENTURES OF CHANTICLEER AND PARTLET,bespoke,1
THE ADVENTURES OF CHANTICLEER AND PARTLET,between,1
THE ADVENTURES OF CHANTICLEER AND PARTLET,bid,1
THE ADVENTURES OF CHANTICLEER AND PARTLET,big,2
THE ADVENTURES OF CHANTICLEER AND PARTLET,bitterly,1
THE ADVENTURES OF CHANTICLEER AND PARTLET,bless,1
THE ADVENTURES OF CHANTICLEER AND PARTLET,blinded,1
THE ADVENTURES OF CHANTICLEER AND PARTLET,blows,1
THE ADVENTURES OF CHANTICLEER AND PARTLET,bough,1
THE ADVENTURES OF CHANTICLEER AND PARTLET,box,2
THE ADVENTURES OF CHANTICLEER AND PARTLET,bride,6
THE ADVENTURES OF CHANTICLEER AND PARTLET,bring,1
THE ADVENTURES OF CHANTICLEER AND PARTLET,broke,1
THE ADVENTURES OF CHANTICLEER AND PARTLET,brook,1
THE ADVENTURES OF CHANTICLEER AND PARTLET,brought,1
THE ADVENTURES OF CHANTICLEER AND PARTLET,build,1
THE ADVENTURES OF CHANTICLEER AND PARTLET,built,2
THE ADVENTURES OF CHANTICLEER AND PARTLET,buried,1
THE ADVENTURES OF CHANTICLEER AND PARTLET,bury,1
THE ADVENTURES OF CHANTICLEER AND PARTLET,business,1
THE ADVENTURES OF CHANTICLEER AND PARTLET,but,21
THE ADVENTURES OF CHANTICLEER AND PARTLET,by,11
THE ADVENTURES OF CHANTICLEER AND PARTLET,came,9
THE ADVENTURES OF CHANTICLEER AND PARTLET,can,3
THE ADVENTURES OF CHANTICLEER AND PARTLET,care,1
THE ADVENTURES OF CHANTICLEER AND PARTLET,carriage,8
THE ADVENTURES OF CHANTICLEER AND PARTLET,carried,3
THE ADVENTURES OF CHANTICLEER AND PARTLET,carry,2
THE ADVENTURES OF CHANTICLEER AND PARTLET,cat,4
THE ADVENTURES OF CHANTICLEER AND PARTLET,chair,2
THE ADVENTURES OF CHANTICLEER AND PARTLET,chanticleer,29
THE ADVENTURES OF CHANTICLEER AND PARTLET,cheek,1
THE ADVENTURES OF CHANTICLEER AND PARTLET,choked,4
THE ADVENTURES OF CHANTICLEER AND PARTLET,cistern,1
THE ADVENTURES OF CHANTICLEER AND PARTLET,civilly,1
THE ADVENTURES OF CHANTICLEER AND PARTLET,climbed,1
THE ADVENTURES OF CHANTICLEER AND PARTLET,close,1
THE ADVENTURES OF CHANTICLEER AND PARTLET,clumsily,1
THE ADVENTURES OF CHANTICLEER AND PARTLET,coach,1
THE ADVENTURES OF CHANTICLEER AND PARTLET,coachhouse,1
THE ADVENTURES OF CHANTICLEER AND PARTLET,coachman,1
THE ADVENTURES OF CHANTICLEER AND PARTLET,come,2
THE ADVENTURES OF CHANTICLEER AND PARTLET,coming,1
THE ADVENTURES OF CHANTICLEER AND PARTLET,company,2
THE ADVENTURES OF CHANTICLEER AND PARTLET,condition,1
THE ADVENTURES OF CHANTICLEER AND PARTLET,cord,4
THE ADVENTURES OF CHANTICLEER AND PARTLET,could,5
THE ADVENTURES OF CHANTICLEER AND PARTLET,coward,1
THE ADVENTURES OF CHANTICLEER AND PARTLET,crept,1
THE ADVENTURES OF CHANTICLEER AND PARTLET,cried,4
THE ADVENTURES OF CHANTICLEER AND PARTLET,cry,1
THE ADVENTURES OF CHANTICLEER AND PARTLET,crying,1
THE ADVENTURES OF CHANTICLEER AND PARTLET,dark,2
THE ADVENTURES OF CHANTICLEER AND PARTLET,day,4
THE ADVENTURES OF CHANTICLEER AND PARTLET,dead,3
THE ADVENTURES OF CHANTICLEER AND PARTLET,deal,2
THE ADVENTURES OF CHANTICLEER AND PARTLET,dear,1
THE ADVENTURES OF CHANTICLEER AND PARTLET,design,1
THE ADVENTURES OF CHANTICLEER AND PARTLET,did,1
THE ADVENTURES OF CHANTICLEER AND PARTLET,died,3
THE ADVENTURES OF CHANTICLEER AND PARTLET,dirty,3
THE ADVENTURES OF CHANTICLEER AND PARTLET,do,4
THE ADVENTURES OF CHANTICLEER AND PARTLET,done,2
THE ADVENTURES OF CHANTICLEER AND PARTLET,door,2
THE ADVENTURES OF CHANTICLEER AND PARTLET,down,5
THE ADVENTURES OF CHANTICLEER AND PARTLET,draw,5
THE ADVENTURES OF CHANTICLEER AND PARTLET,drew,1
THE ADVENTURES OF CHANTICLEER AND PARTLET,drinking,1
THE ADVENTURES OF CHANTICLEER AND PARTLET,drove,3
THE ADVENTURES OF CHANTICLEER AND PARTLET,drowned,2
THE ADVENTURES OF CHANTICLEER AND PARTLET,duck,9
THE ADVENTURES OF CHANTICLEER AND PARTLET,dug,1
THE ADVENTURES OF CHANTICLEER AND PARTLET,early,1
THE ADVENTURES OF CHANTICLEER AND PARTLET,easy,2
THE ADVENTURES OF CHANTICLEER AND PARTLET,eat,3
THE ADVENTURES OF CHANTICLEER AND PARTLET,eaten,1
THE ADVENTURES OF CHANTICLEER AND PARTLET,egg,5
THE ADVENTURES OF CHANTICLEER AND PARTLET,eggshells,1
THE ADVENTURES OF CHANTICLEER AND PARTLET,enough,1
THE ADVENTURES OF CHANTICLEER AND PARTLET,equally,1
THE ADVENTURES OF CHANTICLEER AND PARTLET,evening,2
THE ADVENTURES OF CHANTICLEER AND PARTLET,every,1
THE ADVENTURES OF CHANTICLEER AND PARTLET,eyes,3
THE ADVENTURES OF CHANTICLEER AND PARTLET,face,3
THE ADVENTURES OF CHANTICLEER AND PARTLET,fall,1
THE ADVENTURES OF CHANTICLEER AND PARTLET,fast,4
THE ADVENTURES OF CHANTICLEER AND PARTLET,fell,6
THE ADVENTURES OF CHANTICLEER AND PARTLET,fellows,1
THE ADVENTURES OF CHANTICLEER AND PARTLET,fetch,1
THE ADVENTURES OF CHANTICLEER AND PARTLET,fetching,1
THE ADVENTURES OF CHANTICLEER AND PARTLET,few,1
THE ADVENTURES OF CHANTICLEER AND PARTLET,fiercely,1
THE ADVENTURES OF CHANTICLEER AND PARTLET,find,1
THE ADVENTURES OF CHANTICLEER AND PARTLET,fine,1
THE ADVENTURES OF CHANTICLEER AND PARTLET,finished,1
THE ADVENTURES OF CHANTICLEER AND PARTLET,fire,2
THE ADVENTURES OF CHANTICLEER AND PARTLET,fireplace,3
THE ADVENTURES OF CHANTICLEER AND PARTLET,first,3
THE ADVENTURES OF CHANTICLEER AND PARTLET,fix,1
THE ADVENTURES OF CHANTICLEER AND PARTLET,flew,3
THE ADVENTURES OF CHANTICLEER AND PARTLET,foot,1
THE ADVENTURES OF CHANTICLEER AND PARTLET,for,9
THE ADVENTURES OF CHANTICLEER AND PARTLET,forgotten,1
THE ADVENTURES OF CHANTICLEER AND PARTLET,found,2
THE ADVENTURES OF CHANTICLEER AND PARTLET,four,1
THE ADVENTURES OF CHANTICLEER AND PARTLET,fox,6
THE ADVENTURES OF CHANTICLEER AND PARTLET,friend,1
THE ADVENTURES OF CHANTICLEER AND PARTLET,fright,1
THE ADVENTURES OF CHANTICLEER AND PARTLET,from,2
THE ADVENTURES OF CHANTICLEER AND PARTLET,full,1
THE ADVENTURES OF CHANTICLEER AND PARTLET,furious,1
THE ADVENTURES OF CHANTICLEER AND PARTLET,garden,2
THE ADVENTURES OF CHANTICLEER AND PARTLET,garland,2
THE ADVENTURES OF CHANTICLEER AND PARTLET,gave,5
THE ADVENTURES OF CHANTICLEER AND PARTLET,get,7
THE ADVENTURES OF CHANTICLEER AND PARTLET,getting,1
THE ADVENTURES OF CHANTICLEER AND PARTLET,give,6
THE ADVENTURES OF CHANTICLEER AND PARTLET,go,6
THE ADVENTURES OF CHANTICLEER AND PARTLET,goat,1
THE ADVENTURES OF CHANTICLEER AND PARTLET,going,4
THE ADVENTURES OF CHANTICLEER AND PARTLET,good,3
THE ADVENTURES OF CHANTICLEER AND PARTLET,got,6
THE ADVENTURES OF CHANTICLEER AND PARTLET,granted,1
THE ADVENTURES OF CHANTICLEER AND PARTLET,grave,3
THE ADVENTURES OF CHANTICLEER AND PARTLET,great,6
THE ADVENTURES OF CHANTICLEER AND PARTLET,grief,1
THE ADVENTURES OF CHANTICLEER AND PARTLET,grounds,1
THE ADVENTURES OF CHANTICLEER AND PARTLET,habit,1
THE ADVENTURES OF CHANTICLEER AND PARTLET,had,9
THE ADVENTURES OF CHANTICLEER AND PARTLET,half,1
THE ADVENTURES OF CHANTICLEER AND PARTLET,handkerchief,2
THE ADVENTURES OF CHANTICLEER AND PARTLET,handsome,3
THE ADVENTURES OF CHANTICLEER AND PARTLET,hanging,1
THE ADVENTURES OF CHANTICLEER AND PARTLET,happened,1
THE ADVENTURES OF CHANTICLEER AND PARTLET,hardly,1
THE ADVENTURES OF CHANTICLEER AND PARTLET,harness,1
THE ADVENTURES OF CHANTICLEER AND PARTLET,harnessed,2
THE ADVENTURES OF CHANTICLEER AND PARTLET,have,3
THE ADVENTURES OF CHANTICLEER AND PARTLET,having,2
THE ADVENTURES OF CHANTICLEER AND PARTLET,he,30
THE ADVENTURES OF CHANTICLEER AND PARTLET,head,4
THE ADVENTURES OF CHANTICLEER AND PARTLET,heads,2
THE ADVENTURES OF CHANTICLEER AND PARTLET,heard,1
THE ADVENTURES OF CHANTICLEER AND PARTLET,hearse,3
THE ADVENTURES OF CHANTICLEER AND PARTLET,heart,2
THE ADVENTURES OF CHANTICLEER AND PARTLET,heavy,1
THE ADVENTURES OF CHANTICLEER AND PARTLET,help,1
THE ADVENTURES OF CHANTICLEER AND PARTLET,her,9
THE ADVENTURES OF CHANTICLEER AND PARTLET,herself,1
THE ADVENTURES OF CHANTICLEER AND PARTLET,hillock,1
THE ADVENTURES OF CHANTICLEER AND PARTLET,him,12
THE ADVENTURES OF CHANTICLEER AND PARTLET,himself,9
THE ADVENTURES OF CHANTICLEER AND PARTLET,his,21
THE ADVENTURES OF CHANTICLEER AND PARTLET,hole,1
THE ADVENTURES OF CHANTICLEER AND PARTLET,holiday,1
THE ADVENTURES OF CHANTICLEER AND PARTLET,home,6
THE ADVENTURES OF CHANTICLEER AND PARTLET,horses,1
THE ADVENTURES OF CHANTICLEER AND PARTLET,hour,1
THE ADVENTURES OF CHANTICLEER AND PARTLET,house,4
THE ADVENTURES OF CHANTICLEER AND PARTLET,how,6
THE ADVENTURES OF CHANTICLEER AND PARTLET,however,4
THE ADVENTURES OF CHANTICLEER AND PARTLET,hung,1
THE ADVENTURES OF CHANTICLEER AND PARTLET,i,11
THE ADVENTURES OF CHANTICLEER AND PARTLET,if,1
THE ADVENTURES OF CHANTICLEER AND PARTLET,in,28
THE ADVENTURES OF CHANTICLEER AND PARTLET,inn,3
THE ADVENTURES OF CHANTICLEER AND PARTLET,insolence,1
THE ADVENTURES OF CHANTICLEER AND PARTLET,into,20
THE ADVENTURES OF CHANTICLEER AND PARTLET,is,1
THE ADVENTURES OF CHANTICLEER AND PARTLET,it,29
THE ADVENTURES OF CHANTICLEER AND PARTLET,joke,1
THE ADVENTURES OF CHANTICLEER AND PARTLET,jollily,1
THE ADVENTURES OF CHANTICLEER AND PARTLET,jumped,1
THE ADVENTURES OF CHANTICLEER AND PARTLET,jumping,2
THE ADVENTURES OF CHANTICLEER AND PARTLET,kept,1
THE ADVENTURES OF CHANTICLEER AND PARTLET,killed,1
THE ADVENTURES OF CHANTICLEER AND PARTLET,kind,1
THE ADVENTURES OF CHANTICLEER AND PARTLET,kindly,1
THE ADVENTURES OF CHANTICLEER AND PARTLET,kitchen,2
THE ADVENTURES OF CHANTICLEER AND PARTLET,know,1
THE ADVENTURES OF CHANTICLEER AND PARTLET,korbes,5
THE ADVENTURES OF CHANTICLEER AND PARTLET,laid,5
THE ADVENTURES OF CHANTICLEER AND PARTLET,landlord,3
THE ADVENTURES OF CHANTICLEER AND PARTLET,large,2
THE ADVENTURES OF CHANTICLEER AND PARTLET,last,2
THE ADVENTURES OF CHANTICLEER AND PARTLET,late,2
THE ADVENTURES OF CHANTICLEER AND PARTLET,lay,3
THE ADVENTURES OF CHANTICLEER AND PARTLET,laying,2
THE ADVENTURES OF CHANTICLEER AND PARTLET,lazy,1
THE ADVENTURES OF CHANTICLEER AND PARTLET,leave,1
THE ADVENTURES OF CHANTICLEER AND PARTLET,left,1
THE ADVENTURES OF CHANTICLEER AND PARTLET,let,2
THE ADVENTURES OF CHANTICLEER AND PARTLET,lies,2
THE ADVENTURES OF CHANTICLEER AND PARTLET,lift,1
THE ADVENTURES OF CHANTICLEER AND PARTLET,light,2
THE ADVENTURES OF CHANTICLEER AND PARTLET,like,1
THE ADVENTURES OF CHANTICLEER AND PARTLET,likely,1
THE ADVENTURES OF CHANTICLEER AND PARTLET,little,4
THE ADVENTURES OF CHANTICLEER AND PARTLET,ll,3
THE ADVENTURES OF CHANTICLEER AND PARTLET,log,2
THE ADVENTURES OF CHANTICLEER AND PARTLET,look,1
THE ADVENTURES OF CHANTICLEER AND PARTLET,lovely,1
THE ADVENTURES OF CHANTICLEER AND PARTLET,lustily,1
THE ADVENTURES OF CHANTICLEER AND PARTLET,made,3
THE ADVENTURES OF CHANTICLEER AND PARTLET,make,2
THE ADVENTURES OF CHANTICLEER AND PARTLET,managed,2
THE ADVENTURES OF CHANTICLEER AND PARTLET,many,2
THE ADVENTURES OF CHANTICLEER AND PARTLET,may,2
THE ADVENTURES OF CHANTICLEER AND PARTLET,me,9
THE ADVENTURES OF CHANTICLEER AND PARTLET,meantime,1
THE ADVENTURES OF CHANTICLEER AND PARTLET,mercy,1
THE ADVENTURES OF CHANTICLEER AND PARTLET,met,3
THE ADVENTURES OF CHANTICLEER AND PARTLET,mice,6
THE ADVENTURES OF CHANTICLEER AND PARTLET,might,2
THE ADVENTURES OF CHANTICLEER AND PARTLET,miles,1
THE ADVENTURES OF CHANTICLEER AND PARTLET,millstone,3
THE ADVENTURES OF CHANTICLEER AND PARTLET,minds,1
THE ADVENTURES OF CHANTICLEER AND PARTLET,mine,1
THE ADVENTURES OF CHANTICLEER AND PARTLET,more,1
THE ADVENTURES OF CHANTICLEER AND PARTLET,morning,2
THE ADVENTURES OF CHANTICLEER AND PARTLET,most,1
THE ADVENTURES OF CHANTICLEER AND PARTLET,mountain,2
THE ADVENTURES OF CHANTICLEER AND PARTLET,mountains,4
THE ADVENTURES OF CHANTICLEER AND PARTLET,mourned,1
THE ADVENTURES OF CHANTICLEER AND PARTLET,mourners,1
THE ADVENTURES OF CHANTICLEER AND PARTLET,moved,1
THE ADVENTURES OF CHANTICLEER AND PARTLET,mr,5
THE ADVENTURES OF CHANTICLEER AND PARTLET,much,2
THE ADVENTURES OF CHANTICLEER AND PARTLET,must,2
THE ADVENTURES OF CHANTICLEER AND PARTLET,my,8
THE ADVENTURES OF CHANTICLEER AND PARTLET,myself,2
THE ADVENTURES OF CHANTICLEER AND PARTLET,needle,4
THE ADVENTURES OF CHANTICLEER AND PARTLET,never,3
THE ADVENTURES OF CHANTICLEER AND PARTLET,night,2
THE ADVENTURES OF CHANTICLEER AND PARTLET,no,3
THE ADVENTURES OF CHANTICLEER AND PARTLET,nobody,1
THE ADVENTURES OF CHANTICLEER AND PARTLET,nor,2
THE ADVENTURES OF CHANTICLEER AND PARTLET,not,14
THE ADVENTURES OF CHANTICLEER AND PARTLET,nothing,2
THE ADVENTURES OF CHANTICLEER AND PARTLET,now,6
THE ADVENTURES OF CHANTICLEER AND PARTLET,nut,4
THE ADVENTURES OF CHANTICLEER AND PARTLET,nuts,5
THE ADVENTURES OF CHANTICLEER AND PARTLET,nutshells,1
THE ADVENTURES OF CHANTICLEER AND PARTLET,observing,1
THE ADVENTURES OF CHANTICLEER AND PARTLET,of,14
THE ADVENTURES OF CHANTICLEER AND PARTLET,off,3
THE ADVENTURES OF CHANTICLEER AND PARTLET,offered,1
THE ADVENTURES OF CHANTICLEER AND PARTLET,oh,1
THE ADVENTURES OF CHANTICLEER AND PARTLET,on,13
THE ADVENTURES OF CHANTICLEER AND PARTLET,one,3
THE ADVENTURES OF CHANTICLEER AND PARTLET,only,1
THE ADVENTURES OF CHANTICLEER AND PARTLET,open,1
THE ADVENTURES OF CHANTICLEER AND PARTLET,or,4
THE ADVENTURES OF CHANTICLEER AND PARTLET,other,5
THE ADVENTURES OF CHANTICLEER AND PARTLET,our,1
THE ADVENTURES OF CHANTICLEER AND PARTLET,out,8
THE ADVENTURES OF CHANTICLEER AND PARTLET,over,8
THE ADVENTURES OF CHANTICLEER AND PARTLET,pace,1
THE ADVENTURES OF CHANTICLEER AND PARTLET,paid,1
THE ADVENTURES OF CHANTICLEER AND PARTLET,pain,1
THE ADVENTURES OF CHANTICLEER AND PARTLET,partlet,19
THE ADVENTURES OF CHANTICLEER AND PARTLET,pass,2
THE ADVENTURES OF CHANTICLEER AND PARTLET,passing,1
THE ADVENTURES OF CHANTICLEER AND PARTLET,passion,1
THE ADVENTURES OF CHANTICLEER AND PARTLET,pay,2
THE ADVENTURES OF CHANTICLEER AND PARTLET,pecked,1
THE ADVENTURES OF CHANTICLEER AND PARTLET,pieces,1
THE ADVENTURES OF CHANTICLEER AND PARTLET,pillow,2
THE ADVENTURES OF CHANTICLEER AND PARTLET,pin,7
THE ADVENTURES OF CHANTICLEER AND PARTLET,pipe,1
THE ADVENTURES OF CHANTICLEER AND PARTLET,poor,2
THE ADVENTURES OF CHANTICLEER AND PARTLET,possible,1
THE ADVENTURES OF CHANTICLEER AND PARTLET,pray,1
THE ADVENTURES OF CHANTICLEER AND PARTLET,presently,1
THE ADVENTURES OF CHANTICLEER AND PARTLET,pretty,2
THE ADVENTURES OF CHANTICLEER AND PARTLET,pricked,1
THE ADVENTURES OF CHANTICLEER AND PARTLET,promise,1
THE ADVENTURES OF CHANTICLEER AND PARTLET,publichouse,1
THE ADVENTURES OF CHANTICLEER AND PARTLET,quacking,1
THE ADVENTURES OF CHANTICLEER AND PARTLET,quarters,1
THE ADVENTURES OF CHANTICLEER AND PARTLET,quite,4
THE ADVENTURES OF CHANTICLEER AND PARTLET,ran,8
THE ADVENTURES OF CHANTICLEER AND PARTLET,rapid,1
THE ADVENTURES OF CHANTICLEER AND PARTLET,rather,1
THE ADVENTURES OF CHANTICLEER AND PARTLET,reach,1
THE ADVENTURES OF CHANTICLEER AND PARTLET,ready,2
THE ADVENTURES OF CHANTICLEER AND PARTLET,reckoning,1
THE ADVENTURES OF CHANTICLEER AND PARTLET,red,2
THE ADVENTURES OF CHANTICLEER AND PARTLET,replied,1
THE ADVENTURES OF CHANTICLEER AND PARTLET,respectable,1
THE ADVENTURES OF CHANTICLEER AND PARTLET,returned,1
THE ADVENTURES OF CHANTICLEER AND PARTLET,ride,2
THE ADVENTURES OF CHANTICLEER AND PARTLET,ripe,1
THE ADVENTURES OF CHANTICLEER AND PARTLET,river,6
THE ADVENTURES OF CHANTICLEER AND PARTLET,road,1
THE ADVENTURES OF CHANTICLEER AND PARTLET,rolled,1
THE ADVENTURES OF CHANTICLEER AND PARTLET,room,1
THE ADVENTURES OF CHANTICLEER AND PARTLET,run,5
THE ADVENTURES OF CHANTICLEER AND PARTLET,s,5
THE ADVENTURES OF CHANTICLEER AND PARTLET,safely,1
THE ADVENTURES OF CHANTICLEER AND PARTLET,said,21
THE ADVENTURES OF CHANTICLEER AND PARTLET,sat,4
THE ADVENTURES OF CHANTICLEER AND PARTLET,saw,1
THE ADVENTURES OF CHANTICLEER AND PARTLET,saying,1
THE ADVENTURES OF CHANTICLEER AND PARTLET,seemed,1
THE ADVENTURES OF CHANTICLEER AND PARTLET,seems,1
THE ADVENTURES OF CHANTICLEER AND PARTLET,seizing,1
THE ADVENTURES OF CHANTICLEER AND PARTLET,settled,1
THE ADVENTURES OF CHANTICLEER AND PARTLET,shall,3
THE ADVENTURES OF CHANTICLEER AND PARTLET,shared,1
THE ADVENTURES OF CHANTICLEER AND PARTLET,sharp,1
THE ADVENTURES OF CHANTICLEER AND PARTLET,she,8
THE ADVENTURES OF CHANTICLEER AND PARTLET,shells,1
THE ADVENTURES OF CHANTICLEER AND PARTLET,should,1
THE ADVENTURES OF CHANTICLEER AND PARTLET,side,2
THE ADVENTURES OF CHANTICLEER AND PARTLET,silken,4
THE ADVENTURES OF CHANTICLEER AND PARTLET,sit,1
THE ADVENTURES OF CHANTICLEER AND PARTLET,sitting,1
THE ADVENTURES OF CHANTICLEER AND PARTLET,six,3
THE ADVENTURES OF CHANTICLEER AND PARTLET,slept,1
THE ADVENTURES OF CHANTICLEER AND PARTLET,slipped,1
THE ADVENTURES OF CHANTICLEER AND PARTLET,so,18
THE ADVENTURES OF CHANTICLEER AND PARTLET,softly,1
THE ADVENTURES OF CHANTICLEER AND PARTLET,some,2
THE ADVENTURES OF CHANTICLEER AND PARTLET,soon,4
THE ADVENTURES OF CHANTICLEER AND PARTLET,sorry,1
THE ADVENTURES OF CHANTICLEER AND PARTLET,spent,1
THE ADVENTURES OF CHANTICLEER AND PARTLET,splashed,1
THE ADVENTURES OF CHANTICLEER AND PARTLET,spoke,1
THE ADVENTURES OF CHANTICLEER AND PARTLET,spot,1
THE ADVENTURES OF CHANTICLEER AND PARTLET,spurs,1
THE ADVENTURES OF CHANTICLEER AND PARTLET,squirrel,1
THE ADVENTURES OF CHANTICLEER AND PARTLET,stayed,1
THE ADVENTURES OF CHANTICLEER AND PARTLET,steady,1
THE ADVENTURES OF CHANTICLEER AND PARTLET,stirred,1
THE ADVENTURES OF CHANTICLEER AND PARTLET,stirring,1
THE ADVENTURES OF CHANTICLEER AND PARTLET,stone,1
THE ADVENTURES OF CHANTICLEER AND PARTLET,stop,2
THE ADVENTURES OF CHANTICLEER AND PARTLET,straw,2
THE ADVENTURES OF CHANTICLEER AND PARTLET,stream,5
THE ADVENTURES OF CHANTICLEER AND PARTLET,stuck,3
THE ADVENTURES OF CHANTICLEER AND PARTLET,such,2
THE ADVENTURES OF CHANTICLEER AND PARTLET,sulkily,1
THE ADVENTURES OF CHANTICLEER AND PARTLET,supper,2
THE ADVENTURES OF CHANTICLEER AND PARTLET,suppose,1
THE ADVENTURES OF CHANTICLEER AND PARTLET,sure,1
THE ADVENTURES OF CHANTICLEER AND PARTLET,suspecting,1
THE ADVENTURES OF CHANTICLEER AND PARTLET,swallow,1
THE ADVENTURES OF CHANTICLEER AND PARTLET,swam,1
THE ADVENTURES OF CHANTICLEER AND PARTLET,swore,1
THE ADVENTURES OF CHANTICLEER AND PARTLET,take,4
THE ADVENTURES OF CHANTICLEER AND PARTLET,takes,1
THE ADVENTURES OF CHANTICLEER AND PARTLET,that,17
THE ADVENTURES OF CHANTICLEER AND PARTLET,the,133
THE ADVENTURES OF CHANTICLEER AND PARTLET,their,7
THE ADVENTURES OF CHANTICLEER AND PARTLET,them,16
THE ADVENTURES OF CHANTICLEER AND PARTLET,themselves,1
THE ADVENTURES OF CHANTICLEER AND PARTLET,then,15
THE ADVENTURES OF CHANTICLEER AND PARTLET,there,3
THE ADVENTURES OF CHANTICLEER AND PARTLET,therefore,1
THE ADVENTURES OF CHANTICLEER AND PARTLET,they,33
THE ADVENTURES OF CHANTICLEER AND PARTLET,thieving,1
THE ADVENTURES OF CHANTICLEER AND PARTLET,thin,1
THE ADVENTURES OF CHANTICLEER AND PARTLET,thinking,1
THE ADVENTURES OF CHANTICLEER AND PARTLET,this,8
THE ADVENTURES OF CHANTICLEER AND PARTLET,threw,3
THE ADVENTURES OF CHANTICLEER AND PARTLET,throat,1
THE ADVENTURES OF CHANTICLEER AND PARTLET,thus,1
THE ADVENTURES OF CHANTICLEER AND PARTLET,till,4
THE ADVENTURES OF CHANTICLEER AND PARTLET,time,2
THE ADVENTURES OF CHANTICLEER AND PARTLET,tired,1
THE ADVENTURES OF CHANTICLEER AND PARTLET,to,62
THE ADVENTURES OF CHANTICLEER AND PARTLET,today,2
THE ADVENTURES OF CHANTICLEER AND PARTLET,toes,1
THE ADVENTURES OF CHANTICLEER AND PARTLET,together,4
THE ADVENTURES OF CHANTICLEER AND PARTLET,told,2
THE ADVENTURES OF CHANTICLEER AND PARTLET,too,2
THE ADVENTURES OF CHANTICLEER AND PARTLET,took,4
THE ADVENTURES OF CHANTICLEER AND PARTLET,towel,2
THE ADVENTURES OF CHANTICLEER AND PARTLET,travelled,1
THE ADVENTURES OF CHANTICLEER AND PARTLET,travellers,1
THE ADVENTURES OF CHANTICLEER AND PARTLET,travelling,1
THE ADVENTURES OF CHANTICLEER AND PARTLET,tread,1
THE ADVENTURES OF CHANTICLEER AND PARTLET,tricks,1
THE ADVENTURES OF CHANTICLEER AND PARTLET,tried,1
THE ADVENTURES OF CHANTICLEER AND PARTLET,troop,1
THE ADVENTURES OF CHANTICLEER AND PARTLET,trouble,1
THE ADVENTURES OF CHANTICLEER AND PARTLET,two,1
THE ADVENTURES OF CHANTICLEER AND PARTLET,unwilling,1
THE ADVENTURES OF CHANTICLEER AND PARTLET,up,14
THE ADVENTURES OF CHANTICLEER AND PARTLET,upon,8
THE ADVENTURES OF CHANTICLEER AND PARTLET,us,1
THE ADVENTURES OF CHANTICLEER AND PARTLET,vagabonds,2
THE ADVENTURES OF CHANTICLEER AND PARTLET,very,6
THE ADVENTURES OF CHANTICLEER AND PARTLET,visit,3
THE ADVENTURES OF CHANTICLEER AND PARTLET,waddled,1
THE ADVENTURES OF CHANTICLEER AND PARTLET,walk,2
THE ADVENTURES OF CHANTICLEER AND PARTLET,walked,1
THE ADVENTURES OF CHANTICLEER AND PARTLET,walking,2
THE ADVENTURES OF CHANTICLEER AND PARTLET,was,27
THE ADVENTURES OF CHANTICLEER AND PARTLET,wash,1
THE ADVENTURES OF CHANTICLEER AND PARTLET,washing,1
THE ADVENTURES OF CHANTICLEER AND PARTLET,water,10
THE ADVENTURES OF CHANTICLEER AND PARTLET,way,5
THE ADVENTURES OF CHANTICLEER AND PARTLET,we,4
THE ADVENTURES OF CHANTICLEER AND PARTLET,well,1
THE ADVENTURES OF CHANTICLEER AND PARTLET,went,9
THE ADVENTURES OF CHANTICLEER AND PARTLET,wept,2
THE ADVENTURES OF CHANTICLEER AND PARTLET,were,10
THE ADVENTURES OF CHANTICLEER AND PARTLET,what,3
THE ADVENTURES OF CHANTICLEER AND PARTLET,wheels,4
THE ADVENTURES OF CHANTICLEER AND PARTLET,when,9
THE ADVENTURES OF CHANTICLEER AND PARTLET,where,3
THE ADVENTURES OF CHANTICLEER AND PARTLET,whether,2
THE ADVENTURES OF CHANTICLEER AND PARTLET,which,4
THE ADVENTURES OF CHANTICLEER AND PARTLET,while,1
THE ADVENTURES OF CHANTICLEER AND PARTLET,who,8
THE ADVENTURES OF CHANTICLEER AND PARTLET,wife,2
THE ADVENTURES OF CHANTICLEER AND PARTLET,will,8
THE ADVENTURES OF CHANTICLEER AND PARTLET,willow,1
THE ADVENTURES OF CHANTICLEER AND PARTLET,wipe,2
THE ADVENTURES OF CHANTICLEER AND PARTLET,wished,1
THE ADVENTURES OF CHANTICLEER AND PARTLET,with,10
THE ADVENTURES OF CHANTICLEER AND PARTLET,without,1
THE ADVENTURES OF CHANTICLEER AND PARTLET,wolf,1
THE ADVENTURES OF CHANTICLEER AND PARTLET,wood,3
THE ADVENTURES OF CHANTICLEER AND PARTLET,world,1
THE ADVENTURES OF CHANTICLEER AND PARTLET,would,6
THE ADVENTURES OF CHANTICLEER AND PARTLET,yard,1
THE ADVENTURES OF CHANTICLEER AND PARTLET,yes,1
THE ADVENTURES OF CHANTICLEER AND PARTLET,you,16
THE ADVENTURES OF CHANTICLEER AND PARTLET,your,1
THE BLUE LIGHT,a,32
THE BLUE LIGHT,about,1
THE BLUE LIGHT,above,1
THE BLUE LIGHT,advice,1
THE BLUE LIGHT,again,11
THE BLUE LIGHT,aha,1
THE BLUE LIGHT,all,7
THE BLUE LIGHT,allowed,1
THE BLUE LIGHT,alone,1
THE BLUE LIGHT,already,1
THE BLUE LIGHT,am,3
THE BLUE LIGHT,an,4
THE BLUE LIGHT,and,79
THE BLUE LIGHT,another,1
THE BLUE LIGHT,answered,3
THE BLUE LIGHT,any,1
THE BLUE LIGHT,anything,1
THE BLUE LIGHT,appear,1
THE BLUE LIGHT,are,5
THE BLUE LIGHT,arose,1
THE BLUE LIGHT,as,12
THE BLUE LIGHT,ascended,1
THE BLUE LIGHT,asked,2
THE BLUE LIGHT,astonished,1
THE BLUE LIGHT,at,15
THE BLUE LIGHT,away,5
THE BLUE LIGHT,back,3
THE BLUE LIGHT,bade,2
THE BLUE LIGHT,badly,1
THE BLUE LIGHT,basket,1
THE BLUE LIGHT,be,5
THE BLUE LIGHT,because,1
THE BLUE LIGHT,bed,4
THE BLUE LIGHT,been,1
THE BLUE LIGHT,before,7
THE BLUE LIGHT,began,1
THE BLUE LIGHT,begged,1
THE BLUE LIGHT,behind,1
THE BLUE LIGHT,beside,1
THE BLUE LIGHT,best,1
THE BLUE LIGHT,bid,2
THE BLUE LIGHT,bind,1
THE BLUE LIGHT,black,4
THE BLUE LIGHT,blue,10
THE BLUE LIGHT,boots,2
THE BLUE LIGHT,both,1
THE BLUE LIGHT,brighten,1
THE BLUE LIGHT,bring,3
THE BLUE LIGHT,broom,1
THE BLUE LIGHT,brought,2
THE BLUE LIGHT,bundle,1
THE BLUE LIGHT,burning,1
THE BLUE LIGHT,burns,1
THE BLUE LIGHT,but,13
THE BLUE LIGHT,by,6
THE BLUE LIGHT,came,7
THE BLUE LIGHT,can,2
THE BLUE LIGHT,carried,5
THE BLUE LIGHT,carry,2
THE BLUE LIGHT,cavern,1
THE BLUE LIGHT,certainly,1
THE BLUE LIGHT,chains,1
THE BLUE LIGHT,chair,1
THE BLUE LIGHT,chamber,1
THE BLUE LIGHT,chanced,1
THE BLUE LIGHT,children,1
THE BLUE LIGHT,chop,2
THE BLUE LIGHT,circled,1
THE BLUE LIGHT,clean,2
THE BLUE LIGHT,clock,1
THE BLUE LIGHT,clothes,1
THE BLUE LIGHT,cock,1
THE BLUE LIGHT,cockcrow,1
THE BLUE LIGHT,collected,1
THE BLUE LIGHT,come,2
THE BLUE LIGHT,command,1
THE BLUE LIGHT,commands,3
THE BLUE LIGHT,compassionate,1
THE BLUE LIGHT,compelled,1
THE BLUE LIGHT,comrade,1
THE BLUE LIGHT,comrades,1
THE BLUE LIGHT,condemned,1
THE BLUE LIGHT,consented,1
THE BLUE LIGHT,constable,1
THE BLUE LIGHT,contrive,1
THE BLUE LIGHT,could,4
THE BLUE LIGHT,counteract,1
THE BLUE LIGHT,crafty,1
THE BLUE LIGHT,cried,1
THE BLUE LIGHT,crowed,1
THE BLUE LIGHT,cudgel,2
THE BLUE LIGHT,dangerous,1
THE BLUE LIGHT,darkness,1
THE BLUE LIGHT,darting,1
THE BLUE LIGHT,daughter,3
THE BLUE LIGHT,day,5
THE BLUE LIGHT,death,2
THE BLUE LIGHT,did,6
THE BLUE LIGHT,die,1
THE BLUE LIGHT,dig,1
THE BLUE LIGHT,discovered,1
THE BLUE LIGHT,dismissed,1
THE BLUE LIGHT,do,14
THE BLUE LIGHT,does,1
THE BLUE LIGHT,doing,2
THE BLUE LIGHT,done,4
THE BLUE LIGHT,door,1
THE BLUE LIGHT,down,3
THE BLUE LIGHT,draw,2
THE BLUE LIGHT,dream,3
THE BLUE LIGHT,drink,1
THE BLUE LIGHT,dry,1
THE BLUE LIGHT,ducat,2
THE BLUE LIGHT,dungeon,1
THE BLUE LIGHT,dwarf,4
THE BLUE LIGHT,earn,1
THE BLUE LIGHT,earth,2
THE BLUE LIGHT,easy,1
THE BLUE LIGHT,eat,1
THE BLUE LIGHT,edge,1
THE BLUE LIGHT,else,1
THE BLUE LIGHT,end,1
THE BLUE LIGHT,enough,1
THE BLUE LIGHT,entered,1
THE BLUE LIGHT,entire,1
THE BLUE LIGHT,entreaty,1
THE BLUE LIGHT,escape,1
THE BLUE LIGHT,evening,3
THE BLUE LIGHT,every,2
THE BLUE LIGHT,everything,3
THE BLUE LIGHT,evil,1
THE BLUE LIGHT,expedient,1
THE BLUE LIGHT,eyes,1
THE BLUE LIGHT,face,1
THE BLUE LIGHT,faithfully,2
THE BLUE LIGHT,fall,3
THE BLUE LIGHT,fallen,1
THE BLUE LIGHT,false,1
THE BLUE LIGHT,fare,1
THE BLUE LIGHT,father,1
THE BLUE LIGHT,favour,1
THE BLUE LIGHT,fear,1
THE BLUE LIGHT,feet,2
THE BLUE LIGHT,fell,4
THE BLUE LIGHT,felt,1
THE BLUE LIGHT,fetch,2
THE BLUE LIGHT,few,1
THE BLUE LIGHT,fill,1
THE BLUE LIGHT,find,1
THE BLUE LIGHT,finish,1
THE BLUE LIGHT,first,2
THE BLUE LIGHT,flight,1
THE BLUE LIGHT,for,15
THE BLUE LIGHT,forest,1
THE BLUE LIGHT,forget,1
THE BLUE LIGHT,forgotten,1
THE BLUE LIGHT,forth,1
THE BLUE LIGHT,found,4
THE BLUE LIGHT,frightfully,1
THE BLUE LIGHT,from,4
THE BLUE LIGHT,full,2
THE BLUE LIGHT,furnish,1
THE BLUE LIGHT,further,1
THE BLUE LIGHT,gallows,1
THE BLUE LIGHT,garden,1
THE BLUE LIGHT,gate,1
THE BLUE LIGHT,gave,1
THE BLUE LIGHT,get,1
THE BLUE LIGHT,give,4
THE BLUE LIGHT,gives,1
THE BLUE LIGHT,glass,1
THE BLUE LIGHT,go,4
THE BLUE LIGHT,goes,1
THE BLUE LIGHT,gold,2
THE BLUE LIGHT,gone,1
THE BLUE LIGHT,good,1
THE BLUE LIGHT,greatly,1
THE BLUE LIGHT,ground,2
THE BLUE LIGHT,had,19
THE BLUE LIGHT,half,1
THE BLUE LIGHT,halfshut,1
THE BLUE LIGHT,hand,4
THE BLUE LIGHT,handsome,2
THE BLUE LIGHT,hanging,1
THE BLUE LIGHT,has,4
THE BLUE LIGHT,have,5
THE BLUE LIGHT,he,41
THE BLUE LIGHT,heard,2
THE BLUE LIGHT,help,1
THE BLUE LIGHT,her,17
THE BLUE LIGHT,here,1
THE BLUE LIGHT,hid,1
THE BLUE LIGHT,hidden,1
THE BLUE LIGHT,hide,1
THE BLUE LIGHT,him,25
THE BLUE LIGHT,himself,3
THE BLUE LIGHT,his,24
THE BLUE LIGHT,hole,1
THE BLUE LIGHT,home,2
THE BLUE LIGHT,house,3
THE BLUE LIGHT,how,1
THE BLUE LIGHT,however,1
THE BLUE LIGHT,hunger,1
THE BLUE LIGHT,i,25
THE BLUE LIGHT,if,6
THE BLUE LIGHT,ill,2
THE BLUE LIGHT,imagine,1
THE BLUE LIGHT,immediately,1
THE BLUE LIGHT,in,24
THE BLUE LIGHT,injury,1
THE BLUE LIGHT,inn,2
THE BLUE LIGHT,inquired,1
THE BLUE LIGHT,intention,1
THE BLUE LIGHT,into,5
THE BLUE LIGHT,is,8
THE BLUE LIGHT,it,22
THE BLUE LIGHT,judge,3
THE BLUE LIGHT,just,2
THE BLUE LIGHT,keep,2
THE BLUE LIGHT,kind,1
THE BLUE LIGHT,kinds,1
THE BLUE LIGHT,king,14
THE BLUE LIGHT,kingdom,1
THE BLUE LIGHT,knew,1
THE BLUE LIGHT,know,1
THE BLUE LIGHT,laboured,1
THE BLUE LIGHT,laid,1
THE BLUE LIGHT,landlord,1
THE BLUE LIGHT,last,3
THE BLUE LIGHT,late,1
THE BLUE LIGHT,latter,1
THE BLUE LIGHT,leave,1
THE BLUE LIGHT,led,2
THE BLUE LIGHT,left,2
THE BLUE LIGHT,let,3
THE BLUE LIGHT,life,1
THE BLUE LIGHT,light,13
THE BLUE LIGHT,lighted,2
THE BLUE LIGHT,lightning,2
THE BLUE LIGHT,like,4
THE BLUE LIGHT,lit,1
THE BLUE LIGHT,little,8
THE BLUE LIGHT,live,1
THE BLUE LIGHT,lived,1
THE BLUE LIGHT,living,1
THE BLUE LIGHT,load,1
THE BLUE LIGHT,loaded,1
THE BLUE LIGHT,lodging,1
THE BLUE LIGHT,long,1
THE BLUE LIGHT,longer,2
THE BLUE LIGHT,lord,3
THE BLUE LIGHT,lying,1
THE BLUE LIGHT,made,3
THE BLUE LIGHT,make,1
THE BLUE LIGHT,man,6
THE BLUE LIGHT,manikin,10
THE BLUE LIGHT,many,2
THE BLUE LIGHT,master,1
THE BLUE LIGHT,may,4
THE BLUE LIGHT,me,13
THE BLUE LIGHT,menial,1
THE BLUE LIGHT,mercy,1
THE BLUE LIGHT,merely,1
THE BLUE LIGHT,moist,1
THE BLUE LIGHT,moment,1
THE BLUE LIGHT,money,1
THE BLUE LIGHT,more,5
THE BLUE LIGHT,morning,3
THE BLUE LIGHT,most,1
THE BLUE LIGHT,much,2
THE BLUE LIGHT,must,4
THE BLUE LIGHT,my,10
THE BLUE LIGHT,near,1
THE BLUE LIGHT,need,1
THE BLUE LIGHT,needed,1
THE BLUE LIGHT,never,1
THE BLUE LIGHT,next,6
THE BLUE LIGHT,night,8
THE BLUE LIGHT,no,7
THE BLUE LIGHT,none,1
THE BLUE LIGHT,nor,1
THE BLUE LIGHT,not,9
THE BLUE LIGHT,nothing,2
THE BLUE LIGHT,now,3
THE BLUE LIGHT,o,1
THE BLUE LIGHT,obliged,1
THE BLUE LIGHT,of,20
THE BLUE LIGHT,off,1
THE BLUE LIGHT,oho,1
THE BLUE LIGHT,old,3
THE BLUE LIGHT,on,10
THE BLUE LIGHT,once,3
THE BLUE LIGHT,one,6
THE BLUE LIGHT,only,6
THE BLUE LIGHT,open,1
THE BLUE LIGHT,opposition,1
THE BLUE LIGHT,or,1
THE BLUE LIGHT,ordered,3
THE BLUE LIGHT,out,8
THE BLUE LIGHT,outside,1
THE BLUE LIGHT,own,1
THE BLUE LIGHT,palace,1
THE BLUE LIGHT,pane,1
THE BLUE LIGHT,passage,1
THE BLUE LIGHT,passing,1
THE BLUE LIGHT,passion,1
THE BLUE LIGHT,payment,1
THE BLUE LIGHT,peas,5
THE BLUE LIGHT,people,1
THE BLUE LIGHT,perceiving,1
THE BLUE LIGHT,pick,1
THE BLUE LIGHT,picking,1
THE BLUE LIGHT,piece,2
THE BLUE LIGHT,pipe,5
THE BLUE LIGHT,place,2
THE BLUE LIGHT,pleasure,1
THE BLUE LIGHT,plot,1
THE BLUE LIGHT,pocket,5
THE BLUE LIGHT,poor,2
THE BLUE LIGHT,possession,1
THE BLUE LIGHT,possible,1
THE BLUE LIGHT,princess,6
THE BLUE LIGHT,prison,1
THE BLUE LIGHT,proposed,1
THE BLUE LIGHT,pull,1
THE BLUE LIGHT,pulled,2
THE BLUE LIGHT,quite,1
THE BLUE LIGHT,rained,1
THE BLUE LIGHT,ran,1
THE BLUE LIGHT,rapidity,1
THE BLUE LIGHT,ready,1
THE BLUE LIGHT,really,1
THE BLUE LIGHT,reappeared,1
THE BLUE LIGHT,receive,1
THE BLUE LIGHT,received,1
THE BLUE LIGHT,receives,1
THE BLUE LIGHT,renders,1
THE BLUE LIGHT,replied,2
THE BLUE LIGHT,return,2
THE BLUE LIGHT,returned,1
THE BLUE LIGHT,revealed,1
THE BLUE LIGHT,revenge,1
THE BLUE LIGHT,riding,1
THE BLUE LIGHT,room,3
THE BLUE LIGHT,round,1
THE BLUE LIGHT,royal,1
THE BLUE LIGHT,runaway,1
THE BLUE LIGHT,s,9
THE BLUE LIGHT,said,20
THE BLUE LIGHT,sat,1
THE BLUE LIGHT,saw,2
THE BLUE LIGHT,saying,1
THE BLUE LIGHT,scattered,1
THE BLUE LIGHT,screaming,1
THE BLUE LIGHT,searched,1
THE BLUE LIGHT,see,2
THE BLUE LIGHT,seek,1
THE BLUE LIGHT,sent,1
THE BLUE LIGHT,servant,4
THE BLUE LIGHT,serve,1
THE BLUE LIGHT,served,2
THE BLUE LIGHT,service,1
THE BLUE LIGHT,shall,5
THE BLUE LIGHT,she,12
THE BLUE LIGHT,shoe,3
THE BLUE LIGHT,shoes,1
THE BLUE LIGHT,short,1
THE BLUE LIGHT,should,3
THE BLUE LIGHT,showed,1
THE BLUE LIGHT,sight,1
THE BLUE LIGHT,signal,1
THE BLUE LIGHT,silently,1
THE BLUE LIGHT,sitting,1
THE BLUE LIGHT,sleep,1
THE BLUE LIGHT,sleeping,1
THE BLUE LIGHT,small,4
THE BLUE LIGHT,smoke,5
THE BLUE LIGHT,so,3
THE BLUE LIGHT,soldier,25
THE BLUE LIGHT,some,1
THE BLUE LIGHT,something,1
THE BLUE LIGHT,soon,4
THE BLUE LIGHT,sorrowfully,1
THE BLUE LIGHT,spare,2
THE BLUE LIGHT,spent,1
THE BLUE LIGHT,sprang,1
THE BLUE LIGHT,standing,3
THE BLUE LIGHT,starve,1
THE BLUE LIGHT,stay,1
THE BLUE LIGHT,still,1
THE BLUE LIGHT,stir,1
THE BLUE LIGHT,stood,1
THE BLUE LIGHT,strange,1
THE BLUE LIGHT,stratagem,1
THE BLUE LIGHT,street,2
THE BLUE LIGHT,streets,3
THE BLUE LIGHT,strength,1
THE BLUE LIGHT,stretched,2
THE BLUE LIGHT,strike,1
THE BLUE LIGHT,struck,1
THE BLUE LIGHT,suddenly,2
THE BLUE LIGHT,summon,1
THE BLUE LIGHT,summoned,2
THE BLUE LIGHT,sweep,2
THE BLUE LIGHT,take,6
THE BLUE LIGHT,taken,3
THE BLUE LIGHT,tapped,1
THE BLUE LIGHT,terrified,1
THE BLUE LIGHT,than,1
THE BLUE LIGHT,that,15
THE BLUE LIGHT,the,127
THE BLUE LIGHT,them,7
THE BLUE LIGHT,then,9
THE BLUE LIGHT,there,8
THE BLUE LIGHT,thereupon,1
THE BLUE LIGHT,they,4
THE BLUE LIGHT,thing,2
THE BLUE LIGHT,things,1
THE BLUE LIGHT,think,1
THE BLUE LIGHT,third,1
THE BLUE LIGHT,this,9
THE BLUE LIGHT,thither,1
THE BLUE LIGHT,though,1
THE BLUE LIGHT,thought,1
THE BLUE LIGHT,three,1
THE BLUE LIGHT,threw,2
THE BLUE LIGHT,through,3
THE BLUE LIGHT,thrown,1
THE BLUE LIGHT,time,2
THE BLUE LIGHT,tired,1
THE BLUE LIGHT,to,48
THE BLUE LIGHT,tobacco,1
THE BLUE LIGHT,today,1
THE BLUE LIGHT,told,2
THE BLUE LIGHT,tomcat,1
THE BLUE LIGHT,tomorrow,3
THE BLUE LIGHT,took,3
THE BLUE LIGHT,touched,1
THE BLUE LIGHT,town,2
THE BLUE LIGHT,track,3
THE BLUE LIGHT,treasures,1
THE BLUE LIGHT,treated,1
THE BLUE LIGHT,tried,1
THE BLUE LIGHT,trifling,1
THE BLUE LIGHT,troubled,1
THE BLUE LIGHT,true,1
THE BLUE LIGHT,twelve,1
THE BLUE LIGHT,under,1
THE BLUE LIGHT,underground,1
THE BLUE LIGHT,unseen,1
THE BLUE LIGHT,until,3
THE BLUE LIGHT,up,7
THE BLUE LIGHT,upon,3
THE BLUE LIGHT,use,1
THE BLUE LIGHT,vain,1
THE BLUE LIGHT,valuable,1
THE BLUE LIGHT,vanished,1
THE BLUE LIGHT,venture,1
THE BLUE LIGHT,very,5
THE BLUE LIGHT,wages,1
THE BLUE LIGHT,wait,1
THE BLUE LIGHT,walked,1
THE BLUE LIGHT,want,1
THE BLUE LIGHT,wanted,2
THE BLUE LIGHT,war,1
THE BLUE LIGHT,was,23
THE BLUE LIGHT,way,4
THE BLUE LIGHT,we,1
THE BLUE LIGHT,well,6
THE BLUE LIGHT,went,7
THE BLUE LIGHT,were,2
THE BLUE LIGHT,what,12
THE BLUE LIGHT,when,18
THE BLUE LIGHT,where,1
THE BLUE LIGHT,wherein,1
THE BLUE LIGHT,wheresoever,1
THE BLUE LIGHT,which,7
THE BLUE LIGHT,while,1
THE BLUE LIGHT,who,5
THE BLUE LIGHT,whole,2
THE BLUE LIGHT,whosoever,1
THE BLUE LIGHT,wicked,1
THE BLUE LIGHT,wife,1
THE BLUE LIGHT,wild,1
THE BLUE LIGHT,will,13
THE BLUE LIGHT,wind,1
THE BLUE LIGHT,window,1
THE BLUE LIGHT,wish,2
THE BLUE LIGHT,witch,7
THE BLUE LIGHT,with,9
THE BLUE LIGHT,without,2
THE BLUE LIGHT,woman,1
THE BLUE LIGHT,wood,1
THE BLUE LIGHT,work,6
THE BLUE LIGHT,would,1
THE BLUE LIGHT,wounds,1
THE BLUE LIGHT,wreaths,1
THE BLUE LIGHT,years,1
THE BLUE LIGHT,yet,3
THE BLUE LIGHT,you,31
THE BLUE LIGHT,your,7
THE DOG AND THE SPARROW,a,21
THE DOG AND THE SPARROW,about,4
THE DOG AND THE SPARROW,after,1
THE DOG AND THE SPARROW,again,4
THE DOG AND THE SPARROW,aim,1
THE DOG AND THE SPARROW,aimed,1
THE DOG AND THE SPARROW,alas,3
THE DOG AND THE SPARROW,alighted,1
THE DOG AND THE SPARROW,all,12
THE DOG AND THE SPARROW,almost,1
THE DOG AND THE SPARROW,am,9
THE DOG AND THE SPARROW,an,1
THE DOG AND THE SPARROW,and,66
THE DOG AND THE SPARROW,angrily,1
THE DOG AND THE SPARROW,another,2
THE DOG AND THE SPARROW,answered,5
THE DOG AND THE SPARROW,anyone,1
THE DOG AND THE SPARROW,are,2
THE DOG AND THE SPARROW,art,1
THE DOG AND THE SPARROW,as,9
THE DOG AND THE SPARROW,asked,1
THE DOG AND THE SPARROW,asleep,1
THE DOG AND THE SPARROW,at,19
THE DOG AND THE SPARROW,ate,1
THE DOG AND THE SPARROW,away,6
THE DOG AND THE SPARROW,baker,1
THE DOG AND THE SPARROW,be,2
THE DOG AND THE SPARROW,bear,1
THE DOG AND THE SPARROW,became,1
THE DOG AND THE SPARROW,because,1
THE DOG AND THE SPARROW,befallen,1
THE DOG AND THE SPARROW,before,1
THE DOG AND THE SPARROW,began,2
THE DOG AND THE SPARROW,behind,1
THE DOG AND THE SPARROW,benches,1
THE DOG AND THE SPARROW,bird,3
THE DOG AND THE SPARROW,birds,2
THE DOG AND THE SPARROW,blind,1
THE DOG AND THE SPARROW,blow,3
THE DOG AND THE SPARROW,both,1
THE DOG AND THE SPARROW,bread,1
THE DOG AND THE SPARROW,broke,2
THE DOG AND THE SPARROW,brought,1
THE DOG AND THE SPARROW,brute,1
THE DOG AND THE SPARROW,bung,2
THE DOG AND THE SPARROW,bush,1
THE DOG AND THE SPARROW,but,15
THE DOG AND THE SPARROW,butcher,1
THE DOG AND THE SPARROW,by,3
THE DOG AND THE SPARROW,called,1
THE DOG AND THE SPARROW,came,1
THE DOG AND THE SPARROW,can,2
THE DOG AND THE SPARROW,care,1
THE DOG AND THE SPARROW,carefully,1
THE DOG AND THE SPARROW,caring,1
THE DOG AND THE SPARROW,cart,6
THE DOG AND THE SPARROW,carter,17
THE DOG AND THE SPARROW,cask,2
THE DOG AND THE SPARROW,casks,2
THE DOG AND THE SPARROW,caught,1
THE DOG AND THE SPARROW,chairs,1
THE DOG AND THE SPARROW,chimney,1
THE DOG AND THE SPARROW,cleft,1
THE DOG AND THE SPARROW,come,4
THE DOG AND THE SPARROW,corn,3
THE DOG AND THE SPARROW,corner,2
THE DOG AND THE SPARROW,cost,5
THE DOG AND THE SPARROW,could,2
THE DOG AND THE SPARROW,cracked,1
THE DOG AND THE SPARROW,crept,2
THE DOG AND THE SPARROW,cried,11
THE DOG AND THE SPARROW,cruel,2
THE DOG AND THE SPARROW,cruelty,2
THE DOG AND THE SPARROW,crushed,1
THE DOG AND THE SPARROW,dead,3
THE DOG AND THE SPARROW,death,2
THE DOG AND THE SPARROW,deed,1
THE DOG AND THE SPARROW,did,1
THE DOG AND THE SPARROW,die,1
THE DOG AND THE SPARROW,do,4
THE DOG AND THE SPARROW,dog,11
THE DOG AND THE SPARROW,done,2
THE DOG AND THE SPARROW,down,8
THE DOG AND THE SPARROW,drawn,1
THE DOG AND THE SPARROW,drew,1
THE DOG AND THE SPARROW,dripping,1
THE DOG AND THE SPARROW,drive,1
THE DOG AND THE SPARROW,drove,1
THE DOG AND THE SPARROW,easily,1
THE DOG AND THE SPARROW,eat,3
THE DOG AND THE SPARROW,eaten,2
THE DOG AND THE SPARROW,eating,2
THE DOG AND THE SPARROW,edge,1
THE DOG AND THE SPARROW,empty,1
THE DOG AND THE SPARROW,end,1
THE DOG AND THE SPARROW,enough,8
THE DOG AND THE SPARROW,fallen,1
THE DOG AND THE SPARROW,far,1
THE DOG AND THE SPARROW,fast,1
THE DOG AND THE SPARROW,fell,7
THE DOG AND THE SPARROW,find,1
THE DOG AND THE SPARROW,first,1
THE DOG AND THE SPARROW,flew,6
THE DOG AND THE SPARROW,floor,1
THE DOG AND THE SPARROW,flutter,1
THE DOG AND THE SPARROW,food,1
THE DOG AND THE SPARROW,for,6
THE DOG AND THE SPARROW,force,2
THE DOG AND THE SPARROW,forced,1
THE DOG AND THE SPARROW,friend,3
THE DOG AND THE SPARROW,from,1
THE DOG AND THE SPARROW,furious,1
THE DOG AND THE SPARROW,furniture,1
THE DOG AND THE SPARROW,fury,1
THE DOG AND THE SPARROW,gave,1
THE DOG AND THE SPARROW,glasses,1
THE DOG AND THE SPARROW,go,2
THE DOG AND THE SPARROW,gone,2
THE DOG AND THE SPARROW,good,1
THE DOG AND THE SPARROW,greatest,1
THE DOG AND THE SPARROW,grumbling,1
THE DOG AND THE SPARROW,had,10
THE DOG AND THE SPARROW,hand,1
THE DOG AND THE SPARROW,harm,1
THE DOG AND THE SPARROW,has,3
THE DOG AND THE SPARROW,hast,1
THE DOG AND THE SPARROW,hatchet,4
THE DOG AND THE SPARROW,have,7
THE DOG AND THE SPARROW,having,1
THE DOG AND THE SPARROW,he,32
THE DOG AND THE SPARROW,head,4
THE DOG AND THE SPARROW,heels,1
THE DOG AND THE SPARROW,her,15
THE DOG AND THE SPARROW,high,1
THE DOG AND THE SPARROW,him,16
THE DOG AND THE SPARROW,himself,3
THE DOG AND THE SPARROW,his,13
THE DOG AND THE SPARROW,hit,1
THE DOG AND THE SPARROW,home,2
THE DOG AND THE SPARROW,hopped,1
THE DOG AND THE SPARROW,horse,5
THE DOG AND THE SPARROW,horses,4
THE DOG AND THE SPARROW,house,2
THE DOG AND THE SPARROW,however,1
THE DOG AND THE SPARROW,hunger,1
THE DOG AND THE SPARROW,hungry,1
THE DOG AND THE SPARROW,husband,3
THE DOG AND THE SPARROW,i,20
THE DOG AND THE SPARROW,if,3
THE DOG AND THE SPARROW,ill,1
THE DOG AND THE SPARROW,in,14
THE DOG AND THE SPARROW,indeed,1
THE DOG AND THE SPARROW,into,5
THE DOG AND THE SPARROW,is,2
THE DOG AND THE SPARROW,it,16
THE DOG AND THE SPARROW,jumped,1
THE DOG AND THE SPARROW,kicked,1
THE DOG AND THE SPARROW,kill,3
THE DOG AND THE SPARROW,killed,3
THE DOG AND THE SPARROW,kitchen,1
THE DOG AND THE SPARROW,last,5
THE DOG AND THE SPARROW,lay,3
THE DOG AND THE SPARROW,leave,1
THE DOG AND THE SPARROW,let,2
THE DOG AND THE SPARROW,letting,1
THE DOG AND THE SPARROW,life,4
THE DOG AND THE SPARROW,like,2
THE DOG AND THE SPARROW,little,2
THE DOG AND THE SPARROW,loaded,1
THE DOG AND THE SPARROW,loft,1
THE DOG AND THE SPARROW,longer,2
THE DOG AND THE SPARROW,looked,2
THE DOG AND THE SPARROW,looking,1
THE DOG AND THE SPARROW,loosened,1
THE DOG AND THE SPARROW,lost,1
THE DOG AND THE SPARROW,luck,1
THE DOG AND THE SPARROW,mad,2
THE DOG AND THE SPARROW,make,1
THE DOG AND THE SPARROW,master,1
THE DOG AND THE SPARROW,me,6
THE DOG AND THE SPARROW,meaning,1
THE DOG AND THE SPARROW,meantime,1
THE DOG AND THE SPARROW,meat,2
THE DOG AND THE SPARROW,met,1
THE DOG AND THE SPARROW,midst,1
THE DOG AND THE SPARROW,mind,1
THE DOG AND THE SPARROW,miserable,2
THE DOG AND THE SPARROW,missed,2
THE DOG AND THE SPARROW,mood,1
THE DOG AND THE SPARROW,more,4
THE DOG AND THE SPARROW,mr,1
THE DOG AND THE SPARROW,much,2
THE DOG AND THE SPARROW,my,6
THE DOG AND THE SPARROW,nap,1
THE DOG AND THE SPARROW,neck,1
THE DOG AND THE SPARROW,nest,1
THE DOG AND THE SPARROW,next,2
THE DOG AND THE SPARROW,no,4
THE DOG AND THE SPARROW,not,9
THE DOG AND THE SPARROW,nothing,1
THE DOG AND THE SPARROW,now,6
THE DOG AND THE SPARROW,of,21
THE DOG AND THE SPARROW,off,2
THE DOG AND THE SPARROW,often,1
THE DOG AND THE SPARROW,on,10
THE DOG AND THE SPARROW,once,1
THE DOG AND THE SPARROW,one,2
THE DOG AND THE SPARROW,only,1
THE DOG AND THE SPARROW,or,2
THE DOG AND THE SPARROW,other,2
THE DOG AND THE SPARROW,our,1
THE DOG AND THE SPARROW,out,11
THE DOG AND THE SPARROW,outside,1
THE DOG AND THE SPARROW,over,2
THE DOG AND THE SPARROW,overflowing,1
THE DOG AND THE SPARROW,own,1
THE DOG AND THE SPARROW,passed,2
THE DOG AND THE SPARROW,peck,3
THE DOG AND THE SPARROW,pecked,7
THE DOG AND THE SPARROW,perch,1
THE DOG AND THE SPARROW,perched,3
THE DOG AND THE SPARROW,perching,1
THE DOG AND THE SPARROW,piece,2
THE DOG AND THE SPARROW,place,2
THE DOG AND THE SPARROW,plague,1
THE DOG AND THE SPARROW,plenty,2
THE DOG AND THE SPARROW,poor,2
THE DOG AND THE SPARROW,punish,1
THE DOG AND THE SPARROW,quietly,1
THE DOG AND THE SPARROW,quite,1
THE DOG AND THE SPARROW,rage,3
THE DOG AND THE SPARROW,ran,5
THE DOG AND THE SPARROW,rate,1
THE DOG AND THE SPARROW,reared,1
THE DOG AND THE SPARROW,replied,1
THE DOG AND THE SPARROW,road,3
THE DOG AND THE SPARROW,rolls,1
THE DOG AND THE SPARROW,round,1
THE DOG AND THE SPARROW,s,4
THE DOG AND THE SPARROW,sad,2
THE DOG AND THE SPARROW,said,16
THE DOG AND THE SPARROW,sat,2
THE DOG AND THE SPARROW,saw,5
THE DOG AND THE SPARROW,say,1
THE DOG AND THE SPARROW,scrambled,1
THE DOG AND THE SPARROW,scratched,1
THE DOG AND THE SPARROW,second,3
THE DOG AND THE SPARROW,see,1
THE DOG AND THE SPARROW,seeing,3
THE DOG AND THE SPARROW,seized,1
THE DOG AND THE SPARROW,shall,10
THE DOG AND THE SPARROW,she,14
THE DOG AND THE SPARROW,shelf,2
THE DOG AND THE SPARROW,shepherd,1
THE DOG AND THE SPARROW,shop,4
THE DOG AND THE SPARROW,should,2
THE DOG AND THE SPARROW,sitting,1
THE DOG AND THE SPARROW,slept,1
THE DOG AND THE SPARROW,snapped,1
THE DOG AND THE SPARROW,so,15
THE DOG AND THE SPARROW,some,2
THE DOG AND THE SPARROW,soon,3
THE DOG AND THE SPARROW,sorrowful,1
THE DOG AND THE SPARROW,sorry,1
THE DOG AND THE SPARROW,sparrow,27
THE DOG AND THE SPARROW,spilt,1
THE DOG AND THE SPARROW,spot,1
THE DOG AND THE SPARROW,stand,1
THE DOG AND THE SPARROW,steak,2
THE DOG AND THE SPARROW,still,2
THE DOG AND THE SPARROW,stop,2
THE DOG AND THE SPARROW,stretch,1
THE DOG AND THE SPARROW,stretched,1
THE DOG AND THE SPARROW,strike,1
THE DOG AND THE SPARROW,struck,4
THE DOG AND THE SPARROW,such,3
THE DOG AND THE SPARROW,suffer,1
THE DOG AND THE SPARROW,sulkily,1
THE DOG AND THE SPARROW,sure,1
THE DOG AND THE SPARROW,table,1
THE DOG AND THE SPARROW,take,2
THE DOG AND THE SPARROW,that,26
THE DOG AND THE SPARROW,the,115
THE DOG AND THE SPARROW,thee,6
THE DOG AND THE SPARROW,their,1
THE DOG AND THE SPARROW,them,1
THE DOG AND THE SPARROW,then,4
THE DOG AND THE SPARROW,there,3
THE DOG AND THE SPARROW,they,8
THE DOG AND THE SPARROW,thine,1
THE DOG AND THE SPARROW,third,2
THE DOG AND THE SPARROW,this,4
THE DOG AND THE SPARROW,thou,3
THE DOG AND THE SPARROW,thousands,1
THE DOG AND THE SPARROW,three,2
THE DOG AND THE SPARROW,threw,1
THE DOG AND THE SPARROW,thus,1
THE DOG AND THE SPARROW,thy,7
THE DOG AND THE SPARROW,till,5
THE DOG AND THE SPARROW,tilt,2
THE DOG AND THE SPARROW,tired,1
THE DOG AND THE SPARROW,to,23
THE DOG AND THE SPARROW,together,1
THE DOG AND THE SPARROW,too,5
THE DOG AND THE SPARROW,took,4
THE DOG AND THE SPARROW,touching,1
THE DOG AND THE SPARROW,town,3
THE DOG AND THE SPARROW,track,1
THE DOG AND THE SPARROW,turn,1
THE DOG AND THE SPARROW,two,5
THE DOG AND THE SPARROW,under,2
THE DOG AND THE SPARROW,unlucky,4
THE DOG AND THE SPARROW,up,7
THE DOG AND THE SPARROW,upon,11
THE DOG AND THE SPARROW,upstairs,1
THE DOG AND THE SPARROW,us,1
THE DOG AND THE SPARROW,very,5
THE DOG AND THE SPARROW,vexation,1
THE DOG AND THE SPARROW,villain,1
THE DOG AND THE SPARROW,wait,1
THE DOG AND THE SPARROW,walk,1
THE DOG AND THE SPARROW,walls,1
THE DOG AND THE SPARROW,warm,1
THE DOG AND THE SPARROW,was,9
THE DOG AND THE SPARROW,watching,1
THE DOG AND THE SPARROW,way,2
THE DOG AND THE SPARROW,weather,1
THE DOG AND THE SPARROW,welcome,1
THE DOG AND THE SPARROW,well,3
THE DOG AND THE SPARROW,went,4
THE DOG AND THE SPARROW,were,1
THE DOG AND THE SPARROW,what,7
THE DOG AND THE SPARROW,wheels,1
THE DOG AND THE SPARROW,when,4
THE DOG AND THE SPARROW,where,1
THE DOG AND THE SPARROW,whether,1
THE DOG AND THE SPARROW,which,1
THE DOG AND THE SPARROW,while,1
THE DOG AND THE SPARROW,whilst,1
THE DOG AND THE SPARROW,whip,1
THE DOG AND THE SPARROW,who,1
THE DOG AND THE SPARROW,why,1
THE DOG AND THE SPARROW,wicked,1
THE DOG AND THE SPARROW,wife,6
THE DOG AND THE SPARROW,will,6
THE DOG AND THE SPARROW,window,3
THE DOG AND THE SPARROW,windowseat,2
THE DOG AND THE SPARROW,wine,4
THE DOG AND THE SPARROW,wished,1
THE DOG AND THE SPARROW,with,17
THE DOG AND THE SPARROW,without,3
THE DOG AND THE SPARROW,world,1
THE DOG AND THE SPARROW,worse,2
THE DOG AND THE SPARROW,worst,1
THE DOG AND THE SPARROW,worth,1
THE DOG AND THE SPARROW,would,1
THE DOG AND THE SPARROW,wretch,12
THE DOG AND THE SPARROW,yes,1
THE DOG AND THE SPARROW,yet,8
THE DOG AND THE SPARROW,you,12
THE DOG AND THE SPARROW,your,1
THE ELVES AND THE SHOEMAKER,a,13
THE ELVES AND THE SHOEMAKER,about,4
THE ELVES AND THE SHOEMAKER,after,1
THE ELVES AND THE SHOEMAKER,again,2
THE ELVES AND THE SHOEMAKER,all,10
THE ELVES AND THE SHOEMAKER,always,1
THE ELVES AND THE SHOEMAKER,am,1
THE ELVES AND THE SHOEMAKER,amidst,1
THE ELVES AND THE SHOEMAKER,an,2
THE ELVES AND THE SHOEMAKER,and,44
THE ELVES AND THE SHOEMAKER,as,12
THE ELVES AND THE SHOEMAKER,asleep,1
THE ELVES AND THE SHOEMAKER,at,6
THE ELVES AND THE SHOEMAKER,away,3
THE ELVES AND THE SHOEMAKER,backs,1
THE ELVES AND THE SHOEMAKER,bargain,1
THE ELVES AND THE SHOEMAKER,be,2
THE ELVES AND THE SHOEMAKER,became,1
THE ELVES AND THE SHOEMAKER,bed,2
THE ELVES AND THE SHOEMAKER,before,2
THE ELVES AND THE SHOEMAKER,began,1
THE ELVES AND THE SHOEMAKER,begin,1
THE ELVES AND THE SHOEMAKER,behind,1
THE ELVES AND THE SHOEMAKER,bench,1
THE ELVES AND THE SHOEMAKER,betimes,1
THE ELVES AND THE SHOEMAKER,bought,2
THE ELVES AND THE SHOEMAKER,burning,1
THE ELVES AND THE SHOEMAKER,bustled,1
THE ELVES AND THE SHOEMAKER,but,4
THE ELVES AND THE SHOEMAKER,buyers,1
THE ELVES AND THE SHOEMAKER,by,1
THE ELVES AND THE SHOEMAKER,came,4
THE ELVES AND THE SHOEMAKER,can,1
THE ELVES AND THE SHOEMAKER,capered,1
THE ELVES AND THE SHOEMAKER,cares,1
THE ELVES AND THE SHOEMAKER,chatting,1
THE ELVES AND THE SHOEMAKER,christmastime,1
THE ELVES AND THE SHOEMAKER,chuckled,1
THE ELVES AND THE SHOEMAKER,clear,1
THE ELVES AND THE SHOEMAKER,clothes,1
THE ELVES AND THE SHOEMAKER,coat,1
THE ELVES AND THE SHOEMAKER,cobbler,1
THE ELVES AND THE SHOEMAKER,cold,1
THE ELVES AND THE SHOEMAKER,comes,1
THE ELVES AND THE SHOEMAKER,conscience,1
THE ELVES AND THE SHOEMAKER,corner,1
THE ELVES AND THE SHOEMAKER,could,3
THE ELVES AND THE SHOEMAKER,couple,1
THE ELVES AND THE SHOEMAKER,curtain,1
THE ELVES AND THE SHOEMAKER,customer,1
THE ELVES AND THE SHOEMAKER,cut,5
THE ELVES AND THE SHOEMAKER,danced,2
THE ELVES AND THE SHOEMAKER,dancing,1
THE ELVES AND THE SHOEMAKER,day,4
THE ELVES AND THE SHOEMAKER,daybreak,2
THE ELVES AND THE SHOEMAKER,decent,1
THE ELVES AND THE SHOEMAKER,delighted,1
THE ELVES AND THE SHOEMAKER,do,4
THE ELVES AND THE SHOEMAKER,does,1
THE ELVES AND THE SHOEMAKER,done,4
THE ELVES AND THE SHOEMAKER,door,1
THE ELVES AND THE SHOEMAKER,down,2
THE ELVES AND THE SHOEMAKER,dressed,1
THE ELVES AND THE SHOEMAKER,dwarfs,1
THE ELVES AND THE SHOEMAKER,each,2
THE ELVES AND THE SHOEMAKER,early,2
THE ELVES AND THE SHOEMAKER,earn,1
THE ELVES AND THE SHOEMAKER,elves,1
THE ELVES AND THE SHOEMAKER,enough,4
THE ELVES AND THE SHOEMAKER,evening,4
THE ELVES AND THE SHOEMAKER,everything,1
THE ELVES AND THE SHOEMAKER,eye,1
THE ELVES AND THE SHOEMAKER,eyes,1
THE ELVES AND THE SHOEMAKER,false,1
THE ELVES AND THE SHOEMAKER,fell,1
THE ELVES AND THE SHOEMAKER,fingers,1
THE ELVES AND THE SHOEMAKER,fire,1
THE ELVES AND THE SHOEMAKER,for,9
THE ELVES AND THE SHOEMAKER,forward,1
THE ELVES AND THE SHOEMAKER,found,1
THE ELVES AND THE SHOEMAKER,four,1
THE ELVES AND THE SHOEMAKER,from,1
THE ELVES AND THE SHOEMAKER,get,1
THE ELVES AND THE SHOEMAKER,gone,1
THE ELVES AND THE SHOEMAKER,good,5
THE ELVES AND THE SHOEMAKER,goods,1
THE ELVES AND THE SHOEMAKER,got,2
THE ELVES AND THE SHOEMAKER,great,1
THE ELVES AND THE SHOEMAKER,green,1
THE ELVES AND THE SHOEMAKER,had,2
THE ELVES AND THE SHOEMAKER,hand,1
THE ELVES AND THE SHOEMAKER,handsomely,1
THE ELVES AND THE SHOEMAKER,happen,1
THE ELVES AND THE SHOEMAKER,happening,1
THE ELVES AND THE SHOEMAKER,hard,1
THE ELVES AND THE SHOEMAKER,have,2
THE ELVES AND THE SHOEMAKER,he,16
THE ELVES AND THE SHOEMAKER,heart,1
THE ELVES AND THE SHOEMAKER,heaven,1
THE ELVES AND THE SHOEMAKER,her,1
THE ELVES AND THE SHOEMAKER,hid,2
THE ELVES AND THE SHOEMAKER,higher,1
THE ELVES AND THE SHOEMAKER,him,2
THE ELVES AND THE SHOEMAKER,himself,1
THE ELVES AND THE SHOEMAKER,his,13
THE ELVES AND THE SHOEMAKER,honest,1
THE ELVES AND THE SHOEMAKER,hopped,1
THE ELVES AND THE SHOEMAKER,hung,1
THE ELVES AND THE SHOEMAKER,i,4
THE ELVES AND THE SHOEMAKER,if,1
THE ELVES AND THE SHOEMAKER,in,14
THE ELVES AND THE SHOEMAKER,indeed,1
THE ELVES AND THE SHOEMAKER,instead,1
THE ELVES AND THE SHOEMAKER,into,1
THE ELVES AND THE SHOEMAKER,is,2
THE ELVES AND THE SHOEMAKER,it,6
THE ELVES AND THE SHOEMAKER,job,2
THE ELVES AND THE SHOEMAKER,just,1
THE ELVES AND THE SHOEMAKER,keep,1
THE ELVES AND THE SHOEMAKER,knew,1
THE ELVES AND THE SHOEMAKER,laid,1
THE ELVES AND THE SHOEMAKER,last,2
THE ELVES AND THE SHOEMAKER,laughed,1
THE ELVES AND THE SHOEMAKER,leather,4
THE ELVES AND THE SHOEMAKER,left,2
THE ELVES AND THE SHOEMAKER,light,2
THE ELVES AND THE SHOEMAKER,lightning,1
THE ELVES AND THE SHOEMAKER,like,1
THE ELVES AND THE SHOEMAKER,liked,1
THE ELVES AND THE SHOEMAKER,little,5
THE ELVES AND THE SHOEMAKER,live,1
THE ELVES AND THE SHOEMAKER,lived,1
THE ELVES AND THE SHOEMAKER,ll,1
THE ELVES AND THE SHOEMAKER,long,2
THE ELVES AND THE SHOEMAKER,looked,1
THE ELVES AND THE SHOEMAKER,lying,1
THE ELVES AND THE SHOEMAKER,made,2
THE ELVES AND THE SHOEMAKER,make,5
THE ELVES AND THE SHOEMAKER,man,2
THE ELVES AND THE SHOEMAKER,masterpiece,1
THE ELVES AND THE SHOEMAKER,may,1
THE ELVES AND THE SHOEMAKER,me,1
THE ELVES AND THE SHOEMAKER,meaning,1
THE ELVES AND THE SHOEMAKER,merry,1
THE ELVES AND THE SHOEMAKER,midnight,2
THE ELVES AND THE SHOEMAKER,might,1
THE ELVES AND THE SHOEMAKER,mightily,1
THE ELVES AND THE SHOEMAKER,money,1
THE ELVES AND THE SHOEMAKER,more,3
THE ELVES AND THE SHOEMAKER,morning,4
THE ELVES AND THE SHOEMAKER,much,1
THE ELVES AND THE SHOEMAKER,my,1
THE ELVES AND THE SHOEMAKER,naked,1
THE ELVES AND THE SHOEMAKER,neat,1
THE ELVES AND THE SHOEMAKER,next,3
THE ELVES AND THE SHOEMAKER,no,1
THE ELVES AND THE SHOEMAKER,not,5
THE ELVES AND THE SHOEMAKER,nothing,1
THE ELVES AND THE SHOEMAKER,odd,1
THE ELVES AND THE SHOEMAKER,of,8
THE ELVES AND THE SHOEMAKER,off,3
THE ELVES AND THE SHOEMAKER,on,3
THE ELVES AND THE SHOEMAKER,once,1
THE ELVES AND THE SHOEMAKER,one,4
THE ELVES AND THE SHOEMAKER,or,1
THE ELVES AND THE SHOEMAKER,ought,1
THE ELVES AND THE SHOEMAKER,out,6
THE ELVES AND THE SHOEMAKER,over,2
THE ELVES AND THE SHOEMAKER,overnight,1
THE ELVES AND THE SHOEMAKER,paid,2
THE ELVES AND THE SHOEMAKER,pair,4
THE ELVES AND THE SHOEMAKER,pairs,1
THE ELVES AND THE SHOEMAKER,pantaloons,1
THE ELVES AND THE SHOEMAKER,peaceably,1
THE ELVES AND THE SHOEMAKER,pleased,1
THE ELVES AND THE SHOEMAKER,ply,1
THE ELVES AND THE SHOEMAKER,poor,1
THE ELVES AND THE SHOEMAKER,prayers,1
THE ELVES AND THE SHOEMAKER,price,1
THE ELVES AND THE SHOEMAKER,quick,1
THE ELVES AND THE SHOEMAKER,quite,3
THE ELVES AND THE SHOEMAKER,rapping,1
THE ELVES AND THE SHOEMAKER,rate,1
THE ELVES AND THE SHOEMAKER,ready,6
THE ELVES AND THE SHOEMAKER,rich,1
THE ELVES AND THE SHOEMAKER,rise,1
THE ELVES AND THE SHOEMAKER,room,2
THE ELVES AND THE SHOEMAKER,round,1
THE ELVES AND THE SHOEMAKER,run,1
THE ELVES AND THE SHOEMAKER,s,1
THE ELVES AND THE SHOEMAKER,said,3
THE ELVES AND THE SHOEMAKER,same,1
THE ELVES AND THE SHOEMAKER,sat,2
THE ELVES AND THE SHOEMAKER,save,1
THE ELVES AND THE SHOEMAKER,saved,1
THE ELVES AND THE SHOEMAKER,saw,2
THE ELVES AND THE SHOEMAKER,say,1
THE ELVES AND THE SHOEMAKER,see,2
THE ELVES AND THE SHOEMAKER,seemed,1
THE ELVES AND THE SHOEMAKER,shirt,1
THE ELVES AND THE SHOEMAKER,shoemaker,5
THE ELVES AND THE SHOEMAKER,shoes,5
THE ELVES AND THE SHOEMAKER,should,1
THE ELVES AND THE SHOEMAKER,sit,2
THE ELVES AND THE SHOEMAKER,sitting,1
THE ELVES AND THE SHOEMAKER,skipping,1
THE ELVES AND THE SHOEMAKER,so,6
THE ELVES AND THE SHOEMAKER,some,1
THE ELVES AND THE SHOEMAKER,soon,4
THE ELVES AND THE SHOEMAKER,sorry,1
THE ELVES AND THE SHOEMAKER,sprang,1
THE ELVES AND THE SHOEMAKER,still,1
THE ELVES AND THE SHOEMAKER,stitch,1
THE ELVES AND THE SHOEMAKER,stitching,1
THE ELVES AND THE SHOEMAKER,stood,2
THE ELVES AND THE SHOEMAKER,such,2
THE ELVES AND THE SHOEMAKER,suited,1
THE ELVES AND THE SHOEMAKER,table,3
THE ELVES AND THE SHOEMAKER,take,1
THE ELVES AND THE SHOEMAKER,tapping,1
THE ELVES AND THE SHOEMAKER,tell,1
THE ELVES AND THE SHOEMAKER,than,1
THE ELVES AND THE SHOEMAKER,thankful,1
THE ELVES AND THE SHOEMAKER,that,11
THE ELVES AND THE SHOEMAKER,the,49
THE ELVES AND THE SHOEMAKER,their,3
THE ELVES AND THE SHOEMAKER,them,11
THE ELVES AND THE SHOEMAKER,themselves,4
THE ELVES AND THE SHOEMAKER,then,5
THE ELVES AND THE SHOEMAKER,there,5
THE ELVES AND THE SHOEMAKER,these,1
THE ELVES AND THE SHOEMAKER,they,14
THE ELVES AND THE SHOEMAKER,thing,1
THE ELVES AND THE SHOEMAKER,things,1
THE ELVES AND THE SHOEMAKER,think,1
THE ELVES AND THE SHOEMAKER,this,1
THE ELVES AND THE SHOEMAKER,thought,2
THE ELVES AND THE SHOEMAKER,thriving,1
THE ELVES AND THE SHOEMAKER,till,2
THE ELVES AND THE SHOEMAKER,time,2
THE ELVES AND THE SHOEMAKER,to,25
THE ELVES AND THE SHOEMAKER,together,1
THE ELVES AND THE SHOEMAKER,tonight,1
THE ELVES AND THE SHOEMAKER,took,1
THE ELVES AND THE SHOEMAKER,trouble,1
THE ELVES AND THE SHOEMAKER,troubles,1
THE ELVES AND THE SHOEMAKER,true,1
THE ELVES AND THE SHOEMAKER,turn,1
THE ELVES AND THE SHOEMAKER,twinkling,1
THE ELVES AND THE SHOEMAKER,two,2
THE ELVES AND THE SHOEMAKER,up,6
THE ELVES AND THE SHOEMAKER,upon,5
THE ELVES AND THE SHOEMAKER,us,1
THE ELVES AND THE SHOEMAKER,use,1
THE ELVES AND THE SHOEMAKER,used,1
THE ELVES AND THE SHOEMAKER,usual,2
THE ELVES AND THE SHOEMAKER,very,4
THE ELVES AND THE SHOEMAKER,waistcoat,1
THE ELVES AND THE SHOEMAKER,was,17
THE ELVES AND THE SHOEMAKER,watch,2
THE ELVES AND THE SHOEMAKER,watched,1
THE ELVES AND THE SHOEMAKER,we,3
THE ELVES AND THE SHOEMAKER,well,3
THE ELVES AND THE SHOEMAKER,went,7
THE ELVES AND THE SHOEMAKER,were,2
THE ELVES AND THE SHOEMAKER,what,5
THE ELVES AND THE SHOEMAKER,when,4
THE ELVES AND THE SHOEMAKER,who,3
THE ELVES AND THE SHOEMAKER,whole,1
THE ELVES AND THE SHOEMAKER,wife,3
THE ELVES AND THE SHOEMAKER,wights,1
THE ELVES AND THE SHOEMAKER,will,1
THE ELVES AND THE SHOEMAKER,willingly,1
THE ELVES AND THE SHOEMAKER,with,3
THE ELVES AND THE SHOEMAKER,wonder,2
THE ELVES AND THE SHOEMAKER,work,9
THE ELVES AND THE SHOEMAKER,worked,1
THE ELVES AND THE SHOEMAKER,workmanship,1
THE ELVES AND THE SHOEMAKER,world,1
THE ELVES AND THE SHOEMAKER,would,2
THE ELVES AND THE SHOEMAKER,you,2
THE FISHERMAN AND HIS WIFE,a,56
THE FISHERMAN AND HIS WIFE,about,4
THE FISHERMAN AND HIS WIFE,afishing,1
THE FISHERMAN AND HIS WIFE,after,1
THE FISHERMAN AND HIS WIFE,again,6
THE FISHERMAN AND HIS WIFE,ah,9
THE FISHERMAN AND HIS WIFE,alas,3
THE FISHERMAN AND HIS WIFE,all,13
THE FISHERMAN AND HIS WIFE,along,2
THE FISHERMAN AND HIS WIFE,already,5
THE FISHERMAN AND HIS WIFE,am,9
THE FISHERMAN AND HIS WIFE,an,4
THE FISHERMAN AND HIS WIFE,and,114
THE FISHERMAN AND HIS WIFE,angry,2
THE FISHERMAN AND HIS WIFE,any,1
THE FISHERMAN AND HIS WIFE,anything,2
THE FISHERMAN AND HIS WIFE,are,5
THE FISHERMAN AND HIS WIFE,arose,1
THE FISHERMAN AND HIS WIFE,around,2
THE FISHERMAN AND HIS WIFE,as,23
THE FISHERMAN AND HIS WIFE,ask,3
THE FISHERMAN AND HIS WIFE,asked,1
THE FISHERMAN AND HIS WIFE,asleep,2
THE FISHERMAN AND HIS WIFE,at,16
THE FISHERMAN AND HIS WIFE,attendants,1
THE FISHERMAN AND HIS WIFE,away,4
THE FISHERMAN AND HIS WIFE,awoke,1
THE FISHERMAN AND HIS WIFE,back,3
THE FISHERMAN AND HIS WIFE,be,30
THE FISHERMAN AND HIS WIFE,beautiful,1
THE FISHERMAN AND HIS WIFE,became,1
THE FISHERMAN AND HIS WIFE,bed,3
THE FISHERMAN AND HIS WIFE,bedchamber,1
THE FISHERMAN AND HIS WIFE,before,4
THE FISHERMAN AND HIS WIFE,beg,6
THE FISHERMAN AND HIS WIFE,begin,1
THE FISHERMAN AND HIS WIFE,behind,4
THE FISHERMAN AND HIS WIFE,being,2
THE FISHERMAN AND HIS WIFE,bestir,1
THE FISHERMAN AND HIS WIFE,better,1
THE FISHERMAN AND HIS WIFE,bigger,1
THE FISHERMAN AND HIS WIFE,biggest,1
THE FISHERMAN AND HIS WIFE,billows,1
THE FISHERMAN AND HIS WIFE,black,3
THE FISHERMAN AND HIS WIFE,blew,1
THE FISHERMAN AND HIS WIFE,blood,1
THE FISHERMAN AND HIS WIFE,blue,2
THE FISHERMAN AND HIS WIFE,boiling,1
THE FISHERMAN AND HIS WIFE,boon,6
THE FISHERMAN AND HIS WIFE,bottom,1
THE FISHERMAN AND HIS WIFE,brink,1
THE FISHERMAN AND HIS WIFE,broad,1
THE FISHERMAN AND HIS WIFE,broke,1
THE FISHERMAN AND HIS WIFE,burning,1
THE FISHERMAN AND HIS WIFE,business,1
THE FISHERMAN AND HIS WIFE,but,14
THE FISHERMAN AND HIS WIFE,by,1
THE FISHERMAN AND HIS WIFE,calm,1
THE FISHERMAN AND HIS WIFE,came,7
THE FISHERMAN AND HIS WIFE,can,11
THE FISHERMAN AND HIS WIFE,castle,7
THE FISHERMAN AND HIS WIFE,caught,2
THE FISHERMAN AND HIS WIFE,chairs,1
THE FISHERMAN AND HIS WIFE,cheerful,1
THE FISHERMAN AND HIS WIFE,chickens,1
THE FISHERMAN AND HIS WIFE,christendom,1
THE FISHERMAN AND HIS WIFE,church,1
THE FISHERMAN AND HIS WIFE,close,3
THE FISHERMAN AND HIS WIFE,clouds,1
THE FISHERMAN AND HIS WIFE,colour,1
THE FISHERMAN AND HIS WIFE,come,3
THE FISHERMAN AND HIS WIFE,cottage,7
THE FISHERMAN AND HIS WIFE,could,3
THE FISHERMAN AND HIS WIFE,courtyard,3
THE FISHERMAN AND HIS WIFE,cowhouses,1
THE FISHERMAN AND HIS WIFE,crept,1
THE FISHERMAN AND HIS WIFE,cried,2
THE FISHERMAN AND HIS WIFE,crown,2
THE FISHERMAN AND HIS WIFE,crowns,2
THE FISHERMAN AND HIS WIFE,curling,1
THE FISHERMAN AND HIS WIFE,dame,3
THE FISHERMAN AND HIS WIFE,dark,1
THE FISHERMAN AND HIS WIFE,darted,1
THE FISHERMAN AND HIS WIFE,day,4
THE FISHERMAN AND HIS WIFE,daylight,1
THE FISHERMAN AND HIS WIFE,deal,1
THE FISHERMAN AND HIS WIFE,deep,1
THE FISHERMAN AND HIS WIFE,deer,1
THE FISHERMAN AND HIS WIFE,diamonds,1
THE FISHERMAN AND HIS WIFE,did,2
THE FISHERMAN AND HIS WIFE,dirty,1
THE FISHERMAN AND HIS WIFE,do,4
THE FISHERMAN AND HIS WIFE,does,5
THE FISHERMAN AND HIS WIFE,dolefully,1
THE FISHERMAN AND HIS WIFE,don,2
THE FISHERMAN AND HIS WIFE,done,1
THE FISHERMAN AND HIS WIFE,door,1
THE FISHERMAN AND HIS WIFE,down,5
THE FISHERMAN AND HIS WIFE,dragged,1
THE FISHERMAN AND HIS WIFE,drawing,1
THE FISHERMAN AND HIS WIFE,dreadful,2
THE FISHERMAN AND HIS WIFE,dreadfully,1
THE FISHERMAN AND HIS WIFE,dropping,1
THE FISHERMAN AND HIS WIFE,drums,1
THE FISHERMAN AND HIS WIFE,ducks,1
THE FISHERMAN AND HIS WIFE,dukes,1
THE FISHERMAN AND HIS WIFE,dwarf,1
THE FISHERMAN AND HIS WIFE,each,5
THE FISHERMAN AND HIS WIFE,earls,1
THE FISHERMAN AND HIS WIFE,easy,3
THE FISHERMAN AND HIS WIFE,edge,2
THE FISHERMAN AND HIS WIFE,elbow,1
THE FISHERMAN AND HIS WIFE,emperor,11
THE FISHERMAN AND HIS WIFE,enchanted,2
THE FISHERMAN AND HIS WIFE,enough,1
THE FISHERMAN AND HIS WIFE,everything,1
THE FISHERMAN AND HIS WIFE,fair,1
THE FISHERMAN AND HIS WIFE,fear,1
THE FISHERMAN AND HIS WIFE,fearfully,1
THE FISHERMAN AND HIS WIFE,fell,1
THE FISHERMAN AND HIS WIFE,filthy,1
THE FISHERMAN AND HIS WIFE,fine,2
THE FISHERMAN AND HIS WIFE,finger,1
THE FISHERMAN AND HIS WIFE,fish,27
THE FISHERMAN AND HIS WIFE,fisherman,25
THE FISHERMAN AND HIS WIFE,float,1
THE FISHERMAN AND HIS WIFE,flowers,1
THE FISHERMAN AND HIS WIFE,foam,2
THE FISHERMAN AND HIS WIFE,for,13
THE FISHERMAN AND HIS WIFE,forced,1
THE FISHERMAN AND HIS WIFE,found,3
THE FISHERMAN AND HIS WIFE,frightened,2
THE FISHERMAN AND HIS WIFE,from,1
THE FISHERMAN AND HIS WIFE,fruits,1
THE FISHERMAN AND HIS WIFE,full,4
THE FISHERMAN AND HIS WIFE,furnished,1
THE FISHERMAN AND HIS WIFE,garden,3
THE FISHERMAN AND HIS WIFE,gate,2
THE FISHERMAN AND HIS WIFE,gazed,1
THE FISHERMAN AND HIS WIFE,get,1
THE FISHERMAN AND HIS WIFE,giant,1
THE FISHERMAN AND HIS WIFE,give,1
THE FISHERMAN AND HIS WIFE,gloomy,1
THE FISHERMAN AND HIS WIFE,go,21
THE FISHERMAN AND HIS WIFE,goats,1
THE FISHERMAN AND HIS WIFE,going,1
THE FISHERMAN AND HIS WIFE,gold,2
THE FISHERMAN AND HIS WIFE,golden,2
THE FISHERMAN AND HIS WIFE,good,1
THE FISHERMAN AND HIS WIFE,grand,2
THE FISHERMAN AND HIS WIFE,great,8
THE FISHERMAN AND HIS WIFE,greater,1
THE FISHERMAN AND HIS WIFE,greatest,1
THE FISHERMAN AND HIS WIFE,greatness,1
THE FISHERMAN AND HIS WIFE,green,1
THE FISHERMAN AND HIS WIFE,grey,1
THE FISHERMAN AND HIS WIFE,guards,1
THE FISHERMAN AND HIS WIFE,ha,1
THE FISHERMAN AND HIS WIFE,had,7
THE FISHERMAN AND HIS WIFE,half,2
THE FISHERMAN AND HIS WIFE,happily,1
THE FISHERMAN AND HIS WIFE,happy,1
THE FISHERMAN AND HIS WIFE,hares,1
THE FISHERMAN AND HIS WIFE,hath,6
THE FISHERMAN AND HIS WIFE,have,14
THE FISHERMAN AND HIS WIFE,he,42
THE FISHERMAN AND HIS WIFE,head,4
THE FISHERMAN AND HIS WIFE,heads,1
THE FISHERMAN AND HIS WIFE,heard,1
THE FISHERMAN AND HIS WIFE,hearing,1
THE FISHERMAN AND HIS WIFE,hearken,6
THE FISHERMAN AND HIS WIFE,heart,1
THE FISHERMAN AND HIS WIFE,heavens,2
THE FISHERMAN AND HIS WIFE,heavy,1
THE FISHERMAN AND HIS WIFE,her,22
THE FISHERMAN AND HIS WIFE,here,1
THE FISHERMAN AND HIS WIFE,high,2
THE FISHERMAN AND HIS WIFE,highest,1
THE FISHERMAN AND HIS WIFE,him,10
THE FISHERMAN AND HIS WIFE,his,13
THE FISHERMAN AND HIS WIFE,ho,1
THE FISHERMAN AND HIS WIFE,home,11
THE FISHERMAN AND HIS WIFE,how,7
THE FISHERMAN AND HIS WIFE,however,1
THE FISHERMAN AND HIS WIFE,husband,9
THE FISHERMAN AND HIS WIFE,i,31
THE FISHERMAN AND HIS WIFE,if,2
THE FISHERMAN AND HIS WIFE,ilsabill,12
THE FISHERMAN AND HIS WIFE,in,23
THE FISHERMAN AND HIS WIFE,into,3
THE FISHERMAN AND HIS WIFE,is,16
THE FISHERMAN AND HIS WIFE,it,20
THE FISHERMAN AND HIS WIFE,jogged,1
THE FISHERMAN AND HIS WIFE,king,14
THE FISHERMAN AND HIS WIFE,kitchen,1
THE FISHERMAN AND HIS WIFE,knees,1
THE FISHERMAN AND HIS WIFE,knocked,1
THE FISHERMAN AND HIS WIFE,know,2
THE FISHERMAN AND HIS WIFE,land,1
THE FISHERMAN AND HIS WIFE,large,2
THE FISHERMAN AND HIS WIFE,larger,1
THE FISHERMAN AND HIS WIFE,last,2
THE FISHERMAN AND HIS WIFE,least,2
THE FISHERMAN AND HIS WIFE,leave,1
THE FISHERMAN AND HIS WIFE,left,1
THE FISHERMAN AND HIS WIFE,let,5
THE FISHERMAN AND HIS WIFE,lightnings,1
THE FISHERMAN AND HIS WIFE,lights,1
THE FISHERMAN AND HIS WIFE,like,7
THE FISHERMAN AND HIS WIFE,line,1
THE FISHERMAN AND HIS WIFE,little,6
THE FISHERMAN AND HIS WIFE,live,9
THE FISHERMAN AND HIS WIFE,lived,1
THE FISHERMAN AND HIS WIFE,lives,1
THE FISHERMAN AND HIS WIFE,living,1
THE FISHERMAN AND HIS WIFE,lofty,1
THE FISHERMAN AND HIS WIFE,long,7
THE FISHERMAN AND HIS WIFE,longer,1
THE FISHERMAN AND HIS WIFE,looked,6
THE FISHERMAN AND HIS WIFE,looking,1
THE FISHERMAN AND HIS WIFE,lord,2
THE FISHERMAN AND HIS WIFE,made,1
THE FISHERMAN AND HIS WIFE,maidens,1
THE FISHERMAN AND HIS WIFE,make,7
THE FISHERMAN AND HIS WIFE,man,15
THE FISHERMAN AND HIS WIFE,many,2
THE FISHERMAN AND HIS WIFE,matter,1
THE FISHERMAN AND HIS WIFE,may,2
THE FISHERMAN AND HIS WIFE,me,15
THE FISHERMAN AND HIS WIFE,middle,1
THE FISHERMAN AND HIS WIFE,might,1
THE FISHERMAN AND HIS WIFE,mighty,1
THE FISHERMAN AND HIS WIFE,mile,1
THE FISHERMAN AND HIS WIFE,miles,1
THE FISHERMAN AND HIS WIFE,minds,1
THE FISHERMAN AND HIS WIFE,moon,3
THE FISHERMAN AND HIS WIFE,more,2
THE FISHERMAN AND HIS WIFE,morning,2
THE FISHERMAN AND HIS WIFE,mountains,1
THE FISHERMAN AND HIS WIFE,much,4
THE FISHERMAN AND HIS WIFE,muddy,1
THE FISHERMAN AND HIS WIFE,must,3
THE FISHERMAN AND HIS WIFE,muttered,1
THE FISHERMAN AND HIS WIFE,my,12
THE FISHERMAN AND HIS WIFE,nasty,1
THE FISHERMAN AND HIS WIFE,near,4
THE FISHERMAN AND HIS WIFE,need,1
THE FISHERMAN AND HIS WIFE,never,2
THE FISHERMAN AND HIS WIFE,next,3
THE FISHERMAN AND HIS WIFE,nice,1
THE FISHERMAN AND HIS WIFE,night,1
THE FISHERMAN AND HIS WIFE,no,5
THE FISHERMAN AND HIS WIFE,nonsense,2
THE FISHERMAN AND HIS WIFE,not,16
THE FISHERMAN AND HIS WIFE,nothing,2
THE FISHERMAN AND HIS WIFE,now,9
THE FISHERMAN AND HIS WIFE,o,7
THE FISHERMAN AND HIS WIFE,of,42
THE FISHERMAN AND HIS WIFE,oh,1
THE FISHERMAN AND HIS WIFE,on,12
THE FISHERMAN AND HIS WIFE,once,3
THE FISHERMAN AND HIS WIFE,one,3
THE FISHERMAN AND HIS WIFE,or,1
THE FISHERMAN AND HIS WIFE,other,2
THE FISHERMAN AND HIS WIFE,ought,2
THE FISHERMAN AND HIS WIFE,our,2
THE FISHERMAN AND HIS WIFE,out,5
THE FISHERMAN AND HIS WIFE,over,1
THE FISHERMAN AND HIS WIFE,overspread,1
THE FISHERMAN AND HIS WIFE,own,6
THE FISHERMAN AND HIS WIFE,palace,1
THE FISHERMAN AND HIS WIFE,park,1
THE FISHERMAN AND HIS WIFE,parlour,1
THE FISHERMAN AND HIS WIFE,perhaps,2
THE FISHERMAN AND HIS WIFE,piece,1
THE FISHERMAN AND HIS WIFE,pigsty,6
THE FISHERMAN AND HIS WIFE,planted,1
THE FISHERMAN AND HIS WIFE,played,1
THE FISHERMAN AND HIS WIFE,please,1
THE FISHERMAN AND HIS WIFE,pomp,1
THE FISHERMAN AND HIS WIFE,poor,1
THE FISHERMAN AND HIS WIFE,pope,12
THE FISHERMAN AND HIS WIFE,power,1
THE FISHERMAN AND HIS WIFE,pray,1
THE FISHERMAN AND HIS WIFE,pretty,1
THE FISHERMAN AND HIS WIFE,prevent,1
THE FISHERMAN AND HIS WIFE,prince,2
THE FISHERMAN AND HIS WIFE,princes,1
THE FISHERMAN AND HIS WIFE,pulled,1
THE FISHERMAN AND HIS WIFE,put,2
THE FISHERMAN AND HIS WIFE,quite,2
THE FISHERMAN AND HIS WIFE,raging,1
THE FISHERMAN AND HIS WIFE,real,1
THE FISHERMAN AND HIS WIFE,red,1
THE FISHERMAN AND HIS WIFE,replied,3
THE FISHERMAN AND HIS WIFE,rest,1
THE FISHERMAN AND HIS WIFE,richly,1
THE FISHERMAN AND HIS WIFE,ridges,1
THE FISHERMAN AND HIS WIFE,right,1
THE FISHERMAN AND HIS WIFE,rise,1
THE FISHERMAN AND HIS WIFE,rising,2
THE FISHERMAN AND HIS WIFE,rocks,1
THE FISHERMAN AND HIS WIFE,rod,1
THE FISHERMAN AND HIS WIFE,rolled,3
THE FISHERMAN AND HIS WIFE,room,1
THE FISHERMAN AND HIS WIFE,rooms,1
THE FISHERMAN AND HIS WIFE,rose,1
THE FISHERMAN AND HIS WIFE,row,1
THE FISHERMAN AND HIS WIFE,rows,1
THE FISHERMAN AND HIS WIFE,rushlight,1
THE FISHERMAN AND HIS WIFE,s,2
THE FISHERMAN AND HIS WIFE,said,59
THE FISHERMAN AND HIS WIFE,sat,1
THE FISHERMAN AND HIS WIFE,saw,4
THE FISHERMAN AND HIS WIFE,say,2
THE FISHERMAN AND HIS WIFE,says,1
THE FISHERMAN AND HIS WIFE,sea,11
THE FISHERMAN AND HIS WIFE,seashore,2
THE FISHERMAN AND HIS WIFE,seaside,1
THE FISHERMAN AND HIS WIFE,see,1
THE FISHERMAN AND HIS WIFE,seen,1
THE FISHERMAN AND HIS WIFE,sent,6
THE FISHERMAN AND HIS WIFE,servants,1
THE FISHERMAN AND HIS WIFE,shall,3
THE FISHERMAN AND HIS WIFE,she,34
THE FISHERMAN AND HIS WIFE,sheep,1
THE FISHERMAN AND HIS WIFE,ships,1
THE FISHERMAN AND HIS WIFE,shivering,1
THE FISHERMAN AND HIS WIFE,shook,1
THE FISHERMAN AND HIS WIFE,shore,4
THE FISHERMAN AND HIS WIFE,should,8
THE FISHERMAN AND HIS WIFE,side,3
THE FISHERMAN AND HIS WIFE,sight,1
THE FISHERMAN AND HIS WIFE,sir,1
THE FISHERMAN AND HIS WIFE,sitting,3
THE FISHERMAN AND HIS WIFE,six,1
THE FISHERMAN AND HIS WIFE,sizes,1
THE FISHERMAN AND HIS WIFE,sky,1
THE FISHERMAN AND HIS WIFE,slave,1
THE FISHERMAN AND HIS WIFE,sleep,2
THE FISHERMAN AND HIS WIFE,small,2
THE FISHERMAN AND HIS WIFE,smaller,1
THE FISHERMAN AND HIS WIFE,snug,2
THE FISHERMAN AND HIS WIFE,so,14
THE FISHERMAN AND HIS WIFE,soldiers,1
THE FISHERMAN AND HIS WIFE,solid,1
THE FISHERMAN AND HIS WIFE,something,1
THE FISHERMAN AND HIS WIFE,soon,2
THE FISHERMAN AND HIS WIFE,sorrowful,1
THE FISHERMAN AND HIS WIFE,sorry,1
THE FISHERMAN AND HIS WIFE,sorts,1
THE FISHERMAN AND HIS WIFE,sound,1
THE FISHERMAN AND HIS WIFE,south,1
THE FISHERMAN AND HIS WIFE,sparkling,1
THE FISHERMAN AND HIS WIFE,speak,1
THE FISHERMAN AND HIS WIFE,stables,1
THE FISHERMAN AND HIS WIFE,standing,3
THE FISHERMAN AND HIS WIFE,started,1
THE FISHERMAN AND HIS WIFE,still,1
THE FISHERMAN AND HIS WIFE,stone,2
THE FISHERMAN AND HIS WIFE,stood,5
THE FISHERMAN AND HIS WIFE,stop,1
THE FISHERMAN AND HIS WIFE,storm,2
THE FISHERMAN AND HIS WIFE,stormy,1
THE FISHERMAN AND HIS WIFE,straight,1
THE FISHERMAN AND HIS WIFE,streak,1
THE FISHERMAN AND HIS WIFE,such,1
THE FISHERMAN AND HIS WIFE,sudden,1
THE FISHERMAN AND HIS WIFE,sun,5
THE FISHERMAN AND HIS WIFE,sure,1
THE FISHERMAN AND HIS WIFE,swelling,1
THE FISHERMAN AND HIS WIFE,swim,1
THE FISHERMAN AND HIS WIFE,swimming,1
THE FISHERMAN AND HIS WIFE,t,2
THE FISHERMAN AND HIS WIFE,tables,1
THE FISHERMAN AND HIS WIFE,talk,1
THE FISHERMAN AND HIS WIFE,taller,1
THE FISHERMAN AND HIS WIFE,tallest,1
THE FISHERMAN AND HIS WIFE,tell,3
THE FISHERMAN AND HIS WIFE,than,5
THE FISHERMAN AND HIS WIFE,that,12
THE FISHERMAN AND HIS WIFE,the,143
THE FISHERMAN AND HIS WIFE,thee,6
THE FISHERMAN AND HIS WIFE,their,1
THE FISHERMAN AND HIS WIFE,them,1
THE FISHERMAN AND HIS WIFE,then,11
THE FISHERMAN AND HIS WIFE,there,10
THE FISHERMAN AND HIS WIFE,they,4
THE FISHERMAN AND HIS WIFE,thing,4
THE FISHERMAN AND HIS WIFE,think,3
THE FISHERMAN AND HIS WIFE,thinking,1
THE FISHERMAN AND HIS WIFE,this,13
THE FISHERMAN AND HIS WIFE,though,1
THE FISHERMAN AND HIS WIFE,thought,3
THE FISHERMAN AND HIS WIFE,three,1
THE FISHERMAN AND HIS WIFE,throne,3
THE FISHERMAN AND HIS WIFE,through,1
THE FISHERMAN AND HIS WIFE,thunders,1
THE FISHERMAN AND HIS WIFE,time,4
THE FISHERMAN AND HIS WIFE,tired,2
THE FISHERMAN AND HIS WIFE,to,65
THE FISHERMAN AND HIS WIFE,together,2
THE FISHERMAN AND HIS WIFE,told,2
THE FISHERMAN AND HIS WIFE,too,2
THE FISHERMAN AND HIS WIFE,tops,1
THE FISHERMAN AND HIS WIFE,tossed,1
THE FISHERMAN AND HIS WIFE,towards,2
THE FISHERMAN AND HIS WIFE,tower,1
THE FISHERMAN AND HIS WIFE,trees,1
THE FISHERMAN AND HIS WIFE,trembled,1
THE FISHERMAN AND HIS WIFE,trim,1
THE FISHERMAN AND HIS WIFE,troop,1
THE FISHERMAN AND HIS WIFE,trouble,1
THE FISHERMAN AND HIS WIFE,true,1
THE FISHERMAN AND HIS WIFE,trumpets,1
THE FISHERMAN AND HIS WIFE,try,4
THE FISHERMAN AND HIS WIFE,two,4
THE FISHERMAN AND HIS WIFE,uneasy,1
THE FISHERMAN AND HIS WIFE,up,7
THE FISHERMAN AND HIS WIFE,upon,5
THE FISHERMAN AND HIS WIFE,us,3
THE FISHERMAN AND HIS WIFE,used,1
THE FISHERMAN AND HIS WIFE,very,10
THE FISHERMAN AND HIS WIFE,wakened,1
THE FISHERMAN AND HIS WIFE,want,6
THE FISHERMAN AND HIS WIFE,wants,6
THE FISHERMAN AND HIS WIFE,was,25
THE FISHERMAN AND HIS WIFE,watching,1
THE FISHERMAN AND HIS WIFE,water,7
THE FISHERMAN AND HIS WIFE,wave,1
THE FISHERMAN AND HIS WIFE,waves,6
THE FISHERMAN AND HIS WIFE,we,16
THE FISHERMAN AND HIS WIFE,week,1
THE FISHERMAN AND HIS WIFE,well,7
THE FISHERMAN AND HIS WIFE,went,21
THE FISHERMAN AND HIS WIFE,were,3
THE FISHERMAN AND HIS WIFE,what,12
THE FISHERMAN AND HIS WIFE,when,8
THE FISHERMAN AND HIS WIFE,whirlwind,1
THE FISHERMAN AND HIS WIFE,white,1
THE FISHERMAN AND HIS WIFE,who,1
THE FISHERMAN AND HIS WIFE,why,3
THE FISHERMAN AND HIS WIFE,wife,36
THE FISHERMAN AND HIS WIFE,will,27
THE FISHERMAN AND HIS WIFE,willingly,1
THE FISHERMAN AND HIS WIFE,wind,1
THE FISHERMAN AND HIS WIFE,window,1
THE FISHERMAN AND HIS WIFE,wish,3
THE FISHERMAN AND HIS WIFE,with,14
THE FISHERMAN AND HIS WIFE,without,1
THE FISHERMAN AND HIS WIFE,woke,1
THE FISHERMAN AND HIS WIFE,words,1
THE FISHERMAN AND HIS WIFE,world,1
THE FISHERMAN AND HIS WIFE,would,2
THE FISHERMAN AND HIS WIFE,wretchedly,1
THE FISHERMAN AND HIS WIFE,yards,1
THE FISHERMAN AND HIS WIFE,yellow,1
THE FISHERMAN AND HIS WIFE,yes,3
THE FISHERMAN AND HIS WIFE,you,19
THE FISHERMAN AND HIS WIFE,your,2
THE FISHERMAN AND HIS WIFE,yourself,1
THE FOUR CLEVER BROTHERS,a,35
THE FOUR CLEVER BROTHERS,about,2
THE FOUR CLEVER BROTHERS,account,1
THE FOUR CLEVER BROTHERS,across,1
THE FOUR CLEVER BROTHERS,afar,1
THE FOUR CLEVER BROTHERS,after,4
THE FOUR CLEVER BROTHERS,again,3
THE FOUR CLEVER BROTHERS,agreed,4
THE FOUR CLEVER BROTHERS,air,1
THE FOUR CLEVER BROTHERS,all,11
THE FOUR CLEVER BROTHERS,also,2
THE FOUR CLEVER BROTHERS,am,2
THE FOUR CLEVER BROTHERS,amongst,1
THE FOUR CLEVER BROTHERS,an,2
THE FOUR CLEVER BROTHERS,and,83
THE FOUR CLEVER BROTHERS,another,2
THE FOUR CLEVER BROTHERS,answered,2
THE FOUR CLEVER BROTHERS,anything,3
THE FOUR CLEVER BROTHERS,are,2
THE FOUR CLEVER BROTHERS,arose,1
THE FOUR CLEVER BROTHERS,art,2
THE FOUR CLEVER BROTHERS,as,13
THE FOUR CLEVER BROTHERS,asked,4
THE FOUR CLEVER BROTHERS,asleep,1
THE FOUR CLEVER BROTHERS,at,9
THE FOUR CLEVER BROTHERS,away,5
THE FOUR CLEVER BROTHERS,awoke,1
THE FOUR CLEVER BROTHERS,back,3
THE FOUR CLEVER BROTHERS,backwards,1
THE FOUR CLEVER BROTHERS,be,13
THE FOUR CLEVER BROTHERS,beast,2
THE FOUR CLEVER BROTHERS,beautiful,1
THE FOUR CLEVER BROTHERS,became,2
THE FOUR CLEVER BROTHERS,become,1
THE FOUR CLEVER BROTHERS,been,4
THE FOUR CLEVER BROTHERS,before,1
THE FOUR CLEVER BROTHERS,begin,2
THE FOUR CLEVER BROTHERS,beginning,1
THE FOUR CLEVER BROTHERS,behind,1
THE FOUR CLEVER BROTHERS,belonged,1
THE FOUR CLEVER BROTHERS,best,1
THE FOUR CLEVER BROTHERS,better,4
THE FOUR CLEVER BROTHERS,between,1
THE FOUR CLEVER BROTHERS,bidding,1
THE FOUR CLEVER BROTHERS,bird,3
THE FOUR CLEVER BROTHERS,birds,1
THE FOUR CLEVER BROTHERS,boat,6
THE FOUR CLEVER BROTHERS,bow,4
THE FOUR CLEVER BROTHERS,brother,4
THE FOUR CLEVER BROTHERS,brothers,6
THE FOUR CLEVER BROTHERS,brought,3
THE FOUR CLEVER BROTHERS,bundles,1
THE FOUR CLEVER BROTHERS,bustle,1
THE FOUR CLEVER BROTHERS,but,10
THE FOUR CLEVER BROTHERS,by,5
THE FOUR CLEVER BROTHERS,calling,1
THE FOUR CLEVER BROTHERS,came,4
THE FOUR CLEVER BROTHERS,can,13
THE FOUR CLEVER BROTHERS,care,3
THE FOUR CLEVER BROTHERS,carried,1
THE FOUR CLEVER BROTHERS,carry,1
THE FOUR CLEVER BROTHERS,chaffinch,1
THE FOUR CLEVER BROTHERS,chance,1
THE FOUR CLEVER BROTHERS,children,1
THE FOUR CLEVER BROTHERS,clever,2
THE FOUR CLEVER BROTHERS,climbed,1
THE FOUR CLEVER BROTHERS,close,1
THE FOUR CLEVER BROTHERS,come,4
THE FOUR CLEVER BROTHERS,comes,1
THE FOUR CLEVER BROTHERS,corner,1
THE FOUR CLEVER BROTHERS,could,2
THE FOUR CLEVER BROTHERS,country,2
THE FOUR CLEVER BROTHERS,craft,5
THE FOUR CLEVER BROTHERS,craftsmen,1
THE FOUR CLEVER BROTHERS,crawled,1
THE FOUR CLEVER BROTHERS,cried,1
THE FOUR CLEVER BROTHERS,crosslegged,1
THE FOUR CLEVER BROTHERS,crossroads,1
THE FOUR CLEVER BROTHERS,crossways,1
THE FOUR CLEVER BROTHERS,cunning,1
THE FOUR CLEVER BROTHERS,cunningest,1
THE FOUR CLEVER BROTHERS,cut,1
THE FOUR CLEVER BROTHERS,dare,1
THE FOUR CLEVER BROTHERS,daughter,1
THE FOUR CLEVER BROTHERS,day,3
THE FOUR CLEVER BROTHERS,days,2
THE FOUR CLEVER BROTHERS,dead,1
THE FOUR CLEVER BROTHERS,deal,1
THE FOUR CLEVER BROTHERS,dear,1
THE FOUR CLEVER BROTHERS,did,1
THE FOUR CLEVER BROTHERS,different,1
THE FOUR CLEVER BROTHERS,do,7
THE FOUR CLEVER BROTHERS,doing,2
THE FOUR CLEVER BROTHERS,done,3
THE FOUR CLEVER BROTHERS,down,2
THE FOUR CLEVER BROTHERS,dragon,8
THE FOUR CLEVER BROTHERS,drowned,1
THE FOUR CLEVER BROTHERS,each,11
THE FOUR CLEVER BROTHERS,earn,1
THE FOUR CLEVER BROTHERS,earth,1
THE FOUR CLEVER BROTHERS,ease,1
THE FOUR CLEVER BROTHERS,egg,1
THE FOUR CLEVER BROTHERS,eggs,8
THE FOUR CLEVER BROTHERS,either,2
THE FOUR CLEVER BROTHERS,eldest,3
THE FOUR CLEVER BROTHERS,else,1
THE FOUR CLEVER BROTHERS,end,1
THE FOUR CLEVER BROTHERS,escape,1
THE FOUR CLEVER BROTHERS,ever,1
THE FOUR CLEVER BROTHERS,fair,1
THE FOUR CLEVER BROTHERS,fall,1
THE FOUR CLEVER BROTHERS,father,9
THE FOUR CLEVER BROTHERS,fear,1
THE FOUR CLEVER BROTHERS,fell,1
THE FOUR CLEVER BROTHERS,felt,1
THE FOUR CLEVER BROTHERS,few,3
THE FOUR CLEVER BROTHERS,fifth,1
THE FOUR CLEVER BROTHERS,find,2
THE FOUR CLEVER BROTHERS,fine,1
THE FOUR CLEVER BROTHERS,five,3
THE FOUR CLEVER BROTHERS,follow,2
THE FOUR CLEVER BROTHERS,for,17
THE FOUR CLEVER BROTHERS,forwards,1
THE FOUR CLEVER BROTHERS,found,3
THE FOUR CLEVER BROTHERS,four,9
THE FOUR CLEVER BROTHERS,free,1
THE FOUR CLEVER BROTHERS,from,8
THE FOUR CLEVER BROTHERS,full,1
THE FOUR CLEVER BROTHERS,gallows,2
THE FOUR CLEVER BROTHERS,game,1
THE FOUR CLEVER BROTHERS,gate,1
THE FOUR CLEVER BROTHERS,gathered,1
THE FOUR CLEVER BROTHERS,gave,4
THE FOUR CLEVER BROTHERS,gently,1
THE FOUR CLEVER BROTHERS,get,2
THE FOUR CLEVER BROTHERS,give,2
THE FOUR CLEVER BROTHERS,glass,3
THE FOUR CLEVER BROTHERS,go,2
THE FOUR CLEVER BROTHERS,going,2
THE FOUR CLEVER BROTHERS,good,2
THE FOUR CLEVER BROTHERS,goodbye,1
THE FOUR CLEVER BROTHERS,goose,1
THE FOUR CLEVER BROTHERS,got,3
THE FOUR CLEVER BROTHERS,great,4
THE FOUR CLEVER BROTHERS,guarding,1
THE FOUR CLEVER BROTHERS,had,18
THE FOUR CLEVER BROTHERS,half,2
THE FOUR CLEVER BROTHERS,hands,1
THE FOUR CLEVER BROTHERS,happened,1
THE FOUR CLEVER BROTHERS,happily,1
THE FOUR CLEVER BROTHERS,hard,1
THE FOUR CLEVER BROTHERS,harm,1
THE FOUR CLEVER BROTHERS,hastened,1
THE FOUR CLEVER BROTHERS,hastening,1
THE FOUR CLEVER BROTHERS,hatched,1
THE FOUR CLEVER BROTHERS,hatching,1
THE FOUR CLEVER BROTHERS,have,13
THE FOUR CLEVER BROTHERS,having,1
THE FOUR CLEVER BROTHERS,he,38
THE FOUR CLEVER BROTHERS,head,1
THE FOUR CLEVER BROTHERS,heart,1
THE FOUR CLEVER BROTHERS,her,13
THE FOUR CLEVER BROTHERS,here,2
THE FOUR CLEVER BROTHERS,hidden,2
THE FOUR CLEVER BROTHERS,high,1
THE FOUR CLEVER BROTHERS,him,16
THE FOUR CLEVER BROTHERS,himself,3
THE FOUR CLEVER BROTHERS,his,21
THE FOUR CLEVER BROTHERS,hit,1
THE FOUR CLEVER BROTHERS,home,3
THE FOUR CLEVER BROTHERS,honest,1
THE FOUR CLEVER BROTHERS,house,1
THE FOUR CLEVER BROTHERS,how,3
THE FOUR CLEVER BROTHERS,however,1
THE FOUR CLEVER BROTHERS,hunting,1
THE FOUR CLEVER BROTHERS,huntsman,6
THE FOUR CLEVER BROTHERS,i,20
THE FOUR CLEVER BROTHERS,if,4
THE FOUR CLEVER BROTHERS,in,18
THE FOUR CLEVER BROTHERS,into,3
THE FOUR CLEVER BROTHERS,is,15
THE FOUR CLEVER BROTHERS,it,9
THE FOUR CLEVER BROTHERS,its,2
THE FOUR CLEVER BROTHERS,joint,1
THE FOUR CLEVER BROTHERS,joy,1
THE FOUR CLEVER BROTHERS,kept,1
THE FOUR CLEVER BROTHERS,kill,1
THE FOUR CLEVER BROTHERS,killed,1
THE FOUR CLEVER BROTHERS,kind,1
THE FOUR CLEVER BROTHERS,king,5
THE FOUR CLEVER BROTHERS,kingdom,2
THE FOUR CLEVER BROTHERS,know,4
THE FOUR CLEVER BROTHERS,knowing,3
THE FOUR CLEVER BROTHERS,known,1
THE FOUR CLEVER BROTHERS,lady,4
THE FOUR CLEVER BROTHERS,lap,1
THE FOUR CLEVER BROTHERS,large,1
THE FOUR CLEVER BROTHERS,leading,1
THE FOUR CLEVER BROTHERS,learn,1
THE FOUR CLEVER BROTHERS,learned,1
THE FOUR CLEVER BROTHERS,learning,2
THE FOUR CLEVER BROTHERS,learnt,2
THE FOUR CLEVER BROTHERS,leave,1
THE FOUR CLEVER BROTHERS,left,2
THE FOUR CLEVER BROTHERS,let,2
THE FOUR CLEVER BROTHERS,letting,1
THE FOUR CLEVER BROTHERS,like,3
THE FOUR CLEVER BROTHERS,likes,1
THE FOUR CLEVER BROTHERS,likewise,1
THE FOUR CLEVER BROTHERS,little,2
THE FOUR CLEVER BROTHERS,lived,1
THE FOUR CLEVER BROTHERS,long,1
THE FOUR CLEVER BROTHERS,look,1
THE FOUR CLEVER BROTHERS,looked,3
THE FOUR CLEVER BROTHERS,loss,2
THE FOUR CLEVER BROTHERS,luck,2
THE FOUR CLEVER BROTHERS,lying,1
THE FOUR CLEVER BROTHERS,made,2
THE FOUR CLEVER BROTHERS,make,1
THE FOUR CLEVER BROTHERS,man,10
THE FOUR CLEVER BROTHERS,many,1
THE FOUR CLEVER BROTHERS,marry,1
THE FOUR CLEVER BROTHERS,marrying,1
THE FOUR CLEVER BROTHERS,master,3
THE FOUR CLEVER BROTHERS,me,5
THE FOUR CLEVER BROTHERS,meant,1
THE FOUR CLEVER BROTHERS,meantime,1
THE FOUR CLEVER BROTHERS,meddle,1
THE FOUR CLEVER BROTHERS,met,5
THE FOUR CLEVER BROTHERS,middle,1
THE FOUR CLEVER BROTHERS,might,1
THE FOUR CLEVER BROTHERS,mighty,1
THE FOUR CLEVER BROTHERS,mind,2
THE FOUR CLEVER BROTHERS,mine,4
THE FOUR CLEVER BROTHERS,missed,1
THE FOUR CLEVER BROTHERS,morning,1
THE FOUR CLEVER BROTHERS,mourned,1
THE FOUR CLEVER BROTHERS,much,2
THE FOUR CLEVER BROTHERS,must,4
THE FOUR CLEVER BROTHERS,my,3
THE FOUR CLEVER BROTHERS,neatly,1
THE FOUR CLEVER BROTHERS,necks,1
THE FOUR CLEVER BROTHERS,need,1
THE FOUR CLEVER BROTHERS,needle,4
THE FOUR CLEVER BROTHERS,neither,1
THE FOUR CLEVER BROTHERS,nest,2
THE FOUR CLEVER BROTHERS,never,2
THE FOUR CLEVER BROTHERS,night,2
THE FOUR CLEVER BROTHERS,no,10
THE FOUR CLEVER BROTHERS,noble,1
THE FOUR CLEVER BROTHERS,not,17
THE FOUR CLEVER BROTHERS,nothing,5
THE FOUR CLEVER BROTHERS,now,2
THE FOUR CLEVER BROTHERS,of,22
THE FOUR CLEVER BROTHERS,off,4
THE FOUR CLEVER BROTHERS,oh,4
THE FOUR CLEVER BROTHERS,old,1
THE FOUR CLEVER BROTHERS,on,10
THE FOUR CLEVER BROTHERS,once,2
THE FOUR CLEVER BROTHERS,one,9
THE FOUR CLEVER BROTHERS,only,2
THE FOUR CLEVER BROTHERS,open,1
THE FOUR CLEVER BROTHERS,or,7
THE FOUR CLEVER BROTHERS,other,3
THE FOUR CLEVER BROTHERS,ought,3
THE FOUR CLEVER BROTHERS,out,10
THE FOUR CLEVER BROTHERS,over,3
THE FOUR CLEVER BROTHERS,overset,1
THE FOUR CLEVER BROTHERS,part,1
THE FOUR CLEVER BROTHERS,passing,1
THE FOUR CLEVER BROTHERS,pieces,3
THE FOUR CLEVER BROTHERS,place,1
THE FOUR CLEVER BROTHERS,plan,3
THE FOUR CLEVER BROTHERS,planks,2
THE FOUR CLEVER BROTHERS,pleased,1
THE FOUR CLEVER BROTHERS,poor,1
THE FOUR CLEVER BROTHERS,pounce,1
THE FOUR CLEVER BROTHERS,princess,7
THE FOUR CLEVER BROTHERS,prize,1
THE FOUR CLEVER BROTHERS,put,4
THE FOUR CLEVER BROTHERS,quarrel,1
THE FOUR CLEVER BROTHERS,quarrelling,1
THE FOUR CLEVER BROTHERS,quickly,1
THE FOUR CLEVER BROTHERS,quietly,1
THE FOUR CLEVER BROTHERS,quite,1
THE FOUR CLEVER BROTHERS,reached,1
THE FOUR CLEVER BROTHERS,ready,1
THE FOUR CLEVER BROTHERS,red,1
THE FOUR CLEVER BROTHERS,rejoicing,1
THE FOUR CLEVER BROTHERS,rest,1
THE FOUR CLEVER BROTHERS,reward,1
THE FOUR CLEVER BROTHERS,right,2
THE FOUR CLEVER BROTHERS,roaring,1
THE FOUR CLEVER BROTHERS,rock,2
THE FOUR CLEVER BROTHERS,s,3
THE FOUR CLEVER BROTHERS,safe,2
THE FOUR CLEVER BROTHERS,said,30
THE FOUR CLEVER BROTHERS,sailed,2
THE FOUR CLEVER BROTHERS,sat,1
THE FOUR CLEVER BROTHERS,saw,1
THE FOUR CLEVER BROTHERS,sea,3
THE FOUR CLEVER BROTHERS,seam,1
THE FOUR CLEVER BROTHERS,second,2
THE FOUR CLEVER BROTHERS,see,4
THE FOUR CLEVER BROTHERS,seeing,1
THE FOUR CLEVER BROTHERS,seen,1
THE FOUR CLEVER BROTHERS,sent,1
THE FOUR CLEVER BROTHERS,served,1
THE FOUR CLEVER BROTHERS,set,3
THE FOUR CLEVER BROTHERS,setting,1
THE FOUR CLEVER BROTHERS,settle,1
THE FOUR CLEVER BROTHERS,sew,2
THE FOUR CLEVER BROTHERS,sewed,1
THE FOUR CLEVER BROTHERS,sewn,2
THE FOUR CLEVER BROTHERS,shall,2
THE FOUR CLEVER BROTHERS,she,7
THE FOUR CLEVER BROTHERS,ship,3
THE FOUR CLEVER BROTHERS,shoot,2
THE FOUR CLEVER BROTHERS,shot,4
THE FOUR CLEVER BROTHERS,should,4
THE FOUR CLEVER BROTHERS,shoulders,1
THE FOUR CLEVER BROTHERS,showed,1
THE FOUR CLEVER BROTHERS,sitting,7
THE FOUR CLEVER BROTHERS,skilful,1
THE FOUR CLEVER BROTHERS,skill,4
THE FOUR CLEVER BROTHERS,sky,1
THE FOUR CLEVER BROTHERS,snoring,1
THE FOUR CLEVER BROTHERS,so,14
THE FOUR CLEVER BROTHERS,soft,1
THE FOUR CLEVER BROTHERS,some,6
THE FOUR CLEVER BROTHERS,somebody,2
THE FOUR CLEVER BROTHERS,something,1
THE FOUR CLEVER BROTHERS,son,2
THE FOUR CLEVER BROTHERS,sons,2
THE FOUR CLEVER BROTHERS,soon,7
THE FOUR CLEVER BROTHERS,sort,1
THE FOUR CLEVER BROTHERS,space,1
THE FOUR CLEVER BROTHERS,spot,1
THE FOUR CLEVER BROTHERS,spy,1
THE FOUR CLEVER BROTHERS,stargazer,6
THE FOUR CLEVER BROTHERS,stars,1
THE FOUR CLEVER BROTHERS,steal,1
THE FOUR CLEVER BROTHERS,steel,1
THE FOUR CLEVER BROTHERS,still,1
THE FOUR CLEVER BROTHERS,stitches,1
THE FOUR CLEVER BROTHERS,stole,1
THE FOUR CLEVER BROTHERS,straight,1
THE FOUR CLEVER BROTHERS,streak,1
THE FOUR CLEVER BROTHERS,struck,1
THE FOUR CLEVER BROTHERS,such,2
THE FOUR CLEVER BROTHERS,suit,1
THE FOUR CLEVER BROTHERS,sure,2
THE FOUR CLEVER BROTHERS,swim,1
THE FOUR CLEVER BROTHERS,table,1
THE FOUR CLEVER BROTHERS,tacked,1
THE FOUR CLEVER BROTHERS,tailor,6
THE FOUR CLEVER BROTHERS,tailoring,2
THE FOUR CLEVER BROTHERS,take,2
THE FOUR CLEVER BROTHERS,taken,1
THE FOUR CLEVER BROTHERS,taught,1
THE FOUR CLEVER BROTHERS,teach,2
THE FOUR CLEVER BROTHERS,tell,1
THE FOUR CLEVER BROTHERS,than,2
THE FOUR CLEVER BROTHERS,that,21
THE FOUR CLEVER BROTHERS,the,123
THE FOUR CLEVER BROTHERS,their,10
THE FOUR CLEVER BROTHERS,them,14
THE FOUR CLEVER BROTHERS,then,16
THE FOUR CLEVER BROTHERS,there,7
THE FOUR CLEVER BROTHERS,therefore,3
THE FOUR CLEVER BROTHERS,these,1
THE FOUR CLEVER BROTHERS,they,16
THE FOUR CLEVER BROTHERS,thief,5
THE FOUR CLEVER BROTHERS,third,1
THE FOUR CLEVER BROTHERS,this,9
THE FOUR CLEVER BROTHERS,through,3
THE FOUR CLEVER BROTHERS,till,1
THE FOUR CLEVER BROTHERS,time,4
THE FOUR CLEVER BROTHERS,to,48
THE FOUR CLEVER BROTHERS,together,7
THE FOUR CLEVER BROTHERS,told,2
THE FOUR CLEVER BROTHERS,took,10
THE FOUR CLEVER BROTHERS,top,1
THE FOUR CLEVER BROTHERS,torn,1
THE FOUR CLEVER BROTHERS,towards,2
THE FOUR CLEVER BROTHERS,trade,2
THE FOUR CLEVER BROTHERS,tree,3
THE FOUR CLEVER BROTHERS,truth,1
THE FOUR CLEVER BROTHERS,try,6
THE FOUR CLEVER BROTHERS,turn,2
THE FOUR CLEVER BROTHERS,two,1
THE FOUR CLEVER BROTHERS,under,4
THE FOUR CLEVER BROTHERS,understand,1
THE FOUR CLEVER BROTHERS,up,7
THE FOUR CLEVER BROTHERS,upon,9
THE FOUR CLEVER BROTHERS,us,2
THE FOUR CLEVER BROTHERS,use,3
THE FOUR CLEVER BROTHERS,very,3
THE FOUR CLEVER BROTHERS,walkingsticks,1
THE FOUR CLEVER BROTHERS,wanted,3
THE FOUR CLEVER BROTHERS,was,12
THE FOUR CLEVER BROTHERS,way,4
THE FOUR CLEVER BROTHERS,we,3
THE FOUR CLEVER BROTHERS,welcomed,1
THE FOUR CLEVER BROTHERS,well,2
THE FOUR CLEVER BROTHERS,went,6
THE FOUR CLEVER BROTHERS,were,2
THE FOUR CLEVER BROTHERS,what,13
THE FOUR CLEVER BROTHERS,whatever,1
THE FOUR CLEVER BROTHERS,when,9
THE FOUR CLEVER BROTHERS,where,5
THE FOUR CLEVER BROTHERS,whether,1
THE FOUR CLEVER BROTHERS,which,2
THE FOUR CLEVER BROTHERS,who,4
THE FOUR CLEVER BROTHERS,whoever,1
THE FOUR CLEVER BROTHERS,wide,1
THE FOUR CLEVER BROTHERS,wife,1
THE FOUR CLEVER BROTHERS,will,12
THE FOUR CLEVER BROTHERS,wished,2
THE FOUR CLEVER BROTHERS,with,12
THE FOUR CLEVER BROTHERS,without,2
THE FOUR CLEVER BROTHERS,woods,1
THE FOUR CLEVER BROTHERS,word,1
THE FOUR CLEVER BROTHERS,working,1
THE FOUR CLEVER BROTHERS,world,2
THE FOUR CLEVER BROTHERS,worth,1
THE FOUR CLEVER BROTHERS,would,6
THE FOUR CLEVER BROTHERS,years,2
THE FOUR CLEVER BROTHERS,yet,1
THE FOUR CLEVER BROTHERS,you,27
THE FOUR CLEVER BROTHERS,young,7
THE FOUR CLEVER BROTHERS,youngest,1
THE FOUR CLEVER BROTHERS,your,7
THE FOUR CLEVER BROTHERS,yourselves,1
THE FOX AND THE CAT,a,8
THE FOX AND THE CAT,able,1
THE FOX AND THE CAT,ah,1
THE FOX AND THE CAT,all,3
THE FOX AND THE CAT,already,1
THE FOX AND THE CAT,am,2
THE FOX AND THE CAT,and,9
THE FOX AND THE CAT,answer,1
THE FOX AND THE CAT,any,1
THE FOX AND THE CAT,are,4
THE FOX AND THE CAT,arrogance,1
THE FOX AND THE CAT,art,1
THE FOX AND THE CAT,arts,3
THE FOX AND THE CAT,as,1
THE FOX AND THE CAT,ask,1
THE FOX AND THE CAT,asked,1
THE FOX AND THE CAT,at,3
THE FOX AND THE CAT,away,1
THE FOX AND THE CAT,bargain,1
THE FOX AND THE CAT,be,1
THE FOX AND THE CAT,beardcleaner,1
THE FOX AND THE CAT,been,1
THE FOX AND THE CAT,branches,1
THE FOX AND THE CAT,but,2
THE FOX AND THE CAT,came,1
THE FOX AND THE CAT,can,2
THE FOX AND THE CAT,cat,6
THE FOX AND THE CAT,cheek,1
THE FOX AND THE CAT,clever,1
THE FOX AND THE CAT,climb,1
THE FOX AND THE CAT,come,1
THE FOX AND THE CAT,concealed,1
THE FOX AND THE CAT,cried,2
THE FOX AND THE CAT,cunning,1
THE FOX AND THE CAT,day,1
THE FOX AND THE CAT,dear,1
THE FOX AND THE CAT,did,1
THE FOX AND THE CAT,do,1
THE FOX AND THE CAT,dogs,2
THE FOX AND THE CAT,down,1
THE FOX AND THE CAT,esteemed,1
THE FOX AND THE CAT,experience,1
THE FOX AND THE CAT,fast,1
THE FOX AND THE CAT,foliage,1
THE FOX AND THE CAT,following,1
THE FOX AND THE CAT,fool,1
THE FOX AND THE CAT,foot,1
THE FOX AND THE CAT,for,2
THE FOX AND THE CAT,forest,1
THE FOX AND THE CAT,four,1
THE FOX AND THE CAT,fox,7
THE FOX AND THE CAT,friendly,1
THE FOX AND THE CAT,from,2
THE FOX AND THE CAT,full,2
THE FOX AND THE CAT,get,1
THE FOX AND THE CAT,getting,2
THE FOX AND THE CAT,give,1
THE FOX AND THE CAT,good,1
THE FOX AND THE CAT,had,2
THE FOX AND THE CAT,happened,1
THE FOX AND THE CAT,hard,1
THE FOX AND THE CAT,have,4
THE FOX AND THE CAT,he,3
THE FOX AND THE CAT,head,1
THE FOX AND THE CAT,her,1
THE FOX AND THE CAT,herself,1
THE FOX AND THE CAT,him,4
THE FOX AND THE CAT,holding,1
THE FOX AND THE CAT,hounds,2
THE FOX AND THE CAT,how,6
THE FOX AND THE CAT,hundred,2
THE FOX AND THE CAT,hungry,1
THE FOX AND THE CAT,hunter,1
THE FOX AND THE CAT,i,5
THE FOX AND THE CAT,in,5
THE FOX AND THE CAT,into,2
THE FOX AND THE CAT,is,4
THE FOX AND THE CAT,it,2
THE FOX AND THE CAT,just,1
THE FOX AND THE CAT,kinds,1
THE FOX AND THE CAT,know,1
THE FOX AND THE CAT,last,1
THE FOX AND THE CAT,learnt,1
THE FOX AND THE CAT,left,1
THE FOX AND THE CAT,life,1
THE FOX AND THE CAT,like,1
THE FOX AND THE CAT,long,1
THE FOX AND THE CAT,looked,1
THE FOX AND THE CAT,lost,1
THE FOX AND THE CAT,lurch,1
THE FOX AND THE CAT,make,1
THE FOX AND THE CAT,many,1
THE FOX AND THE CAT,master,1
THE FOX AND THE CAT,me,4
THE FOX AND THE CAT,met,1
THE FOX AND THE CAT,modestly,1
THE FOX AND THE CAT,mousehunter,1
THE FOX AND THE CAT,mr,3
THE FOX AND THE CAT,much,1
THE FOX AND THE CAT,myself,1
THE FOX AND THE CAT,nimbly,1
THE FOX AND THE CAT,not,3
THE FOX AND THE CAT,of,7
THE FOX AND THE CAT,oh,1
THE FOX AND THE CAT,on,2
THE FOX AND THE CAT,one,1
THE FOX AND THE CAT,open,2
THE FOX AND THE CAT,or,1
THE FOX AND THE CAT,people,1
THE FOX AND THE CAT,piebald,1
THE FOX AND THE CAT,quite,1
THE FOX AND THE CAT,replied,1
THE FOX AND THE CAT,sack,2
THE FOX AND THE CAT,sackful,1
THE FOX AND THE CAT,said,2
THE FOX AND THE CAT,sat,1
THE FOX AND THE CAT,save,1
THE FOX AND THE CAT,seized,1
THE FOX AND THE CAT,she,2
THE FOX AND THE CAT,sorry,1
THE FOX AND THE CAT,spoke,1
THE FOX AND THE CAT,sprang,1
THE FOX AND THE CAT,spring,1
THE FOX AND THE CAT,teach,1
THE FOX AND THE CAT,that,3
THE FOX AND THE CAT,the,19
THE FOX AND THE CAT,then,1
THE FOX AND THE CAT,these,1
THE FOX AND THE CAT,thinking,1
THE FOX AND THE CAT,thought,1
THE FOX AND THE CAT,time,1
THE FOX AND THE CAT,times,1
THE FOX AND THE CAT,to,6
THE FOX AND THE CAT,top,1
THE FOX AND THE CAT,tree,2
THE FOX AND THE CAT,understand,2
THE FOX AND THE CAT,up,1
THE FOX AND THE CAT,way,1
THE FOX AND THE CAT,were,1
THE FOX AND THE CAT,what,3
THE FOX AND THE CAT,when,1
THE FOX AND THE CAT,where,1
THE FOX AND THE CAT,whether,1
THE FOX AND THE CAT,will,1
THE FOX AND THE CAT,with,4
THE FOX AND THE CAT,world,1
THE FOX AND THE CAT,would,2
THE FOX AND THE CAT,wretched,1
THE FOX AND THE CAT,you,16
THE FOX AND THE CAT,your,4
THE FOX AND THE HORSE,a,8
THE FOX AND THE HORSE,able,1
THE FOX AND THE HORSE,adrift,2
THE FOX AND THE HORSE,advice,1
THE FOX AND THE HORSE,again,2
THE FOX AND THE HORSE,ah,1
THE FOX AND THE HORSE,all,4
THE FOX AND THE HORSE,an,2
THE FOX AND THE HORSE,and,30
THE FOX AND THE HORSE,are,1
THE FOX AND THE HORSE,as,1
THE FOX AND THE HORSE,at,1
THE FOX AND THE HORSE,avarice,1
THE FOX AND THE HORSE,away,1
THE FOX AND THE HORSE,back,2
THE FOX AND THE HORSE,be,4
THE FOX AND THE HORSE,beast,1
THE FOX AND THE HORSE,because,1
THE FOX AND THE HORSE,become,1
THE FOX AND THE HORSE,been,1
THE FOX AND THE HORSE,began,1
THE FOX AND THE HORSE,behind,1
THE FOX AND THE HORSE,bellow,1
THE FOX AND THE HORSE,better,1
THE FOX AND THE HORSE,bid,1
THE FOX AND THE HORSE,birds,1
THE FOX AND THE HORSE,bound,1
THE FOX AND THE HORSE,but,3
THE FOX AND THE HORSE,by,1
THE FOX AND THE HORSE,came,1
THE FOX AND THE HORSE,can,3
THE FOX AND THE HORSE,carcase,1
THE FOX AND THE HORSE,care,1
THE FOX AND THE HORSE,cave,1
THE FOX AND THE HORSE,chance,1
THE FOX AND THE HORSE,cheer,1
THE FOX AND THE HORSE,clapped,1
THE FOX AND THE HORSE,close,1
THE FOX AND THE HORSE,cold,1
THE FOX AND THE HORSE,come,1
THE FOX AND THE HORSE,comfortably,1
THE FOX AND THE HORSE,could,1
THE FOX AND THE HORSE,dead,2
THE FOX AND THE HORSE,den,1
THE FOX AND THE HORSE,did,1
THE FOX AND THE HORSE,died,1
THE FOX AND THE HORSE,do,1
THE FOX AND THE HORSE,dobbin,1
THE FOX AND THE HORSE,done,2
THE FOX AND THE HORSE,door,1
THE FOX AND THE HORSE,down,4
THE FOX AND THE HORSE,dragging,1
THE FOX AND THE HORSE,draw,1
THE FOX AND THE HORSE,dwell,1
THE FOX AND THE HORSE,eat,4
THE FOX AND THE HORSE,excellent,2
THE FOX AND THE HORSE,faithful,1
THE FOX AND THE HORSE,farmer,3
THE FOX AND THE HORSE,fast,3
THE FOX AND THE HORSE,fields,1
THE FOX AND THE HORSE,flew,1
THE FOX AND THE HORSE,for,3
THE FOX AND THE HORSE,forgotten,1
THE FOX AND THE HORSE,fox,7
THE FOX AND THE HORSE,free,1
THE FOX AND THE HORSE,friend,1
THE FOX AND THE HORSE,fright,1
THE FOX AND THE HORSE,from,1
THE FOX AND THE HORSE,give,1
THE FOX AND THE HORSE,good,1
THE FOX AND THE HORSE,got,1
THE FOX AND THE HORSE,greatly,1
THE FOX AND THE HORSE,grown,1
THE FOX AND THE HORSE,had,3
THE FOX AND THE HORSE,hang,1
THE FOX AND THE HORSE,hard,1
THE FOX AND THE HORSE,has,2
THE FOX AND THE HORSE,have,4
THE FOX AND THE HORSE,he,15
THE FOX AND THE HORSE,head,1
THE FOX AND THE HORSE,heart,1
THE FOX AND THE HORSE,help,1
THE FOX AND THE HORSE,here,2
THE FOX AND THE HORSE,him,14
THE FOX AND THE HORSE,himself,2
THE FOX AND THE HORSE,his,8
THE FOX AND THE HORSE,horse,10
THE FOX AND THE HORSE,house,2
THE FOX AND THE HORSE,however,1
THE FOX AND THE HORSE,i,11
THE FOX AND THE HORSE,immediately,1
THE FOX AND THE HORSE,in,4
THE FOX AND THE HORSE,is,1
THE FOX AND THE HORSE,jip,2
THE FOX AND THE HORSE,justice,1
THE FOX AND THE HORSE,knows,1
THE FOX AND THE HORSE,laid,1
THE FOX AND THE HORSE,legs,1
THE FOX AND THE HORSE,leisure,1
THE FOX AND THE HORSE,let,1
THE FOX AND THE HORSE,lie,1
THE FOX AND THE HORSE,lies,1
THE FOX AND THE HORSE,lion,6
THE FOX AND THE HORSE,little,2
THE FOX AND THE HORSE,lived,2
THE FOX AND THE HORSE,ll,1
THE FOX AND THE HORSE,lonely,1
THE FOX AND THE HORSE,longer,2
THE FOX AND THE HORSE,look,1
THE FOX AND THE HORSE,made,1
THE FOX AND THE HORSE,make,2
THE FOX AND THE HORSE,managed,1
THE FOX AND THE HORSE,many,1
THE FOX AND THE HORSE,master,3
THE FOX AND THE HORSE,matter,1
THE FOX AND THE HORSE,may,1
THE FOX AND THE HORSE,me,3
THE FOX AND THE HORSE,meal,1
THE FOX AND THE HORSE,melancholy,1
THE FOX AND THE HORSE,met,1
THE FOX AND THE HORSE,more,1
THE FOX AND THE HORSE,moved,1
THE FOX AND THE HORSE,my,3
THE FOX AND THE HORSE,never,1
THE FOX AND THE HORSE,no,2
THE FOX AND THE HORSE,none,1
THE FOX AND THE HORSE,not,5
THE FOX AND THE HORSE,nothing,1
THE FOX AND THE HORSE,now,1
THE FOX AND THE HORSE,of,7
THE FOX AND THE HORSE,off,4
THE FOX AND THE HORSE,old,3
THE FOX AND THE HORSE,on,2
THE FOX AND THE HORSE,one,1
THE FOX AND THE HORSE,opened,1
THE FOX AND THE HORSE,or,1
THE FOX AND THE HORSE,out,2
THE FOX AND THE HORSE,over,1
THE FOX AND THE HORSE,pleased,2
THE FOX AND THE HORSE,plenty,1
THE FOX AND THE HORSE,poor,2
THE FOX AND THE HORSE,presently,1
THE FOX AND THE HORSE,pretend,1
THE FOX AND THE HORSE,quietly,2
THE FOX AND THE HORSE,quite,1
THE FOX AND THE HORSE,rain,1
THE FOX AND THE HORSE,relented,1
THE FOX AND THE HORSE,replied,1
THE FOX AND THE HORSE,roar,1
THE FOX AND THE HORSE,s,2
THE FOX AND THE HORSE,said,8
THE FOX AND THE HORSE,saw,1
THE FOX AND THE HORSE,says,1
THE FOX AND THE HORSE,seeking,1
THE FOX AND THE HORSE,servant,2
THE FOX AND THE HORSE,set,2
THE FOX AND THE HORSE,shall,1
THE FOX AND THE HORSE,shalt,1
THE FOX AND THE HORSE,shelter,1
THE FOX AND THE HORSE,shoulder,1
THE FOX AND THE HORSE,sing,1
THE FOX AND THE HORSE,so,8
THE FOX AND THE HORSE,some,1
THE FOX AND THE HORSE,sprang,1
THE FOX AND THE HORSE,stable,2
THE FOX AND THE HORSE,stay,1
THE FOX AND THE HORSE,stiff,1
THE FOX AND THE HORSE,straight,1
THE FOX AND THE HORSE,strength,1
THE FOX AND THE HORSE,stretch,1
THE FOX AND THE HORSE,stronger,2
THE FOX AND THE HORSE,tail,1
THE FOX AND THE HORSE,take,3
THE FOX AND THE HORSE,taken,1
THE FOX AND THE HORSE,talk,1
THE FOX AND THE HORSE,tell,1
THE FOX AND THE HORSE,than,2
THE FOX AND THE HORSE,that,4
THE FOX AND THE HORSE,the,31
THE FOX AND THE HORSE,then,3
THE FOX AND THE HORSE,there,1
THE FOX AND THE HORSE,they,1
THE FOX AND THE HORSE,this,1
THE FOX AND THE HORSE,thou,1
THE FOX AND THE HORSE,thy,1
THE FOX AND THE HORSE,tie,2
THE FOX AND THE HORSE,till,2
THE FOX AND THE HORSE,to,16
THE FOX AND THE HORSE,together,1
THE FOX AND THE HORSE,told,1
THE FOX AND THE HORSE,too,1
THE FOX AND THE HORSE,turned,2
THE FOX AND THE HORSE,unless,1
THE FOX AND THE HORSE,until,1
THE FOX AND THE HORSE,up,2
THE FOX AND THE HORSE,very,1
THE FOX AND THE HORSE,wandered,1
THE FOX AND THE HORSE,want,1
THE FOX AND THE HORSE,was,5
THE FOX AND THE HORSE,way,2
THE FOX AND THE HORSE,well,1
THE FOX AND THE HORSE,went,1
THE FOX AND THE HORSE,what,3
THE FOX AND THE HORSE,when,3
THE FOX AND THE HORSE,who,1
THE FOX AND THE HORSE,why,1
THE FOX AND THE HORSE,will,4
THE FOX AND THE HORSE,wind,1
THE FOX AND THE HORSE,with,2
THE FOX AND THE HORSE,woebegone,1
THE FOX AND THE HORSE,wood,2
THE FOX AND THE HORSE,work,3
THE FOX AND THE HORSE,would,2
THE FOX AND THE HORSE,years,1
THE FOX AND THE HORSE,you,10
THE FOX AND THE HORSE,your,3
THE FOX AND THE HORSE,yourself,2
THE FROG-PRINCE,a,20
THE FROG-PRINCE,abide,1
THE FROG-PRINCE,able,1
THE FROG-PRINCE,after,4
THE FROG-PRINCE,afterwards,1
THE FROG-PRINCE,again,7
THE FROG-PRINCE,air,1
THE FROG-PRINCE,alas,2
THE FROG-PRINCE,all,5
THE FROG-PRINCE,along,1
THE FROG-PRINCE,always,1
THE FROG-PRINCE,am,1
THE FROG-PRINCE,and,65
THE FROG-PRINCE,as,22
THE FROG-PRINCE,ask,1
THE FROG-PRINCE,asked,1
THE FROG-PRINCE,asks,1
THE FROG-PRINCE,astonished,1
THE FROG-PRINCE,at,9
THE FROG-PRINCE,away,1
THE FROG-PRINCE,awoke,1
THE FROG-PRINCE,back,1
THE FROG-PRINCE,ball,11
THE FROG-PRINCE,be,3
THE FROG-PRINCE,beautiful,2
THE FROG-PRINCE,bed,5
THE FROG-PRINCE,been,2
THE FROG-PRINCE,before,1
THE FROG-PRINCE,began,1
THE FROG-PRINCE,behind,1
THE FROG-PRINCE,bewail,1
THE FROG-PRINCE,bewailed,1
THE FROG-PRINCE,bitterly,2
THE FROG-PRINCE,bonnet,1
THE FROG-PRINCE,bottom,2
THE FROG-PRINCE,bounded,1
THE FROG-PRINCE,bring,2
THE FROG-PRINCE,broke,1
THE FROG-PRINCE,broken,1
THE FROG-PRINCE,burst,1
THE FROG-PRINCE,but,8
THE FROG-PRINCE,by,5
THE FROG-PRINCE,called,1
THE FROG-PRINCE,came,7
THE FROG-PRINCE,can,2
THE FROG-PRINCE,carry,1
THE FROG-PRINCE,catching,2
THE FROG-PRINCE,chair,1
THE FROG-PRINCE,changed,1
THE FROG-PRINCE,charm,1
THE FROG-PRINCE,clogs,1
THE FROG-PRINCE,close,1
THE FROG-PRINCE,clothes,2
THE FROG-PRINCE,coach,3
THE FROG-PRINCE,come,1
THE FROG-PRINCE,coming,1
THE FROG-PRINCE,cool,4
THE FROG-PRINCE,could,6
THE FROG-PRINCE,cried,1
THE FROG-PRINCE,cruel,1
THE FROG-PRINCE,day,1
THE FROG-PRINCE,dear,4
THE FROG-PRINCE,decked,1
THE FROG-PRINCE,deep,3
THE FROG-PRINCE,did,4
THE FROG-PRINCE,dinner,1
THE FROG-PRINCE,dived,1
THE FROG-PRINCE,do,3
THE FROG-PRINCE,done,1
THE FROG-PRINCE,door,14
THE FROG-PRINCE,down,4
THE FROG-PRINCE,downstairs,1
THE FROG-PRINCE,drove,1
THE FROG-PRINCE,during,1
THE FROG-PRINCE,eat,3
THE FROG-PRINCE,eaten,1
THE FROG-PRINCE,edge,1
THE FROG-PRINCE,eight,2
THE FROG-PRINCE,enchanted,1
THE FROG-PRINCE,enchantment,1
THE FROG-PRINCE,even,1
THE FROG-PRINCE,evening,1
THE FROG-PRINCE,ever,1
THE FROG-PRINCE,everything,1
THE FROG-PRINCE,eyes,1
THE FROG-PRINCE,fairy,1
THE FROG-PRINCE,faithful,1
THE FROG-PRINCE,fallen,1
THE FROG-PRINCE,fast,2
THE FROG-PRINCE,fated,1
THE FROG-PRINCE,father,2
THE FROG-PRINCE,favourite,1
THE FROG-PRINCE,feathers,1
THE FROG-PRINCE,fell,3
THE FROG-PRINCE,fine,3
THE FROG-PRINCE,following,1
THE FROG-PRINCE,for,7
THE FROG-PRINCE,forgotten,1
THE FROG-PRINCE,fountain,3
THE FROG-PRINCE,frightened,2
THE FROG-PRINCE,frog,17
THE FROG-PRINCE,from,3
THE FROG-PRINCE,full,1
THE FROG-PRINCE,gay,1
THE FROG-PRINCE,gazing,1
THE FROG-PRINCE,gentle,1
THE FROG-PRINCE,get,4
THE FROG-PRINCE,give,1
THE FROG-PRINCE,given,1
THE FROG-PRINCE,go,2
THE FROG-PRINCE,golden,4
THE FROG-PRINCE,gone,1
THE FROG-PRINCE,got,1
THE FROG-PRINCE,great,1
THE FROG-PRINCE,greenwood,3
THE FROG-PRINCE,ground,1
THE FROG-PRINCE,had,12
THE FROG-PRINCE,hand,3
THE FROG-PRINCE,handsome,1
THE FROG-PRINCE,happily,1
THE FROG-PRINCE,harness,1
THE FROG-PRINCE,has,1
THE FROG-PRINCE,have,6
THE FROG-PRINCE,he,21
THE FROG-PRINCE,head,3
THE FROG-PRINCE,hear,1
THE FROG-PRINCE,heard,2
THE FROG-PRINCE,heart,1
THE FROG-PRINCE,heinrich,1
THE FROG-PRINCE,her,20
THE FROG-PRINCE,here,4
THE FROG-PRINCE,herself,2
THE FROG-PRINCE,high,1
THE FROG-PRINCE,him,9
THE FROG-PRINCE,his,6
THE FROG-PRINCE,home,1
THE FROG-PRINCE,hopped,2
THE FROG-PRINCE,horses,2
THE FROG-PRINCE,house,1
THE FROG-PRINCE,i,16
THE FROG-PRINCE,if,4
THE FROG-PRINCE,in,14
THE FROG-PRINCE,instead,1
THE FROG-PRINCE,into,9
THE FROG-PRINCE,is,4
THE FROG-PRINCE,it,18
THE FROG-PRINCE,its,1
THE FROG-PRINCE,jewels,2
THE FROG-PRINCE,joy,1
THE FROG-PRINCE,jumped,1
THE FROG-PRINCE,just,1
THE FROG-PRINCE,keep,1
THE FROG-PRINCE,king,3
THE FROG-PRINCE,kingdom,2
THE FROG-PRINCE,knock,1
THE FROG-PRINCE,knocked,1
THE FROG-PRINCE,last,2
THE FROG-PRINCE,leave,1
THE FROG-PRINCE,let,4
THE FROG-PRINCE,lift,1
THE FROG-PRINCE,lifted,1
THE FROG-PRINCE,light,1
THE FROG-PRINCE,little,2
THE FROG-PRINCE,live,3
THE FROG-PRINCE,lived,1
THE FROG-PRINCE,long,4
THE FROG-PRINCE,looked,1
THE FROG-PRINCE,loss,1
THE FROG-PRINCE,love,5
THE FROG-PRINCE,many,1
THE FROG-PRINCE,marble,1
THE FROG-PRINCE,marry,1
THE FROG-PRINCE,master,1
THE FROG-PRINCE,matter,1
THE FROG-PRINCE,may,3
THE FROG-PRINCE,me,15
THE FROG-PRINCE,merriment,1
THE FROG-PRINCE,midst,1
THE FROG-PRINCE,mind,3
THE FROG-PRINCE,misfortunes,1
THE FROG-PRINCE,missed,1
THE FROG-PRINCE,mistaken,1
THE FROG-PRINCE,more,2
THE FROG-PRINCE,morning,3
THE FROG-PRINCE,most,1
THE FROG-PRINCE,mouth,1
THE FROG-PRINCE,much,1
THE FROG-PRINCE,must,1
THE FROG-PRINCE,my,10
THE FROG-PRINCE,nasty,2
THE FROG-PRINCE,nearer,1
THE FROG-PRINCE,never,3
THE FROG-PRINCE,next,2
THE FROG-PRINCE,night,3
THE FROG-PRINCE,nights,1
THE FROG-PRINCE,no,1
THE FROG-PRINCE,noise,1
THE FROG-PRINCE,nonsense,1
THE FROG-PRINCE,not,4
THE FROG-PRINCE,nothing,1
THE FROG-PRINCE,now,4
THE FROG-PRINCE,of,20
THE FROG-PRINCE,off,1
THE FROG-PRINCE,on,5
THE FROG-PRINCE,once,1
THE FROG-PRINCE,one,1
THE FROG-PRINCE,only,1
THE FROG-PRINCE,open,6
THE FROG-PRINCE,opened,2
THE FROG-PRINCE,out,10
THE FROG-PRINCE,overjoyed,1
THE FROG-PRINCE,own,1
THE FROG-PRINCE,pearls,1
THE FROG-PRINCE,pick,1
THE FROG-PRINCE,pillow,2
THE FROG-PRINCE,plash,4
THE FROG-PRINCE,plate,3
THE FROG-PRINCE,plaything,1
THE FROG-PRINCE,plumes,1
THE FROG-PRINCE,pray,1
THE FROG-PRINCE,prince,4
THE FROG-PRINCE,princess,20
THE FROG-PRINCE,put,6
THE FROG-PRINCE,quite,1
THE FROG-PRINCE,ran,3
THE FROG-PRINCE,reached,1
THE FROG-PRINCE,rest,1
THE FROG-PRINCE,rode,1
THE FROG-PRINCE,rolled,1
THE FROG-PRINCE,room,2
THE FROG-PRINCE,rose,1
THE FROG-PRINCE,s,3
THE FROG-PRINCE,sadly,1
THE FROG-PRINCE,safely,1
THE FROG-PRINCE,said,18
THE FROG-PRINCE,same,2
THE FROG-PRINCE,sat,3
THE FROG-PRINCE,saw,2
THE FROG-PRINCE,saying,1
THE FROG-PRINCE,seat,1
THE FROG-PRINCE,see,2
THE FROG-PRINCE,seeing,1
THE FROG-PRINCE,seen,1
THE FROG-PRINCE,servant,1
THE FROG-PRINCE,set,1
THE FROG-PRINCE,shade,3
THE FROG-PRINCE,shall,2
THE FROG-PRINCE,she,30
THE FROG-PRINCE,should,3
THE FROG-PRINCE,shutting,1
THE FROG-PRINCE,sight,1
THE FROG-PRINCE,silly,1
THE FROG-PRINCE,sit,1
THE FROG-PRINCE,sleep,2
THE FROG-PRINCE,slept,2
THE FROG-PRINCE,so,10
THE FROG-PRINCE,some,1
THE FROG-PRINCE,something,2
THE FROG-PRINCE,soon,4
THE FROG-PRINCE,speaking,2
THE FROG-PRINCE,spiteful,1
THE FROG-PRINCE,spoke,1
THE FROG-PRINCE,spring,9
THE FROG-PRINCE,staircase,1
THE FROG-PRINCE,standing,1
THE FROG-PRINCE,stay,1
THE FROG-PRINCE,stop,1
THE FROG-PRINCE,straight,1
THE FROG-PRINCE,strange,1
THE FROG-PRINCE,sure,1
THE FROG-PRINCE,table,1
THE FROG-PRINCE,take,3
THE FROG-PRINCE,talking,1
THE FROG-PRINCE,tap,4
THE FROG-PRINCE,tapping,1
THE FROG-PRINCE,tell,1
THE FROG-PRINCE,that,17
THE FROG-PRINCE,the,92
THE FROG-PRINCE,then,7
THE FROG-PRINCE,there,5
THE FROG-PRINCE,therefore,1
THE FROG-PRINCE,they,4
THE FROG-PRINCE,thinking,1
THE FROG-PRINCE,third,1
THE FROG-PRINCE,this,6
THE FROG-PRINCE,thou,3
THE FROG-PRINCE,though,2
THE FROG-PRINCE,thought,3
THE FROG-PRINCE,three,1
THE FROG-PRINCE,threw,2
THE FROG-PRINCE,thy,3
THE FROG-PRINCE,till,4
THE FROG-PRINCE,time,1
THE FROG-PRINCE,tired,1
THE FROG-PRINCE,to,27
THE FROG-PRINCE,told,2
THE FROG-PRINCE,took,2
THE FROG-PRINCE,top,1
THE FROG-PRINCE,tossing,1
THE FROG-PRINCE,troubled,1
THE FROG-PRINCE,true,3
THE FROG-PRINCE,under,1
THE FROG-PRINCE,unwilling,1
THE FROG-PRINCE,up,9
THE FROG-PRINCE,upon,6
THE FROG-PRINCE,upstairs,1
THE FROG-PRINCE,very,2
THE FROG-PRINCE,visit,1
THE FROG-PRINCE,voice,1
THE FROG-PRINCE,walk,1
THE FROG-PRINCE,want,1
THE FROG-PRINCE,wants,1
THE FROG-PRINCE,was,14
THE FROG-PRINCE,water,3
THE FROG-PRINCE,weep,1
THE FROG-PRINCE,well,1
THE FROG-PRINCE,wellnigh,1
THE FROG-PRINCE,went,2
THE FROG-PRINCE,what,4
THE FROG-PRINCE,when,5
THE FROG-PRINCE,where,3
THE FROG-PRINCE,which,2
THE FROG-PRINCE,while,3
THE FROG-PRINCE,whilst,1
THE FROG-PRINCE,who,2
THE FROG-PRINCE,whom,1
THE FROG-PRINCE,why,1
THE FROG-PRINCE,will,6
THE FROG-PRINCE,wish,1
THE FROG-PRINCE,with,11
THE FROG-PRINCE,wood,1
THE FROG-PRINCE,word,2
THE FROG-PRINCE,words,3
THE FROG-PRINCE,world,1
THE FROG-PRINCE,would,1
THE FROG-PRINCE,years,1
THE FROG-PRINCE,yes,1
THE FROG-PRINCE,you,19
THE FROG-PRINCE,young,4
THE FROG-PRINCE,your,7
THE GOLDEN BIRD,a,34
THE GOLDEN BIRD,about,5
THE GOLDEN BIRD,above,1
THE GOLDEN BIRD,account,1
THE GOLDEN BIRD,advice,3
THE GOLDEN BIRD,afraid,1
THE GOLDEN BIRD,after,2
THE GOLDEN BIRD,again,8
THE GOLDEN BIRD,agreed,4
THE GOLDEN BIRD,ah,1
THE GOLDEN BIRD,air,1
THE GOLDEN BIRD,all,15
THE GOLDEN BIRD,almost,1
THE GOLDEN BIRD,also,1
THE GOLDEN BIRD,always,1
THE GOLDEN BIRD,am,1
THE GOLDEN BIRD,an,1
THE GOLDEN BIRD,and,163
THE GOLDEN BIRD,angry,1
THE GOLDEN BIRD,another,2
THE GOLDEN BIRD,any,2
THE GOLDEN BIRD,appear,1
THE GOLDEN BIRD,apple,1
THE GOLDEN BIRD,apples,5
THE GOLDEN BIRD,are,2
THE GOLDEN BIRD,arrive,1
THE GOLDEN BIRD,arrow,3
THE GOLDEN BIRD,as,21
THE GOLDEN BIRD,asked,2
THE GOLDEN BIRD,asks,1
THE GOLDEN BIRD,asleep,4
THE GOLDEN BIRD,at,27
THE GOLDEN BIRD,ate,1
THE GOLDEN BIRD,attempt,1
THE GOLDEN BIRD,away,16
THE GOLDEN BIRD,awoke,4
THE GOLDEN BIRD,back,3
THE GOLDEN BIRD,bank,3
THE GOLDEN BIRD,bath,1
THE GOLDEN BIRD,bathinghouse,1
THE GOLDEN BIRD,be,11
THE GOLDEN BIRD,beak,1
THE GOLDEN BIRD,beast,1
THE GOLDEN BIRD,beautiful,5
THE GOLDEN BIRD,became,1
THE GOLDEN BIRD,bed,1
THE GOLDEN BIRD,been,2
THE GOLDEN BIRD,befallen,1
THE GOLDEN BIRD,before,5
THE GOLDEN BIRD,began,3
THE GOLDEN BIRD,begged,1
THE GOLDEN BIRD,beginning,1
THE GOLDEN BIRD,behind,2
THE GOLDEN BIRD,below,1
THE GOLDEN BIRD,besought,1
THE GOLDEN BIRD,bestow,1
THE GOLDEN BIRD,beware,1
THE GOLDEN BIRD,bid,1
THE GOLDEN BIRD,big,1
THE GOLDEN BIRD,bird,24
THE GOLDEN BIRD,bones,1
THE GOLDEN BIRD,bore,1
THE GOLDEN BIRD,both,1
THE GOLDEN BIRD,bottom,1
THE GOLDEN BIRD,bow,1
THE GOLDEN BIRD,bring,4
THE GOLDEN BIRD,broken,1
THE GOLDEN BIRD,brother,2
THE GOLDEN BIRD,brothers,7
THE GOLDEN BIRD,brought,3
THE GOLDEN BIRD,business,1
THE GOLDEN BIRD,but,32
THE GOLDEN BIRD,buy,1
THE GOLDEN BIRD,by,8
THE GOLDEN BIRD,cage,7
THE GOLDEN BIRD,called,2
THE GOLDEN BIRD,came,19
THE GOLDEN BIRD,can,6
THE GOLDEN BIRD,care,1
THE GOLDEN BIRD,carried,3
THE GOLDEN BIRD,castle,7
THE GOLDEN BIRD,certain,1
THE GOLDEN BIRD,chamber,1
THE GOLDEN BIRD,changed,1
THE GOLDEN BIRD,charming,1
THE GOLDEN BIRD,clap,1
THE GOLDEN BIRD,clock,4
THE GOLDEN BIRD,close,3
THE GOLDEN BIRD,come,8
THE GOLDEN BIRD,coming,1
THE GOLDEN BIRD,consented,2
THE GOLDEN BIRD,contrive,1
THE GOLDEN BIRD,cool,1
THE GOLDEN BIRD,could,5
THE GOLDEN BIRD,council,1
THE GOLDEN BIRD,counsel,7
THE GOLDEN BIRD,counted,1
THE GOLDEN BIRD,country,2
THE GOLDEN BIRD,court,3
THE GOLDEN BIRD,cried,1
THE GOLDEN BIRD,cut,2
THE GOLDEN BIRD,dancing,1
THE GOLDEN BIRD,daughter,1
THE GOLDEN BIRD,day,1
THE GOLDEN BIRD,days,2
THE GOLDEN BIRD,death,1
THE GOLDEN BIRD,deserves,1
THE GOLDEN BIRD,despair,1
THE GOLDEN BIRD,did,7
THE GOLDEN BIRD,die,2
THE GOLDEN BIRD,dig,1
THE GOLDEN BIRD,dirty,1
THE GOLDEN BIRD,do,5
THE GOLDEN BIRD,done,3
THE GOLDEN BIRD,door,2
THE GOLDEN BIRD,doors,1
THE GOLDEN BIRD,down,8
THE GOLDEN BIRD,drank,1
THE GOLDEN BIRD,dressed,1
THE GOLDEN BIRD,drink,1
THE GOLDEN BIRD,droll,1
THE GOLDEN BIRD,dropped,1
THE GOLDEN BIRD,dry,1
THE GOLDEN BIRD,each,1
THE GOLDEN BIRD,ease,2
THE GOLDEN BIRD,easily,1
THE GOLDEN BIRD,eat,3
THE GOLDEN BIRD,eight,1
THE GOLDEN BIRD,eldest,4
THE GOLDEN BIRD,evening,3
THE GOLDEN BIRD,every,1
THE GOLDEN BIRD,everyone,1
THE GOLDEN BIRD,evil,1
THE GOLDEN BIRD,eyes,1
THE GOLDEN BIRD,fast,4
THE GOLDEN BIRD,faster,1
THE GOLDEN BIRD,father,4
THE GOLDEN BIRD,fear,1
THE GOLDEN BIRD,feasting,1
THE GOLDEN BIRD,feather,3
THE GOLDEN BIRD,feet,3
THE GOLDEN BIRD,fell,4
THE GOLDEN BIRD,find,5
THE GOLDEN BIRD,fine,1
THE GOLDEN BIRD,first,3
THE GOLDEN BIRD,flew,1
THE GOLDEN BIRD,flying,1
THE GOLDEN BIRD,followed,1
THE GOLDEN BIRD,following,1
THE GOLDEN BIRD,fond,1
THE GOLDEN BIRD,for,13
THE GOLDEN BIRD,forgot,3
THE GOLDEN BIRD,forward,1
THE GOLDEN BIRD,found,2
THE GOLDEN BIRD,fox,29
THE GOLDEN BIRD,friend,1
THE GOLDEN BIRD,from,3
THE GOLDEN BIRD,gallop,1
THE GOLDEN BIRD,gallows,1
THE GOLDEN BIRD,garden,2
THE GOLDEN BIRD,gardener,5
THE GOLDEN BIRD,gate,1
THE GOLDEN BIRD,gave,2
THE GOLDEN BIRD,get,3
THE GOLDEN BIRD,give,7
THE GOLDEN BIRD,given,4
THE GOLDEN BIRD,go,9
THE GOLDEN BIRD,goes,1
THE GOLDEN BIRD,going,2
THE GOLDEN BIRD,gold,1
THE GOLDEN BIRD,golden,21
THE GOLDEN BIRD,gone,4
THE GOLDEN BIRD,good,5
THE GOLDEN BIRD,got,1
THE GOLDEN BIRD,great,7
THE GOLDEN BIRD,groom,3
THE GOLDEN BIRD,grow,1
THE GOLDEN BIRD,guards,2
THE GOLDEN BIRD,had,13
THE GOLDEN BIRD,hair,4
THE GOLDEN BIRD,hand,3
THE GOLDEN BIRD,hands,1
THE GOLDEN BIRD,handsome,1
THE GOLDEN BIRD,hanged,1
THE GOLDEN BIRD,happen,1
THE GOLDEN BIRD,happened,3
THE GOLDEN BIRD,hard,1
THE GOLDEN BIRD,harm,2
THE GOLDEN BIRD,has,1
THE GOLDEN BIRD,have,9
THE GOLDEN BIRD,he,74
THE GOLDEN BIRD,head,2
THE GOLDEN BIRD,heard,5
THE GOLDEN BIRD,heir,1
THE GOLDEN BIRD,her,10
THE GOLDEN BIRD,here,2
THE GOLDEN BIRD,hill,3
THE GOLDEN BIRD,him,34
THE GOLDEN BIRD,himself,5
THE GOLDEN BIRD,his,38
THE GOLDEN BIRD,hold,3
THE GOLDEN BIRD,home,3
THE GOLDEN BIRD,horse,14
THE GOLDEN BIRD,house,3
THE GOLDEN BIRD,how,2
THE GOLDEN BIRD,however,3
THE GOLDEN BIRD,hung,1
THE GOLDEN BIRD,i,14
THE GOLDEN BIRD,if,7
THE GOLDEN BIRD,ill,1
THE GOLDEN BIRD,in,34
THE GOLDEN BIRD,inn,1
THE GOLDEN BIRD,inns,3
THE GOLDEN BIRD,into,8
THE GOLDEN BIRD,is,9
THE GOLDEN BIRD,it,36
THE GOLDEN BIRD,its,4
THE GOLDEN BIRD,journey,2
THE GOLDEN BIRD,joyful,1
THE GOLDEN BIRD,judge,1
THE GOLDEN BIRD,judged,1
THE GOLDEN BIRD,jumped,1
THE GOLDEN BIRD,keep,4
THE GOLDEN BIRD,kill,3
THE GOLDEN BIRD,king,16
THE GOLDEN BIRD,kingdom,3
THE GOLDEN BIRD,kiss,2
THE GOLDEN BIRD,know,2
THE GOLDEN BIRD,labour,1
THE GOLDEN BIRD,laid,1
THE GOLDEN BIRD,last,6
THE GOLDEN BIRD,lay,2
THE GOLDEN BIRD,lead,1
THE GOLDEN BIRD,leathern,2
THE GOLDEN BIRD,leave,4
THE GOLDEN BIRD,left,3
THE GOLDEN BIRD,let,4
THE GOLDEN BIRD,liberty,1
THE GOLDEN BIRD,lie,3
THE GOLDEN BIRD,life,1
THE GOLDEN BIRD,lift,1
THE GOLDEN BIRD,listen,3
THE GOLDEN BIRD,listening,1
THE GOLDEN BIRD,little,2
THE GOLDEN BIRD,live,1
THE GOLDEN BIRD,long,2
THE GOLDEN BIRD,look,2
THE GOLDEN BIRD,looked,2
THE GOLDEN BIRD,looking,1
THE GOLDEN BIRD,lost,2
THE GOLDEN BIRD,loud,2
THE GOLDEN BIRD,luck,1
THE GOLDEN BIRD,luckily,1
THE GOLDEN BIRD,lying,1
THE GOLDEN BIRD,made,2
THE GOLDEN BIRD,man,9
THE GOLDEN BIRD,manner,1
THE GOLDEN BIRD,many,3
THE GOLDEN BIRD,master,1
THE GOLDEN BIRD,matter,4
THE GOLDEN BIRD,may,1
THE GOLDEN BIRD,me,4
THE GOLDEN BIRD,mean,1
THE GOLDEN BIRD,men,2
THE GOLDEN BIRD,merrily,1
THE GOLDEN BIRD,merrymaking,1
THE GOLDEN BIRD,met,7
THE GOLDEN BIRD,midnight,1
THE GOLDEN BIRD,might,1
THE GOLDEN BIRD,missed,1
THE GOLDEN BIRD,missing,1
THE GOLDEN BIRD,moment,2
THE GOLDEN BIRD,money,1
THE GOLDEN BIRD,more,6
THE GOLDEN BIRD,morning,7
THE GOLDEN BIRD,mother,1
THE GOLDEN BIRD,mount,1
THE GOLDEN BIRD,mounted,1
THE GOLDEN BIRD,must,5
THE GOLDEN BIRD,my,7
THE GOLDEN BIRD,nearer,1
THE GOLDEN BIRD,nearly,1
THE GOLDEN BIRD,never,1
THE GOLDEN BIRD,next,1
THE GOLDEN BIRD,night,5
THE GOLDEN BIRD,no,10
THE GOLDEN BIRD,noise,2
THE GOLDEN BIRD,not,20
THE GOLDEN BIRD,nothing,1
THE GOLDEN BIRD,notice,1
THE GOLDEN BIRD,now,3
THE GOLDEN BIRD,o,3
THE GOLDEN BIRD,obliged,1
THE GOLDEN BIRD,of,27
THE GOLDEN BIRD,off,4
THE GOLDEN BIRD,offered,1
THE GOLDEN BIRD,old,4
THE GOLDEN BIRD,on,15
THE GOLDEN BIRD,once,3
THE GOLDEN BIRD,one,10
THE GOLDEN BIRD,only,2
THE GOLDEN BIRD,opened,1
THE GOLDEN BIRD,opposite,1
THE GOLDEN BIRD,ordered,2
THE GOLDEN BIRD,other,3
THE GOLDEN BIRD,otherwise,2
THE GOLDEN BIRD,our,1
THE GOLDEN BIRD,out,13
THE GOLDEN BIRD,over,4
THE GOLDEN BIRD,own,2
THE GOLDEN BIRD,paid,1
THE GOLDEN BIRD,pass,1
THE GOLDEN BIRD,passed,2
THE GOLDEN BIRD,people,3
THE GOLDEN BIRD,pity,1
THE GOLDEN BIRD,place,1
THE GOLDEN BIRD,pleasant,2
THE GOLDEN BIRD,poor,3
THE GOLDEN BIRD,pray,1
THE GOLDEN BIRD,prevent,1
THE GOLDEN BIRD,princess,16
THE GOLDEN BIRD,prisoner,3
THE GOLDEN BIRD,pulled,1
THE GOLDEN BIRD,punished,1
THE GOLDEN BIRD,pure,1
THE GOLDEN BIRD,put,5
THE GOLDEN BIRD,quick,1
THE GOLDEN BIRD,quickly,1
THE GOLDEN BIRD,quietly,1
THE GOLDEN BIRD,ran,2
THE GOLDEN BIRD,ransom,1
THE GOLDEN BIRD,rascals,1
THE GOLDEN BIRD,rate,1
THE GOLDEN BIRD,reach,1
THE GOLDEN BIRD,ready,1
THE GOLDEN BIRD,refused,2
THE GOLDEN BIRD,rejoicing,1
THE GOLDEN BIRD,removed,1
THE GOLDEN BIRD,repent,1
THE GOLDEN BIRD,rest,3
THE GOLDEN BIRD,rested,1
THE GOLDEN BIRD,ride,2
THE GOLDEN BIRD,right,3
THE GOLDEN BIRD,ripe,1
THE GOLDEN BIRD,river,5
THE GOLDEN BIRD,robbers,1
THE GOLDEN BIRD,rode,2
THE GOLDEN BIRD,roguery,1
THE GOLDEN BIRD,room,1
THE GOLDEN BIRD,run,3
THE GOLDEN BIRD,rustling,1
THE GOLDEN BIRD,s,9
THE GOLDEN BIRD,saddle,4
THE GOLDEN BIRD,said,27
THE GOLDEN BIRD,same,3
THE GOLDEN BIRD,sat,5
THE GOLDEN BIRD,saved,1
THE GOLDEN BIRD,saw,2
THE GOLDEN BIRD,say,2
THE GOLDEN BIRD,scarcely,1
THE GOLDEN BIRD,scolded,1
THE GOLDEN BIRD,scream,1
THE GOLDEN BIRD,second,2
THE GOLDEN BIRD,secretly,1
THE GOLDEN BIRD,see,3
THE GOLDEN BIRD,seek,1
THE GOLDEN BIRD,sees,1
THE GOLDEN BIRD,seized,1
THE GOLDEN BIRD,sentenced,2
THE GOLDEN BIRD,set,8
THE GOLDEN BIRD,seven,1
THE GOLDEN BIRD,shabby,4
THE GOLDEN BIRD,shake,1
THE GOLDEN BIRD,shall,1
THE GOLDEN BIRD,she,5
THE GOLDEN BIRD,shoot,2
THE GOLDEN BIRD,shot,2
THE GOLDEN BIRD,should,5
THE GOLDEN BIRD,side,6
THE GOLDEN BIRD,sighing,1
THE GOLDEN BIRD,silly,1
THE GOLDEN BIRD,sing,2
THE GOLDEN BIRD,singing,1
THE GOLDEN BIRD,sit,4
THE GOLDEN BIRD,sits,1
THE GOLDEN BIRD,sitting,1
THE GOLDEN BIRD,sleep,1
THE GOLDEN BIRD,smart,1
THE GOLDEN BIRD,snapping,1
THE GOLDEN BIRD,snoring,3
THE GOLDEN BIRD,so,21
THE GOLDEN BIRD,soldiers,2
THE GOLDEN BIRD,some,2
THE GOLDEN BIRD,son,15
THE GOLDEN BIRD,sorrowful,1
THE GOLDEN BIRD,speak,1
THE GOLDEN BIRD,spurs,1
THE GOLDEN BIRD,stall,1
THE GOLDEN BIRD,standing,1
THE GOLDEN BIRD,stands,2
THE GOLDEN BIRD,stay,2
THE GOLDEN BIRD,steep,1
THE GOLDEN BIRD,still,3
THE GOLDEN BIRD,stock,4
THE GOLDEN BIRD,stone,4
THE GOLDEN BIRD,stood,2
THE GOLDEN BIRD,stops,1
THE GOLDEN BIRD,straight,3
THE GOLDEN BIRD,stretched,2
THE GOLDEN BIRD,struck,1
THE GOLDEN BIRD,such,3
THE GOLDEN BIRD,sudden,1
THE GOLDEN BIRD,suffer,1
THE GOLDEN BIRD,sure,2
THE GOLDEN BIRD,suspected,1
THE GOLDEN BIRD,swiftly,1
THE GOLDEN BIRD,tail,7
THE GOLDEN BIRD,take,8
THE GOLDEN BIRD,taken,1
THE GOLDEN BIRD,tears,2
THE GOLDEN BIRD,tell,1
THE GOLDEN BIRD,temptation,1
THE GOLDEN BIRD,than,1
THE GOLDEN BIRD,thankful,1
THE GOLDEN BIRD,that,25
THE GOLDEN BIRD,the,227
THE GOLDEN BIRD,their,7
THE GOLDEN BIRD,them,4
THE GOLDEN BIRD,then,23
THE GOLDEN BIRD,there,5
THE GOLDEN BIRD,these,2
THE GOLDEN BIRD,they,16
THE GOLDEN BIRD,thing,3
THE GOLDEN BIRD,things,1
THE GOLDEN BIRD,think,1
THE GOLDEN BIRD,third,1
THE GOLDEN BIRD,this,8
THE GOLDEN BIRD,thither,1
THE GOLDEN BIRD,though,1
THE GOLDEN BIRD,thought,5
THE GOLDEN BIRD,three,2
THE GOLDEN BIRD,threw,1
THE GOLDEN BIRD,tidings,1
THE GOLDEN BIRD,till,8
THE GOLDEN BIRD,time,3
THE GOLDEN BIRD,to,91
THE GOLDEN BIRD,together,1
THE GOLDEN BIRD,told,2
THE GOLDEN BIRD,too,4
THE GOLDEN BIRD,took,6
THE GOLDEN BIRD,towards,1
THE GOLDEN BIRD,travel,1
THE GOLDEN BIRD,tree,3
THE GOLDEN BIRD,troop,1
THE GOLDEN BIRD,true,1
THE GOLDEN BIRD,try,1
THE GOLDEN BIRD,turned,2
THE GOLDEN BIRD,twelve,4
THE GOLDEN BIRD,two,8
THE GOLDEN BIRD,under,2
THE GOLDEN BIRD,unless,3
THE GOLDEN BIRD,up,6
THE GOLDEN BIRD,upon,6
THE GOLDEN BIRD,uproar,1
THE GOLDEN BIRD,us,1
THE GOLDEN BIRD,use,1
THE GOLDEN BIRD,very,11
THE GOLDEN BIRD,view,1
THE GOLDEN BIRD,village,4
THE GOLDEN BIRD,walk,1
THE GOLDEN BIRD,want,2
THE GOLDEN BIRD,was,39
THE GOLDEN BIRD,watch,6
THE GOLDEN BIRD,way,5
THE GOLDEN BIRD,we,2
THE GOLDEN BIRD,wealth,1
THE GOLDEN BIRD,weeping,1
THE GOLDEN BIRD,well,1
THE GOLDEN BIRD,went,20
THE GOLDEN BIRD,wept,2
THE GOLDEN BIRD,were,9
THE GOLDEN BIRD,what,5
THE GOLDEN BIRD,when,15
THE GOLDEN BIRD,where,8
THE GOLDEN BIRD,whether,1
THE GOLDEN BIRD,which,4
THE GOLDEN BIRD,while,4
THE GOLDEN BIRD,whistled,4
THE GOLDEN BIRD,who,3
THE GOLDEN BIRD,whole,3
THE GOLDEN BIRD,why,1
THE GOLDEN BIRD,wide,1
THE GOLDEN BIRD,will,22
THE GOLDEN BIRD,wind,4
THE GOLDEN BIRD,window,2
THE GOLDEN BIRD,wished,1
THE GOLDEN BIRD,with,9
THE GOLDEN BIRD,within,1
THE GOLDEN BIRD,without,1
THE GOLDEN BIRD,withstand,1
THE GOLDEN BIRD,won,1
THE GOLDEN BIRD,wood,7
THE GOLDEN BIRD,wooden,2
THE GOLDEN BIRD,word,1
THE GOLDEN BIRD,work,1
THE GOLDEN BIRD,worked,1
THE GOLDEN BIRD,world,2
THE GOLDEN BIRD,worth,1
THE GOLDEN BIRD,would,10
THE GOLDEN BIRD,years,1
THE GOLDEN BIRD,yes,1
THE GOLDEN BIRD,yet,2
THE GOLDEN BIRD,you,43
THE GOLDEN BIRD,young,7
THE GOLDEN BIRD,youngest,2
THE GOLDEN BIRD,your,6
THE GOLDEN GOOSE,a,47
THE GOLDEN GOOSE,able,1
THE GOLDEN GOOSE,about,2
THE GOLDEN GOOSE,across,1
THE GOLDEN GOOSE,after,6
THE GOLDEN GOOSE,afterwards,2
THE GOLDEN GOOSE,again,1
THE GOLDEN GOOSE,all,5
THE GOLDEN GOOSE,alone,1
THE GOLDEN GOOSE,also,2
THE GOLDEN GOOSE,am,3
THE GOLDEN GOOSE,an,5
THE GOLDEN GOOSE,and,83
THE GOLDEN GOOSE,answered,4
THE GOLDEN GOOSE,anything,1
THE GOLDEN GOOSE,are,3
THE GOLDEN GOOSE,arm,2
THE GOLDEN GOOSE,as,13
THE GOLDEN GOOSE,asked,5
THE GOLDEN GOOSE,astonished,1
THE GOLDEN GOOSE,at,8
THE GOLDEN GOOSE,ate,1
THE GOLDEN GOOSE,away,7
THE GOLDEN GOOSE,awful,1
THE GOLDEN GOOSE,axe,1
THE GOLDEN GOOSE,back,1
THE GOLDEN GOOSE,bade,1
THE GOLDEN GOOSE,baked,2
THE GOLDEN GOOSE,barrel,1
THE GOLDEN GOOSE,barrels,2
THE GOLDEN GOOSE,be,9
THE GOLDEN GOOSE,beautiful,1
THE GOLDEN GOOSE,because,1
THE GOLDEN GOOSE,become,1
THE GOLDEN GOOSE,beer,3
THE GOLDEN GOOSE,before,6
THE GOLDEN GOOSE,began,3
THE GOLDEN GOOSE,begged,2
THE GOLDEN GOOSE,behind,5
THE GOLDEN GOOSE,bent,1
THE GOLDEN GOOSE,bird,1
THE GOLDEN GOOSE,blows,1
THE GOLDEN GOOSE,body,1
THE GOLDEN GOOSE,bottle,4
THE GOLDEN GOOSE,bound,1
THE GOLDEN GOOSE,bread,2
THE GOLDEN GOOSE,bride,2
THE GOLDEN GOOSE,brothers,1
THE GOLDEN GOOSE,but,17
THE GOLDEN GOOSE,by,6
THE GOLDEN GOOSE,cake,9
THE GOLDEN GOOSE,called,4
THE GOLDEN GOOSE,came,6
THE GOLDEN GOOSE,can,3
THE GOLDEN GOOSE,carried,1
THE GOLDEN GOOSE,caused,1
THE GOLDEN GOOSE,celebrated,1
THE GOLDEN GOOSE,cellar,1
THE GOLDEN GOOSE,cellarful,1
THE GOLDEN GOOSE,certainly,1
THE GOLDEN GOOSE,christening,1
THE GOLDEN GOOSE,cindercake,2
THE GOLDEN GOOSE,cinders,1
THE GOLDEN GOOSE,city,1
THE GOLDEN GOOSE,clever,1
THE GOLDEN GOOSE,cold,1
THE GOLDEN GOOSE,collected,1
THE GOLDEN GOOSE,come,3
THE GOLDEN GOOSE,condition,1
THE GOLDEN GOOSE,contentedly,1
THE GOLDEN GOOSE,continually,1
THE GOLDEN GOOSE,could,7
THE GOLDEN GOOSE,curious,1
THE GOLDEN GOOSE,cut,4
THE GOLDEN GOOSE,daughter,5
THE GOLDEN GOOSE,daughters,1
THE GOLDEN GOOSE,day,3
THE GOLDEN GOOSE,death,1
THE GOLDEN GOOSE,decree,1
THE GOLDEN GOOSE,delayed,1
THE GOLDEN GOOSE,despised,1
THE GOLDEN GOOSE,did,3
THE GOLDEN GOOSE,die,1
THE GOLDEN GOOSE,divide,1
THE GOLDEN GOOSE,do,5
THE GOLDEN GOOSE,doing,1
THE GOLDEN GOOSE,down,5
THE GOLDEN GOOSE,drank,3
THE GOLDEN GOOSE,draught,1
THE GOLDEN GOOSE,drink,4
THE GOLDEN GOOSE,drop,1
THE GOLDEN GOOSE,dummling,22
THE GOLDEN GOOSE,eat,5
THE GOLDEN GOOSE,eaten,1
THE GOLDEN GOOSE,eldest,3
THE GOLDEN GOOSE,emptied,2
THE GOLDEN GOOSE,empty,1
THE GOLDEN GOOSE,end,1
THE GOLDEN GOOSE,enough,1
THE GOLDEN GOOSE,entered,1
THE GOLDEN GOOSE,every,1
THE GOLDEN GOOSE,everyone,1
THE GOLDEN GOOSE,excuses,1
THE GOLDEN GOOSE,face,2
THE GOLDEN GOOSE,false,1
THE GOLDEN GOOSE,fast,6
THE GOLDEN GOOSE,father,2
THE GOLDEN GOOSE,feather,2
THE GOLDEN GOOSE,feathers,2
THE GOLDEN GOOSE,fell,1
THE GOLDEN GOOSE,felled,1
THE GOLDEN GOOSE,fellow,1
THE GOLDEN GOOSE,few,1
THE GOLDEN GOOSE,fields,3
THE GOLDEN GOOSE,find,3
THE GOLDEN GOOSE,fine,1
THE GOLDEN GOOSE,finger,1
THE GOLDEN GOOSE,first,2
THE GOLDEN GOOSE,five,1
THE GOLDEN GOOSE,flour,1
THE GOLDEN GOOSE,for,11
THE GOLDEN GOOSE,forest,8
THE GOLDEN GOOSE,forget,1
THE GOLDEN GOOSE,forth,1
THE GOLDEN GOOSE,free,1
THE GOLDEN GOOSE,from,6
THE GOLDEN GOOSE,full,1
THE GOLDEN GOOSE,gave,4
THE GOLDEN GOOSE,get,3
THE GOLDEN GOOSE,girls,3
THE GOLDEN GOOSE,give,6
THE GOLDEN GOOSE,given,2
THE GOLDEN GOOSE,glad,1
THE GOLDEN GOOSE,go,4
THE GOLDEN GOOSE,gold,1
THE GOLDEN GOOSE,golden,1
THE GOLDEN GOOSE,gone,1
THE GOLDEN GOOSE,good,5
THE GOLDEN GOOSE,goodfornothing,1
THE GOLDEN GOOSE,goodness,1
THE GOLDEN GOOSE,goose,7
THE GOLDEN GOOSE,great,1
THE GOLDEN GOOSE,greeting,1
THE GOLDEN GOOSE,grey,5
THE GOLDEN GOOSE,greyhaired,1
THE GOLDEN GOOSE,had,18
THE GOLDEN GOOSE,hand,2
THE GOLDEN GOOSE,hanging,1
THE GOLDEN GOOSE,happened,1
THE GOLDEN GOOSE,has,1
THE GOLDEN GOOSE,have,16
THE GOLDEN GOOSE,having,1
THE GOLDEN GOOSE,he,45
THE GOLDEN GOOSE,heard,2
THE GOLDEN GOOSE,heart,2
THE GOLDEN GOOSE,held,3
THE GOLDEN GOOSE,help,2
THE GOLDEN GOOSE,her,13
THE GOLDEN GOOSE,herself,1
THE GOLDEN GOOSE,hew,2
THE GOLDEN GOOSE,hi,1
THE GOLDEN GOOSE,him,22
THE GOLDEN GOOSE,himself,3
THE GOLDEN GOOSE,his,19
THE GOLDEN GOOSE,hoes,1
THE GOLDEN GOOSE,home,2
THE GOLDEN GOOSE,host,1
THE GOLDEN GOOSE,hot,1
THE GOLDEN GOOSE,how,1
THE GOLDEN GOOSE,however,1
THE GOLDEN GOOSE,huge,2
THE GOLDEN GOOSE,hunger,3
THE GOLDEN GOOSE,hungry,2
THE GOLDEN GOOSE,hurt,2
THE GOLDEN GOOSE,hurting,1
THE GOLDEN GOOSE,i,19
THE GOLDEN GOOSE,if,4
THE GOLDEN GOOSE,in,11
THE GOLDEN GOOSE,inherited,1
THE GOLDEN GOOSE,inn,1
THE GOLDEN GOOSE,intent,1
THE GOLDEN GOOSE,into,6
THE GOLDEN GOOSE,is,3
THE GOLDEN GOOSE,it,17
THE GOLDEN GOOSE,its,1
THE GOLDEN GOOSE,just,3
THE GOLDEN GOOSE,keep,3
THE GOLDEN GOOSE,kind,1
THE GOLDEN GOOSE,king,9
THE GOLDEN GOOSE,kingdom,2
THE GOLDEN GOOSE,know,1
THE GOLDEN GOOSE,labourers,1
THE GOLDEN GOOSE,land,2
THE GOLDEN GOOSE,last,2
THE GOLDEN GOOSE,laugh,3
THE GOLDEN GOOSE,leave,2
THE GOLDEN GOOSE,led,2
THE GOLDEN GOOSE,left,3
THE GOLDEN GOOSE,leg,1
THE GOLDEN GOOSE,legs,1
THE GOLDEN GOOSE,let,2
THE GOLDEN GOOSE,lifted,1
THE GOLDEN GOOSE,like,4
THE GOLDEN GOOSE,liked,1
THE GOLDEN GOOSE,likewise,3
THE GOLDEN GOOSE,little,10
THE GOLDEN GOOSE,lived,1
THE GOLDEN GOOSE,loins,1
THE GOLDEN GOOSE,long,5
THE GOLDEN GOOSE,longer,1
THE GOLDEN GOOSE,loudly,1
THE GOLDEN GOOSE,luck,1
THE GOLDEN GOOSE,made,5
THE GOLDEN GOOSE,make,2
THE GOLDEN GOOSE,making,1
THE GOLDEN GOOSE,man,18
THE GOLDEN GOOSE,manner,1
THE GOLDEN GOOSE,marry,1
THE GOLDEN GOOSE,master,1
THE GOLDEN GOOSE,may,1
THE GOLDEN GOOSE,me,9
THE GOLDEN GOOSE,met,4
THE GOLDEN GOOSE,middle,1
THE GOLDEN GOOSE,might,3
THE GOLDEN GOOSE,mocked,1
THE GOLDEN GOOSE,more,1
THE GOLDEN GOOSE,morning,1
THE GOLDEN GOOSE,mother,3
THE GOLDEN GOOSE,mountain,3
THE GOLDEN GOOSE,must,3
THE GOLDEN GOOSE,my,3
THE GOLDEN GOOSE,myself,3
THE GOLDEN GOOSE,never,1
THE GOLDEN GOOSE,new,1
THE GOLDEN GOOSE,next,1
THE GOLDEN GOOSE,night,2
THE GOLDEN GOOSE,no,2
THE GOLDEN GOOSE,none,1
THE GOLDEN GOOSE,not,11
THE GOLDEN GOOSE,now,4
THE GOLDEN GOOSE,obliged,2
THE GOLDEN GOOSE,occasion,1
THE GOLDEN GOOSE,of,27
THE GOLDEN GOOSE,off,2
THE GOLDEN GOOSE,old,4
THE GOLDEN GOOSE,on,10
THE GOLDEN GOOSE,once,2
THE GOLDEN GOOSE,one,6
THE GOLDEN GOOSE,only,2
THE GOLDEN GOOSE,opportunity,1
THE GOLDEN GOOSE,or,1
THE GOLDEN GOOSE,order,2
THE GOLDEN GOOSE,ordered,1
THE GOLDEN GOOSE,other,2
THE GOLDEN GOOSE,others,2
THE GOLDEN GOOSE,out,11
THE GOLDEN GOOSE,ovenful,1
THE GOLDEN GOOSE,over,1
THE GOLDEN GOOSE,palace,1
THE GOLDEN GOOSE,parson,3
THE GOLDEN GOOSE,people,1
THE GOLDEN GOOSE,piece,3
THE GOLDEN GOOSE,place,2
THE GOLDEN GOOSE,pleases,1
THE GOLDEN GOOSE,pocket,1
THE GOLDEN GOOSE,prevent,1
THE GOLDEN GOOSE,procession,1
THE GOLDEN GOOSE,produce,1
THE GOLDEN GOOSE,pull,1
THE GOLDEN GOOSE,pulled,1
THE GOLDEN GOOSE,pulling,1
THE GOLDEN GOOSE,punishment,1
THE GOLDEN GOOSE,pure,1
THE GOLDEN GOOSE,put,1
THE GOLDEN GOOSE,quench,1
THE GOLDEN GOOSE,quickly,1
THE GOLDEN GOOSE,quite,1
THE GOLDEN GOOSE,ran,1
THE GOLDEN GOOSE,remained,2
THE GOLDEN GOOSE,remains,1
THE GOLDEN GOOSE,reverence,1
THE GOLDEN GOOSE,right,1
THE GOLDEN GOOSE,rolls,1
THE GOLDEN GOOSE,roots,2
THE GOLDEN GOOSE,ruled,1
THE GOLDEN GOOSE,run,2
THE GOLDEN GOOSE,running,5
THE GOLDEN GOOSE,s,5
THE GOLDEN GOOSE,said,12
THE GOLDEN GOOSE,sail,2
THE GOLDEN GOOSE,sailing,1
THE GOLDEN GOOSE,sake,1
THE GOLDEN GOOSE,same,3
THE GOLDEN GOOSE,sat,3
THE GOLDEN GOOSE,satisfied,1
THE GOLDEN GOOSE,saw,6
THE GOLDEN GOOSE,saying,1
THE GOLDEN GOOSE,scarcely,2
THE GOLDEN GOOSE,screamed,1
THE GOLDEN GOOSE,second,3
THE GOLDEN GOOSE,seemly,1
THE GOLDEN GOOSE,seized,2
THE GOLDEN GOOSE,sensibly,1
THE GOLDEN GOOSE,serious,1
THE GOLDEN GOOSE,set,2
THE GOLDEN GOOSE,seven,2
THE GOLDEN GOOSE,sexton,3
THE GOLDEN GOOSE,shall,5
THE GOLDEN GOOSE,shame,1
THE GOLDEN GOOSE,she,12
THE GOLDEN GOOSE,ship,3
THE GOLDEN GOOSE,should,3
THE GOLDEN GOOSE,simpleton,1
THE GOLDEN GOOSE,since,2
THE GOLDEN GOOSE,sister,2
THE GOLDEN GOOSE,sit,1
THE GOLDEN GOOSE,sitting,2
THE GOLDEN GOOSE,sleeve,1
THE GOLDEN GOOSE,sneered,1
THE GOLDEN GOOSE,so,13
THE GOLDEN GOOSE,something,1
THE GOLDEN GOOSE,son,3
THE GOLDEN GOOSE,soninlaw,1
THE GOLDEN GOOSE,sons,1
THE GOLDEN GOOSE,soon,8
THE GOLDEN GOOSE,sorely,1
THE GOLDEN GOOSE,sorrowful,1
THE GOLDEN GOOSE,sought,1
THE GOLDEN GOOSE,sour,3
THE GOLDEN GOOSE,spend,1
THE GOLDEN GOOSE,stand,1
THE GOLDEN GOOSE,standing,2
THE GOLDEN GOOSE,stands,1
THE GOLDEN GOOSE,stay,1
THE GOLDEN GOOSE,sticking,2
THE GOLDEN GOOSE,stomach,1
THE GOLDEN GOOSE,stone,1
THE GOLDEN GOOSE,stood,1
THE GOLDEN GOOSE,stop,1
THE GOLDEN GOOSE,straight,2
THE GOLDEN GOOSE,strap,1
THE GOLDEN GOOSE,stroke,1
THE GOLDEN GOOSE,struck,1
THE GOLDEN GOOSE,stuck,1
THE GOLDEN GOOSE,such,4
THE GOLDEN GOOSE,suffer,1
THE GOLDEN GOOSE,sweet,2
THE GOLDEN GOOSE,take,1
THE GOLDEN GOOSE,taken,1
THE GOLDEN GOOSE,taking,2
THE GOLDEN GOOSE,than,1
THE GOLDEN GOOSE,that,16
THE GOLDEN GOOSE,the,94
THE GOLDEN GOOSE,their,1
THE GOLDEN GOOSE,them,4
THE GOLDEN GOOSE,themselves,1
THE GOLDEN GOOSE,then,6
THE GOLDEN GOOSE,there,9
THE GOLDEN GOOSE,thereupon,1
THE GOLDEN GOOSE,they,7
THE GOLDEN GOOSE,think,1
THE GOLDEN GOOSE,thinking,1
THE GOLDEN GOOSE,third,2
THE GOLDEN GOOSE,thirst,2
THE GOLDEN GOOSE,thirsty,2
THE GOLDEN GOOSE,this,7
THE GOLDEN GOOSE,thought,4
THE GOLDEN GOOSE,three,4
THE GOLDEN GOOSE,thus,1
THE GOLDEN GOOSE,tie,1
THE GOLDEN GOOSE,till,1
THE GOLDEN GOOSE,time,3
THE GOLDEN GOOSE,to,35
THE GOLDEN GOOSE,today,1
THE GOLDEN GOOSE,too,2
THE GOLDEN GOOSE,took,4
THE GOLDEN GOOSE,touched,4
THE GOLDEN GOOSE,train,1
THE GOLDEN GOOSE,tree,5
THE GOLDEN GOOSE,trotting,1
THE GOLDEN GOOSE,troubling,1
THE GOLDEN GOOSE,two,1
THE GOLDEN GOOSE,tying,1
THE GOLDEN GOOSE,ugly,1
THE GOLDEN GOOSE,under,1
THE GOLDEN GOOSE,understand,2
THE GOLDEN GOOSE,up,5
THE GOLDEN GOOSE,vanished,1
THE GOLDEN GOOSE,very,1
THE GOLDEN GOOSE,vexed,1
THE GOLDEN GOOSE,wanted,2
THE GOLDEN GOOSE,was,21
THE GOLDEN GOOSE,water,4
THE GOLDEN GOOSE,way,1
THE GOLDEN GOOSE,we,2
THE GOLDEN GOOSE,wedding,1
THE GOLDEN GOOSE,well,1
THE GOLDEN GOOSE,went,10
THE GOLDEN GOOSE,were,7
THE GOLDEN GOOSE,what,6
THE GOLDEN GOOSE,when,12
THE GOLDEN GOOSE,where,5
THE GOLDEN GOOSE,wherever,1
THE GOLDEN GOOSE,which,2
THE GOLDEN GOOSE,whilst,1
THE GOLDEN GOOSE,whither,1
THE GOLDEN GOOSE,who,11
THE GOLDEN GOOSE,whole,4
THE GOLDEN GOOSE,whom,3
THE GOLDEN GOOSE,whosoever,1
THE GOLDEN GOOSE,why,2
THE GOLDEN GOOSE,wife,3
THE GOLDEN GOOSE,will,6
THE GOLDEN GOOSE,willing,1
THE GOLDEN GOOSE,wine,8
THE GOLDEN GOOSE,wing,1
THE GOLDEN GOOSE,wiser,1
THE GOLDEN GOOSE,with,14
THE GOLDEN GOOSE,without,1
THE GOLDEN GOOSE,wonderful,1
THE GOLDEN GOOSE,wood,2
THE GOLDEN GOOSE,would,4
THE GOLDEN GOOSE,you,20
THE GOLDEN GOOSE,young,1
THE GOLDEN GOOSE,youngest,2
THE GOLDEN GOOSE,your,6
THE GOLDEN GOOSE,yourself,2
THE GOOSE-GIRL,a,30
THE GOOSE-GIRL,afraid,1
THE GOOSE-GIRL,after,9
THE GOOSE-GIRL,afterwards,1
THE GOOSE-GIRL,again,10
THE GOOSE-GIRL,against,1
THE GOOSE-GIRL,alas,11
THE GOOSE-GIRL,all,17
THE GOOSE-GIRL,along,1
THE GOOSE-GIRL,amused,1
THE GOOSE-GIRL,and,141
THE GOOSE-GIRL,angry,1
THE GOOSE-GIRL,answered,6
THE GOOSE-GIRL,answers,1
THE GOOSE-GIRL,any,5
THE GOOSE-GIRL,anyone,2
THE GOOSE-GIRL,anything,1
THE GOOSE-GIRL,are,4
THE GOOSE-GIRL,art,1
THE GOOSE-GIRL,as,11
THE GOOSE-GIRL,aside,1
THE GOOSE-GIRL,ask,1
THE GOOSE-GIRL,asked,2
THE GOOSE-GIRL,at,11
THE GOOSE-GIRL,away,10
THE GOOSE-GIRL,back,3
THE GOOSE-GIRL,bank,1
THE GOOSE-GIRL,be,16
THE GOOSE-GIRL,beautiful,2
THE GOOSE-GIRL,beauty,2
THE GOOSE-GIRL,became,1
THE GOOSE-GIRL,because,1
THE GOOSE-GIRL,become,2
THE GOOSE-GIRL,bedchamber,1
THE GOOSE-GIRL,been,1
THE GOOSE-GIRL,before,2
THE GOOSE-GIRL,began,4
THE GOOSE-GIRL,begged,2
THE GOOSE-GIRL,beginning,1
THE GOOSE-GIRL,behave,1
THE GOOSE-GIRL,behaviour,1
THE GOOSE-GIRL,behind,1
THE GOOSE-GIRL,being,1
THE GOOSE-GIRL,below,2
THE GOOSE-GIRL,betrothed,1
THE GOOSE-GIRL,better,1
THE GOOSE-GIRL,blew,2
THE GOOSE-GIRL,blow,12
THE GOOSE-GIRL,blown,1
THE GOOSE-GIRL,bosom,2
THE GOOSE-GIRL,bound,1
THE GOOSE-GIRL,boy,1
THE GOOSE-GIRL,breezes,6
THE GOOSE-GIRL,bride,18
THE GOOSE-GIRL,bridegroom,3
THE GOOSE-GIRL,brilliant,1
THE GOOSE-GIRL,bring,1
THE GOOSE-GIRL,brook,3
THE GOOSE-GIRL,brought,2
THE GOOSE-GIRL,burst,1
THE GOOSE-GIRL,bush,1
THE GOOSE-GIRL,but,19
THE GOOSE-GIRL,by,6
THE GOOSE-GIRL,called,3
THE GOOSE-GIRL,came,13
THE GOOSE-GIRL,can,1
THE GOOSE-GIRL,care,3
THE GOOSE-GIRL,carried,2
THE GOOSE-GIRL,cask,1
THE GOOSE-GIRL,chamber,2
THE GOOSE-GIRL,charm,2
THE GOOSE-GIRL,child,3
THE GOOSE-GIRL,city,2
THE GOOSE-GIRL,clothes,2
THE GOOSE-GIRL,comb,4
THE GOOSE-GIRL,combing,2
THE GOOSE-GIRL,coming,1
THE GOOSE-GIRL,company,1
THE GOOSE-GIRL,costly,1
THE GOOSE-GIRL,could,2
THE GOOSE-GIRL,country,1
THE GOOSE-GIRL,court,4
THE GOOSE-GIRL,courtyard,1
THE GOOSE-GIRL,cried,4
THE GOOSE-GIRL,cries,1
THE GOOSE-GIRL,cup,3
THE GOOSE-GIRL,curdken,13
THE GOOSE-GIRL,curl,3
THE GOOSE-GIRL,curling,2
THE GOOSE-GIRL,cut,3
THE GOOSE-GIRL,d,9
THE GOOSE-GIRL,dales,3
THE GOOSE-GIRL,dared,1
THE GOOSE-GIRL,dark,7
THE GOOSE-GIRL,daughter,1
THE GOOSE-GIRL,day,5
THE GOOSE-GIRL,dazzling,1
THE GOOSE-GIRL,dead,1
THE GOOSE-GIRL,dear,2
THE GOOSE-GIRL,dearly,1
THE GOOSE-GIRL,delicate,1
THE GOOSE-GIRL,did,4
THE GOOSE-GIRL,died,1
THE GOOSE-GIRL,do,5
THE GOOSE-GIRL,does,1
THE GOOSE-GIRL,doing,1
THE GOOSE-GIRL,done,6
THE GOOSE-GIRL,down,10
THE GOOSE-GIRL,drag,1
THE GOOSE-GIRL,drank,2
THE GOOSE-GIRL,dress,1
THE GOOSE-GIRL,dresses,1
THE GOOSE-GIRL,drew,2
THE GOOSE-GIRL,drink,5
THE GOOSE-GIRL,drinking,1
THE GOOSE-GIRL,drove,4
THE GOOSE-GIRL,each,1
THE GOOSE-GIRL,early,1
THE GOOSE-GIRL,eaten,1
THE GOOSE-GIRL,else,1
THE GOOSE-GIRL,end,2
THE GOOSE-GIRL,er,3
THE GOOSE-GIRL,even,1
THE GOOSE-GIRL,evening,4
THE GOOSE-GIRL,ever,1
THE GOOSE-GIRL,every,1
THE GOOSE-GIRL,everything,1
THE GOOSE-GIRL,eyes,2
THE GOOSE-GIRL,fairy,4
THE GOOSE-GIRL,faithful,2
THE GOOSE-GIRL,falada,18
THE GOOSE-GIRL,false,5
THE GOOSE-GIRL,far,1
THE GOOSE-GIRL,farther,1
THE GOOSE-GIRL,feast,1
THE GOOSE-GIRL,fed,1
THE GOOSE-GIRL,feel,2
THE GOOSE-GIRL,fell,1
THE GOOSE-GIRL,fetch,2
THE GOOSE-GIRL,field,1
THE GOOSE-GIRL,fine,1
THE GOOSE-GIRL,flew,3
THE GOOSE-GIRL,floated,1
THE GOOSE-GIRL,flock,3
THE GOOSE-GIRL,fond,1
THE GOOSE-GIRL,for,18
THE GOOSE-GIRL,forced,3
THE GOOSE-GIRL,forgot,1
THE GOOSE-GIRL,frightened,2
THE GOOSE-GIRL,from,4
THE GOOSE-GIRL,gale,1
THE GOOSE-GIRL,gangest,3
THE GOOSE-GIRL,gate,6
THE GOOSE-GIRL,gave,2
THE GOOSE-GIRL,gazed,1
THE GOOSE-GIRL,geese,11
THE GOOSE-GIRL,gentle,1
THE GOOSE-GIRL,get,3
THE GOOSE-GIRL,gift,1
THE GOOSE-GIRL,girl,4
THE GOOSE-GIRL,give,3
THE GOOSE-GIRL,glad,1
THE GOOSE-GIRL,glitter,1
THE GOOSE-GIRL,glittered,1
THE GOOSE-GIRL,go,9
THE GOOSE-GIRL,going,2
THE GOOSE-GIRL,gold,1
THE GOOSE-GIRL,golden,3
THE GOOSE-GIRL,good,3
THE GOOSE-GIRL,goosegirl,2
THE GOOSE-GIRL,got,8
THE GOOSE-GIRL,great,6
THE GOOSE-GIRL,grew,4
THE GOOSE-GIRL,had,21
THE GOOSE-GIRL,hair,11
THE GOOSE-GIRL,hands,1
THE GOOSE-GIRL,hangest,3
THE GOOSE-GIRL,hangs,1
THE GOOSE-GIRL,happened,4
THE GOOSE-GIRL,happiness,1
THE GOOSE-GIRL,hard,1
THE GOOSE-GIRL,has,1
THE GOOSE-GIRL,hat,7
THE GOOSE-GIRL,haughtily,1
THE GOOSE-GIRL,have,6
THE GOOSE-GIRL,he,25
THE GOOSE-GIRL,head,9
THE GOOSE-GIRL,heard,5
THE GOOSE-GIRL,held,1
THE GOOSE-GIRL,help,3
THE GOOSE-GIRL,helped,1
THE GOOSE-GIRL,her,59
THE GOOSE-GIRL,hid,1
THE GOOSE-GIRL,hills,5
THE GOOSE-GIRL,him,9
THE GOOSE-GIRL,himself,3
THE GOOSE-GIRL,his,11
THE GOOSE-GIRL,hold,1
THE GOOSE-GIRL,home,2
THE GOOSE-GIRL,homewards,1
THE GOOSE-GIRL,horse,11
THE GOOSE-GIRL,horses,1
THE GOOSE-GIRL,how,7
THE GOOSE-GIRL,husband,1
THE GOOSE-GIRL,i,11
THE GOOSE-GIRL,idle,1
THE GOOSE-GIRL,if,9
THE GOOSE-GIRL,ill,1
THE GOOSE-GIRL,in,18
THE GOOSE-GIRL,instead,2
THE GOOSE-GIRL,into,7
THE GOOSE-GIRL,is,1
THE GOOSE-GIRL,it,45
THE GOOSE-GIRL,jewels,1
THE GOOSE-GIRL,journey,5
THE GOOSE-GIRL,joy,1
THE GOOSE-GIRL,judged,1
THE GOOSE-GIRL,just,1
THE GOOSE-GIRL,keep,1
THE GOOSE-GIRL,kill,1
THE GOOSE-GIRL,killed,1
THE GOOSE-GIRL,kind,1
THE GOOSE-GIRL,kindness,1
THE GOOSE-GIRL,king,17
THE GOOSE-GIRL,kingdom,2
THE GOOSE-GIRL,kitchen,1
THE GOOSE-GIRL,knelt,1
THE GOOSE-GIRL,knew,7
THE GOOSE-GIRL,knife,1
THE GOOSE-GIRL,lad,2
THE GOOSE-GIRL,land,1
THE GOOSE-GIRL,large,1
THE GOOSE-GIRL,last,4
THE GOOSE-GIRL,lay,1
THE GOOSE-GIRL,leaned,1
THE GOOSE-GIRL,leave,2
THE GOOSE-GIRL,led,1
THE GOOSE-GIRL,left,2
THE GOOSE-GIRL,lest,1
THE GOOSE-GIRL,let,8
THE GOOSE-GIRL,life,2
THE GOOSE-GIRL,lifted,1
THE GOOSE-GIRL,like,1
THE GOOSE-GIRL,little,5
THE GOOSE-GIRL,lived,1
THE GOOSE-GIRL,lives,1
THE GOOSE-GIRL,lock,5
THE GOOSE-GIRL,locks,5
THE GOOSE-GIRL,long,1
THE GOOSE-GIRL,longer,2
THE GOOSE-GIRL,looked,2
THE GOOSE-GIRL,looking,1
THE GOOSE-GIRL,lose,1
THE GOOSE-GIRL,lost,1
THE GOOSE-GIRL,loved,1
THE GOOSE-GIRL,lucky,1
THE GOOSE-GIRL,made,1
THE GOOSE-GIRL,maid,9
THE GOOSE-GIRL,man,2
THE GOOSE-GIRL,many,1
THE GOOSE-GIRL,marked,1
THE GOOSE-GIRL,married,2
THE GOOSE-GIRL,may,4
THE GOOSE-GIRL,me,9
THE GOOSE-GIRL,meadow,4
THE GOOSE-GIRL,meek,2
THE GOOSE-GIRL,meet,1
THE GOOSE-GIRL,merely,1
THE GOOSE-GIRL,merry,1
THE GOOSE-GIRL,might,1
THE GOOSE-GIRL,mistress,1
THE GOOSE-GIRL,more,1
THE GOOSE-GIRL,morning,5
THE GOOSE-GIRL,mother,8
THE GOOSE-GIRL,much,1
THE GOOSE-GIRL,must,1
THE GOOSE-GIRL,my,5
THE GOOSE-GIRL,nail,1
THE GOOSE-GIRL,nailed,1
THE GOOSE-GIRL,nails,1
THE GOOSE-GIRL,name,1
THE GOOSE-GIRL,nay,1
THE GOOSE-GIRL,near,2
THE GOOSE-GIRL,next,3
THE GOOSE-GIRL,no,1
THE GOOSE-GIRL,nobody,1
THE GOOSE-GIRL,not,10
THE GOOSE-GIRL,nothing,4
THE GOOSE-GIRL,now,6
THE GOOSE-GIRL,o,3
THE GOOSE-GIRL,of,35
THE GOOSE-GIRL,off,11
THE GOOSE-GIRL,old,8
THE GOOSE-GIRL,on,17
THE GOOSE-GIRL,once,1
THE GOOSE-GIRL,one,7
THE GOOSE-GIRL,ones,1
THE GOOSE-GIRL,only,2
THE GOOSE-GIRL,or,3
THE GOOSE-GIRL,ordered,2
THE GOOSE-GIRL,other,3
THE GOOSE-GIRL,ought,1
THE GOOSE-GIRL,our,1
THE GOOSE-GIRL,out,9
THE GOOSE-GIRL,over,6
THE GOOSE-GIRL,own,1
THE GOOSE-GIRL,packed,1
THE GOOSE-GIRL,pass,1
THE GOOSE-GIRL,patient,1
THE GOOSE-GIRL,peace,2
THE GOOSE-GIRL,piece,1
THE GOOSE-GIRL,placed,1
THE GOOSE-GIRL,plagued,1
THE GOOSE-GIRL,point,1
THE GOOSE-GIRL,poor,2
THE GOOSE-GIRL,power,1
THE GOOSE-GIRL,pray,4
THE GOOSE-GIRL,pretty,1
THE GOOSE-GIRL,prince,4
THE GOOSE-GIRL,princess,12
THE GOOSE-GIRL,pulled,1
THE GOOSE-GIRL,pure,1
THE GOOSE-GIRL,put,5
THE GOOSE-GIRL,queen,2
THE GOOSE-GIRL,quickly,1
THE GOOSE-GIRL,quite,1
THE GOOSE-GIRL,ran,2
THE GOOSE-GIRL,ready,2
THE GOOSE-GIRL,real,2
THE GOOSE-GIRL,reigned,1
THE GOOSE-GIRL,rejoiced,1
THE GOOSE-GIRL,restored,1
THE GOOSE-GIRL,ride,2
THE GOOSE-GIRL,riding,1
THE GOOSE-GIRL,river,1
THE GOOSE-GIRL,road,3
THE GOOSE-GIRL,rocks,3
THE GOOSE-GIRL,rode,3
THE GOOSE-GIRL,round,1
THE GOOSE-GIRL,royal,6
THE GOOSE-GIRL,rude,1
THE GOOSE-GIRL,rue,5
THE GOOSE-GIRL,run,3
THE GOOSE-GIRL,running,1
THE GOOSE-GIRL,s,16
THE GOOSE-GIRL,sadly,11
THE GOOSE-GIRL,safe,2
THE GOOSE-GIRL,said,22
THE GOOSE-GIRL,sake,1
THE GOOSE-GIRL,sat,3
THE GOOSE-GIRL,saw,8
THE GOOSE-GIRL,say,1
THE GOOSE-GIRL,saying,1
THE GOOSE-GIRL,says,1
THE GOOSE-GIRL,scorching,1
THE GOOSE-GIRL,see,3
THE GOOSE-GIRL,seem,1
THE GOOSE-GIRL,seen,1
THE GOOSE-GIRL,servant,1
THE GOOSE-GIRL,set,3
THE GOOSE-GIRL,shabby,1
THE GOOSE-GIRL,shall,5
THE GOOSE-GIRL,sharp,1
THE GOOSE-GIRL,she,68
THE GOOSE-GIRL,short,1
THE GOOSE-GIRL,should,4
THE GOOSE-GIRL,side,2
THE GOOSE-GIRL,silver,2
THE GOOSE-GIRL,silvery,3
THE GOOSE-GIRL,sitting,1
THE GOOSE-GIRL,slaughterer,1
THE GOOSE-GIRL,slaughterers,1
THE GOOSE-GIRL,so,19
THE GOOSE-GIRL,some,6
THE GOOSE-GIRL,sometimes,1
THE GOOSE-GIRL,son,1
THE GOOSE-GIRL,soon,3
THE GOOSE-GIRL,sorrowful,1
THE GOOSE-GIRL,sorrowfully,1
THE GOOSE-GIRL,speak,3
THE GOOSE-GIRL,speech,1
THE GOOSE-GIRL,spoke,2
THE GOOSE-GIRL,standing,1
THE GOOSE-GIRL,stay,1
THE GOOSE-GIRL,still,1
THE GOOSE-GIRL,stood,1
THE GOOSE-GIRL,stoop,1
THE GOOSE-GIRL,story,1
THE GOOSE-GIRL,strange,1
THE GOOSE-GIRL,stream,1
THE GOOSE-GIRL,street,2
THE GOOSE-GIRL,strong,1
THE GOOSE-GIRL,stuck,1
THE GOOSE-GIRL,sulky,1
THE GOOSE-GIRL,sun,3
THE GOOSE-GIRL,take,4
THE GOOSE-GIRL,takes,1
THE GOOSE-GIRL,tale,2
THE GOOSE-GIRL,talks,1
THE GOOSE-GIRL,tears,1
THE GOOSE-GIRL,tease,1
THE GOOSE-GIRL,tell,5
THE GOOSE-GIRL,telling,1
THE GOOSE-GIRL,than,2
THE GOOSE-GIRL,that,27
THE GOOSE-GIRL,the,143
THE GOOSE-GIRL,thee,1
THE GOOSE-GIRL,their,6
THE GOOSE-GIRL,them,5
THE GOOSE-GIRL,themselves,1
THE GOOSE-GIRL,then,20
THE GOOSE-GIRL,there,11
THE GOOSE-GIRL,they,14
THE GOOSE-GIRL,things,1
THE GOOSE-GIRL,think,1
THE GOOSE-GIRL,thinking,1
THE GOOSE-GIRL,thirsty,5
THE GOOSE-GIRL,this,6
THE GOOSE-GIRL,thou,8
THE GOOSE-GIRL,thought,1
THE GOOSE-GIRL,threatened,1
THE GOOSE-GIRL,through,4
THE GOOSE-GIRL,thrown,1
THE GOOSE-GIRL,thus,2
THE GOOSE-GIRL,thy,5
THE GOOSE-GIRL,thyself,1
THE GOOSE-GIRL,till,9
THE GOOSE-GIRL,time,5
THE GOOSE-GIRL,to,67
THE GOOSE-GIRL,told,6
THE GOOSE-GIRL,too,2
THE GOOSE-GIRL,took,2
THE GOOSE-GIRL,top,1
THE GOOSE-GIRL,treacherous,1
THE GOOSE-GIRL,trinkets,1
THE GOOSE-GIRL,true,6
THE GOOSE-GIRL,truth,1
THE GOOSE-GIRL,turn,1
THE GOOSE-GIRL,two,1
THE GOOSE-GIRL,under,1
THE GOOSE-GIRL,unruly,1
THE GOOSE-GIRL,until,1
THE GOOSE-GIRL,up,11
THE GOOSE-GIRL,upon,11
THE GOOSE-GIRL,upstairs,1
THE GOOSE-GIRL,use,1
THE GOOSE-GIRL,very,12
THE GOOSE-GIRL,waitingmaid,7
THE GOOSE-GIRL,wall,1
THE GOOSE-GIRL,want,1
THE GOOSE-GIRL,wanted,1
THE GOOSE-GIRL,warm,1
THE GOOSE-GIRL,was,41
THE GOOSE-GIRL,watch,1
THE GOOSE-GIRL,watched,2
THE GOOSE-GIRL,watching,1
THE GOOSE-GIRL,water,4
THE GOOSE-GIRL,waving,1
THE GOOSE-GIRL,way,3
THE GOOSE-GIRL,we,1
THE GOOSE-GIRL,well,1
THE GOOSE-GIRL,went,11
THE GOOSE-GIRL,wept,2
THE GOOSE-GIRL,were,4
THE GOOSE-GIRL,what,7
THE GOOSE-GIRL,when,14
THE GOOSE-GIRL,where,1
THE GOOSE-GIRL,which,2
THE GOOSE-GIRL,while,2
THE GOOSE-GIRL,whirl,3
THE GOOSE-GIRL,white,1
THE GOOSE-GIRL,who,7
THE GOOSE-GIRL,why,2
THE GOOSE-GIRL,wife,2
THE GOOSE-GIRL,will,4
THE GOOSE-GIRL,wind,3
THE GOOSE-GIRL,window,1
THE GOOSE-GIRL,wished,1
THE GOOSE-GIRL,with,10
THE GOOSE-GIRL,without,2
THE GOOSE-GIRL,wonder,1
THE GOOSE-GIRL,word,2
THE GOOSE-GIRL,work,2
THE GOOSE-GIRL,would,12
THE GOOSE-GIRL,yonder,1
THE GOOSE-GIRL,you,5
THE GOOSE-GIRL,young,2
THE GOOSE-GIRL,your,3
THE GOOSE-GIRL,yourself,1
THE JUNIPER-TREE,a,55
THE JUNIPER-TREE,able,1
THE JUNIPER-TREE,about,5
THE JUNIPER-TREE,after,3
THE JUNIPER-TREE,again,20
THE JUNIPER-TREE,ago,1
THE JUNIPER-TREE,ah,4
THE JUNIPER-TREE,air,2
THE JUNIPER-TREE,alighted,2
THE JUNIPER-TREE,alive,1
THE JUNIPER-TREE,all,19
THE JUNIPER-TREE,alone,1
THE JUNIPER-TREE,although,1
THE JUNIPER-TREE,always,1
THE JUNIPER-TREE,am,9
THE JUNIPER-TREE,an,8
THE JUNIPER-TREE,and,201
THE JUNIPER-TREE,angry,1
THE JUNIPER-TREE,another,4
THE JUNIPER-TREE,answer,2
THE JUNIPER-TREE,answered,4
THE JUNIPER-TREE,anyone,1
THE JUNIPER-TREE,anything,1
THE JUNIPER-TREE,apple,10
THE JUNIPER-TREE,apples,1
THE JUNIPER-TREE,apprentices,1
THE JUNIPER-TREE,apron,1
THE JUNIPER-TREE,as,32
THE JUNIPER-TREE,asked,4
THE JUNIPER-TREE,at,14
THE JUNIPER-TREE,ate,4
THE JUNIPER-TREE,away,8
THE JUNIPER-TREE,back,5
THE JUNIPER-TREE,backwards,1
THE JUNIPER-TREE,be,7
THE JUNIPER-TREE,beam,1
THE JUNIPER-TREE,beautiful,16
THE JUNIPER-TREE,beautifully,4
THE JUNIPER-TREE,became,1
THE JUNIPER-TREE,before,3
THE JUNIPER-TREE,began,5
THE JUNIPER-TREE,behave,1
THE JUNIPER-TREE,being,2
THE JUNIPER-TREE,belonged,1
THE JUNIPER-TREE,beneath,1
THE JUNIPER-TREE,bent,1
THE JUNIPER-TREE,berries,1
THE JUNIPER-TREE,best,9
THE JUNIPER-TREE,bird,39
THE JUNIPER-TREE,bitterly,1
THE JUNIPER-TREE,black,1
THE JUNIPER-TREE,blinded,1
THE JUNIPER-TREE,blood,4
THE JUNIPER-TREE,blossoms,1
THE JUNIPER-TREE,boiling,1
THE JUNIPER-TREE,bones,11
THE JUNIPER-TREE,born,1
THE JUNIPER-TREE,bottom,1
THE JUNIPER-TREE,bound,1
THE JUNIPER-TREE,box,2
THE JUNIPER-TREE,boy,8
THE JUNIPER-TREE,boys,1
THE JUNIPER-TREE,branches,2
THE JUNIPER-TREE,bright,2
THE JUNIPER-TREE,brightly,1
THE JUNIPER-TREE,bring,1
THE JUNIPER-TREE,brother,8
THE JUNIPER-TREE,budded,1
THE JUNIPER-TREE,buffetings,1
THE JUNIPER-TREE,buried,1
THE JUNIPER-TREE,burning,2
THE JUNIPER-TREE,burnished,1
THE JUNIPER-TREE,bury,1
THE JUNIPER-TREE,but,20
THE JUNIPER-TREE,by,6
THE JUNIPER-TREE,called,3
THE JUNIPER-TREE,came,10
THE JUNIPER-TREE,can,3
THE JUNIPER-TREE,cap,1
THE JUNIPER-TREE,carried,1
THE JUNIPER-TREE,case,1
THE JUNIPER-TREE,ceasing,1
THE JUNIPER-TREE,chain,9
THE JUNIPER-TREE,chair,1
THE JUNIPER-TREE,chatter,1
THE JUNIPER-TREE,cheerful,1
THE JUNIPER-TREE,cheerfully,1
THE JUNIPER-TREE,chest,4
THE JUNIPER-TREE,child,6
THE JUNIPER-TREE,childless,1
THE JUNIPER-TREE,children,2
THE JUNIPER-TREE,clack,6
THE JUNIPER-TREE,clapping,1
THE JUNIPER-TREE,claw,4
THE JUNIPER-TREE,click,6
THE JUNIPER-TREE,collar,1
THE JUNIPER-TREE,come,3
THE JUNIPER-TREE,comes,1
THE JUNIPER-TREE,comforted,2
THE JUNIPER-TREE,coming,3
THE JUNIPER-TREE,continually,1
THE JUNIPER-TREE,corner,1
THE JUNIPER-TREE,could,3
THE JUNIPER-TREE,country,1
THE JUNIPER-TREE,court,1
THE JUNIPER-TREE,crash,2
THE JUNIPER-TREE,cried,2
THE JUNIPER-TREE,crossed,2
THE JUNIPER-TREE,crushed,1
THE JUNIPER-TREE,crying,1
THE JUNIPER-TREE,cuffings,1
THE JUNIPER-TREE,cut,2
THE JUNIPER-TREE,danced,1
THE JUNIPER-TREE,daughter,6
THE JUNIPER-TREE,day,3
THE JUNIPER-TREE,dead,1
THE JUNIPER-TREE,dearly,1
THE JUNIPER-TREE,death,1
THE JUNIPER-TREE,degrees,1
THE JUNIPER-TREE,delicious,1
THE JUNIPER-TREE,desire,1
THE JUNIPER-TREE,did,5
THE JUNIPER-TREE,die,1
THE JUNIPER-TREE,died,1
THE JUNIPER-TREE,dinner,3
THE JUNIPER-TREE,dinners,1
THE JUNIPER-TREE,disappeared,1
THE JUNIPER-TREE,dish,1
THE JUNIPER-TREE,distress,1
THE JUNIPER-TREE,do,7
THE JUNIPER-TREE,does,1
THE JUNIPER-TREE,done,4
THE JUNIPER-TREE,door,3
THE JUNIPER-TREE,down,12
THE JUNIPER-TREE,drawer,2
THE JUNIPER-TREE,dreadful,1
THE JUNIPER-TREE,dress,1
THE JUNIPER-TREE,drove,1
THE JUNIPER-TREE,each,1
THE JUNIPER-TREE,eagerly,1
THE JUNIPER-TREE,ear,2
THE JUNIPER-TREE,ears,2
THE JUNIPER-TREE,earth,2
THE JUNIPER-TREE,eight,1
THE JUNIPER-TREE,end,1
THE JUNIPER-TREE,entered,1
THE JUNIPER-TREE,even,1
THE JUNIPER-TREE,evil,4
THE JUNIPER-TREE,exactly,1
THE JUNIPER-TREE,eyes,4
THE JUNIPER-TREE,fall,2
THE JUNIPER-TREE,father,16
THE JUNIPER-TREE,fear,3
THE JUNIPER-TREE,feathers,1
THE JUNIPER-TREE,feel,8
THE JUNIPER-TREE,feeling,1
THE JUNIPER-TREE,feet,1
THE JUNIPER-TREE,fell,7
THE JUNIPER-TREE,felt,3
THE JUNIPER-TREE,fetched,1
THE JUNIPER-TREE,finger,1
THE JUNIPER-TREE,finished,2
THE JUNIPER-TREE,fire,6
THE JUNIPER-TREE,firm,1
THE JUNIPER-TREE,first,3
THE JUNIPER-TREE,fitted,1
THE JUNIPER-TREE,five,1
THE JUNIPER-TREE,flame,1
THE JUNIPER-TREE,flames,2
THE JUNIPER-TREE,flashing,1
THE JUNIPER-TREE,flew,10
THE JUNIPER-TREE,floor,1
THE JUNIPER-TREE,flying,1
THE JUNIPER-TREE,followed,1
THE JUNIPER-TREE,foot,1
THE JUNIPER-TREE,for,13
THE JUNIPER-TREE,forwards,1
THE JUNIPER-TREE,four,1
THE JUNIPER-TREE,friend,1
THE JUNIPER-TREE,frightened,1
THE JUNIPER-TREE,from,8
THE JUNIPER-TREE,front,3
THE JUNIPER-TREE,fruit,1
THE JUNIPER-TREE,full,2
THE JUNIPER-TREE,fully,1
THE JUNIPER-TREE,garret,1
THE JUNIPER-TREE,gave,4
THE JUNIPER-TREE,gazing,1
THE JUNIPER-TREE,get,1
THE JUNIPER-TREE,girls,1
THE JUNIPER-TREE,give,9
THE JUNIPER-TREE,given,2
THE JUNIPER-TREE,glad,2
THE JUNIPER-TREE,go,7
THE JUNIPER-TREE,going,2
THE JUNIPER-TREE,gold,7
THE JUNIPER-TREE,goldsmith,4
THE JUNIPER-TREE,gone,11
THE JUNIPER-TREE,good,1
THE JUNIPER-TREE,goodbye,2
THE JUNIPER-TREE,got,1
THE JUNIPER-TREE,granted,1
THE JUNIPER-TREE,grass,1
THE JUNIPER-TREE,great,2
THE JUNIPER-TREE,greatly,1
THE JUNIPER-TREE,green,4
THE JUNIPER-TREE,grew,5
THE JUNIPER-TREE,grieved,9
THE JUNIPER-TREE,hack,3
THE JUNIPER-TREE,had,16
THE JUNIPER-TREE,hair,1
THE JUNIPER-TREE,hand,5
THE JUNIPER-TREE,handkerchief,4
THE JUNIPER-TREE,hands,2
THE JUNIPER-TREE,happiness,1
THE JUNIPER-TREE,happy,4
THE JUNIPER-TREE,has,4
THE JUNIPER-TREE,have,9
THE JUNIPER-TREE,having,1
THE JUNIPER-TREE,he,59
THE JUNIPER-TREE,head,10
THE JUNIPER-TREE,hear,4
THE JUNIPER-TREE,heard,3
THE JUNIPER-TREE,heart,3
THE JUNIPER-TREE,heavily,1
THE JUNIPER-TREE,heavy,2
THE JUNIPER-TREE,held,1
THE JUNIPER-TREE,her,71
THE JUNIPER-TREE,here,2
THE JUNIPER-TREE,hewing,1
THE JUNIPER-TREE,hick,3
THE JUNIPER-TREE,high,1
THE JUNIPER-TREE,him,19
THE JUNIPER-TREE,himself,2
THE JUNIPER-TREE,his,33
THE JUNIPER-TREE,hole,1
THE JUNIPER-TREE,home,1
THE JUNIPER-TREE,house,8
THE JUNIPER-TREE,how,9
THE JUNIPER-TREE,however,1
THE JUNIPER-TREE,husband,3
THE JUNIPER-TREE,i,45
THE JUNIPER-TREE,if,17
THE JUNIPER-TREE,ill,1
THE JUNIPER-TREE,in,36
THE JUNIPER-TREE,indeed,1
THE JUNIPER-TREE,inside,3
THE JUNIPER-TREE,intertwined,1
THE JUNIPER-TREE,into,9
THE JUNIPER-TREE,iron,1
THE JUNIPER-TREE,is,14
THE JUNIPER-TREE,it,32
THE JUNIPER-TREE,its,3
THE JUNIPER-TREE,joy,3
THE JUNIPER-TREE,jumped,2
THE JUNIPER-TREE,junipertree,16
THE JUNIPER-TREE,just,3
THE JUNIPER-TREE,keep,2
THE JUNIPER-TREE,kerchief,8
THE JUNIPER-TREE,kill,1
THE JUNIPER-TREE,killed,8
THE JUNIPER-TREE,kindly,1
THE JUNIPER-TREE,knees,3
THE JUNIPER-TREE,knocked,1
THE JUNIPER-TREE,know,1
THE JUNIPER-TREE,knowing,1
THE JUNIPER-TREE,kywitt,16
THE JUNIPER-TREE,laid,10
THE JUNIPER-TREE,large,2
THE JUNIPER-TREE,last,1
THE JUNIPER-TREE,later,2
THE JUNIPER-TREE,leaped,1
THE JUNIPER-TREE,leave,1
THE JUNIPER-TREE,left,8
THE JUNIPER-TREE,less,1
THE JUNIPER-TREE,let,2
THE JUNIPER-TREE,lid,3
THE JUNIPER-TREE,lie,8
THE JUNIPER-TREE,lifted,2
THE JUNIPER-TREE,light,1
THE JUNIPER-TREE,lighten,1
THE JUNIPER-TREE,lighthearted,3
THE JUNIPER-TREE,lightning,1
THE JUNIPER-TREE,like,6
THE JUNIPER-TREE,likes,1
THE JUNIPER-TREE,limetree,1
THE JUNIPER-TREE,listened,1
THE JUNIPER-TREE,little,30
THE JUNIPER-TREE,lived,1
THE JUNIPER-TREE,lock,1
THE JUNIPER-TREE,long,2
THE JUNIPER-TREE,look,5
THE JUNIPER-TREE,looked,6
THE JUNIPER-TREE,looking,2
THE JUNIPER-TREE,looks,2
THE JUNIPER-TREE,loss,1
THE JUNIPER-TREE,lost,1
THE JUNIPER-TREE,loved,10
THE JUNIPER-TREE,made,3
THE JUNIPER-TREE,magnificently,2
THE JUNIPER-TREE,make,1
THE JUNIPER-TREE,making,1
THE JUNIPER-TREE,man,7
THE JUNIPER-TREE,marleen,14
THE JUNIPER-TREE,married,1
THE JUNIPER-TREE,may,1
THE JUNIPER-TREE,me,39
THE JUNIPER-TREE,men,3
THE JUNIPER-TREE,middle,1
THE JUNIPER-TREE,midst,1
THE JUNIPER-TREE,might,11
THE JUNIPER-TREE,mill,5
THE JUNIPER-TREE,miller,1
THE JUNIPER-TREE,millers,1
THE JUNIPER-TREE,millstone,3
THE JUNIPER-TREE,miserable,1
THE JUNIPER-TREE,misery,1
THE JUNIPER-TREE,mist,2
THE JUNIPER-TREE,month,3
THE JUNIPER-TREE,months,1
THE JUNIPER-TREE,more,7
THE JUNIPER-TREE,mother,25
THE JUNIPER-TREE,move,1
THE JUNIPER-TREE,much,2
THE JUNIPER-TREE,must,4
THE JUNIPER-TREE,my,39
THE JUNIPER-TREE,nay,3
THE JUNIPER-TREE,nearer,1
THE JUNIPER-TREE,neck,4
THE JUNIPER-TREE,need,1
THE JUNIPER-TREE,never,1
THE JUNIPER-TREE,night,1
THE JUNIPER-TREE,no,7
THE JUNIPER-TREE,not,11
THE JUNIPER-TREE,nothing,8
THE JUNIPER-TREE,now,10
THE JUNIPER-TREE,of,44
THE JUNIPER-TREE,off,7
THE JUNIPER-TREE,oh,2
THE JUNIPER-TREE,old,1
THE JUNIPER-TREE,on,26
THE JUNIPER-TREE,once,1
THE JUNIPER-TREE,one,14
THE JUNIPER-TREE,only,6
THE JUNIPER-TREE,open,1
THE JUNIPER-TREE,or,1
THE JUNIPER-TREE,other,2
THE JUNIPER-TREE,others,1
THE JUNIPER-TREE,ought,1
THE JUNIPER-TREE,out,18
THE JUNIPER-TREE,outside,2
THE JUNIPER-TREE,over,12
THE JUNIPER-TREE,overcome,1
THE JUNIPER-TREE,overwhelmed,1
THE JUNIPER-TREE,own,1
THE JUNIPER-TREE,pair,2
THE JUNIPER-TREE,pale,1
THE JUNIPER-TREE,passed,4
THE JUNIPER-TREE,peace,2
THE JUNIPER-TREE,peel,1
THE JUNIPER-TREE,peeling,1
THE JUNIPER-TREE,picked,1
THE JUNIPER-TREE,pierced,1
THE JUNIPER-TREE,pincers,1
THE JUNIPER-TREE,place,2
THE JUNIPER-TREE,placed,1
THE JUNIPER-TREE,plate,1
THE JUNIPER-TREE,pleased,1
THE JUNIPER-TREE,poor,1
THE JUNIPER-TREE,possession,1
THE JUNIPER-TREE,pot,3
THE JUNIPER-TREE,prayed,1
THE JUNIPER-TREE,presently,2
THE JUNIPER-TREE,prevent,1
THE JUNIPER-TREE,property,1
THE JUNIPER-TREE,pudding,2
THE JUNIPER-TREE,puddings,2
THE JUNIPER-TREE,put,3
THE JUNIPER-TREE,quite,2
THE JUNIPER-TREE,ran,6
THE JUNIPER-TREE,red,7
THE JUNIPER-TREE,rejoiced,1
THE JUNIPER-TREE,remained,1
THE JUNIPER-TREE,returned,1
THE JUNIPER-TREE,rich,1
THE JUNIPER-TREE,right,6
THE JUNIPER-TREE,ripe,1
THE JUNIPER-TREE,rising,1
THE JUNIPER-TREE,roaring,1
THE JUNIPER-TREE,rolled,1
THE JUNIPER-TREE,roof,5
THE JUNIPER-TREE,room,1
THE JUNIPER-TREE,rose,1
THE JUNIPER-TREE,round,5
THE JUNIPER-TREE,running,1
THE JUNIPER-TREE,s,10
THE JUNIPER-TREE,sad,1
THE JUNIPER-TREE,sadness,1
THE JUNIPER-TREE,said,37
THE JUNIPER-TREE,salt,1
THE JUNIPER-TREE,sang,5
THE JUNIPER-TREE,sat,5
THE JUNIPER-TREE,saw,4
THE JUNIPER-TREE,say,2
THE JUNIPER-TREE,scent,2
THE JUNIPER-TREE,school,2
THE JUNIPER-TREE,screaming,1
THE JUNIPER-TREE,see,7
THE JUNIPER-TREE,seemed,3
THE JUNIPER-TREE,seen,2
THE JUNIPER-TREE,set,2
THE JUNIPER-TREE,settled,3
THE JUNIPER-TREE,shall,1
THE JUNIPER-TREE,she,62
THE JUNIPER-TREE,shelf,1
THE JUNIPER-TREE,shines,1
THE JUNIPER-TREE,shining,1
THE JUNIPER-TREE,shirtsleeves,1
THE JUNIPER-TREE,shoemaker,4
THE JUNIPER-TREE,shoes,8
THE JUNIPER-TREE,should,3
THE JUNIPER-TREE,shoulders,1
THE JUNIPER-TREE,shut,2
THE JUNIPER-TREE,sighed,1
THE JUNIPER-TREE,silence,1
THE JUNIPER-TREE,silk,2
THE JUNIPER-TREE,sing,15
THE JUNIPER-TREE,singing,3
THE JUNIPER-TREE,sings,1
THE JUNIPER-TREE,sister,8
THE JUNIPER-TREE,sitting,1
THE JUNIPER-TREE,six,1
THE JUNIPER-TREE,slipper,1
THE JUNIPER-TREE,slippers,1
THE JUNIPER-TREE,snatched,1
THE JUNIPER-TREE,snow,5
THE JUNIPER-TREE,so,27
THE JUNIPER-TREE,sobbed,1
THE JUNIPER-TREE,sock,1
THE JUNIPER-TREE,some,3
THE JUNIPER-TREE,someone,1
THE JUNIPER-TREE,something,1
THE JUNIPER-TREE,son,11
THE JUNIPER-TREE,song,7
THE JUNIPER-TREE,soon,3
THE JUNIPER-TREE,sooner,1
THE JUNIPER-TREE,sorrow,1
THE JUNIPER-TREE,sorrowed,1
THE JUNIPER-TREE,sound,2
THE JUNIPER-TREE,spice,1
THE JUNIPER-TREE,spirit,3
THE JUNIPER-TREE,splendid,3
THE JUNIPER-TREE,spoke,1
THE JUNIPER-TREE,spot,1
THE JUNIPER-TREE,sprang,1
THE JUNIPER-TREE,spread,1
THE JUNIPER-TREE,stand,1
THE JUNIPER-TREE,standing,1
THE JUNIPER-TREE,stars,1
THE JUNIPER-TREE,stay,1
THE JUNIPER-TREE,still,6
THE JUNIPER-TREE,stirring,1
THE JUNIPER-TREE,stone,3
THE JUNIPER-TREE,stood,7
THE JUNIPER-TREE,stop,1
THE JUNIPER-TREE,storeroom,1
THE JUNIPER-TREE,storm,1
THE JUNIPER-TREE,street,3
THE JUNIPER-TREE,such,1
THE JUNIPER-TREE,sun,4
THE JUNIPER-TREE,sweet,1
THE JUNIPER-TREE,t,1
THE JUNIPER-TREE,table,3
THE JUNIPER-TREE,take,2
THE JUNIPER-TREE,tears,2
THE JUNIPER-TREE,teeth,1
THE JUNIPER-TREE,terrified,1
THE JUNIPER-TREE,that,45
THE JUNIPER-TREE,the,210
THE JUNIPER-TREE,their,3
THE JUNIPER-TREE,them,6
THE JUNIPER-TREE,then,30
THE JUNIPER-TREE,there,15
THE JUNIPER-TREE,these,1
THE JUNIPER-TREE,they,17
THE JUNIPER-TREE,thickly,1
THE JUNIPER-TREE,think,1
THE JUNIPER-TREE,thinking,1
THE JUNIPER-TREE,this,7
THE JUNIPER-TREE,thought,5
THE JUNIPER-TREE,thousand,2
THE JUNIPER-TREE,three,1
THE JUNIPER-TREE,threshold,2
THE JUNIPER-TREE,threw,4
THE JUNIPER-TREE,through,2
THE JUNIPER-TREE,thunderstorm,1
THE JUNIPER-TREE,time,4
THE JUNIPER-TREE,times,1
THE JUNIPER-TREE,to,49
THE JUNIPER-TREE,together,2
THE JUNIPER-TREE,told,1
THE JUNIPER-TREE,too,4
THE JUNIPER-TREE,took,16
THE JUNIPER-TREE,top,1
THE JUNIPER-TREE,tore,1
THE JUNIPER-TREE,towards,1
THE JUNIPER-TREE,tree,3
THE JUNIPER-TREE,trees,1
THE JUNIPER-TREE,trouble,1
THE JUNIPER-TREE,twenty,2
THE JUNIPER-TREE,twice,3
THE JUNIPER-TREE,two,3
THE JUNIPER-TREE,uncle,1
THE JUNIPER-TREE,under,7
THE JUNIPER-TREE,underneath,8
THE JUNIPER-TREE,undone,1
THE JUNIPER-TREE,uneasiness,1
THE JUNIPER-TREE,uneasy,1
THE JUNIPER-TREE,unhappy,1
THE JUNIPER-TREE,unkindly,1
THE JUNIPER-TREE,up,11
THE JUNIPER-TREE,upper,1
THE JUNIPER-TREE,upstairs,2
THE JUNIPER-TREE,urged,1
THE JUNIPER-TREE,usual,1
THE JUNIPER-TREE,veins,1
THE JUNIPER-TREE,very,4
THE JUNIPER-TREE,violent,1
THE JUNIPER-TREE,warm,1
THE JUNIPER-TREE,was,34
THE JUNIPER-TREE,water,1
THE JUNIPER-TREE,waved,1
THE JUNIPER-TREE,way,1
THE JUNIPER-TREE,we,1
THE JUNIPER-TREE,weeks,1
THE JUNIPER-TREE,weep,2
THE JUNIPER-TREE,weeping,1
THE JUNIPER-TREE,well,3
THE JUNIPER-TREE,went,19
THE JUNIPER-TREE,wept,10
THE JUNIPER-TREE,were,12
THE JUNIPER-TREE,wet,1
THE JUNIPER-TREE,what,15
THE JUNIPER-TREE,when,19
THE JUNIPER-TREE,where,2
THE JUNIPER-TREE,which,1
THE JUNIPER-TREE,while,3
THE JUNIPER-TREE,white,4
THE JUNIPER-TREE,who,2
THE JUNIPER-TREE,whole,2
THE JUNIPER-TREE,why,1
THE JUNIPER-TREE,wicked,1
THE JUNIPER-TREE,wife,18
THE JUNIPER-TREE,will,11
THE JUNIPER-TREE,window,1
THE JUNIPER-TREE,wings,1
THE JUNIPER-TREE,winter,1
THE JUNIPER-TREE,wish,1
THE JUNIPER-TREE,with,19
THE JUNIPER-TREE,within,1
THE JUNIPER-TREE,without,1
THE JUNIPER-TREE,woman,2
THE JUNIPER-TREE,woods,1
THE JUNIPER-TREE,word,1
THE JUNIPER-TREE,words,1
THE JUNIPER-TREE,work,2
THE JUNIPER-TREE,workshop,1
THE JUNIPER-TREE,world,1
THE JUNIPER-TREE,would,3
THE JUNIPER-TREE,wrapped,1
THE JUNIPER-TREE,years,1
THE JUNIPER-TREE,yes,5
THE JUNIPER-TREE,you,13
THE JUNIPER-TREE,your,1
THE JUNIPER-TREE,yourself,1
THE KING OF THE GOLDEN MOUNTAIN,a,50
THE KING OF THE GOLDEN MOUNTAIN,able,1
THE KING OF THE GOLDEN MOUNTAIN,about,8
THE KING OF THE GOLDEN MOUNTAIN,adrift,2
THE KING OF THE GOLDEN MOUNTAIN,after,1
THE KING OF THE GOLDEN MOUNTAIN,afterwards,1
THE KING OF THE GOLDEN MOUNTAIN,again,6
THE KING OF THE GOLDEN MOUNTAIN,against,1
THE KING OF THE GOLDEN MOUNTAIN,agreed,4
THE KING OF THE GOLDEN MOUNTAIN,ails,1
THE KING OF THE GOLDEN MOUNTAIN,alas,1
THE KING OF THE GOLDEN MOUNTAIN,all,11
THE KING OF THE GOLDEN MOUNTAIN,alone,4
THE KING OF THE GOLDEN MOUNTAIN,along,1
THE KING OF THE GOLDEN MOUNTAIN,also,1
THE KING OF THE GOLDEN MOUNTAIN,always,1
THE KING OF THE GOLDEN MOUNTAIN,am,3
THE KING OF THE GOLDEN MOUNTAIN,an,7
THE KING OF THE GOLDEN MOUNTAIN,and,130
THE KING OF THE GOLDEN MOUNTAIN,another,1
THE KING OF THE GOLDEN MOUNTAIN,answer,1
THE KING OF THE GOLDEN MOUNTAIN,anxious,1
THE KING OF THE GOLDEN MOUNTAIN,any,5
THE KING OF THE GOLDEN MOUNTAIN,anything,3
THE KING OF THE GOLDEN MOUNTAIN,appeased,1
THE KING OF THE GOLDEN MOUNTAIN,are,2
THE KING OF THE GOLDEN MOUNTAIN,arm,1
THE KING OF THE GOLDEN MOUNTAIN,armour,1
THE KING OF THE GOLDEN MOUNTAIN,around,2
THE KING OF THE GOLDEN MOUNTAIN,as,16
THE KING OF THE GOLDEN MOUNTAIN,ashore,1
THE KING OF THE GOLDEN MOUNTAIN,ask,2
THE KING OF THE GOLDEN MOUNTAIN,asked,5
THE KING OF THE GOLDEN MOUNTAIN,asleep,1
THE KING OF THE GOLDEN MOUNTAIN,at,22
THE KING OF THE GOLDEN MOUNTAIN,ate,1
THE KING OF THE GOLDEN MOUNTAIN,away,5
THE KING OF THE GOLDEN MOUNTAIN,awoke,1
THE KING OF THE GOLDEN MOUNTAIN,back,3
THE KING OF THE GOLDEN MOUNTAIN,bad,2
THE KING OF THE GOLDEN MOUNTAIN,barely,1
THE KING OF THE GOLDEN MOUNTAIN,bargain,1
THE KING OF THE GOLDEN MOUNTAIN,battle,1
THE KING OF THE GOLDEN MOUNTAIN,be,14
THE KING OF THE GOLDEN MOUNTAIN,bear,1
THE KING OF THE GOLDEN MOUNTAIN,bearer,1
THE KING OF THE GOLDEN MOUNTAIN,beat,1
THE KING OF THE GOLDEN MOUNTAIN,beautiful,1
THE KING OF THE GOLDEN MOUNTAIN,became,3
THE KING OF THE GOLDEN MOUNTAIN,because,1
THE KING OF THE GOLDEN MOUNTAIN,been,2
THE KING OF THE GOLDEN MOUNTAIN,before,6
THE KING OF THE GOLDEN MOUNTAIN,began,2
THE KING OF THE GOLDEN MOUNTAIN,behind,2
THE KING OF THE GOLDEN MOUNTAIN,being,1
THE KING OF THE GOLDEN MOUNTAIN,believe,1
THE KING OF THE GOLDEN MOUNTAIN,between,1
THE KING OF THE GOLDEN MOUNTAIN,bind,1
THE KING OF THE GOLDEN MOUNTAIN,black,4
THE KING OF THE GOLDEN MOUNTAIN,boat,5
THE KING OF THE GOLDEN MOUNTAIN,bond,3
THE KING OF THE GOLDEN MOUNTAIN,boots,2
THE KING OF THE GOLDEN MOUNTAIN,bore,1
THE KING OF THE GOLDEN MOUNTAIN,borrowed,1
THE KING OF THE GOLDEN MOUNTAIN,both,1
THE KING OF THE GOLDEN MOUNTAIN,bottom,1
THE KING OF THE GOLDEN MOUNTAIN,bound,1
THE KING OF THE GOLDEN MOUNTAIN,boy,4
THE KING OF THE GOLDEN MOUNTAIN,bring,6
THE KING OF THE GOLDEN MOUNTAIN,broken,1
THE KING OF THE GOLDEN MOUNTAIN,brought,1
THE KING OF THE GOLDEN MOUNTAIN,brown,1
THE KING OF THE GOLDEN MOUNTAIN,burst,1
THE KING OF THE GOLDEN MOUNTAIN,but,26
THE KING OF THE GOLDEN MOUNTAIN,by,5
THE KING OF THE GOLDEN MOUNTAIN,call,1
THE KING OF THE GOLDEN MOUNTAIN,came,12
THE KING OF THE GOLDEN MOUNTAIN,can,3
THE KING OF THE GOLDEN MOUNTAIN,care,2
THE KING OF THE GOLDEN MOUNTAIN,carried,1
THE KING OF THE GOLDEN MOUNTAIN,castle,4
THE KING OF THE GOLDEN MOUNTAIN,cat,1
THE KING OF THE GOLDEN MOUNTAIN,celebrated,1
THE KING OF THE GOLDEN MOUNTAIN,chain,1
THE KING OF THE GOLDEN MOUNTAIN,chamber,1
THE KING OF THE GOLDEN MOUNTAIN,chambers,1
THE KING OF THE GOLDEN MOUNTAIN,charging,1
THE KING OF THE GOLDEN MOUNTAIN,cheated,1
THE KING OF THE GOLDEN MOUNTAIN,child,1
THE KING OF THE GOLDEN MOUNTAIN,choose,1
THE KING OF THE GOLDEN MOUNTAIN,circle,3
THE KING OF THE GOLDEN MOUNTAIN,clad,1
THE KING OF THE GOLDEN MOUNTAIN,cloak,4
THE KING OF THE GOLDEN MOUNTAIN,clock,1
THE KING OF THE GOLDEN MOUNTAIN,coiled,1
THE KING OF THE GOLDEN MOUNTAIN,come,9
THE KING OF THE GOLDEN MOUNTAIN,comfort,1
THE KING OF THE GOLDEN MOUNTAIN,coming,1
THE KING OF THE GOLDEN MOUNTAIN,company,2
THE KING OF THE GOLDEN MOUNTAIN,consent,1
THE KING OF THE GOLDEN MOUNTAIN,could,4
THE KING OF THE GOLDEN MOUNTAIN,course,1
THE KING OF THE GOLDEN MOUNTAIN,crept,2
THE KING OF THE GOLDEN MOUNTAIN,cried,2
THE KING OF THE GOLDEN MOUNTAIN,crowned,1
THE KING OF THE GOLDEN MOUNTAIN,cup,1
THE KING OF THE GOLDEN MOUNTAIN,cushion,1
THE KING OF THE GOLDEN MOUNTAIN,cut,2
THE KING OF THE GOLDEN MOUNTAIN,dared,1
THE KING OF THE GOLDEN MOUNTAIN,day,3
THE KING OF THE GOLDEN MOUNTAIN,dead,2
THE KING OF THE GOLDEN MOUNTAIN,deeply,1
THE KING OF THE GOLDEN MOUNTAIN,did,3
THE KING OF THE GOLDEN MOUNTAIN,do,10
THE KING OF THE GOLDEN MOUNTAIN,does,1
THE KING OF THE GOLDEN MOUNTAIN,dog,1
THE KING OF THE GOLDEN MOUNTAIN,down,1
THE KING OF THE GOLDEN MOUNTAIN,drank,1
THE KING OF THE GOLDEN MOUNTAIN,drawn,1
THE KING OF THE GOLDEN MOUNTAIN,dreary,1
THE KING OF THE GOLDEN MOUNTAIN,dressed,2
THE KING OF THE GOLDEN MOUNTAIN,drew,5
THE KING OF THE GOLDEN MOUNTAIN,drink,1
THE KING OF THE GOLDEN MOUNTAIN,dwarf,9
THE KING OF THE GOLDEN MOUNTAIN,dwelt,1
THE KING OF THE GOLDEN MOUNTAIN,ease,1
THE KING OF THE GOLDEN MOUNTAIN,easy,1
THE KING OF THE GOLDEN MOUNTAIN,eat,2
THE KING OF THE GOLDEN MOUNTAIN,eight,1
THE KING OF THE GOLDEN MOUNTAIN,either,1
THE KING OF THE GOLDEN MOUNTAIN,embarked,1
THE KING OF THE GOLDEN MOUNTAIN,empty,2
THE KING OF THE GOLDEN MOUNTAIN,enchanted,2
THE KING OF THE GOLDEN MOUNTAIN,enchantment,1
THE KING OF THE GOLDEN MOUNTAIN,end,2
THE KING OF THE GOLDEN MOUNTAIN,enemy,1
THE KING OF THE GOLDEN MOUNTAIN,enter,1
THE KING OF THE GOLDEN MOUNTAIN,even,2
THE KING OF THE GOLDEN MOUNTAIN,evening,1
THE KING OF THE GOLDEN MOUNTAIN,face,2
THE KING OF THE GOLDEN MOUNTAIN,faces,1
THE KING OF THE GOLDEN MOUNTAIN,fair,1
THE KING OF THE GOLDEN MOUNTAIN,fairy,6
THE KING OF THE GOLDEN MOUNTAIN,fallen,1
THE KING OF THE GOLDEN MOUNTAIN,false,1
THE KING OF THE GOLDEN MOUNTAIN,far,2
THE KING OF THE GOLDEN MOUNTAIN,fast,1
THE KING OF THE GOLDEN MOUNTAIN,father,17
THE KING OF THE GOLDEN MOUNTAIN,fear,2
THE KING OF THE GOLDEN MOUNTAIN,fell,3
THE KING OF THE GOLDEN MOUNTAIN,fickle,1
THE KING OF THE GOLDEN MOUNTAIN,find,3
THE KING OF THE GOLDEN MOUNTAIN,fine,1
THE KING OF THE GOLDEN MOUNTAIN,finger,4
THE KING OF THE GOLDEN MOUNTAIN,first,3
THE KING OF THE GOLDEN MOUNTAIN,floor,1
THE KING OF THE GOLDEN MOUNTAIN,fly,2
THE KING OF THE GOLDEN MOUNTAIN,follow,1
THE KING OF THE GOLDEN MOUNTAIN,followed,2
THE KING OF THE GOLDEN MOUNTAIN,fond,1
THE KING OF THE GOLDEN MOUNTAIN,for,17
THE KING OF THE GOLDEN MOUNTAIN,forgetting,2
THE KING OF THE GOLDEN MOUNTAIN,forgot,1
THE KING OF THE GOLDEN MOUNTAIN,form,1
THE KING OF THE GOLDEN MOUNTAIN,forth,2
THE KING OF THE GOLDEN MOUNTAIN,fortune,1
THE KING OF THE GOLDEN MOUNTAIN,found,4
THE KING OF THE GOLDEN MOUNTAIN,free,4
THE KING OF THE GOLDEN MOUNTAIN,friend,5
THE KING OF THE GOLDEN MOUNTAIN,frock,2
THE KING OF THE GOLDEN MOUNTAIN,from,4
THE KING OF THE GOLDEN MOUNTAIN,gains,1
THE KING OF THE GOLDEN MOUNTAIN,gates,1
THE KING OF THE GOLDEN MOUNTAIN,gave,6
THE KING OF THE GOLDEN MOUNTAIN,get,2
THE KING OF THE GOLDEN MOUNTAIN,giants,2
THE KING OF THE GOLDEN MOUNTAIN,give,7
THE KING OF THE GOLDEN MOUNTAIN,given,1
THE KING OF THE GOLDEN MOUNTAIN,giving,1
THE KING OF THE GOLDEN MOUNTAIN,glad,3
THE KING OF THE GOLDEN MOUNTAIN,gladness,1
THE KING OF THE GOLDEN MOUNTAIN,glass,1
THE KING OF THE GOLDEN MOUNTAIN,go,5
THE KING OF THE GOLDEN MOUNTAIN,going,3
THE KING OF THE GOLDEN MOUNTAIN,gold,3
THE KING OF THE GOLDEN MOUNTAIN,golden,4
THE KING OF THE GOLDEN MOUNTAIN,gone,3
THE KING OF THE GOLDEN MOUNTAIN,good,7
THE KING OF THE GOLDEN MOUNTAIN,goods,3
THE KING OF THE GOLDEN MOUNTAIN,got,1
THE KING OF THE GOLDEN MOUNTAIN,great,4
THE KING OF THE GOLDEN MOUNTAIN,grew,1
THE KING OF THE GOLDEN MOUNTAIN,grinned,1
THE KING OF THE GOLDEN MOUNTAIN,ground,1
THE KING OF THE GOLDEN MOUNTAIN,guards,1
THE KING OF THE GOLDEN MOUNTAIN,had,25
THE KING OF THE GOLDEN MOUNTAIN,hall,1
THE KING OF THE GOLDEN MOUNTAIN,hand,2
THE KING OF THE GOLDEN MOUNTAIN,handed,1
THE KING OF THE GOLDEN MOUNTAIN,happily,1
THE KING OF THE GOLDEN MOUNTAIN,hard,1
THE KING OF THE GOLDEN MOUNTAIN,has,1
THE KING OF THE GOLDEN MOUNTAIN,have,12
THE KING OF THE GOLDEN MOUNTAIN,he,90
THE KING OF THE GOLDEN MOUNTAIN,head,3
THE KING OF THE GOLDEN MOUNTAIN,heads,5
THE KING OF THE GOLDEN MOUNTAIN,health,1
THE KING OF THE GOLDEN MOUNTAIN,heard,1
THE KING OF THE GOLDEN MOUNTAIN,heart,1
THE KING OF THE GOLDEN MOUNTAIN,heinel,17
THE KING OF THE GOLDEN MOUNTAIN,held,1
THE KING OF THE GOLDEN MOUNTAIN,hence,2
THE KING OF THE GOLDEN MOUNTAIN,her,13
THE KING OF THE GOLDEN MOUNTAIN,here,6
THE KING OF THE GOLDEN MOUNTAIN,herself,2
THE KING OF THE GOLDEN MOUNTAIN,hill,2
THE KING OF THE GOLDEN MOUNTAIN,him,41
THE KING OF THE GOLDEN MOUNTAIN,himself,13
THE KING OF THE GOLDEN MOUNTAIN,his,54
THE KING OF THE GOLDEN MOUNTAIN,hither,1
THE KING OF THE GOLDEN MOUNTAIN,hold,1
THE KING OF THE GOLDEN MOUNTAIN,home,4
THE KING OF THE GOLDEN MOUNTAIN,hope,1
THE KING OF THE GOLDEN MOUNTAIN,horror,1
THE KING OF THE GOLDEN MOUNTAIN,hour,1
THE KING OF THE GOLDEN MOUNTAIN,house,3
THE KING OF THE GOLDEN MOUNTAIN,how,6
THE KING OF THE GOLDEN MOUNTAIN,however,6
THE KING OF THE GOLDEN MOUNTAIN,humpbacked,1
THE KING OF THE GOLDEN MOUNTAIN,husband,1
THE KING OF THE GOLDEN MOUNTAIN,i,20
THE KING OF THE GOLDEN MOUNTAIN,if,8
THE KING OF THE GOLDEN MOUNTAIN,in,26
THE KING OF THE GOLDEN MOUNTAIN,indeed,1
THE KING OF THE GOLDEN MOUNTAIN,instant,1
THE KING OF THE GOLDEN MOUNTAIN,instead,1
THE KING OF THE GOLDEN MOUNTAIN,into,9
THE KING OF THE GOLDEN MOUNTAIN,invisible,1
THE KING OF THE GOLDEN MOUNTAIN,iron,2
THE KING OF THE GOLDEN MOUNTAIN,is,6
THE KING OF THE GOLDEN MOUNTAIN,it,31
THE KING OF THE GOLDEN MOUNTAIN,joke,1
THE KING OF THE GOLDEN MOUNTAIN,journey,1
THE KING OF THE GOLDEN MOUNTAIN,joy,1
THE KING OF THE GOLDEN MOUNTAIN,jump,1
THE KING OF THE GOLDEN MOUNTAIN,jumped,1
THE KING OF THE GOLDEN MOUNTAIN,keep,1
THE KING OF THE GOLDEN MOUNTAIN,kept,1
THE KING OF THE GOLDEN MOUNTAIN,king,6
THE KING OF THE GOLDEN MOUNTAIN,kingdom,3
THE KING OF THE GOLDEN MOUNTAIN,kissed,1
THE KING OF THE GOLDEN MOUNTAIN,knew,3
THE KING OF THE GOLDEN MOUNTAIN,know,3
THE KING OF THE GOLDEN MOUNTAIN,knowing,1
THE KING OF THE GOLDEN MOUNTAIN,knows,1
THE KING OF THE GOLDEN MOUNTAIN,laden,1
THE KING OF THE GOLDEN MOUNTAIN,laid,1
THE KING OF THE GOLDEN MOUNTAIN,land,3
THE KING OF THE GOLDEN MOUNTAIN,lap,1
THE KING OF THE GOLDEN MOUNTAIN,large,1
THE KING OF THE GOLDEN MOUNTAIN,last,6
THE KING OF THE GOLDEN MOUNTAIN,laughed,1
THE KING OF THE GOLDEN MOUNTAIN,lay,1
THE KING OF THE GOLDEN MOUNTAIN,leave,1
THE KING OF THE GOLDEN MOUNTAIN,left,4
THE KING OF THE GOLDEN MOUNTAIN,legs,1
THE KING OF THE GOLDEN MOUNTAIN,length,1
THE KING OF THE GOLDEN MOUNTAIN,let,5
THE KING OF THE GOLDEN MOUNTAIN,life,2
THE KING OF THE GOLDEN MOUNTAIN,like,3
THE KING OF THE GOLDEN MOUNTAIN,likely,1
THE KING OF THE GOLDEN MOUNTAIN,little,14
THE KING OF THE GOLDEN MOUNTAIN,lived,2
THE KING OF THE GOLDEN MOUNTAIN,long,4
THE KING OF THE GOLDEN MOUNTAIN,look,1
THE KING OF THE GOLDEN MOUNTAIN,looked,1
THE KING OF THE GOLDEN MOUNTAIN,lost,2
THE KING OF THE GOLDEN MOUNTAIN,low,1
THE KING OF THE GOLDEN MOUNTAIN,luck,3
THE KING OF THE GOLDEN MOUNTAIN,lumberroom,1
THE KING OF THE GOLDEN MOUNTAIN,lying,2
THE KING OF THE GOLDEN MOUNTAIN,made,2
THE KING OF THE GOLDEN MOUNTAIN,make,2
THE KING OF THE GOLDEN MOUNTAIN,making,2
THE KING OF THE GOLDEN MOUNTAIN,man,7
THE KING OF THE GOLDEN MOUNTAIN,mark,3
THE KING OF THE GOLDEN MOUNTAIN,married,1
THE KING OF THE GOLDEN MOUNTAIN,marry,1
THE KING OF THE GOLDEN MOUNTAIN,matter,2
THE KING OF THE GOLDEN MOUNTAIN,may,2
THE KING OF THE GOLDEN MOUNTAIN,me,13
THE KING OF THE GOLDEN MOUNTAIN,meantime,1
THE KING OF THE GOLDEN MOUNTAIN,meat,1
THE KING OF THE GOLDEN MOUNTAIN,meets,1
THE KING OF THE GOLDEN MOUNTAIN,men,4
THE KING OF THE GOLDEN MOUNTAIN,merchant,11
THE KING OF THE GOLDEN MOUNTAIN,merry,1
THE KING OF THE GOLDEN MOUNTAIN,middle,1
THE KING OF THE GOLDEN MOUNTAIN,might,2
THE KING OF THE GOLDEN MOUNTAIN,mind,2
THE KING OF THE GOLDEN MOUNTAIN,misfortunes,1
THE KING OF THE GOLDEN MOUNTAIN,mocked,1
THE KING OF THE GOLDEN MOUNTAIN,moment,3
THE KING OF THE GOLDEN MOUNTAIN,money,3
THE KING OF THE GOLDEN MOUNTAIN,month,1
THE KING OF THE GOLDEN MOUNTAIN,more,2
THE KING OF THE GOLDEN MOUNTAIN,most,1
THE KING OF THE GOLDEN MOUNTAIN,mother,1
THE KING OF THE GOLDEN MOUNTAIN,mountain,4
THE KING OF THE GOLDEN MOUNTAIN,much,3
THE KING OF THE GOLDEN MOUNTAIN,music,1
THE KING OF THE GOLDEN MOUNTAIN,must,7
THE KING OF THE GOLDEN MOUNTAIN,my,7
THE KING OF THE GOLDEN MOUNTAIN,near,5
THE KING OF THE GOLDEN MOUNTAIN,neck,1
THE KING OF THE GOLDEN MOUNTAIN,neighbouring,1
THE KING OF THE GOLDEN MOUNTAIN,never,3
THE KING OF THE GOLDEN MOUNTAIN,news,1
THE KING OF THE GOLDEN MOUNTAIN,next,2
THE KING OF THE GOLDEN MOUNTAIN,night,5
THE KING OF THE GOLDEN MOUNTAIN,no,10
THE KING OF THE GOLDEN MOUNTAIN,not,19
THE KING OF THE GOLDEN MOUNTAIN,nothing,2
THE KING OF THE GOLDEN MOUNTAIN,now,6
THE KING OF THE GOLDEN MOUNTAIN,o,1
THE KING OF THE GOLDEN MOUNTAIN,of,35
THE KING OF THE GOLDEN MOUNTAIN,off,7
THE KING OF THE GOLDEN MOUNTAIN,often,1
THE KING OF THE GOLDEN MOUNTAIN,oh,1
THE KING OF THE GOLDEN MOUNTAIN,old,6
THE KING OF THE GOLDEN MOUNTAIN,on,15
THE KING OF THE GOLDEN MOUNTAIN,once,8
THE KING OF THE GOLDEN MOUNTAIN,one,11
THE KING OF THE GOLDEN MOUNTAIN,only,8
THE KING OF THE GOLDEN MOUNTAIN,open,1
THE KING OF THE GOLDEN MOUNTAIN,or,9
THE KING OF THE GOLDEN MOUNTAIN,other,1
THE KING OF THE GOLDEN MOUNTAIN,others,1
THE KING OF THE GOLDEN MOUNTAIN,ought,1
THE KING OF THE GOLDEN MOUNTAIN,our,1
THE KING OF THE GOLDEN MOUNTAIN,out,5
THE KING OF THE GOLDEN MOUNTAIN,over,4
THE KING OF THE GOLDEN MOUNTAIN,overjoyed,1
THE KING OF THE GOLDEN MOUNTAIN,own,2
THE KING OF THE GOLDEN MOUNTAIN,owner,1
THE KING OF THE GOLDEN MOUNTAIN,paid,2
THE KING OF THE GOLDEN MOUNTAIN,pair,1
THE KING OF THE GOLDEN MOUNTAIN,palace,1
THE KING OF THE GOLDEN MOUNTAIN,parley,1
THE KING OF THE GOLDEN MOUNTAIN,part,1
THE KING OF THE GOLDEN MOUNTAIN,pass,2
THE KING OF THE GOLDEN MOUNTAIN,passed,3
THE KING OF THE GOLDEN MOUNTAIN,peace,1
THE KING OF THE GOLDEN MOUNTAIN,peers,1
THE KING OF THE GOLDEN MOUNTAIN,people,1
THE KING OF THE GOLDEN MOUNTAIN,perhaps,1
THE KING OF THE GOLDEN MOUNTAIN,pile,1
THE KING OF THE GOLDEN MOUNTAIN,pinch,1
THE KING OF THE GOLDEN MOUNTAIN,place,1
THE KING OF THE GOLDEN MOUNTAIN,placed,1
THE KING OF THE GOLDEN MOUNTAIN,plate,2
THE KING OF THE GOLDEN MOUNTAIN,playing,1
THE KING OF THE GOLDEN MOUNTAIN,please,2
THE KING OF THE GOLDEN MOUNTAIN,pleased,1
THE KING OF THE GOLDEN MOUNTAIN,plot,2
THE KING OF THE GOLDEN MOUNTAIN,poor,4
THE KING OF THE GOLDEN MOUNTAIN,power,2
THE KING OF THE GOLDEN MOUNTAIN,pray,1
THE KING OF THE GOLDEN MOUNTAIN,prick,1
THE KING OF THE GOLDEN MOUNTAIN,princes,1
THE KING OF THE GOLDEN MOUNTAIN,princess,3
THE KING OF THE GOLDEN MOUNTAIN,prithee,1
THE KING OF THE GOLDEN MOUNTAIN,prize,1
THE KING OF THE GOLDEN MOUNTAIN,promise,1
THE KING OF THE GOLDEN MOUNTAIN,promised,1
THE KING OF THE GOLDEN MOUNTAIN,punish,1
THE KING OF THE GOLDEN MOUNTAIN,push,1
THE KING OF THE GOLDEN MOUNTAIN,put,4
THE KING OF THE GOLDEN MOUNTAIN,quarrel,1
THE KING OF THE GOLDEN MOUNTAIN,queen,6
THE KING OF THE GOLDEN MOUNTAIN,raise,1
THE KING OF THE GOLDEN MOUNTAIN,raised,1
THE KING OF THE GOLDEN MOUNTAIN,ran,1
THE KING OF THE GOLDEN MOUNTAIN,raspberry,1
THE KING OF THE GOLDEN MOUNTAIN,rate,2
THE KING OF THE GOLDEN MOUNTAIN,really,1
THE KING OF THE GOLDEN MOUNTAIN,remorse,1
THE KING OF THE GOLDEN MOUNTAIN,rest,2
THE KING OF THE GOLDEN MOUNTAIN,revenge,1
THE KING OF THE GOLDEN MOUNTAIN,rich,1
THE KING OF THE GOLDEN MOUNTAIN,richer,1
THE KING OF THE GOLDEN MOUNTAIN,richly,1
THE KING OF THE GOLDEN MOUNTAIN,right,3
THE KING OF THE GOLDEN MOUNTAIN,ring,5
THE KING OF THE GOLDEN MOUNTAIN,roaming,1
THE KING OF THE GOLDEN MOUNTAIN,roughlooking,1
THE KING OF THE GOLDEN MOUNTAIN,round,3
THE KING OF THE GOLDEN MOUNTAIN,run,1
THE KING OF THE GOLDEN MOUNTAIN,s,6
THE KING OF THE GOLDEN MOUNTAIN,sad,1
THE KING OF THE GOLDEN MOUNTAIN,safe,1
THE KING OF THE GOLDEN MOUNTAIN,safely,1
THE KING OF THE GOLDEN MOUNTAIN,said,36
THE KING OF THE GOLDEN MOUNTAIN,sat,3
THE KING OF THE GOLDEN MOUNTAIN,save,1
THE KING OF THE GOLDEN MOUNTAIN,saw,6
THE KING OF THE GOLDEN MOUNTAIN,say,3
THE KING OF THE GOLDEN MOUNTAIN,saying,1
THE KING OF THE GOLDEN MOUNTAIN,sea,1
THE KING OF THE GOLDEN MOUNTAIN,sealed,1
THE KING OF THE GOLDEN MOUNTAIN,searched,1
THE KING OF THE GOLDEN MOUNTAIN,seas,1
THE KING OF THE GOLDEN MOUNTAIN,seashore,1
THE KING OF THE GOLDEN MOUNTAIN,second,1
THE KING OF THE GOLDEN MOUNTAIN,see,4
THE KING OF THE GOLDEN MOUNTAIN,seem,1
THE KING OF THE GOLDEN MOUNTAIN,seemed,2
THE KING OF THE GOLDEN MOUNTAIN,seize,1
THE KING OF THE GOLDEN MOUNTAIN,sell,1
THE KING OF THE GOLDEN MOUNTAIN,sent,1
THE KING OF THE GOLDEN MOUNTAIN,set,9
THE KING OF THE GOLDEN MOUNTAIN,settled,1
THE KING OF THE GOLDEN MOUNTAIN,seven,1
THE KING OF THE GOLDEN MOUNTAIN,shall,3
THE KING OF THE GOLDEN MOUNTAIN,share,1
THE KING OF THE GOLDEN MOUNTAIN,sharing,1
THE KING OF THE GOLDEN MOUNTAIN,sharp,1
THE KING OF THE GOLDEN MOUNTAIN,she,12
THE KING OF THE GOLDEN MOUNTAIN,shepherd,3
THE KING OF THE GOLDEN MOUNTAIN,ships,1
THE KING OF THE GOLDEN MOUNTAIN,shore,1
THE KING OF THE GOLDEN MOUNTAIN,should,7
THE KING OF THE GOLDEN MOUNTAIN,showed,3
THE KING OF THE GOLDEN MOUNTAIN,side,2
THE KING OF THE GOLDEN MOUNTAIN,sight,1
THE KING OF THE GOLDEN MOUNTAIN,signed,1
THE KING OF THE GOLDEN MOUNTAIN,since,1
THE KING OF THE GOLDEN MOUNTAIN,sink,1
THE KING OF THE GOLDEN MOUNTAIN,sit,1
THE KING OF THE GOLDEN MOUNTAIN,sleep,1
THE KING OF THE GOLDEN MOUNTAIN,small,1
THE KING OF THE GOLDEN MOUNTAIN,snake,2
THE KING OF THE GOLDEN MOUNTAIN,so,20
THE KING OF THE GOLDEN MOUNTAIN,softly,2
THE KING OF THE GOLDEN MOUNTAIN,sold,1
THE KING OF THE GOLDEN MOUNTAIN,some,3
THE KING OF THE GOLDEN MOUNTAIN,something,1
THE KING OF THE GOLDEN MOUNTAIN,son,14
THE KING OF THE GOLDEN MOUNTAIN,soon,3
THE KING OF THE GOLDEN MOUNTAIN,soothe,1
THE KING OF THE GOLDEN MOUNTAIN,sorcerer,1
THE KING OF THE GOLDEN MOUNTAIN,sorrow,1
THE KING OF THE GOLDEN MOUNTAIN,sorrowful,2
THE KING OF THE GOLDEN MOUNTAIN,sort,2
THE KING OF THE GOLDEN MOUNTAIN,sound,1
THE KING OF THE GOLDEN MOUNTAIN,speak,1
THE KING OF THE GOLDEN MOUNTAIN,spent,1
THE KING OF THE GOLDEN MOUNTAIN,spoke,1
THE KING OF THE GOLDEN MOUNTAIN,spot,1
THE KING OF THE GOLDEN MOUNTAIN,started,1
THE KING OF THE GOLDEN MOUNTAIN,step,1
THE KING OF THE GOLDEN MOUNTAIN,still,2
THE KING OF THE GOLDEN MOUNTAIN,stood,2
THE KING OF THE GOLDEN MOUNTAIN,store,2
THE KING OF THE GOLDEN MOUNTAIN,strangely,1
THE KING OF THE GOLDEN MOUNTAIN,struck,1
THE KING OF THE GOLDEN MOUNTAIN,study,1
THE KING OF THE GOLDEN MOUNTAIN,such,1
THE KING OF THE GOLDEN MOUNTAIN,sudden,1
THE KING OF THE GOLDEN MOUNTAIN,sword,3
THE KING OF THE GOLDEN MOUNTAIN,take,4
THE KING OF THE GOLDEN MOUNTAIN,taken,1
THE KING OF THE GOLDEN MOUNTAIN,talk,3
THE KING OF THE GOLDEN MOUNTAIN,teeth,1
THE KING OF THE GOLDEN MOUNTAIN,tell,3
THE KING OF THE GOLDEN MOUNTAIN,terms,1
THE KING OF THE GOLDEN MOUNTAIN,than,1
THE KING OF THE GOLDEN MOUNTAIN,that,38
THE KING OF THE GOLDEN MOUNTAIN,the,120
THE KING OF THE GOLDEN MOUNTAIN,thee,3
THE KING OF THE GOLDEN MOUNTAIN,their,5
THE KING OF THE GOLDEN MOUNTAIN,them,6
THE KING OF THE GOLDEN MOUNTAIN,then,15
THE KING OF THE GOLDEN MOUNTAIN,there,9
THE KING OF THE GOLDEN MOUNTAIN,these,1
THE KING OF THE GOLDEN MOUNTAIN,they,18
THE KING OF THE GOLDEN MOUNTAIN,thing,1
THE KING OF THE GOLDEN MOUNTAIN,things,1
THE KING OF THE GOLDEN MOUNTAIN,thinking,4
THE KING OF THE GOLDEN MOUNTAIN,third,2
THE KING OF THE GOLDEN MOUNTAIN,this,8
THE KING OF THE GOLDEN MOUNTAIN,though,1
THE KING OF THE GOLDEN MOUNTAIN,thought,3
THE KING OF THE GOLDEN MOUNTAIN,thoughtful,1
THE KING OF THE GOLDEN MOUNTAIN,three,2
THE KING OF THE GOLDEN MOUNTAIN,threw,1
THE KING OF THE GOLDEN MOUNTAIN,through,2
THE KING OF THE GOLDEN MOUNTAIN,throughout,1
THE KING OF THE GOLDEN MOUNTAIN,thus,5
THE KING OF THE GOLDEN MOUNTAIN,till,5
THE KING OF THE GOLDEN MOUNTAIN,time,2
THE KING OF THE GOLDEN MOUNTAIN,tired,1
THE KING OF THE GOLDEN MOUNTAIN,to,67
THE KING OF THE GOLDEN MOUNTAIN,together,2
THE KING OF THE GOLDEN MOUNTAIN,told,6
THE KING OF THE GOLDEN MOUNTAIN,tongue,1
THE KING OF THE GOLDEN MOUNTAIN,too,1
THE KING OF THE GOLDEN MOUNTAIN,took,5
THE KING OF THE GOLDEN MOUNTAIN,torment,1
THE KING OF THE GOLDEN MOUNTAIN,town,3
THE KING OF THE GOLDEN MOUNTAIN,trade,1
THE KING OF THE GOLDEN MOUNTAIN,traitors,1
THE KING OF THE GOLDEN MOUNTAIN,travelled,1
THE KING OF THE GOLDEN MOUNTAIN,travels,1
THE KING OF THE GOLDEN MOUNTAIN,treatment,1
THE KING OF THE GOLDEN MOUNTAIN,tree,1
THE KING OF THE GOLDEN MOUNTAIN,trembling,1
THE KING OF THE GOLDEN MOUNTAIN,tried,1
THE KING OF THE GOLDEN MOUNTAIN,trouble,3
THE KING OF THE GOLDEN MOUNTAIN,true,2
THE KING OF THE GOLDEN MOUNTAIN,truly,1
THE KING OF THE GOLDEN MOUNTAIN,truth,1
THE KING OF THE GOLDEN MOUNTAIN,try,2
THE KING OF THE GOLDEN MOUNTAIN,turned,2
THE KING OF THE GOLDEN MOUNTAIN,twelfth,1
THE KING OF THE GOLDEN MOUNTAIN,twelve,7
THE KING OF THE GOLDEN MOUNTAIN,twentyfour,1
THE KING OF THE GOLDEN MOUNTAIN,two,1
THE KING OF THE GOLDEN MOUNTAIN,uglylooking,1
THE KING OF THE GOLDEN MOUNTAIN,undertake,2
THE KING OF THE GOLDEN MOUNTAIN,unknown,2
THE KING OF THE GOLDEN MOUNTAIN,unless,1
THE KING OF THE GOLDEN MOUNTAIN,up,8
THE KING OF THE GOLDEN MOUNTAIN,upon,11
THE KING OF THE GOLDEN MOUNTAIN,upstairs,1
THE KING OF THE GOLDEN MOUNTAIN,us,4
THE KING OF THE GOLDEN MOUNTAIN,use,2
THE KING OF THE GOLDEN MOUNTAIN,used,1
THE KING OF THE GOLDEN MOUNTAIN,value,1
THE KING OF THE GOLDEN MOUNTAIN,very,10
THE KING OF THE GOLDEN MOUNTAIN,vexed,1
THE KING OF THE GOLDEN MOUNTAIN,vowed,1
THE KING OF THE GOLDEN MOUNTAIN,voyage,1
THE KING OF THE GOLDEN MOUNTAIN,waited,1
THE KING OF THE GOLDEN MOUNTAIN,walk,2
THE KING OF THE GOLDEN MOUNTAIN,walked,1
THE KING OF THE GOLDEN MOUNTAIN,want,2
THE KING OF THE GOLDEN MOUNTAIN,was,50
THE KING OF THE GOLDEN MOUNTAIN,wash,1
THE KING OF THE GOLDEN MOUNTAIN,water,2
THE KING OF THE GOLDEN MOUNTAIN,waters,1
THE KING OF THE GOLDEN MOUNTAIN,wave,1
THE KING OF THE GOLDEN MOUNTAIN,way,3
THE KING OF THE GOLDEN MOUNTAIN,we,1
THE KING OF THE GOLDEN MOUNTAIN,wealth,2
THE KING OF THE GOLDEN MOUNTAIN,wearer,2
THE KING OF THE GOLDEN MOUNTAIN,weather,1
THE KING OF THE GOLDEN MOUNTAIN,wedding,2
THE KING OF THE GOLDEN MOUNTAIN,weeping,1
THE KING OF THE GOLDEN MOUNTAIN,well,2
THE KING OF THE GOLDEN MOUNTAIN,went,10
THE KING OF THE GOLDEN MOUNTAIN,wept,1
THE KING OF THE GOLDEN MOUNTAIN,were,6
THE KING OF THE GOLDEN MOUNTAIN,what,18
THE KING OF THE GOLDEN MOUNTAIN,whatever,2
THE KING OF THE GOLDEN MOUNTAIN,when,9
THE KING OF THE GOLDEN MOUNTAIN,whenever,1
THE KING OF THE GOLDEN MOUNTAIN,where,5
THE KING OF THE GOLDEN MOUNTAIN,wherever,1
THE KING OF THE GOLDEN MOUNTAIN,which,2
THE KING OF THE GOLDEN MOUNTAIN,while,2
THE KING OF THE GOLDEN MOUNTAIN,whip,1
THE KING OF THE GOLDEN MOUNTAIN,white,2
THE KING OF THE GOLDEN MOUNTAIN,who,7
THE KING OF THE GOLDEN MOUNTAIN,whole,1
THE KING OF THE GOLDEN MOUNTAIN,why,2
THE KING OF THE GOLDEN MOUNTAIN,wide,1
THE KING OF THE GOLDEN MOUNTAIN,will,15
THE KING OF THE GOLDEN MOUNTAIN,willingly,1
THE KING OF THE GOLDEN MOUNTAIN,wind,1
THE KING OF THE GOLDEN MOUNTAIN,wine,1
THE KING OF THE GOLDEN MOUNTAIN,wish,1
THE KING OF THE GOLDEN MOUNTAIN,wished,6
THE KING OF THE GOLDEN MOUNTAIN,wishingring,1
THE KING OF THE GOLDEN MOUNTAIN,with,11
THE KING OF THE GOLDEN MOUNTAIN,within,2
THE KING OF THE GOLDEN MOUNTAIN,without,1
THE KING OF THE GOLDEN MOUNTAIN,wits,1
THE KING OF THE GOLDEN MOUNTAIN,wonderful,1
THE KING OF THE GOLDEN MOUNTAIN,word,6
THE KING OF THE GOLDEN MOUNTAIN,words,1
THE KING OF THE GOLDEN MOUNTAIN,world,1
THE KING OF THE GOLDEN MOUNTAIN,would,15
THE KING OF THE GOLDEN MOUNTAIN,written,1
THE KING OF THE GOLDEN MOUNTAIN,years,6
THE KING OF THE GOLDEN MOUNTAIN,yes,1
THE KING OF THE GOLDEN MOUNTAIN,you,32
THE KING OF THE GOLDEN MOUNTAIN,young,2
THE KING OF THE GOLDEN MOUNTAIN,your,8
THE KING OF THE GOLDEN MOUNTAIN,yourself,2
THE LITTLE PEASANT,a,33
THE LITTLE PEASANT,about,5
THE LITTLE PEASANT,accused,1
THE LITTLE PEASANT,advantage,1
THE LITTLE PEASANT,after,4
THE LITTLE PEASANT,again,5
THE LITTLE PEASANT,agreed,1
THE LITTLE PEASANT,ah,1
THE LITTLE PEASANT,all,6
THE LITTLE PEASANT,alone,1
THE LITTLE PEASANT,already,2
THE LITTLE PEASANT,also,3
THE LITTLE PEASANT,always,1
THE LITTLE PEASANT,am,3
THE LITTLE PEASANT,among,1
THE LITTLE PEASANT,an,1
THE LITTLE PEASANT,and,116
THE LITTLE PEASANT,answered,6
THE LITTLE PEASANT,any,2
THE LITTLE PEASANT,anything,2
THE LITTLE PEASANT,apiece,1
THE LITTLE PEASANT,are,5
THE LITTLE PEASANT,arms,2
THE LITTLE PEASANT,as,13
THE LITTLE PEASANT,asked,4
THE LITTLE PEASANT,astonished,1
THE LITTLE PEASANT,at,9
THE LITTLE PEASANT,ate,3
THE LITTLE PEASANT,away,4
THE LITTLE PEASANT,back,4
THE LITTLE PEASANT,bad,2
THE LITTLE PEASANT,bargained,1
THE LITTLE PEASANT,barrel,8
THE LITTLE PEASANT,be,13
THE LITTLE PEASANT,beast,1
THE LITTLE PEASANT,beautiful,1
THE LITTLE PEASANT,became,1
THE LITTLE PEASANT,bed,4
THE LITTLE PEASANT,been,5
THE LITTLE PEASANT,before,3
THE LITTLE PEASANT,began,1
THE LITTLE PEASANT,begged,2
THE LITTLE PEASANT,being,1
THE LITTLE PEASANT,believed,1
THE LITTLE PEASANT,below,2
THE LITTLE PEASANT,beside,1
THE LITTLE PEASANT,bidden,1
THE LITTLE PEASANT,big,1
THE LITTLE PEASANT,bit,1
THE LITTLE PEASANT,black,1
THE LITTLE PEASANT,bless,1
THE LITTLE PEASANT,blue,1
THE LITTLE PEASANT,bottom,2
THE LITTLE PEASANT,bread,5
THE LITTLE PEASANT,broken,1
THE LITTLE PEASANT,brought,3
THE LITTLE PEASANT,brown,1
THE LITTLE PEASANT,built,1
THE LITTLE PEASANT,but,20
THE LITTLE PEASANT,buy,2
THE LITTLE PEASANT,by,3
THE LITTLE PEASANT,cakes,4
THE LITTLE PEASANT,calf,10
THE LITTLE PEASANT,call,1
THE LITTLE PEASANT,called,3
THE LITTLE PEASANT,calling,1
THE LITTLE PEASANT,came,9
THE LITTLE PEASANT,can,4
THE LITTLE PEASANT,care,1
THE LITTLE PEASANT,carelessness,1
THE LITTLE PEASANT,carpenter,2
THE LITTLE PEASANT,carried,2
THE LITTLE PEASANT,carry,1
THE LITTLE PEASANT,certain,1
THE LITTLE PEASANT,certainly,2
THE LITTLE PEASANT,cheese,5
THE LITTLE PEASANT,closet,4
THE LITTLE PEASANT,clouds,1
THE LITTLE PEASANT,come,5
THE LITTLE PEASANT,coming,1
THE LITTLE PEASANT,concerned,1
THE LITTLE PEASANT,condemned,1
THE LITTLE PEASANT,contented,2
THE LITTLE PEASANT,could,4
THE LITTLE PEASANT,cow,5
THE LITTLE PEASANT,cowherd,7
THE LITTLE PEASANT,cows,3
THE LITTLE PEASANT,crept,1
THE LITTLE PEASANT,cried,7
THE LITTLE PEASANT,croak,1
THE LITTLE PEASANT,croaked,3
THE LITTLE PEASANT,crowd,2
THE LITTLE PEASANT,curious,1
THE LITTLE PEASANT,cut,1
THE LITTLE PEASANT,day,1
THE LITTLE PEASANT,daybreak,1
THE LITTLE PEASANT,dead,1
THE LITTLE PEASANT,death,2
THE LITTLE PEASANT,declared,1
THE LITTLE PEASANT,deep,2
THE LITTLE PEASANT,devil,2
THE LITTLE PEASANT,did,6
THE LITTLE PEASANT,different,1
THE LITTLE PEASANT,distance,1
THE LITTLE PEASANT,do,7
THE LITTLE PEASANT,doing,1
THE LITTLE PEASANT,don,2
THE LITTLE PEASANT,door,2
THE LITTLE PEASANT,down,10
THE LITTLE PEASANT,drag,1
THE LITTLE PEASANT,drive,1
THE LITTLE PEASANT,driven,1
THE LITTLE PEASANT,driving,1
THE LITTLE PEASANT,drove,2
THE LITTLE PEASANT,eat,6
THE LITTLE PEASANT,eating,3
THE LITTLE PEASANT,eats,1
THE LITTLE PEASANT,end,1
THE LITTLE PEASANT,enjoy,1
THE LITTLE PEASANT,entering,1
THE LITTLE PEASANT,entire,1
THE LITTLE PEASANT,even,1
THE LITTLE PEASANT,eyes,1
THE LITTLE PEASANT,falls,1
THE LITTLE PEASANT,far,1
THE LITTLE PEASANT,farther,1
THE LITTLE PEASANT,fast,1
THE LITTLE PEASANT,feast,1
THE LITTLE PEASANT,feasting,1
THE LITTLE PEASANT,feeding,1
THE LITTLE PEASANT,fellow,1
THE LITTLE PEASANT,fetch,1
THE LITTLE PEASANT,fifth,4
THE LITTLE PEASANT,fill,1
THE LITTLE PEASANT,fine,2
THE LITTLE PEASANT,first,6
THE LITTLE PEASANT,fleecy,1
THE LITTLE PEASANT,flesh,1
THE LITTLE PEASANT,flock,5
THE LITTLE PEASANT,food,1
THE LITTLE PEASANT,for,16
THE LITTLE PEASANT,forced,2
THE LITTLE PEASANT,foretell,2
THE LITTLE PEASANT,forth,1
THE LITTLE PEASANT,forward,1
THE LITTLE PEASANT,found,4
THE LITTLE PEASANT,four,4
THE LITTLE PEASANT,fourthly,1
THE LITTLE PEASANT,free,2
THE LITTLE PEASANT,frightened,1
THE LITTLE PEASANT,from,5
THE LITTLE PEASANT,full,1
THE LITTLE PEASANT,gave,2
THE LITTLE PEASANT,get,4
THE LITTLE PEASANT,give,6
THE LITTLE PEASANT,glad,1
THE LITTLE PEASANT,go,6
THE LITTLE PEASANT,going,1
THE LITTLE PEASANT,gold,1
THE LITTLE PEASANT,golden,1
THE LITTLE PEASANT,gone,2
THE LITTLE PEASANT,good,1
THE LITTLE PEASANT,gossip,2
THE LITTLE PEASANT,got,3
THE LITTLE PEASANT,gradually,1
THE LITTLE PEASANT,grass,1
THE LITTLE PEASANT,great,1
THE LITTLE PEASANT,greatest,1
THE LITTLE PEASANT,grew,1
THE LITTLE PEASANT,ground,1
THE LITTLE PEASANT,had,11
THE LITTLE PEASANT,hanging,1
THE LITTLE PEASANT,has,3
THE LITTLE PEASANT,have,13
THE LITTLE PEASANT,he,42
THE LITTLE PEASANT,head,3
THE LITTLE PEASANT,heard,2
THE LITTLE PEASANT,hearing,1
THE LITTLE PEASANT,heartily,1
THE LITTLE PEASANT,heaven,1
THE LITTLE PEASANT,heavens,1
THE LITTLE PEASANT,heir,1
THE LITTLE PEASANT,her,4
THE LITTLE PEASANT,herd,1
THE LITTLE PEASANT,hid,1
THE LITTLE PEASANT,hidden,1
THE LITTLE PEASANT,hiding,1
THE LITTLE PEASANT,him,15
THE LITTLE PEASANT,himself,2
THE LITTLE PEASANT,his,10
THE LITTLE PEASANT,holes,1
THE LITTLE PEASANT,home,6
THE LITTLE PEASANT,house,2
THE LITTLE PEASANT,housedoor,1
THE LITTLE PEASANT,how,2
THE LITTLE PEASANT,however,3
THE LITTLE PEASANT,hundred,3
THE LITTLE PEASANT,husband,4
THE LITTLE PEASANT,i,28
THE LITTLE PEASANT,idea,2
THE LITTLE PEASANT,if,9
THE LITTLE PEASANT,in,29
THE LITTLE PEASANT,innocent,1
THE LITTLE PEASANT,inquired,1
THE LITTLE PEASANT,inside,2
THE LITTLE PEASANT,insists,1
THE LITTLE PEASANT,intend,1
THE LITTLE PEASANT,into,4
THE LITTLE PEASANT,invited,1
THE LITTLE PEASANT,is,16
THE LITTLE PEASANT,it,35
THE LITTLE PEASANT,its,1
THE LITTLE PEASANT,itself,1
THE LITTLE PEASANT,jumped,1
THE LITTLE PEASANT,just,4
THE LITTLE PEASANT,keeps,1
THE LITTLE PEASANT,keys,2
THE LITTLE PEASANT,killed,2
THE LITTLE PEASANT,knave,1
THE LITTLE PEASANT,knew,1
THE LITTLE PEASANT,knocking,1
THE LITTLE PEASANT,know,1
THE LITTLE PEASANT,krr,2
THE LITTLE PEASANT,lambs,2
THE LITTLE PEASANT,last,2
THE LITTLE PEASANT,launched,1
THE LITTLE PEASANT,lay,2
THE LITTLE PEASANT,led,2
THE LITTLE PEASANT,legs,1
THE LITTLE PEASANT,less,1
THE LITTLE PEASANT,let,1
THE LITTLE PEASANT,like,3
THE LITTLE PEASANT,liked,2
THE LITTLE PEASANT,listen,1
THE LITTLE PEASANT,listened,1
THE LITTLE PEASANT,little,12
THE LITTLE PEASANT,lived,1
THE LITTLE PEASANT,ll,1
THE LITTLE PEASANT,long,2
THE LITTLE PEASANT,look,4
THE LITTLE PEASANT,looked,3
THE LITTLE PEASANT,looking,1
THE LITTLE PEASANT,looks,2
THE LITTLE PEASANT,loudly,1
THE LITTLE PEASANT,lying,2
THE LITTLE PEASANT,made,6
THE LITTLE PEASANT,make,3
THE LITTLE PEASANT,man,4
THE LITTLE PEASANT,mass,2
THE LITTLE PEASANT,mayor,11
THE LITTLE PEASANT,me,9
THE LITTLE PEASANT,meadow,1
THE LITTLE PEASANT,meadows,1
THE LITTLE PEASANT,meantime,1
THE LITTLE PEASANT,meat,4
THE LITTLE PEASANT,merchant,1
THE LITTLE PEASANT,might,2
THE LITTLE PEASANT,mill,2
THE LITTLE PEASANT,miller,18
THE LITTLE PEASANT,minds,1
THE LITTLE PEASANT,missing,1
THE LITTLE PEASANT,moment,1
THE LITTLE PEASANT,money,1
THE LITTLE PEASANT,more,8
THE LITTLE PEASANT,morning,2
THE LITTLE PEASANT,much,4
THE LITTLE PEASANT,must,4
THE LITTLE PEASANT,my,8
THE LITTLE PEASANT,myself,1
THE LITTLE PEASANT,needful,1
THE LITTLE PEASANT,new,1
THE LITTLE PEASANT,next,2
THE LITTLE PEASANT,night,1
THE LITTLE PEASANT,no,6
THE LITTLE PEASANT,noise,1
THE LITTLE PEASANT,not,10
THE LITTLE PEASANT,nothing,3
THE LITTLE PEASANT,now,3
THE LITTLE PEASANT,number,1
THE LITTLE PEASANT,objection,1
THE LITTLE PEASANT,obliged,1
THE LITTLE PEASANT,of,13
THE LITTLE PEASANT,off,2
THE LITTLE PEASANT,oh,3
THE LITTLE PEASANT,on,15
THE LITTLE PEASANT,once,4
THE LITTLE PEASANT,one,8
THE LITTLE PEASANT,only,1
THE LITTLE PEASANT,opened,2
THE LITTLE PEASANT,order,2
THE LITTLE PEASANT,other,1
THE LITTLE PEASANT,others,2
THE LITTLE PEASANT,otherwise,1
THE LITTLE PEASANT,ought,1
THE LITTLE PEASANT,our,1
THE LITTLE PEASANT,out,10
THE LITTLE PEASANT,outside,2
THE LITTLE PEASANT,outwitted,1
THE LITTLE PEASANT,own,1
THE LITTLE PEASANT,paint,1
THE LITTLE PEASANT,painted,1
THE LITTLE PEASANT,parson,4
THE LITTLE PEASANT,passed,1
THE LITTLE PEASANT,pasture,1
THE LITTLE PEASANT,peasant,41
THE LITTLE PEASANT,peasants,9
THE LITTLE PEASANT,people,1
THE LITTLE PEASANT,pierced,1
THE LITTLE PEASANT,pillow,2
THE LITTLE PEASANT,pinched,3
THE LITTLE PEASANT,pity,1
THE LITTLE PEASANT,place,3
THE LITTLE PEASANT,planed,1
THE LITTLE PEASANT,plunged,1
THE LITTLE PEASANT,poor,2
THE LITTLE PEASANT,porch,2
THE LITTLE PEASANT,pressed,1
THE LITTLE PEASANT,pretty,1
THE LITTLE PEASANT,priest,2
THE LITTLE PEASANT,proceeds,1
THE LITTLE PEASANT,profit,1
THE LITTLE PEASANT,promise,1
THE LITTLE PEASANT,prophecy,1
THE LITTLE PEASANT,prophesy,1
THE LITTLE PEASANT,pushed,1
THE LITTLE PEASANT,put,1
THE LITTLE PEASANT,quick,1
THE LITTLE PEASANT,quickly,2
THE LITTLE PEASANT,quietly,1
THE LITTLE PEASANT,quite,2
THE LITTLE PEASANT,rain,2
THE LITTLE PEASANT,ran,2
THE LITTLE PEASANT,rascal,1
THE LITTLE PEASANT,raven,7
THE LITTLE PEASANT,really,1
THE LITTLE PEASANT,received,1
THE LITTLE PEASANT,recognized,1
THE LITTLE PEASANT,reflected,1
THE LITTLE PEASANT,remained,1
THE LITTLE PEASANT,replied,3
THE LITTLE PEASANT,require,1
THE LITTLE PEASANT,retire,1
THE LITTLE PEASANT,rich,2
THE LITTLE PEASANT,right,1
THE LITTLE PEASANT,roast,4
THE LITTLE PEASANT,roll,1
THE LITTLE PEASANT,rolled,3
THE LITTLE PEASANT,run,3
THE LITTLE PEASANT,s,8
THE LITTLE PEASANT,said,39
THE LITTLE PEASANT,salad,4
THE LITTLE PEASANT,salted,1
THE LITTLE PEASANT,same,1
THE LITTLE PEASANT,sank,1
THE LITTLE PEASANT,sat,2
THE LITTLE PEASANT,saw,3
THE LITTLE PEASANT,say,4
THE LITTLE PEASANT,saying,1
THE LITTLE PEASANT,says,6
THE LITTLE PEASANT,second,1
THE LITTLE PEASANT,see,1
THE LITTLE PEASANT,sell,2
THE LITTLE PEASANT,sentenced,1
THE LITTLE PEASANT,servant,1
THE LITTLE PEASANT,served,1
THE LITTLE PEASANT,set,3
THE LITTLE PEASANT,shall,2
THE LITTLE PEASANT,she,3
THE LITTLE PEASANT,sheep,4
THE LITTLE PEASANT,shelter,2
THE LITTLE PEASANT,shepherd,6
THE LITTLE PEASANT,shift,1
THE LITTLE PEASANT,should,1
THE LITTLE PEASANT,shovels,1
THE LITTLE PEASANT,showed,1
THE LITTLE PEASANT,shut,1
THE LITTLE PEASANT,sit,1
THE LITTLE PEASANT,skin,6
THE LITTLE PEASANT,skins,2
THE LITTLE PEASANT,sky,1
THE LITTLE PEASANT,sleep,1
THE LITTLE PEASANT,slice,2
THE LITTLE PEASANT,small,8
THE LITTLE PEASANT,snow,1
THE LITTLE PEASANT,so,16
THE LITTLE PEASANT,sold,1
THE LITTLE PEASANT,sole,1
THE LITTLE PEASANT,some,7
THE LITTLE PEASANT,someone,1
THE LITTLE PEASANT,something,3
THE LITTLE PEASANT,soon,2
THE LITTLE PEASANT,soothsayer,1
THE LITTLE PEASANT,soul,1
THE LITTLE PEASANT,sounded,1
THE LITTLE PEASANT,splash,1
THE LITTLE PEASANT,stand,1
THE LITTLE PEASANT,standing,2
THE LITTLE PEASANT,still,4
THE LITTLE PEASANT,stolen,1
THE LITTLE PEASANT,stood,1
THE LITTLE PEASANT,stop,1
THE LITTLE PEASANT,storm,3
THE LITTLE PEASANT,stove,2
THE LITTLE PEASANT,straw,3
THE LITTLE PEASANT,stripped,1
THE LITTLE PEASANT,such,1
THE LITTLE PEASANT,t,2
THE LITTLE PEASANT,table,1
THE LITTLE PEASANT,take,1
THE LITTLE PEASANT,talers,4
THE LITTLE PEASANT,talk,1
THE LITTLE PEASANT,tell,1
THE LITTLE PEASANT,than,4
THE LITTLE PEASANT,thank,1
THE LITTLE PEASANT,that,24
THE LITTLE PEASANT,the,214
THE LITTLE PEASANT,their,4
THE LITTLE PEASANT,them,5
THE LITTLE PEASANT,themselves,1
THE LITTLE PEASANT,then,14
THE LITTLE PEASANT,thence,1
THE LITTLE PEASANT,there,26
THE LITTLE PEASANT,these,1
THE LITTLE PEASANT,they,19
THE LITTLE PEASANT,thing,2
THE LITTLE PEASANT,things,4
THE LITTLE PEASANT,thirdly,1
THE LITTLE PEASANT,this,6
THE LITTLE PEASANT,thither,1
THE LITTLE PEASANT,thought,1
THE LITTLE PEASANT,three,3
THE LITTLE PEASANT,through,1
THE LITTLE PEASANT,thus,1
THE LITTLE PEASANT,tiled,2
THE LITTLE PEASANT,till,2
THE LITTLE PEASANT,time,1
THE LITTLE PEASANT,tired,1
THE LITTLE PEASANT,to,52
THE LITTLE PEASANT,together,3
THE LITTLE PEASANT,too,2
THE LITTLE PEASANT,took,4
THE LITTLE PEASANT,top,1
THE LITTLE PEASANT,towards,1
THE LITTLE PEASANT,town,4
THE LITTLE PEASANT,treachery,1
THE LITTLE PEASANT,true,1
THE LITTLE PEASANT,truly,1
THE LITTLE PEASANT,turned,1
THE LITTLE PEASANT,twice,1
THE LITTLE PEASANT,two,2
THE LITTLE PEASANT,unanimously,1
THE LITTLE PEASANT,under,4
THE LITTLE PEASANT,unlocked,1
THE LITTLE PEASANT,until,2
THE LITTLE PEASANT,up,6
THE LITTLE PEASANT,upon,1
THE LITTLE PEASANT,us,2
THE LITTLE PEASANT,vengeance,1
THE LITTLE PEASANT,very,1
THE LITTLE PEASANT,vexed,2
THE LITTLE PEASANT,village,4
THE LITTLE PEASANT,waited,1
THE LITTLE PEASANT,want,2
THE LITTLE PEASANT,wanted,2
THE LITTLE PEASANT,was,27
THE LITTLE PEASANT,water,7
THE LITTLE PEASANT,way,1
THE LITTLE PEASANT,we,4
THE LITTLE PEASANT,wealth,1
THE LITTLE PEASANT,weather,1
THE LITTLE PEASANT,well,2
THE LITTLE PEASANT,went,10
THE LITTLE PEASANT,were,14
THE LITTLE PEASANT,what,8
THE LITTLE PEASANT,when,9
THE LITTLE PEASANT,whence,2
THE LITTLE PEASANT,where,3
THE LITTLE PEASANT,wherein,1
THE LITTLE PEASANT,whereupon,1
THE LITTLE PEASANT,which,6
THE LITTLE PEASANT,who,4
THE LITTLE PEASANT,whole,2
THE LITTLE PEASANT,whom,2
THE LITTLE PEASANT,why,1
THE LITTLE PEASANT,wife,7
THE LITTLE PEASANT,will,13
THE LITTLE PEASANT,willing,2
THE LITTLE PEASANT,wind,1
THE LITTLE PEASANT,wine,4
THE LITTLE PEASANT,wings,1
THE LITTLE PEASANT,wish,1
THE LITTLE PEASANT,wished,2
THE LITTLE PEASANT,wishing,1
THE LITTLE PEASANT,with,16
THE LITTLE PEASANT,woman,6
THE LITTLE PEASANT,wooden,1
THE LITTLE PEASANT,word,1
THE LITTLE PEASANT,world,2
THE LITTLE PEASANT,would,6
THE LITTLE PEASANT,wrapped,1
THE LITTLE PEASANT,yes,2
THE LITTLE PEASANT,yet,1
THE LITTLE PEASANT,you,15
THE LITTLE PEASANT,your,2
THE LITTLE PEASANT,yourself,1
THE MISER IN THE BUSH,a,25
THE MISER IN THE BUSH,about,2
THE MISER IN THE BUSH,account,1
THE MISER IN THE BUSH,accused,1
THE MISER IN THE BUSH,acknowledge,1
THE MISER IN THE BUSH,agree,1
THE MISER IN THE BUSH,air,1
THE MISER IN THE BUSH,all,9
THE MISER IN THE BUSH,alone,1
THE MISER IN THE BUSH,along,2
THE MISER IN THE BUSH,also,1
THE MISER IN THE BUSH,am,2
THE MISER IN THE BUSH,amusement,1
THE MISER IN THE BUSH,an,1
THE MISER IN THE BUSH,and,61
THE MISER IN THE BUSH,another,1
THE MISER IN THE BUSH,any,3
THE MISER IN THE BUSH,anything,1
THE MISER IN THE BUSH,art,1
THE MISER IN THE BUSH,as,3
THE MISER IN THE BUSH,ask,2
THE MISER IN THE BUSH,asked,1
THE MISER IN THE BUSH,at,11
THE MISER IN THE BUSH,away,3
THE MISER IN THE BUSH,back,1
THE MISER IN THE BUSH,bad,1
THE MISER IN THE BUSH,bar,1
THE MISER IN THE BUSH,bargain,2
THE MISER IN THE BUSH,be,2
THE MISER IN THE BUSH,beaten,1
THE MISER IN THE BUSH,been,2
THE MISER IN THE BUSH,before,2
THE MISER IN THE BUSH,beg,2
THE MISER IN THE BUSH,began,7
THE MISER IN THE BUSH,better,1
THE MISER IN THE BUSH,bid,1
THE MISER IN THE BUSH,bind,2
THE MISER IN THE BUSH,bird,1
THE MISER IN THE BUSH,blood,1
THE MISER IN THE BUSH,bow,4
THE MISER IN THE BUSH,bring,3
THE MISER IN THE BUSH,brisker,2
THE MISER IN THE BUSH,brought,1
THE MISER IN THE BUSH,bush,2
THE MISER IN THE BUSH,bushes,1
THE MISER IN THE BUSH,but,10
THE MISER IN THE BUSH,by,4
THE MISER IN THE BUSH,called,1
THE MISER IN THE BUSH,came,1
THE MISER IN THE BUSH,can,1
THE MISER IN THE BUSH,capering,2
THE MISER IN THE BUSH,care,1
THE MISER IN THE BUSH,carried,1
THE MISER IN THE BUSH,caught,1
THE MISER IN THE BUSH,cheating,1
THE MISER IN THE BUSH,choose,1
THE MISER IN THE BUSH,clerks,1
THE MISER IN THE BUSH,close,2
THE MISER IN THE BUSH,clothes,1
THE MISER IN THE BUSH,come,2
THE MISER IN THE BUSH,companion,2
THE MISER IN THE BUSH,complained,1
THE MISER IN THE BUSH,could,2
THE MISER IN THE BUSH,countryman,7
THE MISER IN THE BUSH,court,1
THE MISER IN THE BUSH,crept,2
THE MISER IN THE BUSH,cried,2
THE MISER IN THE BUSH,cry,1
THE MISER IN THE BUSH,cut,1
THE MISER IN THE BUSH,dance,1
THE MISER IN THE BUSH,danced,2
THE MISER IN THE BUSH,dancing,4
THE MISER IN THE BUSH,deal,2
THE MISER IN THE BUSH,deserve,2
THE MISER IN THE BUSH,did,2
THE MISER IN THE BUSH,diligent,1
THE MISER IN THE BUSH,directly,1
THE MISER IN THE BUSH,do,1
THE MISER IN THE BUSH,don,2
THE MISER IN THE BUSH,done,2
THE MISER IN THE BUSH,down,4
THE MISER IN THE BUSH,downhearted,1
THE MISER IN THE BUSH,dwarf,4
THE MISER IN THE BUSH,earned,1
THE MISER IN THE BUSH,earnings,1
THE MISER IN THE BUSH,end,1
THE MISER IN THE BUSH,enough,2
THE MISER IN THE BUSH,entreaties,1
THE MISER IN THE BUSH,every,2
THE MISER IN THE BUSH,everyone,2
THE MISER IN THE BUSH,everything,1
THE MISER IN THE BUSH,fact,1
THE MISER IN THE BUSH,fairly,1
THE MISER IN THE BUSH,faithful,1
THE MISER IN THE BUSH,far,1
THE MISER IN THE BUSH,fare,1
THE MISER IN THE BUSH,farmer,2
THE MISER IN THE BUSH,fast,2
THE MISER IN THE BUSH,fell,1
THE MISER IN THE BUSH,fellow,3
THE MISER IN THE BUSH,fiddle,9
THE MISER IN THE BUSH,fields,1
THE MISER IN THE BUSH,find,2
THE MISER IN THE BUSH,first,4
THE MISER IN THE BUSH,florins,2
THE MISER IN THE BUSH,followed,1
THE MISER IN THE BUSH,foot,1
THE MISER IN THE BUSH,for,15
THE MISER IN THE BUSH,friend,1
THE MISER IN THE BUSH,full,1
THE MISER IN THE BUSH,gained,1
THE MISER IN THE BUSH,gallows,2
THE MISER IN THE BUSH,gave,5
THE MISER IN THE BUSH,gift,1
THE MISER IN THE BUSH,give,3
THE MISER IN THE BUSH,go,2
THE MISER IN THE BUSH,gold,1
THE MISER IN THE BUSH,gone,2
THE MISER IN THE BUSH,good,1
THE MISER IN THE BUSH,got,2
THE MISER IN THE BUSH,grant,3
THE MISER IN THE BUSH,great,2
THE MISER IN THE BUSH,had,12
THE MISER IN THE BUSH,halfnaked,1
THE MISER IN THE BUSH,hangman,1
THE MISER IN THE BUSH,hard,3
THE MISER IN THE BUSH,hast,1
THE MISER IN THE BUSH,have,11
THE MISER IN THE BUSH,having,1
THE MISER IN THE BUSH,he,36
THE MISER IN THE BUSH,head,1
THE MISER IN THE BUSH,health,1
THE MISER IN THE BUSH,hears,1
THE MISER IN THE BUSH,heart,1
THE MISER IN THE BUSH,heaven,2
THE MISER IN THE BUSH,here,1
THE MISER IN THE BUSH,higher,4
THE MISER IN THE BUSH,hill,1
THE MISER IN THE BUSH,him,20
THE MISER IN THE BUSH,himself,2
THE MISER IN THE BUSH,his,29
THE MISER IN THE BUSH,hold,1
THE MISER IN THE BUSH,honest,2
THE MISER IN THE BUSH,how,2
THE MISER IN THE BUSH,hundred,2
THE MISER IN THE BUSH,hung,2
THE MISER IN THE BUSH,i,25
THE MISER IN THE BUSH,if,2
THE MISER IN THE BUSH,in,10
THE MISER IN THE BUSH,into,7
THE MISER IN THE BUSH,is,1
THE MISER IN THE BUSH,it,14
THE MISER IN THE BUSH,jailer,1
THE MISER IN THE BUSH,jogged,1
THE MISER IN THE BUSH,journeyed,1
THE MISER IN THE BUSH,joyfully,1
THE MISER IN THE BUSH,judge,8
THE MISER IN THE BUSH,just,1
THE MISER IN THE BUSH,kind,1
THE MISER IN THE BUSH,knew,1
THE MISER IN THE BUSH,last,5
THE MISER IN THE BUSH,late,1
THE MISER IN THE BUSH,leave,1
THE MISER IN THE BUSH,left,1
THE MISER IN THE BUSH,let,3
THE MISER IN THE BUSH,liberty,1
THE MISER IN THE BUSH,life,3
THE MISER IN THE BUSH,like,3
THE MISER IN THE BUSH,likely,1
THE MISER IN THE BUSH,listen,2
THE MISER IN THE BUSH,little,3
THE MISER IN THE BUSH,live,1
THE MISER IN THE BUSH,long,1
THE MISER IN THE BUSH,longer,2
THE MISER IN THE BUSH,look,1
THE MISER IN THE BUSH,lord,1
THE MISER IN THE BUSH,luck,1
THE MISER IN THE BUSH,made,1
THE MISER IN THE BUSH,make,2
THE MISER IN THE BUSH,man,4
THE MISER IN THE BUSH,many,2
THE MISER IN THE BUSH,master,3
THE MISER IN THE BUSH,matter,1
THE MISER IN THE BUSH,may,1
THE MISER IN THE BUSH,me,9
THE MISER IN THE BUSH,meanwhile,1
THE MISER IN THE BUSH,meeting,1
THE MISER IN THE BUSH,merry,4
THE MISER IN THE BUSH,met,2
THE MISER IN THE BUSH,middle,1
THE MISER IN THE BUSH,miser,17
THE MISER IN THE BUSH,money,8
THE MISER IN THE BUSH,more,2
THE MISER IN THE BUSH,most,1
THE MISER IN THE BUSH,motion,1
THE MISER IN THE BUSH,much,2
THE MISER IN THE BUSH,musician,1
THE MISER IN THE BUSH,my,6
THE MISER IN THE BUSH,myself,1
THE MISER IN THE BUSH,neck,1
THE MISER IN THE BUSH,no,6
THE MISER IN THE BUSH,not,8
THE MISER IN THE BUSH,note,2
THE MISER IN THE BUSH,now,3
THE MISER IN THE BUSH,of,11
THE MISER IN THE BUSH,off,2
THE MISER IN THE BUSH,offered,2
THE MISER IN THE BUSH,officers,1
THE MISER IN THE BUSH,oh,3
THE MISER IN THE BUSH,old,1
THE MISER IN THE BUSH,on,10
THE MISER IN THE BUSH,once,1
THE MISER IN THE BUSH,one,4
THE MISER IN THE BUSH,only,5
THE MISER IN THE BUSH,or,2
THE MISER IN THE BUSH,ordering,1
THE MISER IN THE BUSH,other,3
THE MISER IN THE BUSH,our,1
THE MISER IN THE BUSH,out,6
THE MISER IN THE BUSH,over,2
THE MISER IN THE BUSH,paid,1
THE MISER IN THE BUSH,pay,1
THE MISER IN THE BUSH,penny,2
THE MISER IN THE BUSH,people,2
THE MISER IN THE BUSH,piteous,1
THE MISER IN THE BUSH,pitied,1
THE MISER IN THE BUSH,pity,1
THE MISER IN THE BUSH,place,1
THE MISER IN THE BUSH,play,3
THE MISER IN THE BUSH,played,3
THE MISER IN THE BUSH,playing,2
THE MISER IN THE BUSH,pleasant,1
THE MISER IN THE BUSH,pleased,1
THE MISER IN THE BUSH,plight,1
THE MISER IN THE BUSH,pocket,1
THE MISER IN THE BUSH,ponder,1
THE MISER IN THE BUSH,poor,4
THE MISER IN THE BUSH,pray,1
THE MISER IN THE BUSH,presence,1
THE MISER IN THE BUSH,pretty,1
THE MISER IN THE BUSH,price,1
THE MISER IN THE BUSH,prisoner,1
THE MISER IN THE BUSH,promise,1
THE MISER IN THE BUSH,promised,1
THE MISER IN THE BUSH,proposal,1
THE MISER IN THE BUSH,purse,4
THE MISER IN THE BUSH,put,2
THE MISER IN THE BUSH,rags,1
THE MISER IN THE BUSH,ran,1
THE MISER IN THE BUSH,rascal,1
THE MISER IN THE BUSH,refuse,1
THE MISER IN THE BUSH,rejoiced,1
THE MISER IN THE BUSH,replied,2
THE MISER IN THE BUSH,request,2
THE MISER IN THE BUSH,return,2
THE MISER IN THE BUSH,revenge,1
THE MISER IN THE BUSH,reward,1
THE MISER IN THE BUSH,rich,1
THE MISER IN THE BUSH,roaming,1
THE MISER IN THE BUSH,robbed,2
THE MISER IN THE BUSH,round,2
THE MISER IN THE BUSH,s,8
THE MISER IN THE BUSH,sad,1
THE MISER IN THE BUSH,safe,1
THE MISER IN THE BUSH,said,20
THE MISER IN THE BUSH,sake,3
THE MISER IN THE BUSH,sat,1
THE MISER IN THE BUSH,saved,1
THE MISER IN THE BUSH,saw,1
THE MISER IN THE BUSH,scratched,1
THE MISER IN THE BUSH,second,1
THE MISER IN THE BUSH,secondly,1
THE MISER IN THE BUSH,seemed,1
THE MISER IN THE BUSH,seized,1
THE MISER IN THE BUSH,sent,1
THE MISER IN THE BUSH,servant,1
THE MISER IN THE BUSH,serve,1
THE MISER IN THE BUSH,service,1
THE MISER IN THE BUSH,set,2
THE MISER IN THE BUSH,shall,1
THE MISER IN THE BUSH,shaved,1
THE MISER IN THE BUSH,shoot,1
THE MISER IN THE BUSH,short,1
THE MISER IN THE BUSH,should,8
THE MISER IN THE BUSH,simplehearted,1
THE MISER IN THE BUSH,singing,2
THE MISER IN THE BUSH,so,11
THE MISER IN THE BUSH,some,3
THE MISER IN THE BUSH,soon,4
THE MISER IN THE BUSH,soul,1
THE MISER IN THE BUSH,sound,1
THE MISER IN THE BUSH,spring,1
THE MISER IN THE BUSH,steps,1
THE MISER IN THE BUSH,stole,2
THE MISER IN THE BUSH,stood,2
THE MISER IN THE BUSH,stopped,2
THE MISER IN THE BUSH,struck,1
THE MISER IN THE BUSH,such,2
THE MISER IN THE BUSH,t,2
THE MISER IN THE BUSH,take,2
THE MISER IN THE BUSH,taken,1
THE MISER IN THE BUSH,tale,1
THE MISER IN THE BUSH,tear,1
THE MISER IN THE BUSH,tell,2
THE MISER IN THE BUSH,ten,1
THE MISER IN THE BUSH,than,1
THE MISER IN THE BUSH,that,16
THE MISER IN THE BUSH,the,76
THE MISER IN THE BUSH,their,1
THE MISER IN THE BUSH,them,2
THE MISER IN THE BUSH,then,8
THE MISER IN THE BUSH,there,1
THE MISER IN THE BUSH,they,3
THE MISER IN THE BUSH,thing,1
THE MISER IN THE BUSH,things,1
THE MISER IN THE BUSH,third,1
THE MISER IN THE BUSH,thirdly,1
THE MISER IN THE BUSH,this,2
THE MISER IN THE BUSH,thorns,1
THE MISER IN THE BUSH,thou,2
THE MISER IN THE BUSH,thought,1
THE MISER IN THE BUSH,three,4
THE MISER IN THE BUSH,threepence,2
THE MISER IN THE BUSH,thrush,2
THE MISER IN THE BUSH,thus,1
THE MISER IN THE BUSH,thy,2
THE MISER IN THE BUSH,till,3
THE MISER IN THE BUSH,time,4
THE MISER IN THE BUSH,times,1
THE MISER IN THE BUSH,to,33
THE MISER IN THE BUSH,together,1
THE MISER IN THE BUSH,told,1
THE MISER IN THE BUSH,too,1
THE MISER IN THE BUSH,took,4
THE MISER IN THE BUSH,topmost,1
THE MISER IN THE BUSH,travel,1
THE MISER IN THE BUSH,travelled,1
THE MISER IN THE BUSH,tree,2
THE MISER IN THE BUSH,trick,1
THE MISER IN THE BUSH,tried,1
THE MISER IN THE BUSH,trouble,1
THE MISER IN THE BUSH,trust,1
THE MISER IN THE BUSH,tune,4
THE MISER IN THE BUSH,twig,1
THE MISER IN THE BUSH,up,9
THE MISER IN THE BUSH,upon,2
THE MISER IN THE BUSH,us,1
THE MISER IN THE BUSH,vagabond,1
THE MISER IN THE BUSH,valley,1
THE MISER IN THE BUSH,very,3
THE MISER IN THE BUSH,wages,1
THE MISER IN THE BUSH,was,11
THE MISER IN THE BUSH,way,2
THE MISER IN THE BUSH,went,3
THE MISER IN THE BUSH,were,2
THE MISER IN THE BUSH,what,7
THE MISER IN THE BUSH,whatever,1
THE MISER IN THE BUSH,when,2
THE MISER IN THE BUSH,where,1
THE MISER IN THE BUSH,wherever,1
THE MISER IN THE BUSH,while,1
THE MISER IN THE BUSH,whit,1
THE MISER IN THE BUSH,who,3
THE MISER IN THE BUSH,why,2
THE MISER IN THE BUSH,wide,1
THE MISER IN THE BUSH,will,8
THE MISER IN THE BUSH,wish,1
THE MISER IN THE BUSH,wishes,2
THE MISER IN THE BUSH,with,2
THE MISER IN THE BUSH,without,2
THE MISER IN THE BUSH,work,1
THE MISER IN THE BUSH,worked,2
THE MISER IN THE BUSH,world,1
THE MISER IN THE BUSH,would,3
THE MISER IN THE BUSH,wounded,1
THE MISER IN THE BUSH,year,1
THE MISER IN THE BUSH,years,2
THE MISER IN THE BUSH,you,11
THE MISER IN THE BUSH,your,2
"THE MOUSE, THE BIRD, AND THE SAUSAGE",a,12
"THE MOUSE, THE BIRD, AND THE SAUSAGE",able,1
"THE MOUSE, THE BIRD, AND THE SAUSAGE",about,1
"THE MOUSE, THE BIRD, AND THE SAUSAGE",across,1
"THE MOUSE, THE BIRD, AND THE SAUSAGE",add,1
"THE MOUSE, THE BIRD, AND THE SAUSAGE",after,2
"THE MOUSE, THE BIRD, AND THE SAUSAGE",agreed,1
"THE MOUSE, THE BIRD, AND THE SAUSAGE",alarm,1
"THE MOUSE, THE BIRD, AND THE SAUSAGE",all,3
"THE MOUSE, THE BIRD, AND THE SAUSAGE",already,1
"THE MOUSE, THE BIRD, AND THE SAUSAGE",also,1
"THE MOUSE, THE BIRD, AND THE SAUSAGE",always,1
"THE MOUSE, THE BIRD, AND THE SAUSAGE",among,2
"THE MOUSE, THE BIRD, AND THE SAUSAGE",and,48
"THE MOUSE, THE BIRD, AND THE SAUSAGE",another,1
"THE MOUSE, THE BIRD, AND THE SAUSAGE",answered,1
"THE MOUSE, THE BIRD, AND THE SAUSAGE",any,1
"THE MOUSE, THE BIRD, AND THE SAUSAGE",are,1
"THE MOUSE, THE BIRD, AND THE SAUSAGE",arrangements,1
"THE MOUSE, THE BIRD, AND THE SAUSAGE",arranging,1
"THE MOUSE, THE BIRD, AND THE SAUSAGE",as,5
"THE MOUSE, THE BIRD, AND THE SAUSAGE",aside,1
"THE MOUSE, THE BIRD, AND THE SAUSAGE",at,2
"THE MOUSE, THE BIRD, AND THE SAUSAGE",avail,1
"THE MOUSE, THE BIRD, AND THE SAUSAGE",away,1
"THE MOUSE, THE BIRD, AND THE SAUSAGE",barefaced,1
"THE MOUSE, THE BIRD, AND THE SAUSAGE",bargain,1
"THE MOUSE, THE BIRD, AND THE SAUSAGE",be,4
"THE MOUSE, THE BIRD, AND THE SAUSAGE",became,1
"THE MOUSE, THE BIRD, AND THE SAUSAGE",been,4
"THE MOUSE, THE BIRD, AND THE SAUSAGE",before,1
"THE MOUSE, THE BIRD, AND THE SAUSAGE",beg,1
"THE MOUSE, THE BIRD, AND THE SAUSAGE",began,1
"THE MOUSE, THE BIRD, AND THE SAUSAGE",begin,1
"THE MOUSE, THE BIRD, AND THE SAUSAGE",being,1
"THE MOUSE, THE BIRD, AND THE SAUSAGE",best,1
"THE MOUSE, THE BIRD, AND THE SAUSAGE",bird,15
"THE MOUSE, THE BIRD, AND THE SAUSAGE",blaze,1
"THE MOUSE, THE BIRD, AND THE SAUSAGE",boastfully,1
"THE MOUSE, THE BIRD, AND THE SAUSAGE",booty,1
"THE MOUSE, THE BIRD, AND THE SAUSAGE",both,1
"THE MOUSE, THE BIRD, AND THE SAUSAGE",bottom,1
"THE MOUSE, THE BIRD, AND THE SAUSAGE",bring,3
"THE MOUSE, THE BIRD, AND THE SAUSAGE",broth,1
"THE MOUSE, THE BIRD, AND THE SAUSAGE",burden,1
"THE MOUSE, THE BIRD, AND THE SAUSAGE",but,9
"THE MOUSE, THE BIRD, AND THE SAUSAGE",butter,1
"THE MOUSE, THE BIRD, AND THE SAUSAGE",buttered,1
"THE MOUSE, THE BIRD, AND THE SAUSAGE",by,2
"THE MOUSE, THE BIRD, AND THE SAUSAGE",called,1
"THE MOUSE, THE BIRD, AND THE SAUSAGE",came,4
"THE MOUSE, THE BIRD, AND THE SAUSAGE",carelessly,1
"THE MOUSE, THE BIRD, AND THE SAUSAGE",caught,1
"THE MOUSE, THE BIRD, AND THE SAUSAGE",change,1
"THE MOUSE, THE BIRD, AND THE SAUSAGE",comfort,1
"THE MOUSE, THE BIRD, AND THE SAUSAGE",complained,1
"THE MOUSE, THE BIRD, AND THE SAUSAGE",considerably,1
"THE MOUSE, THE BIRD, AND THE SAUSAGE",cook,3
"THE MOUSE, THE BIRD, AND THE SAUSAGE",cooked,1
"THE MOUSE, THE BIRD, AND THE SAUSAGE",cooking,1
"THE MOUSE, THE BIRD, AND THE SAUSAGE",could,3
"THE MOUSE, THE BIRD, AND THE SAUSAGE",credentials,1
"THE MOUSE, THE BIRD, AND THE SAUSAGE",daily,1
"THE MOUSE, THE BIRD, AND THE SAUSAGE",day,2
"THE MOUSE, THE BIRD, AND THE SAUSAGE",delightful,1
"THE MOUSE, THE BIRD, AND THE SAUSAGE",did,1
"THE MOUSE, THE BIRD, AND THE SAUSAGE",dinner,1
"THE MOUSE, THE BIRD, AND THE SAUSAGE",dinnertime,1
"THE MOUSE, THE BIRD, AND THE SAUSAGE",dog,3
"THE MOUSE, THE BIRD, AND THE SAUSAGE",down,2
"THE MOUSE, THE BIRD, AND THE SAUSAGE",drew,1
"THE MOUSE, THE BIRD, AND THE SAUSAGE",drowned,1
"THE MOUSE, THE BIRD, AND THE SAUSAGE",duty,1
"THE MOUSE, THE BIRD, AND THE SAUSAGE",enough,1
"THE MOUSE, THE BIRD, AND THE SAUSAGE",entered,1
"THE MOUSE, THE BIRD, AND THE SAUSAGE",excellence,1
"THE MOUSE, THE BIRD, AND THE SAUSAGE",expatiated,1
"THE MOUSE, THE BIRD, AND THE SAUSAGE",false,1
"THE MOUSE, THE BIRD, AND THE SAUSAGE",far,2
"THE MOUSE, THE BIRD, AND THE SAUSAGE",fell,2
"THE MOUSE, THE BIRD, AND THE SAUSAGE",fellow,1
"THE MOUSE, THE BIRD, AND THE SAUSAGE",fetch,2
"THE MOUSE, THE BIRD, AND THE SAUSAGE",fetched,2
"THE MOUSE, THE BIRD, AND THE SAUSAGE",fill,1
"THE MOUSE, THE BIRD, AND THE SAUSAGE",finished,1
"THE MOUSE, THE BIRD, AND THE SAUSAGE",fire,3
"THE MOUSE, THE BIRD, AND THE SAUSAGE",flew,2
"THE MOUSE, THE BIRD, AND THE SAUSAGE",floor,1
"THE MOUSE, THE BIRD, AND THE SAUSAGE",flown,1
"THE MOUSE, THE BIRD, AND THE SAUSAGE",flurry,1
"THE MOUSE, THE BIRD, AND THE SAUSAGE",fly,1
"THE MOUSE, THE BIRD, AND THE SAUSAGE",following,2
"THE MOUSE, THE BIRD, AND THE SAUSAGE",food,2
"THE MOUSE, THE BIRD, AND THE SAUSAGE",fool,1
"THE MOUSE, THE BIRD, AND THE SAUSAGE",for,6
"THE MOUSE, THE BIRD, AND THE SAUSAGE",forfeited,1
"THE MOUSE, THE BIRD, AND THE SAUSAGE",found,2
"THE MOUSE, THE BIRD, AND THE SAUSAGE",four,1
"THE MOUSE, THE BIRD, AND THE SAUSAGE",fuel,2
"THE MOUSE, THE BIRD, AND THE SAUSAGE",good,1
"THE MOUSE, THE BIRD, AND THE SAUSAGE",great,1
"THE MOUSE, THE BIRD, AND THE SAUSAGE",had,13
"THE MOUSE, THE BIRD, AND THE SAUSAGE",hair,1
"THE MOUSE, THE BIRD, AND THE SAUSAGE",happened,1
"THE MOUSE, THE BIRD, AND THE SAUSAGE",hard,1
"THE MOUSE, THE BIRD, AND THE SAUSAGE",hastened,1
"THE MOUSE, THE BIRD, AND THE SAUSAGE",having,2
"THE MOUSE, THE BIRD, AND THE SAUSAGE",he,14
"THE MOUSE, THE BIRD, AND THE SAUSAGE",heard,1
"THE MOUSE, THE BIRD, AND THE SAUSAGE",her,2
"THE MOUSE, THE BIRD, AND THE SAUSAGE",here,1
"THE MOUSE, THE BIRD, AND THE SAUSAGE",him,4
"THE MOUSE, THE BIRD, AND THE SAUSAGE",himself,2
"THE MOUSE, THE BIRD, AND THE SAUSAGE",his,6
"THE MOUSE, THE BIRD, AND THE SAUSAGE",home,3
"THE MOUSE, THE BIRD, AND THE SAUSAGE",house,1
"THE MOUSE, THE BIRD, AND THE SAUSAGE",household,1
"THE MOUSE, THE BIRD, AND THE SAUSAGE",however,1
"THE MOUSE, THE BIRD, AND THE SAUSAGE",in,11
"THE MOUSE, THE BIRD, AND THE SAUSAGE",influenced,1
"THE MOUSE, THE BIRD, AND THE SAUSAGE",into,7
"THE MOUSE, THE BIRD, AND THE SAUSAGE",it,9
"THE MOUSE, THE BIRD, AND THE SAUSAGE",jumped,1
"THE MOUSE, THE BIRD, AND THE SAUSAGE",just,1
"THE MOUSE, THE BIRD, AND THE SAUSAGE",laid,1
"THE MOUSE, THE BIRD, AND THE SAUSAGE",legitimate,1
"THE MOUSE, THE BIRD, AND THE SAUSAGE",life,3
"THE MOUSE, THE BIRD, AND THE SAUSAGE",little,1
"THE MOUSE, THE BIRD, AND THE SAUSAGE",lived,1
"THE MOUSE, THE BIRD, AND THE SAUSAGE",long,5
"THE MOUSE, THE BIRD, AND THE SAUSAGE",looked,1
"THE MOUSE, THE BIRD, AND THE SAUSAGE",lots,1
"THE MOUSE, THE BIRD, AND THE SAUSAGE",made,3
"THE MOUSE, THE BIRD, AND THE SAUSAGE",make,2
"THE MOUSE, THE BIRD, AND THE SAUSAGE",master,1
"THE MOUSE, THE BIRD, AND THE SAUSAGE",meal,1
"THE MOUSE, THE BIRD, AND THE SAUSAGE",meet,1
"THE MOUSE, THE BIRD, AND THE SAUSAGE",met,2
"THE MOUSE, THE BIRD, AND THE SAUSAGE",might,1
"THE MOUSE, THE BIRD, AND THE SAUSAGE",morning,2
"THE MOUSE, THE BIRD, AND THE SAUSAGE",mouse,8
"THE MOUSE, THE BIRD, AND THE SAUSAGE",near,1
"THE MOUSE, THE BIRD, AND THE SAUSAGE",new,1
"THE MOUSE, THE BIRD, AND THE SAUSAGE",next,1
"THE MOUSE, THE BIRD, AND THE SAUSAGE",no,2
"THE MOUSE, THE BIRD, AND THE SAUSAGE",not,2
"THE MOUSE, THE BIRD, AND THE SAUSAGE",nothing,1
"THE MOUSE, THE BIRD, AND THE SAUSAGE",now,3
"THE MOUSE, THE BIRD, AND THE SAUSAGE",nowhere,1
"THE MOUSE, THE BIRD, AND THE SAUSAGE",of,10
"THE MOUSE, THE BIRD, AND THE SAUSAGE",off,1
"THE MOUSE, THE BIRD, AND THE SAUSAGE",on,3
"THE MOUSE, THE BIRD, AND THE SAUSAGE",once,1
"THE MOUSE, THE BIRD, AND THE SAUSAGE",one,2
"THE MOUSE, THE BIRD, AND THE SAUSAGE",only,2
"THE MOUSE, THE BIRD, AND THE SAUSAGE",or,2
"THE MOUSE, THE BIRD, AND THE SAUSAGE",other,3
"THE MOUSE, THE BIRD, AND THE SAUSAGE",others,1
"THE MOUSE, THE BIRD, AND THE SAUSAGE",out,4
"THE MOUSE, THE BIRD, AND THE SAUSAGE",pail,1
"THE MOUSE, THE BIRD, AND THE SAUSAGE",parted,1
"THE MOUSE, THE BIRD, AND THE SAUSAGE",partnership,1
"THE MOUSE, THE BIRD, AND THE SAUSAGE",pass,1
"THE MOUSE, THE BIRD, AND THE SAUSAGE",people,1
"THE MOUSE, THE BIRD, AND THE SAUSAGE",picked,1
"THE MOUSE, THE BIRD, AND THE SAUSAGE",poor,1
"THE MOUSE, THE BIRD, AND THE SAUSAGE",pot,3
"THE MOUSE, THE BIRD, AND THE SAUSAGE",pray,1
"THE MOUSE, THE BIRD, AND THE SAUSAGE",prepare,1
"THE MOUSE, THE BIRD, AND THE SAUSAGE",presently,1
"THE MOUSE, THE BIRD, AND THE SAUSAGE",properly,1
"THE MOUSE, THE BIRD, AND THE SAUSAGE",prospered,1
"THE MOUSE, THE BIRD, AND THE SAUSAGE",put,1
"THE MOUSE, THE BIRD, AND THE SAUSAGE",reached,1
"THE MOUSE, THE BIRD, AND THE SAUSAGE",ready,1
"THE MOUSE, THE BIRD, AND THE SAUSAGE",really,1
"THE MOUSE, THE BIRD, AND THE SAUSAGE",reason,1
"THE MOUSE, THE BIRD, AND THE SAUSAGE",recover,1
"THE MOUSE, THE BIRD, AND THE SAUSAGE",refused,1
"THE MOUSE, THE BIRD, AND THE SAUSAGE",regarded,1
"THE MOUSE, THE BIRD, AND THE SAUSAGE",remain,1
"THE MOUSE, THE BIRD, AND THE SAUSAGE",remained,2
"THE MOUSE, THE BIRD, AND THE SAUSAGE",remarks,1
"THE MOUSE, THE BIRD, AND THE SAUSAGE",rest,1
"THE MOUSE, THE BIRD, AND THE SAUSAGE",retire,1
"THE MOUSE, THE BIRD, AND THE SAUSAGE",returned,1
"THE MOUSE, THE BIRD, AND THE SAUSAGE",robbery,1
"THE MOUSE, THE BIRD, AND THE SAUSAGE",rolled,1
"THE MOUSE, THE BIRD, AND THE SAUSAGE",rolling,1
"THE MOUSE, THE BIRD, AND THE SAUSAGE",room,1
"THE MOUSE, THE BIRD, AND THE SAUSAGE",s,1
"THE MOUSE, THE BIRD, AND THE SAUSAGE",sadly,1
"THE MOUSE, THE BIRD, AND THE SAUSAGE",said,1
"THE MOUSE, THE BIRD, AND THE SAUSAGE",salt,1
"THE MOUSE, THE BIRD, AND THE SAUSAGE",salted,1
"THE MOUSE, THE BIRD, AND THE SAUSAGE",same,1
"THE MOUSE, THE BIRD, AND THE SAUSAGE",sat,1
"THE MOUSE, THE BIRD, AND THE SAUSAGE",sausage,11
"THE MOUSE, THE BIRD, AND THE SAUSAGE",saw,1
"THE MOUSE, THE BIRD, AND THE SAUSAGE",search,1
"THE MOUSE, THE BIRD, AND THE SAUSAGE",searched,1
"THE MOUSE, THE BIRD, AND THE SAUSAGE",see,2
"THE MOUSE, THE BIRD, AND THE SAUSAGE",seen,1
"THE MOUSE, THE BIRD, AND THE SAUSAGE",seized,1
"THE MOUSE, THE BIRD, AND THE SAUSAGE",servant,1
"THE MOUSE, THE BIRD, AND THE SAUSAGE",serve,1
"THE MOUSE, THE BIRD, AND THE SAUSAGE",served,1
"THE MOUSE, THE BIRD, AND THE SAUSAGE",set,3
"THE MOUSE, THE BIRD, AND THE SAUSAGE",she,4
"THE MOUSE, THE BIRD, AND THE SAUSAGE",short,1
"THE MOUSE, THE BIRD, AND THE SAUSAGE",simpleton,1
"THE MOUSE, THE BIRD, AND THE SAUSAGE",situation,1
"THE MOUSE, THE BIRD, AND THE SAUSAGE",skin,1
"THE MOUSE, THE BIRD, AND THE SAUSAGE",sleep,1
"THE MOUSE, THE BIRD, AND THE SAUSAGE",sneered,1
"THE MOUSE, THE BIRD, AND THE SAUSAGE",so,5
"THE MOUSE, THE BIRD, AND THE SAUSAGE",some,3
"THE MOUSE, THE BIRD, AND THE SAUSAGE",something,1
"THE MOUSE, THE BIRD, AND THE SAUSAGE",started,1
"THE MOUSE, THE BIRD, AND THE SAUSAGE",stayed,1
"THE MOUSE, THE BIRD, AND THE SAUSAGE",stopped,1
"THE MOUSE, THE BIRD, AND THE SAUSAGE",stores,1
"THE MOUSE, THE BIRD, AND THE SAUSAGE",swallowed,1
"THE MOUSE, THE BIRD, AND THE SAUSAGE",table,3
"THE MOUSE, THE BIRD, AND THE SAUSAGE",telling,1
"THE MOUSE, THE BIRD, AND THE SAUSAGE",that,9
"THE MOUSE, THE BIRD, AND THE SAUSAGE",the,73
"THE MOUSE, THE BIRD, AND THE SAUSAGE",their,4
"THE MOUSE, THE BIRD, AND THE SAUSAGE",them,1
"THE MOUSE, THE BIRD, AND THE SAUSAGE",then,3
"THE MOUSE, THE BIRD, AND THE SAUSAGE",there,2
"THE MOUSE, THE BIRD, AND THE SAUSAGE",therefore,1
"THE MOUSE, THE BIRD, AND THE SAUSAGE",these,1
"THE MOUSE, THE BIRD, AND THE SAUSAGE",they,9
"THE MOUSE, THE BIRD, AND THE SAUSAGE",things,1
"THE MOUSE, THE BIRD, AND THE SAUSAGE",this,1
"THE MOUSE, THE BIRD, AND THE SAUSAGE",those,1
"THE MOUSE, THE BIRD, AND THE SAUSAGE",three,1
"THE MOUSE, THE BIRD, AND THE SAUSAGE",threw,2
"THE MOUSE, THE BIRD, AND THE SAUSAGE",thrown,1
"THE MOUSE, THE BIRD, AND THE SAUSAGE",till,2
"THE MOUSE, THE BIRD, AND THE SAUSAGE",time,5
"THE MOUSE, THE BIRD, AND THE SAUSAGE",times,1
"THE MOUSE, THE BIRD, AND THE SAUSAGE",to,34
"THE MOUSE, THE BIRD, AND THE SAUSAGE",together,1
"THE MOUSE, THE BIRD, AND THE SAUSAGE",told,1
"THE MOUSE, THE BIRD, AND THE SAUSAGE",too,1
"THE MOUSE, THE BIRD, AND THE SAUSAGE",try,1
"THE MOUSE, THE BIRD, AND THE SAUSAGE",two,2
"THE MOUSE, THE BIRD, AND THE SAUSAGE",unable,1
"THE MOUSE, THE BIRD, AND THE SAUSAGE",uneasy,1
"THE MOUSE, THE BIRD, AND THE SAUSAGE",unhappy,1
"THE MOUSE, THE BIRD, AND THE SAUSAGE",until,1
"THE MOUSE, THE BIRD, AND THE SAUSAGE",up,3
"THE MOUSE, THE BIRD, AND THE SAUSAGE",upon,1
"THE MOUSE, THE BIRD, AND THE SAUSAGE",use,1
"THE MOUSE, THE BIRD, AND THE SAUSAGE",vegetables,2
"THE MOUSE, THE BIRD, AND THE SAUSAGE",venture,1
"THE MOUSE, THE BIRD, AND THE SAUSAGE",very,2
"THE MOUSE, THE BIRD, AND THE SAUSAGE",waited,1
"THE MOUSE, THE BIRD, AND THE SAUSAGE",wanted,1
"THE MOUSE, THE BIRD, AND THE SAUSAGE",was,12
"THE MOUSE, THE BIRD, AND THE SAUSAGE",watch,1
"THE MOUSE, THE BIRD, AND THE SAUSAGE",water,4
"THE MOUSE, THE BIRD, AND THE SAUSAGE",way,2
"THE MOUSE, THE BIRD, AND THE SAUSAGE",well,3
"THE MOUSE, THE BIRD, AND THE SAUSAGE",went,1
"THE MOUSE, THE BIRD, AND THE SAUSAGE",were,2
"THE MOUSE, THE BIRD, AND THE SAUSAGE",what,1
"THE MOUSE, THE BIRD, AND THE SAUSAGE",when,6
"THE MOUSE, THE BIRD, AND THE SAUSAGE",while,2
"THE MOUSE, THE BIRD, AND THE SAUSAGE",who,2
"THE MOUSE, THE BIRD, AND THE SAUSAGE",whom,1
"THE MOUSE, THE BIRD, AND THE SAUSAGE",wishing,1
"THE MOUSE, THE BIRD, AND THE SAUSAGE",with,4
"THE MOUSE, THE BIRD, AND THE SAUSAGE",wood,7
"THE MOUSE, THE BIRD, AND THE SAUSAGE",work,2
THE OLD MAN AND HIS GRANDSON,a,6
THE OLD MAN AND HIS GRANDSON,always,1
THE OLD MAN AND HIS GRANDSON,am,2
THE OLD MAN AND HIS GRANDSON,an,1
THE OLD MAN AND HIS GRANDSON,and,14
THE OLD MAN AND HIS GRANDSON,answered,1
THE OLD MAN AND HIS GRANDSON,anything,1
THE OLD MAN AND HIS GRANDSON,are,1
THE OLD MAN AND HIS GRANDSON,asked,1
THE OLD MAN AND HIS GRANDSON,at,4
THE OLD MAN AND HIS GRANDSON,become,1
THE OLD MAN AND HIS GRANDSON,began,2
THE OLD MAN AND HIS GRANDSON,behind,1
THE OLD MAN AND HIS GRANDSON,big,1
THE OLD MAN AND HIS GRANDSON,bits,1
THE OLD MAN AND HIS GRANDSON,bowl,3
THE OLD MAN AND HIS GRANDSON,broke,1
THE OLD MAN AND HIS GRANDSON,broth,1
THE OLD MAN AND HIS GRANDSON,brought,1
THE OLD MAN AND HIS GRANDSON,but,1
THE OLD MAN AND HIS GRANDSON,child,1
THE OLD MAN AND HIS GRANDSON,corner,1
THE OLD MAN AND HIS GRANDSON,could,2
THE OLD MAN AND HIS GRANDSON,cry,1
THE OLD MAN AND HIS GRANDSON,did,1
THE OLD MAN AND HIS GRANDSON,dim,1
THE OLD MAN AND HIS GRANDSON,disgusted,1
THE OLD MAN AND HIS GRANDSON,doing,1
THE OLD MAN AND HIS GRANDSON,dull,1
THE OLD MAN AND HIS GRANDSON,each,1
THE OLD MAN AND HIS GRANDSON,ears,1
THE OLD MAN AND HIS GRANDSON,earthenware,1
THE OLD MAN AND HIS GRANDSON,eat,3
THE OLD MAN AND HIS GRANDSON,enough,1
THE OLD MAN AND HIS GRANDSON,even,1
THE OLD MAN AND HIS GRANDSON,eyes,2
THE OLD MAN AND HIS GRANDSON,father,2
THE OLD MAN AND HIS GRANDSON,fell,1
THE OLD MAN AND HIS GRANDSON,few,1
THE OLD MAN AND HIS GRANDSON,food,1
THE OLD MAN AND HIS GRANDSON,for,3
THE OLD MAN AND HIS GRANDSON,four,1
THE OLD MAN AND HIS GRANDSON,full,1
THE OLD MAN AND HIS GRANDSON,gather,1
THE OLD MAN AND HIS GRANDSON,gave,1
THE OLD MAN AND HIS GRANDSON,grandfather,2
THE OLD MAN AND HIS GRANDSON,grandson,1
THE OLD MAN AND HIS GRANDSON,ground,2
THE OLD MAN AND HIS GRANDSON,had,3
THE OLD MAN AND HIS GRANDSON,halfpence,1
THE OLD MAN AND HIS GRANDSON,hands,1
THE OLD MAN AND HIS GRANDSON,hardly,1
THE OLD MAN AND HIS GRANDSON,he,6
THE OLD MAN AND HIS GRANDSON,hearing,1
THE OLD MAN AND HIS GRANDSON,henceforth,1
THE OLD MAN AND HIS GRANDSON,him,4
THE OLD MAN AND HIS GRANDSON,his,9
THE OLD MAN AND HIS GRANDSON,hold,2
THE OLD MAN AND HIS GRANDSON,i,2
THE OLD MAN AND HIS GRANDSON,if,1
THE OLD MAN AND HIS GRANDSON,in,2
THE OLD MAN AND HIS GRANDSON,it,3
THE OLD MAN AND HIS GRANDSON,knees,1
THE OLD MAN AND HIS GRANDSON,last,1
THE OLD MAN AND HIS GRANDSON,let,2
THE OLD MAN AND HIS GRANDSON,likewise,1
THE OLD MAN AND HIS GRANDSON,little,3
THE OLD MAN AND HIS GRANDSON,look,1
THE OLD MAN AND HIS GRANDSON,looked,1
THE OLD MAN AND HIS GRANDSON,making,1
THE OLD MAN AND HIS GRANDSON,man,2
THE OLD MAN AND HIS GRANDSON,mother,1
THE OLD MAN AND HIS GRANDSON,mouth,1
THE OLD MAN AND HIS GRANDSON,not,2
THE OLD MAN AND HIS GRANDSON,nothing,2
THE OLD MAN AND HIS GRANDSON,of,9
THE OLD MAN AND HIS GRANDSON,old,4
THE OLD MAN AND HIS GRANDSON,once,3
THE OLD MAN AND HIS GRANDSON,only,1
THE OLD MAN AND HIS GRANDSON,or,1
THE OLD MAN AND HIS GRANDSON,other,1
THE OLD MAN AND HIS GRANDSON,out,3
THE OLD MAN AND HIS GRANDSON,presently,1
THE OLD MAN AND HIS GRANDSON,run,1
THE OLD MAN AND HIS GRANDSON,s,1
THE OLD MAN AND HIS GRANDSON,said,2
THE OLD MAN AND HIS GRANDSON,sat,1
THE OLD MAN AND HIS GRANDSON,scolded,1
THE OLD MAN AND HIS GRANDSON,sighed,1
THE OLD MAN AND HIS GRANDSON,sit,1
THE OLD MAN AND HIS GRANDSON,sitting,1
THE OLD MAN AND HIS GRANDSON,so,1
THE OLD MAN AND HIS GRANDSON,some,1
THE OLD MAN AND HIS GRANDSON,son,2
THE OLD MAN AND HIS GRANDSON,spill,1
THE OLD MAN AND HIS GRANDSON,spilt,1
THE OLD MAN AND HIS GRANDSON,spoon,1
THE OLD MAN AND HIS GRANDSON,stove,1
THE OLD MAN AND HIS GRANDSON,table,3
THE OLD MAN AND HIS GRANDSON,tablecloth,1
THE OLD MAN AND HIS GRANDSON,tears,1
THE OLD MAN AND HIS GRANDSON,the,17
THE OLD MAN AND HIS GRANDSON,them,1
THE OLD MAN AND HIS GRANDSON,then,2
THE OLD MAN AND HIS GRANDSON,there,2
THE OLD MAN AND HIS GRANDSON,they,4
THE OLD MAN AND HIS GRANDSON,this,1
THE OLD MAN AND HIS GRANDSON,thus,1
THE OLD MAN AND HIS GRANDSON,to,8
THE OLD MAN AND HIS GRANDSON,together,1
THE OLD MAN AND HIS GRANDSON,too,1
THE OLD MAN AND HIS GRANDSON,took,1
THE OLD MAN AND HIS GRANDSON,towards,1
THE OLD MAN AND HIS GRANDSON,trembled,1
THE OLD MAN AND HIS GRANDSON,trembling,1
THE OLD MAN AND HIS GRANDSON,trough,1
THE OLD MAN AND HIS GRANDSON,upon,2
THE OLD MAN AND HIS GRANDSON,used,1
THE OLD MAN AND HIS GRANDSON,very,1
THE OLD MAN AND HIS GRANDSON,was,1
THE OLD MAN AND HIS GRANDSON,were,2
THE OLD MAN AND HIS GRANDSON,what,1
THE OLD MAN AND HIS GRANDSON,when,3
THE OLD MAN AND HIS GRANDSON,which,1
THE OLD MAN AND HIS GRANDSON,while,1
THE OLD MAN AND HIS GRANDSON,whose,1
THE OLD MAN AND HIS GRANDSON,wife,3
THE OLD MAN AND HIS GRANDSON,with,2
THE OLD MAN AND HIS GRANDSON,wood,1
THE OLD MAN AND HIS GRANDSON,wooden,1
THE OLD MAN AND HIS GRANDSON,years,1
THE OLD MAN AND HIS GRANDSON,you,1
THE OLD MAN AND HIS GRANDSON,young,1
THE PINK,a,39
THE PINK,able,1
THE PINK,accused,1
THE PINK,after,3
THE PINK,afterwards,1
THE PINK,again,1
THE PINK,aged,1
THE PINK,ah,1
THE PINK,alive,7
THE PINK,all,7
THE PINK,allowed,1
THE PINK,alone,1
THE PINK,already,1
THE PINK,am,7
THE PINK,an,2
THE PINK,and,109
THE PINK,angel,1
THE PINK,angels,3
THE PINK,announced,1
THE PINK,answered,1
THE PINK,any,2
THE PINK,anyone,1
THE PINK,apron,4
THE PINK,are,5
THE PINK,arms,3
THE PINK,arose,1
THE PINK,as,9
THE PINK,aside,1
THE PINK,ask,1
THE PINK,asked,2
THE PINK,asleep,3
THE PINK,assembled,1
THE PINK,at,7
THE PINK,ate,2
THE PINK,attendants,1
THE PINK,away,6
THE PINK,back,1
THE PINK,bade,1
THE PINK,be,14
THE PINK,beasts,5
THE PINK,beautiful,7
THE PINK,become,2
THE PINK,bed,2
THE PINK,before,2
THE PINK,began,2
THE PINK,begin,1
THE PINK,believed,1
THE PINK,beloved,1
THE PINK,bestow,1
THE PINK,big,1
THE PINK,birth,1
THE PINK,black,1
THE PINK,blood,4
THE PINK,body,1
THE PINK,boy,6
THE PINK,bring,4
THE PINK,broke,1
THE PINK,brought,6
THE PINK,built,1
THE PINK,buried,1
THE PINK,burning,1
THE PINK,burst,2
THE PINK,but,11
THE PINK,by,7
THE PINK,came,4
THE PINK,carried,3
THE PINK,carts,1
THE PINK,cast,1
THE PINK,caused,2
THE PINK,changed,2
THE PINK,chicken,1
THE PINK,child,6
THE PINK,children,1
THE PINK,circle,2
THE PINK,clear,1
THE PINK,clever,1
THE PINK,clothes,1
THE PINK,coals,3
THE PINK,collar,3
THE PINK,come,2
THE PINK,coming,1
THE PINK,commanded,1
THE PINK,companion,1
THE PINK,compelled,1
THE PINK,confined,1
THE PINK,consumed,1
THE PINK,cook,8
THE PINK,cooks,1
THE PINK,cost,1
THE PINK,could,7
THE PINK,country,4
THE PINK,cried,1
THE PINK,cut,1
THE PINK,daughter,1
THE PINK,day,4
THE PINK,days,1
THE PINK,dead,1
THE PINK,dear,2
THE PINK,dearest,1
THE PINK,deck,1
THE PINK,deepest,1
THE PINK,deer,2
THE PINK,depended,1
THE PINK,descended,1
THE PINK,devour,1
THE PINK,did,4
THE PINK,die,1
THE PINK,died,3
THE PINK,district,1
THE PINK,do,6
THE PINK,dog,4
THE PINK,done,1
THE PINK,doves,2
THE PINK,down,1
THE PINK,draw,1
THE PINK,dress,1
THE PINK,drink,1
THE PINK,driven,1
THE PINK,dropped,1
THE PINK,dungeon,1
THE PINK,each,2
THE PINK,easily,1
THE PINK,eat,2
THE PINK,eaten,1
THE PINK,else,1
THE PINK,end,1
THE PINK,enough,1
THE PINK,entire,1
THE PINK,equal,1
THE PINK,every,2
THE PINK,everything,1
THE PINK,excuse,1
THE PINK,faring,1
THE PINK,father,5
THE PINK,feast,1
THE PINK,fell,3
THE PINK,felt,1
THE PINK,fetch,1
THE PINK,filled,1
THE PINK,flames,3
THE PINK,flew,1
THE PINK,flower,2
THE PINK,followed,1
THE PINK,food,2
THE PINK,for,15
THE PINK,forest,1
THE PINK,form,4
THE PINK,formed,1
THE PINK,forth,4
THE PINK,four,1
THE PINK,free,2
THE PINK,from,9
THE PINK,further,1
THE PINK,game,3
THE PINK,garden,3
THE PINK,gave,1
THE PINK,get,2
THE PINK,girl,2
THE PINK,given,1
THE PINK,gladness,1
THE PINK,go,4
THE PINK,god,5
THE PINK,gold,2
THE PINK,golden,1
THE PINK,gone,1
THE PINK,gracious,3
THE PINK,grave,1
THE PINK,great,4
THE PINK,grief,1
THE PINK,had,17
THE PINK,hand,1
THE PINK,happened,1
THE PINK,happily,1
THE PINK,hardly,1
THE PINK,harmed,1
THE PINK,has,4
THE PINK,have,8
THE PINK,having,2
THE PINK,he,46
THE PINK,heart,5
THE PINK,hearts,1
THE PINK,heaven,4
THE PINK,hen,1
THE PINK,her,29
THE PINK,here,3
THE PINK,herself,1
THE PINK,high,2
THE PINK,him,19
THE PINK,himself,3
THE PINK,hind,1
THE PINK,his,22
THE PINK,home,2
THE PINK,household,1
THE PINK,how,2
THE PINK,however,2
THE PINK,hundred,1
THE PINK,hunger,1
THE PINK,hunting,1
THE PINK,huntsman,7
THE PINK,huntsmen,2
THE PINK,i,17
THE PINK,if,9
THE PINK,immediately,2
THE PINK,in,22
THE PINK,innocent,1
THE PINK,inside,2
THE PINK,insisted,1
THE PINK,into,14
THE PINK,is,8
THE PINK,it,21
THE PINK,its,2
THE PINK,joy,1
THE PINK,joyful,1
THE PINK,joyously,1
THE PINK,just,1
THE PINK,kept,1
THE PINK,kill,1
THE PINK,killed,1
THE PINK,king,22
THE PINK,knew,1
THE PINK,knife,2
THE PINK,known,1
THE PINK,ladder,1
THE PINK,lady,1
THE PINK,laid,1
THE PINK,land,1
THE PINK,led,1
THE PINK,left,1
THE PINK,length,1
THE PINK,let,1
THE PINK,lie,1
THE PINK,life,3
THE PINK,like,3
THE PINK,little,2
THE PINK,live,3
THE PINK,lived,1
THE PINK,living,1
THE PINK,long,1
THE PINK,longer,1
THE PINK,look,1
THE PINK,looked,1
THE PINK,looking,1
THE PINK,lord,2
THE PINK,lose,1
THE PINK,loved,1
THE PINK,lying,1
THE PINK,made,3
THE PINK,maiden,5
THE PINK,majesty,2
THE PINK,man,2
THE PINK,married,1
THE PINK,marshal,1
THE PINK,me,12
THE PINK,meat,1
THE PINK,merciful,1
THE PINK,might,4
THE PINK,moon,1
THE PINK,more,5
THE PINK,morning,2
THE PINK,most,1
THE PINK,mother,4
THE PINK,mounted,1
THE PINK,mouth,1
THE PINK,much,1
THE PINK,murder,1
THE PINK,must,1
THE PINK,my,2
THE PINK,named,1
THE PINK,neck,2
THE PINK,neither,1
THE PINK,never,3
THE PINK,next,2
THE PINK,no,2
THE PINK,nobleman,1
THE PINK,none,1
THE PINK,nor,1
THE PINK,not,10
THE PINK,nothing,1
THE PINK,now,3
THE PINK,nurse,1
THE PINK,obliged,1
THE PINK,occurred,1
THE PINK,of,19
THE PINK,off,1
THE PINK,offer,1
THE PINK,old,6
THE PINK,older,1
THE PINK,on,11
THE PINK,once,5
THE PINK,one,4
THE PINK,open,1
THE PINK,or,7
THE PINK,ordered,5
THE PINK,other,2
THE PINK,out,4
THE PINK,over,2
THE PINK,own,6
THE PINK,painted,1
THE PINK,painter,2
THE PINK,palace,2
THE PINK,part,1
THE PINK,parted,1
THE PINK,passion,2
THE PINK,peril,1
THE PINK,perished,1
THE PINK,pertains,1
THE PINK,pieces,3
THE PINK,pink,2
THE PINK,place,1
THE PINK,placed,2
THE PINK,plate,2
THE PINK,played,1
THE PINK,plunge,1
THE PINK,pocket,2
THE PINK,poodle,3
THE PINK,poor,1
THE PINK,possibly,1
THE PINK,power,3
THE PINK,prayed,1
THE PINK,pretty,1
THE PINK,principal,1
THE PINK,procure,1
THE PINK,promised,1
THE PINK,pronounce,1
THE PINK,provide,1
THE PINK,put,1
THE PINK,quarters,1
THE PINK,queen,7
THE PINK,quilt,1
THE PINK,quite,1
THE PINK,ran,1
THE PINK,reach,1
THE PINK,reached,1
THE PINK,remained,1
THE PINK,replied,4
THE PINK,rest,1
THE PINK,returned,1
THE PINK,round,2
THE PINK,royal,3
THE PINK,run,1
THE PINK,running,1
THE PINK,s,9
THE PINK,said,22
THE PINK,satisfied,1
THE PINK,saw,3
THE PINK,scarcely,1
THE PINK,seated,1
THE PINK,secret,1
THE PINK,see,3
THE PINK,seem,1
THE PINK,seen,2
THE PINK,sent,2
THE PINK,sentence,1
THE PINK,servants,1
THE PINK,service,1
THE PINK,set,2
THE PINK,seven,2
THE PINK,shall,9
THE PINK,shape,2
THE PINK,she,29
THE PINK,shed,1
THE PINK,short,1
THE PINK,shot,1
THE PINK,should,3
THE PINK,show,2
THE PINK,side,1
THE PINK,sight,1
THE PINK,sinner,1
THE PINK,sit,2
THE PINK,sitting,1
THE PINK,sixty,1
THE PINK,skilful,1
THE PINK,so,12
THE PINK,some,3
THE PINK,son,13
THE PINK,soon,3
THE PINK,speak,2
THE PINK,spoke,1
THE PINK,spoken,1
THE PINK,sprinkled,1
THE PINK,stationed,1
THE PINK,stay,1
THE PINK,still,8
THE PINK,stole,1
THE PINK,stood,3
THE PINK,strange,2
THE PINK,stream,1
THE PINK,such,1
THE PINK,suckle,1
THE PINK,summoned,1
THE PINK,sun,1
THE PINK,supported,1
THE PINK,table,4
THE PINK,taken,2
THE PINK,tenderly,1
THE PINK,than,2
THE PINK,that,17
THE PINK,the,117
THE PINK,their,2
THE PINK,them,5
THE PINK,themselves,1
THE PINK,then,15
THE PINK,there,7
THE PINK,thereupon,2
THE PINK,these,3
THE PINK,they,4
THE PINK,this,4
THE PINK,though,1
THE PINK,thought,5
THE PINK,three,1
THE PINK,threw,1
THE PINK,throat,3
THE PINK,thrust,1
THE PINK,thus,1
THE PINK,thy,1
THE PINK,tidings,1
THE PINK,till,1
THE PINK,time,2
THE PINK,to,61
THE PINK,together,3
THE PINK,told,1
THE PINK,tongue,3
THE PINK,tonight,1
THE PINK,took,5
THE PINK,top,1
THE PINK,tore,1
THE PINK,torn,3
THE PINK,tower,7
THE PINK,trouble,1
THE PINK,true,1
THE PINK,twice,1
THE PINK,two,6
THE PINK,unknown,1
THE PINK,until,4
THE PINK,up,6
THE PINK,upon,1
THE PINK,use,1
THE PINK,very,2
THE PINK,waitingmaids,1
THE PINK,walled,1
THE PINK,want,1
THE PINK,was,24
THE PINK,washed,1
THE PINK,way,1
THE PINK,we,1
THE PINK,well,1
THE PINK,went,11
THE PINK,were,11
THE PINK,what,1
THE PINK,whatsoever,1
THE PINK,when,14
THE PINK,where,5
THE PINK,whether,1
THE PINK,which,6
THE PINK,while,2
THE PINK,whilst,1
THE PINK,white,3
THE PINK,who,7
THE PINK,whom,3
THE PINK,why,2
THE PINK,wicked,1
THE PINK,wife,1
THE PINK,wild,5
THE PINK,will,10
THE PINK,willing,1
THE PINK,wish,5
THE PINK,wished,7
THE PINK,wishes,1
THE PINK,wishing,3
THE PINK,with,17
THE PINK,without,1
THE PINK,wondered,1
THE PINK,words,2
THE PINK,world,1
THE PINK,would,5
THE PINK,wretch,3
THE PINK,years,3
THE PINK,yes,2
THE PINK,you,21
THE PINK,your,9
THE PINK,yourself,1
THE QUEEN BEE,a,20
THE QUEEN BEE,about,3
THE QUEEN BEE,account,1
THE QUEEN BEE,after,1
THE QUEEN BEE,again,1
THE QUEEN BEE,alike,1
THE QUEEN BEE,all,10
THE QUEEN BEE,an,2
THE QUEEN BEE,and,41
THE QUEEN BEE,anthill,1
THE QUEEN BEE,ants,3
THE QUEEN BEE,as,5
THE QUEEN BEE,at,6
THE QUEEN BEE,awoke,1
THE QUEEN BEE,back,1
THE QUEEN BEE,be,6
THE QUEEN BEE,beautiful,2
THE QUEEN BEE,bedchamber,2
THE QUEEN BEE,been,3
THE QUEEN BEE,bees,3
THE QUEEN BEE,before,1
THE QUEEN BEE,belonging,1
THE QUEEN BEE,best,2
THE QUEEN BEE,better,1
THE QUEEN BEE,bottom,1
THE QUEEN BEE,brink,1
THE QUEEN BEE,broken,1
THE QUEEN BEE,brother,3
THE QUEEN BEE,brothers,6
THE QUEEN BEE,brought,1
THE QUEEN BEE,burn,1
THE QUEEN BEE,but,15
THE QUEEN BEE,by,4
THE QUEEN BEE,called,2
THE QUEEN BEE,came,12
THE QUEEN BEE,can,1
THE QUEEN BEE,carry,1
THE QUEEN BEE,castle,2
THE QUEEN BEE,catch,1
THE QUEEN BEE,choose,1
THE QUEEN BEE,containing,1
THE QUEEN BEE,could,3
THE QUEEN BEE,covered,1
THE QUEEN BEE,cried,1
THE QUEEN BEE,daughter,1
THE QUEEN BEE,daughters,1
THE QUEEN BEE,day,2
THE QUEEN BEE,death,1
THE QUEEN BEE,did,1
THE QUEEN BEE,disenchanted,1
THE QUEEN BEE,dived,1
THE QUEEN BEE,door,2
THE QUEEN BEE,down,4
THE QUEEN BEE,drunk,1
THE QUEEN BEE,ducks,2
THE QUEEN BEE,dwarf,9
THE QUEEN BEE,each,1
THE QUEEN BEE,eaten,4
THE QUEEN BEE,eggs,1
THE QUEEN BEE,elder,1
THE QUEEN BEE,eldest,3
THE QUEEN BEE,enjoy,3
THE QUEEN BEE,evening,1
THE QUEEN BEE,exactly,1
THE QUEEN BEE,father,1
THE QUEEN BEE,fell,1
THE QUEEN BEE,find,2
THE QUEEN BEE,fine,1
THE QUEEN BEE,fire,2
THE QUEEN BEE,first,3
THE QUEEN BEE,fished,1
THE QUEEN BEE,five,1
THE QUEEN BEE,foolish,1
THE QUEEN BEE,for,3
THE QUEEN BEE,foretold,1
THE QUEEN BEE,forms,1
THE QUEEN BEE,fortunes,1
THE QUEEN BEE,found,4
THE QUEEN BEE,fright,1
THE QUEEN BEE,from,2
THE QUEEN BEE,get,2
THE QUEEN BEE,good,1
THE QUEEN BEE,grey,1
THE QUEEN BEE,guess,1
THE QUEEN BEE,had,13
THE QUEEN BEE,hard,1
THE QUEEN BEE,hardest,1
THE QUEEN BEE,have,1
THE QUEEN BEE,he,21
THE QUEEN BEE,heap,1
THE QUEEN BEE,hear,1
THE QUEEN BEE,held,1
THE QUEEN BEE,help,1
THE QUEEN BEE,her,1
THE QUEEN BEE,him,4
THE QUEEN BEE,his,2
THE QUEEN BEE,hold,1
THE QUEEN BEE,hollow,1
THE QUEEN BEE,home,1
THE QUEEN BEE,honey,5
THE QUEEN BEE,horses,1
THE QUEEN BEE,how,1
THE QUEEN BEE,however,2
THE QUEEN BEE,hundred,2
THE QUEEN BEE,i,2
THE QUEEN BEE,if,1
THE QUEEN BEE,in,8
THE QUEEN BEE,insects,1
THE QUEEN BEE,insignificant,1
THE QUEEN BEE,into,7
THE QUEEN BEE,it,7
THE QUEEN BEE,job,1
THE QUEEN BEE,journey,1
THE QUEEN BEE,key,2
THE QUEEN BEE,kill,2
THE QUEEN BEE,king,4
THE QUEEN BEE,kings,1
THE QUEEN BEE,knew,1
THE QUEEN BEE,laid,1
THE QUEEN BEE,lake,2
THE QUEEN BEE,last,3
THE QUEEN BEE,laughed,1
THE QUEEN BEE,led,1
THE QUEEN BEE,length,1
THE QUEEN BEE,let,4
THE QUEEN BEE,lie,1
THE QUEEN BEE,life,1
THE QUEEN BEE,light,1
THE QUEEN BEE,lips,2
THE QUEEN BEE,little,5
THE QUEEN BEE,lives,1
THE QUEEN BEE,living,1
THE QUEEN BEE,locks,1
THE QUEEN BEE,long,1
THE QUEEN BEE,look,1
THE QUEEN BEE,looked,1
THE QUEEN BEE,man,2
THE QUEEN BEE,many,2
THE QUEEN BEE,marble,3
THE QUEEN BEE,married,2
THE QUEEN BEE,means,1
THE QUEEN BEE,middle,1
THE QUEEN BEE,might,1
THE QUEEN BEE,missing,1
THE QUEEN BEE,morning,1
THE QUEEN BEE,moss,2
THE QUEEN BEE,much,2
THE QUEEN BEE,must,2
THE QUEEN BEE,nest,1
THE QUEEN BEE,next,5
THE QUEEN BEE,no,2
THE QUEEN BEE,not,7
THE QUEEN BEE,nothing,1
THE QUEEN BEE,now,1
THE QUEEN BEE,of,20
THE QUEEN BEE,off,1
THE QUEEN BEE,old,1
THE QUEEN BEE,on,4
THE QUEEN BEE,once,2
THE QUEEN BEE,one,2
THE QUEEN BEE,only,2
THE QUEEN BEE,or,1
THE QUEEN BEE,order,1
THE QUEEN BEE,other,1
THE QUEEN BEE,out,6
THE QUEEN BEE,passed,1
THE QUEEN BEE,pearls,5
THE QUEEN BEE,piece,1
THE QUEEN BEE,poor,3
THE QUEEN BEE,pretty,1
THE QUEEN BEE,princess,1
THE QUEEN BEE,princesses,1
THE QUEEN BEE,proper,1
THE QUEEN BEE,pulled,1
THE QUEEN BEE,queen,1
THE QUEEN BEE,ran,1
THE QUEEN BEE,return,1
THE QUEEN BEE,roast,1
THE QUEEN BEE,room,1
THE QUEEN BEE,rooms,1
THE QUEEN BEE,rose,1
THE QUEEN BEE,run,1
THE QUEEN BEE,s,5
THE QUEEN BEE,said,6
THE QUEEN BEE,sat,3
THE QUEEN BEE,saved,3
THE QUEEN BEE,saw,3
THE QUEEN BEE,second,3
THE QUEEN BEE,see,1
THE QUEEN BEE,seek,2
THE QUEEN BEE,seeks,1
THE QUEEN BEE,seen,1
THE QUEEN BEE,set,3
THE QUEEN BEE,shall,1
THE QUEEN BEE,she,2
THE QUEEN BEE,should,1
THE QUEEN BEE,showed,1
THE QUEEN BEE,simple,1
THE QUEEN BEE,sisters,1
THE QUEEN BEE,sitting,1
THE QUEEN BEE,so,13
THE QUEEN BEE,some,1
THE QUEEN BEE,sons,1
THE QUEEN BEE,soon,2
THE QUEEN BEE,sorts,1
THE QUEEN BEE,sought,1
THE QUEEN BEE,spell,1
THE QUEEN BEE,spoonful,1
THE QUEEN BEE,stables,1
THE QUEEN BEE,standing,1
THE QUEEN BEE,stone,3
THE QUEEN BEE,stones,1
THE QUEEN BEE,succeeded,1
THE QUEEN BEE,suffer,1
THE QUEEN BEE,sugar,1
THE QUEEN BEE,sun,1
THE QUEEN BEE,sweet,1
THE QUEEN BEE,swimming,2
THE QUEEN BEE,syrup,1
THE QUEEN BEE,table,3
THE QUEEN BEE,tablet,3
THE QUEEN BEE,tablets,1
THE QUEEN BEE,task,2
THE QUEEN BEE,than,1
THE QUEEN BEE,that,7
THE QUEEN BEE,the,83
THE QUEEN BEE,their,7
THE QUEEN BEE,them,12
THE QUEEN BEE,themselves,3
THE QUEEN BEE,then,4
THE QUEEN BEE,there,5
THE QUEEN BEE,therefore,1
THE QUEEN BEE,they,20
THE QUEEN BEE,things,3
THE QUEEN BEE,think,1
THE QUEEN BEE,third,2
THE QUEEN BEE,thousand,2
THE QUEEN BEE,three,5
THE QUEEN BEE,through,2
THE QUEEN BEE,thus,1
THE QUEEN BEE,till,1
THE QUEEN BEE,time,2
THE QUEEN BEE,tiresome,1
THE QUEEN BEE,to,28
THE QUEEN BEE,together,1
THE QUEEN BEE,told,1
THE QUEEN BEE,too,1
THE QUEEN BEE,took,3
THE QUEEN BEE,travel,1
THE QUEEN BEE,tree,2
THE QUEEN BEE,tried,1
THE QUEEN BEE,trouble,1
THE QUEEN BEE,trunk,1
THE QUEEN BEE,try,1
THE QUEEN BEE,turn,1
THE QUEEN BEE,turned,4
THE QUEEN BEE,twice,1
THE QUEEN BEE,two,8
THE QUEEN BEE,unable,1
THE QUEEN BEE,under,2
THE QUEEN BEE,undertook,1
THE QUEEN BEE,up,1
THE QUEEN BEE,upon,3
THE QUEEN BEE,wanted,2
THE QUEEN BEE,was,18
THE QUEEN BEE,wasteful,1
THE QUEEN BEE,way,1
THE QUEEN BEE,went,4
THE QUEEN BEE,were,6
THE QUEEN BEE,when,3
THE QUEEN BEE,where,2
THE QUEEN BEE,which,4
THE QUEEN BEE,who,6
THE QUEEN BEE,whole,1
THE QUEEN BEE,whose,2
THE QUEEN BEE,wicket,1
THE QUEEN BEE,will,2
THE QUEEN BEE,wiser,1
THE QUEEN BEE,with,2
THE QUEEN BEE,wood,1
THE QUEEN BEE,world,2
THE QUEEN BEE,would,2
THE QUEEN BEE,you,3
THE QUEEN BEE,young,1
THE QUEEN BEE,youngest,4
THE RAVEN,a,45
THE RAVEN,able,6
THE RAVEN,about,7
THE RAVEN,accomplish,1
THE RAVEN,accord,1
THE RAVEN,accordingly,1
THE RAVEN,account,1
THE RAVEN,after,7
THE RAVEN,afternoon,1
THE RAVEN,again,13
THE RAVEN,against,1
THE RAVEN,ahead,1
THE RAVEN,alas,1
THE RAVEN,all,8
THE RAVEN,allowed,1
THE RAVEN,alone,3
THE RAVEN,along,3
THE RAVEN,aloud,1
THE RAVEN,also,1
THE RAVEN,although,1
THE RAVEN,am,3
THE RAVEN,an,2
THE RAVEN,and,113
THE RAVEN,angrily,1
THE RAVEN,another,4
THE RAVEN,answered,2
THE RAVEN,any,3
THE RAVEN,anything,3
THE RAVEN,appeased,1
THE RAVEN,appointed,1
THE RAVEN,approaching,1
THE RAVEN,are,5
THE RAVEN,arms,2
THE RAVEN,as,15
THE RAVEN,asked,5
THE RAVEN,asleep,6
THE RAVEN,assured,1
THE RAVEN,at,12
THE RAVEN,ate,1
THE RAVEN,attempted,1
THE RAVEN,avail,1
THE RAVEN,await,2
THE RAVEN,awake,2
THE RAVEN,awaken,2
THE RAVEN,awakened,1
THE RAVEN,away,5
THE RAVEN,awoke,1
THE RAVEN,back,2
THE RAVEN,be,17
THE RAVEN,beat,1
THE RAVEN,became,1
THE RAVEN,because,1
THE RAVEN,been,4
THE RAVEN,before,4
THE RAVEN,began,1
THE RAVEN,begged,1
THE RAVEN,begun,1
THE RAVEN,behind,1
THE RAVEN,beside,2
THE RAVEN,between,1
THE RAVEN,bird,1
THE RAVEN,birth,1
THE RAVEN,black,2
THE RAVEN,blow,1
THE RAVEN,bottom,1
THE RAVEN,bread,1
THE RAVEN,brother,2
THE RAVEN,brought,1
THE RAVEN,built,1
THE RAVEN,bush,1
THE RAVEN,but,26
THE RAVEN,by,6
THE RAVEN,call,1
THE RAVEN,called,4
THE RAVEN,calling,1
THE RAVEN,came,10
THE RAVEN,can,2
THE RAVEN,care,1
THE RAVEN,carriage,3
THE RAVEN,carried,1
THE RAVEN,carry,2
THE RAVEN,castle,18
THE RAVEN,caught,1
THE RAVEN,cause,1
THE RAVEN,celebrate,1
THE RAVEN,cheer,1
THE RAVEN,chestnut,2
THE RAVEN,child,4
THE RAVEN,climb,1
THE RAVEN,cloak,4
THE RAVEN,clock,4
THE RAVEN,closed,2
THE RAVEN,coachman,1
THE RAVEN,come,4
THE RAVEN,coming,1
THE RAVEN,common,1
THE RAVEN,content,1
THE RAVEN,continue,1
THE RAVEN,continued,1
THE RAVEN,contrast,1
THE RAVEN,could,9
THE RAVEN,counts,1
THE RAVEN,courage,1
THE RAVEN,cried,2
THE RAVEN,crying,1
THE RAVEN,cupboard,1
THE RAVEN,dark,2
THE RAVEN,darker,1
THE RAVEN,daughter,4
THE RAVEN,day,9
THE RAVEN,days,3
THE RAVEN,decide,1
THE RAVEN,deep,3
THE RAVEN,delay,1
THE RAVEN,deserve,1
THE RAVEN,determined,1
THE RAVEN,direct,1
THE RAVEN,direction,1
THE RAVEN,dish,1
THE RAVEN,dismounted,1
THE RAVEN,dispute,1
THE RAVEN,do,7
THE RAVEN,door,1
THE RAVEN,doubt,1
THE RAVEN,down,7
THE RAVEN,drank,3
THE RAVEN,draught,2
THE RAVEN,drawn,2
THE RAVEN,drew,3
THE RAVEN,drink,8
THE RAVEN,drinking,1
THE RAVEN,drive,2
THE RAVEN,driven,1
THE RAVEN,driving,2
THE RAVEN,drove,3
THE RAVEN,drunk,1
THE RAVEN,eager,1
THE RAVEN,eat,6
THE RAVEN,eaten,3
THE RAVEN,eating,2
THE RAVEN,efforts,1
THE RAVEN,either,2
THE RAVEN,else,1
THE RAVEN,enchanted,1
THE RAVEN,enchantment,1
THE RAVEN,engraved,1
THE RAVEN,enough,1
THE RAVEN,entered,2
THE RAVEN,entreaties,1
THE RAVEN,even,5
THE RAVEN,evening,1
THE RAVEN,ever,1
THE RAVEN,every,2
THE RAVEN,everything,1
THE RAVEN,exchange,1
THE RAVEN,exclaimed,1
THE RAVEN,eyes,2
THE RAVEN,fail,1
THE RAVEN,fall,1
THE RAVEN,fallen,3
THE RAVEN,far,1
THE RAVEN,farther,1
THE RAVEN,fast,2
THE RAVEN,fatigue,1
THE RAVEN,feared,1
THE RAVEN,feel,1
THE RAVEN,feeling,1
THE RAVEN,fell,6
THE RAVEN,felt,1
THE RAVEN,fetched,2
THE RAVEN,fighting,4
THE RAVEN,finally,1
THE RAVEN,find,4
THE RAVEN,finger,2
THE RAVEN,finished,3
THE RAVEN,first,3
THE RAVEN,flask,1
THE RAVEN,flew,3
THE RAVEN,flight,1
THE RAVEN,fly,1
THE RAVEN,flying,1
THE RAVEN,followed,1
THE RAVEN,following,2
THE RAVEN,food,5
THE RAVEN,foot,1
THE RAVEN,for,26
THE RAVEN,forest,2
THE RAVEN,forward,1
THE RAVEN,found,11
THE RAVEN,four,5
THE RAVEN,fourteen,1
THE RAVEN,free,6
THE RAVEN,from,7
THE RAVEN,front,3
THE RAVEN,full,1
THE RAVEN,fully,1
THE RAVEN,furious,1
THE RAVEN,garden,5
THE RAVEN,gate,2
THE RAVEN,gave,1
THE RAVEN,get,4
THE RAVEN,giant,9
THE RAVEN,give,3
THE RAVEN,given,1
THE RAVEN,giving,1
THE RAVEN,glass,5
THE RAVEN,glimmer,1
THE RAVEN,go,3
THE RAVEN,goblet,2
THE RAVEN,god,3
THE RAVEN,going,1
THE RAVEN,gold,1
THE RAVEN,golden,4
THE RAVEN,gone,1
THE RAVEN,good,1
THE RAVEN,got,3
THE RAVEN,greatly,1
THE RAVEN,grew,1
THE RAVEN,grieved,2
THE RAVEN,grow,1
THE RAVEN,had,22
THE RAVEN,handed,1
THE RAVEN,happened,1
THE RAVEN,hardly,1
THE RAVEN,has,4
THE RAVEN,have,13
THE RAVEN,he,95
THE RAVEN,hear,1
THE RAVEN,heard,3
THE RAVEN,hearing,1
THE RAVEN,heart,2
THE RAVEN,heavily,1
THE RAVEN,height,1
THE RAVEN,help,1
THE RAVEN,her,24
THE RAVEN,here,4
THE RAVEN,herself,2
THE RAVEN,him,39
THE RAVEN,himself,5
THE RAVEN,his,23
THE RAVEN,home,1
THE RAVEN,horse,3
THE RAVEN,horses,4
THE RAVEN,hour,2
THE RAVEN,hours,1
THE RAVEN,house,4
THE RAVEN,houses,2
THE RAVEN,how,2
THE RAVEN,however,7
THE RAVEN,howling,1
THE RAVEN,hundred,1
THE RAVEN,hunger,2
THE RAVEN,hut,2
THE RAVEN,i,32
THE RAVEN,idea,1
THE RAVEN,idle,1
THE RAVEN,if,9
THE RAVEN,immediately,1
THE RAVEN,immense,1
THE RAVEN,impatient,1
THE RAVEN,impossible,3
THE RAVEN,in,24
THE RAVEN,indeed,1
THE RAVEN,indoors,1
THE RAVEN,inside,2
THE RAVEN,into,8
THE RAVEN,invisible,1
THE RAVEN,is,12
THE RAVEN,it,30
THE RAVEN,its,4
THE RAVEN,journey,1
THE RAVEN,journeyed,1
THE RAVEN,joy,1
THE RAVEN,keep,3
THE RAVEN,kill,1
THE RAVEN,kind,1
THE RAVEN,king,3
THE RAVEN,kissed,1
THE RAVEN,knew,1
THE RAVEN,know,5
THE RAVEN,laid,1
THE RAVEN,large,1
THE RAVEN,larger,1
THE RAVEN,last,5
THE RAVEN,late,1
THE RAVEN,lay,4
THE RAVEN,leagues,1
THE RAVEN,least,1
THE RAVEN,leave,2
THE RAVEN,left,2
THE RAVEN,less,1
THE RAVEN,let,2
THE RAVEN,letter,2
THE RAVEN,life,1
THE RAVEN,lifted,1
THE RAVEN,light,2
THE RAVEN,like,3
THE RAVEN,limbs,1
THE RAVEN,little,5
THE RAVEN,lives,1
THE RAVEN,loaf,1
THE RAVEN,log,1
THE RAVEN,long,6
THE RAVEN,longed,1
THE RAVEN,longer,3
THE RAVEN,look,5
THE RAVEN,looked,4
THE RAVEN,looking,4
THE RAVEN,lucky,1
THE RAVEN,lying,2
THE RAVEN,made,1
THE RAVEN,maiden,2
THE RAVEN,making,1
THE RAVEN,man,15
THE RAVEN,many,1
THE RAVEN,map,2
THE RAVEN,maps,4
THE RAVEN,marked,2
THE RAVEN,marriage,1
THE RAVEN,may,1
THE RAVEN,me,12
THE RAVEN,meanwhile,2
THE RAVEN,meat,2
THE RAVEN,men,1
THE RAVEN,met,1
THE RAVEN,might,1
THE RAVEN,miles,1
THE RAVEN,mind,1
THE RAVEN,minute,1
THE RAVEN,money,1
THE RAVEN,more,4
THE RAVEN,mother,1
THE RAVEN,mountain,4
THE RAVEN,mounted,3
THE RAVEN,mournfully,1
THE RAVEN,mouth,1
THE RAVEN,much,2
THE RAVEN,must,5
THE RAVEN,my,5
THE RAVEN,myself,1
THE RAVEN,name,1
THE RAVEN,near,2
THE RAVEN,nearer,1
THE RAVEN,neighbourhood,1
THE RAVEN,neither,1
THE RAVEN,never,3
THE RAVEN,next,2
THE RAVEN,night,2
THE RAVEN,no,7
THE RAVEN,nobody,1
THE RAVEN,noises,1
THE RAVEN,noon,1
THE RAVEN,not,24
THE RAVEN,nothing,3
THE RAVEN,now,8
THE RAVEN,nowhere,1
THE RAVEN,o,4
THE RAVEN,obstacle,1
THE RAVEN,of,43
THE RAVEN,off,3
THE RAVEN,offer,1
THE RAVEN,old,4
THE RAVEN,older,1
THE RAVEN,on,22
THE RAVEN,once,3
THE RAVEN,one,8
THE RAVEN,only,1
THE RAVEN,open,3
THE RAVEN,opened,1
THE RAVEN,or,5
THE RAVEN,other,1
THE RAVEN,ought,1
THE RAVEN,our,2
THE RAVEN,out,10
THE RAVEN,outside,2
THE RAVEN,over,2
THE RAVEN,overcome,2
THE RAVEN,overjoyed,1
THE RAVEN,own,3
THE RAVEN,parents,1
THE RAVEN,particulars,1
THE RAVEN,pass,1
THE RAVEN,passed,1
THE RAVEN,paused,1
THE RAVEN,peace,2
THE RAVEN,people,1
THE RAVEN,persistent,1
THE RAVEN,persuaded,1
THE RAVEN,placed,1
THE RAVEN,pleased,1
THE RAVEN,poor,1
THE RAVEN,power,1
THE RAVEN,previous,1
THE RAVEN,promised,1
THE RAVEN,prove,1
THE RAVEN,provisions,1
THE RAVEN,pursued,1
THE RAVEN,put,3
THE RAVEN,queen,1
THE RAVEN,quiet,1
THE RAVEN,rang,1
THE RAVEN,rather,1
THE RAVEN,raven,10
THE RAVEN,ravens,1
THE RAVEN,reach,2
THE RAVEN,reached,3
THE RAVEN,read,1
THE RAVEN,really,1
THE RAVEN,refused,1
THE RAVEN,remain,3
THE RAVEN,remainder,1
THE RAVEN,remained,1
THE RAVEN,rendered,1
THE RAVEN,replied,2
THE RAVEN,resist,2
THE RAVEN,rest,2
THE RAVEN,return,2
THE RAVEN,returned,1
THE RAVEN,rider,1
THE RAVEN,ring,3
THE RAVEN,robbers,2
THE RAVEN,rode,1
THE RAVEN,room,2
THE RAVEN,rose,1
THE RAVEN,round,6
THE RAVEN,run,1
THE RAVEN,s,4
THE RAVEN,sadder,1
THE RAVEN,said,17
THE RAVEN,sat,2
THE RAVEN,satisfied,1
THE RAVEN,satisfy,1
THE RAVEN,save,2
THE RAVEN,saw,6
THE RAVEN,saying,2
THE RAVEN,scarcely,1
THE RAVEN,search,2
THE RAVEN,searched,1
THE RAVEN,second,1
THE RAVEN,see,3
THE RAVEN,seeing,4
THE RAVEN,seemed,1
THE RAVEN,seen,1
THE RAVEN,sees,1
THE RAVEN,separate,1
THE RAVEN,set,6
THE RAVEN,shall,3
THE RAVEN,she,34
THE RAVEN,shook,1
THE RAVEN,should,3
THE RAVEN,sides,1
THE RAVEN,sighing,1
THE RAVEN,sitting,1
THE RAVEN,situated,1
THE RAVEN,sleep,3
THE RAVEN,sleeping,4
THE RAVEN,slept,2
THE RAVEN,slippery,1
THE RAVEN,smaller,1
THE RAVEN,smelt,1
THE RAVEN,so,11
THE RAVEN,some,2
THE RAVEN,something,5
THE RAVEN,soon,1
THE RAVEN,sorrowfully,1
THE RAVEN,sought,1
THE RAVEN,sound,1
THE RAVEN,spare,1
THE RAVEN,spell,1
THE RAVEN,spot,1
THE RAVEN,stand,2
THE RAVEN,start,1
THE RAVEN,steps,1
THE RAVEN,stick,4
THE RAVEN,still,7
THE RAVEN,stood,1
THE RAVEN,stopped,1
THE RAVEN,strike,1
THE RAVEN,stromberg,6
THE RAVEN,successive,1
THE RAVEN,such,3
THE RAVEN,suddenly,1
THE RAVEN,summoned,1
THE RAVEN,supper,3
THE RAVEN,support,1
THE RAVEN,take,4
THE RAVEN,tanheap,5
THE RAVEN,temptation,1
THE RAVEN,than,3
THE RAVEN,that,29
THE RAVEN,the,136
THE RAVEN,their,5
THE RAVEN,them,8
THE RAVEN,then,11
THE RAVEN,there,8
THE RAVEN,therefore,2
THE RAVEN,thereupon,1
THE RAVEN,these,1
THE RAVEN,they,15
THE RAVEN,thing,1
THE RAVEN,things,4
THE RAVEN,thinking,2
THE RAVEN,third,2
THE RAVEN,this,7
THE RAVEN,those,2
THE RAVEN,thought,3
THE RAVEN,thousand,1
THE RAVEN,three,5
THE RAVEN,threw,1
THE RAVEN,through,7
THE RAVEN,throwing,1
THE RAVEN,thrown,1
THE RAVEN,till,2
THE RAVEN,time,6
THE RAVEN,tired,2
THE RAVEN,to,77
THE RAVEN,together,3
THE RAVEN,told,3
THE RAVEN,tomorrow,1
THE RAVEN,too,2
THE RAVEN,took,5
THE RAVEN,top,1
THE RAVEN,touch,1
THE RAVEN,touched,1
THE RAVEN,towards,3
THE RAVEN,towns,1
THE RAVEN,travelled,1
THE RAVEN,troublesome,1
THE RAVEN,true,1
THE RAVEN,turned,1
THE RAVEN,two,7
THE RAVEN,unable,5
THE RAVEN,unconsumed,1
THE RAVEN,under,2
THE RAVEN,until,3
THE RAVEN,up,8
THE RAVEN,upon,2
THE RAVEN,upright,1
THE RAVEN,upstairs,1
THE RAVEN,urged,1
THE RAVEN,usual,1
THE RAVEN,vagabonds,1
THE RAVEN,vain,2
THE RAVEN,value,1
THE RAVEN,very,1
THE RAVEN,villages,1
THE RAVEN,visible,1
THE RAVEN,voice,1
THE RAVEN,wailing,1
THE RAVEN,wait,1
THE RAVEN,waited,1
THE RAVEN,walk,1
THE RAVEN,walking,1
THE RAVEN,want,1
THE RAVEN,wanting,1
THE RAVEN,was,23
THE RAVEN,watch,2
THE RAVEN,watched,1
THE RAVEN,way,5
THE RAVEN,we,2
THE RAVEN,wearer,1
THE RAVEN,weariness,1
THE RAVEN,well,2
THE RAVEN,went,15
THE RAVEN,were,8
THE RAVEN,what,4
THE RAVEN,when,16
THE RAVEN,where,2
THE RAVEN,wherein,1
THE RAVEN,whether,3
THE RAVEN,which,13
THE RAVEN,while,2
THE RAVEN,white,2
THE RAVEN,who,5
THE RAVEN,whole,1
THE RAVEN,why,1
THE RAVEN,wide,1
THE RAVEN,will,19
THE RAVEN,willingly,1
THE RAVEN,window,2
THE RAVEN,wine,6
THE RAVEN,wish,2
THE RAVEN,wished,2
THE RAVEN,with,13
THE RAVEN,within,2
THE RAVEN,without,1
THE RAVEN,woman,5
THE RAVEN,wood,3
THE RAVEN,words,2
THE RAVEN,wore,1
THE RAVEN,world,1
THE RAVEN,worn,1
THE RAVEN,worth,1
THE RAVEN,would,12
THE RAVEN,year,1
THE RAVEN,you,38
THE RAVEN,young,1
THE RAVEN,your,3
THE RAVEN,yourself,2
THE ROBBER BRIDEGROOM,a,43
THE ROBBER BRIDEGROOM,able,2
THE ROBBER BRIDEGROOM,above,1
THE ROBBER BRIDEGROOM,after,1
THE ROBBER BRIDEGROOM,afterwards,1
THE ROBBER BRIDEGROOM,again,3
THE ROBBER BRIDEGROOM,ah,2
THE ROBBER BRIDEGROOM,air,2
THE ROBBER BRIDEGROOM,all,11
THE ROBBER BRIDEGROOM,alone,1
THE ROBBER BRIDEGROOM,along,5
THE ROBBER BRIDEGROOM,already,1
THE ROBBER BRIDEGROOM,also,1
THE ROBBER BRIDEGROOM,although,1
THE ROBBER BRIDEGROOM,am,1
THE ROBBER BRIDEGROOM,an,2
THE ROBBER BRIDEGROOM,and,74
THE ROBBER BRIDEGROOM,another,1
THE ROBBER BRIDEGROOM,answered,3
THE ROBBER BRIDEGROOM,anxious,1
THE ROBBER BRIDEGROOM,appeared,2
THE ROBBER BRIDEGROOM,are,3
THE ROBBER BRIDEGROOM,arrived,1
THE ROBBER BRIDEGROOM,as,15
THE ROBBER BRIDEGROOM,ashes,3
THE ROBBER BRIDEGROOM,asked,3
THE ROBBER BRIDEGROOM,asks,1
THE ROBBER BRIDEGROOM,asleep,2
THE ROBBER BRIDEGROOM,assembled,1
THE ROBBER BRIDEGROOM,assured,1
THE ROBBER BRIDEGROOM,at,7
THE ROBBER BRIDEGROOM,awaken,1
THE ROBBER BRIDEGROOM,away,1
THE ROBBER BRIDEGROOM,back,6
THE ROBBER BRIDEGROOM,band,1
THE ROBBER BRIDEGROOM,be,8
THE ROBBER BRIDEGROOM,beautiful,3
THE ROBBER BRIDEGROOM,been,4
THE ROBBER BRIDEGROOM,before,2
THE ROBBER BRIDEGROOM,began,1
THE ROBBER BRIDEGROOM,behind,7
THE ROBBER BRIDEGROOM,betrothed,8
THE ROBBER BRIDEGROOM,bird,2
THE ROBBER BRIDEGROOM,bodies,1
THE ROBBER BRIDEGROOM,body,2
THE ROBBER BRIDEGROOM,bride,4
THE ROBBER BRIDEGROOM,bridegroom,3
THE ROBBER BRIDEGROOM,but,14
THE ROBBER BRIDEGROOM,by,3
THE ROBBER BRIDEGROOM,cage,2
THE ROBBER BRIDEGROOM,called,1
THE ROBBER BRIDEGROOM,came,8
THE ROBBER BRIDEGROOM,can,1
THE ROBBER BRIDEGROOM,care,3
THE ROBBER BRIDEGROOM,cask,7
THE ROBBER BRIDEGROOM,cauldron,1
THE ROBBER BRIDEGROOM,ceased,1
THE ROBBER BRIDEGROOM,cellar,3
THE ROBBER BRIDEGROOM,child,2
THE ROBBER BRIDEGROOM,close,1
THE ROBBER BRIDEGROOM,clothing,2
THE ROBBER BRIDEGROOM,come,4
THE ROBBER BRIDEGROOM,comes,1
THE ROBBER BRIDEGROOM,company,1
THE ROBBER BRIDEGROOM,condemned,1
THE ROBBER BRIDEGROOM,cook,2
THE ROBBER BRIDEGROOM,could,10
THE ROBBER BRIDEGROOM,crew,1
THE ROBBER BRIDEGROOM,cried,3
THE ROBBER BRIDEGROOM,cries,1
THE ROBBER BRIDEGROOM,crouched,1
THE ROBBER BRIDEGROOM,cut,4
THE ROBBER BRIDEGROOM,dainty,2
THE ROBBER BRIDEGROOM,dark,1
THE ROBBER BRIDEGROOM,darkest,1
THE ROBBER BRIDEGROOM,darling,4
THE ROBBER BRIDEGROOM,daughter,2
THE ROBBER BRIDEGROOM,day,4
THE ROBBER BRIDEGROOM,deadly,1
THE ROBBER BRIDEGROOM,death,2
THE ROBBER BRIDEGROOM,deeds,1
THE ROBBER BRIDEGROOM,deepest,1
THE ROBBER BRIDEGROOM,delivered,1
THE ROBBER BRIDEGROOM,den,3
THE ROBBER BRIDEGROOM,did,5
THE ROBBER BRIDEGROOM,died,2
THE ROBBER BRIDEGROOM,difficult,1
THE ROBBER BRIDEGROOM,do,3
THE ROBBER BRIDEGROOM,does,1
THE ROBBER BRIDEGROOM,done,1
THE ROBBER BRIDEGROOM,door,1
THE ROBBER BRIDEGROOM,down,3
THE ROBBER BRIDEGROOM,dragging,2
THE ROBBER BRIDEGROOM,draught,1
THE ROBBER BRIDEGROOM,draw,2
THE ROBBER BRIDEGROOM,dread,2
THE ROBBER BRIDEGROOM,dream,5
THE ROBBER BRIDEGROOM,drew,1
THE ROBBER BRIDEGROOM,drink,2
THE ROBBER BRIDEGROOM,drunk,1
THE ROBBER BRIDEGROOM,during,1
THE ROBBER BRIDEGROOM,each,1
THE ROBBER BRIDEGROOM,easily,1
THE ROBBER BRIDEGROOM,eat,3
THE ROBBER BRIDEGROOM,eaters,1
THE ROBBER BRIDEGROOM,either,1
THE ROBBER BRIDEGROOM,empty,2
THE ROBBER BRIDEGROOM,entrance,1
THE ROBBER BRIDEGROOM,escape,2
THE ROBBER BRIDEGROOM,every,2
THE ROBBER BRIDEGROOM,everything,1
THE ROBBER BRIDEGROOM,excuse,1
THE ROBBER BRIDEGROOM,explain,1
THE ROBBER BRIDEGROOM,fair,3
THE ROBBER BRIDEGROOM,fast,3
THE ROBBER BRIDEGROOM,fate,1
THE ROBBER BRIDEGROOM,father,1
THE ROBBER BRIDEGROOM,fault,1
THE ROBBER BRIDEGROOM,feast,2
THE ROBBER BRIDEGROOM,feel,1
THE ROBBER BRIDEGROOM,feeling,1
THE ROBBER BRIDEGROOM,fell,2
THE ROBBER BRIDEGROOM,filled,2
THE ROBBER BRIDEGROOM,find,5
THE ROBBER BRIDEGROOM,finger,10
THE ROBBER BRIDEGROOM,fire,1
THE ROBBER BRIDEGROOM,first,1
THE ROBBER BRIDEGROOM,fixed,1
THE ROBBER BRIDEGROOM,flee,1
THE ROBBER BRIDEGROOM,floor,1
THE ROBBER BRIDEGROOM,followed,1
THE ROBBER BRIDEGROOM,for,17
THE ROBBER BRIDEGROOM,forest,4
THE ROBBER BRIDEGROOM,forth,1
THE ROBBER BRIDEGROOM,found,2
THE ROBBER BRIDEGROOM,friends,1
THE ROBBER BRIDEGROOM,from,7
THE ROBBER BRIDEGROOM,full,1
THE ROBBER BRIDEGROOM,gave,3
THE ROBBER BRIDEGROOM,girl,13
THE ROBBER BRIDEGROOM,give,1
THE ROBBER BRIDEGROOM,glasses,1
THE ROBBER BRIDEGROOM,god,1
THE ROBBER BRIDEGROOM,godless,1
THE ROBBER BRIDEGROOM,going,1
THE ROBBER BRIDEGROOM,gold,2
THE ROBBER BRIDEGROOM,great,2
THE ROBBER BRIDEGROOM,grim,2
THE ROBBER BRIDEGROOM,ground,2
THE ROBBER BRIDEGROOM,grown,3
THE ROBBER BRIDEGROOM,guest,1
THE ROBBER BRIDEGROOM,guests,4
THE ROBBER BRIDEGROOM,guide,1
THE ROBBER BRIDEGROOM,had,8
THE ROBBER BRIDEGROOM,hand,1
THE ROBBER BRIDEGROOM,hanging,2
THE ROBBER BRIDEGROOM,happened,1
THE ROBBER BRIDEGROOM,hardly,1
THE ROBBER BRIDEGROOM,hastened,1
THE ROBBER BRIDEGROOM,hatchet,2
THE ROBBER BRIDEGROOM,have,6
THE ROBBER BRIDEGROOM,he,12
THE ROBBER BRIDEGROOM,head,2
THE ROBBER BRIDEGROOM,heart,1
THE ROBBER BRIDEGROOM,heed,1
THE ROBBER BRIDEGROOM,held,1
THE ROBBER BRIDEGROOM,helped,1
THE ROBBER BRIDEGROOM,her,31
THE ROBBER BRIDEGROOM,here,4
THE ROBBER BRIDEGROOM,herself,1
THE ROBBER BRIDEGROOM,hid,2
THE ROBBER BRIDEGROOM,hiding,1
THE ROBBER BRIDEGROOM,him,8
THE ROBBER BRIDEGROOM,himself,1
THE ROBBER BRIDEGROOM,his,3
THE ROBBER BRIDEGROOM,home,1
THE ROBBER BRIDEGROOM,house,6
THE ROBBER BRIDEGROOM,husband,2
THE ROBBER BRIDEGROOM,i,13
THE ROBBER BRIDEGROOM,if,3
THE ROBBER BRIDEGROOM,in,10
THE ROBBER BRIDEGROOM,indeed,1
THE ROBBER BRIDEGROOM,inside,1
THE ROBBER BRIDEGROOM,intended,1
THE ROBBER BRIDEGROOM,into,6
THE ROBBER BRIDEGROOM,invite,1
THE ROBBER BRIDEGROOM,invited,1
THE ROBBER BRIDEGROOM,inward,1
THE ROBBER BRIDEGROOM,is,11
THE ROBBER BRIDEGROOM,it,14
THE ROBBER BRIDEGROOM,justice,1
THE ROBBER BRIDEGROOM,keep,5
THE ROBBER BRIDEGROOM,kill,2
THE ROBBER BRIDEGROOM,kinds,1
THE ROBBER BRIDEGROOM,know,2
THE ROBBER BRIDEGROOM,laid,1
THE ROBBER BRIDEGROOM,lair,3
THE ROBBER BRIDEGROOM,lamentations,1
THE ROBBER BRIDEGROOM,lap,2
THE ROBBER BRIDEGROOM,large,5
THE ROBBER BRIDEGROOM,last,3
THE ROBBER BRIDEGROOM,led,1
THE ROBBER BRIDEGROOM,left,1
THE ROBBER BRIDEGROOM,lentils,2
THE ROBBER BRIDEGROOM,lest,1
THE ROBBER BRIDEGROOM,let,1
THE ROBBER BRIDEGROOM,light,1
THE ROBBER BRIDEGROOM,linger,3
THE ROBBER BRIDEGROOM,little,1
THE ROBBER BRIDEGROOM,live,1
THE ROBBER BRIDEGROOM,lived,1
THE ROBBER BRIDEGROOM,lives,1
THE ROBBER BRIDEGROOM,lonely,1
THE ROBBER BRIDEGROOM,long,4
THE ROBBER BRIDEGROOM,look,2
THE ROBBER BRIDEGROOM,looked,2
THE ROBBER BRIDEGROOM,looking,3
THE ROBBER BRIDEGROOM,lost,1
THE ROBBER BRIDEGROOM,love,1
THE ROBBER BRIDEGROOM,lying,2
THE ROBBER BRIDEGROOM,maiden,3
THE ROBBER BRIDEGROOM,man,2
THE ROBBER BRIDEGROOM,marriage,3
THE ROBBER BRIDEGROOM,married,1
THE ROBBER BRIDEGROOM,may,1
THE ROBBER BRIDEGROOM,me,4
THE ROBBER BRIDEGROOM,men,1
THE ROBBER BRIDEGROOM,mercy,2
THE ROBBER BRIDEGROOM,might,1
THE ROBBER BRIDEGROOM,mill,1
THE ROBBER BRIDEGROOM,miller,3
THE ROBBER BRIDEGROOM,mistake,1
THE ROBBER BRIDEGROOM,mixed,1
THE ROBBER BRIDEGROOM,moment,1
THE ROBBER BRIDEGROOM,moonlight,1
THE ROBBER BRIDEGROOM,morning,1
THE ROBBER BRIDEGROOM,mouse,1
THE ROBBER BRIDEGROOM,mouth,1
THE ROBBER BRIDEGROOM,move,1
THE ROBBER BRIDEGROOM,murdered,1
THE ROBBER BRIDEGROOM,murderers,6
THE ROBBER BRIDEGROOM,murderous,1
THE ROBBER BRIDEGROOM,must,1
THE ROBBER BRIDEGROOM,my,9
THE ROBBER BRIDEGROOM,mysterious,2
THE ROBBER BRIDEGROOM,next,1
THE ROBBER BRIDEGROOM,night,1
THE ROBBER BRIDEGROOM,no,3
THE ROBBER BRIDEGROOM,nor,1
THE ROBBER BRIDEGROOM,not,22
THE ROBBER BRIDEGROOM,nothing,1
THE ROBBER BRIDEGROOM,noticed,1
THE ROBBER BRIDEGROOM,now,1
THE ROBBER BRIDEGROOM,obliged,2
THE ROBBER BRIDEGROOM,of,21
THE ROBBER BRIDEGROOM,off,6
THE ROBBER BRIDEGROOM,old,9
THE ROBBER BRIDEGROOM,on,13
THE ROBBER BRIDEGROOM,once,1
THE ROBBER BRIDEGROOM,one,9
THE ROBBER BRIDEGROOM,only,5
THE ROBBER BRIDEGROOM,opened,1
THE ROBBER BRIDEGROOM,opportunity,1
THE ROBBER BRIDEGROOM,or,2
THE ROBBER BRIDEGROOM,others,1
THE ROBBER BRIDEGROOM,ought,1
THE ROBBER BRIDEGROOM,out,3
THE ROBBER BRIDEGROOM,over,4
THE ROBBER BRIDEGROOM,paid,2
THE ROBBER BRIDEGROOM,pale,1
THE ROBBER BRIDEGROOM,part,1
THE ROBBER BRIDEGROOM,passed,2
THE ROBBER BRIDEGROOM,path,4
THE ROBBER BRIDEGROOM,peas,3
THE ROBBER BRIDEGROOM,pieces,2
THE ROBBER BRIDEGROOM,pity,1
THE ROBBER BRIDEGROOM,place,2
THE ROBBER BRIDEGROOM,please,1
THE ROBBER BRIDEGROOM,pockets,1
THE ROBBER BRIDEGROOM,poor,3
THE ROBBER BRIDEGROOM,power,1
THE ROBBER BRIDEGROOM,promised,1
THE ROBBER BRIDEGROOM,provided,1
THE ROBBER BRIDEGROOM,quite,1
THE ROBBER BRIDEGROOM,reached,1
THE ROBBER BRIDEGROOM,reaching,1
THE ROBBER BRIDEGROOM,recital,1
THE ROBBER BRIDEGROOM,red,2
THE ROBBER BRIDEGROOM,reigned,1
THE ROBBER BRIDEGROOM,relations,1
THE ROBBER BRIDEGROOM,remaining,1
THE ROBBER BRIDEGROOM,renewed,1
THE ROBBER BRIDEGROOM,replied,1
THE ROBBER BRIDEGROOM,returned,2
THE ROBBER BRIDEGROOM,rich,1
THE ROBBER BRIDEGROOM,right,1
THE ROBBER BRIDEGROOM,ring,3
THE ROBBER BRIDEGROOM,robber,1
THE ROBBER BRIDEGROOM,robbers,5
THE ROBBER BRIDEGROOM,room,4
THE ROBBER BRIDEGROOM,run,1
THE ROBBER BRIDEGROOM,safely,1
THE ROBBER BRIDEGROOM,said,9
THE ROBBER BRIDEGROOM,salt,2
THE ROBBER BRIDEGROOM,sat,5
THE ROBBER BRIDEGROOM,save,1
THE ROBBER BRIDEGROOM,saw,5
THE ROBBER BRIDEGROOM,say,1
THE ROBBER BRIDEGROOM,saying,1
THE ROBBER BRIDEGROOM,scarcely,1
THE ROBBER BRIDEGROOM,scattered,1
THE ROBBER BRIDEGROOM,second,1
THE ROBBER BRIDEGROOM,see,3
THE ROBBER BRIDEGROOM,seen,1
THE ROBBER BRIDEGROOM,seized,1
THE ROBBER BRIDEGROOM,shaking,1
THE ROBBER BRIDEGROOM,she,33
THE ROBBER BRIDEGROOM,shewed,1
THE ROBBER BRIDEGROOM,should,2
THE ROBBER BRIDEGROOM,shudder,1
THE ROBBER BRIDEGROOM,shuddering,1
THE ROBBER BRIDEGROOM,side,1
THE ROBBER BRIDEGROOM,silence,1
THE ROBBER BRIDEGROOM,sleepers,1
THE ROBBER BRIDEGROOM,sleeping,1
THE ROBBER BRIDEGROOM,snoring,1
THE ROBBER BRIDEGROOM,so,3
THE ROBBER BRIDEGROOM,some,2
THE ROBBER BRIDEGROOM,something,1
THE ROBBER BRIDEGROOM,soon,3
THE ROBBER BRIDEGROOM,soul,2
THE ROBBER BRIDEGROOM,speak,1
THE ROBBER BRIDEGROOM,sprang,2
THE ROBBER BRIDEGROOM,sprinkle,1
THE ROBBER BRIDEGROOM,sprinkled,2
THE ROBBER BRIDEGROOM,sprouted,1
THE ROBBER BRIDEGROOM,start,1
THE ROBBER BRIDEGROOM,step,2
THE ROBBER BRIDEGROOM,stepped,1
THE ROBBER BRIDEGROOM,still,6
THE ROBBER BRIDEGROOM,strew,1
THE ROBBER BRIDEGROOM,strewed,1
THE ROBBER BRIDEGROOM,suddenly,1
THE ROBBER BRIDEGROOM,sufficiently,1
THE ROBBER BRIDEGROOM,suitable,1
THE ROBBER BRIDEGROOM,suitor,1
THE ROBBER BRIDEGROOM,sunday,2
THE ROBBER BRIDEGROOM,suppers,1
THE ROBBER BRIDEGROOM,t,1
THE ROBBER BRIDEGROOM,table,1
THE ROBBER BRIDEGROOM,take,2
THE ROBBER BRIDEGROOM,taken,1
THE ROBBER BRIDEGROOM,tale,2
THE ROBBER BRIDEGROOM,tell,4
THE ROBBER BRIDEGROOM,terrible,1
THE ROBBER BRIDEGROOM,that,18
THE ROBBER BRIDEGROOM,the,91
THE ROBBER BRIDEGROOM,their,3
THE ROBBER BRIDEGROOM,them,6
THE ROBBER BRIDEGROOM,then,6
THE ROBBER BRIDEGROOM,there,8
THE ROBBER BRIDEGROOM,thereupon,1
THE ROBBER BRIDEGROOM,these,3
THE ROBBER BRIDEGROOM,they,18
THE ROBBER BRIDEGROOM,thing,1
THE ROBBER BRIDEGROOM,think,2
THE ROBBER BRIDEGROOM,this,11
THE ROBBER BRIDEGROOM,thither,1
THE ROBBER BRIDEGROOM,three,2
THE ROBBER BRIDEGROOM,through,2
THE ROBBER BRIDEGROOM,throughout,1
THE ROBBER BRIDEGROOM,throwing,1
THE ROBBER BRIDEGROOM,till,1
THE ROBBER BRIDEGROOM,time,3
THE ROBBER BRIDEGROOM,to,38
THE ROBBER BRIDEGROOM,together,2
THE ROBBER BRIDEGROOM,told,1
THE ROBBER BRIDEGROOM,tomorrow,1
THE ROBBER BRIDEGROOM,tonight,1
THE ROBBER BRIDEGROOM,took,4
THE ROBBER BRIDEGROOM,tore,2
THE ROBBER BRIDEGROOM,trembling,1
THE ROBBER BRIDEGROOM,tried,2
THE ROBBER BRIDEGROOM,trust,1
THE ROBBER BRIDEGROOM,turn,7
THE ROBBER BRIDEGROOM,turning,1
THE ROBBER BRIDEGROOM,until,1
THE ROBBER BRIDEGROOM,up,4
THE ROBBER BRIDEGROOM,upon,2
THE ROBBER BRIDEGROOM,upstairs,1
THE ROBBER BRIDEGROOM,us,1
THE ROBBER BRIDEGROOM,very,5
THE ROBBER BRIDEGROOM,view,1
THE ROBBER BRIDEGROOM,visit,1
THE ROBBER BRIDEGROOM,voice,2
THE ROBBER BRIDEGROOM,waiting,1
THE ROBBER BRIDEGROOM,walked,2
THE ROBBER BRIDEGROOM,wall,2
THE ROBBER BRIDEGROOM,was,15
THE ROBBER BRIDEGROOM,water,1
THE ROBBER BRIDEGROOM,way,3
THE ROBBER BRIDEGROOM,we,2
THE ROBBER BRIDEGROOM,well,1
THE ROBBER BRIDEGROOM,went,5
THE ROBBER BRIDEGROOM,were,7
THE ROBBER BRIDEGROOM,what,2
THE ROBBER BRIDEGROOM,when,4
THE ROBBER BRIDEGROOM,where,1
THE ROBBER BRIDEGROOM,which,4
THE ROBBER BRIDEGROOM,white,2
THE ROBBER BRIDEGROOM,who,7
THE ROBBER BRIDEGROOM,whole,1
THE ROBBER BRIDEGROOM,wicked,1
THE ROBBER BRIDEGROOM,will,9
THE ROBBER BRIDEGROOM,wind,1
THE ROBBER BRIDEGROOM,wine,4
THE ROBBER BRIDEGROOM,with,13
THE ROBBER BRIDEGROOM,within,1
THE ROBBER BRIDEGROOM,without,3
THE ROBBER BRIDEGROOM,woman,9
THE ROBBER BRIDEGROOM,won,1
THE ROBBER BRIDEGROOM,word,1
THE ROBBER BRIDEGROOM,words,3
THE ROBBER BRIDEGROOM,would,2
THE ROBBER BRIDEGROOM,yellow,2
THE ROBBER BRIDEGROOM,yet,1
THE ROBBER BRIDEGROOM,you,24
THE ROBBER BRIDEGROOM,young,5
THE ROBBER BRIDEGROOM,your,5
THE ROBBER BRIDEGROOM,yourself,1
THE SALAD,a,45
THE SALAD,about,8
THE SALAD,after,5
THE SALAD,again,3
THE SALAD,against,1
THE SALAD,alas,2
THE SALAD,alive,1
THE SALAD,all,13
THE SALAD,alone,1
THE SALAD,along,3
THE SALAD,already,1
THE SALAD,also,2
THE SALAD,always,1
THE SALAD,am,6
THE SALAD,amongst,1
THE SALAD,an,4
THE SALAD,and,125
THE SALAD,angry,1
THE SALAD,another,2
THE SALAD,answered,1
THE SALAD,any,5
THE SALAD,anything,1
THE SALAD,apples,1
THE SALAD,are,3
THE SALAD,arose,1
THE SALAD,around,2
THE SALAD,as,14
THE SALAD,ask,1
THE SALAD,asked,1
THE SALAD,asleep,2
THE SALAD,ass,4
THE SALAD,asses,1
THE SALAD,at,11
THE SALAD,ate,4
THE SALAD,away,7
THE SALAD,awoke,3
THE SALAD,back,2
THE SALAD,bad,2
THE SALAD,bag,2
THE SALAD,be,10
THE SALAD,beasts,1
THE SALAD,beaten,1
THE SALAD,beautiful,6
THE SALAD,been,2
THE SALAD,before,3
THE SALAD,begins,1
THE SALAD,being,1
THE SALAD,belonged,1
THE SALAD,bills,1
THE SALAD,bird,7
THE SALAD,birds,3
THE SALAD,bites,1
THE SALAD,bore,1
THE SALAD,both,2
THE SALAD,bow,1
THE SALAD,branches,1
THE SALAD,braying,2
THE SALAD,bring,2
THE SALAD,brings,1
THE SALAD,briskly,1
THE SALAD,broke,1
THE SALAD,brought,2
THE SALAD,brown,1
THE SALAD,business,1
THE SALAD,but,17
THE SALAD,by,3
THE SALAD,cabbages,1
THE SALAD,came,10
THE SALAD,can,10
THE SALAD,carried,2
THE SALAD,carries,1
THE SALAD,carry,3
THE SALAD,castle,5
THE SALAD,caught,1
THE SALAD,change,1
THE SALAD,changed,1
THE SALAD,chattering,1
THE SALAD,child,1
THE SALAD,chirping,1
THE SALAD,climbed,1
THE SALAD,climbing,1
THE SALAD,cloak,8
THE SALAD,closet,1
THE SALAD,cloud,2
THE SALAD,come,4
THE SALAD,coming,1
THE SALAD,costly,1
THE SALAD,could,2
THE SALAD,country,1
THE SALAD,countryman,2
THE SALAD,court,4
THE SALAD,curled,1
THE SALAD,cut,2
THE SALAD,day,8
THE SALAD,days,2
THE SALAD,dead,4
THE SALAD,deal,1
THE SALAD,dear,3
THE SALAD,dearest,1
THE SALAD,deep,1
THE SALAD,delighted,1
THE SALAD,diamonds,3
THE SALAD,did,2
THE SALAD,died,1
THE SALAD,dish,3
THE SALAD,do,2
THE SALAD,does,1
THE SALAD,doing,1
THE SALAD,don,2
THE SALAD,done,2
THE SALAD,down,7
THE SALAD,dressed,1
THE SALAD,drew,1
THE SALAD,drive,1
THE SALAD,each,2
THE SALAD,eat,5
THE SALAD,else,1
THE SALAD,enable,1
THE SALAD,end,1
THE SALAD,enough,4
THE SALAD,even,1
THE SALAD,every,4
THE SALAD,everything,2
THE SALAD,eyes,1
THE SALAD,face,2
THE SALAD,fall,3
THE SALAD,farther,2
THE SALAD,fear,1
THE SALAD,feathers,1
THE SALAD,feet,1
THE SALAD,feigning,1
THE SALAD,fell,4
THE SALAD,felt,4
THE SALAD,few,2
THE SALAD,fierce,1
THE SALAD,fighting,1
THE SALAD,find,6
THE SALAD,fine,2
THE SALAD,finest,2
THE SALAD,first,1
THE SALAD,fit,1
THE SALAD,flew,1
THE SALAD,flies,1
THE SALAD,flock,2
THE SALAD,folks,1
THE SALAD,food,1
THE SALAD,foot,1
THE SALAD,for,19
THE SALAD,forced,1
THE SALAD,forgive,1
THE SALAD,form,2
THE SALAD,fortune,1
THE SALAD,found,5
THE SALAD,friend,1
THE SALAD,friends,2
THE SALAD,from,2
THE SALAD,fruits,1
THE SALAD,garden,1
THE SALAD,gave,3
THE SALAD,gently,1
THE SALAD,get,2
THE SALAD,getting,1
THE SALAD,giants,2
THE SALAD,give,7
THE SALAD,glittered,1
THE SALAD,glittering,1
THE SALAD,go,8
THE SALAD,going,3
THE SALAD,gold,6
THE SALAD,gone,2
THE SALAD,good,5
THE SALAD,got,1
THE SALAD,granite,2
THE SALAD,great,2
THE SALAD,green,1
THE SALAD,greens,1
THE SALAD,grief,2
THE SALAD,ground,3
THE SALAD,grow,1
THE SALAD,grows,1
THE SALAD,had,10
THE SALAD,hand,1
THE SALAD,hangs,1
THE SALAD,happen,1
THE SALAD,happened,3
THE SALAD,happens,1
THE SALAD,happily,1
THE SALAD,has,2
THE SALAD,have,15
THE SALAD,hay,3
THE SALAD,he,71
THE SALAD,head,3
THE SALAD,heads,1
THE SALAD,heaped,1
THE SALAD,heard,3
THE SALAD,heart,10
THE SALAD,heat,1
THE SALAD,help,2
THE SALAD,her,12
THE SALAD,here,3
THE SALAD,herself,3
THE SALAD,higher,1
THE SALAD,him,29
THE SALAD,himself,10
THE SALAD,his,27
THE SALAD,hold,1
THE SALAD,home,3
THE SALAD,horror,1
THE SALAD,house,1
THE SALAD,how,1
THE SALAD,however,1
THE SALAD,hundred,1
THE SALAD,hung,2
THE SALAD,hungry,2
THE SALAD,huntsman,13
THE SALAD,i,40
THE SALAD,if,6
THE SALAD,ill,1
THE SALAD,immediately,1
THE SALAD,in,16
THE SALAD,indeed,1
THE SALAD,into,14
THE SALAD,is,11
THE SALAD,it,46
THE SALAD,its,1
THE SALAD,just,3
THE SALAD,keep,2
THE SALAD,kill,1
THE SALAD,kind,2
THE SALAD,kindly,1
THE SALAD,kindness,1
THE SALAD,king,1
THE SALAD,kitchen,3
THE SALAD,knees,1
THE SALAD,knocked,1
THE SALAD,know,3
THE SALAD,knowing,1
THE SALAD,known,1
THE SALAD,lady,15
THE SALAD,laid,4
THE SALAD,lap,1
THE SALAD,large,1
THE SALAD,last,3
THE SALAD,lay,2
THE SALAD,leave,2
THE SALAD,leaves,3
THE SALAD,led,1
THE SALAD,left,1
THE SALAD,let,4
THE SALAD,letting,1
THE SALAD,lies,2
THE SALAD,lifted,1
THE SALAD,like,2
THE SALAD,listen,1
THE SALAD,little,4
THE SALAD,live,1
THE SALAD,lived,2
THE SALAD,ll,2
THE SALAD,lodging,1
THE SALAD,long,3
THE SALAD,longed,2
THE SALAD,longer,2
THE SALAD,look,1
THE SALAD,looked,4
THE SALAD,looking,2
THE SALAD,lost,2
THE SALAD,love,2
THE SALAD,loved,1
THE SALAD,luck,1
THE SALAD,luckily,1
THE SALAD,lucky,2
THE SALAD,lying,1
THE SALAD,made,1
THE SALAD,make,1
THE SALAD,makes,1
THE SALAD,man,2
THE SALAD,married,1
THE SALAD,matter,1
THE SALAD,may,2
THE SALAD,me,11
THE SALAD,meadow,1
THE SALAD,mean,1
THE SALAD,meantime,1
THE SALAD,merry,2
THE SALAD,messenger,2
THE SALAD,midst,2
THE SALAD,might,1
THE SALAD,mill,1
THE SALAD,miller,4
THE SALAD,missed,1
THE SALAD,moment,1
THE SALAD,money,1
THE SALAD,more,3
THE SALAD,morning,5
THE SALAD,mother,2
THE SALAD,mountain,3
THE SALAD,mouth,1
THE SALAD,much,4
THE SALAD,must,4
THE SALAD,my,8
THE SALAD,myself,3
THE SALAD,nearer,1
THE SALAD,neck,1
THE SALAD,neither,1
THE SALAD,never,2
THE SALAD,next,4
THE SALAD,nice,1
THE SALAD,nine,1
THE SALAD,no,2
THE SALAD,nobody,1
THE SALAD,nor,2
THE SALAD,not,13
THE SALAD,nothing,2
THE SALAD,now,6
THE SALAD,o,1
THE SALAD,of,31
THE SALAD,off,6
THE SALAD,old,14
THE SALAD,on,13
THE SALAD,once,3
THE SALAD,one,6
THE SALAD,only,2
THE SALAD,open,2
THE SALAD,opened,1
THE SALAD,or,1
THE SALAD,other,4
THE SALAD,others,1
THE SALAD,ourselves,1
THE SALAD,out,5
THE SALAD,over,3
THE SALAD,own,2
THE SALAD,paid,1
THE SALAD,passed,1
THE SALAD,pay,3
THE SALAD,pears,1
THE SALAD,picked,3
THE SALAD,piece,3
THE SALAD,pillow,4
THE SALAD,pitied,1
THE SALAD,pity,1
THE SALAD,place,1
THE SALAD,pocket,1
THE SALAD,pray,1
THE SALAD,prize,2
THE SALAD,pulling,1
THE SALAD,pushed,1
THE SALAD,put,2
THE SALAD,quite,2
THE SALAD,ran,3
THE SALAD,rare,1
THE SALAD,reach,1
THE SALAD,ready,2
THE SALAD,real,1
THE SALAD,reason,1
THE SALAD,refresh,1
THE SALAD,rest,3
THE SALAD,reward,1
THE SALAD,right,1
THE SALAD,rise,1
THE SALAD,road,1
THE SALAD,rock,3
THE SALAD,roguery,2
THE SALAD,rolling,2
THE SALAD,room,1
THE SALAD,rope,1
THE SALAD,running,1
THE SALAD,s,10
THE SALAD,sad,1
THE SALAD,said,35
THE SALAD,salad,12
THE SALAD,same,2
THE SALAD,sat,4
THE SALAD,save,1
THE SALAD,saw,5
THE SALAD,saying,1
THE SALAD,scarcely,3
THE SALAD,scorches,1
THE SALAD,screaming,2
THE SALAD,second,1
THE SALAD,see,4
THE SALAD,seeing,1
THE SALAD,seem,1
THE SALAD,seemed,1
THE SALAD,sent,1
THE SALAD,servantmaid,2
THE SALAD,set,1
THE SALAD,settled,1
THE SALAD,shall,3
THE SALAD,shape,1
THE SALAD,share,1
THE SALAD,she,12
THE SALAD,shoot,1
THE SALAD,short,1
THE SALAD,shot,1
THE SALAD,should,1
THE SALAD,shoulders,1
THE SALAD,side,1
THE SALAD,sides,1
THE SALAD,sight,1
THE SALAD,sir,1
THE SALAD,sit,1
THE SALAD,sitting,1
THE SALAD,sleep,2
THE SALAD,sleeping,1
THE SALAD,slept,1
THE SALAD,so,26
THE SALAD,some,6
THE SALAD,something,3
THE SALAD,soon,2
THE SALAD,sorrowful,3
THE SALAD,sound,1
THE SALAD,stained,1
THE SALAD,stand,1
THE SALAD,steps,1
THE SALAD,still,1
THE SALAD,stole,1
THE SALAD,stood,1
THE SALAD,strengthen,1
THE SALAD,striding,1
THE SALAD,stripes,3
THE SALAD,such,1
THE SALAD,sun,2
THE SALAD,sure,1
THE SALAD,swallowed,2
THE SALAD,t,2
THE SALAD,take,4
THE SALAD,taste,4
THE SALAD,tasted,2
THE SALAD,tell,2
THE SALAD,than,2
THE SALAD,thanked,1
THE SALAD,that,28
THE SALAD,the,142
THE SALAD,their,4
THE SALAD,them,17
THE SALAD,then,17
THE SALAD,there,9
THE SALAD,they,13
THE SALAD,thick,1
THE SALAD,thing,3
THE SALAD,think,1
THE SALAD,third,1
THE SALAD,thirsty,1
THE SALAD,this,11
THE SALAD,those,1
THE SALAD,thought,7
THE SALAD,three,6
THE SALAD,through,2
THE SALAD,tied,1
THE SALAD,till,5
THE SALAD,time,5
THE SALAD,times,3
THE SALAD,tired,2
THE SALAD,tiresome,1
THE SALAD,to,54
THE SALAD,together,1
THE SALAD,told,4
THE SALAD,too,3
THE SALAD,took,10
THE SALAD,top,1
THE SALAD,travelling,1
THE SALAD,treachery,1
THE SALAD,tread,1
THE SALAD,treat,2
THE SALAD,tree,1
THE SALAD,tricked,1
THE SALAD,trouble,1
THE SALAD,try,1
THE SALAD,tugging,1
THE SALAD,turned,2
THE SALAD,two,5
THE SALAD,under,6
THE SALAD,underneath,1
THE SALAD,up,13
THE SALAD,upon,4
THE SALAD,us,4
THE SALAD,use,1
THE SALAD,vegetables,1
THE SALAD,very,8
THE SALAD,wait,2
THE SALAD,wandering,1
THE SALAD,want,2
THE SALAD,wanted,3
THE SALAD,was,20
THE SALAD,washed,1
THE SALAD,way,4
THE SALAD,we,3
THE SALAD,wealth,1
THE SALAD,wear,1
THE SALAD,weariness,1
THE SALAD,welcomed,1
THE SALAD,well,2
THE SALAD,went,8
THE SALAD,were,6
THE SALAD,what,9
THE SALAD,whatever,1
THE SALAD,when,15
THE SALAD,whenever,1
THE SALAD,where,5
THE SALAD,which,1
THE SALAD,whilst,2
THE SALAD,whirlwind,1
THE SALAD,who,6
THE SALAD,wife,1
THE SALAD,wild,1
THE SALAD,will,21
THE SALAD,window,2
THE SALAD,windows,1
THE SALAD,wish,3
THE SALAD,wished,4
THE SALAD,wishingcloak,3
THE SALAD,witch,7
THE SALAD,with,15
THE SALAD,wither,1
THE SALAD,woman,9
THE SALAD,wonderful,3
THE SALAD,wood,3
THE SALAD,world,2
THE SALAD,worm,1
THE SALAD,worse,1
THE SALAD,worth,1
THE SALAD,would,1
THE SALAD,yet,1
THE SALAD,yonder,1
THE SALAD,you,26
THE SALAD,young,11
THE SALAD,youngest,1
THE SALAD,your,7
THE SALAD,yourself,1
THE SEVEN RAVENS,a,19
THE SEVEN RAVENS,about,2
THE SEVEN RAVENS,after,1
THE SEVEN RAVENS,again,2
THE SEVEN RAVENS,air,1
THE SEVEN RAVENS,all,7
THE SEVEN RAVENS,although,1
THE SEVEN RAVENS,an,1
THE SEVEN RAVENS,and,67
THE SEVEN RAVENS,another,1
THE SEVEN RAVENS,answered,1
THE SEVEN RAVENS,any,2
THE SEVEN RAVENS,are,2
THE SEVEN RAVENS,as,6
THE SEVEN RAVENS,asked,1
THE SEVEN RAVENS,at,6
THE SEVEN RAVENS,ate,1
THE SEVEN RAVENS,away,3
THE SEVEN RAVENS,back,1
THE SEVEN RAVENS,be,9
THE SEVEN RAVENS,beautiful,2
THE SEVEN RAVENS,became,1
THE SEVEN RAVENS,become,1
THE SEVEN RAVENS,been,3
THE SEVEN RAVENS,before,1
THE SEVEN RAVENS,behind,1
THE SEVEN RAVENS,birth,1
THE SEVEN RAVENS,black,1
THE SEVEN RAVENS,blood,1
THE SEVEN RAVENS,bottom,1
THE SEVEN RAVENS,bound,1
THE SEVEN RAVENS,bread,1
THE SEVEN RAVENS,bring,1
THE SEVEN RAVENS,brothers,8
THE SEVEN RAVENS,brought,2
THE SEVEN RAVENS,but,14
THE SEVEN RAVENS,by,1
THE SEVEN RAVENS,came,7
THE SEVEN RAVENS,can,1
THE SEVEN RAVENS,care,1
THE SEVEN RAVENS,case,2
THE SEVEN RAVENS,castle,2
THE SEVEN RAVENS,cause,1
THE SEVEN RAVENS,caw,2
THE SEVEN RAVENS,chance,1
THE SEVEN RAVENS,chilly,1
THE SEVEN RAVENS,christened,1
THE SEVEN RAVENS,cloth,2
THE SEVEN RAVENS,coal,1
THE SEVEN RAVENS,cold,1
THE SEVEN RAVENS,come,4
THE SEVEN RAVENS,comforted,1
THE SEVEN RAVENS,cost,1
THE SEVEN RAVENS,could,5
THE SEVEN RAVENS,croaking,2
THE SEVEN RAVENS,cut,1
THE SEVEN RAVENS,dared,2
THE SEVEN RAVENS,daughter,2
THE SEVEN RAVENS,day,4
THE SEVEN RAVENS,dear,1
THE SEVEN RAVENS,did,4
THE SEVEN RAVENS,dinner,1
THE SEVEN RAVENS,do,2
THE SEVEN RAVENS,done,2
THE SEVEN RAVENS,door,3
THE SEVEN RAVENS,drank,1
THE SEVEN RAVENS,drawing,1
THE SEVEN RAVENS,drink,2
THE SEVEN RAVENS,drinking,1
THE SEVEN RAVENS,drop,1
THE SEVEN RAVENS,dwarf,4
THE SEVEN RAVENS,each,5
THE SEVEN RAVENS,ease,1
THE SEVEN RAVENS,eat,1
THE SEVEN RAVENS,eaten,1
THE SEVEN RAVENS,end,1
THE SEVEN RAVENS,ever,1
THE SEVEN RAVENS,every,2
THE SEVEN RAVENS,faithful,1
THE SEVEN RAVENS,fall,2
THE SEVEN RAVENS,father,6
THE SEVEN RAVENS,felt,1
THE SEVEN RAVENS,fiery,1
THE SEVEN RAVENS,find,1
THE SEVEN RAVENS,finger,1
THE SEVEN RAVENS,first,1
THE SEVEN RAVENS,flesh,1
THE SEVEN RAVENS,flew,1
THE SEVEN RAVENS,fluttering,1
THE SEVEN RAVENS,flying,1
THE SEVEN RAVENS,food,1
THE SEVEN RAVENS,foolishly,1
THE SEVEN RAVENS,for,10
THE SEVEN RAVENS,forgotten,1
THE SEVEN RAVENS,form,1
THE SEVEN RAVENS,forward,1
THE SEVEN RAVENS,found,2
THE SEVEN RAVENS,free,2
THE SEVEN RAVENS,friendly,1
THE SEVEN RAVENS,from,2
THE SEVEN RAVENS,fulfilled,1
THE SEVEN RAVENS,game,1
THE SEVEN RAVENS,gave,1
THE SEVEN RAVENS,get,1
THE SEVEN RAVENS,getting,1
THE SEVEN RAVENS,gift,1
THE SEVEN RAVENS,girl,4
THE SEVEN RAVENS,given,1
THE SEVEN RAVENS,glass,4
THE SEVEN RAVENS,glasses,2
THE SEVEN RAVENS,glassmountain,3
THE SEVEN RAVENS,go,1
THE SEVEN RAVENS,good,1
THE SEVEN RAVENS,grieved,1
THE SEVEN RAVENS,had,13
THE SEVEN RAVENS,has,2
THE SEVEN RAVENS,haste,1
THE SEVEN RAVENS,have,4
THE SEVEN RAVENS,he,10
THE SEVEN RAVENS,head,1
THE SEVEN RAVENS,heard,4
THE SEVEN RAVENS,heaven,1
THE SEVEN RAVENS,her,21
THE SEVEN RAVENS,here,1
THE SEVEN RAVENS,herself,2
THE SEVEN RAVENS,hide,1
THE SEVEN RAVENS,him,1
THE SEVEN RAVENS,himself,1
THE SEVEN RAVENS,his,8
THE SEVEN RAVENS,home,3
THE SEVEN RAVENS,hot,1
THE SEVEN RAVENS,how,1
THE SEVEN RAVENS,hugged,1
THE SEVEN RAVENS,hungry,1
THE SEVEN RAVENS,hurry,2
THE SEVEN RAVENS,i,3
THE SEVEN RAVENS,if,3
THE SEVEN RAVENS,in,14
THE SEVEN RAVENS,indeed,1
THE SEVEN RAVENS,innocent,1
THE SEVEN RAVENS,instant,1
THE SEVEN RAVENS,into,5
THE SEVEN RAVENS,is,1
THE SEVEN RAVENS,it,10
THE SEVEN RAVENS,journeyed,1
THE SEVEN RAVENS,just,1
THE SEVEN RAVENS,key,1
THE SEVEN RAVENS,kind,1
THE SEVEN RAVENS,kissed,1
THE SEVEN RAVENS,knew,1
THE SEVEN RAVENS,knife,1
THE SEVEN RAVENS,know,3
THE SEVEN RAVENS,last,2
THE SEVEN RAVENS,length,1
THE SEVEN RAVENS,let,2
THE SEVEN RAVENS,lips,1
THE SEVEN RAVENS,listened,1
THE SEVEN RAVENS,little,25
THE SEVEN RAVENS,live,2
THE SEVEN RAVENS,loaf,1
THE SEVEN RAVENS,long,2
THE SEVEN RAVENS,longer,2
THE SEVEN RAVENS,looked,4
THE SEVEN RAVENS,looking,1
THE SEVEN RAVENS,loss,1
THE SEVEN RAVENS,lost,3
THE SEVEN RAVENS,made,1
THE SEVEN RAVENS,man,1
THE SEVEN RAVENS,masters,2
THE SEVEN RAVENS,meantime,1
THE SEVEN RAVENS,men,1
THE SEVEN RAVENS,merrily,1
THE SEVEN RAVENS,might,2
THE SEVEN RAVENS,moon,2
THE SEVEN RAVENS,more,1
THE SEVEN RAVENS,morning,1
THE SEVEN RAVENS,mortal,1
THE SEVEN RAVENS,mother,4
THE SEVEN RAVENS,mourned,1
THE SEVEN RAVENS,much,2
THE SEVEN RAVENS,must,1
THE SEVEN RAVENS,my,5
THE SEVEN RAVENS,neither,1
THE SEVEN RAVENS,no,2
THE SEVEN RAVENS,none,1
THE SEVEN RAVENS,nor,1
THE SEVEN RAVENS,not,11
THE SEVEN RAVENS,nothing,1
THE SEVEN RAVENS,now,1
THE SEVEN RAVENS,o,1
THE SEVEN RAVENS,of,25
THE SEVEN RAVENS,off,1
THE SEVEN RAVENS,on,5
THE SEVEN RAVENS,once,2
THE SEVEN RAVENS,one,6
THE SEVEN RAVENS,only,1
THE SEVEN RAVENS,opened,1
THE SEVEN RAVENS,other,3
THE SEVEN RAVENS,our,1
THE SEVEN RAVENS,out,5
THE SEVEN RAVENS,over,2
THE SEVEN RAVENS,own,1
THE SEVEN RAVENS,people,1
THE SEVEN RAVENS,piece,6
THE SEVEN RAVENS,pitcher,1
THE SEVEN RAVENS,pitchers,1
THE SEVEN RAVENS,pity,1
THE SEVEN RAVENS,plate,2
THE SEVEN RAVENS,plates,2
THE SEVEN RAVENS,play,1
THE SEVEN RAVENS,pocket,1
THE SEVEN RAVENS,pray,1
THE SEVEN RAVENS,pretty,1
THE SEVEN RAVENS,put,1
THE SEVEN RAVENS,quickly,1
THE SEVEN RAVENS,rage,1
THE SEVEN RAVENS,ran,3
THE SEVEN RAVENS,ravens,4
THE SEVEN RAVENS,ready,1
THE SEVEN RAVENS,rest,2
THE SEVEN RAVENS,right,1
THE SEVEN RAVENS,ring,3
THE SEVEN RAVENS,rolled,1
THE SEVEN RAVENS,rose,1
THE SEVEN RAVENS,round,2
THE SEVEN RAVENS,s,3
THE SEVEN RAVENS,sadly,1
THE SEVEN RAVENS,said,11
THE SEVEN RAVENS,sake,1
THE SEVEN RAVENS,sat,1
THE SEVEN RAVENS,save,1
THE SEVEN RAVENS,saw,2
THE SEVEN RAVENS,scarcely,1
THE SEVEN RAVENS,see,1
THE SEVEN RAVENS,seek,1
THE SEVEN RAVENS,seeking,1
THE SEVEN RAVENS,sent,1
THE SEVEN RAVENS,set,2
THE SEVEN RAVENS,seven,7
THE SEVEN RAVENS,seventh,1
THE SEVEN RAVENS,she,36
THE SEVEN RAVENS,should,6
THE SEVEN RAVENS,shut,1
THE SEVEN RAVENS,sister,3
THE SEVEN RAVENS,six,1
THE SEVEN RAVENS,size,1
THE SEVEN RAVENS,small,3
THE SEVEN RAVENS,smell,1
THE SEVEN RAVENS,so,9
THE SEVEN RAVENS,some,2
THE SEVEN RAVENS,sons,3
THE SEVEN RAVENS,soon,1
THE SEVEN RAVENS,sorry,1
THE SEVEN RAVENS,speak,2
THE SEVEN RAVENS,spoken,1
THE SEVEN RAVENS,spring,1
THE SEVEN RAVENS,stands,1
THE SEVEN RAVENS,star,2
THE SEVEN RAVENS,stars,3
THE SEVEN RAVENS,stay,1
THE SEVEN RAVENS,step,1
THE SEVEN RAVENS,still,2
THE SEVEN RAVENS,stole,1
THE SEVEN RAVENS,stood,2
THE SEVEN RAVENS,stool,2
THE SEVEN RAVENS,stronger,1
THE SEVEN RAVENS,such,1
THE SEVEN RAVENS,sudden,1
THE SEVEN RAVENS,sun,2
THE SEVEN RAVENS,surely,1
THE SEVEN RAVENS,table,1
THE SEVEN RAVENS,tell,1
THE SEVEN RAVENS,that,10
THE SEVEN RAVENS,the,56
THE SEVEN RAVENS,their,7
THE SEVEN RAVENS,them,6
THE SEVEN RAVENS,themselves,1
THE SEVEN RAVENS,then,6
THE SEVEN RAVENS,there,4
THE SEVEN RAVENS,these,1
THE SEVEN RAVENS,they,11
THE SEVEN RAVENS,thirsty,1
THE SEVEN RAVENS,this,5
THE SEVEN RAVENS,thought,2
THE SEVEN RAVENS,thus,1
THE SEVEN RAVENS,till,3
THE SEVEN RAVENS,time,2
THE SEVEN RAVENS,tis,1
THE SEVEN RAVENS,to,22
THE SEVEN RAVENS,too,1
THE SEVEN RAVENS,took,6
THE SEVEN RAVENS,truth,1
THE SEVEN RAVENS,turned,1
THE SEVEN RAVENS,undone,1
THE SEVEN RAVENS,uneasy,1
THE SEVEN RAVENS,unlock,1
THE SEVEN RAVENS,until,1
THE SEVEN RAVENS,unwrapped,1
THE SEVEN RAVENS,up,4
THE SEVEN RAVENS,upon,4
THE SEVEN RAVENS,very,2
THE SEVEN RAVENS,wait,1
THE SEVEN RAVENS,waited,1
THE SEVEN RAVENS,wanted,3
THE SEVEN RAVENS,was,15
THE SEVEN RAVENS,water,3
THE SEVEN RAVENS,way,2
THE SEVEN RAVENS,we,1
THE SEVEN RAVENS,weak,1
THE SEVEN RAVENS,weary,1
THE SEVEN RAVENS,ween,1
THE SEVEN RAVENS,well,3
THE SEVEN RAVENS,went,5
THE SEVEN RAVENS,were,2
THE SEVEN RAVENS,what,6
THE SEVEN RAVENS,whatever,1
THE SEVEN RAVENS,when,7
THE SEVEN RAVENS,wherever,1
THE SEVEN RAVENS,which,1
THE SEVEN RAVENS,who,4
THE SEVEN RAVENS,whole,1
THE SEVEN RAVENS,wide,1
THE SEVEN RAVENS,will,2
THE SEVEN RAVENS,wish,1
THE SEVEN RAVENS,wished,1
THE SEVEN RAVENS,with,4
THE SEVEN RAVENS,wood,5
THE SEVEN RAVENS,words,1
THE SEVEN RAVENS,world,2
THE SEVEN RAVENS,would,1
THE SEVEN RAVENS,yes,1
THE SEVEN RAVENS,yet,1
THE SEVEN RAVENS,you,4
THE SEVEN RAVENS,young,1
THE SEVEN RAVENS,your,1
THE STORY OF THE YOUTH WHO WENT FORTH TO LEARN WHAT FEAR WAS,a,62
THE STORY OF THE YOUTH WHO WENT FORTH TO LEARN WHAT FEAR WAS,able,1
THE STORY OF THE YOUTH WHO WENT FORTH TO LEARN WHAT FEAR WAS,about,7
THE STORY OF THE YOUTH WHO WENT FORTH TO LEARN WHAT FEAR WAS,above,1
THE STORY OF THE YOUTH WHO WENT FORTH TO LEARN WHAT FEAR WAS,accord,1
THE STORY OF THE YOUTH WHO WENT FORTH TO LEARN WHAT FEAR WAS,actually,1
THE STORY OF THE YOUTH WHO WENT FORTH TO LEARN WHAT FEAR WAS,afraid,1
THE STORY OF THE YOUTH WHO WENT FORTH TO LEARN WHAT FEAR WAS,after,8
THE STORY OF THE YOUTH WHO WENT FORTH TO LEARN WHAT FEAR WAS,again,16
THE STORY OF THE YOUTH WHO WENT FORTH TO LEARN WHAT FEAR WAS,against,2
THE STORY OF THE YOUTH WHO WENT FORTH TO LEARN WHAT FEAR WAS,ago,1
THE STORY OF THE YOUTH WHO WENT FORTH TO LEARN WHAT FEAR WAS,ah,7
THE STORY OF THE YOUTH WHO WENT FORTH TO LEARN WHAT FEAR WAS,air,1
THE STORY OF THE YOUTH WHO WENT FORTH TO LEARN WHAT FEAR WAS,alive,1
THE STORY OF THE YOUTH WHO WENT FORTH TO LEARN WHAT FEAR WAS,all,11
THE STORY OF THE YOUTH WHO WENT FORTH TO LEARN WHAT FEAR WAS,allow,1
THE STORY OF THE YOUTH WHO WENT FORTH TO LEARN WHAT FEAR WAS,allowed,1
THE STORY OF THE YOUTH WHO WENT FORTH TO LEARN WHAT FEAR WAS,already,2
THE STORY OF THE YOUTH WHO WENT FORTH TO LEARN WHAT FEAR WAS,also,3
THE STORY OF THE YOUTH WHO WENT FORTH TO LEARN WHAT FEAR WAS,always,4
THE STORY OF THE YOUTH WHO WENT FORTH TO LEARN WHAT FEAR WAS,am,4
THE STORY OF THE YOUTH WHO WENT FORTH TO LEARN WHAT FEAR WAS,an,9
THE STORY OF THE YOUTH WHO WENT FORTH TO LEARN WHAT FEAR WAS,and,189
THE STORY OF THE YOUTH WHO WENT FORTH TO LEARN WHAT FEAR WAS,angered,1
THE STORY OF THE YOUTH WHO WENT FORTH TO LEARN WHAT FEAR WAS,angry,1
THE STORY OF THE YOUTH WHO WENT FORTH TO LEARN WHAT FEAR WAS,another,1
THE STORY OF THE YOUTH WHO WENT FORTH TO LEARN WHAT FEAR WAS,answer,2
THE STORY OF THE YOUTH WHO WENT FORTH TO LEARN WHAT FEAR WAS,answered,9
THE STORY OF THE YOUTH WHO WENT FORTH TO LEARN WHAT FEAR WAS,anvil,3
THE STORY OF THE YOUTH WHO WENT FORTH TO LEARN WHAT FEAR WAS,any,3
THE STORY OF THE YOUTH WHO WENT FORTH TO LEARN WHAT FEAR WAS,anyone,2
THE STORY OF THE YOUTH WHO WENT FORTH TO LEARN WHAT FEAR WAS,anything,4
THE STORY OF THE YOUTH WHO WENT FORTH TO LEARN WHAT FEAR WAS,approached,1
THE STORY OF THE YOUTH WHO WENT FORTH TO LEARN WHAT FEAR WAS,are,14
THE STORY OF THE YOUTH WHO WENT FORTH TO LEARN WHAT FEAR WAS,arise,1
THE STORY OF THE YOUTH WHO WENT FORTH TO LEARN WHAT FEAR WAS,arms,1
THE STORY OF THE YOUTH WHO WENT FORTH TO LEARN WHAT FEAR WAS,arrived,1
THE STORY OF THE YOUTH WHO WENT FORTH TO LEARN WHAT FEAR WAS,art,2
THE STORY OF THE YOUTH WHO WENT FORTH TO LEARN WHAT FEAR WAS,as,25
THE STORY OF THE YOUTH WHO WENT FORTH TO LEARN WHAT FEAR WAS,ashamed,1
THE STORY OF THE YOUTH WHO WENT FORTH TO LEARN WHAT FEAR WAS,ask,2
THE STORY OF THE YOUTH WHO WENT FORTH TO LEARN WHAT FEAR WAS,asked,6
THE STORY OF THE YOUTH WHO WENT FORTH TO LEARN WHAT FEAR WAS,asleep,3
THE STORY OF THE YOUTH WHO WENT FORTH TO LEARN WHAT FEAR WAS,astonished,1
THE STORY OF THE YOUTH WHO WENT FORTH TO LEARN WHAT FEAR WAS,at,22
THE STORY OF THE YOUTH WHO WENT FORTH TO LEARN WHAT FEAR WAS,au,1
THE STORY OF THE YOUTH WHO WENT FORTH TO LEARN WHAT FEAR WAS,away,9
THE STORY OF THE YOUTH WHO WENT FORTH TO LEARN WHAT FEAR WAS,awoke,1
THE STORY OF THE YOUTH WHO WENT FORTH TO LEARN WHAT FEAR WAS,axe,3
THE STORY OF THE YOUTH WHO WENT FORTH TO LEARN WHAT FEAR WAS,back,4
THE STORY OF THE YOUTH WHO WENT FORTH TO LEARN WHAT FEAR WAS,backward,1
THE STORY OF THE YOUTH WHO WENT FORTH TO LEARN WHAT FEAR WAS,backwards,1
THE STORY OF THE YOUTH WHO WENT FORTH TO LEARN WHAT FEAR WAS,bad,1
THE STORY OF THE YOUTH WHO WENT FORTH TO LEARN WHAT FEAR WAS,bade,2
THE STORY OF THE YOUTH WHO WENT FORTH TO LEARN WHAT FEAR WAS,balls,1
THE STORY OF THE YOUTH WHO WENT FORTH TO LEARN WHAT FEAR WAS,bar,1
THE STORY OF THE YOUTH WHO WENT FORTH TO LEARN WHAT FEAR WAS,bargain,1
THE STORY OF THE YOUTH WHO WENT FORTH TO LEARN WHAT FEAR WAS,be,20
THE STORY OF THE YOUTH WHO WENT FORTH TO LEARN WHAT FEAR WAS,beard,3
THE STORY OF THE YOUTH WHO WENT FORTH TO LEARN WHAT FEAR WAS,bearded,1
THE STORY OF THE YOUTH WHO WENT FORTH TO LEARN WHAT FEAR WAS,beat,1
THE STORY OF THE YOUTH WHO WENT FORTH TO LEARN WHAT FEAR WAS,beautiful,2
THE STORY OF THE YOUTH WHO WENT FORTH TO LEARN WHAT FEAR WAS,became,2
THE STORY OF THE YOUTH WHO WENT FORTH TO LEARN WHAT FEAR WAS,beckoned,1
THE STORY OF THE YOUTH WHO WENT FORTH TO LEARN WHAT FEAR WAS,bed,6
THE STORY OF THE YOUTH WHO WENT FORTH TO LEARN WHAT FEAR WAS,been,2
THE STORY OF THE YOUTH WHO WENT FORTH TO LEARN WHAT FEAR WAS,before,4
THE STORY OF THE YOUTH WHO WENT FORTH TO LEARN WHAT FEAR WAS,began,6
THE STORY OF THE YOUTH WHO WENT FORTH TO LEARN WHAT FEAR WAS,behind,1
THE STORY OF THE YOUTH WHO WENT FORTH TO LEARN WHAT FEAR WAS,bell,4
THE STORY OF THE YOUTH WHO WENT FORTH TO LEARN WHAT FEAR WAS,belongs,1
THE STORY OF THE YOUTH WHO WENT FORTH TO LEARN WHAT FEAR WAS,below,2
THE STORY OF THE YOUTH WHO WENT FORTH TO LEARN WHAT FEAR WAS,bench,2
THE STORY OF THE YOUTH WHO WENT FORTH TO LEARN WHAT FEAR WAS,bend,1
THE STORY OF THE YOUTH WHO WENT FORTH TO LEARN WHAT FEAR WAS,beneath,2
THE STORY OF THE YOUTH WHO WENT FORTH TO LEARN WHAT FEAR WAS,beside,1
THE STORY OF THE YOUTH WHO WENT FORTH TO LEARN WHAT FEAR WAS,betimes,1
THE STORY OF THE YOUTH WHO WENT FORTH TO LEARN WHAT FEAR WAS,better,2
THE STORY OF THE YOUTH WHO WENT FORTH TO LEARN WHAT FEAR WAS,between,1
THE STORY OF THE YOUTH WHO WENT FORTH TO LEARN WHAT FEAR WAS,bewailed,1
THE STORY OF THE YOUTH WHO WENT FORTH TO LEARN WHAT FEAR WAS,big,1
THE STORY OF THE YOUTH WHO WENT FORTH TO LEARN WHAT FEAR WAS,black,3
THE STORY OF THE YOUTH WHO WENT FORTH TO LEARN WHAT FEAR WAS,blew,2
THE STORY OF THE YOUTH WHO WENT FORTH TO LEARN WHAT FEAR WAS,blockhead,1
THE STORY OF THE YOUTH WHO WENT FORTH TO LEARN WHAT FEAR WAS,blood,1
THE STORY OF THE YOUTH WHO WENT FORTH TO LEARN WHAT FEAR WAS,blow,2
THE STORY OF THE YOUTH WHO WENT FORTH TO LEARN WHAT FEAR WAS,blowing,1
THE STORY OF THE YOUTH WHO WENT FORTH TO LEARN WHAT FEAR WAS,bodies,1
THE STORY OF THE YOUTH WHO WENT FORTH TO LEARN WHAT FEAR WAS,boy,12
THE STORY OF THE YOUTH WHO WENT FORTH TO LEARN WHAT FEAR WAS,bread,3
THE STORY OF THE YOUTH WHO WENT FORTH TO LEARN WHAT FEAR WAS,breast,1
THE STORY OF THE YOUTH WHO WENT FORTH TO LEARN WHAT FEAR WAS,bright,1
THE STORY OF THE YOUTH WHO WENT FORTH TO LEARN WHAT FEAR WAS,broke,1
THE STORY OF THE YOUTH WHO WENT FORTH TO LEARN WHAT FEAR WAS,broken,1
THE STORY OF THE YOUTH WHO WENT FORTH TO LEARN WHAT FEAR WAS,brother,3
THE STORY OF THE YOUTH WHO WENT FORTH TO LEARN WHAT FEAR WAS,brought,5
THE STORY OF THE YOUTH WHO WENT FORTH TO LEARN WHAT FEAR WAS,bucket,1
THE STORY OF THE YOUTH WHO WENT FORTH TO LEARN WHAT FEAR WAS,bucketful,1
THE STORY OF THE YOUTH WHO WENT FORTH TO LEARN WHAT FEAR WAS,burning,1
THE STORY OF THE YOUTH WHO WENT FORTH TO LEARN WHAT FEAR WAS,burnt,2
THE STORY OF THE YOUTH WHO WENT FORTH TO LEARN WHAT FEAR WAS,business,1
THE STORY OF THE YOUTH WHO WENT FORTH TO LEARN WHAT FEAR WAS,but,49
THE STORY OF THE YOUTH WHO WENT FORTH TO LEARN WHAT FEAR WAS,by,18
THE STORY OF THE YOUTH WHO WENT FORTH TO LEARN WHAT FEAR WAS,called,1
THE STORY OF THE YOUTH WHO WENT FORTH TO LEARN WHAT FEAR WAS,came,16
THE STORY OF THE YOUTH WHO WENT FORTH TO LEARN WHAT FEAR WAS,can,10
THE STORY OF THE YOUTH WHO WENT FORTH TO LEARN WHAT FEAR WAS,cardplaying,1
THE STORY OF THE YOUTH WHO WENT FORTH TO LEARN WHAT FEAR WAS,cards,1
THE STORY OF THE YOUTH WHO WENT FORTH TO LEARN WHAT FEAR WAS,care,2
THE STORY OF THE YOUTH WHO WENT FORTH TO LEARN WHAT FEAR WAS,carried,4
THE STORY OF THE YOUTH WHO WENT FORTH TO LEARN WHAT FEAR WAS,castle,10
THE STORY OF THE YOUTH WHO WENT FORTH TO LEARN WHAT FEAR WAS,cats,2
THE STORY OF THE YOUTH WHO WENT FORTH TO LEARN WHAT FEAR WAS,caught,2
THE STORY OF THE YOUTH WHO WENT FORTH TO LEARN WHAT FEAR WAS,cause,1
THE STORY OF THE YOUTH WHO WENT FORTH TO LEARN WHAT FEAR WAS,celebrated,1
THE STORY OF THE YOUTH WHO WENT FORTH TO LEARN WHAT FEAR WAS,cellar,1
THE STORY OF THE YOUTH WHO WENT FORTH TO LEARN WHAT FEAR WAS,certain,1
THE STORY OF THE YOUTH WHO WENT FORTH TO LEARN WHAT FEAR WAS,certainly,1
THE STORY OF THE YOUTH WHO WENT FORTH TO LEARN WHAT FEAR WAS,chains,1
THE STORY OF THE YOUTH WHO WENT FORTH TO LEARN WHAT FEAR WAS,chatter,1
THE STORY OF THE YOUTH WHO WENT FORTH TO LEARN WHAT FEAR WAS,chests,1
THE STORY OF THE YOUTH WHO WENT FORTH TO LEARN WHAT FEAR WAS,chimney,1
THE STORY OF THE YOUTH WHO WENT FORTH TO LEARN WHAT FEAR WAS,church,2
THE STORY OF THE YOUTH WHO WENT FORTH TO LEARN WHAT FEAR WAS,churchyard,1
THE STORY OF THE YOUTH WHO WENT FORTH TO LEARN WHAT FEAR WAS,circulate,1
THE STORY OF THE YOUTH WHO WENT FORTH TO LEARN WHAT FEAR WAS,claws,1
THE STORY OF THE YOUTH WHO WENT FORTH TO LEARN WHAT FEAR WAS,climbed,2
THE STORY OF THE YOUTH WHO WENT FORTH TO LEARN WHAT FEAR WAS,clothes,2
THE STORY OF THE YOUTH WHO WENT FORTH TO LEARN WHAT FEAR WAS,coffin,3
THE STORY OF THE YOUTH WHO WENT FORTH TO LEARN WHAT FEAR WAS,cold,6
THE STORY OF THE YOUTH WHO WENT FORTH TO LEARN WHAT FEAR WAS,come,12
THE STORY OF THE YOUTH WHO WENT FORTH TO LEARN WHAT FEAR WAS,comes,1
THE STORY OF THE YOUTH WHO WENT FORTH TO LEARN WHAT FEAR WAS,comrade,1
THE STORY OF THE YOUTH WHO WENT FORTH TO LEARN WHAT FEAR WAS,continually,1
THE STORY OF THE YOUTH WHO WENT FORTH TO LEARN WHAT FEAR WAS,conversation,1
THE STORY OF THE YOUTH WHO WENT FORTH TO LEARN WHAT FEAR WAS,corner,7
THE STORY OF THE YOUTH WHO WENT FORTH TO LEARN WHAT FEAR WAS,could,21
THE STORY OF THE YOUTH WHO WENT FORTH TO LEARN WHAT FEAR WAS,couple,1
THE STORY OF THE YOUTH WHO WENT FORTH TO LEARN WHAT FEAR WAS,cousin,4
THE STORY OF THE YOUTH WHO WENT FORTH TO LEARN WHAT FEAR WAS,covered,1
THE STORY OF THE YOUTH WHO WENT FORTH TO LEARN WHAT FEAR WAS,creep,1
THE STORY OF THE YOUTH WHO WENT FORTH TO LEARN WHAT FEAR WAS,cried,12
THE STORY OF THE YOUTH WHO WENT FORTH TO LEARN WHAT FEAR WAS,crying,1
THE STORY OF THE YOUTH WHO WENT FORTH TO LEARN WHAT FEAR WAS,cure,1
THE STORY OF THE YOUTH WHO WENT FORTH TO LEARN WHAT FEAR WAS,cut,2
THE STORY OF THE YOUTH WHO WENT FORTH TO LEARN WHAT FEAR WAS,cuttingboard,3
THE STORY OF THE YOUTH WHO WENT FORTH TO LEARN WHAT FEAR WAS,cuttingknife,1
THE STORY OF THE YOUTH WHO WENT FORTH TO LEARN WHAT FEAR WAS,dark,1
THE STORY OF THE YOUTH WHO WENT FORTH TO LEARN WHAT FEAR WAS,darkness,1
THE STORY OF THE YOUTH WHO WENT FORTH TO LEARN WHAT FEAR WAS,daughter,3
THE STORY OF THE YOUTH WHO WENT FORTH TO LEARN WHAT FEAR WAS,dawned,1
THE STORY OF THE YOUTH WHO WENT FORTH TO LEARN WHAT FEAR WAS,day,7
THE STORY OF THE YOUTH WHO WENT FORTH TO LEARN WHAT FEAR WAS,daylight,1
THE STORY OF THE YOUTH WHO WENT FORTH TO LEARN WHAT FEAR WAS,days,1
THE STORY OF THE YOUTH WHO WENT FORTH TO LEARN WHAT FEAR WAS,dead,9
THE STORY OF THE YOUTH WHO WENT FORTH TO LEARN WHAT FEAR WAS,deal,1
THE STORY OF THE YOUTH WHO WENT FORTH TO LEARN WHAT FEAR WAS,dear,1
THE STORY OF THE YOUTH WHO WENT FORTH TO LEARN WHAT FEAR WAS,desire,3
THE STORY OF THE YOUTH WHO WENT FORTH TO LEARN WHAT FEAR WAS,devil,1
THE STORY OF THE YOUTH WHO WENT FORTH TO LEARN WHAT FEAR WAS,did,9
THE STORY OF THE YOUTH WHO WENT FORTH TO LEARN WHAT FEAR WAS,die,3
THE STORY OF THE YOUTH WHO WENT FORTH TO LEARN WHAT FEAR WAS,died,1
THE STORY OF THE YOUTH WHO WENT FORTH TO LEARN WHAT FEAR WAS,difficult,1
THE STORY OF THE YOUTH WHO WENT FORTH TO LEARN WHAT FEAR WAS,disappeared,1
THE STORY OF THE YOUTH WHO WENT FORTH TO LEARN WHAT FEAR WAS,dismal,1
THE STORY OF THE YOUTH WHO WENT FORTH TO LEARN WHAT FEAR WAS,do,13
THE STORY OF THE YOUTH WHO WENT FORTH TO LEARN WHAT FEAR WAS,does,1
THE STORY OF THE YOUTH WHO WENT FORTH TO LEARN WHAT FEAR WAS,dogs,1
THE STORY OF THE YOUTH WHO WENT FORTH TO LEARN WHAT FEAR WAS,doing,1
THE STORY OF THE YOUTH WHO WENT FORTH TO LEARN WHAT FEAR WAS,don,3
THE STORY OF THE YOUTH WHO WENT FORTH TO LEARN WHAT FEAR WAS,done,3
THE STORY OF THE YOUTH WHO WENT FORTH TO LEARN WHAT FEAR WAS,down,25
THE STORY OF THE YOUTH WHO WENT FORTH TO LEARN WHAT FEAR WAS,downstairs,1
THE STORY OF THE YOUTH WHO WENT FORTH TO LEARN WHAT FEAR WAS,draw,1
THE STORY OF THE YOUTH WHO WENT FORTH TO LEARN WHAT FEAR WAS,drawing,1
THE STORY OF THE YOUTH WHO WENT FORTH TO LEARN WHAT FEAR WAS,drew,1
THE STORY OF THE YOUTH WHO WENT FORTH TO LEARN WHAT FEAR WAS,drive,1
THE STORY OF THE YOUTH WHO WENT FORTH TO LEARN WHAT FEAR WAS,during,1
THE STORY OF THE YOUTH WHO WENT FORTH TO LEARN WHAT FEAR WAS,each,4
THE STORY OF THE YOUTH WHO WENT FORTH TO LEARN WHAT FEAR WAS,early,1
THE STORY OF THE YOUTH WHO WENT FORTH TO LEARN WHAT FEAR WAS,earn,4
THE STORY OF THE YOUTH WHO WENT FORTH TO LEARN WHAT FEAR WAS,easily,3
THE STORY OF THE YOUTH WHO WENT FORTH TO LEARN WHAT FEAR WAS,either,2
THE STORY OF THE YOUTH WHO WENT FORTH TO LEARN WHAT FEAR WAS,elder,3
THE STORY OF THE YOUTH WHO WENT FORTH TO LEARN WHAT FEAR WAS,embers,1
THE STORY OF THE YOUTH WHO WENT FORTH TO LEARN WHAT FEAR WAS,empty,1
THE STORY OF THE YOUTH WHO WENT FORTH TO LEARN WHAT FEAR WAS,enough,4
THE STORY OF THE YOUTH WHO WENT FORTH TO LEARN WHAT FEAR WAS,entered,1
THE STORY OF THE YOUTH WHO WENT FORTH TO LEARN WHAT FEAR WAS,entrance,1
THE STORY OF THE YOUTH WHO WENT FORTH TO LEARN WHAT FEAR WAS,entreated,2
THE STORY OF THE YOUTH WHO WENT FORTH TO LEARN WHAT FEAR WAS,even,2
THE STORY OF THE YOUTH WHO WENT FORTH TO LEARN WHAT FEAR WAS,evening,2
THE STORY OF THE YOUTH WHO WENT FORTH TO LEARN WHAT FEAR WAS,every,2
THE STORY OF THE YOUTH WHO WENT FORTH TO LEARN WHAT FEAR WAS,everything,2
THE STORY OF THE YOUTH WHO WENT FORTH TO LEARN WHAT FEAR WAS,evil,3
THE STORY OF THE YOUTH WHO WENT FORTH TO LEARN WHAT FEAR WAS,expected,1
THE STORY OF THE YOUTH WHO WENT FORTH TO LEARN WHAT FEAR WAS,eyes,5
THE STORY OF THE YOUTH WHO WENT FORTH TO LEARN WHAT FEAR WAS,face,2
THE STORY OF THE YOUTH WHO WENT FORTH TO LEARN WHAT FEAR WAS,fancy,1
THE STORY OF THE YOUTH WHO WENT FORTH TO LEARN WHAT FEAR WAS,fanned,1
THE STORY OF THE YOUTH WHO WENT FORTH TO LEARN WHAT FEAR WAS,far,2
THE STORY OF THE YOUTH WHO WENT FORTH TO LEARN WHAT FEAR WAS,fared,2
THE STORY OF THE YOUTH WHO WENT FORTH TO LEARN WHAT FEAR WAS,farther,1
THE STORY OF THE YOUTH WHO WENT FORTH TO LEARN WHAT FEAR WAS,farthings,1
THE STORY OF THE YOUTH WHO WENT FORTH TO LEARN WHAT FEAR WAS,fast,3
THE STORY OF THE YOUTH WHO WENT FORTH TO LEARN WHAT FEAR WAS,faster,1
THE STORY OF THE YOUTH WHO WENT FORTH TO LEARN WHAT FEAR WAS,father,18
THE STORY OF THE YOUTH WHO WENT FORTH TO LEARN WHAT FEAR WAS,feet,1
THE STORY OF THE YOUTH WHO WENT FORTH TO LEARN WHAT FEAR WAS,fell,7
THE STORY OF THE YOUTH WHO WENT FORTH TO LEARN WHAT FEAR WAS,fellow,4
THE STORY OF THE YOUTH WHO WENT FORTH TO LEARN WHAT FEAR WAS,fellows,1
THE STORY OF THE YOUTH WHO WENT FORTH TO LEARN WHAT FEAR WAS,felt,4
THE STORY OF THE YOUTH WHO WENT FORTH TO LEARN WHAT FEAR WAS,fetch,1
THE STORY OF THE YOUTH WHO WENT FORTH TO LEARN WHAT FEAR WAS,few,2
THE STORY OF THE YOUTH WHO WENT FORTH TO LEARN WHAT FEAR WAS,fiend,1
THE STORY OF THE YOUTH WHO WENT FORTH TO LEARN WHAT FEAR WAS,fiery,1
THE STORY OF THE YOUTH WHO WENT FORTH TO LEARN WHAT FEAR WAS,fifty,5
THE STORY OF THE YOUTH WHO WENT FORTH TO LEARN WHAT FEAR WAS,figure,2
THE STORY OF THE YOUTH WHO WENT FORTH TO LEARN WHAT FEAR WAS,find,2
THE STORY OF THE YOUTH WHO WENT FORTH TO LEARN WHAT FEAR WAS,finger,1
THE STORY OF THE YOUTH WHO WENT FORTH TO LEARN WHAT FEAR WAS,fingers,1
THE STORY OF THE YOUTH WHO WENT FORTH TO LEARN WHAT FEAR WAS,fire,20
THE STORY OF THE YOUTH WHO WENT FORTH TO LEARN WHAT FEAR WAS,first,2
THE STORY OF THE YOUTH WHO WENT FORTH TO LEARN WHAT FEAR WAS,fishes,1
THE STORY OF THE YOUTH WHO WENT FORTH TO LEARN WHAT FEAR WAS,fishpond,1
THE STORY OF THE YOUTH WHO WENT FORTH TO LEARN WHAT FEAR WAS,flesh,1
THE STORY OF THE YOUTH WHO WENT FORTH TO LEARN WHAT FEAR WAS,flowed,1
THE STORY OF THE YOUTH WHO WENT FORTH TO LEARN WHAT FEAR WAS,fly,1
THE STORY OF THE YOUTH WHO WENT FORTH TO LEARN WHAT FEAR WAS,foolish,1
THE STORY OF THE YOUTH WHO WENT FORTH TO LEARN WHAT FEAR WAS,fools,1
THE STORY OF THE YOUTH WHO WENT FORTH TO LEARN WHAT FEAR WAS,for,27
THE STORY OF THE YOUTH WHO WENT FORTH TO LEARN WHAT FEAR WAS,forced,1
THE STORY OF THE YOUTH WHO WENT FORTH TO LEARN WHAT FEAR WAS,forge,1
THE STORY OF THE YOUTH WHO WENT FORTH TO LEARN WHAT FEAR WAS,forth,3
THE STORY OF THE YOUTH WHO WENT FORTH TO LEARN WHAT FEAR WAS,forwards,1
THE STORY OF THE YOUTH WHO WENT FORTH TO LEARN WHAT FEAR WAS,found,2
THE STORY OF THE YOUTH WHO WENT FORTH TO LEARN WHAT FEAR WAS,freed,1
THE STORY OF THE YOUTH WHO WENT FORTH TO LEARN WHAT FEAR WAS,freeze,1
THE STORY OF THE YOUTH WHO WENT FORTH TO LEARN WHAT FEAR WAS,from,6
THE STORY OF THE YOUTH WHO WENT FORTH TO LEARN WHAT FEAR WAS,full,2
THE STORY OF THE YOUTH WHO WENT FORTH TO LEARN WHAT FEAR WAS,fun,1
THE STORY OF THE YOUTH WHO WENT FORTH TO LEARN WHAT FEAR WAS,gallows,2
THE STORY OF THE YOUTH WHO WENT FORTH TO LEARN WHAT FEAR WAS,game,1
THE STORY OF THE YOUTH WHO WENT FORTH TO LEARN WHAT FEAR WAS,garden,1
THE STORY OF THE YOUTH WHO WENT FORTH TO LEARN WHAT FEAR WAS,get,3
THE STORY OF THE YOUTH WHO WENT FORTH TO LEARN WHAT FEAR WAS,ghost,2
THE STORY OF THE YOUTH WHO WENT FORTH TO LEARN WHAT FEAR WAS,give,4
THE STORY OF THE YOUTH WHO WENT FORTH TO LEARN WHAT FEAR WAS,glad,2
THE STORY OF THE YOUTH WHO WENT FORTH TO LEARN WHAT FEAR WAS,go,14
THE STORY OF THE YOUTH WHO WENT FORTH TO LEARN WHAT FEAR WAS,going,4
THE STORY OF THE YOUTH WHO WENT FORTH TO LEARN WHAT FEAR WAS,gold,2
THE STORY OF THE YOUTH WHO WENT FORTH TO LEARN WHAT FEAR WAS,gone,2
THE STORY OF THE YOUTH WHO WENT FORTH TO LEARN WHAT FEAR WAS,good,3
THE STORY OF THE YOUTH WHO WENT FORTH TO LEARN WHAT FEAR WAS,goodfornothing,1
THE STORY OF THE YOUTH WHO WENT FORTH TO LEARN WHAT FEAR WAS,goodness,1
THE STORY OF THE YOUTH WHO WENT FORTH TO LEARN WHAT FEAR WAS,got,5
THE STORY OF THE YOUTH WHO WENT FORTH TO LEARN WHAT FEAR WAS,great,7
THE STORY OF THE YOUTH WHO WENT FORTH TO LEARN WHAT FEAR WAS,grew,3
THE STORY OF THE YOUTH WHO WENT FORTH TO LEARN WHAT FEAR WAS,ground,3
THE STORY OF THE YOUTH WHO WENT FORTH TO LEARN WHAT FEAR WAS,growing,1
THE STORY OF THE YOUTH WHO WENT FORTH TO LEARN WHAT FEAR WAS,guarded,1
THE STORY OF THE YOUTH WHO WENT FORTH TO LEARN WHAT FEAR WAS,gudgeons,2
THE STORY OF THE YOUTH WHO WENT FORTH TO LEARN WHAT FEAR WAS,ha,2
THE STORY OF THE YOUTH WHO WENT FORTH TO LEARN WHAT FEAR WAS,had,19
THE STORY OF THE YOUTH WHO WENT FORTH TO LEARN WHAT FEAR WAS,half,3
THE STORY OF THE YOUTH WHO WENT FORTH TO LEARN WHAT FEAR WAS,hand,1
THE STORY OF THE YOUTH WHO WENT FORTH TO LEARN WHAT FEAR WAS,handsome,1
THE STORY OF THE YOUTH WHO WENT FORTH TO LEARN WHAT FEAR WAS,hang,1
THE STORY OF THE YOUTH WHO WENT FORTH TO LEARN WHAT FEAR WAS,hanged,1
THE STORY OF THE YOUTH WHO WENT FORTH TO LEARN WHAT FEAR WAS,happy,1
THE STORY OF THE YOUTH WHO WENT FORTH TO LEARN WHAT FEAR WAS,harnessed,1
THE STORY OF THE YOUTH WHO WENT FORTH TO LEARN WHAT FEAR WAS,has,6
THE STORY OF THE YOUTH WHO WENT FORTH TO LEARN WHAT FEAR WAS,hastened,1
THE STORY OF THE YOUTH WHO WENT FORTH TO LEARN WHAT FEAR WAS,haunted,2
THE STORY OF THE YOUTH WHO WENT FORTH TO LEARN WHAT FEAR WAS,have,27
THE STORY OF THE YOUTH WHO WENT FORTH TO LEARN WHAT FEAR WAS,he,120
THE STORY OF THE YOUTH WHO WENT FORTH TO LEARN WHAT FEAR WAS,head,1
THE STORY OF THE YOUTH WHO WENT FORTH TO LEARN WHAT FEAR WAS,hear,1
THE STORY OF THE YOUTH WHO WENT FORTH TO LEARN WHAT FEAR WAS,heard,6
THE STORY OF THE YOUTH WHO WENT FORTH TO LEARN WHAT FEAR WAS,hearken,1
THE STORY OF THE YOUTH WHO WENT FORTH TO LEARN WHAT FEAR WAS,help,1
THE STORY OF THE YOUTH WHO WENT FORTH TO LEARN WHAT FEAR WAS,her,5
THE STORY OF THE YOUTH WHO WENT FORTH TO LEARN WHAT FEAR WAS,here,7
THE STORY OF THE YOUTH WHO WENT FORTH TO LEARN WHAT FEAR WAS,hideous,1
THE STORY OF THE YOUTH WHO WENT FORTH TO LEARN WHAT FEAR WAS,highway,1
THE STORY OF THE YOUTH WHO WENT FORTH TO LEARN WHAT FEAR WAS,him,52
THE STORY OF THE YOUTH WHO WENT FORTH TO LEARN WHAT FEAR WAS,himself,13
THE STORY OF THE YOUTH WHO WENT FORTH TO LEARN WHAT FEAR WAS,his,42
THE STORY OF THE YOUTH WHO WENT FORTH TO LEARN WHAT FEAR WAS,hold,1
THE STORY OF THE YOUTH WHO WENT FORTH TO LEARN WHAT FEAR WAS,holding,1
THE STORY OF THE YOUTH WHO WENT FORTH TO LEARN WHAT FEAR WAS,hole,3
THE STORY OF THE YOUTH WHO WENT FORTH TO LEARN WHAT FEAR WAS,home,1
THE STORY OF THE YOUTH WHO WENT FORTH TO LEARN WHAT FEAR WAS,honest,1
THE STORY OF THE YOUTH WHO WENT FORTH TO LEARN WHAT FEAR WAS,hop,2
THE STORY OF THE YOUTH WHO WENT FORTH TO LEARN WHAT FEAR WAS,horribly,1
THE STORY OF THE YOUTH WHO WENT FORTH TO LEARN WHAT FEAR WAS,horses,1
THE STORY OF THE YOUTH WHO WENT FORTH TO LEARN WHAT FEAR WAS,host,2
THE STORY OF THE YOUTH WHO WENT FORTH TO LEARN WHAT FEAR WAS,hostess,1
THE STORY OF THE YOUTH WHO WENT FORTH TO LEARN WHAT FEAR WAS,house,3
THE STORY OF THE YOUTH WHO WENT FORTH TO LEARN WHAT FEAR WAS,how,16
THE STORY OF THE YOUTH WHO WENT FORTH TO LEARN WHAT FEAR WAS,however,8
THE STORY OF THE YOUTH WHO WENT FORTH TO LEARN WHAT FEAR WAS,howling,1
THE STORY OF THE YOUTH WHO WENT FORTH TO LEARN WHAT FEAR WAS,howsoever,1
THE STORY OF THE YOUTH WHO WENT FORTH TO LEARN WHAT FEAR WAS,hullo,1
THE STORY OF THE YOUTH WHO WENT FORTH TO LEARN WHAT FEAR WAS,hung,2
THE STORY OF THE YOUTH WHO WENT FORTH TO LEARN WHAT FEAR WAS,hurrah,1
THE STORY OF THE YOUTH WHO WENT FORTH TO LEARN WHAT FEAR WAS,husband,4
THE STORY OF THE YOUTH WHO WENT FORTH TO LEARN WHAT FEAR WAS,i,72
THE STORY OF THE YOUTH WHO WENT FORTH TO LEARN WHAT FEAR WAS,ice,1
THE STORY OF THE YOUTH WHO WENT FORTH TO LEARN WHAT FEAR WAS,if,34
THE STORY OF THE YOUTH WHO WENT FORTH TO LEARN WHAT FEAR WAS,imagine,1
THE STORY OF THE YOUTH WHO WENT FORTH TO LEARN WHAT FEAR WAS,in,30
THE STORY OF THE YOUTH WHO WENT FORTH TO LEARN WHAT FEAR WAS,indeed,3
THE STORY OF THE YOUTH WHO WENT FORTH TO LEARN WHAT FEAR WAS,inn,1
THE STORY OF THE YOUTH WHO WENT FORTH TO LEARN WHAT FEAR WAS,innkeeper,1
THE STORY OF THE YOUTH WHO WENT FORTH TO LEARN WHAT FEAR WAS,innocent,1
THE STORY OF THE YOUTH WHO WENT FORTH TO LEARN WHAT FEAR WAS,inquire,1
THE STORY OF THE YOUTH WHO WENT FORTH TO LEARN WHAT FEAR WAS,intent,1
THE STORY OF THE YOUTH WHO WENT FORTH TO LEARN WHAT FEAR WAS,into,17
THE STORY OF THE YOUTH WHO WENT FORTH TO LEARN WHAT FEAR WAS,iron,1
THE STORY OF THE YOUTH WHO WENT FORTH TO LEARN WHAT FEAR WAS,is,32
THE STORY OF THE YOUTH WHO WENT FORTH TO LEARN WHAT FEAR WAS,it,68
THE STORY OF THE YOUTH WHO WENT FORTH TO LEARN WHAT FEAR WAS,its,1
THE STORY OF THE YOUTH WHO WENT FORTH TO LEARN WHAT FEAR WAS,join,1
THE STORY OF THE YOUTH WHO WENT FORTH TO LEARN WHAT FEAR WAS,joined,1
THE STORY OF THE YOUTH WHO WENT FORTH TO LEARN WHAT FEAR WAS,journeyed,1
THE STORY OF THE YOUTH WHO WENT FORTH TO LEARN WHAT FEAR WAS,just,7
THE STORY OF THE YOUTH WHO WENT FORTH TO LEARN WHAT FEAR WAS,keep,2
THE STORY OF THE YOUTH WHO WENT FORTH TO LEARN WHAT FEAR WAS,killed,2
THE STORY OF THE YOUTH WHO WENT FORTH TO LEARN WHAT FEAR WAS,king,12
THE STORY OF THE YOUTH WHO WENT FORTH TO LEARN WHAT FEAR WAS,knew,1
THE STORY OF THE YOUTH WHO WENT FORTH TO LEARN WHAT FEAR WAS,knife,2
THE STORY OF THE YOUTH WHO WENT FORTH TO LEARN WHAT FEAR WAS,knocked,1
THE STORY OF THE YOUTH WHO WENT FORTH TO LEARN WHAT FEAR WAS,know,10
THE STORY OF THE YOUTH WHO WENT FORTH TO LEARN WHAT FEAR WAS,ladder,1
THE STORY OF THE YOUTH WHO WENT FORTH TO LEARN WHAT FEAR WAS,laid,2
THE STORY OF THE YOUTH WHO WENT FORTH TO LEARN WHAT FEAR WAS,last,2
THE STORY OF THE YOUTH WHO WENT FORTH TO LEARN WHAT FEAR WAS,late,2
THE STORY OF THE YOUTH WHO WENT FORTH TO LEARN WHAT FEAR WAS,lathe,2
THE STORY OF THE YOUTH WHO WENT FORTH TO LEARN WHAT FEAR WAS,latter,1
THE STORY OF THE YOUTH WHO WENT FORTH TO LEARN WHAT FEAR WAS,laughed,1
THE STORY OF THE YOUTH WHO WENT FORTH TO LEARN WHAT FEAR WAS,lay,6
THE STORY OF THE YOUTH WHO WENT FORTH TO LEARN WHAT FEAR WAS,leap,1
THE STORY OF THE YOUTH WHO WENT FORTH TO LEARN WHAT FEAR WAS,learn,18
THE STORY OF THE YOUTH WHO WENT FORTH TO LEARN WHAT FEAR WAS,learning,1
THE STORY OF THE YOUTH WHO WENT FORTH TO LEARN WHAT FEAR WAS,learnt,3
THE STORY OF THE YOUTH WHO WENT FORTH TO LEARN WHAT FEAR WAS,led,3
THE STORY OF THE YOUTH WHO WENT FORTH TO LEARN WHAT FEAR WAS,leg,2
THE STORY OF THE YOUTH WHO WENT FORTH TO LEARN WHAT FEAR WAS,legs,1
THE STORY OF THE YOUTH WHO WENT FORTH TO LEARN WHAT FEAR WAS,length,2
THE STORY OF THE YOUTH WHO WENT FORTH TO LEARN WHAT FEAR WAS,let,5
THE STORY OF THE YOUTH WHO WENT FORTH TO LEARN WHAT FEAR WAS,lid,2
THE STORY OF THE YOUTH WHO WENT FORTH TO LEARN WHAT FEAR WAS,lie,1
THE STORY OF THE YOUTH WHO WENT FORTH TO LEARN WHAT FEAR WAS,life,1
THE STORY OF THE YOUTH WHO WENT FORTH TO LEARN WHAT FEAR WAS,lighted,1
THE STORY OF THE YOUTH WHO WENT FORTH TO LEARN WHAT FEAR WAS,like,3
THE STORY OF THE YOUTH WHO WENT FORTH TO LEARN WHAT FEAR WAS,likes,1
THE STORY OF THE YOUTH WHO WENT FORTH TO LEARN WHAT FEAR WAS,likewise,4
THE STORY OF THE YOUTH WHO WENT FORTH TO LEARN WHAT FEAR WAS,listen,2
THE STORY OF THE YOUTH WHO WENT FORTH TO LEARN WHAT FEAR WAS,listened,1
THE STORY OF THE YOUTH WHO WENT FORTH TO LEARN WHAT FEAR WAS,listeners,1
THE STORY OF THE YOUTH WHO WENT FORTH TO LEARN WHAT FEAR WAS,little,8
THE STORY OF THE YOUTH WHO WENT FORTH TO LEARN WHAT FEAR WAS,live,1
THE STORY OF THE YOUTH WHO WENT FORTH TO LEARN WHAT FEAR WAS,lives,2
THE STORY OF THE YOUTH WHO WENT FORTH TO LEARN WHAT FEAR WAS,ll,2
THE STORY OF THE YOUTH WHO WENT FORTH TO LEARN WHAT FEAR WAS,long,5
THE STORY OF THE YOUTH WHO WENT FORTH TO LEARN WHAT FEAR WAS,longer,2
THE STORY OF THE YOUTH WHO WENT FORTH TO LEARN WHAT FEAR WAS,look,3
THE STORY OF THE YOUTH WHO WENT FORTH TO LEARN WHAT FEAR WAS,looked,6
THE STORY OF THE YOUTH WHO WENT FORTH TO LEARN WHAT FEAR WAS,lost,3
THE STORY OF THE YOUTH WHO WENT FORTH TO LEARN WHAT FEAR WAS,loud,2
THE STORY OF THE YOUTH WHO WENT FORTH TO LEARN WHAT FEAR WAS,louder,2
THE STORY OF THE YOUTH WHO WENT FORTH TO LEARN WHAT FEAR WAS,loudly,1
THE STORY OF THE YOUTH WHO WENT FORTH TO LEARN WHAT FEAR WAS,loved,1
THE STORY OF THE YOUTH WHO WENT FORTH TO LEARN WHAT FEAR WAS,low,1
THE STORY OF THE YOUTH WHO WENT FORTH TO LEARN WHAT FEAR WAS,lying,3
THE STORY OF THE YOUTH WHO WENT FORTH TO LEARN WHAT FEAR WAS,made,5
THE STORY OF THE YOUTH WHO WENT FORTH TO LEARN WHAT FEAR WAS,maiden,1
THE STORY OF THE YOUTH WHO WENT FORTH TO LEARN WHAT FEAR WAS,make,2
THE STORY OF THE YOUTH WHO WENT FORTH TO LEARN WHAT FEAR WAS,makes,6
THE STORY OF THE YOUTH WHO WENT FORTH TO LEARN WHAT FEAR WAS,man,20
THE STORY OF THE YOUTH WHO WENT FORTH TO LEARN WHAT FEAR WAS,manage,1
THE STORY OF THE YOUTH WHO WENT FORTH TO LEARN WHAT FEAR WAS,managed,1
THE STORY OF THE YOUTH WHO WENT FORTH TO LEARN WHAT FEAR WAS,many,2
THE STORY OF THE YOUTH WHO WENT FORTH TO LEARN WHAT FEAR WAS,married,1
THE STORY OF THE YOUTH WHO WENT FORTH TO LEARN WHAT FEAR WAS,marry,1
THE STORY OF THE YOUTH WHO WENT FORTH TO LEARN WHAT FEAR WAS,may,4
THE STORY OF THE YOUTH WHO WENT FORTH TO LEARN WHAT FEAR WAS,me,21
THE STORY OF THE YOUTH WHO WENT FORTH TO LEARN WHAT FEAR WAS,mean,2
THE STORY OF THE YOUTH WHO WENT FORTH TO LEARN WHAT FEAR WAS,meantime,1
THE STORY OF THE YOUTH WHO WENT FORTH TO LEARN WHAT FEAR WAS,men,8
THE STORY OF THE YOUTH WHO WENT FORTH TO LEARN WHAT FEAR WAS,miau,1
THE STORY OF THE YOUTH WHO WENT FORTH TO LEARN WHAT FEAR WAS,midnight,4
THE STORY OF THE YOUTH WHO WENT FORTH TO LEARN WHAT FEAR WAS,might,2
THE STORY OF THE YOUTH WHO WENT FORTH TO LEARN WHAT FEAR WAS,mind,1
THE STORY OF THE YOUTH WHO WENT FORTH TO LEARN WHAT FEAR WAS,mine,2
THE STORY OF THE YOUTH WHO WENT FORTH TO LEARN WHAT FEAR WAS,misfortune,1
THE STORY OF THE YOUTH WHO WENT FORTH TO LEARN WHAT FEAR WAS,moaned,1
THE STORY OF THE YOUTH WHO WENT FORTH TO LEARN WHAT FEAR WAS,moaning,1
THE STORY OF THE YOUTH WHO WENT FORTH TO LEARN WHAT FEAR WAS,money,4
THE STORY OF THE YOUTH WHO WENT FORTH TO LEARN WHAT FEAR WAS,more,7
THE STORY OF THE YOUTH WHO WENT FORTH TO LEARN WHAT FEAR WAS,morning,6
THE STORY OF THE YOUTH WHO WENT FORTH TO LEARN WHAT FEAR WAS,most,1
THE STORY OF THE YOUTH WHO WENT FORTH TO LEARN WHAT FEAR WAS,motionless,1
THE STORY OF THE YOUTH WHO WENT FORTH TO LEARN WHAT FEAR WAS,mountain,1
THE STORY OF THE YOUTH WHO WENT FORTH TO LEARN WHAT FEAR WAS,mouths,1
THE STORY OF THE YOUTH WHO WENT FORTH TO LEARN WHAT FEAR WAS,move,4
THE STORY OF THE YOUTH WHO WENT FORTH TO LEARN WHAT FEAR WAS,moved,1
THE STORY OF THE YOUTH WHO WENT FORTH TO LEARN WHAT FEAR WAS,much,1
THE STORY OF THE YOUTH WHO WENT FORTH TO LEARN WHAT FEAR WAS,must,8
THE STORY OF THE YOUTH WHO WENT FORTH TO LEARN WHAT FEAR WAS,mutter,1
THE STORY OF THE YOUTH WHO WENT FORTH TO LEARN WHAT FEAR WAS,muttering,1
THE STORY OF THE YOUTH WHO WENT FORTH TO LEARN WHAT FEAR WAS,my,10
THE STORY OF THE YOUTH WHO WENT FORTH TO LEARN WHAT FEAR WAS,nails,1
THE STORY OF THE YOUTH WHO WENT FORTH TO LEARN WHAT FEAR WAS,near,2
THE STORY OF THE YOUTH WHO WENT FORTH TO LEARN WHAT FEAR WAS,neither,2
THE STORY OF THE YOUTH WHO WENT FORTH TO LEARN WHAT FEAR WAS,never,5
THE STORY OF THE YOUTH WHO WENT FORTH TO LEARN WHAT FEAR WAS,next,4
THE STORY OF THE YOUTH WHO WENT FORTH TO LEARN WHAT FEAR WAS,night,10
THE STORY OF THE YOUTH WHO WENT FORTH TO LEARN WHAT FEAR WAS,nights,2
THE STORY OF THE YOUTH WHO WENT FORTH TO LEARN WHAT FEAR WAS,nighttime,1
THE STORY OF THE YOUTH WHO WENT FORTH TO LEARN WHAT FEAR WAS,nine,1
THE STORY OF THE YOUTH WHO WENT FORTH TO LEARN WHAT FEAR WAS,ninepins,2
THE STORY OF THE YOUTH WHO WENT FORTH TO LEARN WHAT FEAR WAS,no,18
THE STORY OF THE YOUTH WHO WENT FORTH TO LEARN WHAT FEAR WAS,noise,1
THE STORY OF THE YOUTH WHO WENT FORTH TO LEARN WHAT FEAR WAS,none,1
THE STORY OF THE YOUTH WHO WENT FORTH TO LEARN WHAT FEAR WAS,nor,2
THE STORY OF THE YOUTH WHO WENT FORTH TO LEARN WHAT FEAR WAS,not,31
THE STORY OF THE YOUTH WHO WENT FORTH TO LEARN WHAT FEAR WAS,nothing,5
THE STORY OF THE YOUTH WHO WENT FORTH TO LEARN WHAT FEAR WAS,now,10
THE STORY OF THE YOUTH WHO WENT FORTH TO LEARN WHAT FEAR WAS,of,33
THE STORY OF THE YOUTH WHO WENT FORTH TO LEARN WHAT FEAR WAS,off,4
THE STORY OF THE YOUTH WHO WENT FORTH TO LEARN WHAT FEAR WAS,oh,4
THE STORY OF THE YOUTH WHO WENT FORTH TO LEARN WHAT FEAR WAS,old,9
THE STORY OF THE YOUTH WHO WENT FORTH TO LEARN WHAT FEAR WAS,on,19
THE STORY OF THE YOUTH WHO WENT FORTH TO LEARN WHAT FEAR WAS,once,3
THE STORY OF THE YOUTH WHO WENT FORTH TO LEARN WHAT FEAR WAS,one,15
THE STORY OF THE YOUTH WHO WENT FORTH TO LEARN WHAT FEAR WAS,only,2
THE STORY OF THE YOUTH WHO WENT FORTH TO LEARN WHAT FEAR WAS,open,2
THE STORY OF THE YOUTH WHO WENT FORTH TO LEARN WHAT FEAR WAS,opened,1
THE STORY OF THE YOUTH WHO WENT FORTH TO LEARN WHAT FEAR WAS,opportunity,1
THE STORY OF THE YOUTH WHO WENT FORTH TO LEARN WHAT FEAR WAS,opposite,1
THE STORY OF THE YOUTH WHO WENT FORTH TO LEARN WHAT FEAR WAS,or,9
THE STORY OF THE YOUTH WHO WENT FORTH TO LEARN WHAT FEAR WAS,other,9
THE STORY OF THE YOUTH WHO WENT FORTH TO LEARN WHAT FEAR WAS,others,3
THE STORY OF THE YOUTH WHO WENT FORTH TO LEARN WHAT FEAR WAS,ought,1
THE STORY OF THE YOUTH WHO WENT FORTH TO LEARN WHAT FEAR WAS,our,2
THE STORY OF THE YOUTH WHO WENT FORTH TO LEARN WHAT FEAR WAS,out,13
THE STORY OF THE YOUTH WHO WENT FORTH TO LEARN WHAT FEAR WAS,over,5
THE STORY OF THE YOUTH WHO WENT FORTH TO LEARN WHAT FEAR WAS,own,2
THE STORY OF THE YOUTH WHO WENT FORTH TO LEARN WHAT FEAR WAS,parlour,1
THE STORY OF THE YOUTH WHO WENT FORTH TO LEARN WHAT FEAR WAS,part,2
THE STORY OF THE YOUTH WHO WENT FORTH TO LEARN WHAT FEAR WAS,pass,3
THE STORY OF THE YOUTH WHO WENT FORTH TO LEARN WHAT FEAR WAS,passages,1
THE STORY OF THE YOUTH WHO WENT FORTH TO LEARN WHAT FEAR WAS,past,1
THE STORY OF THE YOUTH WHO WENT FORTH TO LEARN WHAT FEAR WAS,paws,1
THE STORY OF THE YOUTH WHO WENT FORTH TO LEARN WHAT FEAR WAS,people,2
THE STORY OF THE YOUTH WHO WENT FORTH TO LEARN WHAT FEAR WAS,perhaps,1
THE STORY OF THE YOUTH WHO WENT FORTH TO LEARN WHAT FEAR WAS,persons,1
THE STORY OF THE YOUTH WHO WENT FORTH TO LEARN WHAT FEAR WAS,pieces,2
THE STORY OF THE YOUTH WHO WENT FORTH TO LEARN WHAT FEAR WAS,pillows,1
THE STORY OF THE YOUTH WHO WENT FORTH TO LEARN WHAT FEAR WAS,pity,3
THE STORY OF THE YOUTH WHO WENT FORTH TO LEARN WHAT FEAR WAS,place,4
THE STORY OF THE YOUTH WHO WENT FORTH TO LEARN WHAT FEAR WAS,placed,3
THE STORY OF THE YOUTH WHO WENT FORTH TO LEARN WHAT FEAR WAS,play,1
THE STORY OF THE YOUTH WHO WENT FORTH TO LEARN WHAT FEAR WAS,played,2
THE STORY OF THE YOUTH WHO WENT FORTH TO LEARN WHAT FEAR WAS,playing,1
THE STORY OF THE YOUTH WHO WENT FORTH TO LEARN WHAT FEAR WAS,pleased,1
THE STORY OF THE YOUTH WHO WENT FORTH TO LEARN WHAT FEAR WAS,pocket,1
THE STORY OF THE YOUTH WHO WENT FORTH TO LEARN WHAT FEAR WAS,poke,1
THE STORY OF THE YOUTH WHO WENT FORTH TO LEARN WHAT FEAR WAS,polish,1
THE STORY OF THE YOUTH WHO WENT FORTH TO LEARN WHAT FEAR WAS,poor,2
THE STORY OF THE YOUTH WHO WENT FORTH TO LEARN WHAT FEAR WAS,promised,1
THE STORY OF THE YOUTH WHO WENT FORTH TO LEARN WHAT FEAR WAS,prying,1
THE STORY OF THE YOUTH WHO WENT FORTH TO LEARN WHAT FEAR WAS,pulled,1
THE STORY OF THE YOUTH WHO WENT FORTH TO LEARN WHAT FEAR WAS,purpose,2
THE STORY OF THE YOUTH WHO WENT FORTH TO LEARN WHAT FEAR WAS,push,1
THE STORY OF THE YOUTH WHO WENT FORTH TO LEARN WHAT FEAR WAS,pushed,1
THE STORY OF THE YOUTH WHO WENT FORTH TO LEARN WHAT FEAR WAS,put,5
THE STORY OF THE YOUTH WHO WENT FORTH TO LEARN WHAT FEAR WAS,quiet,1
THE STORY OF THE YOUTH WHO WENT FORTH TO LEARN WHAT FEAR WAS,quietly,2
THE STORY OF THE YOUTH WHO WENT FORTH TO LEARN WHAT FEAR WAS,quilts,1
THE STORY OF THE YOUTH WHO WENT FORTH TO LEARN WHAT FEAR WAS,quite,6
THE STORY OF THE YOUTH WHO WENT FORTH TO LEARN WHAT FEAR WAS,rags,2
THE STORY OF THE YOUTH WHO WENT FORTH TO LEARN WHAT FEAR WAS,raised,1
THE STORY OF THE YOUTH WHO WENT FORTH TO LEARN WHAT FEAR WAS,ran,4
THE STORY OF THE YOUTH WHO WENT FORTH TO LEARN WHAT FEAR WAS,rang,1
THE STORY OF THE YOUTH WHO WENT FORTH TO LEARN WHAT FEAR WAS,rate,1
THE STORY OF THE YOUTH WHO WENT FORTH TO LEARN WHAT FEAR WAS,reason,1
THE STORY OF THE YOUTH WHO WENT FORTH TO LEARN WHAT FEAR WAS,redhot,1
THE STORY OF THE YOUTH WHO WENT FORTH TO LEARN WHAT FEAR WAS,remained,3
THE STORY OF THE YOUTH WHO WENT FORTH TO LEARN WHAT FEAR WAS,replied,8
THE STORY OF THE YOUTH WHO WENT FORTH TO LEARN WHAT FEAR WAS,reply,1
THE STORY OF THE YOUTH WHO WENT FORTH TO LEARN WHAT FEAR WAS,respect,1
THE STORY OF THE YOUTH WHO WENT FORTH TO LEARN WHAT FEAR WAS,rest,2
THE STORY OF THE YOUTH WHO WENT FORTH TO LEARN WHAT FEAR WAS,rich,1
THE STORY OF THE YOUTH WHO WENT FORTH TO LEARN WHAT FEAR WAS,riches,1
THE STORY OF THE YOUTH WHO WENT FORTH TO LEARN WHAT FEAR WAS,right,2
THE STORY OF THE YOUTH WHO WENT FORTH TO LEARN WHAT FEAR WAS,ring,2
THE STORY OF THE YOUTH WHO WENT FORTH TO LEARN WHAT FEAR WAS,roaring,1
THE STORY OF THE YOUTH WHO WENT FORTH TO LEARN WHAT FEAR WAS,roll,1
THE STORY OF THE YOUTH WHO WENT FORTH TO LEARN WHAT FEAR WAS,rolled,1
THE STORY OF THE YOUTH WHO WENT FORTH TO LEARN WHAT FEAR WAS,room,1
THE STORY OF THE YOUTH WHO WENT FORTH TO LEARN WHAT FEAR WAS,rooms,1
THE STORY OF THE YOUTH WHO WENT FORTH TO LEARN WHAT FEAR WAS,rope,1
THE STORY OF THE YOUTH WHO WENT FORTH TO LEARN WHAT FEAR WAS,ropemaker,1
THE STORY OF THE YOUTH WHO WENT FORTH TO LEARN WHAT FEAR WAS,round,6
THE STORY OF THE YOUTH WHO WENT FORTH TO LEARN WHAT FEAR WAS,rubbed,1
THE STORY OF THE YOUTH WHO WENT FORTH TO LEARN WHAT FEAR WAS,s,9
THE STORY OF THE YOUTH WHO WENT FORTH TO LEARN WHAT FEAR WAS,sadly,1
THE STORY OF THE YOUTH WHO WENT FORTH TO LEARN WHAT FEAR WAS,said,52
THE STORY OF THE YOUTH WHO WENT FORTH TO LEARN WHAT FEAR WAS,salt,1
THE STORY OF THE YOUTH WHO WENT FORTH TO LEARN WHAT FEAR WAS,same,1
THE STORY OF THE YOUTH WHO WENT FORTH TO LEARN WHAT FEAR WAS,sat,9
THE STORY OF THE YOUTH WHO WENT FORTH TO LEARN WHAT FEAR WAS,savagely,1
THE STORY OF THE YOUTH WHO WENT FORTH TO LEARN WHAT FEAR WAS,saved,1
THE STORY OF THE YOUTH WHO WENT FORTH TO LEARN WHAT FEAR WAS,saw,5
THE STORY OF THE YOUTH WHO WENT FORTH TO LEARN WHAT FEAR WAS,say,1
THE STORY OF THE YOUTH WHO WENT FORTH TO LEARN WHAT FEAR WAS,saying,3
THE STORY OF THE YOUTH WHO WENT FORTH TO LEARN WHAT FEAR WAS,scolded,1
THE STORY OF THE YOUTH WHO WENT FORTH TO LEARN WHAT FEAR WAS,scoundrel,1
THE STORY OF THE YOUTH WHO WENT FORTH TO LEARN WHAT FEAR WAS,scream,1
THE STORY OF THE YOUTH WHO WENT FORTH TO LEARN WHAT FEAR WAS,screams,1
THE STORY OF THE YOUTH WHO WENT FORTH TO LEARN WHAT FEAR WAS,screwed,1
THE STORY OF THE YOUTH WHO WENT FORTH TO LEARN WHAT FEAR WAS,seat,1
THE STORY OF THE YOUTH WHO WENT FORTH TO LEARN WHAT FEAR WAS,seated,2
THE STORY OF THE YOUTH WHO WENT FORTH TO LEARN WHAT FEAR WAS,second,2
THE STORY OF THE YOUTH WHO WENT FORTH TO LEARN WHAT FEAR WAS,secretly,1
THE STORY OF THE YOUTH WHO WENT FORTH TO LEARN WHAT FEAR WAS,see,8
THE STORY OF THE YOUTH WHO WENT FORTH TO LEARN WHAT FEAR WAS,seize,1
THE STORY OF THE YOUTH WHO WENT FORTH TO LEARN WHAT FEAR WAS,seized,4
THE STORY OF THE YOUTH WHO WENT FORTH TO LEARN WHAT FEAR WAS,send,1
THE STORY OF THE YOUTH WHO WENT FORTH TO LEARN WHAT FEAR WAS,sensible,1
THE STORY OF THE YOUTH WHO WENT FORTH TO LEARN WHAT FEAR WAS,set,2
THE STORY OF THE YOUTH WHO WENT FORTH TO LEARN WHAT FEAR WAS,seven,2
THE STORY OF THE YOUTH WHO WENT FORTH TO LEARN WHAT FEAR WAS,sexton,7
THE STORY OF THE YOUTH WHO WENT FORTH TO LEARN WHAT FEAR WAS,shall,16
THE STORY OF THE YOUTH WHO WENT FORTH TO LEARN WHAT FEAR WAS,shame,1
THE STORY OF THE YOUTH WHO WENT FORTH TO LEARN WHAT FEAR WAS,sharply,1
THE STORY OF THE YOUTH WHO WENT FORTH TO LEARN WHAT FEAR WAS,she,6
THE STORY OF THE YOUTH WHO WENT FORTH TO LEARN WHAT FEAR WAS,shiver,1
THE STORY OF THE YOUTH WHO WENT FORTH TO LEARN WHAT FEAR WAS,shone,1
THE STORY OF THE YOUTH WHO WENT FORTH TO LEARN WHAT FEAR WAS,short,2
THE STORY OF THE YOUTH WHO WENT FORTH TO LEARN WHAT FEAR WAS,should,5
THE STORY OF THE YOUTH WHO WENT FORTH TO LEARN WHAT FEAR WAS,show,1
THE STORY OF THE YOUTH WHO WENT FORTH TO LEARN WHAT FEAR WAS,showed,2
THE STORY OF THE YOUTH WHO WENT FORTH TO LEARN WHAT FEAR WAS,shudder,34
THE STORY OF THE YOUTH WHO WENT FORTH TO LEARN WHAT FEAR WAS,shuddered,1
THE STORY OF THE YOUTH WHO WENT FORTH TO LEARN WHAT FEAR WAS,shuddering,3
THE STORY OF THE YOUTH WHO WENT FORTH TO LEARN WHAT FEAR WAS,shut,2
THE STORY OF THE YOUTH WHO WENT FORTH TO LEARN WHAT FEAR WAS,sickle,1
THE STORY OF THE YOUTH WHO WENT FORTH TO LEARN WHAT FEAR WAS,side,2
THE STORY OF THE YOUTH WHO WENT FORTH TO LEARN WHAT FEAR WAS,sighed,1
THE STORY OF THE YOUTH WHO WENT FORTH TO LEARN WHAT FEAR WAS,sight,2
THE STORY OF THE YOUTH WHO WENT FORTH TO LEARN WHAT FEAR WAS,silent,2
THE STORY OF THE YOUTH WHO WENT FORTH TO LEARN WHAT FEAR WAS,sit,2
THE STORY OF THE YOUTH WHO WENT FORTH TO LEARN WHAT FEAR WAS,sitting,1
THE STORY OF THE YOUTH WHO WENT FORTH TO LEARN WHAT FEAR WAS,six,3
THE STORY OF THE YOUTH WHO WENT FORTH TO LEARN WHAT FEAR WAS,skulls,2
THE STORY OF THE YOUTH WHO WENT FORTH TO LEARN WHAT FEAR WAS,sleep,1
THE STORY OF THE YOUTH WHO WENT FORTH TO LEARN WHAT FEAR WAS,sleeping,1
THE STORY OF THE YOUTH WHO WENT FORTH TO LEARN WHAT FEAR WAS,slept,2
THE STORY OF THE YOUTH WHO WENT FORTH TO LEARN WHAT FEAR WAS,smart,1
THE STORY OF THE YOUTH WHO WENT FORTH TO LEARN WHAT FEAR WAS,smiled,1
THE STORY OF THE YOUTH WHO WENT FORTH TO LEARN WHAT FEAR WAS,smith,1
THE STORY OF THE YOUTH WHO WENT FORTH TO LEARN WHAT FEAR WAS,so,15
THE STORY OF THE YOUTH WHO WENT FORTH TO LEARN WHAT FEAR WAS,softly,2
THE STORY OF THE YOUTH WHO WENT FORTH TO LEARN WHAT FEAR WAS,some,3
THE STORY OF THE YOUTH WHO WENT FORTH TO LEARN WHAT FEAR WAS,someone,2
THE STORY OF THE YOUTH WHO WENT FORTH TO LEARN WHAT FEAR WAS,something,3
THE STORY OF THE YOUTH WHO WENT FORTH TO LEARN WHAT FEAR WAS,sometimes,1
THE STORY OF THE YOUTH WHO WENT FORTH TO LEARN WHAT FEAR WAS,son,1
THE STORY OF THE YOUTH WHO WENT FORTH TO LEARN WHAT FEAR WAS,song,1
THE STORY OF THE YOUTH WHO WENT FORTH TO LEARN WHAT FEAR WAS,sons,1
THE STORY OF THE YOUTH WHO WENT FORTH TO LEARN WHAT FEAR WAS,soon,8
THE STORY OF THE YOUTH WHO WENT FORTH TO LEARN WHAT FEAR WAS,sorry,1
THE STORY OF THE YOUTH WHO WENT FORTH TO LEARN WHAT FEAR WAS,sound,1
THE STORY OF THE YOUTH WHO WENT FORTH TO LEARN WHAT FEAR WAS,sounding,2
THE STORY OF THE YOUTH WHO WENT FORTH TO LEARN WHAT FEAR WAS,speak,2
THE STORY OF THE YOUTH WHO WENT FORTH TO LEARN WHAT FEAR WAS,spirit,1
THE STORY OF THE YOUTH WHO WENT FORTH TO LEARN WHAT FEAR WAS,spirits,2
THE STORY OF THE YOUTH WHO WENT FORTH TO LEARN WHAT FEAR WAS,spite,1
THE STORY OF THE YOUTH WHO WENT FORTH TO LEARN WHAT FEAR WAS,split,1
THE STORY OF THE YOUTH WHO WENT FORTH TO LEARN WHAT FEAR WAS,spoke,1
THE STORY OF THE YOUTH WHO WENT FORTH TO LEARN WHAT FEAR WAS,sprawl,1
THE STORY OF THE YOUTH WHO WENT FORTH TO LEARN WHAT FEAR WAS,stairs,3
THE STORY OF THE YOUTH WHO WENT FORTH TO LEARN WHAT FEAR WAS,standing,4
THE STORY OF THE YOUTH WHO WENT FORTH TO LEARN WHAT FEAR WAS,steps,4
THE STORY OF THE YOUTH WHO WENT FORTH TO LEARN WHAT FEAR WAS,still,4
THE STORY OF THE YOUTH WHO WENT FORTH TO LEARN WHAT FEAR WAS,stir,2
THE STORY OF THE YOUTH WHO WENT FORTH TO LEARN WHAT FEAR WAS,stoke,1
THE STORY OF THE YOUTH WHO WENT FORTH TO LEARN WHAT FEAR WAS,stoked,1
THE STORY OF THE YOUTH WHO WENT FORTH TO LEARN WHAT FEAR WAS,stone,1
THE STORY OF THE YOUTH WHO WENT FORTH TO LEARN WHAT FEAR WAS,stood,3
THE STORY OF THE YOUTH WHO WENT FORTH TO LEARN WHAT FEAR WAS,stop,1
THE STORY OF THE YOUTH WHO WENT FORTH TO LEARN WHAT FEAR WAS,stories,1
THE STORY OF THE YOUTH WHO WENT FORTH TO LEARN WHAT FEAR WAS,strangle,1
THE STORY OF THE YOUTH WHO WENT FORTH TO LEARN WHAT FEAR WAS,stream,1
THE STORY OF THE YOUTH WHO WENT FORTH TO LEARN WHAT FEAR WAS,strength,1
THE STORY OF THE YOUTH WHO WENT FORTH TO LEARN WHAT FEAR WAS,stretched,1
THE STORY OF THE YOUTH WHO WENT FORTH TO LEARN WHAT FEAR WAS,striding,1
THE STORY OF THE YOUTH WHO WENT FORTH TO LEARN WHAT FEAR WAS,strong,2
THE STORY OF THE YOUTH WHO WENT FORTH TO LEARN WHAT FEAR WAS,stronger,2
THE STORY OF THE YOUTH WHO WENT FORTH TO LEARN WHAT FEAR WAS,struck,4
THE STORY OF THE YOUTH WHO WENT FORTH TO LEARN WHAT FEAR WAS,stupid,2
THE STORY OF THE YOUTH WHO WENT FORTH TO LEARN WHAT FEAR WAS,such,2
THE STORY OF THE YOUTH WHO WENT FORTH TO LEARN WHAT FEAR WAS,suddenly,2
THE STORY OF THE YOUTH WHO WENT FORTH TO LEARN WHAT FEAR WAS,suffer,1
THE STORY OF THE YOUTH WHO WENT FORTH TO LEARN WHAT FEAR WAS,sun,1
THE STORY OF THE YOUTH WHO WENT FORTH TO LEARN WHAT FEAR WAS,support,1
THE STORY OF THE YOUTH WHO WENT FORTH TO LEARN WHAT FEAR WAS,t,4
THE STORY OF THE YOUTH WHO WENT FORTH TO LEARN WHAT FEAR WAS,take,8
THE STORY OF THE YOUTH WHO WENT FORTH TO LEARN WHAT FEAR WAS,talers,5
THE STORY OF THE YOUTH WHO WENT FORTH TO LEARN WHAT FEAR WAS,talk,1
THE STORY OF THE YOUTH WHO WENT FORTH TO LEARN WHAT FEAR WAS,tall,2
THE STORY OF THE YOUTH WHO WENT FORTH TO LEARN WHAT FEAR WAS,taller,1
THE STORY OF THE YOUTH WHO WENT FORTH TO LEARN WHAT FEAR WAS,teach,1
THE STORY OF THE YOUTH WHO WENT FORTH TO LEARN WHAT FEAR WAS,teeth,1
THE STORY OF THE YOUTH WHO WENT FORTH TO LEARN WHAT FEAR WAS,tell,3
THE STORY OF THE YOUTH WHO WENT FORTH TO LEARN WHAT FEAR WAS,ten,1
THE STORY OF THE YOUTH WHO WENT FORTH TO LEARN WHAT FEAR WAS,terrible,1
THE STORY OF THE YOUTH WHO WENT FORTH TO LEARN WHAT FEAR WAS,terrified,1
THE STORY OF THE YOUTH WHO WENT FORTH TO LEARN WHAT FEAR WAS,than,3
THE STORY OF THE YOUTH WHO WENT FORTH TO LEARN WHAT FEAR WAS,thank,1
THE STORY OF THE YOUTH WHO WENT FORTH TO LEARN WHAT FEAR WAS,that,40
THE STORY OF THE YOUTH WHO WENT FORTH TO LEARN WHAT FEAR WAS,the,221
THE STORY OF THE YOUTH WHO WENT FORTH TO LEARN WHAT FEAR WAS,their,8
THE STORY OF THE YOUTH WHO WENT FORTH TO LEARN WHAT FEAR WAS,them,20
THE STORY OF THE YOUTH WHO WENT FORTH TO LEARN WHAT FEAR WAS,themselves,2
THE STORY OF THE YOUTH WHO WENT FORTH TO LEARN WHAT FEAR WAS,then,37
THE STORY OF THE YOUTH WHO WENT FORTH TO LEARN WHAT FEAR WAS,thence,1
THE STORY OF THE YOUTH WHO WENT FORTH TO LEARN WHAT FEAR WAS,there,16
THE STORY OF THE YOUTH WHO WENT FORTH TO LEARN WHAT FEAR WAS,therefore,2
THE STORY OF THE YOUTH WHO WENT FORTH TO LEARN WHAT FEAR WAS,therein,1
THE STORY OF THE YOUTH WHO WENT FORTH TO LEARN WHAT FEAR WAS,thereupon,2
THE STORY OF THE YOUTH WHO WENT FORTH TO LEARN WHAT FEAR WAS,these,7
THE STORY OF THE YOUTH WHO WENT FORTH TO LEARN WHAT FEAR WAS,they,22
THE STORY OF THE YOUTH WHO WENT FORTH TO LEARN WHAT FEAR WAS,thing,1
THE STORY OF THE YOUTH WHO WENT FORTH TO LEARN WHAT FEAR WAS,things,3
THE STORY OF THE YOUTH WHO WENT FORTH TO LEARN WHAT FEAR WAS,think,2
THE STORY OF THE YOUTH WHO WENT FORTH TO LEARN WHAT FEAR WAS,third,3
THE STORY OF THE YOUTH WHO WENT FORTH TO LEARN WHAT FEAR WAS,this,11
THE STORY OF THE YOUTH WHO WENT FORTH TO LEARN WHAT FEAR WAS,thither,1
THE STORY OF THE YOUTH WHO WENT FORTH TO LEARN WHAT FEAR WAS,those,2
THE STORY OF THE YOUTH WHO WENT FORTH TO LEARN WHAT FEAR WAS,thought,8
THE STORY OF THE YOUTH WHO WENT FORTH TO LEARN WHAT FEAR WAS,three,5
THE STORY OF THE YOUTH WHO WENT FORTH TO LEARN WHAT FEAR WAS,thresholds,1
THE STORY OF THE YOUTH WHO WENT FORTH TO LEARN WHAT FEAR WAS,threw,5
THE STORY OF THE YOUTH WHO WENT FORTH TO LEARN WHAT FEAR WAS,throats,1
THE STORY OF THE YOUTH WHO WENT FORTH TO LEARN WHAT FEAR WAS,through,2
THE STORY OF THE YOUTH WHO WENT FORTH TO LEARN WHAT FEAR WAS,throw,1
THE STORY OF THE YOUTH WHO WENT FORTH TO LEARN WHAT FEAR WAS,thrown,1
THE STORY OF THE YOUTH WHO WENT FORTH TO LEARN WHAT FEAR WAS,thrust,1
THE STORY OF THE YOUTH WHO WENT FORTH TO LEARN WHAT FEAR WAS,thus,1
THE STORY OF THE YOUTH WHO WENT FORTH TO LEARN WHAT FEAR WAS,till,5
THE STORY OF THE YOUTH WHO WENT FORTH TO LEARN WHAT FEAR WAS,time,7
THE STORY OF THE YOUTH WHO WENT FORTH TO LEARN WHAT FEAR WAS,times,1
THE STORY OF THE YOUTH WHO WENT FORTH TO LEARN WHAT FEAR WAS,to,90
THE STORY OF THE YOUTH WHO WENT FORTH TO LEARN WHAT FEAR WAS,together,2
THE STORY OF THE YOUTH WHO WENT FORTH TO LEARN WHAT FEAR WAS,told,4
THE STORY OF THE YOUTH WHO WENT FORTH TO LEARN WHAT FEAR WAS,too,4
THE STORY OF THE YOUTH WHO WENT FORTH TO LEARN WHAT FEAR WAS,took,7
THE STORY OF THE YOUTH WHO WENT FORTH TO LEARN WHAT FEAR WAS,top,1
THE STORY OF THE YOUTH WHO WENT FORTH TO LEARN WHAT FEAR WAS,towards,1
THE STORY OF THE YOUTH WHO WENT FORTH TO LEARN WHAT FEAR WAS,tower,3
THE STORY OF THE YOUTH WHO WENT FORTH TO LEARN WHAT FEAR WAS,train,1
THE STORY OF THE YOUTH WHO WENT FORTH TO LEARN WHAT FEAR WAS,treasures,2
THE STORY OF THE YOUTH WHO WENT FORTH TO LEARN WHAT FEAR WAS,tree,1
THE STORY OF THE YOUTH WHO WENT FORTH TO LEARN WHAT FEAR WAS,tremendous,1
THE STORY OF THE YOUTH WHO WENT FORTH TO LEARN WHAT FEAR WAS,tricks,1
THE STORY OF THE YOUTH WHO WENT FORTH TO LEARN WHAT FEAR WAS,tried,1
THE STORY OF THE YOUTH WHO WENT FORTH TO LEARN WHAT FEAR WAS,trouble,2
THE STORY OF THE YOUTH WHO WENT FORTH TO LEARN WHAT FEAR WAS,try,1
THE STORY OF THE YOUTH WHO WENT FORTH TO LEARN WHAT FEAR WAS,tumbling,1
THE STORY OF THE YOUTH WHO WENT FORTH TO LEARN WHAT FEAR WAS,turn,2
THE STORY OF THE YOUTH WHO WENT FORTH TO LEARN WHAT FEAR WAS,turned,3
THE STORY OF THE YOUTH WHO WENT FORTH TO LEARN WHAT FEAR WAS,turning,1
THE STORY OF THE YOUTH WHO WENT FORTH TO LEARN WHAT FEAR WAS,turninglathe,1
THE STORY OF THE YOUTH WHO WENT FORTH TO LEARN WHAT FEAR WAS,twelve,2
THE STORY OF THE YOUTH WHO WENT FORTH TO LEARN WHAT FEAR WAS,two,8
THE STORY OF THE YOUTH WHO WENT FORTH TO LEARN WHAT FEAR WAS,unbound,1
THE STORY OF THE YOUTH WHO WENT FORTH TO LEARN WHAT FEAR WAS,understand,4
THE STORY OF THE YOUTH WHO WENT FORTH TO LEARN WHAT FEAR WAS,uneasy,1
THE STORY OF THE YOUTH WHO WENT FORTH TO LEARN WHAT FEAR WAS,unhappiness,1
THE STORY OF THE YOUTH WHO WENT FORTH TO LEARN WHAT FEAR WAS,until,3
THE STORY OF THE YOUTH WHO WENT FORTH TO LEARN WHAT FEAR WAS,up,18
THE STORY OF THE YOUTH WHO WENT FORTH TO LEARN WHAT FEAR WAS,uproar,2
THE STORY OF THE YOUTH WHO WENT FORTH TO LEARN WHAT FEAR WAS,upside,1
THE STORY OF THE YOUTH WHO WENT FORTH TO LEARN WHAT FEAR WAS,us,1
THE STORY OF THE YOUTH WHO WENT FORTH TO LEARN WHAT FEAR WAS,uttered,1
THE STORY OF THE YOUTH WHO WENT FORTH TO LEARN WHAT FEAR WAS,vain,1
THE STORY OF THE YOUTH WHO WENT FORTH TO LEARN WHAT FEAR WAS,vanished,1
THE STORY OF THE YOUTH WHO WENT FORTH TO LEARN WHAT FEAR WAS,venture,1
THE STORY OF THE YOUTH WHO WENT FORTH TO LEARN WHAT FEAR WAS,vermin,1
THE STORY OF THE YOUTH WHO WENT FORTH TO LEARN WHAT FEAR WAS,very,6
THE STORY OF THE YOUTH WHO WENT FORTH TO LEARN WHAT FEAR WAS,visit,1
THE STORY OF THE YOUTH WHO WENT FORTH TO LEARN WHAT FEAR WAS,waggoner,4
THE STORY OF THE YOUTH WHO WENT FORTH TO LEARN WHAT FEAR WAS,wait,5
THE STORY OF THE YOUTH WHO WENT FORTH TO LEARN WHAT FEAR WAS,waited,2
THE STORY OF THE YOUTH WHO WENT FORTH TO LEARN WHAT FEAR WAS,waitingmaid,1
THE STORY OF THE YOUTH WHO WENT FORTH TO LEARN WHAT FEAR WAS,wakened,1
THE STORY OF THE YOUTH WHO WENT FORTH TO LEARN WHAT FEAR WAS,walked,1
THE STORY OF THE YOUTH WHO WENT FORTH TO LEARN WHAT FEAR WAS,want,1
THE STORY OF THE YOUTH WHO WENT FORTH TO LEARN WHAT FEAR WAS,wanted,6
THE STORY OF THE YOUTH WHO WENT FORTH TO LEARN WHAT FEAR WAS,wants,1
THE STORY OF THE YOUTH WHO WENT FORTH TO LEARN WHAT FEAR WAS,warm,6
THE STORY OF THE YOUTH WHO WENT FORTH TO LEARN WHAT FEAR WAS,warmed,4
THE STORY OF THE YOUTH WHO WENT FORTH TO LEARN WHAT FEAR WAS,was,47
THE STORY OF THE YOUTH WHO WENT FORTH TO LEARN WHAT FEAR WAS,watch,2
THE STORY OF THE YOUTH WHO WENT FORTH TO LEARN WHAT FEAR WAS,watched,1
THE STORY OF THE YOUTH WHO WENT FORTH TO LEARN WHAT FEAR WAS,water,2
THE STORY OF THE YOUTH WHO WENT FORTH TO LEARN WHAT FEAR WAS,way,6
THE STORY OF THE YOUTH WHO WENT FORTH TO LEARN WHAT FEAR WAS,we,5
THE STORY OF THE YOUTH WHO WENT FORTH TO LEARN WHAT FEAR WAS,wedding,1
THE STORY OF THE YOUTH WHO WENT FORTH TO LEARN WHAT FEAR WAS,well,4
THE STORY OF THE YOUTH WHO WENT FORTH TO LEARN WHAT FEAR WAS,went,17
THE STORY OF THE YOUTH WHO WENT FORTH TO LEARN WHAT FEAR WAS,were,10
THE STORY OF THE YOUTH WHO WENT FORTH TO LEARN WHAT FEAR WAS,what,23
THE STORY OF THE YOUTH WHO WENT FORTH TO LEARN WHAT FEAR WAS,when,24
THE STORY OF THE YOUTH WHO WENT FORTH TO LEARN WHAT FEAR WAS,whence,2
THE STORY OF THE YOUTH WHO WENT FORTH TO LEARN WHAT FEAR WAS,where,5
THE STORY OF THE YOUTH WHO WENT FORTH TO LEARN WHAT FEAR WAS,which,8
THE STORY OF THE YOUTH WHO WENT FORTH TO LEARN WHAT FEAR WAS,while,2
THE STORY OF THE YOUTH WHO WENT FORTH TO LEARN WHAT FEAR WAS,white,3
THE STORY OF THE YOUTH WHO WENT FORTH TO LEARN WHAT FEAR WAS,who,18
THE STORY OF THE YOUTH WHO WENT FORTH TO LEARN WHAT FEAR WAS,whole,2
THE STORY OF THE YOUTH WHO WENT FORTH TO LEARN WHAT FEAR WAS,why,1
THE STORY OF THE YOUTH WHO WENT FORTH TO LEARN WHAT FEAR WAS,wicked,1
THE STORY OF THE YOUTH WHO WENT FORTH TO LEARN WHAT FEAR WAS,wide,2
THE STORY OF THE YOUTH WHO WENT FORTH TO LEARN WHAT FEAR WAS,wife,5
THE STORY OF THE YOUTH WHO WENT FORTH TO LEARN WHAT FEAR WAS,will,28
THE STORY OF THE YOUTH WHO WENT FORTH TO LEARN WHAT FEAR WAS,willing,1
THE STORY OF THE YOUTH WHO WENT FORTH TO LEARN WHAT FEAR WAS,willingly,2
THE STORY OF THE YOUTH WHO WENT FORTH TO LEARN WHAT FEAR WAS,wind,2
THE STORY OF THE YOUTH WHO WENT FORTH TO LEARN WHAT FEAR WAS,wish,1
THE STORY OF THE YOUTH WHO WENT FORTH TO LEARN WHAT FEAR WAS,wished,1
THE STORY OF THE YOUTH WHO WENT FORTH TO LEARN WHAT FEAR WAS,with,24
THE STORY OF THE YOUTH WHO WENT FORTH TO LEARN WHAT FEAR WAS,without,2
THE STORY OF THE YOUTH WHO WENT FORTH TO LEARN WHAT FEAR WAS,woke,1
THE STORY OF THE YOUTH WHO WENT FORTH TO LEARN WHAT FEAR WAS,woman,1
THE STORY OF THE YOUTH WHO WENT FORTH TO LEARN WHAT FEAR WAS,wonderful,1
THE STORY OF THE YOUTH WHO WENT FORTH TO LEARN WHAT FEAR WAS,word,1
THE STORY OF THE YOUTH WHO WENT FORTH TO LEARN WHAT FEAR WAS,words,1
THE STORY OF THE YOUTH WHO WENT FORTH TO LEARN WHAT FEAR WAS,works,1
THE STORY OF THE YOUTH WHO WENT FORTH TO LEARN WHAT FEAR WAS,world,1
THE STORY OF THE YOUTH WHO WENT FORTH TO LEARN WHAT FEAR WAS,would,12
THE STORY OF THE YOUTH WHO WENT FORTH TO LEARN WHAT FEAR WAS,wretch,1
THE STORY OF THE YOUTH WHO WENT FORTH TO LEARN WHAT FEAR WAS,yelled,1
THE STORY OF THE YOUTH WHO WENT FORTH TO LEARN WHAT FEAR WAS,yes,3
THE STORY OF THE YOUTH WHO WENT FORTH TO LEARN WHAT FEAR WAS,yet,4
THE STORY OF THE YOUTH WHO WENT FORTH TO LEARN WHAT FEAR WAS,you,68
THE STORY OF THE YOUTH WHO WENT FORTH TO LEARN WHAT FEAR WAS,young,2
THE STORY OF THE YOUTH WHO WENT FORTH TO LEARN WHAT FEAR WAS,younger,3
THE STORY OF THE YOUTH WHO WENT FORTH TO LEARN WHAT FEAR WAS,your,16
THE STORY OF THE YOUTH WHO WENT FORTH TO LEARN WHAT FEAR WAS,yours,1
THE STORY OF THE YOUTH WHO WENT FORTH TO LEARN WHAT FEAR WAS,yourself,1
THE STORY OF THE YOUTH WHO WENT FORTH TO LEARN WHAT FEAR WAS,yourselves,1
THE STORY OF THE YOUTH WHO WENT FORTH TO LEARN WHAT FEAR WAS,youth,24
"THE STRAW, THE COAL, AND THE BEAN",a,17
"THE STRAW, THE COAL, AND THE BEAN",across,1
"THE STRAW, THE COAL, AND THE BEAN",afraid,1
"THE STRAW, THE COAL, AND THE BEAN",after,2
"THE STRAW, THE COAL, AND THE BEAN",afterwards,1
"THE STRAW, THE COAL, AND THE BEAN",all,4
"THE STRAW, THE COAL, AND THE BEAN",an,1
"THE STRAW, THE COAL, AND THE BEAN",and,24
"THE STRAW, THE COAL, AND THE BEAN",answered,1
"THE STRAW, THE COAL, AND THE BEAN",any,1
"THE STRAW, THE COAL, AND THE BEAN",are,1
"THE STRAW, THE COAL, AND THE BEAN",as,5
"THE STRAW, THE COAL, AND THE BEAN",ashes,1
"THE STRAW, THE COAL, AND THE BEAN",at,2
"THE STRAW, THE COAL, AND THE BEAN",away,1
"THE STRAW, THE COAL, AND THE BEAN",bank,1
"THE STRAW, THE COAL, AND THE BEAN",bean,4
"THE STRAW, THE COAL, AND THE BEAN",beans,3
"THE STRAW, THE COAL, AND THE BEAN",been,4
"THE STRAW, THE COAL, AND THE BEAN",began,2
"THE STRAW, THE COAL, AND THE BEAN",behind,1
"THE STRAW, THE COAL, AND THE BEAN",beneath,1
"THE STRAW, THE COAL, AND THE BEAN",beside,1
"THE STRAW, THE COAL, AND THE BEAN",better,1
"THE STRAW, THE COAL, AND THE BEAN",black,2
"THE STRAW, THE COAL, AND THE BEAN",boldly,1
"THE STRAW, THE COAL, AND THE BEAN",breathed,1
"THE STRAW, THE COAL, AND THE BEAN",brethren,1
"THE STRAW, THE COAL, AND THE BEAN",bridge,3
"THE STRAW, THE COAL, AND THE BEAN",broke,1
"THE STRAW, THE COAL, AND THE BEAN",brook,2
"THE STRAW, THE COAL, AND THE BEAN",broth,1
"THE STRAW, THE COAL, AND THE BEAN",burn,2
"THE STRAW, THE COAL, AND THE BEAN",burning,1
"THE STRAW, THE COAL, AND THE BEAN",burnt,1
"THE STRAW, THE COAL, AND THE BEAN",burst,1
"THE STRAW, THE COAL, AND THE BEAN",but,5
"THE STRAW, THE COAL, AND THE BEAN",by,3
"THE STRAW, THE COAL, AND THE BEAN",came,1
"THE STRAW, THE COAL, AND THE BEAN",can,1
"THE STRAW, THE COAL, AND THE BEAN",certain,1
"THE STRAW, THE COAL, AND THE BEAN",coal,5
"THE STRAW, THE COAL, AND THE BEAN",come,1
"THE STRAW, THE COAL, AND THE BEAN",companions,1
"THE STRAW, THE COAL, AND THE BEAN",compassionate,1
"THE STRAW, THE COAL, AND THE BEAN",comrades,1
"THE STRAW, THE COAL, AND THE BEAN",cook,1
"THE STRAW, THE COAL, AND THE BEAN",could,1
"THE STRAW, THE COAL, AND THE BEAN",country,1
"THE STRAW, THE COAL, AND THE BEAN",dear,1
"THE STRAW, THE COAL, AND THE BEAN",death,2
"THE STRAW, THE COAL, AND THE BEAN",destroyed,1
"THE STRAW, THE COAL, AND THE BEAN",did,1
"THE STRAW, THE COAL, AND THE BEAN",dish,1
"THE STRAW, THE COAL, AND THE BEAN",disposition,1
"THE STRAW, THE COAL, AND THE BEAN",do,2
"THE STRAW, THE COAL, AND THE BEAN",down,2
"THE STRAW, THE COAL, AND THE BEAN",dropped,1
"THE STRAW, THE COAL, AND THE BEAN",dwelt,1
"THE STRAW, THE COAL, AND THE BEAN",emptying,1
"THE STRAW, THE COAL, AND THE BEAN",escaped,3
"THE STRAW, THE COAL, AND THE BEAN",event,1
"THE STRAW, THE COAL, AND THE BEAN",fallen,1
"THE STRAW, THE COAL, AND THE BEAN",farther,1
"THE STRAW, THE COAL, AND THE BEAN",fate,1
"THE STRAW, THE COAL, AND THE BEAN",fell,1
"THE STRAW, THE COAL, AND THE BEAN",fingers,1
"THE STRAW, THE COAL, AND THE BEAN",fire,4
"THE STRAW, THE COAL, AND THE BEAN",footplank,1
"THE STRAW, THE COAL, AND THE BEAN",force,1
"THE STRAW, THE COAL, AND THE BEAN",foreign,1
"THE STRAW, THE COAL, AND THE BEAN",fortunately,2
"THE STRAW, THE COAL, AND THE BEAN",fortune,1
"THE STRAW, THE COAL, AND THE BEAN",friends,1
"THE STRAW, THE COAL, AND THE BEAN",from,3
"THE STRAW, THE COAL, AND THE BEAN",gathered,1
"THE STRAW, THE COAL, AND THE BEAN",get,1
"THE STRAW, THE COAL, AND THE BEAN",go,1
"THE STRAW, THE COAL, AND THE BEAN",good,3
"THE STRAW, THE COAL, AND THE BEAN",got,2
"THE STRAW, THE COAL, AND THE BEAN",ground,1
"THE STRAW, THE COAL, AND THE BEAN",had,7
"THE STRAW, THE COAL, AND THE BEAN",handful,1
"THE STRAW, THE COAL, AND THE BEAN",has,1
"THE STRAW, THE COAL, AND THE BEAN",have,8
"THE STRAW, THE COAL, AND THE BEAN",he,2
"THE STRAW, THE COAL, AND THE BEAN",heard,1
"THE STRAW, THE COAL, AND THE BEAN",heart,1
"THE STRAW, THE COAL, AND THE BEAN",hearth,1
"THE STRAW, THE COAL, AND THE BEAN",heartily,1
"THE STRAW, THE COAL, AND THE BEAN",her,8
"THE STRAW, THE COAL, AND THE BEAN",here,2
"THE STRAW, THE COAL, AND THE BEAN",him,1
"THE STRAW, THE COAL, AND THE BEAN",his,1
"THE STRAW, THE COAL, AND THE BEAN",hissed,1
"THE STRAW, THE COAL, AND THE BEAN",hit,1
"THE STRAW, THE COAL, AND THE BEAN",how,1
"THE STRAW, THE COAL, AND THE BEAN",however,2
"THE STRAW, THE COAL, AND THE BEAN",i,8
"THE STRAW, THE COAL, AND THE BEAN",idea,1
"THE STRAW, THE COAL, AND THE BEAN",if,3
"THE STRAW, THE COAL, AND THE BEAN",impetuous,1
"THE STRAW, THE COAL, AND THE BEAN",in,4
"THE STRAW, THE COAL, AND THE BEAN",into,5
"THE STRAW, THE COAL, AND THE BEAN",it,5
"THE STRAW, THE COAL, AND THE BEAN",itself,1
"THE STRAW, THE COAL, AND THE BEAN",keep,1
"THE STRAW, THE COAL, AND THE BEAN",know,1
"THE STRAW, THE COAL, AND THE BEAN",last,1
"THE STRAW, THE COAL, AND THE BEAN",laugh,1
"THE STRAW, THE COAL, AND THE BEAN",laughed,1
"THE STRAW, THE COAL, AND THE BEAN",lay,2
"THE STRAW, THE COAL, AND THE BEAN",leapt,1
"THE STRAW, THE COAL, AND THE BEAN",lest,1
"THE STRAW, THE COAL, AND THE BEAN",lighted,1
"THE STRAW, THE COAL, AND THE BEAN",like,2
"THE STRAW, THE COAL, AND THE BEAN",likewise,1
"THE STRAW, THE COAL, AND THE BEAN",little,1
"THE STRAW, THE COAL, AND THE BEAN",lives,1
"THE STRAW, THE COAL, AND THE BEAN",lot,1
"THE STRAW, THE COAL, AND THE BEAN",luckily,1
"THE STRAW, THE COAL, AND THE BEAN",made,2
"THE STRAW, THE COAL, AND THE BEAN",me,2
"THE STRAW, THE COAL, AND THE BEAN",mercy,1
"THE STRAW, THE COAL, AND THE BEAN",middle,1
"THE STRAW, THE COAL, AND THE BEAN",might,1
"THE STRAW, THE COAL, AND THE BEAN",mischance,1
"THE STRAW, THE COAL, AND THE BEAN",most,1
"THE STRAW, THE COAL, AND THE BEAN",my,4
"THE STRAW, THE COAL, AND THE BEAN",myself,1
"THE STRAW, THE COAL, AND THE BEAN",needle,1
"THE STRAW, THE COAL, AND THE BEAN",new,1
"THE STRAW, THE COAL, AND THE BEAN",newlybuilt,1
"THE STRAW, THE COAL, AND THE BEAN",no,2
"THE STRAW, THE COAL, AND THE BEAN",not,4
"THE STRAW, THE COAL, AND THE BEAN",now,1
"THE STRAW, THE COAL, AND THE BEAN",observing,1
"THE STRAW, THE COAL, AND THE BEAN",of,6
"THE STRAW, THE COAL, AND THE BEAN",old,3
"THE STRAW, THE COAL, AND THE BEAN",on,8
"THE STRAW, THE COAL, AND THE BEAN",once,1
"THE STRAW, THE COAL, AND THE BEAN",one,2
"THE STRAW, THE COAL, AND THE BEAN",or,1
"THE STRAW, THE COAL, AND THE BEAN",other,1
"THE STRAW, THE COAL, AND THE BEAN",others,1
"THE STRAW, THE COAL, AND THE BEAN",out,3
"THE STRAW, THE COAL, AND THE BEAN",over,3
"THE STRAW, THE COAL, AND THE BEAN",overtake,1
"THE STRAW, THE COAL, AND THE BEAN",pan,2
"THE STRAW, THE COAL, AND THE BEAN",pieces,1
"THE STRAW, THE COAL, AND THE BEAN",pleased,1
"THE STRAW, THE COAL, AND THE BEAN",poor,1
"THE STRAW, THE COAL, AND THE BEAN",prettily,1
"THE STRAW, THE COAL, AND THE BEAN",proposition,1
"THE STRAW, THE COAL, AND THE BEAN",prudently,1
"THE STRAW, THE COAL, AND THE BEAN",pulled,1
"THE STRAW, THE COAL, AND THE BEAN",quicker,1
"THE STRAW, THE COAL, AND THE BEAN",quite,1
"THE STRAW, THE COAL, AND THE BEAN",reached,1
"THE STRAW, THE COAL, AND THE BEAN",repair,1
"THE STRAW, THE COAL, AND THE BEAN",replied,1
"THE STRAW, THE COAL, AND THE BEAN",rest,1
"THE STRAW, THE COAL, AND THE BEAN",rushing,1
"THE STRAW, THE COAL, AND THE BEAN",said,5
"THE STRAW, THE COAL, AND THE BEAN",sat,1
"THE STRAW, THE COAL, AND THE BEAN",seam,1
"THE STRAW, THE COAL, AND THE BEAN",search,1
"THE STRAW, THE COAL, AND THE BEAN",seized,1
"THE STRAW, THE COAL, AND THE BEAN",set,1
"THE STRAW, THE COAL, AND THE BEAN",sewed,1
"THE STRAW, THE COAL, AND THE BEAN",she,8
"THE STRAW, THE COAL, AND THE BEAN",sheer,1
"THE STRAW, THE COAL, AND THE BEAN",shore,1
"THE STRAW, THE COAL, AND THE BEAN",should,5
"THE STRAW, THE COAL, AND THE BEAN",since,1
"THE STRAW, THE COAL, AND THE BEAN",sixty,1
"THE STRAW, THE COAL, AND THE BEAN",skin,1
"THE STRAW, THE COAL, AND THE BEAN",slipped,2
"THE STRAW, THE COAL, AND THE BEAN",smoke,1
"THE STRAW, THE COAL, AND THE BEAN",so,3
"THE STRAW, THE COAL, AND THE BEAN",soon,2
"THE STRAW, THE COAL, AND THE BEAN",sprang,1
"THE STRAW, THE COAL, AND THE BEAN",stayed,1
"THE STRAW, THE COAL, AND THE BEAN",still,1
"THE STRAW, THE COAL, AND THE BEAN",stood,1
"THE STRAW, THE COAL, AND THE BEAN",stop,1
"THE STRAW, THE COAL, AND THE BEAN",straight,1
"THE STRAW, THE COAL, AND THE BEAN",straw,7
"THE STRAW, THE COAL, AND THE BEAN",stream,1
"THE STRAW, THE COAL, AND THE BEAN",stretched,1
"THE STRAW, THE COAL, AND THE BEAN",tailor,2
"THE STRAW, THE COAL, AND THE BEAN",thanked,1
"THE STRAW, THE COAL, AND THE BEAN",that,3
"THE STRAW, THE COAL, AND THE BEAN",the,35
"THE STRAW, THE COAL, AND THE BEAN",their,2
"THE STRAW, THE COAL, AND THE BEAN",them,2
"THE STRAW, THE COAL, AND THE BEAN",then,3
"THE STRAW, THE COAL, AND THE BEAN",there,1
"THE STRAW, THE COAL, AND THE BEAN",therefore,1
"THE STRAW, THE COAL, AND THE BEAN",they,4
"THE STRAW, THE COAL, AND THE BEAN",think,1
"THE STRAW, THE COAL, AND THE BEAN",thread,2
"THE STRAW, THE COAL, AND THE BEAN",through,1
"THE STRAW, THE COAL, AND THE BEAN",to,13
"THE STRAW, THE COAL, AND THE BEAN",together,5
"THE STRAW, THE COAL, AND THE BEAN",too,1
"THE STRAW, THE COAL, AND THE BEAN",took,1
"THE STRAW, THE COAL, AND THE BEAN",travelling,1
"THE STRAW, THE COAL, AND THE BEAN",tripped,1
"THE STRAW, THE COAL, AND THE BEAN",two,3
"THE STRAW, THE COAL, AND THE BEAN",unable,1
"THE STRAW, THE COAL, AND THE BEAN",us,1
"THE STRAW, THE COAL, AND THE BEAN",used,1
"THE STRAW, THE COAL, AND THE BEAN",ventured,1
"THE STRAW, THE COAL, AND THE BEAN",village,1
"THE STRAW, THE COAL, AND THE BEAN",walk,1
"THE STRAW, THE COAL, AND THE BEAN",wanted,1
"THE STRAW, THE COAL, AND THE BEAN",was,6
"THE STRAW, THE COAL, AND THE BEAN",water,2
"THE STRAW, THE COAL, AND THE BEAN",way,1
"THE STRAW, THE COAL, AND THE BEAN",we,4
"THE STRAW, THE COAL, AND THE BEAN",were,1
"THE STRAW, THE COAL, AND THE BEAN",what,1
"THE STRAW, THE COAL, AND THE BEAN",when,3
"THE STRAW, THE COAL, AND THE BEAN",whence,1
"THE STRAW, THE COAL, AND THE BEAN",who,4
"THE STRAW, THE COAL, AND THE BEAN",whole,1
"THE STRAW, THE COAL, AND THE BEAN",will,1
"THE STRAW, THE COAL, AND THE BEAN",with,3
"THE STRAW, THE COAL, AND THE BEAN",without,2
"THE STRAW, THE COAL, AND THE BEAN",woman,3
"THE STRAW, THE COAL, AND THE BEAN",work,1
"THE STRAW, THE COAL, AND THE BEAN",would,3
"THE STRAW, THE COAL, AND THE BEAN",you,2
THE THREE LANGUAGES,a,18
THE THREE LANGUAGES,above,1
THE THREE LANGUAGES,accomplished,1
THE THREE LANGUAGES,adopt,1
THE THREE LANGUAGES,affected,1
THE THREE LANGUAGES,after,2
THE THREE LANGUAGES,again,5
THE THREE LANGUAGES,aged,1
THE THREE LANGUAGES,agreed,1
THE THREE LANGUAGES,all,3
THE THREE LANGUAGES,also,2
THE THREE LANGUAGES,amicably,1
THE THREE LANGUAGES,among,1
THE THREE LANGUAGES,an,2
THE THREE LANGUAGES,and,47
THE THREE LANGUAGES,anger,1
THE THREE LANGUAGES,animals,1
THE THREE LANGUAGES,anointed,1
THE THREE LANGUAGES,another,2
THE THREE LANGUAGES,answered,2
THE THREE LANGUAGES,anything,1
THE THREE LANGUAGES,appear,1
THE THREE LANGUAGES,appoint,1
THE THREE LANGUAGES,are,3
THE THREE LANGUAGES,around,1
THE THREE LANGUAGES,arrived,1
THE THREE LANGUAGES,as,9
THE THREE LANGUAGES,ashamed,1
THE THREE LANGUAGES,asked,3
THE THREE LANGUAGES,astonishment,1
THE THREE LANGUAGES,at,8
THE THREE LANGUAGES,ate,1
THE THREE LANGUAGES,aware,1
THE THREE LANGUAGES,away,1
THE THREE LANGUAGES,back,1
THE THREE LANGUAGES,bark,3
THE THREE LANGUAGES,barking,1
THE THREE LANGUAGES,be,7
THE THREE LANGUAGES,became,1
THE THREE LANGUAGES,because,1
THE THREE LANGUAGES,before,2
THE THREE LANGUAGES,begged,1
THE THREE LANGUAGES,below,1
THE THREE LANGUAGES,bewitched,1
THE THREE LANGUAGES,birds,1
THE THREE LANGUAGES,bring,1
THE THREE LANGUAGES,brought,1
THE THREE LANGUAGES,but,7
THE THREE LANGUAGES,by,2
THE THREE LANGUAGES,called,1
THE THREE LANGUAGES,came,5
THE THREE LANGUAGES,can,4
THE THREE LANGUAGES,cardinals,1
THE THREE LANGUAGES,care,1
THE THREE LANGUAGES,carry,1
THE THREE LANGUAGES,castle,3
THE THREE LANGUAGES,celebrated,1
THE THREE LANGUAGES,certain,1
THE THREE LANGUAGES,chest,1
THE THREE LANGUAGES,chosen,1
THE THREE LANGUAGES,church,1
THE THREE LANGUAGES,command,1
THE THREE LANGUAGES,consecrated,1
THE THREE LANGUAGES,continually,1
THE THREE LANGUAGES,could,3
THE THREE LANGUAGES,counselled,1
THE THREE LANGUAGES,count,2
THE THREE LANGUAGES,country,1
THE THREE LANGUAGES,cried,1
THE THREE LANGUAGES,croak,1
THE THREE LANGUAGES,croaking,1
THE THREE LANGUAGES,cut,1
THE THREE LANGUAGES,dear,1
THE THREE LANGUAGES,decided,1
THE THREE LANGUAGES,deer,1
THE THREE LANGUAGES,devour,1
THE THREE LANGUAGES,did,4
THE THREE LANGUAGES,died,1
THE THREE LANGUAGES,disappeared,1
THE THREE LANGUAGES,discourse,1
THE THREE LANGUAGES,dismay,1
THE THREE LANGUAGES,distinguished,1
THE THREE LANGUAGES,district,1
THE THREE LANGUAGES,divine,1
THE THREE LANGUAGES,do,6
THE THREE LANGUAGES,dogs,6
THE THREE LANGUAGES,done,1
THE THREE LANGUAGES,doubt,1
THE THREE LANGUAGES,doves,3
THE THREE LANGUAGES,down,4
THE THREE LANGUAGES,drive,1
THE THREE LANGUAGES,dwell,1
THE THREE LANGUAGES,ear,1
THE THREE LANGUAGES,ecclesiastics,1
THE THREE LANGUAGES,end,1
THE THREE LANGUAGES,entered,1
THE THREE LANGUAGES,everyone,1
THE THREE LANGUAGES,evil,1
THE THREE LANGUAGES,eyes,2
THE THREE LANGUAGES,father,11
THE THREE LANGUAGES,fear,1
THE THREE LANGUAGES,fell,2
THE THREE LANGUAGES,flew,1
THE THREE LANGUAGES,food,1
THE THREE LANGUAGES,for,4
THE THREE LANGUAGES,forest,1
THE THREE LANGUAGES,forth,2
THE THREE LANGUAGES,fortress,1
THE THREE LANGUAGES,freed,1
THE THREE LANGUAGES,frogs,3
THE THREE LANGUAGES,from,5
THE THREE LANGUAGES,fulfilled,1
THE THREE LANGUAGES,full,2
THE THREE LANGUAGES,furious,1
THE THREE LANGUAGES,gave,1
THE THREE LANGUAGES,get,1
THE THREE LANGUAGES,give,2
THE THREE LANGUAGES,given,1
THE THREE LANGUAGES,go,4
THE THREE LANGUAGES,gold,1
THE THREE LANGUAGES,great,2
THE THREE LANGUAGES,grew,1
THE THREE LANGUAGES,had,7
THE THREE LANGUAGES,hair,1
THE THREE LANGUAGES,hark,1
THE THREE LANGUAGES,harm,1
THE THREE LANGUAGES,has,1
THE THREE LANGUAGES,have,14
THE THREE LANGUAGES,he,33
THE THREE LANGUAGES,head,3
THE THREE LANGUAGES,heard,3
THE THREE LANGUAGES,hence,1
THE THREE LANGUAGES,henceforth,1
THE THREE LANGUAGES,him,15
THE THREE LANGUAGES,himself,1
THE THREE LANGUAGES,his,11
THE THREE LANGUAGES,holiness,1
THE THREE LANGUAGES,home,2
THE THREE LANGUAGES,hours,1
THE THREE LANGUAGES,how,1
THE THREE LANGUAGES,however,1
THE THREE LANGUAGES,howl,1
THE THREE LANGUAGES,howling,1
THE THREE LANGUAGES,hurt,1
THE THREE LANGUAGES,i,13
THE THREE LANGUAGES,if,5
THE THREE LANGUAGES,in,9
THE THREE LANGUAGES,inquired,1
THE THREE LANGUAGES,inside,1
THE THREE LANGUAGES,into,8
THE THREE LANGUAGES,is,7
THE THREE LANGUAGES,it,11
THE THREE LANGUAGES,just,3
THE THREE LANGUAGES,kill,1
THE THREE LANGUAGES,killed,1
THE THREE LANGUAGES,knew,2
THE THREE LANGUAGES,know,1
THE THREE LANGUAGES,land,1
THE THREE LANGUAGES,language,1
THE THREE LANGUAGES,last,1
THE THREE LANGUAGES,learn,2
THE THREE LANGUAGES,learnt,9
THE THREE LANGUAGES,led,1
THE THREE LANGUAGES,length,2
THE THREE LANGUAGES,let,2
THE THREE LANGUAGES,life,1
THE THREE LANGUAGES,likewise,2
THE THREE LANGUAGES,listened,1
THE THREE LANGUAGES,lived,1
THE THREE LANGUAGES,lodging,1
THE THREE LANGUAGES,longer,2
THE THREE LANGUAGES,lord,4
THE THREE LANGUAGES,lost,1
THE THREE LANGUAGES,man,4
THE THREE LANGUAGES,marsh,1
THE THREE LANGUAGES,mass,1
THE THREE LANGUAGES,master,6
THE THREE LANGUAGES,me,4
THE THREE LANGUAGES,mercy,1
THE THREE LANGUAGES,might,1
THE THREE LANGUAGES,miraculous,1
THE THREE LANGUAGES,more,1
THE THREE LANGUAGES,morning,1
THE THREE LANGUAGES,most,1
THE THREE LANGUAGES,must,1
THE THREE LANGUAGES,my,6
THE THREE LANGUAGES,next,1
THE THREE LANGUAGES,night,2
THE THREE LANGUAGES,no,5
THE THREE LANGUAGES,not,6
THE THREE LANGUAGES,nothing,5
THE THREE LANGUAGES,now,1
THE THREE LANGUAGES,number,1
THE THREE LANGUAGES,obliged,1
THE THREE LANGUAGES,of,17
THE THREE LANGUAGES,oh,1
THE THREE LANGUAGES,old,2
THE THREE LANGUAGES,on,9
THE THREE LANGUAGES,once,2
THE THREE LANGUAGES,one,3
THE THREE LANGUAGES,only,1
THE THREE LANGUAGES,out,4
THE THREE LANGUAGES,over,1
THE THREE LANGUAGES,own,1
THE THREE LANGUAGES,pass,1
THE THREE LANGUAGES,passed,1
THE THREE LANGUAGES,people,1
THE THREE LANGUAGES,peril,1
THE THREE LANGUAGES,person,1
THE THREE LANGUAGES,pity,1
THE THREE LANGUAGES,pope,4
THE THREE LANGUAGES,precious,1
THE THREE LANGUAGES,quite,1
THE THREE LANGUAGES,rage,1
THE THREE LANGUAGES,recognized,1
THE THREE LANGUAGES,rejoiced,1
THE THREE LANGUAGES,remained,3
THE THREE LANGUAGES,rest,1
THE THREE LANGUAGES,revealed,1
THE THREE LANGUAGES,rome,2
THE THREE LANGUAGES,s,1
THE THREE LANGUAGES,sad,1
THE THREE LANGUAGES,safe,1
THE THREE LANGUAGES,said,9
THE THREE LANGUAGES,sat,1
THE THREE LANGUAGES,say,2
THE THREE LANGUAGES,saying,1
THE THREE LANGUAGES,see,1
THE THREE LANGUAGES,send,2
THE THREE LANGUAGES,sent,1
THE THREE LANGUAGES,set,1
THE THREE LANGUAGES,shall,1
THE THREE LANGUAGES,should,4
THE THREE LANGUAGES,shoulders,2
THE THREE LANGUAGES,sing,1
THE THREE LANGUAGES,sitting,2
THE THREE LANGUAGES,snowwhite,1
THE THREE LANGUAGES,so,2
THE THREE LANGUAGES,some,4
THE THREE LANGUAGES,something,1
THE THREE LANGUAGES,son,7
THE THREE LANGUAGES,sorrow,1
THE THREE LANGUAGES,spent,1
THE THREE LANGUAGES,spot,1
THE THREE LANGUAGES,sprang,1
THE THREE LANGUAGES,stayed,1
THE THREE LANGUAGES,stop,1
THE THREE LANGUAGES,stopping,1
THE THREE LANGUAGES,strange,1
THE THREE LANGUAGES,stupid,1
THE THREE LANGUAGES,successfully,1
THE THREE LANGUAGES,successor,1
THE THREE LANGUAGES,suddenly,1
THE THREE LANGUAGES,switzerland,1
THE THREE LANGUAGES,tails,1
THE THREE LANGUAGES,take,1
THE THREE LANGUAGES,taken,2
THE THREE LANGUAGES,that,8
THE THREE LANGUAGES,the,57
THE THREE LANGUAGES,their,3
THE THREE LANGUAGES,them,6
THE THREE LANGUAGES,then,6
THE THREE LANGUAGES,there,4
THE THREE LANGUAGES,therein,1
THE THREE LANGUAGES,they,16
THE THREE LANGUAGES,third,2
THE THREE LANGUAGES,this,8
THE THREE LANGUAGES,thither,3
THE THREE LANGUAGES,thoroughly,1
THE THREE LANGUAGES,thoughtful,1
THE THREE LANGUAGES,throw,1
THE THREE LANGUAGES,thus,1
THE THREE LANGUAGES,time,5
THE THREE LANGUAGES,to,25
THE THREE LANGUAGES,token,3
THE THREE LANGUAGES,tongue,1
THE THREE LANGUAGES,took,2
THE THREE LANGUAGES,tower,3
THE THREE LANGUAGES,town,2
THE THREE LANGUAGES,travel,1
THE THREE LANGUAGES,treasure,1
THE THREE LANGUAGES,trouble,1
THE THREE LANGUAGES,try,1
THE THREE LANGUAGES,two,2
THE THREE LANGUAGES,undecided,1
THE THREE LANGUAGES,unharmed,1
THE THREE LANGUAGES,until,1
THE THREE LANGUAGES,up,1
THE THREE LANGUAGES,us,1
THE THREE LANGUAGES,very,1
THE THREE LANGUAGES,wagged,1
THE THREE LANGUAGES,wandered,1
THE THREE LANGUAGES,warn,1
THE THREE LANGUAGES,was,13
THE THREE LANGUAGES,watch,1
THE THREE LANGUAGES,way,2
THE THREE LANGUAGES,went,2
THE THREE LANGUAGES,were,3
THE THREE LANGUAGES,what,11
THE THREE LANGUAGES,when,6
THE THREE LANGUAGES,where,2
THE THREE LANGUAGES,which,4
THE THREE LANGUAGES,who,4
THE THREE LANGUAGES,whole,3
THE THREE LANGUAGES,whom,2
THE THREE LANGUAGES,why,1
THE THREE LANGUAGES,wild,3
THE THREE LANGUAGES,will,7
THE THREE LANGUAGES,with,5
THE THREE LANGUAGES,without,2
THE THREE LANGUAGES,word,1
THE THREE LANGUAGES,worthy,1
THE THREE LANGUAGES,would,4
THE THREE LANGUAGES,year,4
THE THREE LANGUAGES,yes,2
THE THREE LANGUAGES,yet,1
THE THREE LANGUAGES,you,17
THE THREE LANGUAGES,young,1
THE THREE LANGUAGES,your,3
THE THREE LANGUAGES,youth,5
THE TRAVELLING MUSICIANS,a,40
THE TRAVELLING MUSICIANS,abode,1
THE TRAVELLING MUSICIANS,about,4
THE TRAVELLING MUSICIANS,according,1
THE TRAVELLING MUSICIANS,added,1
THE TRAVELLING MUSICIANS,afar,2
THE TRAVELLING MUSICIANS,after,3
THE TRAVELLING MUSICIANS,afterwards,1
THE TRAVELLING MUSICIANS,again,1
THE TRAVELLING MUSICIANS,against,1
THE TRAVELLING MUSICIANS,ah,1
THE TRAVELLING MUSICIANS,alas,1
THE TRAVELLING MUSICIANS,all,12
THE TRAVELLING MUSICIANS,along,1
THE TRAVELLING MUSICIANS,am,4
THE TRAVELLING MUSICIANS,amongst,1
THE TRAVELLING MUSICIANS,an,3
THE TRAVELLING MUSICIANS,and,60
THE TRAVELLING MUSICIANS,any,1
THE TRAVELLING MUSICIANS,are,3
THE TRAVELLING MUSICIANS,as,14
THE TRAVELLING MUSICIANS,ashes,1
THE TRAVELLING MUSICIANS,asleep,1
THE TRAVELLING MUSICIANS,ass,16
THE TRAVELLING MUSICIANS,at,10
THE TRAVELLING MUSICIANS,awakened,1
THE TRAVELLING MUSICIANS,away,5
THE TRAVELLING MUSICIANS,back,4
THE TRAVELLING MUSICIANS,barked,1
THE TRAVELLING MUSICIANS,be,7
THE TRAVELLING MUSICIANS,beam,1
THE TRAVELLING MUSICIANS,became,1
THE TRAVELLING MUSICIANS,because,2
THE TRAVELLING MUSICIANS,been,5
THE TRAVELLING MUSICIANS,before,3
THE TRAVELLING MUSICIANS,began,4
THE TRAVELLING MUSICIANS,beginning,1
THE TRAVELLING MUSICIANS,behind,2
THE TRAVELLING MUSICIANS,being,1
THE TRAVELLING MUSICIANS,besides,2
THE TRAVELLING MUSICIANS,best,1
THE TRAVELLING MUSICIANS,better,2
THE TRAVELLING MUSICIANS,bit,2
THE TRAVELLING MUSICIANS,black,1
THE TRAVELLING MUSICIANS,bolder,1
THE TRAVELLING MUSICIANS,bone,1
THE TRAVELLING MUSICIANS,bony,1
THE TRAVELLING MUSICIANS,branches,1
THE TRAVELLING MUSICIANS,bravo,1
THE TRAVELLING MUSICIANS,brayed,1
THE TRAVELLING MUSICIANS,bright,1
THE TRAVELLING MUSICIANS,brighter,1
THE TRAVELLING MUSICIANS,broke,1
THE TRAVELLING MUSICIANS,broken,2
THE TRAVELLING MUSICIANS,broth,1
THE TRAVELLING MUSICIANS,but,8
THE TRAVELLING MUSICIANS,by,6
THE TRAVELLING MUSICIANS,calling,1
THE TRAVELLING MUSICIANS,came,3
THE TRAVELLING MUSICIANS,can,4
THE TRAVELLING MUSICIANS,candle,1
THE TRAVELLING MUSICIANS,captain,1
THE TRAVELLING MUSICIANS,care,1
THE TRAVELLING MUSICIANS,case,1
THE TRAVELLING MUSICIANS,cat,10
THE TRAVELLING MUSICIANS,change,1
THE TRAVELLING MUSICIANS,chanticleer,3
THE TRAVELLING MUSICIANS,city,4
THE TRAVELLING MUSICIANS,clatter,1
THE TRAVELLING MUSICIANS,clear,1
THE TRAVELLING MUSICIANS,climbed,1
THE TRAVELLING MUSICIANS,close,1
THE TRAVELLING MUSICIANS,club,1
THE TRAVELLING MUSICIANS,coals,1
THE TRAVELLING MUSICIANS,coast,1
THE TRAVELLING MUSICIANS,cock,9
THE TRAVELLING MUSICIANS,come,2
THE TRAVELLING MUSICIANS,coming,1
THE TRAVELLING MUSICIANS,companions,1
THE TRAVELLING MUSICIANS,company,1
THE TRAVELLING MUSICIANS,comrades,1
THE TRAVELLING MUSICIANS,concert,2
THE TRAVELLING MUSICIANS,consulted,1
THE TRAVELLING MUSICIANS,contrive,1
THE TRAVELLING MUSICIANS,cook,1
THE TRAVELLING MUSICIANS,could,4
THE TRAVELLING MUSICIANS,cried,1
THE TRAVELLING MUSICIANS,crossing,1
THE TRAVELLING MUSICIANS,crowed,1
THE TRAVELLING MUSICIANS,custom,1
THE TRAVELLING MUSICIANS,cut,2
THE TRAVELLING MUSICIANS,danger,1
THE TRAVELLING MUSICIANS,dare,1
THE TRAVELLING MUSICIANS,dared,1
THE TRAVELLING MUSICIANS,day,3
THE TRAVELLING MUSICIANS,devil,1
THE TRAVELLING MUSICIANS,dispatched,1
THE TRAVELLING MUSICIANS,do,5
THE TRAVELLING MUSICIANS,dog,10
THE TRAVELLING MUSICIANS,doing,1
THE TRAVELLING MUSICIANS,don,1
THE TRAVELLING MUSICIANS,donkey,2
THE TRAVELLING MUSICIANS,door,3
THE TRAVELLING MUSICIANS,doubt,1
THE TRAVELLING MUSICIANS,down,3
THE TRAVELLING MUSICIANS,dreadfully,1
THE TRAVELLING MUSICIANS,drew,1
THE TRAVELLING MUSICIANS,drown,1
THE TRAVELLING MUSICIANS,each,1
THE TRAVELLING MUSICIANS,eagerness,1
THE TRAVELLING MUSICIANS,earn,1
THE TRAVELLING MUSICIANS,ease,1
THE TRAVELLING MUSICIANS,eat,1
THE TRAVELLING MUSICIANS,end,1
THE TRAVELLING MUSICIANS,enough,1
THE TRAVELLING MUSICIANS,espying,1
THE TRAVELLING MUSICIANS,every,1
THE TRAVELLING MUSICIANS,everything,2
THE TRAVELLING MUSICIANS,expected,1
THE TRAVELLING MUSICIANS,eyes,1
THE TRAVELLING MUSICIANS,face,3
THE TRAVELLING MUSICIANS,faithful,1
THE TRAVELLING MUSICIANS,famous,1
THE TRAVELLING MUSICIANS,far,1
THE TRAVELLING MUSICIANS,farmer,1
THE TRAVELLING MUSICIANS,farmyard,1
THE TRAVELLING MUSICIANS,fast,2
THE TRAVELLING MUSICIANS,fell,1
THE TRAVELLING MUSICIANS,fiery,1
THE TRAVELLING MUSICIANS,finding,1
THE TRAVELLING MUSICIANS,fine,1
THE TRAVELLING MUSICIANS,fingers,1
THE TRAVELLING MUSICIANS,fire,1
THE TRAVELLING MUSICIANS,first,1
THE TRAVELLING MUSICIANS,flew,2
THE TRAVELLING MUSICIANS,for,11
THE TRAVELLING MUSICIANS,forbid,1
THE TRAVELLING MUSICIANS,forefeet,1
THE TRAVELLING MUSICIANS,fortune,1
THE TRAVELLING MUSICIANS,found,1
THE TRAVELLING MUSICIANS,four,1
THE TRAVELLING MUSICIANS,friend,1
THE TRAVELLING MUSICIANS,frightened,2
THE TRAVELLING MUSICIANS,frightful,1
THE TRAVELLING MUSICIANS,from,2
THE TRAVELLING MUSICIANS,gang,1
THE TRAVELLING MUSICIANS,gate,1
THE TRAVELLING MUSICIANS,get,4
THE TRAVELLING MUSICIANS,given,1
THE TRAVELLING MUSICIANS,glass,1
THE TRAVELLING MUSICIANS,glittering,1
THE TRAVELLING MUSICIANS,go,3
THE TRAVELLING MUSICIANS,going,4
THE TRAVELLING MUSICIANS,gone,1
THE TRAVELLING MUSICIANS,good,4
THE TRAVELLING MUSICIANS,got,2
THE TRAVELLING MUSICIANS,great,8
THE TRAVELLING MUSICIANS,groped,1
THE TRAVELLING MUSICIANS,grow,1
THE TRAVELLING MUSICIANS,growing,1
THE TRAVELLING MUSICIANS,guests,1
THE TRAVELLING MUSICIANS,had,19
THE TRAVELLING MUSICIANS,hand,1
THE TRAVELLING MUSICIANS,hark,1
THE TRAVELLING MUSICIANS,have,3
THE TRAVELLING MUSICIANS,he,15
THE TRAVELLING MUSICIANS,head,4
THE TRAVELLING MUSICIANS,heap,1
THE TRAVELLING MUSICIANS,heart,1
THE TRAVELLING MUSICIANS,hearth,1
THE TRAVELLING MUSICIANS,heaven,1
THE TRAVELLING MUSICIANS,held,1
THE TRAVELLING MUSICIANS,her,2
THE TRAVELLING MUSICIANS,here,2
THE TRAVELLING MUSICIANS,herself,1
THE TRAVELLING MUSICIANS,hidden,1
THE TRAVELLING MUSICIANS,hideous,1
THE TRAVELLING MUSICIANS,higher,1
THE TRAVELLING MUSICIANS,him,12
THE TRAVELLING MUSICIANS,himself,5
THE TRAVELLING MUSICIANS,hind,1
THE TRAVELLING MUSICIANS,his,14
THE TRAVELLING MUSICIANS,hit,1
THE TRAVELLING MUSICIANS,hobgoblin,1
THE TRAVELLING MUSICIANS,hold,1
THE TRAVELLING MUSICIANS,honest,1
THE TRAVELLING MUSICIANS,horrid,1
THE TRAVELLING MUSICIANS,house,7
THE TRAVELLING MUSICIANS,how,6
THE TRAVELLING MUSICIANS,however,1
THE TRAVELLING MUSICIANS,hunting,1
THE TRAVELLING MUSICIANS,hurry,1
THE TRAVELLING MUSICIANS,i,15
THE TRAVELLING MUSICIANS,if,5
THE TRAVELLING MUSICIANS,in,20
THE TRAVELLING MUSICIANS,into,5
THE TRAVELLING MUSICIANS,is,3
THE TRAVELLING MUSICIANS,it,4
THE TRAVELLING MUSICIANS,jogged,1
THE TRAVELLING MUSICIANS,joined,1
THE TRAVELLING MUSICIANS,joke,1
THE TRAVELLING MUSICIANS,jollily,1
THE TRAVELLING MUSICIANS,journey,2
THE TRAVELLING MUSICIANS,jumped,1
THE TRAVELLING MUSICIANS,just,1
THE TRAVELLING MUSICIANS,keeping,1
THE TRAVELLING MUSICIANS,kicked,1
THE TRAVELLING MUSICIANS,kind,1
THE TRAVELLING MUSICIANS,kinds,1
THE TRAVELLING MUSICIANS,kitchen,1
THE TRAVELLING MUSICIANS,knife,1
THE TRAVELLING MUSICIANS,knock,1
THE TRAVELLING MUSICIANS,know,1
THE TRAVELLING MUSICIANS,knows,1
THE TRAVELLING MUSICIANS,lady,1
THE TRAVELLING MUSICIANS,laid,3
THE TRAVELLING MUSICIANS,larger,1
THE TRAVELLING MUSICIANS,last,2
THE TRAVELLING MUSICIANS,left,1
THE TRAVELLING MUSICIANS,leg,2
THE TRAVELLING MUSICIANS,legs,1
THE TRAVELLING MUSICIANS,lie,1
THE TRAVELLING MUSICIANS,life,1
THE TRAVELLING MUSICIANS,light,4
THE TRAVELLING MUSICIANS,lights,2
THE TRAVELLING MUSICIANS,liking,1
THE TRAVELLING MUSICIANS,little,2
THE TRAVELLING MUSICIANS,live,2
THE TRAVELLING MUSICIANS,lived,1
THE TRAVELLING MUSICIANS,livelihood,1
THE TRAVELLING MUSICIANS,lodging,2
THE TRAVELLING MUSICIANS,long,1
THE TRAVELLING MUSICIANS,longer,1
THE TRAVELLING MUSICIANS,look,1
THE TRAVELLING MUSICIANS,looked,1
THE TRAVELLING MUSICIANS,lucky,1
THE TRAVELLING MUSICIANS,lying,1
THE TRAVELLING MUSICIANS,main,1
THE TRAVELLING MUSICIANS,make,4
THE TRAVELLING MUSICIANS,makes,1
THE TRAVELLING MUSICIANS,making,2
THE TRAVELLING MUSICIANS,man,1
THE TRAVELLING MUSICIANS,many,1
THE TRAVELLING MUSICIANS,marched,2
THE TRAVELLING MUSICIANS,master,3
THE TRAVELLING MUSICIANS,mat,1
THE TRAVELLING MUSICIANS,match,2
THE TRAVELLING MUSICIANS,matter,1
THE TRAVELLING MUSICIANS,may,3
THE TRAVELLING MUSICIANS,me,7
THE TRAVELLING MUSICIANS,means,1
THE TRAVELLING MUSICIANS,meat,1
THE TRAVELLING MUSICIANS,merry,1
THE TRAVELLING MUSICIANS,mewed,1
THE TRAVELLING MUSICIANS,mice,1
THE TRAVELLING MUSICIANS,middle,1
THE TRAVELLING MUSICIANS,midnight,1
THE TRAVELLING MUSICIANS,might,2
THE TRAVELLING MUSICIANS,mischief,1
THE TRAVELLING MUSICIANS,mistook,1
THE TRAVELLING MUSICIANS,mistress,2
THE TRAVELLING MUSICIANS,monster,1
THE TRAVELLING MUSICIANS,month,1
THE TRAVELLING MUSICIANS,more,3
THE TRAVELLING MUSICIANS,most,2
THE TRAVELLING MUSICIANS,much,1
THE TRAVELLING MUSICIANS,music,1
THE TRAVELLING MUSICIANS,musician,3
THE TRAVELLING MUSICIANS,musicians,1
THE TRAVELLING MUSICIANS,must,1
THE TRAVELLING MUSICIANS,my,11
THE TRAVELLING MUSICIANS,myself,1
THE TRAVELLING MUSICIANS,near,1
THE TRAVELLING MUSICIANS,never,1
THE TRAVELLING MUSICIANS,night,2
THE TRAVELLING MUSICIANS,no,3
THE TRAVELLING MUSICIANS,noble,1
THE TRAVELLING MUSICIANS,noise,2
THE TRAVELLING MUSICIANS,not,8
THE TRAVELLING MUSICIANS,now,3
THE TRAVELLING MUSICIANS,of,18
THE TRAVELLING MUSICIANS,off,6
THE TRAVELLING MUSICIANS,oh,1
THE TRAVELLING MUSICIANS,old,3
THE TRAVELLING MUSICIANS,on,10
THE TRAVELLING MUSICIANS,once,4
THE TRAVELLING MUSICIANS,one,3
THE TRAVELLING MUSICIANS,only,1
THE TRAVELLING MUSICIANS,opening,1
THE TRAVELLING MUSICIANS,or,2
THE TRAVELLING MUSICIANS,order,1
THE TRAVELLING MUSICIANS,our,4
THE TRAVELLING MUSICIANS,out,8
THE TRAVELLING MUSICIANS,over,1
THE TRAVELLING MUSICIANS,own,1
THE TRAVELLING MUSICIANS,pains,1
THE TRAVELLING MUSICIANS,pant,1
THE TRAVELLING MUSICIANS,panting,1
THE TRAVELLING MUSICIANS,party,1
THE TRAVELLING MUSICIANS,passing,1
THE TRAVELLING MUSICIANS,peeped,1
THE TRAVELLING MUSICIANS,perched,2
THE TRAVELLING MUSICIANS,placed,1
THE TRAVELLING MUSICIANS,plan,1
THE TRAVELLING MUSICIANS,pleased,2
THE TRAVELLING MUSICIANS,pray,2
THE TRAVELLING MUSICIANS,put,1
THE TRAVELLING MUSICIANS,putting,1
THE TRAVELLING MUSICIANS,quarters,2
THE TRAVELLING MUSICIANS,quiet,1
THE TRAVELLING MUSICIANS,quite,1
THE TRAVELLING MUSICIANS,ran,3
THE TRAVELLING MUSICIANS,rascal,1
THE TRAVELLING MUSICIANS,rate,1
THE TRAVELLING MUSICIANS,rather,2
THE TRAVELLING MUSICIANS,reach,1
THE TRAVELLING MUSICIANS,ready,1
THE TRAVELLING MUSICIANS,replied,1
THE TRAVELLING MUSICIANS,rest,1
THE TRAVELLING MUSICIANS,resting,1
THE TRAVELLING MUSICIANS,restingplace,1
THE TRAVELLING MUSICIANS,road,1
THE TRAVELLING MUSICIANS,roadside,1
THE TRAVELLING MUSICIANS,robber,1
THE TRAVELLING MUSICIANS,robbers,7
THE TRAVELLING MUSICIANS,rolled,1
THE TRAVELLING MUSICIANS,room,1
THE TRAVELLING MUSICIANS,round,1
THE TRAVELLING MUSICIANS,rueful,1
THE TRAVELLING MUSICIANS,run,2
THE TRAVELLING MUSICIANS,s,4
THE TRAVELLING MUSICIANS,safer,1
THE TRAVELLING MUSICIANS,said,16
THE TRAVELLING MUSICIANS,same,1
THE TRAVELLING MUSICIANS,sat,4
THE TRAVELLING MUSICIANS,satisfied,1
THE TRAVELLING MUSICIANS,saw,5
THE TRAVELLING MUSICIANS,say,1
THE TRAVELLING MUSICIANS,saying,1
THE TRAVELLING MUSICIANS,scampered,1
THE TRAVELLING MUSICIANS,scrambled,1
THE TRAVELLING MUSICIANS,scratched,2
THE TRAVELLING MUSICIANS,screamed,1
THE TRAVELLING MUSICIANS,screaming,1
THE TRAVELLING MUSICIANS,see,6
THE TRAVELLING MUSICIANS,seemed,1
THE TRAVELLING MUSICIANS,seen,1
THE TRAVELLING MUSICIANS,servant,1
THE TRAVELLING MUSICIANS,shining,1
THE TRAVELLING MUSICIANS,should,4
THE TRAVELLING MUSICIANS,shoulders,1
THE TRAVELLING MUSICIANS,sides,1
THE TRAVELLING MUSICIANS,signal,1
THE TRAVELLING MUSICIANS,sing,1
THE TRAVELLING MUSICIANS,singer,1
THE TRAVELLING MUSICIANS,sitting,2
THE TRAVELLING MUSICIANS,sleep,2
THE TRAVELLING MUSICIANS,slyly,1
THE TRAVELLING MUSICIANS,so,8
THE TRAVELLING MUSICIANS,some,3
THE TRAVELLING MUSICIANS,something,1
THE TRAVELLING MUSICIANS,soon,4
THE TRAVELLING MUSICIANS,sought,1
THE TRAVELLING MUSICIANS,spat,2
THE TRAVELLING MUSICIANS,spied,1
THE TRAVELLING MUSICIANS,spirits,2
THE TRAVELLING MUSICIANS,spot,1
THE TRAVELLING MUSICIANS,sprang,1
THE TRAVELLING MUSICIANS,spread,1
THE TRAVELLING MUSICIANS,stabbed,1
THE TRAVELLING MUSICIANS,staying,1
THE TRAVELLING MUSICIANS,still,1
THE TRAVELLING MUSICIANS,stood,1
THE TRAVELLING MUSICIANS,straw,1
THE TRAVELLING MUSICIANS,stretched,1
THE TRAVELLING MUSICIANS,struck,1
THE TRAVELLING MUSICIANS,sunday,1
THE TRAVELLING MUSICIANS,suppose,1
THE TRAVELLING MUSICIANS,t,1
THE TRAVELLING MUSICIANS,table,1
THE TRAVELLING MUSICIANS,tallest,1
THE TRAVELLING MUSICIANS,than,3
THE TRAVELLING MUSICIANS,thank,1
THE TRAVELLING MUSICIANS,that,13
THE TRAVELLING MUSICIANS,the,114
THE TRAVELLING MUSICIANS,their,4
THE TRAVELLING MUSICIANS,them,4
THE TRAVELLING MUSICIANS,themselves,2
THE TRAVELLING MUSICIANS,then,3
THE TRAVELLING MUSICIANS,there,5
THE TRAVELLING MUSICIANS,therefore,1
THE TRAVELLING MUSICIANS,they,26
THE TRAVELLING MUSICIANS,things,1
THE TRAVELLING MUSICIANS,think,2
THE TRAVELLING MUSICIANS,thinking,1
THE TRAVELLING MUSICIANS,this,7
THE TRAVELLING MUSICIANS,though,1
THE TRAVELLING MUSICIANS,thought,2
THE TRAVELLING MUSICIANS,threaten,1
THE TRAVELLING MUSICIANS,through,1
THE TRAVELLING MUSICIANS,throw,1
THE TRAVELLING MUSICIANS,till,2
THE TRAVELLING MUSICIANS,tired,3
THE TRAVELLING MUSICIANS,to,38
THE TRAVELLING MUSICIANS,together,4
THE TRAVELLING MUSICIANS,told,1
THE TRAVELLING MUSICIANS,tomorrow,1
THE TRAVELLING MUSICIANS,too,1
THE TRAVELLING MUSICIANS,took,2
THE TRAVELLING MUSICIANS,top,3
THE TRAVELLING MUSICIANS,towards,2
THE TRAVELLING MUSICIANS,travelled,1
THE TRAVELLING MUSICIANS,travellers,1
THE TRAVELLING MUSICIANS,tree,2
THE TRAVELLING MUSICIANS,try,1
THE TRAVELLING MUSICIANS,tumbling,1
THE TRAVELLING MUSICIANS,tune,1
THE TRAVELLING MUSICIANS,turn,2
THE TRAVELLING MUSICIANS,two,1
THE TRAVELLING MUSICIANS,under,1
THE TRAVELLING MUSICIANS,understanding,1
THE TRAVELLING MUSICIANS,unfit,1
THE TRAVELLING MUSICIANS,up,10
THE TRAVELLING MUSICIANS,upon,11
THE TRAVELLING MUSICIANS,upright,1
THE TRAVELLING MUSICIANS,us,4
THE TRAVELLING MUSICIANS,useful,1
THE TRAVELLING MUSICIANS,very,2
THE TRAVELLING MUSICIANS,walked,1
THE TRAVELLING MUSICIANS,warm,1
THE TRAVELLING MUSICIANS,was,14
THE TRAVELLING MUSICIANS,washingday,1
THE TRAVELLING MUSICIANS,way,3
THE TRAVELLING MUSICIANS,we,5
THE TRAVELLING MUSICIANS,weak,1
THE TRAVELLING MUSICIANS,weather,1
THE TRAVELLING MUSICIANS,well,2
THE TRAVELLING MUSICIANS,went,4
THE TRAVELLING MUSICIANS,were,5
THE TRAVELLING MUSICIANS,what,10
THE TRAVELLING MUSICIANS,when,4
THE TRAVELLING MUSICIANS,where,1
THE TRAVELLING MUSICIANS,which,1
THE TRAVELLING MUSICIANS,while,1
THE TRAVELLING MUSICIANS,who,5
THE TRAVELLING MUSICIANS,why,2
THE TRAVELLING MUSICIANS,will,1
THE TRAVELLING MUSICIANS,willing,1
THE TRAVELLING MUSICIANS,wind,1
THE TRAVELLING MUSICIANS,window,3
THE TRAVELLING MUSICIANS,witch,1
THE TRAVELLING MUSICIANS,with,18
THE TRAVELLING MUSICIANS,wood,1
THE TRAVELLING MUSICIANS,word,1
THE TRAVELLING MUSICIANS,work,1
THE TRAVELLING MUSICIANS,world,1
THE TRAVELLING MUSICIANS,worse,1
THE TRAVELLING MUSICIANS,would,1
THE TRAVELLING MUSICIANS,yard,3
THE TRAVELLING MUSICIANS,ye,1
THE TRAVELLING MUSICIANS,years,1
THE TRAVELLING MUSICIANS,yes,1
THE TRAVELLING MUSICIANS,yet,1
THE TRAVELLING MUSICIANS,you,8
THE TRAVELLING MUSICIANS,your,2
THE TURNIP,a,32
THE TURNIP,about,1
THE TURNIP,after,1
THE TURNIP,again,1
THE TURNIP,ah,1
THE TURNIP,air,2
THE TURNIP,all,9
THE TURNIP,allow,1
THE TURNIP,along,2
THE TURNIP,am,3
THE TURNIP,ambush,1
THE TURNIP,an,1
THE TURNIP,and,62
THE TURNIP,another,1
THE TURNIP,answered,3
THE TURNIP,are,3
THE TURNIP,art,1
THE TURNIP,as,10
THE TURNIP,ascend,2
THE TURNIP,aside,1
THE TURNIP,at,5
THE TURNIP,away,2
THE TURNIP,be,7
THE TURNIP,became,1
THE TURNIP,because,1
THE TURNIP,been,1
THE TURNIP,before,1
THE TURNIP,began,1
THE TURNIP,begged,1
THE TURNIP,behold,1
THE TURNIP,below,1
THE TURNIP,best,1
THE TURNIP,bethought,1
THE TURNIP,better,2
THE TURNIP,between,1
THE TURNIP,big,1
THE TURNIP,bigger,1
THE TURNIP,birds,1
THE TURNIP,blessed,1
THE TURNIP,blessing,1
THE TURNIP,both,1
THE TURNIP,bound,1
THE TURNIP,bring,1
THE TURNIP,brother,9
THE TURNIP,brothers,1
THE TURNIP,but,6
THE TURNIP,by,2
THE TURNIP,called,1
THE TURNIP,calls,1
THE TURNIP,came,4
THE TURNIP,can,2
THE TURNIP,carry,1
THE TURNIP,cart,2
THE TURNIP,cease,1
THE TURNIP,child,2
THE TURNIP,cleverly,1
THE TURNIP,coat,2
THE TURNIP,come,2
THE TURNIP,comes,1
THE TURNIP,compared,2
THE TURNIP,contrive,2
THE TURNIP,control,1
THE TURNIP,cord,2
THE TURNIP,could,4
THE TURNIP,court,1
THE TURNIP,cried,3
THE TURNIP,curse,1
THE TURNIP,dangling,2
THE TURNIP,day,2
THE TURNIP,dear,1
THE TURNIP,descend,1
THE TURNIP,determined,1
THE TURNIP,did,1
THE TURNIP,dig,1
THE TURNIP,discern,1
THE TURNIP,distance,1
THE TURNIP,do,2
THE TURNIP,dost,1
THE TURNIP,down,3
THE TURNIP,drag,1
THE TURNIP,draw,1
THE TURNIP,drew,1
THE TURNIP,dug,1
THE TURNIP,earnestly,1
THE TURNIP,eating,1
THE TURNIP,empty,1
THE TURNIP,enough,2
THE TURNIP,enter,1
THE TURNIP,entreat,1
THE TURNIP,envied,1
THE TURNIP,even,1
THE TURNIP,everybody,1
THE TURNIP,everywhere,1
THE TURNIP,eyes,1
THE TURNIP,feel,2
THE TURNIP,fellow,2
THE TURNIP,filled,1
THE TURNIP,fine,1
THE TURNIP,first,2
THE TURNIP,flocks,1
THE TURNIP,for,10
THE TURNIP,forced,1
THE TURNIP,forgets,1
THE TURNIP,forth,1
THE TURNIP,forthwith,1
THE TURNIP,fortune,4
THE TURNIP,found,2
THE TURNIP,free,1
THE TURNIP,friend,3
THE TURNIP,frightened,1
THE TURNIP,from,1
THE TURNIP,gardener,5
THE TURNIP,gather,1
THE TURNIP,gave,2
THE TURNIP,get,3
THE TURNIP,getting,2
THE TURNIP,gift,2
THE TURNIP,give,4
THE TURNIP,go,1
THE TURNIP,going,1
THE TURNIP,gold,2
THE TURNIP,good,4
THE TURNIP,got,1
THE TURNIP,graciously,1
THE TURNIP,great,3
THE TURNIP,ground,2
THE TURNIP,growing,1
THE TURNIP,had,3
THE TURNIP,hang,1
THE TURNIP,hardly,1
THE TURNIP,have,7
THE TURNIP,having,1
THE TURNIP,he,28
THE TURNIP,head,3
THE TURNIP,healing,1
THE TURNIP,heard,2
THE TURNIP,heavens,1
THE TURNIP,heavy,1
THE TURNIP,heels,1
THE TURNIP,here,5
THE TURNIP,hidden,1
THE TURNIP,him,20
THE TURNIP,himself,6
THE TURNIP,hired,1
THE TURNIP,his,16
THE TURNIP,hole,1
THE TURNIP,home,2
THE TURNIP,horse,1
THE TURNIP,horseman,1
THE TURNIP,horses,1
THE TURNIP,hour,2
THE TURNIP,how,3
THE TURNIP,however,1
THE TURNIP,hung,1
THE TURNIP,i,18
THE TURNIP,if,6
THE TURNIP,in,11
THE TURNIP,into,5
THE TURNIP,is,6
THE TURNIP,it,20
THE TURNIP,journeying,1
THE TURNIP,kept,1
THE TURNIP,kill,1
THE TURNIP,kindly,1
THE TURNIP,king,6
THE TURNIP,knew,3
THE TURNIP,know,2
THE TURNIP,knowing,1
THE TURNIP,knowledge,2
THE TURNIP,knows,2
THE TURNIP,laid,1
THE TURNIP,lands,1
THE TURNIP,large,1
THE TURNIP,larger,3
THE TURNIP,last,2
THE TURNIP,laws,1
THE TURNIP,learned,1
THE TURNIP,learning,1
THE TURNIP,learnt,1
THE TURNIP,left,2
THE TURNIP,length,1
THE TURNIP,let,6
THE TURNIP,lie,1
THE TURNIP,lift,1
THE TURNIP,listened,1
THE TURNIP,little,5
THE TURNIP,live,1
THE TURNIP,longer,2
THE TURNIP,looked,1
THE TURNIP,luck,1
THE TURNIP,made,3
THE TURNIP,majesty,1
THE TURNIP,man,5
THE TURNIP,manage,1
THE TURNIP,mankind,1
THE TURNIP,many,1
THE TURNIP,mark,1
THE TURNIP,matters,1
THE TURNIP,may,1
THE TURNIP,me,7
THE TURNIP,meantime,1
THE TURNIP,merry,1
THE TURNIP,might,2
THE TURNIP,monster,1
THE TURNIP,more,3
THE TURNIP,morning,2
THE TURNIP,motions,1
THE TURNIP,much,4
THE TURNIP,murder,1
THE TURNIP,murderers,1
THE TURNIP,must,4
THE TURNIP,my,3
THE TURNIP,nag,2
THE TURNIP,neck,1
THE TURNIP,never,5
THE TURNIP,no,6
THE TURNIP,nor,1
THE TURNIP,not,8
THE TURNIP,now,1
THE TURNIP,number,1
THE TURNIP,of,19
THE TURNIP,off,2
THE TURNIP,on,5
THE TURNIP,once,1
THE TURNIP,one,5
THE TURNIP,only,2
THE TURNIP,opened,1
THE TURNIP,or,2
THE TURNIP,other,4
THE TURNIP,out,5
THE TURNIP,own,1
THE TURNIP,oxen,2
THE TURNIP,passing,1
THE TURNIP,peace,1
THE TURNIP,perhaps,1
THE TURNIP,pity,1
THE TURNIP,plant,1
THE TURNIP,poor,6
THE TURNIP,power,1
THE TURNIP,precious,1
THE TURNIP,present,2
THE TURNIP,pretended,1
THE TURNIP,prince,1
THE TURNIP,prisoner,1
THE TURNIP,proved,1
THE TURNIP,pulling,1
THE TURNIP,pushed,2
THE TURNIP,put,3
THE TURNIP,quickly,1
THE TURNIP,rage,1
THE TURNIP,ran,1
THE TURNIP,reached,1
THE TURNIP,ready,1
THE TURNIP,received,1
THE TURNIP,red,2
THE TURNIP,resolved,1
THE TURNIP,respect,1
THE TURNIP,rest,2
THE TURNIP,return,2
THE TURNIP,reward,1
THE TURNIP,rich,5
THE TURNIP,richer,1
THE TURNIP,roguery,1
THE TURNIP,rushed,1
THE TURNIP,s,2
THE TURNIP,sack,8
THE TURNIP,said,9
THE TURNIP,same,1
THE TURNIP,sands,1
THE TURNIP,sat,1
THE TURNIP,saw,2
THE TURNIP,saying,1
THE TURNIP,schools,1
THE TURNIP,searcher,1
THE TURNIP,seashore,1
THE TURNIP,seat,1
THE TURNIP,seed,2
THE TURNIP,seeing,1
THE TURNIP,seemed,1
THE TURNIP,seen,2
THE TURNIP,sell,1
THE TURNIP,set,2
THE TURNIP,shall,5
THE TURNIP,shalt,1
THE TURNIP,share,1
THE TURNIP,short,1
THE TURNIP,should,1
THE TURNIP,shoulders,1
THE TURNIP,shown,1
THE TURNIP,sick,1
THE TURNIP,signs,1
THE TURNIP,simples,1
THE TURNIP,singing,1
THE TURNIP,sit,2
THE TURNIP,so,16
THE TURNIP,soldier,2
THE TURNIP,soldiers,1
THE TURNIP,some,2
THE TURNIP,somebody,1
THE TURNIP,soon,2
THE TURNIP,sorely,1
THE TURNIP,sowed,1
THE TURNIP,space,1
THE TURNIP,spite,1
THE TURNIP,stars,1
THE TURNIP,stones,1
THE TURNIP,strange,1
THE TURNIP,student,6
THE TURNIP,such,2
THE TURNIP,suspicions,1
THE TURNIP,swung,2
THE TURNIP,tarry,1
THE TURNIP,than,8
THE TURNIP,that,11
THE TURNIP,the,74
THE TURNIP,thee,4
THE TURNIP,their,1
THE TURNIP,them,2
THE TURNIP,then,9
THE TURNIP,there,4
THE TURNIP,they,6
THE TURNIP,thine,1
THE TURNIP,thing,2
THE TURNIP,things,2
THE TURNIP,thirst,1
THE TURNIP,this,5
THE TURNIP,thou,8
THE TURNIP,though,1
THE TURNIP,thought,2
THE TURNIP,thoughts,1
THE TURNIP,tied,1
THE TURNIP,till,4
THE TURNIP,tilling,1
THE TURNIP,time,2
THE TURNIP,to,32
THE TURNIP,together,3
THE TURNIP,took,2
THE TURNIP,trampling,1
THE TURNIP,travelling,1
THE TURNIP,treasure,1
THE TURNIP,tree,4
THE TURNIP,trotted,1
THE TURNIP,true,1
THE TURNIP,try,1
THE TURNIP,turnip,4
THE TURNIP,turnips,3
THE TURNIP,two,2
THE TURNIP,under,1
THE TURNIP,unknown,1
THE TURNIP,unto,1
THE TURNIP,untying,1
THE TURNIP,unwillingly,1
THE TURNIP,up,7
THE TURNIP,upon,4
THE TURNIP,us,2
THE TURNIP,valuable,1
THE TURNIP,vent,1
THE TURNIP,very,2
THE TURNIP,villains,1
THE TURNIP,virtues,1
THE TURNIP,voice,1
THE TURNIP,wait,1
THE TURNIP,waited,1
THE TURNIP,was,7
THE TURNIP,way,2
THE TURNIP,well,3
THE TURNIP,went,3
THE TURNIP,were,5
THE TURNIP,wert,2
THE TURNIP,what,5
THE TURNIP,when,5
THE TURNIP,where,4
THE TURNIP,whether,1
THE TURNIP,which,1
THE TURNIP,while,3
THE TURNIP,whilst,1
THE TURNIP,who,5
THE TURNIP,whom,1
THE TURNIP,wicked,1
THE TURNIP,will,3
THE TURNIP,wilt,1
THE TURNIP,winds,1
THE TURNIP,wisdom,5
THE TURNIP,wiser,2
THE TURNIP,wisest,1
THE TURNIP,with,5
THE TURNIP,wondered,1
THE TURNIP,wonderful,2
THE TURNIP,wondrous,1
THE TURNIP,work,1
THE TURNIP,worked,2
THE TURNIP,world,2
THE TURNIP,worth,1
THE TURNIP,would,3
THE TURNIP,wouldst,1
THE TURNIP,yet,2
THE TURNIP,yoked,1
THE TURNIP,yonder,1
THE TURNIP,you,7
THE TURNIP,your,3
THE TWELVE DANCING PRINCESSES,a,22
THE TWELVE DANCING PRINCESSES,able,1
THE TWELVE DANCING PRINCESSES,about,2
THE TWELVE DANCING PRINCESSES,adventure,1
THE TWELVE DANCING PRINCESSES,afraid,1
THE TWELVE DANCING PRINCESSES,after,4
THE TWELVE DANCING PRINCESSES,afterwards,1
THE TWELVE DANCING PRINCESSES,again,4
THE TWELVE DANCING PRINCESSES,all,24
THE TWELVE DANCING PRINCESSES,already,1
THE TWELVE DANCING PRINCESSES,always,2
THE TWELVE DANCING PRINCESSES,am,6
THE TWELVE DANCING PRINCESSES,an,2
THE TWELVE DANCING PRINCESSES,and,78
THE TWELVE DANCING PRINCESSES,another,2
THE TWELVE DANCING PRINCESSES,answered,2
THE TWELVE DANCING PRINCESSES,any,3
THE TWELVE DANCING PRINCESSES,approach,1
THE TWELVE DANCING PRINCESSES,are,3
THE TWELVE DANCING PRINCESSES,as,19
THE TWELVE DANCING PRINCESSES,asked,4
THE TWELVE DANCING PRINCESSES,asleep,3
THE TWELVE DANCING PRINCESSES,at,7
THE TWELVE DANCING PRINCESSES,away,4
THE TWELVE DANCING PRINCESSES,awoke,1
THE TWELVE DANCING PRINCESSES,back,1
THE TWELVE DANCING PRINCESSES,battle,1
THE TWELVE DANCING PRINCESSES,be,10
THE TWELVE DANCING PRINCESSES,beautiful,1
THE TWELVE DANCING PRINCESSES,beautifully,1
THE TWELVE DANCING PRINCESSES,become,1
THE TWELVE DANCING PRINCESSES,bed,6
THE TWELVE DANCING PRINCESSES,beds,2
THE TWELVE DANCING PRINCESSES,been,6
THE TWELVE DANCING PRINCESSES,befall,1
THE TWELVE DANCING PRINCESSES,before,4
THE TWELVE DANCING PRINCESSES,began,1
THE TWELVE DANCING PRINCESSES,begin,1
THE TWELVE DANCING PRINCESSES,behind,1
THE TWELVE DANCING PRINCESSES,best,1
THE TWELVE DANCING PRINCESSES,better,1
THE TWELVE DANCING PRINCESSES,boat,5
THE TWELVE DANCING PRINCESSES,boats,1
THE TWELVE DANCING PRINCESSES,bottom,1
THE TWELVE DANCING PRINCESSES,boxes,1
THE TWELVE DANCING PRINCESSES,branch,2
THE TWELVE DANCING PRINCESSES,branches,2
THE TWELVE DANCING PRINCESSES,bring,1
THE TWELVE DANCING PRINCESSES,broke,2
THE TWELVE DANCING PRINCESSES,brought,2
THE TWELVE DANCING PRINCESSES,but,16
THE TWELVE DANCING PRINCESSES,by,1
THE TWELVE DANCING PRINCESSES,called,1
THE TWELVE DANCING PRINCESSES,came,10
THE TWELVE DANCING PRINCESSES,care,2
THE TWELVE DANCING PRINCESSES,carried,1
THE TWELVE DANCING PRINCESSES,castle,3
THE TWELVE DANCING PRINCESSES,chamber,3
THE TWELVE DANCING PRINCESSES,chanced,1
THE TWELVE DANCING PRINCESSES,choose,1
THE TWELVE DANCING PRINCESSES,chosen,1
THE TWELVE DANCING PRINCESSES,clapped,1
THE TWELVE DANCING PRINCESSES,cloak,2
THE TWELVE DANCING PRINCESSES,clock,1
THE TWELVE DANCING PRINCESSES,clothes,2
THE TWELVE DANCING PRINCESSES,come,1
THE TWELVE DANCING PRINCESSES,confessed,1
THE TWELVE DANCING PRINCESSES,could,3
THE TWELVE DANCING PRINCESSES,counsel,1
THE TWELVE DANCING PRINCESSES,country,1
THE TWELVE DANCING PRINCESSES,creature,1
THE TWELVE DANCING PRINCESSES,cried,1
THE TWELVE DANCING PRINCESSES,crying,1
THE TWELVE DANCING PRINCESSES,cup,5
THE TWELVE DANCING PRINCESSES,cups,1
THE TWELVE DANCING PRINCESSES,cut,1
THE TWELVE DANCING PRINCESSES,dame,1
THE TWELVE DANCING PRINCESSES,dance,3
THE TWELVE DANCING PRINCESSES,danced,6
THE TWELVE DANCING PRINCESSES,dancing,2
THE TWELVE DANCING PRINCESSES,daughter,1
THE TWELVE DANCING PRINCESSES,daughters,2
THE TWELVE DANCING PRINCESSES,day,1
THE TWELVE DANCING PRINCESSES,days,1
THE TWELVE DANCING PRINCESSES,death,2
THE TWELVE DANCING PRINCESSES,declare,1
THE TWELVE DANCING PRINCESSES,delightful,1
THE TWELVE DANCING PRINCESSES,deny,1
THE TWELVE DANCING PRINCESSES,determined,2
THE TWELVE DANCING PRINCESSES,diamonds,1
THE TWELVE DANCING PRINCESSES,did,3
THE TWELVE DANCING PRINCESSES,discover,1
THE TWELVE DANCING PRINCESSES,discovered,1
THE TWELVE DANCING PRINCESSES,do,4
THE TWELVE DANCING PRINCESSES,don,1
THE TWELVE DANCING PRINCESSES,done,1
THE TWELVE DANCING PRINCESSES,door,2
THE TWELVE DANCING PRINCESSES,doors,1
THE TWELVE DANCING PRINCESSES,down,5
THE TWELVE DANCING PRINCESSES,drank,1
THE TWELVE DANCING PRINCESSES,draught,1
THE TWELVE DANCING PRINCESSES,drawers,1
THE TWELVE DANCING PRINCESSES,dressed,1
THE TWELVE DANCING PRINCESSES,drink,2
THE TWELVE DANCING PRINCESSES,drop,1
THE TWELVE DANCING PRINCESSES,each,5
THE TWELVE DANCING PRINCESSES,eager,1
THE TWELVE DANCING PRINCESSES,eldest,11
THE TWELVE DANCING PRINCESSES,empty,1
THE TWELVE DANCING PRINCESSES,enough,1
THE TWELVE DANCING PRINCESSES,entertained,1
THE TWELVE DANCING PRINCESSES,even,1
THE TWELVE DANCING PRINCESSES,evening,3
THE TWELVE DANCING PRINCESSES,every,3
THE TWELVE DANCING PRINCESSES,fast,3
THE TWELVE DANCING PRINCESSES,fear,1
THE TWELVE DANCING PRINCESSES,feel,2
THE TWELVE DANCING PRINCESSES,fell,1
THE TWELVE DANCING PRINCESSES,fellow,1
THE TWELVE DANCING PRINCESSES,fight,1
THE TWELVE DANCING PRINCESSES,find,3
THE TWELVE DANCING PRINCESSES,fine,4
THE TWELVE DANCING PRINCESSES,flew,1
THE TWELVE DANCING PRINCESSES,floor,1
THE TWELVE DANCING PRINCESSES,follow,1
THE TWELVE DANCING PRINCESSES,followed,1
THE TWELVE DANCING PRINCESSES,foot,1
THE TWELVE DANCING PRINCESSES,for,8
THE TWELVE DANCING PRINCESSES,forgotten,1
THE TWELVE DANCING PRINCESSES,found,3
THE TWELVE DANCING PRINCESSES,frightened,1
THE TWELVE DANCING PRINCESSES,from,3
THE TWELVE DANCING PRINCESSES,full,1
THE TWELVE DANCING PRINCESSES,gave,1
THE TWELVE DANCING PRINCESSES,get,1
THE TWELVE DANCING PRINCESSES,given,3
THE TWELVE DANCING PRINCESSES,glass,1
THE TWELVE DANCING PRINCESSES,glittered,1
THE TWELVE DANCING PRINCESSES,glittering,1
THE TWELVE DANCING PRINCESSES,go,1
THE TWELVE DANCING PRINCESSES,going,4
THE TWELVE DANCING PRINCESSES,gold,1
THE TWELVE DANCING PRINCESSES,golden,3
THE TWELVE DANCING PRINCESSES,good,1
THE TWELVE DANCING PRINCESSES,gown,2
THE TWELVE DANCING PRINCESSES,great,1
THE TWELVE DANCING PRINCESSES,ground,1
THE TWELVE DANCING PRINCESSES,grove,2
THE TWELVE DANCING PRINCESSES,had,17
THE TWELVE DANCING PRINCESSES,hand,1
THE TWELVE DANCING PRINCESSES,hands,1
THE TWELVE DANCING PRINCESSES,handsome,1
THE TWELVE DANCING PRINCESSES,happened,7
THE TWELVE DANCING PRINCESSES,happy,1
THE TWELVE DANCING PRINCESSES,hard,1
THE TWELVE DANCING PRINCESSES,hardly,1
THE TWELVE DANCING PRINCESSES,have,6
THE TWELVE DANCING PRINCESSES,he,33
THE TWELVE DANCING PRINCESSES,head,1
THE TWELVE DANCING PRINCESSES,hear,2
THE TWELVE DANCING PRINCESSES,heard,3
THE TWELVE DANCING PRINCESSES,hearing,1
THE TWELVE DANCING PRINCESSES,heartily,1
THE TWELVE DANCING PRINCESSES,heat,1
THE TWELVE DANCING PRINCESSES,heavy,1
THE TWELVE DANCING PRINCESSES,heir,1
THE TWELVE DANCING PRINCESSES,her,6
THE TWELVE DANCING PRINCESSES,him,11
THE TWELVE DANCING PRINCESSES,himself,3
THE TWELVE DANCING PRINCESSES,his,12
THE TWELVE DANCING PRINCESSES,hold,1
THE TWELVE DANCING PRINCESSES,holes,1
THE TWELVE DANCING PRINCESSES,home,1
THE TWELVE DANCING PRINCESSES,horns,1
THE TWELVE DANCING PRINCESSES,how,3
THE TWELVE DANCING PRINCESSES,however,1
THE TWELVE DANCING PRINCESSES,i,17
THE TWELVE DANCING PRINCESSES,if,5
THE TWELVE DANCING PRINCESSES,illuminated,1
THE TWELVE DANCING PRINCESSES,in,25
THE TWELVE DANCING PRINCESSES,into,4
THE TWELVE DANCING PRINCESSES,invisible,2
THE TWELVE DANCING PRINCESSES,is,10
THE TWELVE DANCING PRINCESSES,it,18
THE TWELVE DANCING PRINCESSES,joy,2
THE TWELVE DANCING PRINCESSES,jumped,1
THE TWELVE DANCING PRINCESSES,just,2
THE TWELVE DANCING PRINCESSES,king,16
THE TWELVE DANCING PRINCESSES,kings,1
THE TWELVE DANCING PRINCESSES,know,3
THE TWELVE DANCING PRINCESSES,known,1
THE TWELVE DANCING PRINCESSES,laid,2
THE TWELVE DANCING PRINCESSES,lake,5
THE TWELVE DANCING PRINCESSES,land,1
THE TWELVE DANCING PRINCESSES,landed,1
THE TWELVE DANCING PRINCESSES,laughed,1
THE TWELVE DANCING PRINCESSES,lay,2
THE TWELVE DANCING PRINCESSES,leading,1
THE TWELVE DANCING PRINCESSES,leave,2
THE TWELVE DANCING PRINCESSES,leaves,4
THE TWELVE DANCING PRINCESSES,led,1
THE TWELVE DANCING PRINCESSES,left,1
THE TWELVE DANCING PRINCESSES,lie,1
THE TWELVE DANCING PRINCESSES,life,1
THE TWELVE DANCING PRINCESSES,like,1
THE TWELVE DANCING PRINCESSES,liked,1
THE TWELVE DANCING PRINCESSES,listening,1
THE TWELVE DANCING PRINCESSES,little,3
THE TWELVE DANCING PRINCESSES,lives,1
THE TWELVE DANCING PRINCESSES,locked,1
THE TWELVE DANCING PRINCESSES,longer,1
THE TWELVE DANCING PRINCESSES,looked,1
THE TWELVE DANCING PRINCESSES,lose,2
THE TWELVE DANCING PRINCESSES,lost,1
THE TWELVE DANCING PRINCESSES,loud,3
THE TWELVE DANCING PRINCESSES,luck,2
THE TWELVE DANCING PRINCESSES,made,2
THE TWELVE DANCING PRINCESSES,manner,1
THE TWELVE DANCING PRINCESSES,many,1
THE TWELVE DANCING PRINCESSES,married,1
THE TWELVE DANCING PRINCESSES,merry,1
THE TWELVE DANCING PRINCESSES,met,1
THE TWELVE DANCING PRINCESSES,middle,1
THE TWELVE DANCING PRINCESSES,might,4
THE TWELVE DANCING PRINCESSES,mischance,1
THE TWELVE DANCING PRINCESSES,more,1
THE TWELVE DANCING PRINCESSES,morning,4
THE TWELVE DANCING PRINCESSES,most,1
THE TWELVE DANCING PRINCESSES,mouth,1
THE TWELVE DANCING PRINCESSES,much,1
THE TWELVE DANCING PRINCESSES,music,1
THE TWELVE DANCING PRINCESSES,my,3
THE TWELVE DANCING PRINCESSES,nail,1
THE TWELVE DANCING PRINCESSES,never,1
THE TWELVE DANCING PRINCESSES,next,2
THE TWELVE DANCING PRINCESSES,night,7
THE TWELVE DANCING PRINCESSES,nights,1
THE TWELVE DANCING PRINCESSES,no,4
THE TWELVE DANCING PRINCESSES,nobody,1
THE TWELVE DANCING PRINCESSES,noise,3
THE TWELVE DANCING PRINCESSES,not,11
THE TWELVE DANCING PRINCESSES,nothing,3
THE TWELVE DANCING PRINCESSES,now,2
THE TWELVE DANCING PRINCESSES,o,1
THE TWELVE DANCING PRINCESSES,obliged,1
THE TWELVE DANCING PRINCESSES,of,28
THE TWELVE DANCING PRINCESSES,off,4
THE TWELVE DANCING PRINCESSES,old,4
THE TWELVE DANCING PRINCESSES,on,12
THE TWELVE DANCING PRINCESSES,one,7
THE TWELVE DANCING PRINCESSES,only,4
THE TWELVE DANCING PRINCESSES,open,2
THE TWELVE DANCING PRINCESSES,opened,1
THE TWELVE DANCING PRINCESSES,opposite,1
THE TWELVE DANCING PRINCESSES,or,3
THE TWELVE DANCING PRINCESSES,order,1
THE TWELVE DANCING PRINCESSES,ordered,2
THE TWELVE DANCING PRINCESSES,other,2
THE TWELVE DANCING PRINCESSES,others,2
THE TWELVE DANCING PRINCESSES,our,2
THE TWELVE DANCING PRINCESSES,out,6
THE TWELVE DANCING PRINCESSES,outer,1
THE TWELVE DANCING PRINCESSES,over,2
THE TWELVE DANCING PRINCESSES,own,1
THE TWELVE DANCING PRINCESSES,pass,1
THE TWELVE DANCING PRINCESSES,passed,1
THE TWELVE DANCING PRINCESSES,person,1
THE TWELVE DANCING PRINCESSES,pieces,1
THE TWELVE DANCING PRINCESSES,place,1
THE TWELVE DANCING PRINCESSES,placed,1
THE TWELVE DANCING PRINCESSES,pretend,1
THE TWELVE DANCING PRINCESSES,prince,2
THE TWELVE DANCING PRINCESSES,princes,5
THE TWELVE DANCING PRINCESSES,princess,5
THE TWELVE DANCING PRINCESSES,princesses,16
THE TWELVE DANCING PRINCESSES,promising,1
THE TWELVE DANCING PRINCESSES,pulled,1
THE TWELVE DANCING PRINCESSES,put,5
THE TWELVE DANCING PRINCESSES,quite,4
THE TWELVE DANCING PRINCESSES,ran,1
THE TWELVE DANCING PRINCESSES,ready,1
THE TWELVE DANCING PRINCESSES,received,1
THE TWELVE DANCING PRINCESSES,reigned,1
THE TWELVE DANCING PRINCESSES,returned,1
THE TWELVE DANCING PRINCESSES,right,2
THE TWELVE DANCING PRINCESSES,robes,1
THE TWELVE DANCING PRINCESSES,room,1
THE TWELVE DANCING PRINCESSES,rose,1
THE TWELVE DANCING PRINCESSES,rowed,1
THE TWELVE DANCING PRINCESSES,rowing,2
THE TWELVE DANCING PRINCESSES,royal,1
THE TWELVE DANCING PRINCESSES,s,3
THE TWELVE DANCING PRINCESSES,safe,2
THE TWELVE DANCING PRINCESSES,said,16
THE TWELVE DANCING PRINCESSES,same,4
THE TWELVE DANCING PRINCESSES,sank,1
THE TWELVE DANCING PRINCESSES,saw,2
THE TWELVE DANCING PRINCESSES,say,1
THE TWELVE DANCING PRINCESSES,second,2
THE TWELVE DANCING PRINCESSES,secret,2
THE TWELVE DANCING PRINCESSES,secretly,1
THE TWELVE DANCING PRINCESSES,see,1
THE TWELVE DANCING PRINCESSES,seemed,1
THE TWELVE DANCING PRINCESSES,seems,1
THE TWELVE DANCING PRINCESSES,set,1
THE TWELVE DANCING PRINCESSES,several,1
THE TWELVE DANCING PRINCESSES,she,4
THE TWELVE DANCING PRINCESSES,shoes,5
THE TWELVE DANCING PRINCESSES,shore,1
THE TWELVE DANCING PRINCESSES,should,4
THE TWELVE DANCING PRINCESSES,shouting,1
THE TWELVE DANCING PRINCESSES,showed,1
THE TWELVE DANCING PRINCESSES,shut,1
THE TWELVE DANCING PRINCESSES,side,2
THE TWELVE DANCING PRINCESSES,silenced,1
THE TWELVE DANCING PRINCESSES,silly,1
THE TWELVE DANCING PRINCESSES,silver,1
THE TWELVE DANCING PRINCESSES,simpleton,1
THE TWELVE DANCING PRINCESSES,sister,2
THE TWELVE DANCING PRINCESSES,sisters,2
THE TWELVE DANCING PRINCESSES,sit,1
THE TWELVE DANCING PRINCESSES,skipped,1
THE TWELVE DANCING PRINCESSES,sleeping,1
THE TWELVE DANCING PRINCESSES,slept,2
THE TWELVE DANCING PRINCESSES,slowly,1
THE TWELVE DANCING PRINCESSES,snore,1
THE TWELVE DANCING PRINCESSES,snored,1
THE TWELVE DANCING PRINCESSES,snoring,1
THE TWELVE DANCING PRINCESSES,so,11
THE TWELVE DANCING PRINCESSES,soldier,19
THE TWELVE DANCING PRINCESSES,soles,1
THE TWELVE DANCING PRINCESSES,some,2
THE TWELVE DANCING PRINCESSES,someone,1
THE TWELVE DANCING PRINCESSES,son,2
THE TWELVE DANCING PRINCESSES,sons,1
THE TWELVE DANCING PRINCESSES,soon,5
THE TWELVE DANCING PRINCESSES,soundly,1
THE TWELVE DANCING PRINCESSES,sparkled,1
THE TWELVE DANCING PRINCESSES,stairs,2
THE TWELVE DANCING PRINCESSES,stepped,1
THE TWELVE DANCING PRINCESSES,still,1
THE TWELVE DANCING PRINCESSES,stir,1
THE TWELVE DANCING PRINCESSES,stood,2
THE TWELVE DANCING PRINCESSES,strange,1
THE TWELVE DANCING PRINCESSES,succeed,1
THE TWELVE DANCING PRINCESSES,sure,2
THE TWELVE DANCING PRINCESSES,t,1
THE TWELVE DANCING PRINCESSES,take,2
THE TWELVE DANCING PRINCESSES,taken,2
THE TWELVE DANCING PRINCESSES,taking,1
THE TWELVE DANCING PRINCESSES,task,2
THE TWELVE DANCING PRINCESSES,terribly,1
THE TWELVE DANCING PRINCESSES,than,1
THE TWELVE DANCING PRINCESSES,that,16
THE TWELVE DANCING PRINCESSES,the,138
THE TWELVE DANCING PRINCESSES,their,10
THE TWELVE DANCING PRINCESSES,them,7
THE TWELVE DANCING PRINCESSES,themselves,3
THE TWELVE DANCING PRINCESSES,then,14
THE TWELVE DANCING PRINCESSES,there,7
THE TWELVE DANCING PRINCESSES,they,32
THE TWELVE DANCING PRINCESSES,thing,3
THE TWELVE DANCING PRINCESSES,think,1
THE TWELVE DANCING PRINCESSES,thinking,1
THE TWELVE DANCING PRINCESSES,third,4
THE TWELVE DANCING PRINCESSES,this,9
THE TWELVE DANCING PRINCESSES,though,1
THE TWELVE DANCING PRINCESSES,thought,1
THE TWELVE DANCING PRINCESSES,three,4
THE TWELVE DANCING PRINCESSES,threw,1
THE TWELVE DANCING PRINCESSES,through,4
THE TWELVE DANCING PRINCESSES,till,3
THE TWELVE DANCING PRINCESSES,time,7
THE TWELVE DANCING PRINCESSES,tired,2
THE TWELVE DANCING PRINCESSES,to,42
THE TWELVE DANCING PRINCESSES,today,1
THE TWELVE DANCING PRINCESSES,token,2
THE TWELVE DANCING PRINCESSES,told,1
THE TWELVE DANCING PRINCESSES,too,4
THE TWELVE DANCING PRINCESSES,took,3
THE TWELVE DANCING PRINCESSES,trapdoor,2
THE TWELVE DANCING PRINCESSES,travelling,1
THE TWELVE DANCING PRINCESSES,tree,1
THE TWELVE DANCING PRINCESSES,trees,2
THE TWELVE DANCING PRINCESSES,tremble,1
THE TWELVE DANCING PRINCESSES,tried,1
THE TWELVE DANCING PRINCESSES,trod,1
THE TWELVE DANCING PRINCESSES,true,1
THE TWELVE DANCING PRINCESSES,trumpets,1
THE TWELVE DANCING PRINCESSES,try,1
THE TWELVE DANCING PRINCESSES,twelve,10
THE TWELVE DANCING PRINCESSES,under,1
THE TWELVE DANCING PRINCESSES,undertake,1
THE TWELVE DANCING PRINCESSES,undressed,1
THE TWELVE DANCING PRINCESSES,uneasy,1
THE TWELVE DANCING PRINCESSES,up,6
THE TWELVE DANCING PRINCESSES,us,1
THE TWELVE DANCING PRINCESSES,use,1
THE TWELVE DANCING PRINCESSES,usual,1
THE TWELVE DANCING PRINCESSES,vain,1
THE TWELVE DANCING PRINCESSES,very,9
THE TWELVE DANCING PRINCESSES,waiting,1
THE TWELVE DANCING PRINCESSES,wall,1
THE TWELVE DANCING PRINCESSES,warm,1
THE TWELVE DANCING PRINCESSES,was,24
THE TWELVE DANCING PRINCESSES,watch,1
THE TWELVE DANCING PRINCESSES,watched,1
THE TWELVE DANCING PRINCESSES,way,2
THE TWELVE DANCING PRINCESSES,we,1
THE TWELVE DANCING PRINCESSES,weather,1
THE TWELVE DANCING PRINCESSES,well,4
THE TWELVE DANCING PRINCESSES,went,11
THE TWELVE DANCING PRINCESSES,were,16
THE TWELVE DANCING PRINCESSES,what,5
THE TWELVE DANCING PRINCESSES,when,12
THE TWELVE DANCING PRINCESSES,where,12
THE TWELVE DANCING PRINCESSES,wherever,1
THE TWELVE DANCING PRINCESSES,whether,1
THE TWELVE DANCING PRINCESSES,which,6
THE TWELVE DANCING PRINCESSES,while,2
THE TWELVE DANCING PRINCESSES,who,8
THE TWELVE DANCING PRINCESSES,whoever,1
THE TWELVE DANCING PRINCESSES,why,1
THE TWELVE DANCING PRINCESSES,wife,2
THE TWELVE DANCING PRINCESSES,will,5
THE TWELVE DANCING PRINCESSES,willing,1
THE TWELVE DANCING PRINCESSES,wine,3
THE TWELVE DANCING PRINCESSES,wiser,1
THE TWELVE DANCING PRINCESSES,wished,1
THE TWELVE DANCING PRINCESSES,with,11
THE TWELVE DANCING PRINCESSES,without,1
THE TWELVE DANCING PRINCESSES,woman,2
THE TWELVE DANCING PRINCESSES,wood,1
THE TWELVE DANCING PRINCESSES,worn,3
THE TWELVE DANCING PRINCESSES,would,3
THE TWELVE DANCING PRINCESSES,wounded,1
THE TWELVE DANCING PRINCESSES,yet,1
THE TWELVE DANCING PRINCESSES,you,11
THE TWELVE DANCING PRINCESSES,young,1
THE TWELVE DANCING PRINCESSES,youngest,7
THE TWELVE HUNTSMEN,a,15
THE TWELVE HUNTSMEN,about,2
THE TWELVE HUNTSMEN,advice,1
THE TWELVE HUNTSMEN,after,1
THE TWELVE HUNTSMEN,again,5
THE TWELVE HUNTSMEN,alike,1
THE TWELVE HUNTSMEN,all,4
THE TWELVE HUNTSMEN,almost,1
THE TWELVE HUNTSMEN,alone,1
THE TWELVE HUNTSMEN,already,1
THE TWELVE HUNTSMEN,alter,1
THE TWELVE HUNTSMEN,always,1
THE TWELVE HUNTSMEN,am,2
THE TWELVE HUNTSMEN,an,1
THE TWELVE HUNTSMEN,and,61
THE TWELVE HUNTSMEN,animal,1
THE TWELVE HUNTSMEN,answered,1
THE TWELVE HUNTSMEN,antechamber,5
THE TWELVE HUNTSMEN,any,1
THE TWELVE HUNTSMEN,approaching,1
THE TWELVE HUNTSMEN,are,7
THE TWELVE HUNTSMEN,as,3
THE TWELVE HUNTSMEN,asked,2
THE TWELVE HUNTSMEN,assumed,1
THE TWELVE HUNTSMEN,at,4
THE TWELVE HUNTSMEN,away,3
THE TWELVE HUNTSMEN,be,13
THE TWELVE HUNTSMEN,because,1
THE TWELVE HUNTSMEN,been,2
THE TWELVE HUNTSMEN,before,3
THE TWELVE HUNTSMEN,believe,2
THE TWELVE HUNTSMEN,beloved,1
THE TWELVE HUNTSMEN,beside,1
THE TWELVE HUNTSMEN,betrothed,2
THE TWELVE HUNTSMEN,bride,5
THE TWELVE HUNTSMEN,broken,1
THE TWELVE HUNTSMEN,brought,1
THE TWELVE HUNTSMEN,but,3
THE TWELVE HUNTSMEN,called,1
THE TWELVE HUNTSMEN,came,6
THE TWELVE HUNTSMEN,can,2
THE TWELVE HUNTSMEN,caused,3
THE TWELVE HUNTSMEN,celebrated,1
THE TWELVE HUNTSMEN,certain,1
THE TWELVE HUNTSMEN,chase,1
THE TWELVE HUNTSMEN,child,1
THE TWELVE HUNTSMEN,clothes,2
THE TWELVE HUNTSMEN,concealed,1
THE TWELVE HUNTSMEN,constraint,1
THE TWELVE HUNTSMEN,continually,1
THE TWELVE HUNTSMEN,continued,1
THE TWELVE HUNTSMEN,counsel,1
THE TWELVE HUNTSMEN,court,1
THE TWELVE HUNTSMEN,dangerously,1
THE TWELVE HUNTSMEN,daughter,6
THE TWELVE HUNTSMEN,dear,4
THE TWELVE HUNTSMEN,dearest,1
THE TWELVE HUNTSMEN,dearly,1
THE TWELVE HUNTSMEN,death,2
THE TWELVE HUNTSMEN,deceived,1
THE TWELVE HUNTSMEN,desire,1
THE TWELVE HUNTSMEN,desired,1
THE TWELVE HUNTSMEN,did,3
THE TWELVE HUNTSMEN,died,2
THE TWELVE HUNTSMEN,disclosed,1
THE TWELVE HUNTSMEN,disposed,1
THE TWELVE HUNTSMEN,do,2
THE TWELVE HUNTSMEN,doing,1
THE TWELVE HUNTSMEN,done,1
THE TWELVE HUNTSMEN,drag,1
THE TWELVE HUNTSMEN,drew,1
THE TWELVE HUNTSMEN,either,1
THE TWELVE HUNTSMEN,eleven,4
THE TWELVE HUNTSMEN,end,2
THE TWELVE HUNTSMEN,entreated,1
THE TWELVE HUNTSMEN,evening,1
THE TWELVE HUNTSMEN,everything,1
THE TWELVE HUNTSMEN,exactly,2
THE TWELVE HUNTSMEN,eyes,2
THE TWELVE HUNTSMEN,face,3
THE TWELVE HUNTSMEN,fainting,1
THE TWELVE HUNTSMEN,faithfulness,1
THE TWELVE HUNTSMEN,father,8
THE TWELVE HUNTSMEN,favour,1
THE TWELVE HUNTSMEN,favoured,1
THE TWELVE HUNTSMEN,feet,1
THE TWELVE HUNTSMEN,fell,1
THE TWELVE HUNTSMEN,fellows,1
THE TWELVE HUNTSMEN,fetch,1
THE TWELVE HUNTSMEN,figure,2
THE TWELVE HUNTSMEN,firm,1
THE TWELVE HUNTSMEN,firmly,2
THE TWELVE HUNTSMEN,first,2
THE TWELVE HUNTSMEN,followed,1
THE TWELVE HUNTSMEN,for,6
THE TWELVE HUNTSMEN,forced,1
THE TWELVE HUNTSMEN,former,1
THE TWELVE HUNTSMEN,found,2
THE TWELVE HUNTSMEN,fretted,1
THE TWELVE HUNTSMEN,fulfilled,1
THE TWELVE HUNTSMEN,girls,5
THE TWELVE HUNTSMEN,give,1
THE TWELVE HUNTSMEN,given,2
THE TWELVE HUNTSMEN,glove,1
THE TWELVE HUNTSMEN,go,2
THE TWELVE HUNTSMEN,going,2
THE TWELVE HUNTSMEN,ground,1
THE TWELVE HUNTSMEN,had,15
THE TWELVE HUNTSMEN,handsome,1
THE TWELVE HUNTSMEN,happened,1
THE TWELVE HUNTSMEN,happy,1
THE TWELVE HUNTSMEN,have,9
THE TWELVE HUNTSMEN,he,29
THE TWELVE HUNTSMEN,heard,3
THE TWELVE HUNTSMEN,heart,2
THE TWELVE HUNTSMEN,help,1
THE TWELVE HUNTSMEN,her,18
THE TWELVE HUNTSMEN,herself,1
THE TWELVE HUNTSMEN,him,7
THE TWELVE HUNTSMEN,his,19
THE TWELVE HUNTSMEN,how,1
THE TWELVE HUNTSMEN,however,3
THE TWELVE HUNTSMEN,hunting,1
THE TWELVE HUNTSMEN,huntsman,1
THE TWELVE HUNTSMEN,huntsmen,11
THE TWELVE HUNTSMEN,hurt,1
THE TWELVE HUNTSMEN,i,8
THE TWELVE HUNTSMEN,if,3
THE TWELVE HUNTSMEN,ill,1
THE TWELVE HUNTSMEN,in,9
THE TWELVE HUNTSMEN,increased,1
THE TWELVE HUNTSMEN,informed,1
THE TWELVE HUNTSMEN,into,4
THE TWELVE HUNTSMEN,is,1
THE TWELVE HUNTSMEN,it,4
THE TWELVE HUNTSMEN,just,4
THE TWELVE HUNTSMEN,keep,1
THE TWELVE HUNTSMEN,key,1
THE TWELVE HUNTSMEN,king,27
THE TWELVE HUNTSMEN,kingdom,2
THE TWELVE HUNTSMEN,kissed,1
THE TWELVE HUNTSMEN,knew,1
THE TWELVE HUNTSMEN,know,1
THE TWELVE HUNTSMEN,latter,1
THE TWELVE HUNTSMEN,lay,1
THE TWELVE HUNTSMEN,leave,2
THE TWELVE HUNTSMEN,let,2
THE TWELVE HUNTSMEN,lied,1
THE TWELVE HUNTSMEN,like,2
THE TWELVE HUNTSMEN,liked,1
THE TWELVE HUNTSMEN,liking,1
THE TWELVE HUNTSMEN,lion,10
THE TWELVE HUNTSMEN,longer,1
THE TWELVE HUNTSMEN,look,1
THE TWELVE HUNTSMEN,looked,4
THE TWELVE HUNTSMEN,loved,2
THE TWELVE HUNTSMEN,lying,1
THE TWELVE HUNTSMEN,made,2
THE TWELVE HUNTSMEN,maidens,3
THE TWELVE HUNTSMEN,make,1
THE TWELVE HUNTSMEN,man,1
THE TWELVE HUNTSMEN,marriage,1
THE TWELVE HUNTSMEN,marry,1
THE TWELVE HUNTSMEN,me,5
THE TWELVE HUNTSMEN,men,3
THE TWELVE HUNTSMEN,messenger,1
THE TWELVE HUNTSMEN,mine,1
THE TWELVE HUNTSMEN,mistaken,1
THE TWELVE HUNTSMEN,moment,1
THE TWELVE HUNTSMEN,morning,2
THE TWELVE HUNTSMEN,mourning,1
THE TWELVE HUNTSMEN,much,3
THE TWELVE HUNTSMEN,must,1
THE TWELVE HUNTSMEN,my,1
THE TWELVE HUNTSMEN,myself,1
THE TWELVE HUNTSMEN,named,1
THE TWELVE HUNTSMEN,near,1
THE TWELVE HUNTSMEN,nearly,1
THE TWELVE HUNTSMEN,never,1
THE TWELVE HUNTSMEN,new,1
THE TWELVE HUNTSMEN,news,2
THE TWELVE HUNTSMEN,next,2
THE TWELVE HUNTSMEN,no,3
THE TWELVE HUNTSMEN,none,1
THE TWELVE HUNTSMEN,not,7
THE TWELVE HUNTSMEN,now,3
THE TWELVE HUNTSMEN,of,10
THE TWELVE HUNTSMEN,off,1
THE TWELVE HUNTSMEN,oh,1
THE TWELVE HUNTSMEN,old,1
THE TWELVE HUNTSMEN,on,4
THE TWELVE HUNTSMEN,once,5
THE TWELVE HUNTSMEN,one,4
THE TWELVE HUNTSMEN,opened,1
THE TWELVE HUNTSMEN,or,1
THE TWELVE HUNTSMEN,other,1
THE TWELVE HUNTSMEN,out,1
THE TWELVE HUNTSMEN,over,2
THE TWELVE HUNTSMEN,own,1
THE TWELVE HUNTSMEN,pass,2
THE TWELVE HUNTSMEN,peas,7
THE TWELVE HUNTSMEN,placed,1
THE TWELVE HUNTSMEN,pleased,2
THE TWELVE HUNTSMEN,possible,1
THE TWELVE HUNTSMEN,proclaimed,1
THE TWELVE HUNTSMEN,project,1
THE TWELVE HUNTSMEN,promise,2
THE TWELVE HUNTSMEN,promised,1
THE TWELVE HUNTSMEN,prove,1
THE TWELVE HUNTSMEN,put,4
THE TWELVE HUNTSMEN,ran,1
THE TWELVE HUNTSMEN,reached,1
THE TWELVE HUNTSMEN,recognized,1
THE TWELVE HUNTSMEN,remembrance,1
THE TWELVE HUNTSMEN,repeated,1
THE TWELVE HUNTSMEN,replied,1
THE TWELVE HUNTSMEN,require,1
THE TWELVE HUNTSMEN,required,1
THE TWELVE HUNTSMEN,resembled,1
THE TWELVE HUNTSMEN,restrained,1
THE TWELVE HUNTSMEN,return,2
THE TWELVE HUNTSMEN,ring,2
THE TWELVE HUNTSMEN,rode,3
THE TWELVE HUNTSMEN,roll,1
THE TWELVE HUNTSMEN,rolled,1
THE TWELVE HUNTSMEN,round,1
THE TWELVE HUNTSMEN,s,11
THE TWELVE HUNTSMEN,sad,1
THE TWELVE HUNTSMEN,said,17
THE TWELVE HUNTSMEN,saw,1
THE TWELVE HUNTSMEN,search,1
THE TWELVE HUNTSMEN,secret,1
THE TWELVE HUNTSMEN,see,3
THE TWELVE HUNTSMEN,sent,1
THE TWELVE HUNTSMEN,servant,2
THE TWELVE HUNTSMEN,service,1
THE TWELVE HUNTSMEN,shall,3
THE TWELVE HUNTSMEN,she,10
THE TWELVE HUNTSMEN,show,2
THE TWELVE HUNTSMEN,shut,1
THE TWELVE HUNTSMEN,sick,1
THE TWELVE HUNTSMEN,sitting,1
THE TWELVE HUNTSMEN,size,2
THE TWELVE HUNTSMEN,skip,1
THE TWELVE HUNTSMEN,so,9
THE TWELVE HUNTSMEN,some,4
THE TWELVE HUNTSMEN,someone,1
THE TWELVE HUNTSMEN,something,1
THE TWELVE HUNTSMEN,son,4
THE TWELVE HUNTSMEN,soon,1
THE TWELVE HUNTSMEN,spinningwheels,5
THE TWELVE HUNTSMEN,step,2
THE TWELVE HUNTSMEN,stepped,1
THE TWELVE HUNTSMEN,stir,1
THE TWELVE HUNTSMEN,stirred,1
THE TWELVE HUNTSMEN,strength,2
THE TWELVE HUNTSMEN,strewn,2
THE TWELVE HUNTSMEN,strong,1
THE TWELVE HUNTSMEN,such,3
THE TWELVE HUNTSMEN,suit,1
THE TWELVE HUNTSMEN,suits,1
THE TWELVE HUNTSMEN,summoned,1
THE TWELVE HUNTSMEN,sure,1
THE TWELVE HUNTSMEN,take,2
THE TWELVE HUNTSMEN,taken,1
THE TWELVE HUNTSMEN,test,2
THE TWELVE HUNTSMEN,thanked,1
THE TWELVE HUNTSMEN,that,18
THE TWELVE HUNTSMEN,the,73
THE TWELVE HUNTSMEN,their,1
THE TWELVE HUNTSMEN,them,10
THE TWELVE HUNTSMEN,themselves,1
THE TWELVE HUNTSMEN,then,9
THE TWELVE HUNTSMEN,there,2
THE TWELVE HUNTSMEN,therefore,1
THE TWELVE HUNTSMEN,thereupon,3
THE TWELVE HUNTSMEN,they,20
THE TWELVE HUNTSMEN,things,1
THE TWELVE HUNTSMEN,think,2
THE TWELVE HUNTSMEN,this,2
THE TWELVE HUNTSMEN,thought,2
THE TWELVE HUNTSMEN,through,1
THE TWELVE HUNTSMEN,time,1
THE TWELVE HUNTSMEN,to,42
THE TWELVE HUNTSMEN,told,1
THE TWELVE HUNTSMEN,took,1
THE TWELVE HUNTSMEN,touched,1
THE TWELVE HUNTSMEN,trip,1
THE TWELVE HUNTSMEN,trouble,1
THE TWELVE HUNTSMEN,true,2
THE TWELVE HUNTSMEN,truth,1
THE TWELVE HUNTSMEN,twelfth,1
THE TWELVE HUNTSMEN,twelve,9
THE TWELVE HUNTSMEN,until,1
THE TWELVE HUNTSMEN,unto,1
THE TWELVE HUNTSMEN,up,1
THE TWELVE HUNTSMEN,very,2
THE TWELVE HUNTSMEN,walk,3
THE TWELVE HUNTSMEN,wanted,1
THE TWELVE HUNTSMEN,wants,1
THE TWELVE HUNTSMEN,was,18
THE TWELVE HUNTSMEN,wedding,1
THE TWELVE HUNTSMEN,well,2
THE TWELVE HUNTSMEN,went,4
THE TWELVE HUNTSMEN,were,8
THE TWELVE HUNTSMEN,what,2
THE TWELVE HUNTSMEN,whatsoever,1
THE TWELVE HUNTSMEN,when,14
THE TWELVE HUNTSMEN,where,1
THE TWELVE HUNTSMEN,which,3
THE TWELVE HUNTSMEN,who,6
THE TWELVE HUNTSMEN,whole,1
THE TWELVE HUNTSMEN,whom,2
THE TWELVE HUNTSMEN,why,1
THE TWELVE HUNTSMEN,wife,2
THE TWELVE HUNTSMEN,will,6
THE TWELVE HUNTSMEN,willingly,1
THE TWELVE HUNTSMEN,wish,2
THE TWELVE HUNTSMEN,wished,1
THE TWELVE HUNTSMEN,with,3
THE TWELVE HUNTSMEN,wondrous,1
THE TWELVE HUNTSMEN,world,1
THE TWELVE HUNTSMEN,would,4
THE TWELVE HUNTSMEN,yes,3
THE TWELVE HUNTSMEN,you,16
THE TWELVE HUNTSMEN,young,1
THE TWELVE HUNTSMEN,your,2
THE TWELVE HUNTSMEN,yours,1
THE VALIANT LITTLE TAILOR,a,77
THE VALIANT LITTLE TAILOR,able,1
THE VALIANT LITTLE TAILOR,about,9
THE VALIANT LITTLE TAILOR,above,1
THE VALIANT LITTLE TAILOR,account,1
THE VALIANT LITTLE TAILOR,across,1
THE VALIANT LITTLE TAILOR,admiring,1
THE VALIANT LITTLE TAILOR,ado,1
THE VALIANT LITTLE TAILOR,affair,1
THE VALIANT LITTLE TAILOR,afraid,2
THE VALIANT LITTLE TAILOR,after,8
THE VALIANT LITTLE TAILOR,again,12
THE VALIANT LITTLE TAILOR,against,5
THE VALIANT LITTLE TAILOR,ah,1
THE VALIANT LITTLE TAILOR,air,2
THE VALIANT LITTLE TAILOR,all,18
THE VALIANT LITTLE TAILOR,allowed,1
THE VALIANT LITTLE TAILOR,alone,1
THE VALIANT LITTLE TAILOR,also,1
THE VALIANT LITTLE TAILOR,always,1
THE VALIANT LITTLE TAILOR,am,6
THE VALIANT LITTLE TAILOR,ambassador,1
THE VALIANT LITTLE TAILOR,among,1
THE VALIANT LITTLE TAILOR,an,2
THE VALIANT LITTLE TAILOR,and,164
THE VALIANT LITTLE TAILOR,angry,1
THE VALIANT LITTLE TAILOR,animal,1
THE VALIANT LITTLE TAILOR,announced,1
THE VALIANT LITTLE TAILOR,another,2
THE VALIANT LITTLE TAILOR,answered,5
THE VALIANT LITTLE TAILOR,any,1
THE VALIANT LITTLE TAILOR,anything,4
THE VALIANT LITTLE TAILOR,approach,1
THE VALIANT LITTLE TAILOR,are,14
THE VALIANT LITTLE TAILOR,armourbearer,1
THE VALIANT LITTLE TAILOR,arms,1
THE VALIANT LITTLE TAILOR,as,14
THE VALIANT LITTLE TAILOR,asked,2
THE VALIANT LITTLE TAILOR,asleep,4
THE VALIANT LITTLE TAILOR,assigned,1
THE VALIANT LITTLE TAILOR,assist,1
THE VALIANT LITTLE TAILOR,at,22
THE VALIANT LITTLE TAILOR,attempt,1
THE VALIANT LITTLE TAILOR,attracted,1
THE VALIANT LITTLE TAILOR,away,11
THE VALIANT LITTLE TAILOR,awkward,1
THE VALIANT LITTLE TAILOR,awoke,2
THE VALIANT LITTLE TAILOR,axe,2
THE VALIANT LITTLE TAILOR,back,5
THE VALIANT LITTLE TAILOR,bad,1
THE VALIANT LITTLE TAILOR,bade,2
THE VALIANT LITTLE TAILOR,bar,1
THE VALIANT LITTLE TAILOR,bargain,1
THE VALIANT LITTLE TAILOR,basket,1
THE VALIANT LITTLE TAILOR,be,14
THE VALIANT LITTLE TAILOR,beast,2
THE VALIANT LITTLE TAILOR,beautiful,1
THE VALIANT LITTLE TAILOR,because,2
THE VALIANT LITTLE TAILOR,bed,4
THE VALIANT LITTLE TAILOR,bedroom,1
THE VALIANT LITTLE TAILOR,been,4
THE VALIANT LITTLE TAILOR,before,6
THE VALIANT LITTLE TAILOR,began,3
THE VALIANT LITTLE TAILOR,begged,2
THE VALIANT LITTLE TAILOR,behind,5
THE VALIANT LITTLE TAILOR,belaboured,1
THE VALIANT LITTLE TAILOR,believe,2
THE VALIANT LITTLE TAILOR,bent,2
THE VALIANT LITTLE TAILOR,bethought,1
THE VALIANT LITTLE TAILOR,betook,1
THE VALIANT LITTLE TAILOR,better,1
THE VALIANT LITTLE TAILOR,big,1
THE VALIANT LITTLE TAILOR,bigger,2
THE VALIANT LITTLE TAILOR,biggest,1
THE VALIANT LITTLE TAILOR,bind,1
THE VALIANT LITTLE TAILOR,bird,4
THE VALIANT LITTLE TAILOR,bite,1
THE VALIANT LITTLE TAILOR,bitter,1
THE VALIANT LITTLE TAILOR,blessed,1
THE VALIANT LITTLE TAILOR,blood,1
THE VALIANT LITTLE TAILOR,blow,7
THE VALIANT LITTLE TAILOR,boar,5
THE VALIANT LITTLE TAILOR,board,1
THE VALIANT LITTLE TAILOR,body,1
THE VALIANT LITTLE TAILOR,boldly,2
THE VALIANT LITTLE TAILOR,born,1
THE VALIANT LITTLE TAILOR,both,4
THE VALIANT LITTLE TAILOR,bound,1
THE VALIANT LITTLE TAILOR,bounded,1
THE VALIANT LITTLE TAILOR,boy,2
THE VALIANT LITTLE TAILOR,branch,2
THE VALIANT LITTLE TAILOR,branches,3
THE VALIANT LITTLE TAILOR,bravely,1
THE VALIANT LITTLE TAILOR,bravery,1
THE VALIANT LITTLE TAILOR,bread,2
THE VALIANT LITTLE TAILOR,break,1
THE VALIANT LITTLE TAILOR,breast,3
THE VALIANT LITTLE TAILOR,brought,3
THE VALIANT LITTLE TAILOR,burden,1
THE VALIANT LITTLE TAILOR,burning,1
THE VALIANT LITTLE TAILOR,business,1
THE VALIANT LITTLE TAILOR,but,22
THE VALIANT LITTLE TAILOR,by,6
THE VALIANT LITTLE TAILOR,called,2
THE VALIANT LITTLE TAILOR,came,10
THE VALIANT LITTLE TAILOR,can,7
THE VALIANT LITTLE TAILOR,carry,5
THE VALIANT LITTLE TAILOR,carrying,2
THE VALIANT LITTLE TAILOR,catch,2
THE VALIANT LITTLE TAILOR,caught,4
THE VALIANT LITTLE TAILOR,caused,2
THE VALIANT LITTLE TAILOR,cave,1
THE VALIANT LITTLE TAILOR,cavern,1
THE VALIANT LITTLE TAILOR,certainly,1
THE VALIANT LITTLE TAILOR,chapel,1
THE VALIANT LITTLE TAILOR,cheap,2
THE VALIANT LITTLE TAILOR,cheese,3
THE VALIANT LITTLE TAILOR,cherrytree,1
THE VALIANT LITTLE TAILOR,child,3
THE VALIANT LITTLE TAILOR,clear,1
THE VALIANT LITTLE TAILOR,climbed,1
THE VALIANT LITTLE TAILOR,close,1
THE VALIANT LITTLE TAILOR,closed,1
THE VALIANT LITTLE TAILOR,cloth,1
THE VALIANT LITTLE TAILOR,coat,1
THE VALIANT LITTLE TAILOR,coin,1
THE VALIANT LITTLE TAILOR,come,5
THE VALIANT LITTLE TAILOR,comes,1
THE VALIANT LITTLE TAILOR,comforted,1
THE VALIANT LITTLE TAILOR,companies,1
THE VALIANT LITTLE TAILOR,companion,1
THE VALIANT LITTLE TAILOR,complained,1
THE VALIANT LITTLE TAILOR,comrade,3
THE VALIANT LITTLE TAILOR,concern,1
THE VALIANT LITTLE TAILOR,conquered,1
THE VALIANT LITTLE TAILOR,consequence,1
THE VALIANT LITTLE TAILOR,contemptuously,1
THE VALIANT LITTLE TAILOR,continued,1
THE VALIANT LITTLE TAILOR,conveyed,1
THE VALIANT LITTLE TAILOR,corner,1
THE VALIANT LITTLE TAILOR,could,10
THE VALIANT LITTLE TAILOR,counsel,2
THE VALIANT LITTLE TAILOR,counted,1
THE VALIANT LITTLE TAILOR,country,1
THE VALIANT LITTLE TAILOR,couple,1
THE VALIANT LITTLE TAILOR,courtiers,1
THE VALIANT LITTLE TAILOR,courtyard,1
THE VALIANT LITTLE TAILOR,creature,1
THE VALIANT LITTLE TAILOR,crept,1
THE VALIANT LITTLE TAILOR,cried,4
THE VALIANT LITTLE TAILOR,cry,1
THE VALIANT LITTLE TAILOR,crying,1
THE VALIANT LITTLE TAILOR,cupboard,1
THE VALIANT LITTLE TAILOR,cut,3
THE VALIANT LITTLE TAILOR,danger,1
THE VALIANT LITTLE TAILOR,daughter,3
THE VALIANT LITTLE TAILOR,dawn,1
THE VALIANT LITTLE TAILOR,day,2
THE VALIANT LITTLE TAILOR,dead,4
THE VALIANT LITTLE TAILOR,dear,2
THE VALIANT LITTLE TAILOR,death,1
THE VALIANT LITTLE TAILOR,decision,1
THE VALIANT LITTLE TAILOR,deed,1
THE VALIANT LITTLE TAILOR,defended,1
THE VALIANT LITTLE TAILOR,delicate,1
THE VALIANT LITTLE TAILOR,delighted,1
THE VALIANT LITTLE TAILOR,demand,1
THE VALIANT LITTLE TAILOR,demanded,1
THE VALIANT LITTLE TAILOR,depart,1
THE VALIANT LITTLE TAILOR,descended,1
THE VALIANT LITTLE TAILOR,desired,1
THE VALIANT LITTLE TAILOR,did,9
THE VALIANT LITTLE TAILOR,directly,1
THE VALIANT LITTLE TAILOR,discovered,1
THE VALIANT LITTLE TAILOR,dismissal,2
THE VALIANT LITTLE TAILOR,disputed,1
THE VALIANT LITTLE TAILOR,do,6
THE VALIANT LITTLE TAILOR,does,3
THE VALIANT LITTLE TAILOR,done,2
THE VALIANT LITTLE TAILOR,door,4
THE VALIANT LITTLE TAILOR,doublet,2
THE VALIANT LITTLE TAILOR,down,17
THE VALIANT LITTLE TAILOR,dowry,1
THE VALIANT LITTLE TAILOR,dragged,1
THE VALIANT LITTLE TAILOR,draw,1
THE VALIANT LITTLE TAILOR,dread,1
THE VALIANT LITTLE TAILOR,dreaded,1
THE VALIANT LITTLE TAILOR,dreaming,1
THE VALIANT LITTLE TAILOR,dreams,1
THE VALIANT LITTLE TAILOR,drew,3
THE VALIANT LITTLE TAILOR,dropped,1
THE VALIANT LITTLE TAILOR,drove,1
THE VALIANT LITTLE TAILOR,dwelling,1
THE VALIANT LITTLE TAILOR,each,4
THE VALIANT LITTLE TAILOR,earliest,1
THE VALIANT LITTLE TAILOR,ears,3
THE VALIANT LITTLE TAILOR,earth,1
THE VALIANT LITTLE TAILOR,eat,1
THE VALIANT LITTLE TAILOR,eating,1
THE VALIANT LITTLE TAILOR,else,2
THE VALIANT LITTLE TAILOR,embroidered,1
THE VALIANT LITTLE TAILOR,end,2
THE VALIANT LITTLE TAILOR,enough,3
THE VALIANT LITTLE TAILOR,enter,1
THE VALIANT LITTLE TAILOR,even,1
THE VALIANT LITTLE TAILOR,everincreasing,1
THE VALIANT LITTLE TAILOR,every,2
THE VALIANT LITTLE TAILOR,eye,1
THE VALIANT LITTLE TAILOR,eyes,4
THE VALIANT LITTLE TAILOR,faith,1
THE VALIANT LITTLE TAILOR,faithful,1
THE VALIANT LITTLE TAILOR,fall,3
THE VALIANT LITTLE TAILOR,fallen,3
THE VALIANT LITTLE TAILOR,fast,1
THE VALIANT LITTLE TAILOR,father,1
THE VALIANT LITTLE TAILOR,fatigue,1
THE VALIANT LITTLE TAILOR,fear,2
THE VALIANT LITTLE TAILOR,feel,1
THE VALIANT LITTLE TAILOR,fell,2
THE VALIANT LITTLE TAILOR,felled,1
THE VALIANT LITTLE TAILOR,fellow,4
THE VALIANT LITTLE TAILOR,felt,3
THE VALIANT LITTLE TAILOR,fewer,1
THE VALIANT LITTLE TAILOR,find,1
THE VALIANT LITTLE TAILOR,fine,1
THE VALIANT LITTLE TAILOR,finish,2
THE VALIANT LITTLE TAILOR,finished,2
THE VALIANT LITTLE TAILOR,fire,1
THE VALIANT LITTLE TAILOR,first,4
THE VALIANT LITTLE TAILOR,fled,1
THE VALIANT LITTLE TAILOR,flew,1
THE VALIANT LITTLE TAILOR,flies,2
THE VALIANT LITTLE TAILOR,foaming,1
THE VALIANT LITTLE TAILOR,follow,1
THE VALIANT LITTLE TAILOR,followed,2
THE VALIANT LITTLE TAILOR,followers,1
THE VALIANT LITTLE TAILOR,following,1
THE VALIANT LITTLE TAILOR,for,16
THE VALIANT LITTLE TAILOR,forest,10
THE VALIANT LITTLE TAILOR,forgotten,1
THE VALIANT LITTLE TAILOR,forth,4
THE VALIANT LITTLE TAILOR,found,3
THE VALIANT LITTLE TAILOR,four,1
THE VALIANT LITTLE TAILOR,friendly,1
THE VALIANT LITTLE TAILOR,from,3
THE VALIANT LITTLE TAILOR,front,1
THE VALIANT LITTLE TAILOR,fruit,1
THE VALIANT LITTLE TAILOR,further,2
THE VALIANT LITTLE TAILOR,game,1
THE VALIANT LITTLE TAILOR,gate,1
THE VALIANT LITTLE TAILOR,gathered,1
THE VALIANT LITTLE TAILOR,gave,5
THE VALIANT LITTLE TAILOR,german,1
THE VALIANT LITTLE TAILOR,get,4
THE VALIANT LITTLE TAILOR,giant,21
THE VALIANT LITTLE TAILOR,giants,12
THE VALIANT LITTLE TAILOR,girdle,4
THE VALIANT LITTLE TAILOR,give,6
THE VALIANT LITTLE TAILOR,go,7
THE VALIANT LITTLE TAILOR,god,1
THE VALIANT LITTLE TAILOR,gone,1
THE VALIANT LITTLE TAILOR,good,8
THE VALIANT LITTLE TAILOR,goods,1
THE VALIANT LITTLE TAILOR,gore,1
THE VALIANT LITTLE TAILOR,got,4
THE VALIANT LITTLE TAILOR,grass,1
THE VALIANT LITTLE TAILOR,grasshopper,1
THE VALIANT LITTLE TAILOR,great,11
THE VALIANT LITTLE TAILOR,ground,3
THE VALIANT LITTLE TAILOR,growling,1
THE VALIANT LITTLE TAILOR,grumbling,1
THE VALIANT LITTLE TAILOR,guests,1
THE VALIANT LITTLE TAILOR,had,25
THE VALIANT LITTLE TAILOR,hair,1
THE VALIANT LITTLE TAILOR,half,4
THE VALIANT LITTLE TAILOR,halfway,1
THE VALIANT LITTLE TAILOR,hand,6
THE VALIANT LITTLE TAILOR,hanging,2
THE VALIANT LITTLE TAILOR,happy,1
THE VALIANT LITTLE TAILOR,hard,1
THE VALIANT LITTLE TAILOR,hark,1
THE VALIANT LITTLE TAILOR,harm,1
THE VALIANT LITTLE TAILOR,has,3
THE VALIANT LITTLE TAILOR,hastened,1
THE VALIANT LITTLE TAILOR,have,11
THE VALIANT LITTLE TAILOR,havoc,1
THE VALIANT LITTLE TAILOR,he,86
THE VALIANT LITTLE TAILOR,head,1
THE VALIANT LITTLE TAILOR,health,1
THE VALIANT LITTLE TAILOR,hear,1
THE VALIANT LITTLE TAILOR,heard,3
THE VALIANT LITTLE TAILOR,heart,2
THE VALIANT LITTLE TAILOR,heaviest,1
THE VALIANT LITTLE TAILOR,heavy,3
THE VALIANT LITTLE TAILOR,held,1
THE VALIANT LITTLE TAILOR,help,5
THE VALIANT LITTLE TAILOR,her,8
THE VALIANT LITTLE TAILOR,here,6
THE VALIANT LITTLE TAILOR,hero,4
THE VALIANT LITTLE TAILOR,heroic,1
THE VALIANT LITTLE TAILOR,hewed,1
THE VALIANT LITTLE TAILOR,hi,1
THE VALIANT LITTLE TAILOR,high,1
THE VALIANT LITTLE TAILOR,highest,1
THE VALIANT LITTLE TAILOR,him,52
THE VALIANT LITTLE TAILOR,himself,6
THE VALIANT LITTLE TAILOR,his,46
THE VALIANT LITTLE TAILOR,hit,1
THE VALIANT LITTLE TAILOR,hold,3
THE VALIANT LITTLE TAILOR,hole,1
THE VALIANT LITTLE TAILOR,honourably,1
THE VALIANT LITTLE TAILOR,hoped,1
THE VALIANT LITTLE TAILOR,horn,3
THE VALIANT LITTLE TAILOR,horsemen,6
THE VALIANT LITTLE TAILOR,hosts,1
THE VALIANT LITTLE TAILOR,house,1
THE VALIANT LITTLE TAILOR,how,2
THE VALIANT LITTLE TAILOR,however,6
THE VALIANT LITTLE TAILOR,hundred,3
THE VALIANT LITTLE TAILOR,huntsman,1
THE VALIANT LITTLE TAILOR,huntsmen,4
THE VALIANT LITTLE TAILOR,hurry,1
THE VALIANT LITTLE TAILOR,husband,2
THE VALIANT LITTLE TAILOR,i,28
THE VALIANT LITTLE TAILOR,idle,1
THE VALIANT LITTLE TAILOR,if,14
THE VALIANT LITTLE TAILOR,in,40
THE VALIANT LITTLE TAILOR,inclination,2
THE VALIANT LITTLE TAILOR,indeed,2
THE VALIANT LITTLE TAILOR,informed,2
THE VALIANT LITTLE TAILOR,injury,1
THE VALIANT LITTLE TAILOR,inspected,2
THE VALIANT LITTLE TAILOR,into,20
THE VALIANT LITTLE TAILOR,invited,1
THE VALIANT LITTLE TAILOR,iron,1
THE VALIANT LITTLE TAILOR,is,16
THE VALIANT LITTLE TAILOR,it,55
THE VALIANT LITTLE TAILOR,its,5
THE VALIANT LITTLE TAILOR,itself,1
THE VALIANT LITTLE TAILOR,jacket,1
THE VALIANT LITTLE TAILOR,jam,4
THE VALIANT LITTLE TAILOR,jams,2
THE VALIANT LITTLE TAILOR,joy,3
THE VALIANT LITTLE TAILOR,jump,1
THE VALIANT LITTLE TAILOR,just,4
THE VALIANT LITTLE TAILOR,keep,1
THE VALIANT LITTLE TAILOR,kept,1
THE VALIANT LITTLE TAILOR,kill,1
THE VALIANT LITTLE TAILOR,killed,3
THE VALIANT LITTLE TAILOR,kills,1
THE VALIANT LITTLE TAILOR,kind,2
THE VALIANT LITTLE TAILOR,king,13
THE VALIANT LITTLE TAILOR,kingdom,4
THE VALIANT LITTLE TAILOR,knocking,2
THE VALIANT LITTLE TAILOR,know,2
THE VALIANT LITTLE TAILOR,known,1
THE VALIANT LITTLE TAILOR,lack,1
THE VALIANT LITTLE TAILOR,laid,3
THE VALIANT LITTLE TAILOR,lamb,1
THE VALIANT LITTLE TAILOR,large,1
THE VALIANT LITTLE TAILOR,last,4
THE VALIANT LITTLE TAILOR,lay,7
THE VALIANT LITTLE TAILOR,leap,1
THE VALIANT LITTLE TAILOR,leapt,2
THE VALIANT LITTLE TAILOR,leave,1
THE VALIANT LITTLE TAILOR,led,2
THE VALIANT LITTLE TAILOR,left,1
THE VALIANT LITTLE TAILOR,legs,1
THE VALIANT LITTLE TAILOR,length,1
THE VALIANT LITTLE TAILOR,less,1
THE VALIANT LITTLE TAILOR,lest,1
THE VALIANT LITTLE TAILOR,let,4
THE VALIANT LITTLE TAILOR,letters,1
THE VALIANT LITTLE TAILOR,liberty,1
THE VALIANT LITTLE TAILOR,lie,3
THE VALIANT LITTLE TAILOR,life,3
THE VALIANT LITTLE TAILOR,lifted,1
THE VALIANT LITTLE TAILOR,light,1
THE VALIANT LITTLE TAILOR,like,5
THE VALIANT LITTLE TAILOR,liked,1
THE VALIANT LITTLE TAILOR,likewise,3
THE VALIANT LITTLE TAILOR,limbs,1
THE VALIANT LITTLE TAILOR,liquid,1
THE VALIANT LITTLE TAILOR,little,36
THE VALIANT LITTLE TAILOR,lived,1
THE VALIANT LITTLE TAILOR,ll,1
THE VALIANT LITTLE TAILOR,loaf,1
THE VALIANT LITTLE TAILOR,long,5
THE VALIANT LITTLE TAILOR,look,1
THE VALIANT LITTLE TAILOR,looked,3
THE VALIANT LITTLE TAILOR,looking,1
THE VALIANT LITTLE TAILOR,lord,3
THE VALIANT LITTLE TAILOR,lose,1
THE VALIANT LITTLE TAILOR,lost,1
THE VALIANT LITTLE TAILOR,luck,1
THE VALIANT LITTLE TAILOR,lucky,1
THE VALIANT LITTLE TAILOR,lying,1
THE VALIANT LITTLE TAILOR,made,6
THE VALIANT LITTLE TAILOR,madman,1
THE VALIANT LITTLE TAILOR,magnificence,1
THE VALIANT LITTLE TAILOR,make,3
THE VALIANT LITTLE TAILOR,man,9
THE VALIANT LITTLE TAILOR,manner,1
THE VALIANT LITTLE TAILOR,matter,1
THE VALIANT LITTLE TAILOR,may,1
THE VALIANT LITTLE TAILOR,me,12
THE VALIANT LITTLE TAILOR,meaning,1
THE VALIANT LITTLE TAILOR,meantime,1
THE VALIANT LITTLE TAILOR,men,2
THE VALIANT LITTLE TAILOR,mercilessly,1
THE VALIANT LITTLE TAILOR,merrily,1
THE VALIANT LITTLE TAILOR,merry,1
THE VALIANT LITTLE TAILOR,midnight,1
THE VALIANT LITTLE TAILOR,midst,1
THE VALIANT LITTLE TAILOR,might,3
THE VALIANT LITTLE TAILOR,mighty,2
THE VALIANT LITTLE TAILOR,miles,1
THE VALIANT LITTLE TAILOR,military,1
THE VALIANT LITTLE TAILOR,mine,1
THE VALIANT LITTLE TAILOR,mischief,1
THE VALIANT LITTLE TAILOR,miserable,1
THE VALIANT LITTLE TAILOR,mite,1
THE VALIANT LITTLE TAILOR,more,5
THE VALIANT LITTLE TAILOR,morning,2
THE VALIANT LITTLE TAILOR,mountain,1
THE VALIANT LITTLE TAILOR,mouth,1
THE VALIANT LITTLE TAILOR,much,3
THE VALIANT LITTLE TAILOR,murdering,1
THE VALIANT LITTLE TAILOR,must,4
THE VALIANT LITTLE TAILOR,my,7
THE VALIANT LITTLE TAILOR,myself,1
THE VALIANT LITTLE TAILOR,near,2
THE VALIANT LITTLE TAILOR,neck,1
THE VALIANT LITTLE TAILOR,need,3
THE VALIANT LITTLE TAILOR,never,2
THE VALIANT LITTLE TAILOR,nevertheless,1
THE VALIANT LITTLE TAILOR,next,1
THE VALIANT LITTLE TAILOR,night,4
THE VALIANT LITTLE TAILOR,nimble,2
THE VALIANT LITTLE TAILOR,nimbly,2
THE VALIANT LITTLE TAILOR,no,12
THE VALIANT LITTLE TAILOR,none,1
THE VALIANT LITTLE TAILOR,nose,2
THE VALIANT LITTLE TAILOR,not,29
THE VALIANT LITTLE TAILOR,nothing,3
THE VALIANT LITTLE TAILOR,now,6
THE VALIANT LITTLE TAILOR,numbers,1
THE VALIANT LITTLE TAILOR,oak,1
THE VALIANT LITTLE TAILOR,obliged,1
THE VALIANT LITTLE TAILOR,observed,1
THE VALIANT LITTLE TAILOR,of,62
THE VALIANT LITTLE TAILOR,off,3
THE VALIANT LITTLE TAILOR,offer,1
THE VALIANT LITTLE TAILOR,offered,1
THE VALIANT LITTLE TAILOR,oh,2
THE VALIANT LITTLE TAILOR,old,1
THE VALIANT LITTLE TAILOR,on,27
THE VALIANT LITTLE TAILOR,once,3
THE VALIANT LITTLE TAILOR,one,28
THE VALIANT LITTLE TAILOR,only,2
THE VALIANT LITTLE TAILOR,onwards,1
THE VALIANT LITTLE TAILOR,open,1
THE VALIANT LITTLE TAILOR,opened,2
THE VALIANT LITTLE TAILOR,opinion,1
THE VALIANT LITTLE TAILOR,or,4
THE VALIANT LITTLE TAILOR,other,5
THE VALIANT LITTLE TAILOR,ought,1
THE VALIANT LITTLE TAILOR,ounces,1
THE VALIANT LITTLE TAILOR,our,1
THE VALIANT LITTLE TAILOR,out,20
THE VALIANT LITTLE TAILOR,outside,4
THE VALIANT LITTLE TAILOR,outskirts,1
THE VALIANT LITTLE TAILOR,over,5
THE VALIANT LITTLE TAILOR,overcome,1
THE VALIANT LITTLE TAILOR,overlooking,1
THE VALIANT LITTLE TAILOR,own,3
THE VALIANT LITTLE TAILOR,paid,1
THE VALIANT LITTLE TAILOR,palace,1
THE VALIANT LITTLE TAILOR,pantaloons,2
THE VALIANT LITTLE TAILOR,part,1
THE VALIANT LITTLE TAILOR,passed,1
THE VALIANT LITTLE TAILOR,patch,2
THE VALIANT LITTLE TAILOR,patience,1
THE VALIANT LITTLE TAILOR,peace,1
THE VALIANT LITTLE TAILOR,peacefully,1
THE VALIANT LITTLE TAILOR,peasant,1
THE VALIANT LITTLE TAILOR,pelting,2
THE VALIANT LITTLE TAILOR,people,2
THE VALIANT LITTLE TAILOR,perceived,2
THE VALIANT LITTLE TAILOR,perform,1
THE VALIANT LITTLE TAILOR,picked,2
THE VALIANT LITTLE TAILOR,piece,2
THE VALIANT LITTLE TAILOR,place,1
THE VALIANT LITTLE TAILOR,play,3
THE VALIANT LITTLE TAILOR,pleasantly,1
THE VALIANT LITTLE TAILOR,please,1
THE VALIANT LITTLE TAILOR,pleased,2
THE VALIANT LITTLE TAILOR,plot,1
THE VALIANT LITTLE TAILOR,pocket,4
THE VALIANT LITTLE TAILOR,pocketsful,1
THE VALIANT LITTLE TAILOR,point,1
THE VALIANT LITTLE TAILOR,pointed,1
THE VALIANT LITTLE TAILOR,pots,1
THE VALIANT LITTLE TAILOR,pound,1
THE VALIANT LITTLE TAILOR,powerful,1
THE VALIANT LITTLE TAILOR,prepared,1
THE VALIANT LITTLE TAILOR,pressed,1
THE VALIANT LITTLE TAILOR,pretending,1
THE VALIANT LITTLE TAILOR,princess,1
THE VALIANT LITTLE TAILOR,prisoner,1
THE VALIANT LITTLE TAILOR,promise,2
THE VALIANT LITTLE TAILOR,promised,2
THE VALIANT LITTLE TAILOR,properly,1
THE VALIANT LITTLE TAILOR,proposal,1
THE VALIANT LITTLE TAILOR,purpose,1
THE VALIANT LITTLE TAILOR,pushed,2
THE VALIANT LITTLE TAILOR,put,7
THE VALIANT LITTLE TAILOR,putting,1
THE VALIANT LITTLE TAILOR,quarrel,1
THE VALIANT LITTLE TAILOR,quarter,1
THE VALIANT LITTLE TAILOR,queen,1
THE VALIANT LITTLE TAILOR,quickly,1
THE VALIANT LITTLE TAILOR,quite,5
THE VALIANT LITTLE TAILOR,ragamuffin,1
THE VALIANT LITTLE TAILOR,rage,1
THE VALIANT LITTLE TAILOR,raging,1
THE VALIANT LITTLE TAILOR,raise,1
THE VALIANT LITTLE TAILOR,ran,7
THE VALIANT LITTLE TAILOR,rang,1
THE VALIANT LITTLE TAILOR,rap,2
THE VALIANT LITTLE TAILOR,ravaging,1
THE VALIANT LITTLE TAILOR,reached,1
THE VALIANT LITTLE TAILOR,read,3
THE VALIANT LITTLE TAILOR,readily,1
THE VALIANT LITTLE TAILOR,ready,2
THE VALIANT LITTLE TAILOR,reason,1
THE VALIANT LITTLE TAILOR,receive,1
THE VALIANT LITTLE TAILOR,received,2
THE VALIANT LITTLE TAILOR,remained,3
THE VALIANT LITTLE TAILOR,repented,1
THE VALIANT LITTLE TAILOR,replied,2
THE VALIANT LITTLE TAILOR,request,1
THE VALIANT LITTLE TAILOR,require,1
THE VALIANT LITTLE TAILOR,resolved,1
THE VALIANT LITTLE TAILOR,respect,1
THE VALIANT LITTLE TAILOR,rest,1
THE VALIANT LITTLE TAILOR,reward,2
THE VALIANT LITTLE TAILOR,rid,4
THE VALIANT LITTLE TAILOR,right,2
THE VALIANT LITTLE TAILOR,ripest,1
THE VALIANT LITTLE TAILOR,road,2
THE VALIANT LITTLE TAILOR,roams,1
THE VALIANT LITTLE TAILOR,roasted,1
THE VALIANT LITTLE TAILOR,robbing,1
THE VALIANT LITTLE TAILOR,rode,2
THE VALIANT LITTLE TAILOR,room,1
THE VALIANT LITTLE TAILOR,rope,2
THE VALIANT LITTLE TAILOR,rose,2
THE VALIANT LITTLE TAILOR,round,5
THE VALIANT LITTLE TAILOR,royal,2
THE VALIANT LITTLE TAILOR,rushed,1
THE VALIANT LITTLE TAILOR,s,10
THE VALIANT LITTLE TAILOR,said,30
THE VALIANT LITTLE TAILOR,sake,1
THE VALIANT LITTLE TAILOR,sale,1
THE VALIANT LITTLE TAILOR,same,2
THE VALIANT LITTLE TAILOR,sat,2
THE VALIANT LITTLE TAILOR,satisfied,1
THE VALIANT LITTLE TAILOR,say,2
THE VALIANT LITTLE TAILOR,saying,1
THE VALIANT LITTLE TAILOR,scarcely,1
THE VALIANT LITTLE TAILOR,screw,1
THE VALIANT LITTLE TAILOR,seated,1
THE VALIANT LITTLE TAILOR,second,1
THE VALIANT LITTLE TAILOR,see,3
THE VALIANT LITTLE TAILOR,seek,1
THE VALIANT LITTLE TAILOR,seems,1
THE VALIANT LITTLE TAILOR,seized,1
THE VALIANT LITTLE TAILOR,sent,3
THE VALIANT LITTLE TAILOR,servants,2
THE VALIANT LITTLE TAILOR,service,2
THE VALIANT LITTLE TAILOR,set,2
THE VALIANT LITTLE TAILOR,seven,11
THE VALIANT LITTLE TAILOR,several,1
THE VALIANT LITTLE TAILOR,sewed,2
THE VALIANT LITTLE TAILOR,shall,8
THE VALIANT LITTLE TAILOR,she,3
THE VALIANT LITTLE TAILOR,sheep,1
THE VALIANT LITTLE TAILOR,ship,1
THE VALIANT LITTLE TAILOR,shook,1
THE VALIANT LITTLE TAILOR,shooting,1
THE VALIANT LITTLE TAILOR,shot,1
THE VALIANT LITTLE TAILOR,should,6
THE VALIANT LITTLE TAILOR,shoulder,1
THE VALIANT LITTLE TAILOR,shoulders,1
THE VALIANT LITTLE TAILOR,showed,2
THE VALIANT LITTLE TAILOR,shut,1
THE VALIANT LITTLE TAILOR,sides,1
THE VALIANT LITTLE TAILOR,sitting,5
THE VALIANT LITTLE TAILOR,sleep,3
THE VALIANT LITTLE TAILOR,sleeper,1
THE VALIANT LITTLE TAILOR,sleepers,1
THE VALIANT LITTLE TAILOR,sleeping,1
THE VALIANT LITTLE TAILOR,slipped,1
THE VALIANT LITTLE TAILOR,small,2
THE VALIANT LITTLE TAILOR,smell,1
THE VALIANT LITTLE TAILOR,smote,1
THE VALIANT LITTLE TAILOR,snored,1
THE VALIANT LITTLE TAILOR,so,10
THE VALIANT LITTLE TAILOR,soft,1
THE VALIANT LITTLE TAILOR,softly,2
THE VALIANT LITTLE TAILOR,soldiers,1
THE VALIANT LITTLE TAILOR,some,1
THE VALIANT LITTLE TAILOR,song,1
THE VALIANT LITTLE TAILOR,soon,3
THE VALIANT LITTLE TAILOR,sore,1
THE VALIANT LITTLE TAILOR,sorry,1
THE VALIANT LITTLE TAILOR,sort,1
THE VALIANT LITTLE TAILOR,sought,1
THE VALIANT LITTLE TAILOR,sound,1
THE VALIANT LITTLE TAILOR,spacious,1
THE VALIANT LITTLE TAILOR,speaking,1
THE VALIANT LITTLE TAILOR,special,1
THE VALIANT LITTLE TAILOR,spend,1
THE VALIANT LITTLE TAILOR,spirits,1
THE VALIANT LITTLE TAILOR,spoke,1
THE VALIANT LITTLE TAILOR,sprang,5
THE VALIANT LITTLE TAILOR,spread,1
THE VALIANT LITTLE TAILOR,sprint,1
THE VALIANT LITTLE TAILOR,squeezed,1
THE VALIANT LITTLE TAILOR,squirrel,1
THE VALIANT LITTLE TAILOR,stand,2
THE VALIANT LITTLE TAILOR,standing,3
THE VALIANT LITTLE TAILOR,state,1
THE VALIANT LITTLE TAILOR,stay,2
THE VALIANT LITTLE TAILOR,steps,1
THE VALIANT LITTLE TAILOR,still,4
THE VALIANT LITTLE TAILOR,stitched,1
THE VALIANT LITTLE TAILOR,stitches,1
THE VALIANT LITTLE TAILOR,stone,6
THE VALIANT LITTLE TAILOR,stones,1
THE VALIANT LITTLE TAILOR,stood,1
THE VALIANT LITTLE TAILOR,street,1
THE VALIANT LITTLE TAILOR,strength,6
THE VALIANT LITTLE TAILOR,stretched,3
THE VALIANT LITTLE TAILOR,strike,2
THE VALIANT LITTLE TAILOR,strikes,1
THE VALIANT LITTLE TAILOR,stroke,4
THE VALIANT LITTLE TAILOR,strong,1
THE VALIANT LITTLE TAILOR,struck,2
THE VALIANT LITTLE TAILOR,stuck,1
THE VALIANT LITTLE TAILOR,subdue,1
THE VALIANT LITTLE TAILOR,such,4
THE VALIANT LITTLE TAILOR,summer,1
THE VALIANT LITTLE TAILOR,sweet,1
THE VALIANT LITTLE TAILOR,swimming,1
THE VALIANT LITTLE TAILOR,sword,1
THE VALIANT LITTLE TAILOR,t,3
THE VALIANT LITTLE TAILOR,table,1
THE VALIANT LITTLE TAILOR,tail,1
THE VALIANT LITTLE TAILOR,tailor,58
THE VALIANT LITTLE TAILOR,tailors,2
THE VALIANT LITTLE TAILOR,take,5
THE VALIANT LITTLE TAILOR,taste,1
THE VALIANT LITTLE TAILOR,tear,1
THE VALIANT LITTLE TAILOR,terrified,1
THE VALIANT LITTLE TAILOR,than,4
THE VALIANT LITTLE TAILOR,that,38
THE VALIANT LITTLE TAILOR,the,272
THE VALIANT LITTLE TAILOR,their,8
THE VALIANT LITTLE TAILOR,them,11
THE VALIANT LITTLE TAILOR,themselves,4
THE VALIANT LITTLE TAILOR,then,13
THE VALIANT LITTLE TAILOR,there,11
THE VALIANT LITTLE TAILOR,therefore,2
THE VALIANT LITTLE TAILOR,these,3
THE VALIANT LITTLE TAILOR,they,28
THE VALIANT LITTLE TAILOR,thicket,2
THE VALIANT LITTLE TAILOR,thing,2
THE VALIANT LITTLE TAILOR,think,1
THE VALIANT LITTLE TAILOR,third,1
THE VALIANT LITTLE TAILOR,this,13
THE VALIANT LITTLE TAILOR,thither,2
THE VALIANT LITTLE TAILOR,those,2
THE VALIANT LITTLE TAILOR,thought,8
THE VALIANT LITTLE TAILOR,thousand,1
THE VALIANT LITTLE TAILOR,three,2
THE VALIANT LITTLE TAILOR,threw,4
THE VALIANT LITTLE TAILOR,throne,1
THE VALIANT LITTLE TAILOR,through,1
THE VALIANT LITTLE TAILOR,throw,3
THE VALIANT LITTLE TAILOR,thrown,1
THE VALIANT LITTLE TAILOR,thrusts,1
THE VALIANT LITTLE TAILOR,thus,2
THE VALIANT LITTLE TAILOR,time,7
THE VALIANT LITTLE TAILOR,times,1
THE VALIANT LITTLE TAILOR,tiny,1
THE VALIANT LITTLE TAILOR,to,80
THE VALIANT LITTLE TAILOR,together,2
THE VALIANT LITTLE TAILOR,too,5
THE VALIANT LITTLE TAILOR,took,8
THE VALIANT LITTLE TAILOR,top,1
THE VALIANT LITTLE TAILOR,tore,2
THE VALIANT LITTLE TAILOR,tornup,1
THE VALIANT LITTLE TAILOR,tossed,1
THE VALIANT LITTLE TAILOR,towards,1
THE VALIANT LITTLE TAILOR,town,2
THE VALIANT LITTLE TAILOR,tree,19
THE VALIANT LITTLE TAILOR,trees,3
THE VALIANT LITTLE TAILOR,trunk,3
THE VALIANT LITTLE TAILOR,try,2
THE VALIANT LITTLE TAILOR,turned,1
THE VALIANT LITTLE TAILOR,tusks,1
THE VALIANT LITTLE TAILOR,twig,1
THE VALIANT LITTLE TAILOR,twigs,1
THE VALIANT LITTLE TAILOR,two,6
THE VALIANT LITTLE TAILOR,unbidden,1
THE VALIANT LITTLE TAILOR,unbuttoned,1
THE VALIANT LITTLE TAILOR,under,2
THE VALIANT LITTLE TAILOR,understood,1
THE VALIANT LITTLE TAILOR,unicorn,5
THE VALIANT LITTLE TAILOR,unpack,1
THE VALIANT LITTLE TAILOR,until,5
THE VALIANT LITTLE TAILOR,up,18
THE VALIANT LITTLE TAILOR,upper,1
THE VALIANT LITTLE TAILOR,us,4
THE VALIANT LITTLE TAILOR,useful,1
THE VALIANT LITTLE TAILOR,usual,1
THE VALIANT LITTLE TAILOR,valiant,1
THE VALIANT LITTLE TAILOR,valour,1
THE VALIANT LITTLE TAILOR,venture,2
THE VALIANT LITTLE TAILOR,very,1
THE VALIANT LITTLE TAILOR,voice,1
THE VALIANT LITTLE TAILOR,wagged,1
THE VALIANT LITTLE TAILOR,wait,3
THE VALIANT LITTLE TAILOR,waited,2
THE VALIANT LITTLE TAILOR,waiting,1
THE VALIANT LITTLE TAILOR,walked,2
THE VALIANT LITTLE TAILOR,want,2
THE VALIANT LITTLE TAILOR,war,1
THE VALIANT LITTLE TAILOR,warlike,1
THE VALIANT LITTLE TAILOR,warrior,2
THE VALIANT LITTLE TAILOR,was,41
THE VALIANT LITTLE TAILOR,wasn,1
THE VALIANT LITTLE TAILOR,water,1
THE VALIANT LITTLE TAILOR,waved,1
THE VALIANT LITTLE TAILOR,way,2
THE VALIANT LITTLE TAILOR,we,4
THE VALIANT LITTLE TAILOR,weak,2
THE VALIANT LITTLE TAILOR,weary,2
THE VALIANT LITTLE TAILOR,wedding,2
THE VALIANT LITTLE TAILOR,weigh,1
THE VALIANT LITTLE TAILOR,weighty,1
THE VALIANT LITTLE TAILOR,well,2
THE VALIANT LITTLE TAILOR,went,13
THE VALIANT LITTLE TAILOR,were,12
THE VALIANT LITTLE TAILOR,what,9
THE VALIANT LITTLE TAILOR,when,16
THE VALIANT LITTLE TAILOR,where,2
THE VALIANT LITTLE TAILOR,whether,1
THE VALIANT LITTLE TAILOR,whetted,1
THE VALIANT LITTLE TAILOR,which,9
THE VALIANT LITTLE TAILOR,while,1
THE VALIANT LITTLE TAILOR,whilst,1
THE VALIANT LITTLE TAILOR,whistled,1
THE VALIANT LITTLE TAILOR,who,17
THE VALIANT LITTLE TAILOR,whole,4
THE VALIANT LITTLE TAILOR,whom,1
THE VALIANT LITTLE TAILOR,why,2
THE VALIANT LITTLE TAILOR,wide,1
THE VALIANT LITTLE TAILOR,widespread,1
THE VALIANT LITTLE TAILOR,wife,2
THE VALIANT LITTLE TAILOR,wild,4
THE VALIANT LITTLE TAILOR,will,11
THE VALIANT LITTLE TAILOR,willing,1
THE VALIANT LITTLE TAILOR,willingly,2
THE VALIANT LITTLE TAILOR,window,4
THE VALIANT LITTLE TAILOR,wished,3
THE VALIANT LITTLE TAILOR,with,35
THE VALIANT LITTLE TAILOR,without,3
THE VALIANT LITTLE TAILOR,woman,6
THE VALIANT LITTLE TAILOR,won,1
THE VALIANT LITTLE TAILOR,work,2
THE VALIANT LITTLE TAILOR,workshop,2
THE VALIANT LITTLE TAILOR,worktable,1
THE VALIANT LITTLE TAILOR,world,4
THE VALIANT LITTLE TAILOR,would,11
THE VALIANT LITTLE TAILOR,wounded,1
THE VALIANT LITTLE TAILOR,wrongs,1
THE VALIANT LITTLE TAILOR,yardmeasure,2
THE VALIANT LITTLE TAILOR,yes,1
THE VALIANT LITTLE TAILOR,yet,1
THE VALIANT LITTLE TAILOR,you,32
THE VALIANT LITTLE TAILOR,young,3
THE VALIANT LITTLE TAILOR,your,5
THE VALIANT LITTLE TAILOR,yourself,1
THE WATER OF LIFE,a,45
THE WATER OF LIFE,abide,1
THE WATER OF LIFE,able,2
THE WATER OF LIFE,abode,1
THE WATER OF LIFE,about,3
THE WATER OF LIFE,above,2
THE WATER OF LIFE,advice,3
THE WATER OF LIFE,affairs,1
THE WATER OF LIFE,afraid,1
THE WATER OF LIFE,after,1
THE WATER OF LIFE,afterwards,1
THE WATER OF LIFE,again,4
THE WATER OF LIFE,agreed,2
THE WATER OF LIFE,ahunting,1
THE WATER OF LIFE,aid,2
THE WATER OF LIFE,alas,1
THE WATER OF LIFE,alive,2
THE WATER OF LIFE,all,15
THE WATER OF LIFE,alone,1
THE WATER OF LIFE,also,1
THE WATER OF LIFE,am,3
THE WATER OF LIFE,among,2
THE WATER OF LIFE,an,2
THE WATER OF LIFE,and,170
THE WATER OF LIFE,anger,1
THE WATER OF LIFE,angry,3
THE WATER OF LIFE,another,1
THE WATER OF LIFE,anything,1
THE WATER OF LIFE,are,3
THE WATER OF LIFE,armies,1
THE WATER OF LIFE,army,1
THE WATER OF LIFE,around,3
THE WATER OF LIFE,as,17
THE WATER OF LIFE,aside,2
THE WATER OF LIFE,ask,2
THE WATER OF LIFE,asked,4
THE WATER OF LIFE,asleep,1
THE WATER OF LIFE,at,21
THE WATER OF LIFE,ate,1
THE WATER OF LIFE,away,8
THE WATER OF LIFE,back,5
THE WATER OF LIFE,bad,1
THE WATER OF LIFE,bade,1
THE WATER OF LIFE,bargain,1
THE WATER OF LIFE,be,18
THE WATER OF LIFE,beautiful,7
THE WATER OF LIFE,became,2
THE WATER OF LIFE,because,2
THE WATER OF LIFE,been,1
THE WATER OF LIFE,before,8
THE WATER OF LIFE,befriended,1
THE WATER OF LIFE,began,1
THE WATER OF LIFE,begged,4
THE WATER OF LIFE,behaviour,1
THE WATER OF LIFE,behind,1
THE WATER OF LIFE,believe,1
THE WATER OF LIFE,bells,1
THE WATER OF LIFE,betrothed,1
THE WATER OF LIFE,better,1
THE WATER OF LIFE,between,1
THE WATER OF LIFE,beware,1
THE WATER OF LIFE,bitter,2
THE WATER OF LIFE,blamed,1
THE WATER OF LIFE,blow,1
THE WATER OF LIFE,born,1
THE WATER OF LIFE,borne,1
THE WATER OF LIFE,both,1
THE WATER OF LIFE,bound,2
THE WATER OF LIFE,bread,7
THE WATER OF LIFE,bride,1
THE WATER OF LIFE,bring,1
THE WATER OF LIFE,brother,9
THE WATER OF LIFE,brothers,4
THE WATER OF LIFE,brought,4
THE WATER OF LIFE,business,2
THE WATER OF LIFE,busybody,1
THE WATER OF LIFE,but,17
THE WATER OF LIFE,by,4
THE WATER OF LIFE,called,2
THE WATER OF LIFE,came,21
THE WATER OF LIFE,can,7
THE WATER OF LIFE,cap,1
THE WATER OF LIFE,care,1
THE WATER OF LIFE,cared,1
THE WATER OF LIFE,castle,3
THE WATER OF LIFE,celebrate,1
THE WATER OF LIFE,change,1
THE WATER OF LIFE,charm,1
THE WATER OF LIFE,cheated,1
THE WATER OF LIFE,chief,1
THE WATER OF LIFE,cleverness,1
THE WATER OF LIFE,cloak,3
THE WATER OF LIFE,clock,3
THE WATER OF LIFE,closed,1
THE WATER OF LIFE,coat,3
THE WATER OF LIFE,come,5
THE WATER OF LIFE,couch,3
THE WATER OF LIFE,could,9
THE WATER OF LIFE,countries,1
THE WATER OF LIFE,country,2
THE WATER OF LIFE,court,5
THE WATER OF LIFE,courtiers,1
THE WATER OF LIFE,cup,4
THE WATER OF LIFE,d,1
THE WATER OF LIFE,daily,1
THE WATER OF LIFE,danced,1
THE WATER OF LIFE,danger,1
THE WATER OF LIFE,dare,1
THE WATER OF LIFE,day,1
THE WATER OF LIFE,days,1
THE WATER OF LIFE,dead,1
THE WATER OF LIFE,dear,1
THE WATER OF LIFE,death,1
THE WATER OF LIFE,deep,1
THE WATER OF LIFE,delightful,1
THE WATER OF LIFE,deliverer,2
THE WATER OF LIFE,did,4
THE WATER OF LIFE,die,3
THE WATER OF LIFE,do,5
THE WATER OF LIFE,does,1
THE WATER OF LIFE,done,3
THE WATER OF LIFE,door,5
THE WATER OF LIFE,down,2
THE WATER OF LIFE,draught,1
THE WATER OF LIFE,draw,1
THE WATER OF LIFE,dreadful,1
THE WATER OF LIFE,dreadfully,1
THE WATER OF LIFE,dresses,1
THE WATER OF LIFE,drink,2
THE WATER OF LIFE,during,1
THE WATER OF LIFE,dwarf,11
THE WATER OF LIFE,eagerly,1
THE WATER OF LIFE,ears,1
THE WATER OF LIFE,elder,2
THE WATER OF LIFE,eldest,3
THE WATER OF LIFE,elf,1
THE WATER OF LIFE,else,1
THE WATER OF LIFE,embassies,1
THE WATER OF LIFE,enchanted,1
THE WATER OF LIFE,end,2
THE WATER OF LIFE,enemy,2
THE WATER OF LIFE,engaged,1
THE WATER OF LIFE,enough,1
THE WATER OF LIFE,enraged,1
THE WATER OF LIFE,envy,1
THE WATER OF LIFE,errand,1
THE WATER OF LIFE,escape,1
THE WATER OF LIFE,even,2
THE WATER OF LIFE,ever,1
THE WATER OF LIFE,everyone,1
THE WATER OF LIFE,everything,2
THE WATER OF LIFE,eyes,1
THE WATER OF LIFE,fail,1
THE WATER OF LIFE,fairy,1
THE WATER OF LIFE,fall,1
THE WATER OF LIFE,famine,1
THE WATER OF LIFE,fast,4
THE WATER OF LIFE,father,15
THE WATER OF LIFE,fear,1
THE WATER OF LIFE,feared,1
THE WATER OF LIFE,feasted,1
THE WATER OF LIFE,feed,1
THE WATER OF LIFE,fell,3
THE WATER OF LIFE,felt,2
THE WATER OF LIFE,filled,1
THE WATER OF LIFE,find,3
THE WATER OF LIFE,fingers,1
THE WATER OF LIFE,first,2
THE WATER OF LIFE,flew,2
THE WATER OF LIFE,followed,1
THE WATER OF LIFE,foot,2
THE WATER OF LIFE,for,20
THE WATER OF LIFE,forced,1
THE WATER OF LIFE,forest,1
THE WATER OF LIFE,forgive,2
THE WATER OF LIFE,forgiven,1
THE WATER OF LIFE,forsake,1
THE WATER OF LIFE,forward,1
THE WATER OF LIFE,found,8
THE WATER OF LIFE,free,4
THE WATER OF LIFE,friend,3
THE WATER OF LIFE,friendly,2
THE WATER OF LIFE,frightened,1
THE WATER OF LIFE,frolick,1
THE WATER OF LIFE,from,5
THE WATER OF LIFE,full,4
THE WATER OF LIFE,further,1
THE WATER OF LIFE,gaping,1
THE WATER OF LIFE,garden,1
THE WATER OF LIFE,gardens,2
THE WATER OF LIFE,gate,4
THE WATER OF LIFE,gathered,1
THE WATER OF LIFE,gave,2
THE WATER OF LIFE,gaze,1
THE WATER OF LIFE,gentle,1
THE WATER OF LIFE,get,3
THE WATER OF LIFE,gifts,1
THE WATER OF LIFE,give,4
THE WATER OF LIFE,giving,1
THE WATER OF LIFE,glad,2
THE WATER OF LIFE,go,13
THE WATER OF LIFE,going,4
THE WATER OF LIFE,gold,2
THE WATER OF LIFE,golden,2
THE WATER OF LIFE,gone,2
THE WATER OF LIFE,good,1
THE WATER OF LIFE,got,4
THE WATER OF LIFE,grand,1
THE WATER OF LIFE,great,2
THE WATER OF LIFE,greatly,1
THE WATER OF LIFE,grieved,1
THE WATER OF LIFE,grieves,1
THE WATER OF LIFE,guards,2
THE WATER OF LIFE,guiltless,1
THE WATER OF LIFE,had,29
THE WATER OF LIFE,hall,1
THE WATER OF LIFE,happened,1
THE WATER OF LIFE,hard,4
THE WATER OF LIFE,has,2
THE WATER OF LIFE,haste,2
THE WATER OF LIFE,hasten,1
THE WATER OF LIFE,hastened,1
THE WATER OF LIFE,hat,1
THE WATER OF LIFE,haughtily,1
THE WATER OF LIFE,have,12
THE WATER OF LIFE,having,1
THE WATER OF LIFE,he,105
THE WATER OF LIFE,healed,1
THE WATER OF LIFE,heard,2
THE WATER OF LIFE,heart,3
THE WATER OF LIFE,hearts,1
THE WATER OF LIFE,heel,1
THE WATER OF LIFE,heir,1
THE WATER OF LIFE,held,2
THE WATER OF LIFE,help,1
THE WATER OF LIFE,her,15
THE WATER OF LIFE,here,1
THE WATER OF LIFE,hid,1
THE WATER OF LIFE,him,46
THE WATER OF LIFE,himself,10
THE WATER OF LIFE,his,54
THE WATER OF LIFE,home,4
THE WATER OF LIFE,homewards,1
THE WATER OF LIFE,hope,1
THE WATER OF LIFE,horse,4
THE WATER OF LIFE,horseback,1
THE WATER OF LIFE,how,8
THE WATER OF LIFE,however,2
THE WATER OF LIFE,hungry,1
THE WATER OF LIFE,huntsman,4
THE WATER OF LIFE,huntsmen,1
THE WATER OF LIFE,husband,1
THE WATER OF LIFE,i,24
THE WATER OF LIFE,if,12
THE WATER OF LIFE,ill,4
THE WATER OF LIFE,illbehaved,1
THE WATER OF LIFE,illluck,1
THE WATER OF LIFE,imp,1
THE WATER OF LIFE,in,32
THE WATER OF LIFE,inside,1
THE WATER OF LIFE,instead,1
THE WATER OF LIFE,into,3
THE WATER OF LIFE,iron,3
THE WATER OF LIFE,is,13
THE WATER OF LIFE,it,33
THE WATER OF LIFE,journey,3
THE WATER OF LIFE,journeyed,1
THE WATER OF LIFE,joy,3
THE WATER OF LIFE,joyfully,1
THE WATER OF LIFE,just,1
THE WATER OF LIFE,keep,1
THE WATER OF LIFE,killed,1
THE WATER OF LIFE,kind,1
THE WATER OF LIFE,kindly,1
THE WATER OF LIFE,king,18
THE WATER OF LIFE,kingdom,11
THE WATER OF LIFE,kings,1
THE WATER OF LIFE,knew,2
THE WATER OF LIFE,knights,1
THE WATER OF LIFE,know,3
THE WATER OF LIFE,known,1
THE WATER OF LIFE,lady,1
THE WATER OF LIFE,laid,3
THE WATER OF LIFE,lain,1
THE WATER OF LIFE,land,2
THE WATER OF LIFE,last,5
THE WATER OF LIFE,laugh,2
THE WATER OF LIFE,laughed,1
THE WATER OF LIFE,leading,1
THE WATER OF LIFE,leave,1
THE WATER OF LIFE,left,2
THE WATER OF LIFE,length,1
THE WATER OF LIFE,lent,2
THE WATER OF LIFE,let,7
THE WATER OF LIFE,life,15
THE WATER OF LIFE,like,1
THE WATER OF LIFE,lingering,1
THE WATER OF LIFE,lions,2
THE WATER OF LIFE,little,6
THE WATER OF LIFE,live,2
THE WATER OF LIFE,loaf,3
THE WATER OF LIFE,loaves,1
THE WATER OF LIFE,long,3
THE WATER OF LIFE,longer,1
THE WATER OF LIFE,look,2
THE WATER OF LIFE,looked,2
THE WATER OF LIFE,lord,1
THE WATER OF LIFE,lose,1
THE WATER OF LIFE,loud,1
THE WATER OF LIFE,love,1
THE WATER OF LIFE,lovely,1
THE WATER OF LIFE,lover,1
THE WATER OF LIFE,lying,1
THE WATER OF LIFE,made,5
THE WATER OF LIFE,make,5
THE WATER OF LIFE,man,2
THE WATER OF LIFE,manage,1
THE WATER OF LIFE,manner,1
THE WATER OF LIFE,marry,2
THE WATER OF LIFE,matter,2
THE WATER OF LIFE,may,1
THE WATER OF LIFE,me,13
THE WATER OF LIFE,meant,1
THE WATER OF LIFE,meantime,1
THE WATER OF LIFE,meanwhile,1
THE WATER OF LIFE,meet,1
THE WATER OF LIFE,meeting,1
THE WATER OF LIFE,merry,1
THE WATER OF LIFE,met,3
THE WATER OF LIFE,might,3
THE WATER OF LIFE,mind,1
THE WATER OF LIFE,more,1
THE WATER OF LIFE,mountain,1
THE WATER OF LIFE,mountains,4
THE WATER OF LIFE,mournfully,1
THE WATER OF LIFE,move,1
THE WATER OF LIFE,much,1
THE WATER OF LIFE,must,7
THE WATER OF LIFE,my,12
THE WATER OF LIFE,narrower,2
THE WATER OF LIFE,never,2
THE WATER OF LIFE,new,1
THE WATER OF LIFE,next,2
THE WATER OF LIFE,no,3
THE WATER OF LIFE,noble,2
THE WATER OF LIFE,nobody,3
THE WATER OF LIFE,not,17
THE WATER OF LIFE,nothing,3
THE WATER OF LIFE,now,4
THE WATER OF LIFE,o,1
THE WATER OF LIFE,obliged,1
THE WATER OF LIFE,of,56
THE WATER OF LIFE,off,5
THE WATER OF LIFE,old,9
THE WATER OF LIFE,on,30
THE WATER OF LIFE,once,4
THE WATER OF LIFE,one,9
THE WATER OF LIFE,only,2
THE WATER OF LIFE,open,4
THE WATER OF LIFE,or,2
THE WATER OF LIFE,order,1
THE WATER OF LIFE,ordered,1
THE WATER OF LIFE,other,1
THE WATER OF LIFE,ought,1
THE WATER OF LIFE,our,4
THE WATER OF LIFE,out,8
THE WATER OF LIFE,over,5
THE WATER OF LIFE,overhung,1
THE WATER OF LIFE,overjoyed,1
THE WATER OF LIFE,overwhelmed,1
THE WATER OF LIFE,own,2
THE WATER OF LIFE,palace,4
THE WATER OF LIFE,pass,2
THE WATER OF LIFE,passed,2
THE WATER OF LIFE,path,1
THE WATER OF LIFE,peace,2
THE WATER OF LIFE,people,3
THE WATER OF LIFE,piece,1
THE WATER OF LIFE,pity,3
THE WATER OF LIFE,place,1
THE WATER OF LIFE,plenty,1
THE WATER OF LIFE,poison,1
THE WATER OF LIFE,poured,1
THE WATER OF LIFE,pray,3
THE WATER OF LIFE,precious,1
THE WATER OF LIFE,prey,1
THE WATER OF LIFE,prince,21
THE WATER OF LIFE,princess,8
THE WATER OF LIFE,prize,1
THE WATER OF LIFE,proud,3
THE WATER OF LIFE,pulled,1
THE WATER OF LIFE,punish,1
THE WATER OF LIFE,put,4
THE WATER OF LIFE,quarter,1
THE WATER OF LIFE,quickly,2
THE WATER OF LIFE,quiet,1
THE WATER OF LIFE,quieted,1
THE WATER OF LIFE,ran,1
THE WATER OF LIFE,rang,1
THE WATER OF LIFE,rather,1
THE WATER OF LIFE,reach,1
THE WATER OF LIFE,really,1
THE WATER OF LIFE,reigned,1
THE WATER OF LIFE,rejoiced,1
THE WATER OF LIFE,rest,2
THE WATER OF LIFE,return,1
THE WATER OF LIFE,revenge,1
THE WATER OF LIFE,reward,1
THE WATER OF LIFE,rich,1
THE WATER OF LIFE,rid,1
THE WATER OF LIFE,ride,1
THE WATER OF LIFE,right,2
THE WATER OF LIFE,righthand,1
THE WATER OF LIFE,ringing,1
THE WATER OF LIFE,rings,1
THE WATER OF LIFE,road,7
THE WATER OF LIFE,robbed,1
THE WATER OF LIFE,rocks,2
THE WATER OF LIFE,rode,9
THE WATER OF LIFE,room,2
THE WATER OF LIFE,round,4
THE WATER OF LIFE,royal,2
THE WATER OF LIFE,ruin,1
THE WATER OF LIFE,run,1
THE WATER OF LIFE,s,10
THE WATER OF LIFE,safe,1
THE WATER OF LIFE,safety,1
THE WATER OF LIFE,said,31
THE WATER OF LIFE,sailed,1
THE WATER OF LIFE,same,7
THE WATER OF LIFE,sat,1
THE WATER OF LIFE,save,3
THE WATER OF LIFE,saw,5
THE WATER OF LIFE,say,3
THE WATER OF LIFE,saying,2
THE WATER OF LIFE,scarcely,1
THE WATER OF LIFE,scarlet,3
THE WATER OF LIFE,scenes,1
THE WATER OF LIFE,scorned,1
THE WATER OF LIFE,scornfully,1
THE WATER OF LIFE,sea,3
THE WATER OF LIFE,search,6
THE WATER OF LIFE,seawater,2
THE WATER OF LIFE,second,3
THE WATER OF LIFE,see,2
THE WATER OF LIFE,seek,2
THE WATER OF LIFE,seen,1
THE WATER OF LIFE,send,1
THE WATER OF LIFE,sent,1
THE WATER OF LIFE,set,11
THE WATER OF LIFE,several,1
THE WATER OF LIFE,shabby,2
THE WATER OF LIFE,shady,1
THE WATER OF LIFE,shall,5
THE WATER OF LIFE,she,4
THE WATER OF LIFE,shining,1
THE WATER OF LIFE,ship,2
THE WATER OF LIFE,shoot,1
THE WATER OF LIFE,shot,1
THE WATER OF LIFE,should,7
THE WATER OF LIFE,show,1
THE WATER OF LIFE,shut,3
THE WATER OF LIFE,sick,2
THE WATER OF LIFE,sickness,2
THE WATER OF LIFE,side,3
THE WATER OF LIFE,silly,1
THE WATER OF LIFE,simple,1
THE WATER OF LIFE,sitting,1
THE WATER OF LIFE,slay,1
THE WATER OF LIFE,sleep,1
THE WATER OF LIFE,slew,1
THE WATER OF LIFE,snapped,1
THE WATER OF LIFE,so,23
THE WATER OF LIFE,sole,1
THE WATER OF LIFE,some,3
THE WATER OF LIFE,son,11
THE WATER OF LIFE,sons,4
THE WATER OF LIFE,soon,4
THE WATER OF LIFE,sooner,1
THE WATER OF LIFE,sorrowful,1
THE WATER OF LIFE,spell,4
THE WATER OF LIFE,spellbound,1
THE WATER OF LIFE,spoken,1
THE WATER OF LIFE,spot,3
THE WATER OF LIFE,sprang,1
THE WATER OF LIFE,springs,1
THE WATER OF LIFE,squire,1
THE WATER OF LIFE,standing,2
THE WATER OF LIFE,started,1
THE WATER OF LIFE,step,2
THE WATER OF LIFE,still,4
THE WATER OF LIFE,stones,1
THE WATER OF LIFE,stood,1
THE WATER OF LIFE,stopped,3
THE WATER OF LIFE,straight,2
THE WATER OF LIFE,straitened,1
THE WATER OF LIFE,strike,1
THE WATER OF LIFE,strikes,1
THE WATER OF LIFE,striking,1
THE WATER OF LIFE,stroke,1
THE WATER OF LIFE,strong,1
THE WATER OF LIFE,struck,2
THE WATER OF LIFE,such,1
THE WATER OF LIFE,sugarloaf,2
THE WATER OF LIFE,summons,1
THE WATER OF LIFE,sung,1
THE WATER OF LIFE,sure,2
THE WATER OF LIFE,surely,1
THE WATER OF LIFE,sword,5
THE WATER OF LIFE,t,1
THE WATER OF LIFE,table,1
THE WATER OF LIFE,take,6
THE WATER OF LIFE,taken,2
THE WATER OF LIFE,taking,1
THE WATER OF LIFE,tales,1
THE WATER OF LIFE,tarry,1
THE WATER OF LIFE,tasted,1
THE WATER OF LIFE,tell,7
THE WATER OF LIFE,than,3
THE WATER OF LIFE,thanked,1
THE WATER OF LIFE,that,45
THE WATER OF LIFE,the,181
THE WATER OF LIFE,thee,1
THE WATER OF LIFE,their,15
THE WATER OF LIFE,them,10
THE WATER OF LIFE,themselves,3
THE WATER OF LIFE,then,17
THE WATER OF LIFE,there,1
THE WATER OF LIFE,therefore,1
THE WATER OF LIFE,these,1
THE WATER OF LIFE,they,26
THE WATER OF LIFE,thing,1
THE WATER OF LIFE,think,3
THE WATER OF LIFE,thinking,1
THE WATER OF LIFE,third,2
THE WATER OF LIFE,this,7
THE WATER OF LIFE,those,1
THE WATER OF LIFE,though,1
THE WATER OF LIFE,thought,11
THE WATER OF LIFE,three,5
THE WATER OF LIFE,through,4
THE WATER OF LIFE,throughout,1
THE WATER OF LIFE,throw,1
THE WATER OF LIFE,thus,4
THE WATER OF LIFE,till,6
THE WATER OF LIFE,time,5
THE WATER OF LIFE,times,1
THE WATER OF LIFE,tired,1
THE WATER OF LIFE,to,85
THE WATER OF LIFE,together,6
THE WATER OF LIFE,told,7
THE WATER OF LIFE,too,5
THE WATER OF LIFE,took,5
THE WATER OF LIFE,touched,1
THE WATER OF LIFE,trance,1
THE WATER OF LIFE,travelling,1
THE WATER OF LIFE,tread,1
THE WATER OF LIFE,tried,1
THE WATER OF LIFE,trouble,1
THE WATER OF LIFE,true,2
THE WATER OF LIFE,trusted,1
THE WATER OF LIFE,turned,3
THE WATER OF LIFE,twelve,4
THE WATER OF LIFE,two,6
THE WATER OF LIFE,ugly,2
THE WATER OF LIFE,unable,1
THE WATER OF LIFE,unawares,1
THE WATER OF LIFE,unwilling,1
THE WATER OF LIFE,unwillingly,1
THE WATER OF LIFE,up,5
THE WATER OF LIFE,upon,9
THE WATER OF LIFE,us,2
THE WATER OF LIFE,valley,2
THE WATER OF LIFE,very,10
THE WATER OF LIFE,visit,1
THE WATER OF LIFE,voyage,1
THE WATER OF LIFE,wait,1
THE WATER OF LIFE,waited,1
THE WATER OF LIFE,waiting,1
THE WATER OF LIFE,wake,1
THE WATER OF LIFE,walked,2
THE WATER OF LIFE,walking,1
THE WATER OF LIFE,wand,4
THE WATER OF LIFE,want,1
THE WATER OF LIFE,wanted,3
THE WATER OF LIFE,war,1
THE WATER OF LIFE,was,39
THE WATER OF LIFE,waste,1
THE WATER OF LIFE,water,18
THE WATER OF LIFE,way,9
THE WATER OF LIFE,we,3
THE WATER OF LIFE,wedding,3
THE WATER OF LIFE,welcomed,2
THE WATER OF LIFE,well,8
THE WATER OF LIFE,went,10
THE WATER OF LIFE,were,10
THE WATER OF LIFE,what,13
THE WATER OF LIFE,when,16
THE WATER OF LIFE,where,5
THE WATER OF LIFE,which,7
THE WATER OF LIFE,while,1
THE WATER OF LIFE,whither,3
THE WATER OF LIFE,who,7
THE WATER OF LIFE,whoever,2
THE WATER OF LIFE,whole,2
THE WATER OF LIFE,whom,1
THE WATER OF LIFE,why,1
THE WATER OF LIFE,wicked,1
THE WATER OF LIFE,wide,1
THE WATER OF LIFE,wife,1
THE WATER OF LIFE,will,16
THE WATER OF LIFE,wise,1
THE WATER OF LIFE,wish,2
THE WATER OF LIFE,with,24
THE WATER OF LIFE,without,1
THE WATER OF LIFE,wonderful,1
THE WATER OF LIFE,wood,2
THE WATER OF LIFE,woods,1
THE WATER OF LIFE,word,1
THE WATER OF LIFE,worse,1
THE WATER OF LIFE,would,9
THE WATER OF LIFE,wrongs,1
THE WATER OF LIFE,year,4
THE WATER OF LIFE,yet,1
THE WATER OF LIFE,yielded,1
THE WATER OF LIFE,you,40
THE WATER OF LIFE,young,2
THE WATER OF LIFE,younger,1
THE WATER OF LIFE,youngest,5
THE WATER OF LIFE,your,7
THE WEDDING OF MRS. FOX - PART I,a,5
THE WEDDING OF MRS. FOX - PART I,about,1
THE WEDDING OF MRS. FOX - PART I,after,1
THE WEDDING OF MRS. FOX - PART I,afterwards,1
THE WEDDING OF MRS. FOX - PART I,all,3
THE WEDDING OF MRS. FOX - PART I,am,4
THE WEDDING OF MRS. FOX - PART I,an,1
THE WEDDING OF MRS. FOX - PART I,and,13
THE WEDDING OF MRS. FOX - PART I,another,2
THE WEDDING OF MRS. FOX - PART I,answered,2
THE WEDDING OF MRS. FOX - PART I,are,1
THE WEDDING OF MRS. FOX - PART I,as,4
THE WEDDING OF MRS. FOX - PART I,at,5
THE WEDDING OF MRS. FOX - PART I,away,2
THE WEDDING OF MRS. FOX - PART I,be,3
THE WEDDING OF MRS. FOX - PART I,beautiful,1
THE WEDDING OF MRS. FOX - PART I,became,1
THE WEDDING OF MRS. FOX - PART I,because,1
THE WEDDING OF MRS. FOX - PART I,beer,1
THE WEDDING OF MRS. FOX - PART I,behaved,1
THE WEDDING OF MRS. FOX - PART I,believed,1
THE WEDDING OF MRS. FOX - PART I,bench,2
THE WEDDING OF MRS. FOX - PART I,better,1
THE WEDDING OF MRS. FOX - PART I,boiling,1
THE WEDDING OF MRS. FOX - PART I,but,3
THE WEDDING OF MRS. FOX - PART I,butter,1
THE WEDDING OF MRS. FOX - PART I,by,1
THE WEDDING OF MRS. FOX - PART I,came,2
THE WEDDING OF MRS. FOX - PART I,carry,1
THE WEDDING OF MRS. FOX - PART I,cat,7
THE WEDDING OF MRS. FOX - PART I,certainly,1
THE WEDDING OF MRS. FOX - PART I,cooking,1
THE WEDDING OF MRS. FOX - PART I,cried,1
THE WEDDING OF MRS. FOX - PART I,cudgelled,1
THE WEDDING OF MRS. FOX - PART I,dead,3
THE WEDDING OF MRS. FOX - PART I,dear,1
THE WEDDING OF MRS. FOX - PART I,did,3
THE WEDDING OF MRS. FOX - PART I,do,3
THE WEDDING OF MRS. FOX - PART I,does,1
THE WEDDING OF MRS. FOX - PART I,doing,1
THE WEDDING OF MRS. FOX - PART I,door,3
THE WEDDING OF MRS. FOX - PART I,doors,1
THE WEDDING OF MRS. FOX - PART I,downstairs,1
THE WEDDING OF MRS. FOX - PART I,drove,1
THE WEDDING OF MRS. FOX - PART I,each,1
THE WEDDING OF MRS. FOX - PART I,eyes,1
THE WEDDING OF MRS. FOX - PART I,faithful,1
THE WEDDING OF MRS. FOX - PART I,fare,1
THE WEDDING OF MRS. FOX - PART I,fire,1
THE WEDDING OF MRS. FOX - PART I,first,1
THE WEDDING OF MRS. FOX - PART I,for,1
THE WEDDING OF MRS. FOX - PART I,fox,16
THE WEDDING OF MRS. FOX - PART I,gates,1
THE WEDDING OF MRS. FOX - PART I,gloom,1
THE WEDDING OF MRS. FOX - PART I,goes,1
THE WEDDING OF MRS. FOX - PART I,going,1
THE WEDDING OF MRS. FOX - PART I,guest,1
THE WEDDING OF MRS. FOX - PART I,had,2
THE WEDDING OF MRS. FOX - PART I,has,2
THE WEDDING OF MRS. FOX - PART I,have,1
THE WEDDING OF MRS. FOX - PART I,he,8
THE WEDDING OF MRS. FOX - PART I,heard,2
THE WEDDING OF MRS. FOX - PART I,her,8
THE WEDDING OF MRS. FOX - PART I,here,1
THE WEDDING OF MRS. FOX - PART I,herself,1
THE WEDDING OF MRS. FOX - PART I,him,2
THE WEDDING OF MRS. FOX - PART I,himself,1
THE WEDDING OF MRS. FOX - PART I,his,1
THE WEDDING OF MRS. FOX - PART I,house,1
THE WEDDING OF MRS. FOX - PART I,housedoor,1
THE WEDDING OF MRS. FOX - PART I,i,5
THE WEDDING OF MRS. FOX - PART I,if,1
THE WEDDING OF MRS. FOX - PART I,in,3
THE WEDDING OF MRS. FOX - PART I,inside,1
THE WEDDING OF MRS. FOX - PART I,is,4
THE WEDDING OF MRS. FOX - PART I,it,3
THE WEDDING OF MRS. FOX - PART I,joyfully,1
THE WEDDING OF MRS. FOX - PART I,just,2
THE WEDDING OF MRS. FOX - PART I,knock,1
THE WEDDING OF MRS. FOX - PART I,knocking,1
THE WEDDING OF MRS. FOX - PART I,knocks,1
THE WEDDING OF MRS. FOX - PART I,know,1
THE WEDDING OF MRS. FOX - PART I,known,1
THE WEDDING OF MRS. FOX - PART I,last,1
THE WEDDING OF MRS. FOX - PART I,late,1
THE WEDDING OF MRS. FOX - PART I,like,3
THE WEDDING OF MRS. FOX - PART I,limb,1
THE WEDDING OF MRS. FOX - PART I,little,2
THE WEDDING OF MRS. FOX - PART I,look,1
THE WEDDING OF MRS. FOX - PART I,maid,3
THE WEDDING OF MRS. FOX - PART I,making,1
THE WEDDING OF MRS. FOX - PART I,may,1
THE WEDDING OF MRS. FOX - PART I,miss,5
THE WEDDING OF MRS. FOX - PART I,mistress,1
THE WEDDING OF MRS. FOX - PART I,moaning,1
THE WEDDING OF MRS. FOX - PART I,more,2
THE WEDDING OF MRS. FOX - PART I,move,1
THE WEDDING OF MRS. FOX - PART I,mr,5
THE WEDDING OF MRS. FOX - PART I,mrs,4
THE WEDDING OF MRS. FOX - PART I,my,3
THE WEDDING OF MRS. FOX - PART I,nine,3
THE WEDDING OF MRS. FOX - PART I,no,2
THE WEDDING OF MRS. FOX - PART I,not,5
THE WEDDING OF MRS. FOX - PART I,now,1
THE WEDDING OF MRS. FOX - PART I,of,1
THE WEDDING OF MRS. FOX - PART I,oh,2
THE WEDDING OF MRS. FOX - PART I,old,6
THE WEDDING OF MRS. FOX - PART I,once,1
THE WEDDING OF MRS. FOX - PART I,one,3
THE WEDDING OF MRS. FOX - PART I,only,1
THE WEDDING OF MRS. FOX - PART I,open,1
THE WEDDING OF MRS. FOX - PART I,opened,1
THE WEDDING OF MRS. FOX - PART I,or,1
THE WEDDING OF MRS. FOX - PART I,other,1
THE WEDDING OF MRS. FOX - PART I,out,3
THE WEDDING OF MRS. FOX - PART I,outside,1
THE WEDDING OF MRS. FOX - PART I,presented,1
THE WEDDING OF MRS. FOX - PART I,put,1
THE WEDDING OF MRS. FOX - PART I,quite,1
THE WEDDING OF MRS. FOX - PART I,rabble,1
THE WEDDING OF MRS. FOX - PART I,red,1
THE WEDDING OF MRS. FOX - PART I,replied,1
THE WEDDING OF MRS. FOX - PART I,room,2
THE WEDDING OF MRS. FOX - PART I,said,3
THE WEDDING OF MRS. FOX - PART I,sat,1
THE WEDDING OF MRS. FOX - PART I,sent,1
THE WEDDING OF MRS. FOX - PART I,she,6
THE WEDDING OF MRS. FOX - PART I,shut,1
THE WEDDING OF MRS. FOX - PART I,sir,1
THE WEDDING OF MRS. FOX - PART I,sitting,1
THE WEDDING OF MRS. FOX - PART I,sleep,1
THE WEDDING OF MRS. FOX - PART I,sleeping,1
THE WEDDING OF MRS. FOX - PART I,solemnized,1
THE WEDDING OF MRS. FOX - PART I,someone,1
THE WEDDING OF MRS. FOX - PART I,soon,1
THE WEDDING OF MRS. FOX - PART I,stairs,1
THE WEDDING OF MRS. FOX - PART I,standing,1
THE WEDDING OF MRS. FOX - PART I,stands,1
THE WEDDING OF MRS. FOX - PART I,still,1
THE WEDDING OF MRS. FOX - PART I,stirred,1
THE WEDDING OF MRS. FOX - PART I,stone,1
THE WEDDING OF MRS. FOX - PART I,stretched,1
THE WEDDING OF MRS. FOX - PART I,suitors,1
THE WEDDING OF MRS. FOX - PART I,supper,1
THE WEDDING OF MRS. FOX - PART I,tail,1
THE WEDDING OF MRS. FOX - PART I,tails,4
THE WEDDING OF MRS. FOX - PART I,tap,3
THE WEDDING OF MRS. FOX - PART I,tell,1
THE WEDDING OF MRS. FOX - PART I,test,1
THE WEDDING OF MRS. FOX - PART I,than,2
THE WEDDING OF MRS. FOX - PART I,thank,1
THE WEDDING OF MRS. FOX - PART I,that,4
THE WEDDING OF MRS. FOX - PART I,the,26
THE WEDDING OF MRS. FOX - PART I,them,1
THE WEDDING OF MRS. FOX - PART I,themselves,1
THE WEDDING OF MRS. FOX - PART I,then,1
THE WEDDING OF MRS. FOX - PART I,there,3
THE WEDDING OF MRS. FOX - PART I,they,1
THE WEDDING OF MRS. FOX - PART I,this,1
THE WEDDING OF MRS. FOX - PART I,time,1
THE WEDDING OF MRS. FOX - PART I,to,8
THE WEDDING OF MRS. FOX - PART I,trap,1
THE WEDDING OF MRS. FOX - PART I,trip,1
THE WEDDING OF MRS. FOX - PART I,turned,1
THE WEDDING OF MRS. FOX - PART I,two,1
THE WEDDING OF MRS. FOX - PART I,under,2
THE WEDDING OF MRS. FOX - PART I,until,1
THE WEDDING OF MRS. FOX - PART I,up,2
THE WEDDING OF MRS. FOX - PART I,upon,1
THE WEDDING OF MRS. FOX - PART I,wake,1
THE WEDDING OF MRS. FOX - PART I,waking,1
THE WEDDING OF MRS. FOX - PART I,warm,1
THE WEDDING OF MRS. FOX - PART I,was,7
THE WEDDING OF MRS. FOX - PART I,wedding,1
THE WEDDING OF MRS. FOX - PART I,weeping,1
THE WEDDING OF MRS. FOX - PART I,went,3
THE WEDDING OF MRS. FOX - PART I,were,2
THE WEDDING OF MRS. FOX - PART I,what,4
THE WEDDING OF MRS. FOX - PART I,when,2
THE WEDDING OF MRS. FOX - PART I,who,5
THE WEDDING OF MRS. FOX - PART I,wide,1
THE WEDDING OF MRS. FOX - PART I,widow,1
THE WEDDING OF MRS. FOX - PART I,wife,1
THE WEDDING OF MRS. FOX - PART I,will,2
THE WEDDING OF MRS. FOX - PART I,wished,2
THE WEDDING OF MRS. FOX - PART I,with,3
THE WEDDING OF MRS. FOX - PART I,woo,2
THE WEDDING OF MRS. FOX - PART I,wooer,2
THE WEDDING OF MRS. FOX - PART I,would,2
THE WEDDING OF MRS. FOX - PART I,yes,1
THE WEDDING OF MRS. FOX - PART I,you,7
THE WEDDING OF MRS. FOX - PART I,young,3
THE WEDDING OF MRS. FOX - PART II,a,12
THE WEDDING OF MRS. FOX - PART II,after,1
THE WEDDING OF MRS. FOX - PART II,all,1
THE WEDDING OF MRS. FOX - PART II,alone,1
THE WEDDING OF MRS. FOX - PART II,always,1
THE WEDDING OF MRS. FOX - PART II,and,14
THE WEDDING OF MRS. FOX - PART II,answered,3
THE WEDDING OF MRS. FOX - PART II,are,3
THE WEDDING OF MRS. FOX - PART II,as,3
THE WEDDING OF MRS. FOX - PART II,asked,1
THE WEDDING OF MRS. FOX - PART II,at,4
THE WEDDING OF MRS. FOX - PART II,ate,1
THE WEDDING OF MRS. FOX - PART II,away,1
THE WEDDING OF MRS. FOX - PART II,be,1
THE WEDDING OF MRS. FOX - PART II,bear,1
THE WEDDING OF MRS. FOX - PART II,beasts,1
THE WEDDING OF MRS. FOX - PART II,below,2
THE WEDDING OF MRS. FOX - PART II,bewailing,2
THE WEDDING OF MRS. FOX - PART II,bread,1
THE WEDDING OF MRS. FOX - PART II,breaking,1
THE WEDDING OF MRS. FOX - PART II,brought,1
THE WEDDING OF MRS. FOX - PART II,but,2
THE WEDDING OF MRS. FOX - PART II,came,3
THE WEDDING OF MRS. FOX - PART II,can,1
THE WEDDING OF MRS. FOX - PART II,cat,9
THE WEDDING OF MRS. FOX - PART II,caught,1
THE WEDDING OF MRS. FOX - PART II,clean,1
THE WEDDING OF MRS. FOX - PART II,come,1
THE WEDDING OF MRS. FOX - PART II,comes,2
THE WEDDING OF MRS. FOX - PART II,continually,1
THE WEDDING OF MRS. FOX - PART II,dancing,2
THE WEDDING OF MRS. FOX - PART II,day,1
THE WEDDING OF MRS. FOX - PART II,dead,1
THE WEDDING OF MRS. FOX - PART II,do,1
THE WEDDING OF MRS. FOX - PART II,dog,1
THE WEDDING OF MRS. FOX - PART II,doom,1
THE WEDDING OF MRS. FOX - PART II,door,3
THE WEDDING OF MRS. FOX - PART II,eat,1
THE WEDDING OF MRS. FOX - PART II,every,1
THE WEDDING OF MRS. FOX - PART II,fat,1
THE WEDDING OF MRS. FOX - PART II,feast,1
THE WEDDING OF MRS. FOX - PART II,fine,1
THE WEDDING OF MRS. FOX - PART II,five,1
THE WEDDING OF MRS. FOX - PART II,fling,1
THE WEDDING OF MRS. FOX - PART II,fly,1
THE WEDDING OF MRS. FOX - PART II,for,4
THE WEDDING OF MRS. FOX - PART II,forest,1
THE WEDDING OF MRS. FOX - PART II,fox,11
THE WEDDING OF MRS. FOX - PART II,gentleman,2
THE WEDDING OF MRS. FOX - PART II,gold,1
THE WEDDING OF MRS. FOX - PART II,gone,1
THE WEDDING OF MRS. FOX - PART II,good,4
THE WEDDING OF MRS. FOX - PART II,greeted,1
THE WEDDING OF MRS. FOX - PART II,guest,1
THE WEDDING OF MRS. FOX - PART II,had,2
THE WEDDING OF MRS. FOX - PART II,hare,1
THE WEDDING OF MRS. FOX - PART II,has,5
THE WEDDING OF MRS. FOX - PART II,have,1
THE WEDDING OF MRS. FOX - PART II,he,6
THE WEDDING OF MRS. FOX - PART II,her,7
THE WEDDING OF MRS. FOX - PART II,here,1
THE WEDDING OF MRS. FOX - PART II,him,2
THE WEDDING OF MRS. FOX - PART II,his,1
THE WEDDING OF MRS. FOX - PART II,home,1
THE WEDDING OF MRS. FOX - PART II,how,1
THE WEDDING OF MRS. FOX - PART II,husband,2
THE WEDDING OF MRS. FOX - PART II,i,1
THE WEDDING OF MRS. FOX - PART II,if,3
THE WEDDING OF MRS. FOX - PART II,in,4
THE WEDDING OF MRS. FOX - PART II,is,2
THE WEDDING OF MRS. FOX - PART II,it,4
THE WEDDING OF MRS. FOX - PART II,kehrewit,1
THE WEDDING OF MRS. FOX - PART II,knocked,1
THE WEDDING OF MRS. FOX - PART II,knocks,1
THE WEDDING OF MRS. FOX - PART II,lacking,1
THE WEDDING OF MRS. FOX - PART II,left,1
THE WEDDING OF MRS. FOX - PART II,length,1
THE WEDDING OF MRS. FOX - PART II,let,1
THE WEDDING OF MRS. FOX - PART II,lets,1
THE WEDDING OF MRS. FOX - PART II,lion,1
THE WEDDING OF MRS. FOX - PART II,little,1
THE WEDDING OF MRS. FOX - PART II,m,1
THE WEDDING OF MRS. FOX - PART II,making,1
THE WEDDING OF MRS. FOX - PART II,man,1
THE WEDDING OF MRS. FOX - PART II,many,1
THE WEDDING OF MRS. FOX - PART II,me,2
THE WEDDING OF MRS. FOX - PART II,milk,1
THE WEDDING OF MRS. FOX - PART II,mistress,1
THE WEDDING OF MRS. FOX - PART II,more,1
THE WEDDING OF MRS. FOX - PART II,mouse,1
THE WEDDING OF MRS. FOX - PART II,mouth,2
THE WEDDING OF MRS. FOX - PART II,mr,4
THE WEDDING OF MRS. FOX - PART II,mrs,7
THE WEDDING OF MRS. FOX - PART II,much,1
THE WEDDING OF MRS. FOX - PART II,my,2
THE WEDDING OF MRS. FOX - PART II,never,1
THE WEDDING OF MRS. FOX - PART II,no,3
THE WEDDING OF MRS. FOX - PART II,not,2
THE WEDDING OF MRS. FOX - PART II,now,2
THE WEDDING OF MRS. FOX - PART II,of,6
THE WEDDING OF MRS. FOX - PART II,off,1
THE WEDDING OF MRS. FOX - PART II,old,4
THE WEDDING OF MRS. FOX - PART II,on,2
THE WEDDING OF MRS. FOX - PART II,one,3
THE WEDDING OF MRS. FOX - PART II,opened,1
THE WEDDING OF MRS. FOX - PART II,ordered,1
THE WEDDING OF MRS. FOX - PART II,other,1
THE WEDDING OF MRS. FOX - PART II,out,1
THE WEDDING OF MRS. FOX - PART II,parlour,1
THE WEDDING OF MRS. FOX - PART II,please,2
THE WEDDING OF MRS. FOX - PART II,pointed,2
THE WEDDING OF MRS. FOX - PART II,possessed,1
THE WEDDING OF MRS. FOX - PART II,prepare,1
THE WEDDING OF MRS. FOX - PART II,qualities,1
THE WEDDING OF MRS. FOX - PART II,quickly,1
THE WEDDING OF MRS. FOX - PART II,re,1
THE WEDDING OF MRS. FOX - PART II,red,2
THE WEDDING OF MRS. FOX - PART II,rejoicing,1
THE WEDDING OF MRS. FOX - PART II,replied,1
THE WEDDING OF MRS. FOX - PART II,rings,1
THE WEDDING OF MRS. FOX - PART II,room,2
THE WEDDING OF MRS. FOX - PART II,runs,1
THE WEDDING OF MRS. FOX - PART II,s,1
THE WEDDING OF MRS. FOX - PART II,said,5
THE WEDDING OF MRS. FOX - PART II,send,1
THE WEDDING OF MRS. FOX - PART II,servant,2
THE WEDDING OF MRS. FOX - PART II,she,4
THE WEDDING OF MRS. FOX - PART II,sit,1
THE WEDDING OF MRS. FOX - PART II,sits,1
THE WEDDING OF MRS. FOX - PART II,so,2
THE WEDDING OF MRS. FOX - PART II,solemnized,1
THE WEDDING OF MRS. FOX - PART II,sore,1
THE WEDDING OF MRS. FOX - PART II,sorrowful,1
THE WEDDING OF MRS. FOX - PART II,stag,1
THE WEDDING OF MRS. FOX - PART II,stair,1
THE WEDDING OF MRS. FOX - PART II,step,2
THE WEDDING OF MRS. FOX - PART II,still,1
THE WEDDING OF MRS. FOX - PART II,stockings,2
THE WEDDING OF MRS. FOX - PART II,suitor,1
THE WEDDING OF MRS. FOX - PART II,suitors,1
THE WEDDING OF MRS. FOX - PART II,sweep,1
THE WEDDING OF MRS. FOX - PART II,sweet,1
THE WEDDING OF MRS. FOX - PART II,t,1
THE WEDDING OF MRS. FOX - PART II,tail,1
THE WEDDING OF MRS. FOX - PART II,thank,1
THE WEDDING OF MRS. FOX - PART II,that,1
THE WEDDING OF MRS. FOX - PART II,the,28
THE WEDDING OF MRS. FOX - PART II,then,6
THE WEDDING OF MRS. FOX - PART II,there,2
THE WEDDING OF MRS. FOX - PART II,they,2
THE WEDDING OF MRS. FOX - PART II,thought,1
THE WEDDING OF MRS. FOX - PART II,to,6
THE WEDDING OF MRS. FOX - PART II,trouble,1
THE WEDDING OF MRS. FOX - PART II,until,1
THE WEDDING OF MRS. FOX - PART II,up,3
THE WEDDING OF MRS. FOX - PART II,upstairs,2
THE WEDDING OF MRS. FOX - PART II,want,2
THE WEDDING OF MRS. FOX - PART II,was,6
THE WEDDING OF MRS. FOX - PART II,wedding,2
THE WEDDING OF MRS. FOX - PART II,what,1
THE WEDDING OF MRS. FOX - PART II,when,2
THE WEDDING OF MRS. FOX - PART II,which,1
THE WEDDING OF MRS. FOX - PART II,who,1
THE WEDDING OF MRS. FOX - PART II,wife,1
THE WEDDING OF MRS. FOX - PART II,will,3
THE WEDDING OF MRS. FOX - PART II,window,1
THE WEDDING OF MRS. FOX - PART II,with,3
THE WEDDING OF MRS. FOX - PART II,within,1
THE WEDDING OF MRS. FOX - PART II,wolf,5
THE WEDDING OF MRS. FOX - PART II,won,1
THE WEDDING OF MRS. FOX - PART II,yes,1
THE WEDDING OF MRS. FOX - PART II,yet,1
THE WEDDING OF MRS. FOX - PART II,you,8
THE WEDDING OF MRS. FOX - PART II,young,2
THE WHITE SNAKE,a,39
THE WHITE SNAKE,about,2
THE WHITE SNAKE,added,1
THE WHITE SNAKE,after,3
THE WHITE SNAKE,again,3
THE WHITE SNAKE,age,1
THE WHITE SNAKE,ago,1
THE WHITE SNAKE,air,1
THE WHITE SNAKE,alighted,1
THE WHITE SNAKE,all,8
THE WHITE SNAKE,allowed,2
THE WHITE SNAKE,alone,2
THE WHITE SNAKE,aloud,1
THE WHITE SNAKE,already,1
THE WHITE SNAKE,although,1
THE WHITE SNAKE,amazed,1
THE WHITE SNAKE,amends,1
THE WHITE SNAKE,amid,1
THE WHITE SNAKE,an,2
THE WHITE SNAKE,and,81
THE WHITE SNAKE,angry,1
THE WHITE SNAKE,animals,1
THE WHITE SNAKE,another,5
THE WHITE SNAKE,answer,1
THE WHITE SNAKE,antking,3
THE WHITE SNAKE,ants,1
THE WHITE SNAKE,any,1
THE WHITE SNAKE,anyone,1
THE WHITE SNAKE,apple,6
THE WHITE SNAKE,are,4
THE WHITE SNAKE,as,10
THE WHITE SNAKE,ask,1
THE WHITE SNAKE,asked,1
THE WHITE SNAKE,at,4
THE WHITE SNAKE,ate,1
THE WHITE SNAKE,attempt,1
THE WHITE SNAKE,awaiting,1
THE WHITE SNAKE,away,2
THE WHITE SNAKE,back,1
THE WHITE SNAKE,be,9
THE WHITE SNAKE,beasts,1
THE WHITE SNAKE,beautiful,2
THE WHITE SNAKE,beauty,1
THE WHITE SNAKE,became,1
THE WHITE SNAKE,been,3
THE WHITE SNAKE,before,5
THE WHITE SNAKE,being,1
THE WHITE SNAKE,best,1
THE WHITE SNAKE,better,1
THE WHITE SNAKE,big,2
THE WHITE SNAKE,bills,1
THE WHITE SNAKE,birth,1
THE WHITE SNAKE,bit,1
THE WHITE SNAKE,bodies,1
THE WHITE SNAKE,both,1
THE WHITE SNAKE,bottom,1
THE WHITE SNAKE,branches,1
THE WHITE SNAKE,break,1
THE WHITE SNAKE,bring,1
THE WHITE SNAKE,brook,1
THE WHITE SNAKE,brought,4
THE WHITE SNAKE,but,12
THE WHITE SNAKE,by,8
THE WHITE SNAKE,came,5
THE WHITE SNAKE,can,5
THE WHITE SNAKE,carefully,1
THE WHITE SNAKE,carried,1
THE WHITE SNAKE,carry,1
THE WHITE SNAKE,carrying,1
THE WHITE SNAKE,caught,1
THE WHITE SNAKE,chattering,1
THE WHITE SNAKE,chicks,1
THE WHITE SNAKE,city,1
THE WHITE SNAKE,cleared,1
THE WHITE SNAKE,clumsy,1
THE WHITE SNAKE,come,3
THE WHITE SNAKE,complain,1
THE WHITE SNAKE,confidential,1
THE WHITE SNAKE,conquer,1
THE WHITE SNAKE,considered,2
THE WHITE SNAKE,conversation,1
THE WHITE SNAKE,cook,2
THE WHITE SNAKE,could,7
THE WHITE SNAKE,court,1
THE WHITE SNAKE,courtyard,1
THE WHITE SNAKE,cover,2
THE WHITE SNAKE,covered,1
THE WHITE SNAKE,creatures,2
THE WHITE SNAKE,cried,4
THE WHITE SNAKE,crowd,1
THE WHITE SNAKE,crying,2
THE WHITE SNAKE,curiosity,1
THE WHITE SNAKE,custom,1
THE WHITE SNAKE,cut,3
THE WHITE SNAKE,danger,1
THE WHITE SNAKE,daughter,4
THE WHITE SNAKE,day,5
THE WHITE SNAKE,death,1
THE WHITE SNAKE,declared,2
THE WHITE SNAKE,delight,1
THE WHITE SNAKE,deny,1
THE WHITE SNAKE,deserves,2
THE WHITE SNAKE,did,3
THE WHITE SNAKE,dinner,1
THE WHITE SNAKE,dish,4
THE WHITE SNAKE,dismissed,1
THE WHITE SNAKE,do,2
THE WHITE SNAKE,does,1
THE WHITE SNAKE,done,1
THE WHITE SNAKE,door,1
THE WHITE SNAKE,down,7
THE WHITE SNAKE,dressed,1
THE WHITE SNAKE,duck,1
THE WHITE SNAKE,ducks,1
THE WHITE SNAKE,dumb,1
THE WHITE SNAKE,easily,1
THE WHITE SNAKE,eat,1
THE WHITE SNAKE,eating,2
THE WHITE SNAKE,else,1
THE WHITE SNAKE,end,1
THE WHITE SNAKE,enough,2
THE WHITE SNAKE,equal,1
THE WHITE SNAKE,even,1
THE WHITE SNAKE,evening,1
THE WHITE SNAKE,ever,1
THE WHITE SNAKE,every,1
THE WHITE SNAKE,everything,1
THE WHITE SNAKE,everywhere,1
THE WHITE SNAKE,excuses,1
THE WHITE SNAKE,executed,1
THE WHITE SNAKE,expected,1
THE WHITE SNAKE,eyes,1
THE WHITE SNAKE,famed,1
THE WHITE SNAKE,fatten,1
THE WHITE SNAKE,favour,1
THE WHITE SNAKE,fear,1
THE WHITE SNAKE,feathers,1
THE WHITE SNAKE,feet,2
THE WHITE SNAKE,fell,2
THE WHITE SNAKE,fellow,1
THE WHITE SNAKE,fetch,1
THE WHITE SNAKE,fields,1
THE WHITE SNAKE,find,1
THE WHITE SNAKE,finding,1
THE WHITE SNAKE,fine,1
THE WHITE SNAKE,first,2
THE WHITE SNAKE,fishes,4
THE WHITE SNAKE,flapping,1
THE WHITE SNAKE,flew,2
THE WHITE SNAKE,fly,1
THE WHITE SNAKE,folks,1
THE WHITE SNAKE,food,3
THE WHITE SNAKE,for,17
THE WHITE SNAKE,forfeit,1
THE WHITE SNAKE,forgot,1
THE WHITE SNAKE,found,2
THE WHITE SNAKE,from,4
THE WHITE SNAKE,full,4
THE WHITE SNAKE,garden,4
THE WHITE SNAKE,gasping,1
THE WHITE SNAKE,gathered,1
THE WHITE SNAKE,gave,1
THE WHITE SNAKE,given,2
THE WHITE SNAKE,go,2
THE WHITE SNAKE,gold,2
THE WHITE SNAKE,golden,3
THE WHITE SNAKE,gone,2
THE WHITE SNAKE,good,4
THE WHITE SNAKE,goodfornothing,1
THE WHITE SNAKE,got,1
THE WHITE SNAKE,grain,2
THE WHITE SNAKE,grant,1
THE WHITE SNAKE,granted,1
THE WHITE SNAKE,grass,1
THE WHITE SNAKE,grateful,1
THE WHITE SNAKE,great,4
THE WHITE SNAKE,grieved,1
THE WHITE SNAKE,ground,1
THE WHITE SNAKE,grown,1
THE WHITE SNAKE,guilty,1
THE WHITE SNAKE,had,25
THE WHITE SNAKE,hand,3
THE WHITE SNAKE,hands,1
THE WHITE SNAKE,handsome,1
THE WHITE SNAKE,happened,1
THE WHITE SNAKE,happiness,1
THE WHITE SNAKE,hard,1
THE WHITE SNAKE,has,4
THE WHITE SNAKE,haste,1
THE WHITE SNAKE,have,2
THE WHITE SNAKE,having,2
THE WHITE SNAKE,he,56
THE WHITE SNAKE,head,1
THE WHITE SNAKE,heads,1
THE WHITE SNAKE,heard,6
THE WHITE SNAKE,heart,3
THE WHITE SNAKE,heavy,2
THE WHITE SNAKE,held,1
THE WHITE SNAKE,help,2
THE WHITE SNAKE,helpless,1
THE WHITE SNAKE,her,13
THE WHITE SNAKE,here,2
THE WHITE SNAKE,herself,2
THE WHITE SNAKE,hidden,1
THE WHITE SNAKE,him,21
THE WHITE SNAKE,himself,4
THE WHITE SNAKE,his,23
THE WHITE SNAKE,homewards,1
THE WHITE SNAKE,hoofs,1
THE WHITE SNAKE,hope,1
THE WHITE SNAKE,hopping,1
THE WHITE SNAKE,horse,4
THE WHITE SNAKE,horseback,1
THE WHITE SNAKE,how,2
THE WHITE SNAKE,however,1
THE WHITE SNAKE,hunger,1
THE WHITE SNAKE,husband,2
THE WHITE SNAKE,i,2
THE WHITE SNAKE,idle,1
THE WHITE SNAKE,if,3
THE WHITE SNAKE,in,22
THE WHITE SNAKE,industry,1
THE WHITE SNAKE,innocence,2
THE WHITE SNAKE,inside,1
THE WHITE SNAKE,into,11
THE WHITE SNAKE,is,2
THE WHITE SNAKE,it,24
THE WHITE SNAKE,its,1
THE WHITE SNAKE,joy,2
THE WHITE SNAKE,keep,1
THE WHITE SNAKE,kill,1
THE WHITE SNAKE,killed,1
THE WHITE SNAKE,kind,1
THE WHITE SNAKE,kinds,1
THE WHITE SNAKE,king,11
THE WHITE SNAKE,kingdoms,1
THE WHITE SNAKE,kitchen,1
THE WHITE SNAKE,knee,1
THE WHITE SNAKE,know,3
THE WHITE SNAKE,laid,1
THE WHITE SNAKE,lamenting,1
THE WHITE SNAKE,land,1
THE WHITE SNAKE,language,1
THE WHITE SNAKE,large,1
THE WHITE SNAKE,lay,4
THE WHITE SNAKE,leapt,1
THE WHITE SNAKE,leaving,1
THE WHITE SNAKE,led,3
THE WHITE SNAKE,left,1
THE WHITE SNAKE,legs,2
THE WHITE SNAKE,lie,1
THE WHITE SNAKE,lies,1
THE WHITE SNAKE,life,5
THE WHITE SNAKE,lifted,1
THE WHITE SNAKE,listened,3
THE WHITE SNAKE,little,3
THE WHITE SNAKE,lived,2
THE WHITE SNAKE,lives,1
THE WHITE SNAKE,locked,1
THE WHITE SNAKE,long,5
THE WHITE SNAKE,longer,1
THE WHITE SNAKE,looked,1
THE WHITE SNAKE,lost,1
THE WHITE SNAKE,love,1
THE WHITE SNAKE,lying,1
THE WHITE SNAKE,made,1
THE WHITE SNAKE,make,2
THE WHITE SNAKE,making,1
THE WHITE SNAKE,man,3
THE WHITE SNAKE,many,1
THE WHITE SNAKE,me,1
THE WHITE SNAKE,mercy,1
THE WHITE SNAKE,middle,1
THE WHITE SNAKE,might,1
THE WHITE SNAKE,milletseed,2
THE WHITE SNAKE,mind,1
THE WHITE SNAKE,miserably,1
THE WHITE SNAKE,missing,1
THE WHITE SNAKE,money,1
THE WHITE SNAKE,more,2
THE WHITE SNAKE,morning,2
THE WHITE SNAKE,morrow,1
THE WHITE SNAKE,most,2
THE WHITE SNAKE,mouth,2
THE WHITE SNAKE,mussel,1
THE WHITE SNAKE,must,4
THE WHITE SNAKE,my,3
THE WHITE SNAKE,neck,1
THE WHITE SNAKE,neither,1
THE WHITE SNAKE,nest,1
THE WHITE SNAKE,never,1
THE WHITE SNAKE,nevertheless,1
THE WHITE SNAKE,news,1
THE WHITE SNAKE,night,1
THE WHITE SNAKE,no,6
THE WHITE SNAKE,noise,1
THE WHITE SNAKE,not,13
THE WHITE SNAKE,nothing,2
THE WHITE SNAKE,noticed,1
THE WHITE SNAKE,now,6
THE WHITE SNAKE,of,27
THE WHITE SNAKE,off,4
THE WHITE SNAKE,oh,1
THE WHITE SNAKE,old,1
THE WHITE SNAKE,on,12
THE WHITE SNAKE,once,1
THE WHITE SNAKE,one,11
THE WHITE SNAKE,ones,1
THE WHITE SNAKE,only,1
THE WHITE SNAKE,opened,1
THE WHITE SNAKE,ordered,2
THE WHITE SNAKE,our,1
THE WHITE SNAKE,ourselves,1
THE WHITE SNAKE,out,10
THE WHITE SNAKE,outside,1
THE WHITE SNAKE,over,1
THE WHITE SNAKE,overcome,2
THE WHITE SNAKE,own,2
THE WHITE SNAKE,path,2
THE WHITE SNAKE,people,2
THE WHITE SNAKE,perceived,1
THE WHITE SNAKE,perched,1
THE WHITE SNAKE,perform,3
THE WHITE SNAKE,performed,1
THE WHITE SNAKE,perish,2
THE WHITE SNAKE,picked,2
THE WHITE SNAKE,pitiful,1
THE WHITE SNAKE,place,1
THE WHITE SNAKE,places,1
THE WHITE SNAKE,pleasure,1
THE WHITE SNAKE,point,1
THE WHITE SNAKE,pond,1
THE WHITE SNAKE,poor,1
THE WHITE SNAKE,possible,1
THE WHITE SNAKE,power,1
THE WHITE SNAKE,pray,1
THE WHITE SNAKE,present,1
THE WHITE SNAKE,presently,1
THE WHITE SNAKE,princess,1
THE WHITE SNAKE,prisoners,1
THE WHITE SNAKE,promised,2
THE WHITE SNAKE,proud,2
THE WHITE SNAKE,prove,1
THE WHITE SNAKE,provide,1
THE WHITE SNAKE,put,3
THE WHITE SNAKE,queen,3
THE WHITE SNAKE,quietly,1
THE WHITE SNAKE,quite,2
THE WHITE SNAKE,ravens,4
THE WHITE SNAKE,rays,1
THE WHITE SNAKE,reeds,1
THE WHITE SNAKE,refused,1
THE WHITE SNAKE,remember,3
THE WHITE SNAKE,repay,1
THE WHITE SNAKE,request,1
THE WHITE SNAKE,required,1
THE WHITE SNAKE,rest,1
THE WHITE SNAKE,reward,1
THE WHITE SNAKE,ring,6
THE WHITE SNAKE,roasted,1
THE WHITE SNAKE,rode,2
THE WHITE SNAKE,room,1
THE WHITE SNAKE,rustling,1
THE WHITE SNAKE,s,7
THE WHITE SNAKE,sacks,2
THE WHITE SNAKE,sacksful,1
THE WHITE SNAKE,said,7
THE WHITE SNAKE,same,1
THE WHITE SNAKE,sand,1
THE WHITE SNAKE,sat,2
THE WHITE SNAKE,satisfied,1
THE WHITE SNAKE,saved,2
THE WHITE SNAKE,saving,1
THE WHITE SNAKE,saw,7
THE WHITE SNAKE,scorned,1
THE WHITE SNAKE,sea,4
THE WHITE SNAKE,secret,1
THE WHITE SNAKE,see,2
THE WHITE SNAKE,seeking,1
THE WHITE SNAKE,seeks,1
THE WHITE SNAKE,seemed,2
THE WHITE SNAKE,seen,1
THE WHITE SNAKE,seized,1
THE WHITE SNAKE,servant,8
THE WHITE SNAKE,set,3
THE WHITE SNAKE,shall,1
THE WHITE SNAKE,she,7
THE WHITE SNAKE,shell,1
THE WHITE SNAKE,shift,1
THE WHITE SNAKE,shone,1
THE WHITE SNAKE,shore,2
THE WHITE SNAKE,should,3
THE WHITE SNAKE,side,3
THE WHITE SNAKE,single,2
THE WHITE SNAKE,sitting,1
THE WHITE SNAKE,sleep,1
THE WHITE SNAKE,smooth,1
THE WHITE SNAKE,snake,2
THE WHITE SNAKE,so,8
THE WHITE SNAKE,some,2
THE WHITE SNAKE,something,1
THE WHITE SNAKE,soon,1
THE WHITE SNAKE,sooner,1
THE WHITE SNAKE,sorrowfully,1
THE WHITE SNAKE,spared,1
THE WHITE SNAKE,sparrows,1
THE WHITE SNAKE,spit,1
THE WHITE SNAKE,standing,2
THE WHITE SNAKE,stands,1
THE WHITE SNAKE,starve,1
THE WHITE SNAKE,starving,1
THE WHITE SNAKE,stolen,1
THE WHITE SNAKE,stomach,1
THE WHITE SNAKE,stood,3
THE WHITE SNAKE,strange,2
THE WHITE SNAKE,streets,1
THE WHITE SNAKE,strewed,1
THE WHITE SNAKE,stupid,1
THE WHITE SNAKE,succeed,1
THE WHITE SNAKE,such,1
THE WHITE SNAKE,suddenly,1
THE WHITE SNAKE,suitor,1
THE WHITE SNAKE,sun,1
THE WHITE SNAKE,sunrise,1
THE WHITE SNAKE,suspicion,1
THE WHITE SNAKE,swallowed,1
THE WHITE SNAKE,swimming,1
THE WHITE SNAKE,sword,1
THE WHITE SNAKE,table,1
THE WHITE SNAKE,taken,1
THE WHITE SNAKE,taking,1
THE WHITE SNAKE,task,4
THE WHITE SNAKE,tasks,1
THE WHITE SNAKE,tasting,1
THE WHITE SNAKE,telling,2
THE WHITE SNAKE,ten,2
THE WHITE SNAKE,than,1
THE WHITE SNAKE,that,14
THE WHITE SNAKE,the,111
THE WHITE SNAKE,their,9
THE WHITE SNAKE,them,3
THE WHITE SNAKE,themselves,1
THE WHITE SNAKE,then,6
THE WHITE SNAKE,there,5
THE WHITE SNAKE,these,1
THE WHITE SNAKE,they,14
THE WHITE SNAKE,thief,1
THE WHITE SNAKE,things,2
THE WHITE SNAKE,think,1
THE WHITE SNAKE,this,5
THE WHITE SNAKE,though,2
THE WHITE SNAKE,thought,1
THE WHITE SNAKE,thousands,2
THE WHITE SNAKE,threatened,1
THE WHITE SNAKE,three,6
THE WHITE SNAKE,through,3
THE WHITE SNAKE,throwing,1
THE WHITE SNAKE,thrown,2
THE WHITE SNAKE,time,3
THE WHITE SNAKE,to,36
THE WHITE SNAKE,together,4
THE WHITE SNAKE,tomorrow,1
THE WHITE SNAKE,tone,1
THE WHITE SNAKE,tongue,1
THE WHITE SNAKE,took,5
THE WHITE SNAKE,touched,1
THE WHITE SNAKE,towards,1
THE WHITE SNAKE,travelling,1
THE WHITE SNAKE,treading,1
THE WHITE SNAKE,tree,4
THE WHITE SNAKE,trouble,3
THE WHITE SNAKE,trusty,2
THE WHITE SNAKE,turn,2
THE WHITE SNAKE,turned,1
THE WHITE SNAKE,two,2
THE WHITE SNAKE,under,2
THE WHITE SNAKE,understanding,1
THE WHITE SNAKE,undisturbed,1
THE WHITE SNAKE,unless,1
THE WHITE SNAKE,until,3
THE WHITE SNAKE,up,8
THE WHITE SNAKE,upon,4
THE WHITE SNAKE,us,1
THE WHITE SNAKE,use,1
THE WHITE SNAKE,vain,2
THE WHITE SNAKE,very,2
THE WHITE SNAKE,voice,1
THE WHITE SNAKE,voices,1
THE WHITE SNAKE,waddling,1
THE WHITE SNAKE,waiting,1
THE WHITE SNAKE,walked,1
THE WHITE SNAKE,wandered,1
THE WHITE SNAKE,wanting,1
THE WHITE SNAKE,wants,1
THE WHITE SNAKE,was,23
THE WHITE SNAKE,water,2
THE WHITE SNAKE,waves,1
THE WHITE SNAKE,way,2
THE WHITE SNAKE,we,11
THE WHITE SNAKE,weighed,1
THE WHITE SNAKE,went,5
THE WHITE SNAKE,were,7
THE WHITE SNAKE,what,5
THE WHITE SNAKE,when,12
THE WHITE SNAKE,where,4
THE WHITE SNAKE,which,3
THE WHITE SNAKE,while,1
THE WHITE SNAKE,whilst,1
THE WHITE SNAKE,whispering,1
THE WHITE SNAKE,white,1
THE WHITE SNAKE,who,5
THE WHITE SNAKE,whoever,1
THE WHITE SNAKE,whom,1
THE WHITE SNAKE,whose,1
THE WHITE SNAKE,why,1
THE WHITE SNAKE,will,5
THE WHITE SNAKE,window,2
THE WHITE SNAKE,wings,1
THE WHITE SNAKE,wisdom,1
THE WHITE SNAKE,wish,1
THE WHITE SNAKE,with,11
THE WHITE SNAKE,without,2
THE WHITE SNAKE,wood,2
THE WHITE SNAKE,woods,1
THE WHITE SNAKE,words,1
THE WHITE SNAKE,world,2
THE WHITE SNAKE,would,3
THE WHITE SNAKE,wrong,1
THE WHITE SNAKE,yes,1
THE WHITE SNAKE,yet,2
THE WHITE SNAKE,you,14
THE WHITE SNAKE,young,5
THE WHITE SNAKE,yourselves,1
THE WHITE SNAKE,youth,6
THE WILLOW-WREN AND THE BEAR,a,10
THE WILLOW-WREN AND THE BEAR,advanced,1
THE WILLOW-WREN AND THE BEAR,afraid,1
THE WILLOW-WREN AND THE BEAR,afterwards,1
THE WILLOW-WREN AND THE BEAR,again,4
THE WILLOW-WREN AND THE BEAR,against,1
THE WILLOW-WREN AND THE BEAR,agree,1
THE WILLOW-WREN AND THE BEAR,air,3
THE WILLOW-WREN AND THE BEAR,all,6
THE WILLOW-WREN AND THE BEAR,almost,1
THE WILLOW-WREN AND THE BEAR,also,1
THE WILLOW-WREN AND THE BEAR,and,55
THE WILLOW-WREN AND THE BEAR,angry,1
THE WILLOW-WREN AND THE BEAR,animal,1
THE WILLOW-WREN AND THE BEAR,animals,4
THE WILLOW-WREN AND THE BEAR,announced,2
THE WILLOW-WREN AND THE BEAR,are,8
THE WILLOW-WREN AND THE BEAR,army,1
THE WILLOW-WREN AND THE BEAR,arrived,1
THE WILLOW-WREN AND THE BEAR,as,4
THE WILLOW-WREN AND THE BEAR,assembled,1
THE WILLOW-WREN AND THE BEAR,asses,1
THE WILLOW-WREN AND THE BEAR,at,5
THE WILLOW-WREN AND THE BEAR,ate,1
THE WILLOW-WREN AND THE BEAR,away,4
THE WILLOW-WREN AND THE BEAR,back,2
THE WILLOW-WREN AND THE BEAR,battle,3
THE WILLOW-WREN AND THE BEAR,be,5
THE WILLOW-WREN AND THE BEAR,beak,1
THE WILLOW-WREN AND THE BEAR,bear,15
THE WILLOW-WREN AND THE BEAR,beautifully,1
THE WILLOW-WREN AND THE BEAR,been,1
THE WILLOW-WREN AND THE BEAR,bees,1
THE WILLOW-WREN AND THE BEAR,before,3
THE WILLOW-WREN AND THE BEAR,beg,2
THE WILLOW-WREN AND THE BEAR,began,2
THE WILLOW-WREN AND THE BEAR,begged,1
THE WILLOW-WREN AND THE BEAR,begin,2
THE WILLOW-WREN AND THE BEAR,beneath,2
THE WILLOW-WREN AND THE BEAR,between,1
THE WILLOW-WREN AND THE BEAR,bird,3
THE WILLOW-WREN AND THE BEAR,birds,3
THE WILLOW-WREN AND THE BEAR,bloody,1
THE WILLOW-WREN AND THE BEAR,body,1
THE WILLOW-WREN AND THE BEAR,bore,1
THE WILLOW-WREN AND THE BEAR,both,1
THE WILLOW-WREN AND THE BEAR,bow,1
THE WILLOW-WREN AND THE BEAR,broke,1
THE WILLOW-WREN AND THE BEAR,broken,1
THE WILLOW-WREN AND THE BEAR,brother,1
THE WILLOW-WREN AND THE BEAR,brought,1
THE WILLOW-WREN AND THE BEAR,bushy,1
THE WILLOW-WREN AND THE BEAR,but,7
THE WILLOW-WREN AND THE BEAR,by,2
THE WILLOW-WREN AND THE BEAR,called,2
THE WILLOW-WREN AND THE BEAR,came,4
THE WILLOW-WREN AND THE BEAR,can,1
THE WILLOW-WREN AND THE BEAR,case,1
THE WILLOW-WREN AND THE BEAR,cave,1
THE WILLOW-WREN AND THE BEAR,charge,1
THE WILLOW-WREN AND THE BEAR,children,8
THE WILLOW-WREN AND THE BEAR,come,4
THE WILLOW-WREN AND THE BEAR,comes,1
THE WILLOW-WREN AND THE BEAR,commanderinchief,1
THE WILLOW-WREN AND THE BEAR,contained,1
THE WILLOW-WREN AND THE BEAR,content,1
THE WILLOW-WREN AND THE BEAR,continued,1
THE WILLOW-WREN AND THE BEAR,could,2
THE WILLOW-WREN AND THE BEAR,cows,1
THE WILLOW-WREN AND THE BEAR,crafty,1
THE WILLOW-WREN AND THE BEAR,crept,1
THE WILLOW-WREN AND THE BEAR,cried,3
THE WILLOW-WREN AND THE BEAR,cry,1
THE WILLOW-WREN AND THE BEAR,cunning,1
THE WILLOW-WREN AND THE BEAR,day,1
THE WILLOW-WREN AND THE BEAR,deer,1
THE WILLOW-WREN AND THE BEAR,detail,1
THE WILLOW-WREN AND THE BEAR,discover,1
THE WILLOW-WREN AND THE BEAR,disreputable,1
THE WILLOW-WREN AND THE BEAR,do,1
THE WILLOW-WREN AND THE BEAR,done,1
THE WILLOW-WREN AND THE BEAR,down,6
THE WILLOW-WREN AND THE BEAR,drank,1
THE WILLOW-WREN AND THE BEAR,drink,1
THE WILLOW-WREN AND THE BEAR,dying,1
THE WILLOW-WREN AND THE BEAR,each,2
THE WILLOW-WREN AND THE BEAR,earth,2
THE WILLOW-WREN AND THE BEAR,easy,1
THE WILLOW-WREN AND THE BEAR,eat,2
THE WILLOW-WREN AND THE BEAR,else,1
THE WILLOW-WREN AND THE BEAR,enemy,2
THE WILLOW-WREN AND THE BEAR,every,3
THE WILLOW-WREN AND THE BEAR,everything,2
THE WILLOW-WREN AND THE BEAR,fast,1
THE WILLOW-WREN AND THE BEAR,fear,1
THE WILLOW-WREN AND THE BEAR,feathers,1
THE WILLOW-WREN AND THE BEAR,feed,1
THE WILLOW-WREN AND THE BEAR,felt,1
THE WILLOW-WREN AND THE BEAR,fine,1
THE WILLOW-WREN AND THE BEAR,first,1
THE WILLOW-WREN AND THE BEAR,five,1
THE WILLOW-WREN AND THE BEAR,flee,1
THE WILLOW-WREN AND THE BEAR,flew,6
THE WILLOW-WREN AND THE BEAR,flies,1
THE WILLOW-WREN AND THE BEAR,flown,1
THE WILLOW-WREN AND THE BEAR,fly,1
THE WILLOW-WREN AND THE BEAR,flying,1
THE WILLOW-WREN AND THE BEAR,food,2
THE WILLOW-WREN AND THE BEAR,for,5
THE WILLOW-WREN AND THE BEAR,forced,1
THE WILLOW-WREN AND THE BEAR,forest,2
THE WILLOW-WREN AND THE BEAR,fourfooted,2
THE WILLOW-WREN AND THE BEAR,fox,6
THE WILLOW-WREN AND THE BEAR,frightfully,1
THE WILLOW-WREN AND THE BEAR,from,1
THE WILLOW-WREN AND THE BEAR,general,1
THE WILLOW-WREN AND THE BEAR,gnat,2
THE WILLOW-WREN AND THE BEAR,go,1
THE WILLOW-WREN AND THE BEAR,going,1
THE WILLOW-WREN AND THE BEAR,gone,1
THE WILLOW-WREN AND THE BEAR,good,1
THE WILLOW-WREN AND THE BEAR,greatest,1
THE WILLOW-WREN AND THE BEAR,grew,1
THE WILLOW-WREN AND THE BEAR,growler,2
THE WILLOW-WREN AND THE BEAR,had,6
THE WILLOW-WREN AND THE BEAR,hang,1
THE WILLOW-WREN AND THE BEAR,has,2
THE WILLOW-WREN AND THE BEAR,have,7
THE WILLOW-WREN AND THE BEAR,he,11
THE WILLOW-WREN AND THE BEAR,heard,3
THE WILLOW-WREN AND THE BEAR,heart,1
THE WILLOW-WREN AND THE BEAR,held,1
THE WILLOW-WREN AND THE BEAR,her,1
THE WILLOW-WREN AND THE BEAR,here,1
THE WILLOW-WREN AND THE BEAR,herself,1
THE WILLOW-WREN AND THE BEAR,hid,1
THE WILLOW-WREN AND THE BEAR,high,2
THE WILLOW-WREN AND THE BEAR,him,2
THE WILLOW-WREN AND THE BEAR,his,7
THE WILLOW-WREN AND THE BEAR,hold,1
THE WILLOW-WREN AND THE BEAR,hole,3
THE WILLOW-WREN AND THE BEAR,holes,1
THE WILLOW-WREN AND THE BEAR,home,1
THE WILLOW-WREN AND THE BEAR,honest,1
THE WILLOW-WREN AND THE BEAR,honourable,1
THE WILLOW-WREN AND THE BEAR,hornet,1
THE WILLOW-WREN AND THE BEAR,hornets,1
THE WILLOW-WREN AND THE BEAR,however,2
THE WILLOW-WREN AND THE BEAR,humming,1
THE WILLOW-WREN AND THE BEAR,hunger,1
THE WILLOW-WREN AND THE BEAR,i,4
THE WILLOW-WREN AND THE BEAR,if,3
THE WILLOW-WREN AND THE BEAR,in,10
THE WILLOW-WREN AND THE BEAR,insulted,2
THE WILLOW-WREN AND THE BEAR,into,4
THE WILLOW-WREN AND THE BEAR,is,6
THE WILLOW-WREN AND THE BEAR,it,8
THE WILLOW-WREN AND THE BEAR,just,1
THE WILLOW-WREN AND THE BEAR,kept,1
THE WILLOW-WREN AND THE BEAR,king,6
THE WILLOW-WREN AND THE BEAR,knew,1
THE WILLOW-WREN AND THE BEAR,lady,1
THE WILLOW-WREN AND THE BEAR,large,1
THE WILLOW-WREN AND THE BEAR,last,1
THE WILLOW-WREN AND THE BEAR,late,1
THE WILLOW-WREN AND THE BEAR,lay,1
THE WILLOW-WREN AND THE BEAR,lead,1
THE WILLOW-WREN AND THE BEAR,leaf,1
THE WILLOW-WREN AND THE BEAR,leg,2
THE WILLOW-WREN AND THE BEAR,legs,1
THE WILLOW-WREN AND THE BEAR,let,1
THE WILLOW-WREN AND THE BEAR,lift,1
THE WILLOW-WREN AND THE BEAR,lifted,1
THE WILLOW-WREN AND THE BEAR,like,2
THE WILLOW-WREN AND THE BEAR,liked,1
THE WILLOW-WREN AND THE BEAR,long,1
THE WILLOW-WREN AND THE BEAR,longer,1
THE WILLOW-WREN AND THE BEAR,looks,1
THE WILLOW-WREN AND THE BEAR,lord,2
THE WILLOW-WREN AND THE BEAR,lost,1
THE WILLOW-WREN AND THE BEAR,lying,1
THE WILLOW-WREN AND THE BEAR,made,1
THE WILLOW-WREN AND THE BEAR,me,1
THE WILLOW-WREN AND THE BEAR,merry,1
THE WILLOW-WREN AND THE BEAR,midges,1
THE WILLOW-WREN AND THE BEAR,might,1
THE WILLOW-WREN AND THE BEAR,minutest,1
THE WILLOW-WREN AND THE BEAR,moment,1
THE WILLOW-WREN AND THE BEAR,most,2
THE WILLOW-WREN AND THE BEAR,much,2
THE WILLOW-WREN AND THE BEAR,must,5
THE WILLOW-WREN AND THE BEAR,my,3
THE WILLOW-WREN AND THE BEAR,nest,3
THE WILLOW-WREN AND THE BEAR,night,1
THE WILLOW-WREN AND THE BEAR,no,5
THE WILLOW-WREN AND THE BEAR,noise,1
THE WILLOW-WREN AND THE BEAR,not,9
THE WILLOW-WREN AND THE BEAR,now,1
THE WILLOW-WREN AND THE BEAR,of,7
THE WILLOW-WREN AND THE BEAR,old,2
THE WILLOW-WREN AND THE BEAR,on,1
THE WILLOW-WREN AND THE BEAR,once,3
THE WILLOW-WREN AND THE BEAR,one,4
THE WILLOW-WREN AND THE BEAR,ones,2
THE WILLOW-WREN AND THE BEAR,only,1
THE WILLOW-WREN AND THE BEAR,or,3
THE WILLOW-WREN AND THE BEAR,orders,1
THE WILLOW-WREN AND THE BEAR,other,2
THE WILLOW-WREN AND THE BEAR,our,1
THE WILLOW-WREN AND THE BEAR,out,3
THE WILLOW-WREN AND THE BEAR,oxen,1
THE WILLOW-WREN AND THE BEAR,pain,1
THE WILLOW-WREN AND THE BEAR,palace,4
THE WILLOW-WREN AND THE BEAR,pardon,3
THE WILLOW-WREN AND THE BEAR,parents,2
THE WILLOW-WREN AND THE BEAR,part,1
THE WILLOW-WREN AND THE BEAR,passed,1
THE WILLOW-WREN AND THE BEAR,password,1
THE WILLOW-WREN AND THE BEAR,pay,1
THE WILLOW-WREN AND THE BEAR,peeped,1
THE WILLOW-WREN AND THE BEAR,people,1
THE WILLOW-WREN AND THE BEAR,plume,1
THE WILLOW-WREN AND THE BEAR,punish,1
THE WILLOW-WREN AND THE BEAR,punished,1
THE WILLOW-WREN AND THE BEAR,put,2
THE WILLOW-WREN AND THE BEAR,queen,6
THE WILLOW-WREN AND THE BEAR,quite,3
THE WILLOW-WREN AND THE BEAR,reality,1
THE WILLOW-WREN AND THE BEAR,red,1
THE WILLOW-WREN AND THE BEAR,rejoice,1
THE WILLOW-WREN AND THE BEAR,respectable,1
THE WILLOW-WREN AND THE BEAR,rest,1
THE WILLOW-WREN AND THE BEAR,revealed,1
THE WILLOW-WREN AND THE BEAR,rib,1
THE WILLOW-WREN AND THE BEAR,royal,3
THE WILLOW-WREN AND THE BEAR,run,1
THE WILLOW-WREN AND THE BEAR,running,1
THE WILLOW-WREN AND THE BEAR,s,8
THE WILLOW-WREN AND THE BEAR,said,11
THE WILLOW-WREN AND THE BEAR,sat,1
THE WILLOW-WREN AND THE BEAR,satisfied,1
THE WILLOW-WREN AND THE BEAR,saw,2
THE WILLOW-WREN AND THE BEAR,say,1
THE WILLOW-WREN AND THE BEAR,scream,1
THE WILLOW-WREN AND THE BEAR,screamed,2
THE WILLOW-WREN AND THE BEAR,second,1
THE WILLOW-WREN AND THE BEAR,see,1
THE WILLOW-WREN AND THE BEAR,seem,1
THE WILLOW-WREN AND THE BEAR,seen,1
THE WILLOW-WREN AND THE BEAR,sent,2
THE WILLOW-WREN AND THE BEAR,settle,1
THE WILLOW-WREN AND THE BEAR,settled,1
THE WILLOW-WREN AND THE BEAR,shall,5
THE WILLOW-WREN AND THE BEAR,she,1
THE WILLOW-WREN AND THE BEAR,short,1
THE WILLOW-WREN AND THE BEAR,should,1
THE WILLOW-WREN AND THE BEAR,sides,1
THE WILLOW-WREN AND THE BEAR,signal,1
THE WILLOW-WREN AND THE BEAR,singing,1
THE WILLOW-WREN AND THE BEAR,sings,1
THE WILLOW-WREN AND THE BEAR,six,1
THE WILLOW-WREN AND THE BEAR,sleeve,1
THE WILLOW-WREN AND THE BEAR,small,1
THE WILLOW-WREN AND THE BEAR,so,8
THE WILLOW-WREN AND THE BEAR,some,1
THE WILLOW-WREN AND THE BEAR,soon,1
THE WILLOW-WREN AND THE BEAR,spies,1
THE WILLOW-WREN AND THE BEAR,started,1
THE WILLOW-WREN AND THE BEAR,still,1
THE WILLOW-WREN AND THE BEAR,sting,2
THE WILLOW-WREN AND THE BEAR,stock,1
THE WILLOW-WREN AND THE BEAR,stood,1
THE WILLOW-WREN AND THE BEAR,string,1
THE WILLOW-WREN AND THE BEAR,such,2
THE WILLOW-WREN AND THE BEAR,suffer,1
THE WILLOW-WREN AND THE BEAR,summertime,1
THE WILLOW-WREN AND THE BEAR,summoned,2
THE WILLOW-WREN AND THE BEAR,swarming,1
THE WILLOW-WREN AND THE BEAR,tail,5
THE WILLOW-WREN AND THE BEAR,take,2
THE WILLOW-WREN AND THE BEAR,that,17
THE WILLOW-WREN AND THE BEAR,the,83
THE WILLOW-WREN AND THE BEAR,their,6
THE WILLOW-WREN AND THE BEAR,then,3
THE WILLOW-WREN AND THE BEAR,there,2
THE WILLOW-WREN AND THE BEAR,they,6
THE WILLOW-WREN AND THE BEAR,think,1
THE WILLOW-WREN AND THE BEAR,third,1
THE WILLOW-WREN AND THE BEAR,thither,2
THE WILLOW-WREN AND THE BEAR,thought,1
THE WILLOW-WREN AND THE BEAR,through,1
THE WILLOW-WREN AND THE BEAR,thus,1
THE WILLOW-WREN AND THE BEAR,till,1
THE WILLOW-WREN AND THE BEAR,time,2
THE WILLOW-WREN AND THE BEAR,to,27
THE WILLOW-WREN AND THE BEAR,together,1
THE WILLOW-WREN AND THE BEAR,too,1
THE WILLOW-WREN AND THE BEAR,took,1
THE WILLOW-WREN AND THE BEAR,touch,1
THE WILLOW-WREN AND THE BEAR,tree,1
THE WILLOW-WREN AND THE BEAR,trembled,1
THE WILLOW-WREN AND THE BEAR,trotted,1
THE WILLOW-WREN AND THE BEAR,turned,1
THE WILLOW-WREN AND THE BEAR,uneasy,2
THE WILLOW-WREN AND THE BEAR,until,4
THE WILLOW-WREN AND THE BEAR,up,2
THE WILLOW-WREN AND THE BEAR,upon,1
THE WILLOW-WREN AND THE BEAR,us,2
THE WILLOW-WREN AND THE BEAR,very,1
THE WILLOW-WREN AND THE BEAR,wait,2
THE WILLOW-WREN AND THE BEAR,walking,1
THE WILLOW-WREN AND THE BEAR,war,3
THE WILLOW-WREN AND THE BEAR,was,10
THE WILLOW-WREN AND THE BEAR,we,11
THE WILLOW-WREN AND THE BEAR,well,2
THE WILLOW-WREN AND THE BEAR,went,2
THE WILLOW-WREN AND THE BEAR,were,5
THE WILLOW-WREN AND THE BEAR,what,2
THE WILLOW-WREN AND THE BEAR,when,9
THE WILLOW-WREN AND THE BEAR,where,3
THE WILLOW-WREN AND THE BEAR,whether,1
THE WILLOW-WREN AND THE BEAR,which,2
THE WILLOW-WREN AND THE BEAR,whirring,1
THE WILLOW-WREN AND THE BEAR,who,2
THE WILLOW-WREN AND THE BEAR,whom,1
THE WILLOW-WREN AND THE BEAR,why,1
THE WILLOW-WREN AND THE BEAR,will,5
THE WILLOW-WREN AND THE BEAR,willowwren,7
THE WILLOW-WREN AND THE BEAR,willowwrens,1
THE WILLOW-WREN AND THE BEAR,with,7
THE WILLOW-WREN AND THE BEAR,wolf,6
THE WILLOW-WREN AND THE BEAR,won,2
THE WILLOW-WREN AND THE BEAR,would,1
THE WILLOW-WREN AND THE BEAR,wrens,3
THE WILLOW-WREN AND THE BEAR,wretched,1
THE WILLOW-WREN AND THE BEAR,yet,1
THE WILLOW-WREN AND THE BEAR,you,15
THE WILLOW-WREN AND THE BEAR,young,6
THE WILLOW-WREN AND THE BEAR,your,2
THE WOLF AND THE SEVEN LITTLE KIDS,a,12
THE WOLF AND THE SEVEN LITTLE KIDS,about,2
THE WOLF AND THE SEVEN LITTLE KIDS,afraid,1
THE WOLF AND THE SEVEN LITTLE KIDS,after,3
THE WOLF AND THE SEVEN LITTLE KIDS,afterwards,1
THE WOLF AND THE SEVEN LITTLE KIDS,again,2
THE WOLF AND THE SEVEN LITTLE KIDS,against,4
THE WOLF AND THE SEVEN LITTLE KIDS,ah,2
THE WOLF AND THE SEVEN LITTLE KIDS,alive,2
THE WOLF AND THE SEVEN LITTLE KIDS,all,9
THE WOLF AND THE SEVEN LITTLE KIDS,aloud,1
THE WOLF AND THE SEVEN LITTLE KIDS,am,1
THE WOLF AND THE SEVEN LITTLE KIDS,an,2
THE WOLF AND THE SEVEN LITTLE KIDS,and,59
THE WOLF AND THE SEVEN LITTLE KIDS,another,2
THE WOLF AND THE SEVEN LITTLE KIDS,answered,1
THE WOLF AND THE SEVEN LITTLE KIDS,anxiety,1
THE WOLF AND THE SEVEN LITTLE KIDS,any,1
THE WOLF AND THE SEVEN LITTLE KIDS,anything,1
THE WOLF AND THE SEVEN LITTLE KIDS,appetite,1
THE WOLF AND THE SEVEN LITTLE KIDS,are,4
THE WOLF AND THE SEVEN LITTLE KIDS,as,3
THE WOLF AND THE SEVEN LITTLE KIDS,asleep,1
THE WOLF AND THE SEVEN LITTLE KIDS,at,9
THE WOLF AND THE SEVEN LITTLE KIDS,ate,1
THE WOLF AND THE SEVEN LITTLE KIDS,aware,1
THE WOLF AND THE SEVEN LITTLE KIDS,away,2
THE WOLF AND THE SEVEN LITTLE KIDS,back,4
THE WOLF AND THE SEVEN LITTLE KIDS,baker,2
THE WOLF AND THE SEVEN LITTLE KIDS,be,3
THE WOLF AND THE SEVEN LITTLE KIDS,beast,1
THE WOLF AND THE SEVEN LITTLE KIDS,bed,2
THE WOLF AND THE SEVEN LITTLE KIDS,before,1
THE WOLF AND THE SEVEN LITTLE KIDS,began,2
THE WOLF AND THE SEVEN LITTLE KIDS,believed,1
THE WOLF AND THE SEVEN LITTLE KIDS,belly,1
THE WOLF AND THE SEVEN LITTLE KIDS,benches,1
THE WOLF AND THE SEVEN LITTLE KIDS,big,2
THE WOLF AND THE SEVEN LITTLE KIDS,black,3
THE WOLF AND THE SEVEN LITTLE KIDS,bleated,1
THE WOLF AND THE SEVEN LITTLE KIDS,bones,1
THE WOLF AND THE SEVEN LITTLE KIDS,bought,1
THE WOLF AND THE SEVEN LITTLE KIDS,branches,1
THE WOLF AND THE SEVEN LITTLE KIDS,broken,1
THE WOLF AND THE SEVEN LITTLE KIDS,brought,3
THE WOLF AND THE SEVEN LITTLE KIDS,but,12
THE WOLF AND THE SEVEN LITTLE KIDS,by,4
THE WOLF AND THE SEVEN LITTLE KIDS,called,4
THE WOLF AND THE SEVEN LITTLE KIDS,came,5
THE WOLF AND THE SEVEN LITTLE KIDS,can,1
THE WOLF AND THE SEVEN LITTLE KIDS,care,1
THE WOLF AND THE SEVEN LITTLE KIDS,ceremony,1
THE WOLF AND THE SEVEN LITTLE KIDS,chairs,1
THE WOLF AND THE SEVEN LITTLE KIDS,chalk,1
THE WOLF AND THE SEVEN LITTLE KIDS,children,9
THE WOLF AND THE SEVEN LITTLE KIDS,clockcase,3
THE WOLF AND THE SEVEN LITTLE KIDS,come,3
THE WOLF AND THE SEVEN LITTLE KIDS,comes,1
THE WOLF AND THE SEVEN LITTLE KIDS,could,1
THE WOLF AND THE SEVEN LITTLE KIDS,cried,6
THE WOLF AND THE SEVEN LITTLE KIDS,cupboard,1
THE WOLF AND THE SEVEN LITTLE KIDS,cut,3
THE WOLF AND THE SEVEN LITTLE KIDS,danced,1
THE WOLF AND THE SEVEN LITTLE KIDS,day,1
THE WOLF AND THE SEVEN LITTLE KIDS,dead,2
THE WOLF AND THE SEVEN LITTLE KIDS,dear,8
THE WOLF AND THE SEVEN LITTLE KIDS,deceive,1
THE WOLF AND THE SEVEN LITTLE KIDS,devour,2
THE WOLF AND THE SEVEN LITTLE KIDS,did,1
THE WOLF AND THE SEVEN LITTLE KIDS,disguises,1
THE WOLF AND THE SEVEN LITTLE KIDS,do,1
THE WOLF AND THE SEVEN LITTLE KIDS,door,7
THE WOLF AND THE SEVEN LITTLE KIDS,dough,1
THE WOLF AND THE SEVEN LITTLE KIDS,down,5
THE WOLF AND THE SEVEN LITTLE KIDS,dragged,1
THE WOLF AND THE SEVEN LITTLE KIDS,drink,2
THE WOLF AND THE SEVEN LITTLE KIDS,drowned,1
THE WOLF AND THE SEVEN LITTLE KIDS,each,3
THE WOLF AND THE SEVEN LITTLE KIDS,easy,1
THE WOLF AND THE SEVEN LITTLE KIDS,eaten,1
THE WOLF AND THE SEVEN LITTLE KIDS,embraced,1
THE WOLF AND THE SEVEN LITTLE KIDS,every,2
THE WOLF AND THE SEVEN LITTLE KIDS,everything,1
THE WOLF AND THE SEVEN LITTLE KIDS,fall,1
THE WOLF AND THE SEVEN LITTLE KIDS,farther,1
THE WOLF AND THE SEVEN LITTLE KIDS,feels,1
THE WOLF AND THE SEVEN LITTLE KIDS,feet,5
THE WOLF AND THE SEVEN LITTLE KIDS,fetch,2
THE WOLF AND THE SEVEN LITTLE KIDS,fifth,1
THE WOLF AND THE SEVEN LITTLE KIDS,fill,2
THE WOLF AND THE SEVEN LITTLE KIDS,find,1
THE WOLF AND THE SEVEN LITTLE KIDS,first,1
THE WOLF AND THE SEVEN LITTLE KIDS,food,1
THE WOLF AND THE SEVEN LITTLE KIDS,for,12
THE WOLF AND THE SEVEN LITTLE KIDS,forest,4
THE WOLF AND THE SEVEN LITTLE KIDS,found,2
THE WOLF AND THE SEVEN LITTLE KIDS,fourth,1
THE WOLF AND THE SEVEN LITTLE KIDS,from,2
THE WOLF AND THE SEVEN LITTLE KIDS,get,1
THE WOLF AND THE SEVEN LITTLE KIDS,go,5
THE WOLF AND THE SEVEN LITTLE KIDS,goat,3
THE WOLF AND THE SEVEN LITTLE KIDS,good,1
THE WOLF AND THE SEVEN LITTLE KIDS,gorged,1
THE WOLF AND THE SEVEN LITTLE KIDS,got,2
THE WOLF AND THE SEVEN LITTLE KIDS,great,2
THE WOLF AND THE SEVEN LITTLE KIDS,greatest,1
THE WOLF AND THE SEVEN LITTLE KIDS,greediness,1
THE WOLF AND THE SEVEN LITTLE KIDS,green,1
THE WOLF AND THE SEVEN LITTLE KIDS,grief,1
THE WOLF AND THE SEVEN LITTLE KIDS,guard,1
THE WOLF AND THE SEVEN LITTLE KIDS,had,13
THE WOLF AND THE SEVEN LITTLE KIDS,hair,1
THE WOLF AND THE SEVEN LITTLE KIDS,hardly,1
THE WOLF AND THE SEVEN LITTLE KIDS,has,7
THE WOLF AND THE SEVEN LITTLE KIDS,haste,1
THE WOLF AND THE SEVEN LITTLE KIDS,have,2
THE WOLF AND THE SEVEN LITTLE KIDS,he,18
THE WOLF AND THE SEVEN LITTLE KIDS,head,1
THE WOLF AND THE SEVEN LITTLE KIDS,heavens,1
THE WOLF AND THE SEVEN LITTLE KIDS,heavy,1
THE WOLF AND THE SEVEN LITTLE KIDS,her,11
THE WOLF AND THE SEVEN LITTLE KIDS,here,2
THE WOLF AND THE SEVEN LITTLE KIDS,hide,1
THE WOLF AND THE SEVEN LITTLE KIDS,him,6
THE WOLF AND THE SEVEN LITTLE KIDS,himself,5
THE WOLF AND THE SEVEN LITTLE KIDS,his,17
THE WOLF AND THE SEVEN LITTLE KIDS,home,3
THE WOLF AND THE SEVEN LITTLE KIDS,house,1
THE WOLF AND THE SEVEN LITTLE KIDS,housedoor,3
THE WOLF AND THE SEVEN LITTLE KIDS,how,1
THE WOLF AND THE SEVEN LITTLE KIDS,however,1
THE WOLF AND THE SEVEN LITTLE KIDS,hurt,1
THE WOLF AND THE SEVEN LITTLE KIDS,i,5
THE WOLF AND THE SEVEN LITTLE KIDS,if,3
THE WOLF AND THE SEVEN LITTLE KIDS,imagine,1
THE WOLF AND THE SEVEN LITTLE KIDS,in,14
THE WOLF AND THE SEVEN LITTLE KIDS,injury,1
THE WOLF AND THE SEVEN LITTLE KIDS,into,8
THE WOLF AND THE SEVEN LITTLE KIDS,is,8
THE WOLF AND THE SEVEN LITTLE KIDS,it,8
THE WOLF AND THE SEVEN LITTLE KIDS,its,1
THE WOLF AND THE SEVEN LITTLE KIDS,joy,1
THE WOLF AND THE SEVEN LITTLE KIDS,jumped,1
THE WOLF AND THE SEVEN LITTLE KIDS,kid,4
THE WOLF AND THE SEVEN LITTLE KIDS,kids,8
THE WOLF AND THE SEVEN LITTLE KIDS,kitchen,1
THE WOLF AND THE SEVEN LITTLE KIDS,knew,1
THE WOLF AND THE SEVEN LITTLE KIDS,knocked,4
THE WOLF AND THE SEVEN LITTLE KIDS,know,2
THE WOLF AND THE SEVEN LITTLE KIDS,laid,2
THE WOLF AND THE SEVEN LITTLE KIDS,last,1
THE WOLF AND THE SEVEN LITTLE KIDS,lay,2
THE WOLF AND THE SEVEN LITTLE KIDS,legs,1
THE WOLF AND THE SEVEN LITTLE KIDS,length,2
THE WOLF AND THE SEVEN LITTLE KIDS,like,3
THE WOLF AND THE SEVEN LITTLE KIDS,little,6
THE WOLF AND THE SEVEN LITTLE KIDS,long,1
THE WOLF AND THE SEVEN LITTLE KIDS,look,1
THE WOLF AND THE SEVEN LITTLE KIDS,looked,1
THE WOLF AND THE SEVEN LITTLE KIDS,loud,1
THE WOLF AND THE SEVEN LITTLE KIDS,love,1
THE WOLF AND THE SEVEN LITTLE KIDS,loved,1
THE WOLF AND THE SEVEN LITTLE KIDS,lump,1
THE WOLF AND THE SEVEN LITTLE KIDS,made,5
THE WOLF AND THE SEVEN LITTLE KIDS,mankind,1
THE WOLF AND THE SEVEN LITTLE KIDS,many,1
THE WOLF AND THE SEVEN LITTLE KIDS,may,3
THE WOLF AND THE SEVEN LITTLE KIDS,me,3
THE WOLF AND THE SEVEN LITTLE KIDS,meadow,2
THE WOLF AND THE SEVEN LITTLE KIDS,meal,1
THE WOLF AND THE SEVEN LITTLE KIDS,miller,3
THE WOLF AND THE SEVEN LITTLE KIDS,mind,1
THE WOLF AND THE SEVEN LITTLE KIDS,miserably,1
THE WOLF AND THE SEVEN LITTLE KIDS,monster,2
THE WOLF AND THE SEVEN LITTLE KIDS,mother,13
THE WOLF AND THE SEVEN LITTLE KIDS,move,1
THE WOLF AND THE SEVEN LITTLE KIDS,moving,1
THE WOLF AND THE SEVEN LITTLE KIDS,my,4
THE WOLF AND THE SEVEN LITTLE KIDS,name,1
THE WOLF AND THE SEVEN LITTLE KIDS,needle,1
THE WOLF AND THE SEVEN LITTLE KIDS,never,1
THE WOLF AND THE SEVEN LITTLE KIDS,no,3
THE WOLF AND THE SEVEN LITTLE KIDS,not,8
THE WOLF AND THE SEVEN LITTLE KIDS,now,2
THE WOLF AND THE SEVEN LITTLE KIDS,nowhere,1
THE WOLF AND THE SEVEN LITTLE KIDS,of,11
THE WOLF AND THE SEVEN LITTLE KIDS,off,2
THE WOLF AND THE SEVEN LITTLE KIDS,often,1
THE WOLF AND THE SEVEN LITTLE KIDS,old,3
THE WOLF AND THE SEVEN LITTLE KIDS,on,4
THE WOLF AND THE SEVEN LITTLE KIDS,once,3
THE WOLF AND THE SEVEN LITTLE KIDS,one,11
THE WOLF AND THE SEVEN LITTLE KIDS,only,1
THE WOLF AND THE SEVEN LITTLE KIDS,open,7
THE WOLF AND THE SEVEN LITTLE KIDS,opened,1
THE WOLF AND THE SEVEN LITTLE KIDS,other,2
THE WOLF AND THE SEVEN LITTLE KIDS,others,1
THE WOLF AND THE SEVEN LITTLE KIDS,our,3
THE WOLF AND THE SEVEN LITTLE KIDS,ourselves,1
THE WOLF AND THE SEVEN LITTLE KIDS,out,4
THE WOLF AND THE SEVEN LITTLE KIDS,outside,1
THE WOLF AND THE SEVEN LITTLE KIDS,over,5
THE WOLF AND THE SEVEN LITTLE KIDS,paws,4
THE WOLF AND THE SEVEN LITTLE KIDS,pieces,1
THE WOLF AND THE SEVEN LITTLE KIDS,pillows,1
THE WOLF AND THE SEVEN LITTLE KIDS,pleasant,1
THE WOLF AND THE SEVEN LITTLE KIDS,poor,3
THE WOLF AND THE SEVEN LITTLE KIDS,possible,1
THE WOLF AND THE SEVEN LITTLE KIDS,pulled,1
THE WOLF AND THE SEVEN LITTLE KIDS,put,2
THE WOLF AND THE SEVEN LITTLE KIDS,quilts,1
THE WOLF AND THE SEVEN LITTLE KIDS,ran,3
THE WOLF AND THE SEVEN LITTLE KIDS,rattled,1
THE WOLF AND THE SEVEN LITTLE KIDS,refused,1
THE WOLF AND THE SEVEN LITTLE KIDS,rejoicing,1
THE WOLF AND THE SEVEN LITTLE KIDS,rough,3
THE WOLF AND THE SEVEN LITTLE KIDS,round,1
THE WOLF AND THE SEVEN LITTLE KIDS,rub,1
THE WOLF AND THE SEVEN LITTLE KIDS,rubbed,1
THE WOLF AND THE SEVEN LITTLE KIDS,rumbles,1
THE WOLF AND THE SEVEN LITTLE KIDS,run,1
THE WOLF AND THE SEVEN LITTLE KIDS,running,1
THE WOLF AND THE SEVEN LITTLE KIDS,s,2
THE WOLF AND THE SEVEN LITTLE KIDS,said,9
THE WOLF AND THE SEVEN LITTLE KIDS,satisfied,1
THE WOLF AND THE SEVEN LITTLE KIDS,saw,5
THE WOLF AND THE SEVEN LITTLE KIDS,scissors,1
THE WOLF AND THE SEVEN LITTLE KIDS,second,1
THE WOLF AND THE SEVEN LITTLE KIDS,seven,4
THE WOLF AND THE SEVEN LITTLE KIDS,seventh,1
THE WOLF AND THE SEVEN LITTLE KIDS,sewed,1
THE WOLF AND THE SEVEN LITTLE KIDS,she,14
THE WOLF AND THE SEVEN LITTLE KIDS,shook,1
THE WOLF AND THE SEVEN LITTLE KIDS,shopkeeper,1
THE WOLF AND THE SEVEN LITTLE KIDS,should,1
THE WOLF AND THE SEVEN LITTLE KIDS,show,1
THE WOLF AND THE SEVEN LITTLE KIDS,side,1
THE WOLF AND THE SEVEN LITTLE KIDS,sight,1
THE WOLF AND THE SEVEN LITTLE KIDS,six,2
THE WOLF AND THE SEVEN LITTLE KIDS,sixth,1
THE WOLF AND THE SEVEN LITTLE KIDS,skin,1
THE WOLF AND THE SEVEN LITTLE KIDS,sleep,2
THE WOLF AND THE SEVEN LITTLE KIDS,snored,1
THE WOLF AND THE SEVEN LITTLE KIDS,so,4
THE WOLF AND THE SEVEN LITTLE KIDS,soft,3
THE WOLF AND THE SEVEN LITTLE KIDS,some,4
THE WOLF AND THE SEVEN LITTLE KIDS,someone,2
THE WOLF AND THE SEVEN LITTLE KIDS,something,4
THE WOLF AND THE SEVEN LITTLE KIDS,soon,1
THE WOLF AND THE SEVEN LITTLE KIDS,sought,1
THE WOLF AND THE SEVEN LITTLE KIDS,speed,1
THE WOLF AND THE SEVEN LITTLE KIDS,spot,1
THE WOLF AND THE SEVEN LITTLE KIDS,sprang,2
THE WOLF AND THE SEVEN LITTLE KIDS,still,3
THE WOLF AND THE SEVEN LITTLE KIDS,stirred,1
THE WOLF AND THE SEVEN LITTLE KIDS,stomach,5
THE WOLF AND THE SEVEN LITTLE KIDS,stones,6
THE WOLF AND THE SEVEN LITTLE KIDS,stood,1
THE WOLF AND THE SEVEN LITTLE KIDS,stooped,1
THE WOLF AND THE SEVEN LITTLE KIDS,stove,1
THE WOLF AND THE SEVEN LITTLE KIDS,strew,1
THE WOLF AND THE SEVEN LITTLE KIDS,struggling,1
THE WOLF AND THE SEVEN LITTLE KIDS,suffered,1
THE WOLF AND THE SEVEN LITTLE KIDS,supper,1
THE WOLF AND THE SEVEN LITTLE KIDS,swallowed,3
THE WOLF AND THE SEVEN LITTLE KIDS,table,2
THE WOLF AND THE SEVEN LITTLE KIDS,tailor,1
THE WOLF AND THE SEVEN LITTLE KIDS,take,1
THE WOLF AND THE SEVEN LITTLE KIDS,terrified,1
THE WOLF AND THE SEVEN LITTLE KIDS,than,1
THE WOLF AND THE SEVEN LITTLE KIDS,that,10
THE WOLF AND THE SEVEN LITTLE KIDS,the,99
THE WOLF AND THE SEVEN LITTLE KIDS,their,2
THE WOLF AND THE SEVEN LITTLE KIDS,them,9
THE WOLF AND THE SEVEN LITTLE KIDS,themselves,1
THE WOLF AND THE SEVEN LITTLE KIDS,then,10
THE WOLF AND THE SEVEN LITTLE KIDS,there,4
THE WOLF AND THE SEVEN LITTLE KIDS,they,9
THE WOLF AND THE SEVEN LITTLE KIDS,third,2
THE WOLF AND THE SEVEN LITTLE KIDS,thirsty,1
THE WOLF AND THE SEVEN LITTLE KIDS,this,3
THE WOLF AND THE SEVEN LITTLE KIDS,thither,1
THE WOLF AND THE SEVEN LITTLE KIDS,thought,2
THE WOLF AND THE SEVEN LITTLE KIDS,thread,1
THE WOLF AND THE SEVEN LITTLE KIDS,throat,1
THE WOLF AND THE SEVEN LITTLE KIDS,through,1
THE WOLF AND THE SEVEN LITTLE KIDS,thrown,1
THE WOLF AND THE SEVEN LITTLE KIDS,thrust,1
THE WOLF AND THE SEVEN LITTLE KIDS,time,2
THE WOLF AND THE SEVEN LITTLE KIDS,to,24
THE WOLF AND THE SEVEN LITTLE KIDS,told,1
THE WOLF AND THE SEVEN LITTLE KIDS,took,2
THE WOLF AND THE SEVEN LITTLE KIDS,tree,2
THE WOLF AND THE SEVEN LITTLE KIDS,true,1
THE WOLF AND THE SEVEN LITTLE KIDS,truly,1
THE WOLF AND THE SEVEN LITTLE KIDS,tumbles,1
THE WOLF AND THE SEVEN LITTLE KIDS,twas,1
THE WOLF AND THE SEVEN LITTLE KIDS,under,3
THE WOLF AND THE SEVEN LITTLE KIDS,up,1
THE WOLF AND THE SEVEN LITTLE KIDS,upon,1
THE WOLF AND THE SEVEN LITTLE KIDS,us,1
THE WOLF AND THE SEVEN LITTLE KIDS,used,1
THE WOLF AND THE SEVEN LITTLE KIDS,very,1
THE WOLF AND THE SEVEN LITTLE KIDS,voice,6
THE WOLF AND THE SEVEN LITTLE KIDS,walk,1
THE WOLF AND THE SEVEN LITTLE KIDS,wanted,3
THE WOLF AND THE SEVEN LITTLE KIDS,wants,1
THE WOLF AND THE SEVEN LITTLE KIDS,was,10
THE WOLF AND THE SEVEN LITTLE KIDS,washingbowl,2
THE WOLF AND THE SEVEN LITTLE KIDS,water,1
THE WOLF AND THE SEVEN LITTLE KIDS,way,2
THE WOLF AND THE SEVEN LITTLE KIDS,we,5
THE WOLF AND THE SEVEN LITTLE KIDS,wedding,1
THE WOLF AND THE SEVEN LITTLE KIDS,well,3
THE WOLF AND THE SEVEN LITTLE KIDS,went,4
THE WOLF AND THE SEVEN LITTLE KIDS,wept,1
THE WOLF AND THE SEVEN LITTLE KIDS,were,6
THE WOLF AND THE SEVEN LITTLE KIDS,what,3
THE WOLF AND THE SEVEN LITTLE KIDS,whatever,1
THE WOLF AND THE SEVEN LITTLE KIDS,when,10
THE WOLF AND THE SEVEN LITTLE KIDS,while,1
THE WOLF AND THE SEVEN LITTLE KIDS,white,3
THE WOLF AND THE SEVEN LITTLE KIDS,who,3
THE WOLF AND THE SEVEN LITTLE KIDS,whole,1
THE WOLF AND THE SEVEN LITTLE KIDS,whom,1
THE WOLF AND THE SEVEN LITTLE KIDS,wicked,1
THE WOLF AND THE SEVEN LITTLE KIDS,wide,1
THE WOLF AND THE SEVEN LITTLE KIDS,will,8
THE WOLF AND THE SEVEN LITTLE KIDS,window,2
THE WOLF AND THE SEVEN LITTLE KIDS,with,10
THE WOLF AND THE SEVEN LITTLE KIDS,without,1
THE WOLF AND THE SEVEN LITTLE KIDS,wolf,17
THE WOLF AND THE SEVEN LITTLE KIDS,wretch,2
THE WOLF AND THE SEVEN LITTLE KIDS,you,14
THE WOLF AND THE SEVEN LITTLE KIDS,youngest,3
THE WOLF AND THE SEVEN LITTLE KIDS,your,6
TOM THUMB,a,39
TOM THUMB,about,10
TOM THUMB,after,3
TOM THUMB,afterwards,1
TOM THUMB,again,5
TOM THUMB,agreed,1
TOM THUMB,ah,1
TOM THUMB,aimed,1
TOM THUMB,air,1
TOM THUMB,alas,1
TOM THUMB,all,16
TOM THUMB,along,4
TOM THUMB,always,3
TOM THUMB,am,4
TOM THUMB,amongst,1
TOM THUMB,amuse,1
TOM THUMB,an,2
TOM THUMB,and,125
TOM THUMB,answered,2
TOM THUMB,any,4
TOM THUMB,anybody,1
TOM THUMB,appledumplings,1
TOM THUMB,are,2
TOM THUMB,art,1
TOM THUMB,as,36
TOM THUMB,aside,1
TOM THUMB,asked,2
TOM THUMB,asleep,2
TOM THUMB,at,19
TOM THUMB,ate,1
TOM THUMB,awake,1
TOM THUMB,awaken,2
TOM THUMB,awakened,1
TOM THUMB,away,5
TOM THUMB,axe,1
TOM THUMB,back,4
TOM THUMB,bad,2
TOM THUMB,bargain,1
TOM THUMB,barn,1
TOM THUMB,bawl,1
TOM THUMB,bawled,1
TOM THUMB,be,16
TOM THUMB,beast,1
TOM THUMB,became,2
TOM THUMB,bed,3
TOM THUMB,beef,1
TOM THUMB,been,6
TOM THUMB,befell,1
TOM THUMB,before,1
TOM THUMB,began,3
TOM THUMB,behind,1
TOM THUMB,being,2
TOM THUMB,belly,1
TOM THUMB,best,1
TOM THUMB,better,1
TOM THUMB,between,2
TOM THUMB,bewitched,1
TOM THUMB,bigger,3
TOM THUMB,blood,1
TOM THUMB,blow,1
TOM THUMB,body,1
TOM THUMB,born,1
TOM THUMB,boy,1
TOM THUMB,break,1
TOM THUMB,bridle,1
TOM THUMB,bring,4
TOM THUMB,build,1
TOM THUMB,bundle,1
TOM THUMB,but,18
TOM THUMB,buy,1
TOM THUMB,by,10
TOM THUMB,cakes,1
TOM THUMB,called,5
TOM THUMB,calling,1
TOM THUMB,came,10
TOM THUMB,can,14
TOM THUMB,candle,1
TOM THUMB,care,1
TOM THUMB,carried,1
TOM THUMB,carry,1
TOM THUMB,cart,6
TOM THUMB,carter,1
TOM THUMB,chat,1
TOM THUMB,chatting,1
TOM THUMB,chicken,1
TOM THUMB,child,2
TOM THUMB,children,2
TOM THUMB,clatter,1
TOM THUMB,clever,1
TOM THUMB,clod,1
TOM THUMB,clods,1
TOM THUMB,clothes,1
TOM THUMB,coat,1
TOM THUMB,cold,1
TOM THUMB,come,4
TOM THUMB,comes,2
TOM THUMB,coming,1
TOM THUMB,content,1
TOM THUMB,cook,4
TOM THUMB,corner,1
TOM THUMB,cottage,1
TOM THUMB,could,10
TOM THUMB,country,1
TOM THUMB,cow,9
TOM THUMB,cowhouse,1
TOM THUMB,cows,1
TOM THUMB,crack,1
TOM THUMB,crawl,1
TOM THUMB,crawled,3
TOM THUMB,crept,2
TOM THUMB,cried,5
TOM THUMB,crosses,1
TOM THUMB,crushed,1
TOM THUMB,crying,1
TOM THUMB,curl,1
TOM THUMB,cut,3
TOM THUMB,dangerous,1
TOM THUMB,dark,2
TOM THUMB,day,1
TOM THUMB,daybreak,1
TOM THUMB,daylight,1
TOM THUMB,dead,1
TOM THUMB,dear,2
TOM THUMB,dearer,1
TOM THUMB,dearly,2
TOM THUMB,death,1
TOM THUMB,describing,1
TOM THUMB,did,6
TOM THUMB,dirt,1
TOM THUMB,disheartened,1
TOM THUMB,dislike,1
TOM THUMB,do,4
TOM THUMB,don,3
TOM THUMB,done,1
TOM THUMB,door,2
TOM THUMB,down,8
TOM THUMB,drain,2
TOM THUMB,drank,1
TOM THUMB,dreaming,1
TOM THUMB,drink,1
TOM THUMB,driven,1
TOM THUMB,dunghill,1
TOM THUMB,dusky,1
TOM THUMB,ear,4
TOM THUMB,early,1
TOM THUMB,earth,1
TOM THUMB,easy,2
TOM THUMB,eat,1
TOM THUMB,eaten,1
TOM THUMB,empty,1
TOM THUMB,ends,1
TOM THUMB,enough,2
TOM THUMB,ever,1
TOM THUMB,every,1
TOM THUMB,everybody,1
TOM THUMB,everything,1
TOM THUMB,eyes,2
TOM THUMB,fall,1
TOM THUMB,falling,1
TOM THUMB,famous,1
TOM THUMB,farther,2
TOM THUMB,fast,3
TOM THUMB,father,19
TOM THUMB,fear,1
TOM THUMB,fears,1
TOM THUMB,feed,1
TOM THUMB,fell,1
TOM THUMB,fellow,1
TOM THUMB,fetched,1
TOM THUMB,field,2
TOM THUMB,find,2
TOM THUMB,fine,1
TOM THUMB,finish,1
TOM THUMB,fireside,1
TOM THUMB,flesh,1
TOM THUMB,follow,1
TOM THUMB,fond,1
TOM THUMB,food,1
TOM THUMB,fools,1
TOM THUMB,foot,1
TOM THUMB,for,22
TOM THUMB,forced,2
TOM THUMB,forgot,1
TOM THUMB,fortune,1
TOM THUMB,found,9
TOM THUMB,free,1
TOM THUMB,fresh,2
TOM THUMB,friend,1
TOM THUMB,frightened,6
TOM THUMB,frolic,1
TOM THUMB,from,3
TOM THUMB,fuel,1
TOM THUMB,fulfilled,1
TOM THUMB,furrows,1
TOM THUMB,gallery,1
TOM THUMB,gave,3
TOM THUMB,gently,2
TOM THUMB,get,10
TOM THUMB,getting,1
TOM THUMB,glad,1
TOM THUMB,go,7
TOM THUMB,goes,1
TOM THUMB,going,4
TOM THUMB,gold,3
TOM THUMB,gone,1
TOM THUMB,good,6
TOM THUMB,got,2
TOM THUMB,great,4
TOM THUMB,grew,1
TOM THUMB,groped,1
TOM THUMB,ground,1
TOM THUMB,gulp,1
TOM THUMB,had,23
TOM THUMB,ham,1
TOM THUMB,hand,1
TOM THUMB,hands,2
TOM THUMB,happen,1
TOM THUMB,happened,2
TOM THUMB,happy,3
TOM THUMB,harness,1
TOM THUMB,harnessed,1
TOM THUMB,has,1
TOM THUMB,haste,1
TOM THUMB,hat,2
TOM THUMB,have,14
TOM THUMB,having,2
TOM THUMB,hay,6
TOM THUMB,hayloft,2
TOM THUMB,he,63
TOM THUMB,head,3
TOM THUMB,healthy,1
TOM THUMB,hear,1
TOM THUMB,heard,5
TOM THUMB,hearing,3
TOM THUMB,heart,2
TOM THUMB,hearts,1
TOM THUMB,heaven,1
TOM THUMB,her,8
TOM THUMB,here,7
TOM THUMB,herself,2
TOM THUMB,hidingplace,1
TOM THUMB,him,25
TOM THUMB,himself,6
TOM THUMB,his,37
TOM THUMB,hold,2
TOM THUMB,hole,1
TOM THUMB,home,4
TOM THUMB,horse,8
TOM THUMB,house,7
TOM THUMB,how,9
TOM THUMB,however,3
TOM THUMB,hugged,1
TOM THUMB,hungry,2
TOM THUMB,hurt,1
TOM THUMB,i,35
TOM THUMB,if,10
TOM THUMB,illluck,1
TOM THUMB,in,34
TOM THUMB,indeed,1
TOM THUMB,into,17
TOM THUMB,iron,1
TOM THUMB,is,13
TOM THUMB,it,22
TOM THUMB,jokes,1
TOM THUMB,journey,1
TOM THUMB,journeyed,1
TOM THUMB,just,7
TOM THUMB,kept,1
TOM THUMB,kill,1
TOM THUMB,killed,2
TOM THUMB,kissed,1
TOM THUMB,kitchen,2
TOM THUMB,knew,1
TOM THUMB,knocked,1
TOM THUMB,know,1
TOM THUMB,lackaday,1
TOM THUMB,laid,1
TOM THUMB,large,3
TOM THUMB,last,12
TOM THUMB,laughed,1
TOM THUMB,lay,2
TOM THUMB,leave,1
TOM THUMB,left,1
TOM THUMB,let,5
TOM THUMB,lifted,1
TOM THUMB,light,1
TOM THUMB,like,3
TOM THUMB,listen,1
TOM THUMB,listened,1
TOM THUMB,listening,1
TOM THUMB,little,15
TOM THUMB,ll,4
TOM THUMB,lonely,1
TOM THUMB,long,2
TOM THUMB,look,2
TOM THUMB,looked,1
TOM THUMB,looking,1
TOM THUMB,loud,4
TOM THUMB,love,2
TOM THUMB,low,1
TOM THUMB,luck,2
TOM THUMB,lucky,1
TOM THUMB,m,3
TOM THUMB,mad,1
TOM THUMB,made,2
TOM THUMB,maid,2
TOM THUMB,make,5
TOM THUMB,making,1
TOM THUMB,man,8
TOM THUMB,many,1
TOM THUMB,master,2
TOM THUMB,masters,1
TOM THUMB,matter,1
TOM THUMB,may,3
TOM THUMB,me,15
TOM THUMB,meaning,1
TOM THUMB,meantime,1
TOM THUMB,men,1
TOM THUMB,merry,3
TOM THUMB,middle,1
TOM THUMB,might,1
TOM THUMB,milking,1
TOM THUMB,milkpail,1
TOM THUMB,mill,1
TOM THUMB,mind,3
TOM THUMB,money,3
TOM THUMB,more,6
TOM THUMB,mother,4
TOM THUMB,mousehole,3
TOM THUMB,mouth,1
TOM THUMB,mouthful,1
TOM THUMB,much,3
TOM THUMB,must,3
TOM THUMB,my,7
TOM THUMB,myself,1
TOM THUMB,nay,1
TOM THUMB,neck,1
TOM THUMB,never,2
TOM THUMB,new,1
TOM THUMB,next,2
TOM THUMB,nice,1
TOM THUMB,night,5
TOM THUMB,no,5
TOM THUMB,nobody,2
TOM THUMB,noise,4
TOM THUMB,not,18
TOM THUMB,nothing,1
TOM THUMB,now,7
TOM THUMB,odd,2
TOM THUMB,of,29
TOM THUMB,off,8
TOM THUMB,oh,2
TOM THUMB,old,2
TOM THUMB,on,15
TOM THUMB,once,2
TOM THUMB,one,12
TOM THUMB,ones,1
TOM THUMB,only,3
TOM THUMB,open,3
TOM THUMB,or,1
TOM THUMB,other,6
TOM THUMB,our,2
TOM THUMB,ourselves,1
TOM THUMB,out,25
TOM THUMB,over,1
TOM THUMB,overset,1
TOM THUMB,own,2
TOM THUMB,paid,1
TOM THUMB,pantry,2
TOM THUMB,parson,7
TOM THUMB,parted,1
TOM THUMB,pass,1
TOM THUMB,passing,1
TOM THUMB,peace,1
TOM THUMB,peeped,1
TOM THUMB,people,1
TOM THUMB,pick,1
TOM THUMB,piece,1
TOM THUMB,pig,1
TOM THUMB,pipe,1
TOM THUMB,place,4
TOM THUMB,plain,1
TOM THUMB,play,1
TOM THUMB,please,1
TOM THUMB,plenty,2
TOM THUMB,ploughed,2
TOM THUMB,plucked,1
TOM THUMB,poked,1
TOM THUMB,poor,1
TOM THUMB,praised,1
TOM THUMB,price,1
TOM THUMB,prize,1
TOM THUMB,puffed,1
TOM THUMB,put,5
TOM THUMB,quarters,1
TOM THUMB,queer,1
TOM THUMB,quite,5
TOM THUMB,raised,1
TOM THUMB,ran,8
TOM THUMB,rather,1
TOM THUMB,reach,1
TOM THUMB,ready,1
TOM THUMB,really,1
TOM THUMB,reckoned,1
TOM THUMB,rest,1
TOM THUMB,rich,1
TOM THUMB,riches,1
TOM THUMB,rick,1
TOM THUMB,right,1
TOM THUMB,rim,1
TOM THUMB,rip,1
TOM THUMB,road,1
TOM THUMB,roast,1
TOM THUMB,rob,1
TOM THUMB,roguish,1
TOM THUMB,room,4
TOM THUMB,round,1
TOM THUMB,s,19
TOM THUMB,sadly,1
TOM THUMB,safe,2
TOM THUMB,said,39
TOM THUMB,same,3
TOM THUMB,sat,4
TOM THUMB,saw,1
TOM THUMB,say,3
TOM THUMB,saying,1
TOM THUMB,scarcely,1
TOM THUMB,scythe,3
TOM THUMB,searched,1
TOM THUMB,see,6
TOM THUMB,seeing,2
TOM THUMB,seem,1
TOM THUMB,seemed,1
TOM THUMB,seen,1
TOM THUMB,sell,3
TOM THUMB,set,4
TOM THUMB,shall,3
TOM THUMB,sharp,2
TOM THUMB,she,15
TOM THUMB,should,4
TOM THUMB,shoulder,1
TOM THUMB,shout,1
TOM THUMB,shouting,1
TOM THUMB,show,3
TOM THUMB,showed,1
TOM THUMB,side,2
TOM THUMB,sighing,1
TOM THUMB,silver,2
TOM THUMB,since,1
TOM THUMB,singing,1
TOM THUMB,sir,2
TOM THUMB,sit,2
TOM THUMB,size,1
TOM THUMB,sleep,2
TOM THUMB,slept,1
TOM THUMB,slipped,3
TOM THUMB,small,1
TOM THUMB,smaller,2
TOM THUMB,smoke,1
TOM THUMB,smoking,1
TOM THUMB,snailshell,2
TOM THUMB,snug,1
TOM THUMB,so,21
TOM THUMB,softly,3
TOM THUMB,some,2
TOM THUMB,someone,3
TOM THUMB,son,2
TOM THUMB,soon,7
TOM THUMB,sorrows,1
TOM THUMB,sound,2
TOM THUMB,space,1
TOM THUMB,sparkling,1
TOM THUMB,speak,3
TOM THUMB,spinning,1
TOM THUMB,spoiled,1
TOM THUMB,spot,2
TOM THUMB,sprang,2
TOM THUMB,stay,1
TOM THUMB,stayed,1
TOM THUMB,sticks,1
TOM THUMB,still,4
TOM THUMB,stomach,3
TOM THUMB,stood,1
TOM THUMB,stool,1
TOM THUMB,stop,1
TOM THUMB,story,1
TOM THUMB,straight,1
TOM THUMB,strangers,3
TOM THUMB,straw,1
TOM THUMB,strong,1
TOM THUMB,struck,1
TOM THUMB,such,3
TOM THUMB,sulky,1
TOM THUMB,sun,1
TOM THUMB,suppose,1
TOM THUMB,sure,2
TOM THUMB,surely,2
TOM THUMB,swallowed,2
TOM THUMB,t,4
TOM THUMB,tails,1
TOM THUMB,take,5
TOM THUMB,taken,2
TOM THUMB,talking,2
TOM THUMB,task,1
TOM THUMB,teeth,1
TOM THUMB,tell,2
TOM THUMB,telling,1
TOM THUMB,than,4
TOM THUMB,that,26
TOM THUMB,the,151
TOM THUMB,their,8
TOM THUMB,them,4
TOM THUMB,then,14
TOM THUMB,there,7
TOM THUMB,these,1
TOM THUMB,they,30
TOM THUMB,thief,1
TOM THUMB,thieves,5
TOM THUMB,thing,2
TOM THUMB,things,1
TOM THUMB,think,2
TOM THUMB,thinking,3
TOM THUMB,this,10
TOM THUMB,thomas,1
TOM THUMB,thou,1
TOM THUMB,though,2
TOM THUMB,thought,1
TOM THUMB,threshold,1
TOM THUMB,throat,1
TOM THUMB,through,4
TOM THUMB,throw,3
TOM THUMB,thrown,1
TOM THUMB,thumb,5
TOM THUMB,thus,1
TOM THUMB,till,4
TOM THUMB,time,5
TOM THUMB,tired,1
TOM THUMB,to,62
TOM THUMB,together,1
TOM THUMB,told,3
TOM THUMB,tom,26
TOM THUMB,tommy,1
TOM THUMB,too,1
TOM THUMB,took,5
TOM THUMB,town,2
TOM THUMB,travelled,1
TOM THUMB,traveller,1
TOM THUMB,treat,1
TOM THUMB,true,1
TOM THUMB,try,2
TOM THUMB,trying,1
TOM THUMB,tumble,1
TOM THUMB,turning,1
TOM THUMB,twice,1
TOM THUMB,two,3
TOM THUMB,understand,1
TOM THUMB,undone,1
TOM THUMB,undoubtedly,1
TOM THUMB,up,14
TOM THUMB,upon,3
TOM THUMB,urchin,3
TOM THUMB,us,8
TOM THUMB,use,1
TOM THUMB,vain,1
TOM THUMB,ve,1
TOM THUMB,very,9
TOM THUMB,voice,1
TOM THUMB,walk,1
TOM THUMB,walking,1
TOM THUMB,want,4
TOM THUMB,wanted,3
TOM THUMB,was,32
TOM THUMB,way,7
TOM THUMB,we,14
TOM THUMB,well,8
TOM THUMB,went,8
TOM THUMB,were,10
TOM THUMB,what,15
TOM THUMB,whatever,1
TOM THUMB,wheel,1
TOM THUMB,when,10
TOM THUMB,where,9
TOM THUMB,which,3
TOM THUMB,while,2
TOM THUMB,whispered,2
TOM THUMB,who,2
TOM THUMB,whole,2
TOM THUMB,why,2
TOM THUMB,wife,6
TOM THUMB,will,13
TOM THUMB,windowbars,2
TOM THUMB,windows,1
TOM THUMB,wish,3
TOM THUMB,wished,3
TOM THUMB,with,15
TOM THUMB,without,2
TOM THUMB,wits,1
TOM THUMB,woefully,1
TOM THUMB,wolf,10
TOM THUMB,woman,2
TOM THUMB,won,1
TOM THUMB,wonder,1
TOM THUMB,wood,4
TOM THUMB,woodman,10
TOM THUMB,work,1
TOM THUMB,world,4
TOM THUMB,worst,1
TOM THUMB,would,5
TOM THUMB,yes,1
TOM THUMB,yet,4
TOM THUMB,you,35
TOM THUMB,your,5
